shop_date,offer_id,dev_name,regular_price,final_price,discount_vbucks,discount_pct,is_discounted,in_date,out_date,giftable,refundable,sort_priority,layout_id,layout_name,layout_rank,layout_display_type,tile_size,offer_tag,is_bundle,bundle_name,items_in_offer,item_kind,item_id,item_name,item_type,item_rarity,item_series,item_set,item_intro_chapter,item_intro_season,item_added
2026-09-23,v2:/a55c608f836f621eb6f0227f79b927ad489814aceda6cededcd5115033042b67,[VIRTUAL]1 x Competitive Slicer for 800 MtxCurrency,800,800,0,0.0,0,2026-09-21T00:00:00Z,2026-09-25T23:59:59.999Z,1,0,-4,CyberFNCS1,FNCS,197,tileGrid,Size_1_x_1,,0,,1,br,Pickaxe_SkeletonHunterFNCS,Competitive Slicer,pickaxe,rare,,FNCS,4,4,2023-10-04T14:40:29Z
2026-09-23,v2:/c85a38ebd00e69613a4ac37460cd58616d939fcb5dbeef04189f0f641095e6a4,[VIRTUAL]1 x Barrier Breaker for 500 MtxCurrency,500,500,0,0.0,0,2026-09-20T00:00:00Z,2026-09-23T23:59:59.999Z,1,0,-3,ishowspeed3,iShowSpeed,177,tileGrid,Size_1_x_1,,0,,1,br,EID_HonorBraceLeap,Barrier Breaker,emote,icon,Icon Series,IShowSpeed,7,1,2025-12-25T00:00:00Z
2026-09-23,v2:/0825ee2d879ee64ce2a7e363b8b87204b69601912173517a957cc36b3e8fa6a6,[VIRTUAL]1 x Poker Face for 500 MtxCurrency,500,500,0,0.0,0,2026-09-01T00:00:00Z,2026-09-30T23:59:59.999Z,1,0,-40,JT091826,Jam Tracks,180,expandableList,Size_1_x_1,,0,,1,track,sid_placeholder_78,Poker Face,,,,,,,2024-02-22T10:58:10Z
2026-09-23,v2:/24e962dcff338bed081471634af956852b03a126306a88e2b57130c04831c006,"[VIRTUAL]1 x Chigusa, 1 x Megumi, 1 x Yuki, 1 x Guard Pup, 1 x H4ck // P4ck, 1 x Watchful Wabbit for -1 MtxCurrency",3600,2200,1400,0.3889,1,2026-09-22T00:00:00Z,2026-09-24T23:59:59.999Z,1,0,-1,BR092326,Fit Check,185,tileGrid,Size_2_x_1,,1,Cyber Infiltration Pack,6,br,CID_A_048_Athena_Commando_F_SailorSquadLeader,Chigusa,outfit,rare,,//R.E.M.Wakers//,2,6,2021-03-30T09:14:15Z
2026-09-23,v2:/24e962dcff338bed081471634af956852b03a126306a88e2b57130c04831c006,"[VIRTUAL]1 x Chigusa, 1 x Megumi, 1 x Yuki, 1 x Guard Pup, 1 x H4ck // P4ck, 1 x Watchful Wabbit for -1 MtxCurrency",3600,2200,1400,0.3889,1,2026-09-22T00:00:00Z,2026-09-24T23:59:59.999Z,1,0,-1,BR092326,Fit Check,185,tileGrid,Size_2_x_1,,1,Cyber Infiltration Pack,6,br,CID_A_049_Athena_Commando_F_SailorSquadRebel,Megumi,outfit,rare,,//R.E.M.Wakers//,2,6,2021-03-30T09:14:15Z
2026-09-23,v2:/24e962dcff338bed081471634af956852b03a126306a88e2b57130c04831c006,"[VIRTUAL]1 x Chigusa, 1 x Megumi, 1 x Yuki, 1 x Guard Pup, 1 x H4ck // P4ck, 1 x Watchful Wabbit for -1 MtxCurrency",3600,2200,1400,0.3889,1,2026-09-22T00:00:00Z,2026-09-24T23:59:59.999Z,1,0,-1,BR092326,Fit Check,185,tileGrid,Size_2_x_1,,1,Cyber Infiltration Pack,6,br,CID_A_050_Athena_Commando_F_SailorSquadRose,Yuki,outfit,rare,,//R.E.M.Wakers//,2,6,2021-03-30T09:14:15Z
2026-09-23,v2:/24e962dcff338bed081471634af956852b03a126306a88e2b57130c04831c006,"[VIRTUAL]1 x Chigusa, 1 x Megumi, 1 x Yuki, 1 x Guard Pup, 1 x H4ck // P4ck, 1 x Watchful Wabbit for -1 MtxCurrency",3600,2200,1400,0.3889,1,2026-09-22T00:00:00Z,2026-09-24T23:59:59.999Z,1,0,-1,BR092326,Fit Check,185,tileGrid,Size_2_x_1,,1,Cyber Infiltration Pack,6,br,BID_729_SailorSquadRebel,Guard Pup,backpack,rare,,//R.E.M.Wakers//,2,6,2021-03-30T09:14:15Z
2026-09-23,v2:/24e962dcff338bed081471634af956852b03a126306a88e2b57130c04831c006,"[VIRTUAL]1 x Chigusa, 1 x Megumi, 1 x Yuki, 1 x Guard Pup, 1 x H4ck // P4ck, 1 x Watchful Wabbit for -1 MtxCurrency",3600,2200,1400,0.3889,1,2026-09-22T00:00:00Z,2026-09-24T23:59:59.999Z,1,0,-1,BR092326,Fit Check,185,tileGrid,Size_2_x_1,,1,Cyber Infiltration Pack,6,br,BID_730_SailorSquadRose,H4ck // P4ck,backpack,rare,,//R.E.M.Wakers//,2,6,2021-03-30T09:14:15Z
2026-09-23,v2:/24e962dcff338bed081471634af956852b03a126306a88e2b57130c04831c006,"[VIRTUAL]1 x Chigusa, 1 x Megumi, 1 x Yuki, 1 x Guard Pup, 1 x H4ck // P4ck, 1 x Watchful Wabbit for -1 MtxCurrency",3600,2200,1400,0.3889,1,2026-09-22T00:00:00Z,2026-09-24T23:59:59.999Z,1,0,-1,BR092326,Fit Check,185,tileGrid,Size_2_x_1,,1,Cyber Infiltration Pack,6,br,BID_728_SailorSquadLeader,Watchful Wabbit,backpack,rare,,//R.E.M.Wakers//,2,6,2021-03-30T09:14:15Z
2026-09-23,v2:/b98b4e4ee70368c3844c1089deb6016274ff32f3abf7b84e744059d16b164359,[VIRTUAL]1 x TBD (SID_Placeholder_712) for 500 MtxCurrency,500,500,0,0.0,0,2026-09-18T00:00:00Z,2026-09-24T23:59:59.999Z,1,0,-4,JT091826,Jam Tracks,180,tileGrid,Size_1_x_1,,0,,1,track,sid_placeholder_712,The Power Of Love,,,,,,,2025-12-24T00:00:00Z
2026-09-23,v2:/7299fe0723b6f116336b791901b5bce94ced91badcfed2c99d5c86a7b9013398,[VIRTUAL]1 x Starstruck Axe for 800 MtxCurrency,800,800,0,0.0,0,2026-09-20T00:00:00Z,2026-09-23T23:59:59.999Z,1,0,-1,PablloVittar,Pabllo Vittar's Locker ,178,tileGrid,Size_1_x_1,<highlight_strong>Reactive Pickaxe:</> Animates with eliminations!,0,,1,br,Pickaxe_ID_426_PunkDevilSummerFemale,Starstruck Axe,pickaxe,rare,,Demon Beach,2,3,2020-06-30T06:09:08Z
2026-09-23,v2:/58426149c4844ab9b05a0c902928939fb11e78e8b822c0424571073ce9a19c85,[VIRTUAL]1 x Champion Focus for 1000 MtxCurrency,1000,1000,0,0.0,0,2026-09-23T00:00:00Z,2026-09-30T23:59:59.999Z,1,0,-3,CyberFNCS1,FNCS,197,tileGrid,Size_1_x_1,,0,,1,br,Character_CyberFNCS,Champion Focus,outfit,epic,,FNCS,7,4,2026-09-17T16:17:14Z
2026-09-23,v2:/10173d9f4667bea37ba53a91ac615cffdea1440a96f406fa38e2bf7dc5f324b6,[VIRTUAL]1 x Industry Baby for 500 MtxCurrency,500,500,0,0.0,0,2026-09-01T00:00:00Z,2026-09-30T23:59:59.999Z,1,0,-24,JT091826,Jam Tracks,180,expandableList,Size_1_x_1,,0,,1,track,sid_placeholder_09,Industry Baby,,,,,,,2024-11-07T17:50:41Z
2026-09-23,v2:/c5f15bf11f2fd6f2f1083deadbe11199cbd08ed619a4f281b542bba1fd28b3c2,[VIRTUAL]1 x Seven Nation Army for 500 MtxCurrency,500,500,0,0.0,0,2026-09-01T00:00:00Z,2026-09-30T23:59:59.999Z,1,0,-2,JT091826,Jam Tracks,180,expandableList,Size_1_x_1,,0,,1,track,sid_placeholder_36,Seven Nation Army,,,,,,,2023-12-09T15:00:00Z
2026-09-23,v2:/bf9adaa9805f5c100ef9cca564983e018949c7f6708e81a23b87a3c2f54bbc12,[VIRTUAL]1 x Buddy Holly for 500 MtxCurrency,500,500,0,0.0,0,2026-09-01T00:00:00Z,2026-09-30T23:59:59.999Z,1,0,-16,JT091826,Jam Tracks,180,expandableList,Size_1_x_1,,0,,1,track,sid_placeholder_25,Buddy Holly,,,,,,,2023-12-14T00:00:00Z
2026-09-23,v2:/036b4c215e4b04bcff877d122dde965996375f0e7d371c6e4e6ced3c007b727b,[VIRTUAL]1 x ISuperSpeed for 1200 MtxCurrency,1200,1200,0,0.0,0,2026-09-20T00:00:00Z,2026-09-23T23:59:59.999Z,1,0,-3,ishowspeed3,iShowSpeed,177,tileGrid,Size_1_x_1,,0,,1,br,Character_HonorBraceLeap,ISuperSpeed,outfit,icon,Icon Series,IShowSpeed,7,1,2025-12-25T00:00:00Z
2026-09-23,v2:/3120a1f4ac435812fc622caa9912a453cc5e8c6449ba72188024a89009e8e36e,[VIRTUAL]1 x Rebel Authority for 800 MtxCurrency,800,800,0,0.0,0,2026-09-22T00:00:00Z,2026-09-24T23:59:59.999Z,1,0,-2,,,,,Size_2_x_1,,0,,1,br,Pickaxe_ID_575_SailorSquadRebelFemale1H,Rebel Authority,pickaxe,rare,,//R.E.M.Wakers//,2,6,2021-03-30T09:14:15Z
2026-09-23,v2:/54d4115c24eeba8590d6075b0fb190bbf3f1be997213371bf5cd82a52e04ba1d,[VIRTUAL]1 x TBD (SID_Placeholder_854) for 500 MtxCurrency,500,500,0,0.0,0,2026-09-19T00:00:00Z,2026-10-02T23:59:59.999Z,1,0,-3,IronMouse,Ironmouse,192,tileGrid,Size_1_x_1,,0,,1,track,sid_placeholder_854,Hell Again,,,,,,,2026-09-16T14:47:03Z
2026-09-23,v2:/89174372fdf629e4a6c1309d5fea70a5fdd2b64aba135d8574ae9d30a04cee13,[VIRTUAL]1 x TBD (SID_Placeholder_538) for 500 MtxCurrency,500,500,0,0.0,0,2026-09-01T00:00:00Z,2026-09-30T23:59:59.999Z,1,0,-65,JT091826,Jam Tracks,180,expandableList,Size_1_x_1,,0,,1,track,sid_placeholder_538,Juno,,,,,,,2025-04-08T08:40:23Z
2026-09-23,v2:/51799bd08c583c683cc5e0315c8e084ed2ddfd6f06438159892096560ab9b177,[VIRTUAL]1 x 24K Magic for 500 MtxCurrency,500,500,0,0.0,0,2026-09-01T00:00:00Z,2026-09-30T23:59:59.999Z,1,0,-78,JT091826,Jam Tracks,180,expandableList,Size_1_x_1,,0,,1,track,sid_placeholder_70,24K Magic,,,,,,,2024-06-28T00:00:00Z
2026-09-23,v2:/70abdb539aff8a442fb1520d60a8144fe8fb37f85c9b321d83b97694c071c174,[VIRTUAL]1 x DÁKITI for 500 MtxCurrency,500,500,0,0.0,0,2026-09-01T00:00:00Z,2026-09-30T23:59:59.999Z,1,0,-67,JT091826,Jam Tracks,180,expandableList,Size_1_x_1,,0,,1,track,sid_placeholder_140,DÁKITI,,,,,,,2024-06-28T00:00:00Z
2026-09-23,v2:/3931a03d2635b42e7ff4e0887a2c23cb3e11dc8599327177342cbc4edf673de1,[VIRTUAL]1 x TBD (SID_Placeholder_482) for 500 MtxCurrency,500,500,0,0.0,0,2026-09-10T00:00:00Z,2026-09-30T23:59:59.999Z,1,0,-69,JT091826,Jam Tracks,180,expandableList,Size_1_x_1,,0,,1,track,sid_placeholder_482,Daisy 2.0,,,,,,,2025-01-14T09:00:00Z
2026-09-23,v2:/80bbcf7a4497294f0c0fc0ff64cbee1ee31a7fe29f687a73d90135beefceb3f1,[VIRTUAL]1 x Heathens for 500 MtxCurrency,500,500,0,0.0,0,2026-09-01T00:00:00Z,2026-09-30T23:59:59.999Z,1,0,-70,JT091826,Jam Tracks,180,expandableList,Size_1_x_1,,0,,1,track,sid_placeholder_200,Heathens,,,,,,,2024-05-14T14:56:14Z
2026-09-23,v2:/2c98765b63fbb15d8b0a427285364286ef5727fce6c49b7c0baa50e8e2cb93b1,[VIRTUAL]1 x Heavy Harvester for 300 MtxCurrency,300,300,0,0.0,0,2026-09-21T00:00:00Z,2026-09-24T23:59:59.999Z,1,0,-4,,,,,Size_1_x_1,,0,,1,br,BID_490_AnarchyAcresFarmer,Heavy Harvester,backpack,rare,,Farm Stand,2,2,2020-03-03T09:32:28Z
2026-09-23,v2:/ce1dc58b3a8f5789b34dc1403ecc00ae6acb12352016f911f1f8480e5345b9a4,[VIRTUAL]1 x Sway for 500 MtxCurrency,500,500,0,0.0,0,2026-09-22T00:00:00Z,2026-09-25T23:59:59.999Z,1,0,-3,VV092226,Hype Squad,189,tileGrid,Size_1_x_1,,0,,1,br,EID_Shindig_8W1AW,Sway,emote,icon,Icon Series,,2,7,2021-09-11T00:00:00Z
2026-09-23,v2:/cc3ed88645f338140b89962279de480d92a9e0353ae58b8a21659b8c7106a453,[VIRTUAL]1 x Rebecca Plushie for 400 MtxCurrency,400,400,0,0.0,0,2026-09-20T00:00:00Z,2026-09-26T23:59:59.999Z,1,0,-2,Cyberpunk2077,Cyberpunk,190,tileGrid,Size_1_x_1,,0,,1,br,Backpack_FaithPerch,Rebecca Plushie,backpack,rare,,Cyberpunk Edgerunners,7,4,2026-09-17T16:17:14Z
2026-09-23,v2:/9a529abe15a9fa218df45371b6c350b3cfbdffc9eb3e5e3da56b1d1862cc56c3,[VIRTUAL]1 x Attraction for 500 MtxCurrency,500,500,0,0.0,0,2026-09-20T00:00:00Z,2026-09-23T23:59:59.999Z,1,0,-4,VV092226,Hype Squad,189,tileGrid,Size_1_x_1,,0,,1,br,EID_Polarity,Attraction,emote,icon,Icon Series,,6,1,2024-12-15T00:00:00Z
2026-09-23,v2:/03a937606f2cc02eb332fb08d5233f5644b4b1ae43bf9b19b7cc2af6ea1f6165,[VIRTUAL]1 x Johnny's Duffel Bag for 200 MtxCurrency,200,200,0,0.0,0,2026-09-22T00:00:00Z,2026-09-26T23:59:59.999Z,1,0,-2,,,,,Size_1_x_1,,0,,1,br,Backpack_MustardToast,Johnny's Duffel Bag,backpack,gaminglegends,Gaming Legends Series,Night City Denizens,6,1,2024-12-22T14:02:32Z
2026-09-23,v2:/d871b6bb0943076c2e45682520838a45e87d6163855bc247cddf18c40a471c27,[VIRTUAL]1 x Calavera Boots for 600 MtxCurrency,600,600,0,0.0,0,2026-09-21T00:00:00Z,2026-09-27T23:59:59.999Z,1,0,-1,BR092326,Fit Check,185,tileGrid,Size_1_x_1,,0,,1,br,Shoes_HoleTaurus,Calavera Boots,shoe,uncommon,,,6,6,2025-11-02T00:00:00Z
2026-09-23,v2:/4f42ed3805fa40d980ea9d2ae27bf69451f90eb34c9c6abe6796a9201c79cc93,[VIRTUAL]1 x Commando  for 800 MtxCurrency,800,800,0,0.0,0,2026-09-21T00:00:00Z,2026-09-24T23:59:59.999Z,1,0,-4,BR092326,Fit Check,185,tileGrid,Size_1_x_1,,0,,1,br,CID_016_Athena_Commando_F,Commando ,outfit,uncommon,,,1,1,2019-11-20T12:50:30Z
2026-09-23,v2:/3a325c490ba786d52be227b15d09eadb81f4fd1b8d18b1c40d49489efa775af5,[VIRTUAL]1 x Aero Axe for 500 MtxCurrency,500,500,0,0.0,0,2026-09-23T00:00:00Z,2026-09-29T23:59:59.999Z,1,0,-4,FND092326,Front Page,188,tileGrid,Size_1_x_1,,0,,1,br,Pickaxe_ID_269_WWIIPilotSciFi,Aero Axe,pickaxe,uncommon,,Sky Stalker,1,X,2019-11-20T12:50:44Z
2026-09-23,v2:/833b7fc7f36552830141c8a85ea1c34fe4e85dcc5aafb27b6b088a9182034f39,"[VIRTUAL]1 x Datapath, 1 x Identity Disc, 1 x Identity Disc for -1 MtxCurrency",1500,1500,0,0.0,0,2026-09-22T00:00:00Z,2026-09-25T23:59:59.999Z,1,0,-5,badguys,Disney,195,tileGrid,Size_1_x_1,Equip the <highlight>IDENTITY DISC</> as a <highlight>BACK BLING</> or <highlight>PICKAXE</>!,1,Datapath,3,br,CID_A_015_Athena_Commando_M_Mainframe_D_S625D,Datapath,outfit,rare,,End of Line,2,5,2021-02-12T00:00:00Z
2026-09-23,v2:/833b7fc7f36552830141c8a85ea1c34fe4e85dcc5aafb27b6b088a9182034f39,"[VIRTUAL]1 x Datapath, 1 x Identity Disc, 1 x Identity Disc for -1 MtxCurrency",1500,1500,0,0.0,0,2026-09-22T00:00:00Z,2026-09-25T23:59:59.999Z,1,0,-5,badguys,Disney,195,tileGrid,Size_1_x_1,Equip the <highlight>IDENTITY DISC</> as a <highlight>BACK BLING</> or <highlight>PICKAXE</>!,1,Datapath,3,br,BID_699_MainframeMale_2W2M3,Identity Disc,backpack,rare,,End of Line,2,5,2021-02-12T00:00:00Z
2026-09-23,v2:/833b7fc7f36552830141c8a85ea1c34fe4e85dcc5aafb27b6b088a9182034f39,"[VIRTUAL]1 x Datapath, 1 x Identity Disc, 1 x Identity Disc for -1 MtxCurrency",1500,1500,0,0.0,0,2026-09-22T00:00:00Z,2026-09-25T23:59:59.999Z,1,0,-5,badguys,Disney,195,tileGrid,Size_1_x_1,Equip the <highlight>IDENTITY DISC</> as a <highlight>BACK BLING</> or <highlight>PICKAXE</>!,1,Datapath,3,br,Pickaxe_ID_546_MainframeMale_XW9S6,Identity Disc,pickaxe,rare,,End of Line,2,5,2021-02-12T00:00:00Z
2026-09-23,v2:/3f4d5fc0f9f476bf552d5e6b67cd5834903274f66eccbd67245c15d637eb6fed,[VIRTUAL]1 x Champion Kyra for 800 MtxCurrency,800,800,0,0.0,0,2026-09-21T00:00:00Z,2026-09-25T23:59:59.999Z,1,0,-3,CyberFNCS1,FNCS,197,tileGrid,Size_1_x_1,,0,,1,br,Character_GreenJacketFNCS,Champion Kyra,outfit,uncommon,,FNCS,4,4,2023-10-04T14:40:29Z
2026-09-23,v2:/4d165ae501df3f210d5d07a39d76210c19d8bde5e97bec74187e6b5e5e05e439,[VIRTUAL]1 x Burgle Bag for 300 MtxCurrency,300,300,0,0.0,0,2026-09-22T00:00:00Z,2026-09-24T23:59:59.999Z,1,0,-1,,,,,Size_2_x_1,,0,,1,br,BID_054_JailbirdFemale,Burgle Bag,backpack,epic,,Jailbird,1,4,2019-11-20T12:50:41Z
2026-09-23,v2:/76ac446e130eb40e3dba9a3d49884a520af4331c8e8f61f74ff1351f0172326d,[VIRTUAL]1 x Give Me Everything for 500 MtxCurrency,500,500,0,0.0,0,2026-09-01T00:00:00Z,2026-09-30T23:59:59.999Z,1,0,-7,JT091826,Jam Tracks,180,expandableList,Size_1_x_1,,0,,1,track,sid_placeholder_249,Give Me Everything,,,,,,,2024-06-06T13:32:50Z
2026-09-23,v2:/5c2fd8cf41c1a1cdef4370fcb63b7a90c21cb8df1423ba41b6149c1c88b210bb,[VIRTUAL]1 x Blank for 400 MtxCurrency,400,400,0,0.0,0,2026-09-18T00:00:00Z,2026-09-24T23:59:59.999Z,1,0,-3,,,,,Size_2_x_1,,0,,1,car,Wheel_Tomb,Batmobile (2022),wheel,uncommon,,,,,2026-09-17T16:17:14Z
2026-09-23,v2:/1da51f989b599068407db683c2321368ab1b615e187287fbb9864376c85d0ddd,"[VIRTUAL]1 x Captain Hook, 1 x Hook's Flag, 1 x Captain's Foil, 1 x Tick-Tock for -1 MtxCurrency",2000,2000,0,0.0,0,2026-09-22T00:00:00Z,2026-09-25T23:59:59.999Z,1,0,-2,badguys,Disney,195,tileGrid,Size_1_x_1,,1,Captain Hook,4,br,Character_FlowerVase,Captain Hook,outfit,epic,,Disney Villains,5,4,2024-10-19T00:00:00Z
2026-09-23,v2:/1da51f989b599068407db683c2321368ab1b615e187287fbb9864376c85d0ddd,"[VIRTUAL]1 x Captain Hook, 1 x Hook's Flag, 1 x Captain's Foil, 1 x Tick-Tock for -1 MtxCurrency",2000,2000,0,0.0,0,2026-09-22T00:00:00Z,2026-09-25T23:59:59.999Z,1,0,-2,badguys,Disney,195,tileGrid,Size_1_x_1,,1,Captain Hook,4,br,Backpack_FlowerVase,Hook's Flag,backpack,rare,,Disney Villains,5,4,2024-10-19T00:00:00Z
2026-09-23,v2:/1da51f989b599068407db683c2321368ab1b615e187287fbb9864376c85d0ddd,"[VIRTUAL]1 x Captain Hook, 1 x Hook's Flag, 1 x Captain's Foil, 1 x Tick-Tock for -1 MtxCurrency",2000,2000,0,0.0,0,2026-09-22T00:00:00Z,2026-09-25T23:59:59.999Z,1,0,-2,badguys,Disney,195,tileGrid,Size_1_x_1,,1,Captain Hook,4,br,Pickaxe_FlowerVase,Captain's Foil,pickaxe,rare,,Disney Villains,5,4,2024-10-19T00:00:00Z
2026-09-23,v2:/1da51f989b599068407db683c2321368ab1b615e187287fbb9864376c85d0ddd,"[VIRTUAL]1 x Captain Hook, 1 x Hook's Flag, 1 x Captain's Foil, 1 x Tick-Tock for -1 MtxCurrency",2000,2000,0,0.0,0,2026-09-22T00:00:00Z,2026-09-25T23:59:59.999Z,1,0,-2,badguys,Disney,195,tileGrid,Size_1_x_1,,1,Captain Hook,4,br,EID_FlowerVase,Tick-Tock,emote,uncommon,,Disney Villains,5,4,2024-10-19T00:00:00Z
2026-09-23,v2:/282b073a184190ccda0a0e4c8bfc6a56021a35c15a09816363f22533f6841b78,[VIRTUAL]1 x TBD (SID_Placeholder_791) for 500 MtxCurrency,500,500,0,0.0,0,2026-09-18T00:00:00Z,2026-09-24T23:59:59.999Z,1,0,-3,JT091826,Jam Tracks,180,tileGrid,Size_1_x_1,,0,,1,track,sid_placeholder_791,4 Raws,,,,,,,2026-05-14T19:23:26Z
2026-09-23,v2:/820a5ac7e8ab43e3ef4b08a0147ba3c041eef2da94779a2619c2c3df33eb24dd,[VIRTUAL]1 x All Eyez On Me for 500 MtxCurrency,500,500,0,0.0,0,2026-09-01T00:00:00Z,2026-09-30T23:59:59.999Z,1,0,-33,JT091826,Jam Tracks,180,expandableList,Size_1_x_1,,0,,1,track,sid_placeholder_419,All Eyez On Me,,,,,,,2024-11-23T00:00:00Z
2026-09-23,v2:/cf2d35eb3c5b1072d4238d5b341c45f1c4a11b60fc6ebd70a8b37b72b33cc036,"[VIRTUAL]1 x ISuperSpeed's Emblem, 1 x ISuperSpeed's Emblem for 800 MtxCurrency",800,800,0,0.0,0,2026-09-20T00:00:00Z,2026-09-23T23:59:59.999Z,1,0,-2,ishowspeed3,iShowSpeed,177,tileGrid,Size_1_x_1,,0,,2,br,Pickaxe_HonorBraceLeap,ISuperSpeed's Emblem,pickaxe,icon,Icon Series,IShowSpeed,7,1,2025-12-25T00:00:00Z
2026-09-23,v2:/cf2d35eb3c5b1072d4238d5b341c45f1c4a11b60fc6ebd70a8b37b72b33cc036,"[VIRTUAL]1 x ISuperSpeed's Emblem, 1 x ISuperSpeed's Emblem for 800 MtxCurrency",800,800,0,0.0,0,2026-09-20T00:00:00Z,2026-09-23T23:59:59.999Z,1,0,-2,ishowspeed3,iShowSpeed,177,tileGrid,Size_1_x_1,,0,,2,br,Backpack_HonorBraceLeap,ISuperSpeed's Emblem,backpack,icon,Icon Series,IShowSpeed,7,1,2025-12-25T00:00:00Z
2026-09-23,v2:/5e3fa5d0e84a05c479df7aa661aa5599c465796c99dbf9b9f485b0cf2736525c,[VIRTUAL]1 x TBD (SID_Placeholder_650) for 500 MtxCurrency,500,500,0,0.0,0,2026-09-01T00:00:00Z,2026-09-30T23:59:59.999Z,1,0,-68,JT091826,Jam Tracks,180,expandableList,Size_1_x_1,,0,,1,track,sid_placeholder_650,Rocket Man,,,,,,,2025-10-09T08:44:55Z
2026-09-23,v2:/43e44b5aaf76bf44ec776c32f4c9bdde8800e2b7b0a31f9e76214d14ae605272,[VIRTUAL]1 x Soaring Shield for 500 MtxCurrency,500,500,0,0.0,0,2026-09-21T00:00:00Z,2026-09-25T23:59:59.999Z,1,0,-5,CyberFNCS1,FNCS,197,tileGrid,Size_1_x_1,,0,,1,br,Contrail_FNCS_S26,Soaring Shield,contrail,rare,,FNCS,4,4,2023-10-04T14:40:29Z
2026-09-23,v2:/0d82c9b69aae50c8bb7598abb05df1bca70259b12a23b9dd198a6561d4395222,[VIRTUAL]1 x Rain for 800 MtxCurrency,800,800,0,0.0,0,2026-09-19T00:00:00Z,2026-09-25T23:59:59.999Z,1,0,-4,FND092326,Front Page,188,tileGrid,Size_1_x_1,,0,,1,br,Character_BlueMonday,Rain,outfit,epic,,Inner Storm,7,1,2025-11-29T20:57:37Z
2026-09-23,v2:/136881d8b35940fb76224044fa0e45c4c308be75d6c43b21769baf7a1d0cdc90,[VIRTUAL]1 x American Idiot for 500 MtxCurrency,500,500,0,0.0,0,2026-09-01T00:00:00Z,2026-09-30T23:59:59.999Z,1,0,-99,JT091826,Jam Tracks,180,expandableList,Size_1_x_1,,0,,1,track,sid_placeholder_281,American Idiot,,,,,,,2024-09-20T00:00:00Z
2026-09-23,v2:/beb9f0a1af37a621282be1c94df94f5ff28d4160ea7421440bca671954076df7,"[VIRTUAL]1 x Highland Warrior, 1 x Buckler for -1 MtxCurrency",1500,1500,0,0.0,0,2026-09-22T00:00:00Z,2026-09-28T23:59:59.999Z,1,0,-2,BR092326,Fit Check,185,tileGrid,Size_1_x_1,,0,,2,br,CID_099_Athena_Commando_F_Scathach,Highland Warrior,outfit,epic,,Laoch,1,3,2019-11-20T12:50:26Z
2026-09-23,v2:/beb9f0a1af37a621282be1c94df94f5ff28d4160ea7421440bca671954076df7,"[VIRTUAL]1 x Highland Warrior, 1 x Buckler for -1 MtxCurrency",1500,1500,0,0.0,0,2026-09-22T00:00:00Z,2026-09-28T23:59:59.999Z,1,0,-2,BR092326,Fit Check,185,tileGrid,Size_1_x_1,,0,,2,br,BID_035_Scathach,Buckler,backpack,epic,,Laoch,1,3,2019-11-20T12:50:41Z
2026-09-23,v2:/3785d03c61ad05a2af366c4d9ca07098a52292bd1c0f0ba379a1ff75a01d008d,[VIRTUAL]1 x Buckler for 200 MtxCurrency,200,200,0,0.0,0,2026-09-22T00:00:00Z,2026-09-28T23:59:59.999Z,1,0,-2,,,,,Size_1_x_1,,0,,1,br,BID_035_Scathach,Buckler,backpack,epic,,Laoch,1,3,2019-11-20T12:50:41Z
2026-09-23,v2:/85702bd12cb81833fc0ed62c1e8a4b44ade32074521a9acab792806de2f5e681,[VIRTUAL]1 x Mantis Blades for 800 MtxCurrency,800,800,0,0.0,0,2026-09-22T00:00:00Z,2026-09-26T23:59:59.999Z,1,0,-1,Cyberpunk2077,Cyberpunk,190,tileGrid,Size_1_x_1,"Mantis Blades Pickaxe shows different style when equipped with the V outfit (sold separately).  To preview, equip that Outfit and return to this page",0,,1,br,Pickaxe_FreightCalf,Mantis Blades,pickaxe,gaminglegends,Gaming Legends Series,Night City Denizens,6,1,2024-12-22T14:02:32Z
2026-09-23,v2:/8400e0933b9213401568710eb4422ff4de01f076dada6cfb12b6e819250b8c18,[VIRTUAL]1 x Better Now for 500 MtxCurrency,500,500,0,0.0,0,2026-09-01T00:00:00Z,2026-09-30T23:59:59.999Z,1,0,-63,JT091826,Jam Tracks,180,expandableList,Size_1_x_1,,0,,1,track,sid_placeholder_203,Better Now,,,,,,,2024-06-06T13:32:50Z
2026-09-23,v2:/ce5682f72c2ddeb95f53835df38dda404c1c025942192d9fc435535b5770d2fc,[VIRTUAL]1 x Captain's Foil for 500 MtxCurrency,500,500,0,0.0,0,2026-09-22T00:00:00Z,2026-09-25T23:59:59.999Z,1,0,-1,,,,,Size_1_x_1,,0,,1,br,Pickaxe_FlowerVase,Captain's Foil,pickaxe,rare,,Disney Villains,5,4,2024-10-19T00:00:00Z
2026-09-23,v2:/c4d4fe71bf9e2a95eeab0a2412cd2791fb1e7fb0a93989818d0a921f94789ae4,"[VIRTUAL]1 x Volley Girl, 1 x Used Racket for -1 MtxCurrency",1200,1200,0,0.0,0,2026-09-22T00:00:00Z,2026-09-28T23:59:59.999Z,1,0,-2,NS092226,No Sweat,186,tileGrid,Size_1_x_1,,0,,2,br,CID_328_Athena_Commando_F_Tennis,Volley Girl,outfit,rare,,,1,7,2019-11-20T12:48:09Z
2026-09-23,v2:/c4d4fe71bf9e2a95eeab0a2412cd2791fb1e7fb0a93989818d0a921f94789ae4,"[VIRTUAL]1 x Volley Girl, 1 x Used Racket for -1 MtxCurrency",1200,1200,0,0.0,0,2026-09-22T00:00:00Z,2026-09-28T23:59:59.999Z,1,0,-2,NS092226,No Sweat,186,tileGrid,Size_1_x_1,,0,,2,br,BID_204_TennisFemale,Used Racket,backpack,rare,,,1,7,2019-11-20T12:50:36Z
2026-09-23,v2:/a02023fb9bbf8ebfea6fb0206a849a8b95de820f1859ee65cb1223ab6e2f23b9,[VIRTUAL]1 x TBD (SID_Placeholder_683) for 500 MtxCurrency,500,500,0,0.0,0,2026-09-18T00:00:00Z,2026-09-24T23:59:59.999Z,1,0,-2,JT091826,Jam Tracks,180,tileGrid,Size_1_x_1,,0,,1,track,sid_placeholder_683,The Monorail Song,,,,,,,2025-11-12T02:00:21Z
2026-09-23,v2:/0b43a4cc8a39bea41e9f884a4b6ffaa04207bae693f7fc5dc1ffd41af382d4ad,[VIRTUAL]1 x TBD (SID_Placeholder_784) for 500 MtxCurrency,500,500,0,0.0,0,2026-09-01T00:00:00Z,2026-09-30T23:59:59.999Z,1,0,-31,JT091826,Jam Tracks,180,expandableList,Size_1_x_1,,0,,1,track,sid_placeholder_784,Into Oblivion,,,,,,,2026-04-21T14:08:43Z
2026-09-23,v2:/4ccf4c93c854f117a1e993800898b1ccbacb5f5324d38fee0fe21caf126bf1dc,"[VIRTUAL]1 x Johnny Silverhand, 1 x Johnny's Duffel Bag for -1 MtxCurrency",1500,1500,0,0.0,0,2026-09-22T00:00:00Z,2026-09-26T23:59:59.999Z,1,0,-3,Cyberpunk2077,Cyberpunk,190,tileGrid,Size_1_x_1,,0,,2,br,Character_MustardToast,Johnny Silverhand,outfit,gaminglegends,Gaming Legends Series,Night City Denizens,6,1,2024-12-22T14:02:32Z
2026-09-23,v2:/4ccf4c93c854f117a1e993800898b1ccbacb5f5324d38fee0fe21caf126bf1dc,"[VIRTUAL]1 x Johnny Silverhand, 1 x Johnny's Duffel Bag for -1 MtxCurrency",1500,1500,0,0.0,0,2026-09-22T00:00:00Z,2026-09-26T23:59:59.999Z,1,0,-3,Cyberpunk2077,Cyberpunk,190,tileGrid,Size_1_x_1,,0,,2,br,Backpack_MustardToast,Johnny's Duffel Bag,backpack,gaminglegends,Gaming Legends Series,Night City Denizens,6,1,2024-12-22T14:02:32Z
2026-09-23,v2:/47a6467fd08296a84657e1cdffffa37b692256aaea626f7e9d72db6641412c69,[VIRTUAL]1 x Night City Lights for 500 MtxCurrency,500,500,0,0.0,0,2026-09-22T00:00:00Z,2026-09-26T23:59:59.999Z,1,0,-4,Cyberpunk2077,Cyberpunk,190,tileGrid,Size_1_x_1,,0,,1,br,Wrap_MustardToast,Night City Lights,wrap,gaminglegends,Gaming Legends Series,Night City Denizens,6,1,2024-12-22T14:02:32Z
2026-09-23,v2:/1d7e369521cb163d651a8d18ef0e14a30703c40789288cd984e70666c340bbc9,[VIRTUAL]1 x Scrappy for 200 MtxCurrency,200,200,0,0.0,0,2026-09-22T00:00:00Z,2026-09-28T23:59:59.999Z,1,0,-1,,,,,Size_1_x_1,,0,,1,br,BID_206_ScrapyardFemale,Scrappy,backpack,rare,,Boneyard,1,7,2019-11-20T12:50:36Z
2026-09-23,v2:/5eab5d58a512f14364f1c1be36cb610d51ee82fbc1b2dd555fa9178b8b4e7726,"[VIRTUAL]1 x Oathkeeper & Oblivion, 1 x Oathkeeper & Oblivion for 800 MtxCurrency",800,800,0,0.0,0,2026-09-17T00:00:00Z,2026-10-01T23:59:59.999Z,1,0,-3,KingdomHearts,Kingdom Hearts ,196,tileGrid,Size_1_x_1,,0,,2,br,Pickaxe_FaunaPike,Oathkeeper & Oblivion,pickaxe,gaminglegends,Gaming Legends Series,Kingdom Hearts,7,4,2026-09-17T08:00:00Z
2026-09-23,v2:/5eab5d58a512f14364f1c1be36cb610d51ee82fbc1b2dd555fa9178b8b4e7726,"[VIRTUAL]1 x Oathkeeper & Oblivion, 1 x Oathkeeper & Oblivion for 800 MtxCurrency",800,800,0,0.0,0,2026-09-17T00:00:00Z,2026-10-01T23:59:59.999Z,1,0,-3,KingdomHearts,Kingdom Hearts ,196,tileGrid,Size_1_x_1,,0,,2,br,Backpack_FaunaPike,Oathkeeper & Oblivion,backpack,gaminglegends,Gaming Legends Series,Kingdom Hearts,7,4,2026-09-17T08:00:00Z
2026-09-23,v2:/466d560daf26507326d3dce4f47477041cd0c51df30250ceebb5287b1b5b80eb,[VIRTUAL]1 x Wings of Loss for 300 MtxCurrency,300,300,0,0.0,0,2026-09-21T00:00:00Z,2026-09-27T23:59:59.999Z,1,0,-1,FND092326,Front Page,188,tileGrid,Size_1_x_1,,0,,1,br,Backpack_GrizzlyDemise,Wings of Loss,backpack,rare,,Dawning Apocalypse,7,4,2026-09-17T16:17:14Z
2026-09-23,v2:/b1204fbf47e444561e11f1d56e5f6a9ee578d288217cb2fbee2bcd97411311fe,[VIRTUAL]1 x TBD (SID_Placeholder_742) for 500 MtxCurrency,500,500,0,0.0,0,2026-09-01T00:00:00Z,2026-09-30T23:59:59.999Z,1,0,-13,JT091826,Jam Tracks,180,expandableList,Size_1_x_1,,0,,1,track,sid_placeholder_742,Never Meant,,,,,,,2026-02-04T16:58:53Z
2026-09-23,v2:/21a8d17d8601f05e0ec42827292d214892da30e9befef19cb9fc5a069c069c97,"[VIRTUAL]1 x Sora, 1 x Keyblade, 1 x Keyblade, 1 x Keyblade Flourish for -1 MtxCurrency",1800,1800,0,0.0,0,2026-09-17T00:00:00Z,2026-10-01T23:59:59.999Z,1,0,-1,KingdomHearts,Kingdom Hearts ,196,tileGrid,Size_2_x_1,,0,,4,br,Character_SpireTend,Sora,outfit,gaminglegends,Gaming Legends Series,Kingdom Hearts,7,4,2026-09-17T08:00:00Z
2026-09-23,v2:/21a8d17d8601f05e0ec42827292d214892da30e9befef19cb9fc5a069c069c97,"[VIRTUAL]1 x Sora, 1 x Keyblade, 1 x Keyblade, 1 x Keyblade Flourish for -1 MtxCurrency",1800,1800,0,0.0,0,2026-09-17T00:00:00Z,2026-10-01T23:59:59.999Z,1,0,-1,KingdomHearts,Kingdom Hearts ,196,tileGrid,Size_2_x_1,,0,,4,br,Pickaxe_SpireTend,Keyblade,pickaxe,gaminglegends,Gaming Legends Series,Kingdom Hearts,7,4,2026-09-17T08:00:00Z
2026-09-23,v2:/21a8d17d8601f05e0ec42827292d214892da30e9befef19cb9fc5a069c069c97,"[VIRTUAL]1 x Sora, 1 x Keyblade, 1 x Keyblade, 1 x Keyblade Flourish for -1 MtxCurrency",1800,1800,0,0.0,0,2026-09-17T00:00:00Z,2026-10-01T23:59:59.999Z,1,0,-1,KingdomHearts,Kingdom Hearts ,196,tileGrid,Size_2_x_1,,0,,4,br,Backpack_SpireTend,Keyblade,backpack,gaminglegends,Gaming Legends Series,Kingdom Hearts,7,4,2026-09-17T08:00:00Z
2026-09-23,v2:/21a8d17d8601f05e0ec42827292d214892da30e9befef19cb9fc5a069c069c97,"[VIRTUAL]1 x Sora, 1 x Keyblade, 1 x Keyblade, 1 x Keyblade Flourish for -1 MtxCurrency",1800,1800,0,0.0,0,2026-09-17T00:00:00Z,2026-10-01T23:59:59.999Z,1,0,-1,KingdomHearts,Kingdom Hearts ,196,tileGrid,Size_2_x_1,,0,,4,br,EID_SpireTend,Keyblade Flourish,emote,gaminglegends,Gaming Legends Series,Kingdom Hearts,7,4,2026-09-17T08:00:00Z
2026-09-23,v2:/cc159b1a99c33551975c55f83e47ca268a7fffde65405bfacdd12fc98cfdb036,[VIRTUAL]1 x Baymax Wings for 500 MtxCurrency,500,500,0,0.0,0,2026-09-20T00:00:00Z,2026-09-23T23:59:59.999Z,1,0,-2,badguys,Disney,195,tileGrid,Size_1_x_1,,0,,1,br,Glider_OysterKnock,Baymax Wings,glider,legendary,,Big Hero 6,6,1,2024-12-01T03:58:22Z
2026-09-23,v2:/aca2f5e35f58a929b2eac89c88d36c5fd83862ab39509857bb7e72134074f88a,[VIRTUAL]1 x Stressed Out for 500 MtxCurrency,500,500,0,0.0,0,2026-09-01T00:00:00Z,2026-09-30T23:59:59.999Z,1,0,-58,JT091826,Jam Tracks,180,expandableList,Size_1_x_1,,0,,1,track,sid_placeholder_40,Stressed Out,,,,,,,2024-05-14T14:56:14Z
2026-09-23,v2:/f3ba5937bc8807f81e69f5c53c075a7e515d3d24377fc48cceb413efbc1bf1e7,[VIRTUAL]1 x Competitive Crest for 200 MtxCurrency,200,200,0,0.0,0,2026-09-21T00:00:00Z,2026-09-25T23:59:59.999Z,1,0,-5,CyberFNCS1,FNCS,197,tileGrid,Size_1_x_1,,0,,1,br,Backpack_FNCS26,Competitive Crest,backpack,uncommon,,FNCS,4,4,2023-10-04T14:40:29Z
2026-09-23,v2:/459971e599c8dbced59110aa2f291e346d4a9f3df62b48bd6d2f63b8627559f7,[VIRTUAL]1 x MILLION DOLLAR BABY for 500 MtxCurrency,500,500,0,0.0,0,2026-09-01T00:00:00Z,2026-09-30T23:59:59.999Z,1,0,-87,JT091826,Jam Tracks,180,expandableList,Size_1_x_1,,0,,1,track,sid_placeholder_417,MILLION DOLLAR BABY,,,,,,,2024-11-07T17:50:41Z
2026-09-23,v2:/5dd60762f9b330ff551d578c4282c4b9abeb6b5c800ebbf354c2316777be244f,[VIRTUAL]1 x TBD (SID_Placeholder_905) for 500 MtxCurrency,500,500,0,0.0,0,2026-09-17T00:00:00Z,2026-10-01T23:59:59.999Z,1,0,-4,KingdomHearts,Kingdom Hearts ,196,tileGrid,Size_1_x_1,,0,,1,track,sid_placeholder_905,The Other Promise,,,,,,,2026-09-15T14:23:51Z
2026-09-23,v2:/7cdbcb37e7ed5d831062864d9e87de5a1b327fd19d93ae48c04dc4173af5450e,[VIRTUAL]1 x TBD (SID_Placeholder_708) for 500 MtxCurrency,500,500,0,0.0,0,2026-09-01T00:00:00Z,2026-09-30T23:59:59.999Z,1,0,-8,JT091826,Jam Tracks,180,expandableList,Size_1_x_1,,0,,1,track,sid_placeholder_708,Sky,,,,,,,2025-12-11T17:20:09Z
2026-09-23,v2:/6132ebb78fc292378f94ac859b79b3c743d3aef559c3a49c4d3626cb1394dbb4,[VIRTUAL]1 x Welcome To The Jungle for 500 MtxCurrency,500,500,0,0.0,0,2026-09-01T00:00:00Z,2026-09-30T23:59:59.999Z,1,0,-59,JT091826,Jam Tracks,180,expandableList,Size_1_x_1,,0,,1,track,sid_placeholder_272,Welcome To The Jungle,,,,,,,2024-08-09T00:00:00Z
2026-09-23,v2:/d3ad7857955cbd19a451f4aad1e088d2bd516da71cb3a368153c82feeb66f3f2,[VIRTUAL]1 x Anarchy Agent for 800 MtxCurrency,800,800,0,0.0,0,2026-09-23T00:00:00Z,2026-09-29T23:59:59.999Z,1,0,-2,FND092326,Front Page,188,tileGrid,Size_1_x_1,,0,,1,br,CID_470_Athena_Commando_M_Anarchy,Anarchy Agent,outfit,uncommon,,Anarchy,1,9,2019-11-20T12:48:08Z
2026-09-23,v2:/432a32ef9933cfaafe1001a55176b1c061df6cf584165a74a4d62e1f38be9f89,[VIRTUAL]1 x TBD (SID_Placeholder_765) for 500 MtxCurrency,500,500,0,0.0,0,2026-09-01T00:00:00Z,2026-09-30T23:59:59.999Z,1,0,-25,JT091826,Jam Tracks,180,expandableList,Size_1_x_1,,0,,1,track,sid_placeholder_765,From the Start,,,,,,,2026-04-16T08:01:05Z
2026-09-23,v2:/54a0121f78040317939f6d42abf8a425487506197260bae03d56e254e945c6ca,"[VIRTUAL]1 x Champion Kyra, 1 x Cosmic Infinity, 1 x Competitive Crest, 1 x Competitive Slicer, 1 x Recoil Reactor, 1 x Soaring Shield, 1 x Victory Trophy for -1 MtxCurrency",3400,2200,1200,0.3529,1,2026-09-21T00:00:00Z,2026-09-25T23:59:59.999Z,1,0,-2,CyberFNCS1,FNCS,197,tileGrid,Size_1_x_1,,1,FNCS Global Championship 2023 Bundle,7,br,Character_GreenJacketFNCS,Champion Kyra,outfit,uncommon,,FNCS,4,4,2023-10-04T14:40:29Z
2026-09-23,v2:/54a0121f78040317939f6d42abf8a425487506197260bae03d56e254e945c6ca,"[VIRTUAL]1 x Champion Kyra, 1 x Cosmic Infinity, 1 x Competitive Crest, 1 x Competitive Slicer, 1 x Recoil Reactor, 1 x Soaring Shield, 1 x Victory Trophy for -1 MtxCurrency",3400,2200,1200,0.3529,1,2026-09-21T00:00:00Z,2026-09-25T23:59:59.999Z,1,0,-2,CyberFNCS1,FNCS,197,tileGrid,Size_1_x_1,,1,FNCS Global Championship 2023 Bundle,7,br,Character_StarWalkerFNCS,Cosmic Infinity,outfit,uncommon,,FNCS,4,4,2023-10-04T14:40:29Z
2026-09-23,v2:/54a0121f78040317939f6d42abf8a425487506197260bae03d56e254e945c6ca,"[VIRTUAL]1 x Champion Kyra, 1 x Cosmic Infinity, 1 x Competitive Crest, 1 x Competitive Slicer, 1 x Recoil Reactor, 1 x Soaring Shield, 1 x Victory Trophy for -1 MtxCurrency",3400,2200,1200,0.3529,1,2026-09-21T00:00:00Z,2026-09-25T23:59:59.999Z,1,0,-2,CyberFNCS1,FNCS,197,tileGrid,Size_1_x_1,,1,FNCS Global Championship 2023 Bundle,7,br,Backpack_FNCS26,Competitive Crest,backpack,uncommon,,FNCS,4,4,2023-10-04T14:40:29Z
2026-09-23,v2:/54a0121f78040317939f6d42abf8a425487506197260bae03d56e254e945c6ca,"[VIRTUAL]1 x Champion Kyra, 1 x Cosmic Infinity, 1 x Competitive Crest, 1 x Competitive Slicer, 1 x Recoil Reactor, 1 x Soaring Shield, 1 x Victory Trophy for -1 MtxCurrency",3400,2200,1200,0.3529,1,2026-09-21T00:00:00Z,2026-09-25T23:59:59.999Z,1,0,-2,CyberFNCS1,FNCS,197,tileGrid,Size_1_x_1,,1,FNCS Global Championship 2023 Bundle,7,br,Pickaxe_SkeletonHunterFNCS,Competitive Slicer,pickaxe,rare,,FNCS,4,4,2023-10-04T14:40:29Z
2026-09-23,v2:/54a0121f78040317939f6d42abf8a425487506197260bae03d56e254e945c6ca,"[VIRTUAL]1 x Champion Kyra, 1 x Cosmic Infinity, 1 x Competitive Crest, 1 x Competitive Slicer, 1 x Recoil Reactor, 1 x Soaring Shield, 1 x Victory Trophy for -1 MtxCurrency",3400,2200,1200,0.3529,1,2026-09-21T00:00:00Z,2026-09-25T23:59:59.999Z,1,0,-2,CyberFNCS1,FNCS,197,tileGrid,Size_1_x_1,,1,FNCS Global Championship 2023 Bundle,7,br,Wrap_Comp26,Recoil Reactor,wrap,rare,,FNCS,4,4,2023-10-04T14:40:29Z
2026-09-23,v2:/54a0121f78040317939f6d42abf8a425487506197260bae03d56e254e945c6ca,"[VIRTUAL]1 x Champion Kyra, 1 x Cosmic Infinity, 1 x Competitive Crest, 1 x Competitive Slicer, 1 x Recoil Reactor, 1 x Soaring Shield, 1 x Victory Trophy for -1 MtxCurrency",3400,2200,1200,0.3529,1,2026-09-21T00:00:00Z,2026-09-25T23:59:59.999Z,1,0,-2,CyberFNCS1,FNCS,197,tileGrid,Size_1_x_1,,1,FNCS Global Championship 2023 Bundle,7,br,Contrail_FNCS_S26,Soaring Shield,contrail,rare,,FNCS,4,4,2023-10-04T14:40:29Z
2026-09-23,v2:/54a0121f78040317939f6d42abf8a425487506197260bae03d56e254e945c6ca,"[VIRTUAL]1 x Champion Kyra, 1 x Cosmic Infinity, 1 x Competitive Crest, 1 x Competitive Slicer, 1 x Recoil Reactor, 1 x Soaring Shield, 1 x Victory Trophy for -1 MtxCurrency",3400,2200,1200,0.3529,1,2026-09-21T00:00:00Z,2026-09-25T23:59:59.999Z,1,0,-2,CyberFNCS1,FNCS,197,tileGrid,Size_1_x_1,,1,FNCS Global Championship 2023 Bundle,7,br,EID_Victorious,Victory Trophy,emote,uncommon,,FNCS,4,4,2023-10-04T14:40:29Z
2026-09-23,v2:/c50e1ef78204b7fead22e53824960673a1b77a744d1a88cfbce88318c14b190d,[VIRTUAL]1 x PAC-MAN's Snacks for 400 MtxCurrency,400,400,0,0.0,0,2026-09-19T00:00:00Z,2026-09-25T23:59:59.999Z,1,0,-1,PacMan,PAC-MAN,183,tileGrid,Size_1_x_1,,0,,1,br,Backpack_AvenuePole,PAC-MAN's Snacks,backpack,gaminglegends,Gaming Legends Series,PAC-MAN,7,4,2026-09-18T13:01:02Z
2026-09-23,v2:/80b5b32bdc04d2c2d77a05336aafbabe5313b057d44961fbcaf124f2c1f3d371,[VIRTUAL]1 x Guard Pup for 300 MtxCurrency,300,300,0,0.0,0,2026-09-22T00:00:00Z,2026-09-24T23:59:59.999Z,1,0,-1,,,,,Size_2_x_1,,0,,1,br,BID_729_SailorSquadRebel,Guard Pup,backpack,rare,,//R.E.M.Wakers//,2,6,2021-03-30T09:14:15Z
2026-09-23,v2:/eebf63d66b803e55d5847dfb41e8bac32010d5ff55cb8548b4909539fd604506,"[VIRTUAL]1 x Megumi, 1 x Guard Pup for -1 MtxCurrency",1200,1200,0,0.0,0,2026-09-22T00:00:00Z,2026-09-24T23:59:59.999Z,1,0,-1,,,,,Size_2_x_1,,0,,2,br,CID_A_049_Athena_Commando_F_SailorSquadRebel,Megumi,outfit,rare,,//R.E.M.Wakers//,2,6,2021-03-30T09:14:15Z
2026-09-23,v2:/eebf63d66b803e55d5847dfb41e8bac32010d5ff55cb8548b4909539fd604506,"[VIRTUAL]1 x Megumi, 1 x Guard Pup for -1 MtxCurrency",1200,1200,0,0.0,0,2026-09-22T00:00:00Z,2026-09-24T23:59:59.999Z,1,0,-1,,,,,Size_2_x_1,,0,,2,br,BID_729_SailorSquadRebel,Guard Pup,backpack,rare,,//R.E.M.Wakers//,2,6,2021-03-30T09:14:15Z
2026-09-23,v2:/17c28cacdec6734a3ef12e7c6179cfe3b7b78b0ee1656f88dc11179181cd3dd8,[VIRTUAL]1 x Faded Cool for 300 MtxCurrency,300,300,0,0.0,0,2026-09-22T00:00:00Z,2026-09-24T23:59:59.999Z,1,0,-4,FriendlyMachine,FriendlyMachine's Locker,179,tileGrid,Size_1_x_1,,0,,1,br,Wrap_136_Punchy,Faded Cool,wrap,uncommon,,TKO,1,X,2019-11-20T12:48:21Z
2026-09-23,v2:/0649bb807bb9b4ca7450913f506418e53ba10579227f254c66c173625e89e24b,[VIRTUAL]1 x TBD (SID_Placeholder_917) for 500 MtxCurrency,500,500,0,0.0,0,2026-09-18T00:00:00Z,2026-09-24T23:59:59.999Z,1,0,-1,JT091826,Jam Tracks,180,tileGrid,Size_1_x_1,,0,,1,track,sid_placeholder_917,2LOUD,,,,,,,2026-09-17T23:58:25Z
2026-09-23,v2:/e15571d15b3b77ce5cc0c5ec7234ac4604d952d6eb60c085e592c35a9fb95644,[VIRTUAL]1 x Say So for 500 MtxCurrency,500,500,0,0.0,0,2026-09-01T00:00:00Z,2026-09-30T23:59:59.999Z,1,0,-38,JT091826,Jam Tracks,180,expandableList,Size_1_x_1,,0,,1,track,sid_placeholder_69,Say So,,,,,,,2024-01-31T00:05:11Z
2026-09-23,v2:/1c8a40090e4c6f3f174bf47c7db87b036187e854e7640da9b61bc19898a5f58b,[VIRTUAL]1 x Regulate for 500 MtxCurrency,500,500,0,0.0,0,2026-09-01T00:00:00Z,2026-09-30T23:59:59.999Z,1,0,-60,JT091826,Jam Tracks,180,expandableList,Size_1_x_1,,0,,1,track,sid_placeholder_265,Regulate,,,,,,,2024-11-02T06:00:00Z
2026-09-23,v2:/127eb23283061a72ef1e9c6b9d624aa6cde4a3111dc124b7146fd97fd71810cd,[VIRTUAL]1 x Take On Me for 500 MtxCurrency,500,500,0,0.0,0,2026-09-01T00:00:00Z,2026-09-30T23:59:59.999Z,1,0,-76,JT091826,Jam Tracks,180,expandableList,Size_1_x_1,,0,,1,track,sid_placeholder_445,Take On Me,,,,,,,2024-12-05T14:58:09Z
2026-09-23,v2:/10abf0b1a0ad74000a356bab28653e2cafcc3d3e52b072fe3486aa4c92125d3f,"[VIRTUAL]1 x Hunger & Haste, 1 x Hunger & Haste for 800 MtxCurrency",800,800,0,0.0,0,2026-09-21T00:00:00Z,2026-09-27T23:59:59.999Z,1,0,-4,FND092326,Front Page,188,tileGrid,Size_1_x_1,,0,,2,br,Pickaxe_SharpCrave,Hunger & Haste,pickaxe,rare,,Dawning Apocalypse,7,4,2026-09-17T16:17:14Z
2026-09-23,v2:/10abf0b1a0ad74000a356bab28653e2cafcc3d3e52b072fe3486aa4c92125d3f,"[VIRTUAL]1 x Hunger & Haste, 1 x Hunger & Haste for 800 MtxCurrency",800,800,0,0.0,0,2026-09-21T00:00:00Z,2026-09-27T23:59:59.999Z,1,0,-4,FND092326,Front Page,188,tileGrid,Size_1_x_1,,0,,2,br,Backpack_SharpCrave,Hunger & Haste,backpack,rare,,Dawning Apocalypse,7,4,2026-09-17T16:17:14Z
2026-09-23,v2:/35ad10e4a89972de05b154fd5a7a8dbd7b5fa59c207811f8edcc096e6d6437fc,[VIRTUAL]1 x Poised Playmaker for 1200 MtxCurrency,1200,1200,0,0.0,0,2026-09-22T00:00:00Z,2026-09-28T23:59:59.999Z,1,0,-4,NS092226,No Sweat,186,tileGrid,Size_1_x_1,,0,,1,br,CID_149_Athena_Commando_F_SoccerGirlB,Poised Playmaker,outfit,rare,,Goalbound,1,4,2019-11-20T12:50:22Z
2026-09-23,v2:/b369a08e5dd8193d186cb99f8629ee7278d7f6da5bebee5be5e5eadb3d1c1dfb,[VIRTUAL]1 x Nike Dunk Hi 'Black Panda' for 1000 MtxCurrency,1000,1000,0,0.0,0,2026-09-19T00:00:00Z,2026-09-25T23:59:59.999Z,1,0,-1,FND092326,Front Page,188,tileGrid,Size_1_x_1,,0,,1,br,Shoes_ElbowGroutYin,Nike Dunk Hi 'Black Panda',shoe,uncommon,,NIKE Shoes,7,4,2026-09-17T16:17:14Z
2026-09-23,v2:/ff472e2a7ed843b83aad661457b9c3a441576dfa277bcb291ced4f5952aee484,[VIRTUAL]1 x Lok Block for 300 MtxCurrency,300,300,0,0.0,0,2026-09-20T00:00:00Z,2026-09-26T23:59:59.999Z,1,0,-4,,,,,Size_1_x_1,,0,,1,br,BID_767_AssembleL,Lok Block,backpack,rare,,Lok-Bot,2,7,2021-05-25T08:48:30Z
2026-09-23,v2:/1ad6d063a7e1e13e146a230d5d6a3421b0f89243bf68c27ae3fe0f9827ed2587,[VIRTUAL]1 x D0GB0T for 1200 MtxCurrency,1200,1200,0,0.0,0,2026-09-20T00:00:00Z,2026-09-26T23:59:59.999Z,1,0,-1,FND092326,Front Page,188,tileGrid,Size_1_x_1,,0,,1,br,Companion_ServoScout,D0GB0T,sidekick,uncommon,,G00D B0T,7,4,2026-09-17T16:17:14Z
2026-09-23,v2:/71aad6aa2bfe5e2ca2fd278bff639acc1ddb553c6412c5ea725fb54ef1a192f5,[VIRTUAL]1 x Maleficent's Scepter for 800 MtxCurrency,800,800,0,0.0,0,2026-09-22T00:00:00Z,2026-09-25T23:59:59.999Z,1,0,-1,,,,,Size_1_x_1,,0,,1,br,Pickaxe_MistressSombre,Maleficent's Scepter,pickaxe,rare,,Disney Villains,5,4,2024-10-19T00:00:00Z
2026-09-23,v2:/a4b671b2ebe050e75f14dd686085ad3cf34b3a8ff68b1c91b0e1797340c2d8e4,[VIRTUAL]1 x TBD (SID_Placeholder_528) for 500 MtxCurrency,500,500,0,0.0,0,2026-09-01T00:00:00Z,2026-09-30T23:59:59.999Z,1,0,-23,JT091826,Jam Tracks,180,expandableList,Size_1_x_1,,0,,1,track,sid_placeholder_528,I Want It That Way,,,,,,,2025-03-06T14:32:03Z
2026-09-23,v2:/36a6493f8d35f8f40db87cf2266430d9d89e6515ca890392914aae6ebf3157bb,[VIRTUAL]1 x TBD (SID_Placeholder_537) for 500 MtxCurrency,500,500,0,0.0,0,2026-09-01T00:00:00Z,2026-09-30T23:59:59.999Z,1,0,-29,JT091826,Jam Tracks,180,expandableList,Size_1_x_1,,0,,1,track,sid_placeholder_537,Please Please Please,,,,,,,2025-04-08T08:00:00Z
2026-09-23,v2:/e298631e15b306146c629bbffe45d622ab6b79f1c2090ebd8aa536a04246db53,[VIRTUAL]1 x Festival Lace for 800 MtxCurrency,800,800,0,0.0,0,2026-09-22T00:00:00Z,2026-09-28T23:59:59.999Z,1,0,-4,NS092226,No Sweat,186,tileGrid,Size_1_x_1,,0,,1,br,Character_StreetGothSummer,Festival Lace,outfit,uncommon,,,4,2,2023-04-05T00:00:00Z
2026-09-23,v2:/cbc774130f5a0c557acf4873aea7c63a2a5b97c52550282b485db29ea4bb9817,[VIRTUAL]1 x Hook's Flag for 300 MtxCurrency,300,300,0,0.0,0,2026-09-22T00:00:00Z,2026-09-25T23:59:59.999Z,1,0,-1,,,,,Size_1_x_1,,0,,1,br,Backpack_FlowerVase,Hook's Flag,backpack,rare,,Disney Villains,5,4,2024-10-19T00:00:00Z
2026-09-23,v2:/a58bff2ad927887ba85b4d926690cb4011b4cdf9d2c69e984b0fb303b8a603b1,[VIRTUAL]1 x Dee for 800 MtxCurrency,800,800,0,0.0,0,2026-09-23T00:00:00Z,2026-09-24T23:59:59.999Z,1,0,-1,BR092326,Fit Check,185,tileGrid,Size_1_x_1,,0,,1,br,Character_FineDining,Dee,outfit,epic,,,6,6,2025-11-02T20:05:32Z
2026-09-23,v2:/cf4a9f1dfc092e10ca8296609f93043def4d80464bf7a615d2ffd532960abf19,[VIRTUAL]1 x TBD (SID_Placeholder_852) for 500 MtxCurrency,500,500,0,0.0,0,2026-09-19T00:00:00Z,2026-10-02T23:59:59.999Z,1,0,-2,IronMouse,Ironmouse,192,tileGrid,Size_1_x_1,,0,,1,track,sid_placeholder_852,Meow,,,,,,,2026-09-16T14:45:02Z
2026-09-23,v2:/bb4ae9555c904515a71c07032eda0c4c54be5f1e7e5c48046f006945dbfbef52,[VIRTUAL]1 x TBD (SID_Placeholder_508) for 500 MtxCurrency,500,500,0,0.0,0,2026-09-01T00:00:00Z,2026-09-30T23:59:59.999Z,1,0,-82,JT091826,Jam Tracks,180,expandableList,Size_1_x_1,,0,,1,track,sid_placeholder_508,The Way I Are,,,,,,,2025-02-27T16:52:57Z
2026-09-23,v2:/b7f44f1a40a61b3318ba134d263b4665c4bfa65ffa87a0c137dbcc8041e64c3c,[VIRTUAL]1 x Toxic for 500 MtxCurrency,500,500,0,0.0,0,2026-09-01T00:00:00Z,2026-09-30T23:59:59.999Z,1,0,-37,JT091826,Jam Tracks,180,expandableList,Size_1_x_1,,0,,1,track,sid_placeholder_340,Toxic,,,,,,,2024-09-27T00:00:00Z
2026-09-23,v2:/e2ae4b6c24e881e126b35ed2cea5638da78d63c58c59324f999d692fcbf43596,"[VIRTUAL]1 x Adam Smasher, 1 x Adam Smasher's Shoulder Cannon for 1500 MtxCurrency",1500,1500,0,0.0,0,2026-09-22T00:00:00Z,2026-09-26T23:59:59.999Z,1,0,-1,Cyberpunk2077,Cyberpunk,190,tileGrid,Size_1_x_1,,0,,2,br,Character_GateMouse,Adam Smasher,outfit,gaminglegends,Gaming Legends Series,Night City Denizens,7,2,2026-04-01T08:41:08Z
2026-09-23,v2:/e2ae4b6c24e881e126b35ed2cea5638da78d63c58c59324f999d692fcbf43596,"[VIRTUAL]1 x Adam Smasher, 1 x Adam Smasher's Shoulder Cannon for 1500 MtxCurrency",1500,1500,0,0.0,0,2026-09-22T00:00:00Z,2026-09-26T23:59:59.999Z,1,0,-1,Cyberpunk2077,Cyberpunk,190,tileGrid,Size_1_x_1,,0,,2,br,Backpack_GateMouse,Adam Smasher's Shoulder Cannon,backpack,gaminglegends,Gaming Legends Series,Night City Denizens,7,2,2026-04-01T08:41:08Z
2026-09-23,v2:/9b1d2c56cd5d5bf08002f91dbdcdfe16df8f33d9a5673529fdeb7b6f6744c1a9,"[VIRTUAL]1 x Lok-Bot, 1 x Lok Block for -1 MtxCurrency",1200,1200,0,0.0,0,2026-09-20T00:00:00Z,2026-09-26T23:59:59.999Z,1,0,-4,FND092326,Front Page,188,tileGrid,Size_1_x_1,,1,Lok-Bot,2,br,CID_A_102_Athena_Commando_M_AssembleL,Lok-Bot,outfit,rare,,Lok-Bot,2,7,2021-05-25T08:48:30Z
2026-09-23,v2:/9b1d2c56cd5d5bf08002f91dbdcdfe16df8f33d9a5673529fdeb7b6f6744c1a9,"[VIRTUAL]1 x Lok-Bot, 1 x Lok Block for -1 MtxCurrency",1200,1200,0,0.0,0,2026-09-20T00:00:00Z,2026-09-26T23:59:59.999Z,1,0,-4,FND092326,Front Page,188,tileGrid,Size_1_x_1,,1,Lok-Bot,2,br,BID_767_AssembleL,Lok Block,backpack,rare,,Lok-Bot,2,7,2021-05-25T08:48:30Z
2026-09-23,v2:/b052d0cc214810c943fb83304e81a8149d43caed49c7a70054212d6a49388391,"[VIRTUAL]1 x Cutting Words, 1 x Rebel Authority, 1 x Sl1c3 // D1c3 for -1 MtxCurrency",2400,1200,1200,0.5,1,2026-09-22T00:00:00Z,2026-09-24T23:59:59.999Z,1,0,-2,BR092326,Fit Check,185,tileGrid,Size_2_x_1,,1,Infiltration Tools Pack,3,br,Pickaxe_ID_574_SailorSquadLeaderFemale1H,Cutting Words,pickaxe,rare,,//R.E.M.Wakers//,2,6,2021-03-30T09:14:15Z
2026-09-23,v2:/b052d0cc214810c943fb83304e81a8149d43caed49c7a70054212d6a49388391,"[VIRTUAL]1 x Cutting Words, 1 x Rebel Authority, 1 x Sl1c3 // D1c3 for -1 MtxCurrency",2400,1200,1200,0.5,1,2026-09-22T00:00:00Z,2026-09-24T23:59:59.999Z,1,0,-2,BR092326,Fit Check,185,tileGrid,Size_2_x_1,,1,Infiltration Tools Pack,3,br,Pickaxe_ID_575_SailorSquadRebelFemale1H,Rebel Authority,pickaxe,rare,,//R.E.M.Wakers//,2,6,2021-03-30T09:14:15Z
2026-09-23,v2:/b052d0cc214810c943fb83304e81a8149d43caed49c7a70054212d6a49388391,"[VIRTUAL]1 x Cutting Words, 1 x Rebel Authority, 1 x Sl1c3 // D1c3 for -1 MtxCurrency",2400,1200,1200,0.5,1,2026-09-22T00:00:00Z,2026-09-24T23:59:59.999Z,1,0,-2,BR092326,Fit Check,185,tileGrid,Size_2_x_1,,1,Infiltration Tools Pack,3,br,Pickaxe_ID_576_SailorSquadRoseFemale1H,Sl1c3 // D1c3,pickaxe,rare,,//R.E.M.Wakers//,2,6,2021-03-30T09:14:15Z
2026-09-23,v2:/0d0920653f151209e32c49beaf8a8f776f2a9b1e4577a46d72f09dba881dac36,[VIRTUAL]1 x Twilight Trill for 300 MtxCurrency,300,300,0,0.0,0,2026-09-21T00:00:00Z,2026-09-24T23:59:59.999Z,1,0,-3,Honkai,Honkai Star Rail,184,tileGrid,Size_1_x_1,,0,,1,br,Backpack_TweakSmirk,Twilight Trill,backpack,gaminglegends,Gaming Legends Series,Honkai: Star Rail,7,1,2026-02-27T00:00:00Z
2026-09-23,v2:/e4bc2cc62b8c52ac4e22ba4130bae0ae6f6a506bd21657659f0c8951542ad587,[VIRTUAL]1 x Killing In The Name for 500 MtxCurrency,500,500,0,0.0,0,2026-09-01T00:00:00Z,2026-09-30T23:59:59.999Z,1,0,-94,JT091826,Jam Tracks,180,expandableList,Size_1_x_1,,0,,1,track,sid_placeholder_202,Killing In The Name,,,,,,,2024-04-30T14:34:03Z
2026-09-23,v2:/8a9bc634929cd71b9025404ab32717f1f637e7d3e68a73efd7b1dac8ee3da1d9,[VIRTUAL]1 x Broccoli for 500 MtxCurrency,500,500,0,0.0,0,2026-09-01T00:00:00Z,2026-09-30T23:59:59.999Z,1,0,-77,JT091826,Jam Tracks,180,expandableList,Size_1_x_1,,0,,1,track,sid_placeholder_284,Broccoli,,,,,,,2024-08-29T13:33:26Z
2026-09-23,v2:/634cbd6653e9d1ff9765fa237dbc57000d30de573b449b5b8cc769758a41d988,[VIRTUAL]1 x Get Griddy for 500 MtxCurrency,500,500,0,0.0,0,2026-09-22T00:00:00Z,2026-09-25T23:59:59.999Z,1,0,-1,VV092226,Hype Squad,189,tileGrid,Size_1_x_1,,0,,1,br,EID_Griddles,Get Griddy,emote,icon,Icon Series,,2,6,2021-04-27T08:24:16Z
2026-09-23,v2:/6e7c186dbfadd0cfd2c249fdb5cc24376ae9e308b9930bb7d08a95f3badfbf71,[VIRTUAL]1 x Line Dancin' for 500 MtxCurrency,500,500,0,0.0,0,2026-09-22T00:00:00Z,2026-09-25T23:59:59.999Z,1,0,-2,VV092226,Hype Squad,189,tileGrid,Size_1_x_1,,0,,1,br,EID_Chorus,Line Dancin',emote,icon,Icon Series,,5,4,2024-09-06T00:00:00Z
2026-09-23,v2:/ef331444fe4cd22abb0af573611500b8e76f967de1e165274f5878c5317fd6bc,[VIRTUAL]1 x Scythe of the Pale for 800 MtxCurrency,800,800,0,0.0,0,2026-09-21T00:00:00Z,2026-09-27T23:59:59.999Z,1,0,-2,FND092326,Front Page,188,tileGrid,Size_1_x_1,,0,,1,br,Pickaxe_GrizzlyDemise,Scythe of the Pale,pickaxe,rare,,Dawning Apocalypse,7,4,2026-09-17T16:17:14Z
2026-09-23,v2:/96c063ae2c6273467773e05aea3564041b9c505a0a10f5e51846e74b58578092,[VIRTUAL]1 x Blank for 400 MtxCurrency,400,400,0,0.0,0,2026-09-17T00:00:00Z,2026-10-01T23:59:59.999Z,1,0,-1,KingdomHearts,Kingdom Hearts ,196,tileGrid,Size_1_x_1,,0,,1,car,Wheel_OpticOrange02,Heartless,wheel,uncommon,,,,,2026-09-17T08:00:00Z
2026-09-23,v2:/b4ece4ec38c8b98c57e7f1e0174817de5c52d94f7db1041652416660c598c79c,[VIRTUAL]1 x Nissan 350Z for 400 MtxCurrency,400,400,0,0.0,0,2026-09-21T00:00:00Z,2026-09-27T23:59:59.999Z,1,0,-1,,,,,Size_3_x_1,,0,,1,car,Wheel_ZedThirty01,Nissan 350Z,wheel,uncommon,NISSAN SERIES,,,,2026-04-30T09:17:44Z
2026-09-23,v2:/7d7eb96db68612c4f2d3f2dc7533ccb41e9a8e0fba79b1b55d55f2d5cc004c0a,[VIRTUAL]1 x Flathead for 400 MtxCurrency,400,400,0,0.0,0,2026-09-22T00:00:00Z,2026-09-26T23:59:59.999Z,1,0,-2,,,,,Size_1_x_1,,0,,1,br,Backpack_FreightCalf,Flathead,backpack,gaminglegends,Gaming Legends Series,Night City Denizens,6,1,2024-12-22T14:02:32Z
2026-09-23,v2:/e6c708fb466f00bf09df0e01411108567a95cd0ef3aad00b477463eaf281eaf0,[VIRTUAL]1 x Dozy Dreamer for 800 MtxCurrency,800,800,0,0.0,0,2026-09-20T00:00:00Z,2026-09-26T23:59:59.999Z,1,0,-2,FND092326,Front Page,188,tileGrid,Size_1_x_1,,0,,1,br,Character_SleepyUni,Dozy Dreamer,outfit,epic,,"Good Night, Sweet Dreams",6,5,2025-10-02T12:10:53Z
2026-09-23,v2:/bc57d80b3ee7ec352cd03ec028b10be13932530b8e00b32b50e5a56283cf8420,[VIRTUAL]1 x Everybody (Backstreet's Back) for 500 MtxCurrency,500,500,0,0.0,0,2026-09-01T00:00:00Z,2026-09-30T23:59:59.999Z,1,0,-90,JT091826,Jam Tracks,180,expandableList,Size_1_x_1,,0,,1,track,sid_placeholder_432,Everybody (Backstreet's Back),,,,,,,2024-11-27T14:32:37Z
2026-09-23,v2:/3789aa5bd7ccd0dfea74d46f0d976a50c0c0ce6b32ea4dd4160e6cd7e503224a,[VIRTUAL]1 x PAC-MAN for 500 MtxCurrency,500,500,0,0.0,0,2026-09-19T00:00:00Z,2026-09-25T23:59:59.999Z,1,0,-2,PacMan,PAC-MAN,183,tileGrid,Size_1_x_1,Backbling transforms when taking damage or while knocked down! Backbling reacts to movement!,0,,1,br,BID_A_009_Grapefruit,PAC-MAN,backpack,gaminglegends,Gaming Legends Series,PAC-MAN,3,2,2022-06-02T00:00:00Z
2026-09-23,v2:/57bfe1a30b5640623d95b1f7eafa67ee9905878ba55b68161467d19182e7660d,[VIRTUAL]1 x Vector Shroud for 400 MtxCurrency,400,400,0,0.0,0,2026-09-22T00:00:00Z,2026-09-24T23:59:59.999Z,1,0,-1,FriendlyMachine,FriendlyMachine's Locker,179,tileGrid,Size_1_x_1,,0,,1,br,Backpack_IonVial,Vector Shroud,backpack,rare,,,4,4,2023-10-07T00:00:00Z
2026-09-23,v2:/03d19d16aeba90323fadd780617fa24e33c732503ee960f954b8c60496c0aa22,[VIRTUAL]1 x Heartwave for 300 MtxCurrency,300,300,0,0.0,0,2026-09-20T00:00:00Z,2026-09-23T23:59:59.999Z,1,0,-4,PablloVittar,Pabllo Vittar's Locker ,178,tileGrid,Size_1_x_1,,0,,1,br,Wrap_503_FuzzyBearSummer,Heartwave,wrap,uncommon,,Beary Cuddly,3,3,2022-07-18T12:38:54Z
2026-09-23,v2:/21b66d0ede657f2e32d621e4555198e88abf0c1f3b82869ff978da80e02ebc47,"[VIRTUAL]1 x Decora Ironmouse, 1 x Ironmouse Worm for -1 MtxCurrency",1500,1500,0,0.0,0,2026-09-19T00:00:00Z,2026-10-02T23:59:59.999Z,1,0,-1,IronMouse,Ironmouse,192,tileGrid,Size_1_x_1,,0,,2,br,Character_FeelUnionMoo,Decora Ironmouse,outfit,epic,,Ironmouse,7,4,2026-09-17T16:17:14Z
2026-09-23,v2:/21b66d0ede657f2e32d621e4555198e88abf0c1f3b82869ff978da80e02ebc47,"[VIRTUAL]1 x Decora Ironmouse, 1 x Ironmouse Worm for -1 MtxCurrency",1500,1500,0,0.0,0,2026-09-19T00:00:00Z,2026-10-02T23:59:59.999Z,1,0,-1,IronMouse,Ironmouse,192,tileGrid,Size_1_x_1,,0,,2,br,Backpack_FeelUnionMoo,Ironmouse Worm,backpack,rare,,Ironmouse,7,4,2026-09-17T16:17:14Z
2026-09-23,v2:/79acac3027e07dc7397ecc0333c1c3746004467e8a41b05faf605ab0c767e736,[VIRTUAL]1 x Saddle Bag for 300 MtxCurrency,300,300,0,0.0,0,2026-09-21T00:00:00Z,2026-09-24T23:59:59.999Z,1,0,-2,,,,,Size_1_x_1,,0,,1,br,BID_376_CODSquad_Plaid,Saddle Bag,backpack,rare,,Wild Frontier,2,1,2019-11-20T12:50:31Z
2026-09-23,v2:/a5770ce343164772ed968cfb732b354bce2c9f16a438d1a1cc58eda1f85d7347,[VIRTUAL]1 x Black Hole Sun for 500 MtxCurrency,500,500,0,0.0,0,2026-09-01T00:00:00Z,2026-09-30T23:59:59.999Z,1,0,-10,JT091826,Jam Tracks,180,expandableList,Size_1_x_1,,0,,1,track,sid_placeholder_100,Black Hole Sun,,,,,,,2024-02-22T10:58:10Z
2026-09-23,v2:/94f2fa7ec7a184129906dd3a6471911d162497aab2263b824712151dde755649,[VIRTUAL]1 x Lil' Gummi Ship for 500 MtxCurrency,500,500,0,0.0,0,2026-09-17T00:00:00Z,2026-10-01T23:59:59.999Z,1,0,-4,KingdomHearts,Kingdom Hearts ,196,tileGrid,Size_1_x_1,,0,,1,br,EID_SpireTendFlight,Lil' Gummi Ship,emote,gaminglegends,Gaming Legends Series,Kingdom Hearts,7,4,2026-09-17T08:00:00Z
2026-09-23,v2:/7656755e79ab18b846c3ee22d7fff6bbc5073ba1fc562530485fd1744700cddb,[VIRTUAL]1 x Skyward for 500 MtxCurrency,500,500,0,0.0,0,2026-09-22T00:00:00Z,2026-09-25T23:59:59.999Z,1,0,-4,VV092226,Hype Squad,189,tileGrid,Size_1_x_1,,0,,1,br,EID_Apollo,Skyward,emote,icon,Icon Series,,6,1,2024-12-29T00:00:00Z
2026-09-23,v2:/c4eb3f33d1178fa70e0456be4bb83afc567ffdf178e106e0e8801788e7367299,[VIRTUAL]1 x TBD (SID_Placeholder_706) for 500 MtxCurrency,500,500,0,0.0,0,2026-09-01T00:00:00Z,2026-09-30T23:59:59.999Z,1,0,-20,JT091826,Jam Tracks,180,expandableList,Size_1_x_1,,0,,1,track,sid_placeholder_706,EVIL J0RDAN,,,,,,,2025-12-11T17:20:09Z
2026-09-23,v2:/c85738b91e57d83d959c29d96919df91b8d3170a387221eaf7c1174544b01bb5,[VIRTUAL]1 x TBD (SID_Placeholder_496) for 500 MtxCurrency,500,500,0,0.0,0,2026-09-01T00:00:00Z,2026-09-30T23:59:59.999Z,1,0,-45,JT091826,Jam Tracks,180,expandableList,Size_1_x_1,,0,,1,track,sid_placeholder_496,Ain't It Fun,,,,,,,2025-03-18T15:58:31Z
2026-09-23,v2:/36c8b394b58d03b5988a566d2706a68df090069919cf465667ee3a609b40285b,[VIRTUAL]1 x The Spins for 500 MtxCurrency,500,500,0,0.0,0,2026-09-01T00:00:00Z,2026-09-30T23:59:59.999Z,1,0,-73,JT091826,Jam Tracks,180,expandableList,Size_1_x_1,,0,,1,track,sid_placeholder_334,The Spins,,,,,,,2024-10-24T14:53:04Z
2026-09-23,v2:/ff9fa9a2314bb13ed5d1f2d1e05e054f952b754af81404e51ec945872122b6d4,"[VIRTUAL]1 x Identity Disc, 1 x Identity Disc for -1 MtxCurrency",500,500,0,0.0,0,2026-09-22T00:00:00Z,2026-09-25T23:59:59.999Z,1,0,-1,,,,,Size_1_x_1,,0,,2,br,Pickaxe_ID_546_MainframeMale_XW9S6,Identity Disc,pickaxe,rare,,End of Line,2,5,2021-02-12T00:00:00Z
2026-09-23,v2:/ff9fa9a2314bb13ed5d1f2d1e05e054f952b754af81404e51ec945872122b6d4,"[VIRTUAL]1 x Identity Disc, 1 x Identity Disc for -1 MtxCurrency",500,500,0,0.0,0,2026-09-22T00:00:00Z,2026-09-25T23:59:59.999Z,1,0,-1,,,,,Size_1_x_1,,0,,2,br,BID_699_MainframeMale_2W2M3,Identity Disc,backpack,rare,,End of Line,2,5,2021-02-12T00:00:00Z
2026-09-23,v2:/d4c8675935206d57fddf36ac07f49cd99537abed881497d5d44763e5f449f021,[VIRTUAL]1 x Tactical Grunt Legionnaire for 800 MtxCurrency,800,800,0,0.0,0,2026-09-19T00:00:00Z,2026-09-25T23:59:59.999Z,1,0,-3,FND092326,Front Page,188,tileGrid,Size_1_x_1,,0,,1,br,Character_EchoAngel,Tactical Grunt Legionnaire,outfit,common,,Legion Security Elite,6,2,2025-03-11T08:32:47Z
2026-09-23,v2:/81a7b7f44bca68fa06b7b463f835969eb1106aea4f134a73bba9f22def7d4683,"[VIRTUAL]1 x IShowSpeed, 1 x Speed Cam for -1 MtxCurrency",1500,1500,0,0.0,0,2026-09-20T00:00:00Z,2026-09-23T23:59:59.999Z,1,0,-3,ishowspeed3,iShowSpeed,177,tileGrid,Size_2_x_1,,1,IShowSpeed,2,br,Character_HonorBraceJoust,IShowSpeed,outfit,icon,Icon Series,IShowSpeed,7,1,2025-12-25T00:00:00Z
2026-09-23,v2:/81a7b7f44bca68fa06b7b463f835969eb1106aea4f134a73bba9f22def7d4683,"[VIRTUAL]1 x IShowSpeed, 1 x Speed Cam for -1 MtxCurrency",1500,1500,0,0.0,0,2026-09-20T00:00:00Z,2026-09-23T23:59:59.999Z,1,0,-3,ishowspeed3,iShowSpeed,177,tileGrid,Size_2_x_1,,1,IShowSpeed,2,br,Backpack_HonorBraceJoust,Speed Cam,backpack,icon,Icon Series,IShowSpeed,7,1,2025-12-25T00:00:00Z
2026-09-23,v2:/a3af937896ee16e4372a98352d35d7c5dc88a11a5b663c1f647d0313d5043db2,[VIRTUAL]1 x Aeronaut for 1200 MtxCurrency,1200,1200,0,0.0,0,2026-09-23T00:00:00Z,2026-09-29T23:59:59.999Z,1,0,-3,FND092326,Front Page,188,tileGrid,Size_1_x_1,,0,,1,br,CID_518_Athena_Commando_M_WWII_PilotSciFi,Aeronaut,outfit,rare,,Sky Stalker,1,X,2019-11-20T12:49:51Z
2026-09-23,v2:/5776a77a83c30877eb9a2c2a7041bcde12bc499946486781cf8336be096121de,"[VIRTUAL]1 x Dominus GT, 1 x General Grievous, 1 x Dominus GT, 1 x Dominus GT, 1 x Dominus GT, 1 x Dominus GT, 1 x Dominus GT, 1 x Dominus GT, 1 x Dominus GT, 1 x Dominus GT, 1 x Dominus GT, 1 x Dominus GT, 1 x Dominus GT, 1 x Dominus GT, 1 x Dominus GT, 1 x Flames, 1 x Protractor, 1 x Stripes, 1 x Sunburst, 1 x Techno, 1 x Wings for -1 MtxCurrency",1500,1500,0,0.0,0,2026-09-23T00:00:00Z,2026-09-29T23:59:59.999Z,1,0,-1,DominusGT,Dominus GT,176,tileGrid,Size_3_x_1,Decals in this bundle are restricted to the <highlight>DOMINUS GT</> car body.,1,Dominus GT,7,car,CarSkin_Musclecar2EvilOrnament01,General Grievous,skin,starwars,Star Wars Series,,,,2025-05-02T13:15:04Z
2026-09-23,v2:/5776a77a83c30877eb9a2c2a7041bcde12bc499946486781cf8336be096121de,"[VIRTUAL]1 x Dominus GT, 1 x General Grievous, 1 x Dominus GT, 1 x Dominus GT, 1 x Dominus GT, 1 x Dominus GT, 1 x Dominus GT, 1 x Dominus GT, 1 x Dominus GT, 1 x Dominus GT, 1 x Dominus GT, 1 x Dominus GT, 1 x Dominus GT, 1 x Dominus GT, 1 x Dominus GT, 1 x Flames, 1 x Protractor, 1 x Stripes, 1 x Sunburst, 1 x Techno, 1 x Wings for -1 MtxCurrency",1500,1500,0,0.0,0,2026-09-23T00:00:00Z,2026-09-29T23:59:59.999Z,1,0,-1,DominusGT,Dominus GT,176,tileGrid,Size_3_x_1,Decals in this bundle are restricted to the <highlight>DOMINUS GT</> car body.,1,Dominus GT,7,car,CarSkin_MuscleCar2Flames,Flames,skin,common,,,,,2024-03-08T08:00:00Z
2026-09-23,v2:/5776a77a83c30877eb9a2c2a7041bcde12bc499946486781cf8336be096121de,"[VIRTUAL]1 x Dominus GT, 1 x General Grievous, 1 x Dominus GT, 1 x Dominus GT, 1 x Dominus GT, 1 x Dominus GT, 1 x Dominus GT, 1 x Dominus GT, 1 x Dominus GT, 1 x Dominus GT, 1 x Dominus GT, 1 x Dominus GT, 1 x Dominus GT, 1 x Dominus GT, 1 x Dominus GT, 1 x Flames, 1 x Protractor, 1 x Stripes, 1 x Sunburst, 1 x Techno, 1 x Wings for -1 MtxCurrency",1500,1500,0,0.0,0,2026-09-23T00:00:00Z,2026-09-29T23:59:59.999Z,1,0,-1,DominusGT,Dominus GT,176,tileGrid,Size_3_x_1,Decals in this bundle are restricted to the <highlight>DOMINUS GT</> car body.,1,Dominus GT,7,car,CarSkin_MuscleCar2Protractor,Protractor,skin,common,,,,,2024-03-08T08:00:00Z
2026-09-23,v2:/5776a77a83c30877eb9a2c2a7041bcde12bc499946486781cf8336be096121de,"[VIRTUAL]1 x Dominus GT, 1 x General Grievous, 1 x Dominus GT, 1 x Dominus GT, 1 x Dominus GT, 1 x Dominus GT, 1 x Dominus GT, 1 x Dominus GT, 1 x Dominus GT, 1 x Dominus GT, 1 x Dominus GT, 1 x Dominus GT, 1 x Dominus GT, 1 x Dominus GT, 1 x Dominus GT, 1 x Flames, 1 x Protractor, 1 x Stripes, 1 x Sunburst, 1 x Techno, 1 x Wings for -1 MtxCurrency",1500,1500,0,0.0,0,2026-09-23T00:00:00Z,2026-09-29T23:59:59.999Z,1,0,-1,DominusGT,Dominus GT,176,tileGrid,Size_3_x_1,Decals in this bundle are restricted to the <highlight>DOMINUS GT</> car body.,1,Dominus GT,7,car,CarSkin_MuscleCar2Stripes,Stripes,skin,common,,,,,2024-03-08T08:00:00Z
2026-09-23,v2:/5776a77a83c30877eb9a2c2a7041bcde12bc499946486781cf8336be096121de,"[VIRTUAL]1 x Dominus GT, 1 x General Grievous, 1 x Dominus GT, 1 x Dominus GT, 1 x Dominus GT, 1 x Dominus GT, 1 x Dominus GT, 1 x Dominus GT, 1 x Dominus GT, 1 x Dominus GT, 1 x Dominus GT, 1 x Dominus GT, 1 x Dominus GT, 1 x Dominus GT, 1 x Dominus GT, 1 x Flames, 1 x Protractor, 1 x Stripes, 1 x Sunburst, 1 x Techno, 1 x Wings for -1 MtxCurrency",1500,1500,0,0.0,0,2026-09-23T00:00:00Z,2026-09-29T23:59:59.999Z,1,0,-1,DominusGT,Dominus GT,176,tileGrid,Size_3_x_1,Decals in this bundle are restricted to the <highlight>DOMINUS GT</> car body.,1,Dominus GT,7,car,CarSkin_MuscleCar2Sunburst,Sunburst,skin,common,,,,,2024-03-08T08:00:00Z
2026-09-23,v2:/5776a77a83c30877eb9a2c2a7041bcde12bc499946486781cf8336be096121de,"[VIRTUAL]1 x Dominus GT, 1 x General Grievous, 1 x Dominus GT, 1 x Dominus GT, 1 x Dominus GT, 1 x Dominus GT, 1 x Dominus GT, 1 x Dominus GT, 1 x Dominus GT, 1 x Dominus GT, 1 x Dominus GT, 1 x Dominus GT, 1 x Dominus GT, 1 x Dominus GT, 1 x Dominus GT, 1 x Flames, 1 x Protractor, 1 x Stripes, 1 x Sunburst, 1 x Techno, 1 x Wings for -1 MtxCurrency",1500,1500,0,0.0,0,2026-09-23T00:00:00Z,2026-09-29T23:59:59.999Z,1,0,-1,DominusGT,Dominus GT,176,tileGrid,Size_3_x_1,Decals in this bundle are restricted to the <highlight>DOMINUS GT</> car body.,1,Dominus GT,7,car,CarSkin_MuscleCar2Techno,Techno,skin,common,,,,,2024-03-08T08:00:00Z
2026-09-23,v2:/5776a77a83c30877eb9a2c2a7041bcde12bc499946486781cf8336be096121de,"[VIRTUAL]1 x Dominus GT, 1 x General Grievous, 1 x Dominus GT, 1 x Dominus GT, 1 x Dominus GT, 1 x Dominus GT, 1 x Dominus GT, 1 x Dominus GT, 1 x Dominus GT, 1 x Dominus GT, 1 x Dominus GT, 1 x Dominus GT, 1 x Dominus GT, 1 x Dominus GT, 1 x Dominus GT, 1 x Flames, 1 x Protractor, 1 x Stripes, 1 x Sunburst, 1 x Techno, 1 x Wings for -1 MtxCurrency",1500,1500,0,0.0,0,2026-09-23T00:00:00Z,2026-09-29T23:59:59.999Z,1,0,-1,DominusGT,Dominus GT,176,tileGrid,Size_3_x_1,Decals in this bundle are restricted to the <highlight>DOMINUS GT</> car body.,1,Dominus GT,7,car,CarSkin_MuscleCar2Wings,Wings,skin,common,,,,,2024-03-08T08:00:00Z
2026-09-23,v2:/1ec6d633dc4f938b35df69f9ead9a23766b74c2a20325ea1e1db4d0f505c43ae,"[VIRTUAL]1 x Bandwidth, 1 x Identity Disc, 1 x Identity Disc for -1 MtxCurrency",1500,1500,0,0.0,0,2026-09-22T00:00:00Z,2026-09-25T23:59:59.999Z,1,0,-1,badguys,Disney,195,tileGrid,Size_1_x_1,Equip the <highlight>IDENTITY DISC</> as a <highlight>BACK BLING</> or <highlight>PICKAXE</>!,1,Bandwidth,3,br,CID_A_021_Athena_Commando_F_Mainframe_E_L34E4,Bandwidth,outfit,rare,,End of Line,2,5,2021-02-12T00:00:00Z
2026-09-23,v2:/1ec6d633dc4f938b35df69f9ead9a23766b74c2a20325ea1e1db4d0f505c43ae,"[VIRTUAL]1 x Bandwidth, 1 x Identity Disc, 1 x Identity Disc for -1 MtxCurrency",1500,1500,0,0.0,0,2026-09-22T00:00:00Z,2026-09-25T23:59:59.999Z,1,0,-1,badguys,Disney,195,tileGrid,Size_1_x_1,Equip the <highlight>IDENTITY DISC</> as a <highlight>BACK BLING</> or <highlight>PICKAXE</>!,1,Bandwidth,3,br,BID_699_MainframeMale_2W2M3,Identity Disc,backpack,rare,,End of Line,2,5,2021-02-12T00:00:00Z
2026-09-23,v2:/1ec6d633dc4f938b35df69f9ead9a23766b74c2a20325ea1e1db4d0f505c43ae,"[VIRTUAL]1 x Bandwidth, 1 x Identity Disc, 1 x Identity Disc for -1 MtxCurrency",1500,1500,0,0.0,0,2026-09-22T00:00:00Z,2026-09-25T23:59:59.999Z,1,0,-1,badguys,Disney,195,tileGrid,Size_1_x_1,Equip the <highlight>IDENTITY DISC</> as a <highlight>BACK BLING</> or <highlight>PICKAXE</>!,1,Bandwidth,3,br,Pickaxe_ID_546_MainframeMale_XW9S6,Identity Disc,pickaxe,rare,,End of Line,2,5,2021-02-12T00:00:00Z
2026-09-23,v2:/47c13500e845401fde490304b61148b867cddfc91fbd3b4b06d49b4e3943375a,"[VIRTUAL]1 x Keyblade, 1 x Keyblade for 800 MtxCurrency",800,800,0,0.0,0,2026-09-17T00:00:00Z,2026-10-01T23:59:59.999Z,1,0,-2,KingdomHearts,Kingdom Hearts ,196,tileGrid,Size_1_x_1,,0,,2,br,Pickaxe_SpireTend,Keyblade,pickaxe,gaminglegends,Gaming Legends Series,Kingdom Hearts,7,4,2026-09-17T08:00:00Z
2026-09-23,v2:/47c13500e845401fde490304b61148b867cddfc91fbd3b4b06d49b4e3943375a,"[VIRTUAL]1 x Keyblade, 1 x Keyblade for 800 MtxCurrency",800,800,0,0.0,0,2026-09-17T00:00:00Z,2026-10-01T23:59:59.999Z,1,0,-2,KingdomHearts,Kingdom Hearts ,196,tileGrid,Size_1_x_1,,0,,2,br,Backpack_SpireTend,Keyblade,backpack,gaminglegends,Gaming Legends Series,Kingdom Hearts,7,4,2026-09-17T08:00:00Z
2026-09-23,v2:/aed6d706756c669a6c3d033b3268c74bfec935af8b0bec5ae06f81464a645359,[VIRTUAL]1 x In The End for 500 MtxCurrency,500,500,0,0.0,0,2026-09-01T00:00:00Z,2026-09-30T23:59:59.999Z,1,0,-11,JT091826,Jam Tracks,180,expandableList,Size_1_x_1,,0,,1,track,sid_placeholder_298,In The End,,,,,,,2024-08-29T13:33:26Z
2026-09-23,v2:/142872dd39d551ddf063c42474349828399c777d73786eec672fc8352dd49164,[VIRTUAL]1 x TBD (SID_Placeholder_779) for 500 MtxCurrency,500,500,0,0.0,0,2026-09-01T00:00:00Z,2026-09-30T23:59:59.999Z,1,0,-51,JT091826,Jam Tracks,180,expandableList,Size_1_x_1,,0,,1,track,sid_placeholder_779,back to friends,,,,,,,2026-04-16T08:01:05Z
2026-09-23,v2:/ec51c5145c308b9595fa37cbaf1a20b2557d76b8064513baf7524faefe2b4f8c,[VIRTUAL]1 x Converse Chuck Taylor 'Clouds' for 1000 MtxCurrency,1000,1000,0,0.0,0,2026-09-20T00:00:00Z,2026-09-26T23:59:59.999Z,1,0,-1,FND092326,Front Page,188,tileGrid,Size_1_x_1,,0,,1,br,Shoes_WagedDusk,Converse Chuck Taylor 'Clouds',shoe,uncommon,,Converse Shoes,7,4,2026-09-17T16:17:14Z
2026-09-23,v2:/ee7b4105f44ef4de9c8ca179de7af0e6b848cb516688b54d932e7c76d5682fb2,[VIRTUAL]1 x FNCS Scythe for 500 MtxCurrency,500,500,0,0.0,0,2026-09-23T00:00:00Z,2026-09-30T23:59:59.999Z,1,0,-2,CyberFNCS1,FNCS,197,tileGrid,Size_1_x_1,,0,,1,br,Pickaxe_FNCS_42,FNCS Scythe,pickaxe,uncommon,,Final Reckoning,7,4,2026-09-17T16:17:14Z
2026-09-23,v2:/4babd74eb87d11933c62fcedc1581bbce8240cb0529e212958b4856576420ea0,[VIRTUAL]1 x TBD (SID_Placeholder_299) for 500 MtxCurrency,500,500,0,0.0,0,2026-09-01T00:00:00Z,2026-09-30T23:59:59.999Z,1,0,-36,JT091826,Jam Tracks,180,expandableList,Size_1_x_1,,0,,1,track,sid_placeholder_299,I Write Sins Not Tragedies,,,,,,,2025-01-23T15:05:07Z
2026-09-23,v2:/dc5254c9ca862788e5c4559b1636b5f784d45c920b5c73f1f45da48e8d6a311d,[VIRTUAL]1 x Used Racket for 300 MtxCurrency,300,300,0,0.0,0,2026-09-22T00:00:00Z,2026-09-28T23:59:59.999Z,1,0,-2,,,,,Size_1_x_1,,0,,1,br,BID_204_TennisFemale,Used Racket,backpack,rare,,,1,7,2019-11-20T12:50:36Z
2026-09-23,v2:/76c73e56ad641b82abcc8d8430fb3b23f69be57806f93ed4756b34de22be34d2,[VIRTUAL]1 x Ark Wings for 400 MtxCurrency,400,400,0,0.0,0,2026-09-23T00:00:00Z,2026-09-23T23:59:59.999Z,1,0,-2,,,,,Size_1_x_1,,0,,1,br,BID_178_Angel,Ark Wings,backpack,legendary,,Eternal Struggle,1,7,2019-11-20T12:50:37Z
2026-09-23,v2:/7a1f6ea61e86946e4830e0b7e5aa9fba8ac491b48d8c316278ea17ab430030d5,[VIRTUAL]1 x Carry on Wayward Son for 500 MtxCurrency,500,500,0,0.0,0,2026-09-01T00:00:00Z,2026-09-30T23:59:59.999Z,1,0,-43,JT091826,Jam Tracks,180,expandableList,Size_1_x_1,,0,,1,track,sid_placeholder_11,Carry on Wayward Son,,,,,,,2024-03-20T00:05:45Z
2026-09-23,v2:/cba396da5a046fcace24ec9d12ada8979ce208ee18f1ee017805dec40761038a,[VIRTUAL]1 x TBD (SID_Placeholder_904) for 500 MtxCurrency,500,500,0,0.0,0,2026-09-17T00:00:00Z,2026-10-01T23:59:59.999Z,1,0,-3,KingdomHearts,Kingdom Hearts ,196,tileGrid,Size_1_x_1,,0,,1,track,sid_placeholder_904,Dearly Beloved,,,,,,,2026-09-15T14:22:50Z
2026-09-23,v2:/a4ca1978a94102295b6bf2e67049ed79acffa8e6ded5237247832ed98b042286,[VIRTUAL]1 x The Flame of Siege for 800 MtxCurrency,800,800,0,0.0,0,2026-09-21T00:00:00Z,2026-09-27T23:59:59.999Z,1,0,-3,FND092326,Front Page,188,tileGrid,Size_1_x_1,,0,,1,br,Pickaxe_GulchTruce,The Flame of Siege,pickaxe,rare,,Dawning Apocalypse,7,4,2026-09-17T16:17:14Z
2026-09-23,v2:/7db9607eb7ce3a20df68fd1aeae8b0d84f9483f0523db15dbce1106f46c16241,[VIRTUAL]1 x Areta's War Cape for 300 MtxCurrency,300,300,0,0.0,0,2026-09-21T00:00:00Z,2026-09-27T23:59:59.999Z,1,0,-2,FND092326,Front Page,188,tileGrid,Size_1_x_1,,0,,1,br,Backpack_GulchTruce,Areta's War Cape,backpack,rare,,Dawning Apocalypse,7,4,2026-09-17T16:17:14Z
2026-09-23,v2:/3509df43725f18fc96a6a401ffdc56e503e0cbb603df6d03bcb6a6cf28748e7f,[VIRTUAL]1 x Blinding Lights for 500 MtxCurrency,500,500,0,0.0,0,2026-09-01T00:00:00Z,2026-09-30T23:59:59.999Z,1,0,-28,JT091826,Jam Tracks,180,expandableList,Size_1_x_1,,0,,1,track,sid_placeholder_93,Blinding Lights,,,,,,,2024-01-05T21:55:08Z
2026-09-23,v2:/3e627cc8161ac2bcd046945facd37ef0a56461e6b71032e051d406e97e18317f,"[VIRTUAL]1 x Synapse, 1 x Holo-pack for -1 MtxCurrency",1500,1500,0,0.0,0,2026-09-22T00:00:00Z,2026-09-28T23:59:59.999Z,1,0,-3,NS092226,No Sweat,186,tileGrid,Size_1_x_1,,0,,2,br,CID_425_Athena_Commando_F_CyberRunner,Synapse,outfit,epic,,Synapse,1,9,2019-11-20T12:49:59Z
2026-09-23,v2:/3e627cc8161ac2bcd046945facd37ef0a56461e6b71032e051d406e97e18317f,"[VIRTUAL]1 x Synapse, 1 x Holo-pack for -1 MtxCurrency",1500,1500,0,0.0,0,2026-09-22T00:00:00Z,2026-09-28T23:59:59.999Z,1,0,-3,NS092226,No Sweat,186,tileGrid,Size_1_x_1,,0,,2,br,BID_279_CyberRunner,Holo-pack,backpack,epic,,Synapse,1,9,2019-11-20T12:50:34Z
2026-09-23,v2:/0bf7aecccb7fb82e20b6e385586bf43c1625d0bc1b2a1f33e94f2c03e473701f,[VIRTUAL]1 x TBD (SID_Placeholder_391) for 500 MtxCurrency,500,500,0,0.0,0,2026-09-01T00:00:00Z,2026-09-30T23:59:59.999Z,1,0,-80,JT091826,Jam Tracks,180,expandableList,Size_1_x_1,,0,,1,track,sid_placeholder_391,Locked Out Of Heaven,,,,,,,2025-07-16T00:00:48Z
2026-09-23,v2:/b26c5fa14a8a11b8d7f6b3f24ddc26c59cfa115b40676e88f6950ec404782557,[VIRTUAL]1 x Ironmouse's Blade of Love for 800 MtxCurrency,800,800,0,0.0,0,2026-09-19T00:00:00Z,2026-10-02T23:59:59.999Z,1,0,-2,IronMouse,Ironmouse,192,tileGrid,Size_1_x_1,,0,,1,br,Pickaxe_FeelUnionSki,Ironmouse's Blade of Love,pickaxe,rare,,Ironmouse,7,4,2026-09-17T16:17:14Z
2026-09-23,v2:/5d27399bca22168105b032c22c7815a2ae971f849129e159a8209588fe5f8cce,"[VIRTUAL]1 x Thana the Pale, 1 x Scythe of the Pale for -1 MtxCurrency",1200,1200,0,0.0,0,2026-09-21T00:00:00Z,2026-09-27T23:59:59.999Z,1,0,-2,FND092326,Front Page,188,tileGrid,Size_1_x_1,,0,,2,br,Character_GrizzlyDemise,Thana the Pale,outfit,epic,,Dawning Apocalypse,7,4,2026-09-17T16:17:14Z
2026-09-23,v2:/5d27399bca22168105b032c22c7815a2ae971f849129e159a8209588fe5f8cce,"[VIRTUAL]1 x Thana the Pale, 1 x Scythe of the Pale for -1 MtxCurrency",1200,1200,0,0.0,0,2026-09-21T00:00:00Z,2026-09-27T23:59:59.999Z,1,0,-2,FND092326,Front Page,188,tileGrid,Size_1_x_1,,0,,2,br,Pickaxe_GrizzlyDemise,Scythe of the Pale,pickaxe,rare,,Dawning Apocalypse,7,4,2026-09-17T16:17:14Z
2026-09-23,v2:/ec370662cd35373b71bf67113ad581b98edb3746ac8e5a5ce44a36a50031b85e,[VIRTUAL]1 x H4ck // P4ck for 300 MtxCurrency,300,300,0,0.0,0,2026-09-22T00:00:00Z,2026-09-24T23:59:59.999Z,1,0,-1,,,,,Size_2_x_1,,0,,1,br,BID_730_SailorSquadRose,H4ck // P4ck,backpack,rare,,//R.E.M.Wakers//,2,6,2021-03-30T09:14:15Z
2026-09-23,v2:/51426b0e0f505f29c62251f239cb0b407f4dfe320eca3ed4b7c58af5dd4762b5,"[VIRTUAL]1 x Stellaron Hunter Blade, 1 x Red Spider Lily for -1 MtxCurrency",1500,1500,0,0.0,0,2026-09-21T00:00:00Z,2026-09-24T23:59:59.999Z,1,0,-2,Honkai,Honkai Star Rail,184,tileGrid,Size_2_x_1,Reactive to eliminations! ,1,Stellaron Hunter Blade,2,br,Character_ChoiceCrave,Stellaron Hunter Blade,outfit,gaminglegends,Gaming Legends Series,Honkai: Star Rail,7,1,2026-02-27T00:00:00Z
2026-09-23,v2:/51426b0e0f505f29c62251f239cb0b407f4dfe320eca3ed4b7c58af5dd4762b5,"[VIRTUAL]1 x Stellaron Hunter Blade, 1 x Red Spider Lily for -1 MtxCurrency",1500,1500,0,0.0,0,2026-09-21T00:00:00Z,2026-09-24T23:59:59.999Z,1,0,-2,Honkai,Honkai Star Rail,184,tileGrid,Size_2_x_1,Reactive to eliminations! ,1,Stellaron Hunter Blade,2,br,Backpack_ChoiceCrave,Red Spider Lily,backpack,gaminglegends,Gaming Legends Series,Honkai: Star Rail,7,1,2026-02-27T00:00:00Z
2026-09-23,v2:/87203d2aafcd5732eebc5d56b1db0f91640e30f09bdf54eddef089185a17a878,[VIRTUAL]1 x PAC-MAN's Gloves for 800 MtxCurrency,800,800,0,0.0,0,2026-09-19T00:00:00Z,2026-09-25T23:59:59.999Z,1,0,-2,PacMan,PAC-MAN,183,tileGrid,Size_1_x_1,,0,,1,br,Pickaxe_AvenuePole,PAC-MAN's Gloves,pickaxe,gaminglegends,Gaming Legends Series,PAC-MAN,7,4,2026-09-18T13:01:02Z
2026-09-23,v2:/22a2e892d8241134877f25c5d28433ea046ed9842603d64b42047e7b4c9f6aa0,[VIRTUAL]1 x TBD (SID_Placeholder_685) for 500 MtxCurrency,500,500,0,0.0,0,2026-09-18T00:00:00Z,2026-09-24T23:59:59.999Z,1,0,-1,JT091826,Jam Tracks,180,tileGrid,Size_1_x_1,,0,,1,track,sid_placeholder_685,EARFQUAKE,,,,,,,2025-11-14T14:43:54Z
2026-09-23,v2:/b35994c86a3a512a7a6e2ddad85e3d4817710930b97085900cc2feeb646d35e0,[VIRTUAL]1 x Hell Again for 500 MtxCurrency,500,500,0,0.0,0,2026-09-19T00:00:00Z,2026-10-02T23:59:59.999Z,1,0,-3,IronMouse,Ironmouse,192,tileGrid,Size_1_x_1,,0,,1,br,EID_FeelUnionMoo,Hell Again,emote,uncommon,,Ironmouse,7,4,2026-09-17T16:17:14Z
2026-09-23,v2:/cb23ad32b614e614a781eea400a64fa1228ba27cc8fbac6749877129b612362e,[VIRTUAL]1 x Ain't No Rest For The Wicked for 500 MtxCurrency,500,500,0,0.0,0,2026-09-01T00:00:00Z,2026-09-30T23:59:59.999Z,1,0,-66,JT091826,Jam Tracks,180,expandableList,Size_1_x_1,,0,,1,track,sid_placeholder_296,Ain't No Rest For The Wicked,,,,,,,2024-08-09T00:00:00Z
2026-09-23,v2:/2d756353a350fcf2caf745c11b0d43992efe0dd41ea1035a8009bd268f2fb4d8,"[VIRTUAL]1 x IShowSpeed, 1 x Speed Cam, 1 x ISuperSpeed, 1 x ISuperSpeed's Emblem, 1 x ISuperSpeed's Emblem, 1 x Barrier Breaker, 1 x Speed's Trident, 1 x IShow's Speedboard, 1 x ISpeedStyle, 1 x TBD (SID_Placeholder_721) for -1 MtxCurrency",6600,3000,3600,0.5455,1,2026-09-20T00:00:00Z,2026-09-23T23:59:59.999Z,1,0,-1,ishowspeed3,iShowSpeed,177,tileGrid,Size_2_x_1,,1,IShowSpeed Bundle,10,br,Character_HonorBraceJoust,IShowSpeed,outfit,icon,Icon Series,IShowSpeed,7,1,2025-12-25T00:00:00Z
2026-09-23,v2:/2d756353a350fcf2caf745c11b0d43992efe0dd41ea1035a8009bd268f2fb4d8,"[VIRTUAL]1 x IShowSpeed, 1 x Speed Cam, 1 x ISuperSpeed, 1 x ISuperSpeed's Emblem, 1 x ISuperSpeed's Emblem, 1 x Barrier Breaker, 1 x Speed's Trident, 1 x IShow's Speedboard, 1 x ISpeedStyle, 1 x TBD (SID_Placeholder_721) for -1 MtxCurrency",6600,3000,3600,0.5455,1,2026-09-20T00:00:00Z,2026-09-23T23:59:59.999Z,1,0,-1,ishowspeed3,iShowSpeed,177,tileGrid,Size_2_x_1,,1,IShowSpeed Bundle,10,br,Backpack_HonorBraceJoust,Speed Cam,backpack,icon,Icon Series,IShowSpeed,7,1,2025-12-25T00:00:00Z
2026-09-23,v2:/2d756353a350fcf2caf745c11b0d43992efe0dd41ea1035a8009bd268f2fb4d8,"[VIRTUAL]1 x IShowSpeed, 1 x Speed Cam, 1 x ISuperSpeed, 1 x ISuperSpeed's Emblem, 1 x ISuperSpeed's Emblem, 1 x Barrier Breaker, 1 x Speed's Trident, 1 x IShow's Speedboard, 1 x ISpeedStyle, 1 x TBD (SID_Placeholder_721) for -1 MtxCurrency",6600,3000,3600,0.5455,1,2026-09-20T00:00:00Z,2026-09-23T23:59:59.999Z,1,0,-1,ishowspeed3,iShowSpeed,177,tileGrid,Size_2_x_1,,1,IShowSpeed Bundle,10,br,Character_HonorBraceLeap,ISuperSpeed,outfit,icon,Icon Series,IShowSpeed,7,1,2025-12-25T00:00:00Z
2026-09-23,v2:/2d756353a350fcf2caf745c11b0d43992efe0dd41ea1035a8009bd268f2fb4d8,"[VIRTUAL]1 x IShowSpeed, 1 x Speed Cam, 1 x ISuperSpeed, 1 x ISuperSpeed's Emblem, 1 x ISuperSpeed's Emblem, 1 x Barrier Breaker, 1 x Speed's Trident, 1 x IShow's Speedboard, 1 x ISpeedStyle, 1 x TBD (SID_Placeholder_721) for -1 MtxCurrency",6600,3000,3600,0.5455,1,2026-09-20T00:00:00Z,2026-09-23T23:59:59.999Z,1,0,-1,ishowspeed3,iShowSpeed,177,tileGrid,Size_2_x_1,,1,IShowSpeed Bundle,10,br,Pickaxe_HonorBraceLeap,ISuperSpeed's Emblem,pickaxe,icon,Icon Series,IShowSpeed,7,1,2025-12-25T00:00:00Z
2026-09-23,v2:/2d756353a350fcf2caf745c11b0d43992efe0dd41ea1035a8009bd268f2fb4d8,"[VIRTUAL]1 x IShowSpeed, 1 x Speed Cam, 1 x ISuperSpeed, 1 x ISuperSpeed's Emblem, 1 x ISuperSpeed's Emblem, 1 x Barrier Breaker, 1 x Speed's Trident, 1 x IShow's Speedboard, 1 x ISpeedStyle, 1 x TBD (SID_Placeholder_721) for -1 MtxCurrency",6600,3000,3600,0.5455,1,2026-09-20T00:00:00Z,2026-09-23T23:59:59.999Z,1,0,-1,ishowspeed3,iShowSpeed,177,tileGrid,Size_2_x_1,,1,IShowSpeed Bundle,10,br,Backpack_HonorBraceLeap,ISuperSpeed's Emblem,backpack,icon,Icon Series,IShowSpeed,7,1,2025-12-25T00:00:00Z
2026-09-23,v2:/2d756353a350fcf2caf745c11b0d43992efe0dd41ea1035a8009bd268f2fb4d8,"[VIRTUAL]1 x IShowSpeed, 1 x Speed Cam, 1 x ISuperSpeed, 1 x ISuperSpeed's Emblem, 1 x ISuperSpeed's Emblem, 1 x Barrier Breaker, 1 x Speed's Trident, 1 x IShow's Speedboard, 1 x ISpeedStyle, 1 x TBD (SID_Placeholder_721) for -1 MtxCurrency",6600,3000,3600,0.5455,1,2026-09-20T00:00:00Z,2026-09-23T23:59:59.999Z,1,0,-1,ishowspeed3,iShowSpeed,177,tileGrid,Size_2_x_1,,1,IShowSpeed Bundle,10,br,EID_HonorBraceLeap,Barrier Breaker,emote,icon,Icon Series,IShowSpeed,7,1,2025-12-25T00:00:00Z
2026-09-23,v2:/2d756353a350fcf2caf745c11b0d43992efe0dd41ea1035a8009bd268f2fb4d8,"[VIRTUAL]1 x IShowSpeed, 1 x Speed Cam, 1 x ISuperSpeed, 1 x ISuperSpeed's Emblem, 1 x ISuperSpeed's Emblem, 1 x Barrier Breaker, 1 x Speed's Trident, 1 x IShow's Speedboard, 1 x ISpeedStyle, 1 x TBD (SID_Placeholder_721) for -1 MtxCurrency",6600,3000,3600,0.5455,1,2026-09-20T00:00:00Z,2026-09-23T23:59:59.999Z,1,0,-1,ishowspeed3,iShowSpeed,177,tileGrid,Size_2_x_1,,1,IShowSpeed Bundle,10,br,Pickaxe_HonorBraceJoust,Speed's Trident,pickaxe,icon,Icon Series,IShowSpeed,7,1,2025-12-25T00:00:00Z
2026-09-23,v2:/2d756353a350fcf2caf745c11b0d43992efe0dd41ea1035a8009bd268f2fb4d8,"[VIRTUAL]1 x IShowSpeed, 1 x Speed Cam, 1 x ISuperSpeed, 1 x ISuperSpeed's Emblem, 1 x ISuperSpeed's Emblem, 1 x Barrier Breaker, 1 x Speed's Trident, 1 x IShow's Speedboard, 1 x ISpeedStyle, 1 x TBD (SID_Placeholder_721) for -1 MtxCurrency",6600,3000,3600,0.5455,1,2026-09-20T00:00:00Z,2026-09-23T23:59:59.999Z,1,0,-1,ishowspeed3,iShowSpeed,177,tileGrid,Size_2_x_1,,1,IShowSpeed Bundle,10,br,Glider_HonorBrace,IShow's Speedboard,glider,icon,Icon Series,IShowSpeed,7,1,2025-12-25T00:00:00Z
2026-09-23,v2:/2d756353a350fcf2caf745c11b0d43992efe0dd41ea1035a8009bd268f2fb4d8,"[VIRTUAL]1 x IShowSpeed, 1 x Speed Cam, 1 x ISuperSpeed, 1 x ISuperSpeed's Emblem, 1 x ISuperSpeed's Emblem, 1 x Barrier Breaker, 1 x Speed's Trident, 1 x IShow's Speedboard, 1 x ISpeedStyle, 1 x TBD (SID_Placeholder_721) for -1 MtxCurrency",6600,3000,3600,0.5455,1,2026-09-20T00:00:00Z,2026-09-23T23:59:59.999Z,1,0,-1,ishowspeed3,iShowSpeed,177,tileGrid,Size_2_x_1,,1,IShowSpeed Bundle,10,br,Wrap_HonorBraceJoust,ISpeedStyle,wrap,icon,Icon Series,IShowSpeed,7,1,2025-12-25T00:00:00Z
2026-09-23,v2:/2d756353a350fcf2caf745c11b0d43992efe0dd41ea1035a8009bd268f2fb4d8,"[VIRTUAL]1 x IShowSpeed, 1 x Speed Cam, 1 x ISuperSpeed, 1 x ISuperSpeed's Emblem, 1 x ISuperSpeed's Emblem, 1 x Barrier Breaker, 1 x Speed's Trident, 1 x IShow's Speedboard, 1 x ISpeedStyle, 1 x TBD (SID_Placeholder_721) for -1 MtxCurrency",6600,3000,3600,0.5455,1,2026-09-20T00:00:00Z,2026-09-23T23:59:59.999Z,1,0,-1,ishowspeed3,iShowSpeed,177,tileGrid,Size_2_x_1,,1,IShowSpeed Bundle,10,track,sid_placeholder_721,Head Shot / Gas In The Truck,,,,,,,2025-12-25T00:00:00Z
2026-09-23,v2:/4a4f415a0a75cdd695bb3ea541d3a50827f6e16a42e23d7a5b6787a97683e52e,[VIRTUAL]1 x Kryptonite for 500 MtxCurrency,500,500,0,0.0,0,2026-09-01T00:00:00Z,2026-09-30T23:59:59.999Z,1,0,-86,JT091826,Jam Tracks,180,expandableList,Size_1_x_1,,0,,1,track,sid_placeholder_300,Kryptonite,,,,,,,2024-12-26T14:34:39Z
2026-09-23,v2:/72c713ee3300334cebcbcd2cdda256de524744d15053d4e02245632f67b05b1c,[VIRTUAL]1 x Light Cycle for 800 MtxCurrency,800,800,0,0.0,0,2026-09-22T00:00:00Z,2026-09-25T23:59:59.999Z,1,0,-3,badguys,Disney,195,tileGrid,Size_2_x_1,,0,,1,br,Glider_ID_273_MainframeMale_P06W7,Light Cycle,glider,rare,,End of Line,2,5,2021-02-12T00:00:00Z
2026-09-23,v2:/a9eca3874d62a0122b6fec0c92986dbd17fdbfbbfe36a9cd401bbe9f960f01ae,"[VIRTUAL]1 x Ironmouse, 1 x Ironmouse's Blade of Love for -1 MtxCurrency",1800,1800,0,0.0,0,2026-09-19T00:00:00Z,2026-10-02T23:59:59.999Z,1,0,-1,IronMouse,Ironmouse,192,tileGrid,Size_1_x_1,,0,,2,br,Character_FeelUnionSki,Ironmouse,outfit,epic,,Ironmouse,7,4,2026-09-17T16:17:14Z
2026-09-23,v2:/a9eca3874d62a0122b6fec0c92986dbd17fdbfbbfe36a9cd401bbe9f960f01ae,"[VIRTUAL]1 x Ironmouse, 1 x Ironmouse's Blade of Love for -1 MtxCurrency",1800,1800,0,0.0,0,2026-09-19T00:00:00Z,2026-10-02T23:59:59.999Z,1,0,-1,IronMouse,Ironmouse,192,tileGrid,Size_1_x_1,,0,,2,br,Pickaxe_FeelUnionSki,Ironmouse's Blade of Love,pickaxe,rare,,Ironmouse,7,4,2026-09-17T16:17:14Z
2026-09-23,v2:/00eba3f648f5f909e6843b6b62e0f05938863024271bf4a816194973c6d0bb13,[VIRTUAL]1 x TBD (SID_Placeholder_721) for 500 MtxCurrency,500,500,0,0.0,0,2026-09-20T00:00:00Z,2026-09-23T23:59:59.999Z,1,0,-4,ishowspeed3,iShowSpeed,177,tileGrid,Size_1_x_1,,0,,1,track,sid_placeholder_721,Head Shot / Gas In The Truck,,,,,,,2025-12-25T00:00:00Z
2026-09-23,v2:/05b242ab3e0d61be8de2431a7d0ac296ac9b0207021c81b0ffb03271cb083de1,[VIRTUAL]1 x IShow's Speedboard for 800 MtxCurrency,800,800,0,0.0,0,2026-09-20T00:00:00Z,2026-09-23T23:59:59.999Z,1,0,-4,ishowspeed3,iShowSpeed,177,tileGrid,Size_1_x_1,,0,,1,br,Glider_HonorBrace,IShow's Speedboard,glider,icon,Icon Series,IShowSpeed,7,1,2025-12-25T00:00:00Z
2026-09-23,v2:/033c1e357d437bf53c3c8949af4d251e4beb6bd57b9b68fb9c4edfc19cf63d56,[VIRTUAL]1 x Hey Ya! for 500 MtxCurrency,500,500,0,0.0,0,2026-09-01T00:00:00Z,2026-09-30T23:59:59.999Z,1,0,-84,JT091826,Jam Tracks,180,expandableList,Size_1_x_1,,0,,1,track,sid_placeholder_283,Hey Ya!,,,,,,,2024-11-27T14:32:37Z
2026-09-23,v2:/2291127fdafeb0cc44da6570441d2f917cce14c6190eadc587837a2b2265cc88,"[VIRTUAL]1 x Peely Bone, 1 x Vector Shroud, 1 x Googly, 1 x Peely Pick, 1 x Faded Cool for -1 MtxCurrency",3800,2500,1300,0.3421,1,2026-09-22T00:00:00Z,2026-09-24T23:59:59.999Z,1,0,-1,FriendlyMachine,FriendlyMachine's Locker,179,tileGrid,Size_3_x_1,,1,FriendlyMachine's Locker Bundle,5,br,CID_602_Athena_Commando_M_NanaSplit,Peely Bone,outfit,epic,,Banana Bunch,2,1,2019-11-20T12:51:17Z
2026-09-23,v2:/2291127fdafeb0cc44da6570441d2f917cce14c6190eadc587837a2b2265cc88,"[VIRTUAL]1 x Peely Bone, 1 x Vector Shroud, 1 x Googly, 1 x Peely Pick, 1 x Faded Cool for -1 MtxCurrency",3800,2500,1300,0.3421,1,2026-09-22T00:00:00Z,2026-09-24T23:59:59.999Z,1,0,-1,FriendlyMachine,FriendlyMachine's Locker,179,tileGrid,Size_3_x_1,,1,FriendlyMachine's Locker Bundle,5,br,Backpack_IonVial,Vector Shroud,backpack,rare,,,4,4,2023-10-07T00:00:00Z
2026-09-23,v2:/2291127fdafeb0cc44da6570441d2f917cce14c6190eadc587837a2b2265cc88,"[VIRTUAL]1 x Peely Bone, 1 x Vector Shroud, 1 x Googly, 1 x Peely Pick, 1 x Faded Cool for -1 MtxCurrency",3800,2500,1300,0.3421,1,2026-09-22T00:00:00Z,2026-09-24T23:59:59.999Z,1,0,-1,FriendlyMachine,FriendlyMachine's Locker,179,tileGrid,Size_3_x_1,,1,FriendlyMachine's Locker Bundle,5,br,Glider_ID_028_Googly,Googly,glider,rare,,,1,3,2019-11-20T12:51:10Z
2026-09-23,v2:/2291127fdafeb0cc44da6570441d2f917cce14c6190eadc587837a2b2265cc88,"[VIRTUAL]1 x Peely Bone, 1 x Vector Shroud, 1 x Googly, 1 x Peely Pick, 1 x Faded Cool for -1 MtxCurrency",3800,2500,1300,0.3421,1,2026-09-22T00:00:00Z,2026-09-24T23:59:59.999Z,1,0,-1,FriendlyMachine,FriendlyMachine's Locker,179,tileGrid,Size_3_x_1,,1,FriendlyMachine's Locker Bundle,5,br,Pickaxe_ID_191_Banana,Peely Pick,pickaxe,rare,,Banana Bunch,1,8,2019-11-20T12:50:50Z
2026-09-23,v2:/2291127fdafeb0cc44da6570441d2f917cce14c6190eadc587837a2b2265cc88,"[VIRTUAL]1 x Peely Bone, 1 x Vector Shroud, 1 x Googly, 1 x Peely Pick, 1 x Faded Cool for -1 MtxCurrency",3800,2500,1300,0.3421,1,2026-09-22T00:00:00Z,2026-09-24T23:59:59.999Z,1,0,-1,FriendlyMachine,FriendlyMachine's Locker,179,tileGrid,Size_3_x_1,,1,FriendlyMachine's Locker Bundle,5,br,Wrap_136_Punchy,Faded Cool,wrap,uncommon,,TKO,1,X,2019-11-20T12:48:21Z
2026-09-23,v2:/0835674d182e7b8759ce9e992a742c738ed052184965b14078785fac0610cb8a,"[VIRTUAL]1 x Soul Eater, 1 x Soul Eater for 800 MtxCurrency",800,800,0,0.0,0,2026-09-17T00:00:00Z,2026-10-01T23:59:59.999Z,1,0,-2,KingdomHearts,Kingdom Hearts ,196,tileGrid,Size_1_x_1,,0,,2,br,Pickaxe_VealCadet,Soul Eater,pickaxe,gaminglegends,Gaming Legends Series,Kingdom Hearts,7,4,2026-09-17T08:00:00Z
2026-09-23,v2:/0835674d182e7b8759ce9e992a742c738ed052184965b14078785fac0610cb8a,"[VIRTUAL]1 x Soul Eater, 1 x Soul Eater for 800 MtxCurrency",800,800,0,0.0,0,2026-09-17T00:00:00Z,2026-10-01T23:59:59.999Z,1,0,-2,KingdomHearts,Kingdom Hearts ,196,tileGrid,Size_1_x_1,,0,,2,br,Backpack_VealCadet,Soul Eater,backpack,gaminglegends,Gaming Legends Series,Kingdom Hearts,7,4,2026-09-17T08:00:00Z
2026-09-23,v2:/5b7f8670823379d9598a9d8d7c9323f1f171c4c414a7c549f8c97eb77e59b9f7,[VIRTUAL]1 x Gains! for 300 MtxCurrency,300,300,0,0.0,0,2026-09-22T00:00:00Z,2026-09-28T23:59:59.999Z,1,0,-1,,,,,Size_1_x_1,,0,,1,br,BID_736_DayTrader_QS4PD,Gains!,backpack,rare,,To The Moon,2,6,2021-04-01T13:00:00Z
2026-09-23,v2:/15d8472d709f4472a692b0ad5c46b2b04bde12c4f4c1c5dbbcc8b436babe981a,[VIRTUAL]1 x Pac-Sneaks for 1000 MtxCurrency,1000,1000,0,0.0,0,2026-09-19T00:00:00Z,2026-09-25T23:59:59.999Z,1,0,-4,PacMan,PAC-MAN,183,tileGrid,Size_2_x_1,,0,,1,br,Shoes_TrikeFunnyLike,PAC-Sneaks,shoe,gaminglegends,Gaming Legends Series,PAC-MAN,7,4,2026-09-17T16:17:14Z
2026-09-23,v2:/b799295520e503608639d53db49c9d3fd1a98b82e3cf399f6f9e57a2699c52e9,[VIRTUAL]1 x Nightmare for 500 MtxCurrency,500,500,0,0.0,0,2026-09-01T00:00:00Z,2026-09-30T23:59:59.999Z,1,0,-55,JT091826,Jam Tracks,180,expandableList,Size_1_x_1,,0,,1,track,sid_placeholder_301,Nightmare,,,,,,,2024-10-17T13:33:26Z
2026-09-23,v2:/95fc32b65727dca17b8ac6ae1eb5a3009ac3b5e61bb7f9af1382979a6095624d,[VIRTUAL]1 x Ironmouse Worm for 500 MtxCurrency,500,500,0,0.0,0,2026-09-19T00:00:00Z,2026-10-02T23:59:59.999Z,1,0,-2,IronMouse,Ironmouse,192,tileGrid,Size_1_x_1,,0,,1,br,Backpack_FeelUnionMoo,Ironmouse Worm,backpack,rare,,Ironmouse,7,4,2026-09-17T16:17:14Z
2026-09-23,v2:/c15d11e8f12bd70aa199371a0a28e6e69a6405c74a64b4c52187578b6a9c728e,[VIRTUAL]1 x Bubi for 500 MtxCurrency,500,500,0,0.0,0,2026-09-19T00:00:00Z,2026-10-02T23:59:59.999Z,1,0,-3,IronMouse,Ironmouse,192,tileGrid,Size_1_x_1,,0,,1,br,Backpack_FeelUnionSki,Bubi,backpack,rare,,Ironmouse,7,4,2026-09-17T16:17:14Z
2026-09-23,v2:/494634ca8a1ee99499d4b5f9dbefe0c8be2dc595f8f2ba66f729738414243d45,[VIRTUAL]1 x Just Dance for 500 MtxCurrency,500,500,0,0.0,0,2026-09-01T00:00:00Z,2026-09-30T23:59:59.999Z,1,0,-53,JT091826,Jam Tracks,180,expandableList,Size_1_x_1,,0,,1,track,sid_placeholder_80,Just Dance,,,,,,,2024-02-22T09:00:00Z
2026-09-23,v2:/f1d4a7ea84475d08d950f713e01c0271a16a3995f1301c834002990bda159b67,[VIRTUAL]1 x TBD (SID_Placeholder_722) for 500 MtxCurrency,500,500,0,0.0,0,2026-09-01T00:00:00Z,2026-09-30T23:59:59.999Z,1,0,-96,JT091826,Jam Tracks,180,expandableList,Size_1_x_1,,0,,1,track,sid_placeholder_722,future base,,,,,,,2026-01-13T19:59:54Z
2026-09-23,v2:/cf2f952b10258214166d065211198afe6915b7f7cd71a43c8629f3fae1c6c59a,[VIRTUAL]1 x I Had Some Help for 500 MtxCurrency,500,500,0,0.0,0,2026-09-01T00:00:00Z,2026-09-30T23:59:59.999Z,1,0,-6,JT091826,Jam Tracks,180,expandableList,Size_1_x_1,,0,,1,track,sid_placeholder_248,I Had Some Help,,,,,,,2024-06-06T13:32:50Z
2026-09-23,v2:/9726928ac9ffc7a56ed88b7cdcdd477d1029a3688d9599b2284fc60475187c22,"[VIRTUAL]1 x Kairi, 1 x Destiny's Embrace, 1 x Destiny's Embrace for -1 MtxCurrency",1600,1600,0,0.0,0,2026-09-17T00:00:00Z,2026-10-01T23:59:59.999Z,1,0,-4,KingdomHearts,Kingdom Hearts ,196,tileGrid,Size_1_x_1,,0,,3,br,Character_WaningCacti,Kairi,outfit,gaminglegends,Gaming Legends Series,Kingdom Hearts,7,4,2026-09-17T08:00:00Z
2026-09-23,v2:/9726928ac9ffc7a56ed88b7cdcdd477d1029a3688d9599b2284fc60475187c22,"[VIRTUAL]1 x Kairi, 1 x Destiny's Embrace, 1 x Destiny's Embrace for -1 MtxCurrency",1600,1600,0,0.0,0,2026-09-17T00:00:00Z,2026-10-01T23:59:59.999Z,1,0,-4,KingdomHearts,Kingdom Hearts ,196,tileGrid,Size_1_x_1,,0,,3,br,Pickaxe_WaningCacti,Destiny's Embrace,pickaxe,gaminglegends,Gaming Legends Series,Kingdom Hearts,7,4,2026-09-17T08:00:00Z
2026-09-23,v2:/9726928ac9ffc7a56ed88b7cdcdd477d1029a3688d9599b2284fc60475187c22,"[VIRTUAL]1 x Kairi, 1 x Destiny's Embrace, 1 x Destiny's Embrace for -1 MtxCurrency",1600,1600,0,0.0,0,2026-09-17T00:00:00Z,2026-10-01T23:59:59.999Z,1,0,-4,KingdomHearts,Kingdom Hearts ,196,tileGrid,Size_1_x_1,,0,,3,br,Backpack_WaningCacti,Destiny's Embrace,backpack,gaminglegends,Gaming Legends Series,Kingdom Hearts,7,4,2026-09-17T08:00:00Z
2026-09-23,v2:/3bd7a1c303802ed9ce3f3a657da89ba36c60a93d9211478000c3f6f2e441ade7,"[VIRTUAL]1 x Captain Hook, 1 x Maleficent, 1 x Cruella de Vil, 1 x Hook's Flag, 1 x Captain's Foil, 1 x Maleficent's Raven, 1 x Maleficent's Scepter, 1 x Haute Handbag, 1 x De Vil's Grille, 1 x Tick-Tock for -1 MtxCurrency",5600,3800,1800,0.3214,1,2026-09-22T00:00:00Z,2026-09-25T23:59:59.999Z,1,0,-1,badguys,Disney,195,tileGrid,Size_1_x_1,,1,Disney Villains Bundle,10,br,Character_FlowerVase,Captain Hook,outfit,epic,,Disney Villains,5,4,2024-10-19T00:00:00Z
2026-09-23,v2:/3bd7a1c303802ed9ce3f3a657da89ba36c60a93d9211478000c3f6f2e441ade7,"[VIRTUAL]1 x Captain Hook, 1 x Maleficent, 1 x Cruella de Vil, 1 x Hook's Flag, 1 x Captain's Foil, 1 x Maleficent's Raven, 1 x Maleficent's Scepter, 1 x Haute Handbag, 1 x De Vil's Grille, 1 x Tick-Tock for -1 MtxCurrency",5600,3800,1800,0.3214,1,2026-09-22T00:00:00Z,2026-09-25T23:59:59.999Z,1,0,-1,badguys,Disney,195,tileGrid,Size_1_x_1,,1,Disney Villains Bundle,10,br,Character_MistressSombre,Maleficent,outfit,epic,,Disney Villains,5,4,2024-10-19T00:00:00Z
2026-09-23,v2:/3bd7a1c303802ed9ce3f3a657da89ba36c60a93d9211478000c3f6f2e441ade7,"[VIRTUAL]1 x Captain Hook, 1 x Maleficent, 1 x Cruella de Vil, 1 x Hook's Flag, 1 x Captain's Foil, 1 x Maleficent's Raven, 1 x Maleficent's Scepter, 1 x Haute Handbag, 1 x De Vil's Grille, 1 x Tick-Tock for -1 MtxCurrency",5600,3800,1800,0.3214,1,2026-09-22T00:00:00Z,2026-09-25T23:59:59.999Z,1,0,-1,badguys,Disney,195,tileGrid,Size_1_x_1,,1,Disney Villains Bundle,10,br,Character_FreshWave,Cruella de Vil,outfit,epic,,Disney Villains,5,4,2024-10-19T00:00:00Z
2026-09-23,v2:/3bd7a1c303802ed9ce3f3a657da89ba36c60a93d9211478000c3f6f2e441ade7,"[VIRTUAL]1 x Captain Hook, 1 x Maleficent, 1 x Cruella de Vil, 1 x Hook's Flag, 1 x Captain's Foil, 1 x Maleficent's Raven, 1 x Maleficent's Scepter, 1 x Haute Handbag, 1 x De Vil's Grille, 1 x Tick-Tock for -1 MtxCurrency",5600,3800,1800,0.3214,1,2026-09-22T00:00:00Z,2026-09-25T23:59:59.999Z,1,0,-1,badguys,Disney,195,tileGrid,Size_1_x_1,,1,Disney Villains Bundle,10,br,Backpack_FlowerVase,Hook's Flag,backpack,rare,,Disney Villains,5,4,2024-10-19T00:00:00Z
2026-09-23,v2:/3bd7a1c303802ed9ce3f3a657da89ba36c60a93d9211478000c3f6f2e441ade7,"[VIRTUAL]1 x Captain Hook, 1 x Maleficent, 1 x Cruella de Vil, 1 x Hook's Flag, 1 x Captain's Foil, 1 x Maleficent's Raven, 1 x Maleficent's Scepter, 1 x Haute Handbag, 1 x De Vil's Grille, 1 x Tick-Tock for -1 MtxCurrency",5600,3800,1800,0.3214,1,2026-09-22T00:00:00Z,2026-09-25T23:59:59.999Z,1,0,-1,badguys,Disney,195,tileGrid,Size_1_x_1,,1,Disney Villains Bundle,10,br,Pickaxe_FlowerVase,Captain's Foil,pickaxe,rare,,Disney Villains,5,4,2024-10-19T00:00:00Z
2026-09-23,v2:/3bd7a1c303802ed9ce3f3a657da89ba36c60a93d9211478000c3f6f2e441ade7,"[VIRTUAL]1 x Captain Hook, 1 x Maleficent, 1 x Cruella de Vil, 1 x Hook's Flag, 1 x Captain's Foil, 1 x Maleficent's Raven, 1 x Maleficent's Scepter, 1 x Haute Handbag, 1 x De Vil's Grille, 1 x Tick-Tock for -1 MtxCurrency",5600,3800,1800,0.3214,1,2026-09-22T00:00:00Z,2026-09-25T23:59:59.999Z,1,0,-1,badguys,Disney,195,tileGrid,Size_1_x_1,,1,Disney Villains Bundle,10,br,Backpack_MistressSombre,Maleficent's Raven,backpack,rare,,Disney Villains,5,4,2024-10-19T00:00:00Z
2026-09-23,v2:/3bd7a1c303802ed9ce3f3a657da89ba36c60a93d9211478000c3f6f2e441ade7,"[VIRTUAL]1 x Captain Hook, 1 x Maleficent, 1 x Cruella de Vil, 1 x Hook's Flag, 1 x Captain's Foil, 1 x Maleficent's Raven, 1 x Maleficent's Scepter, 1 x Haute Handbag, 1 x De Vil's Grille, 1 x Tick-Tock for -1 MtxCurrency",5600,3800,1800,0.3214,1,2026-09-22T00:00:00Z,2026-09-25T23:59:59.999Z,1,0,-1,badguys,Disney,195,tileGrid,Size_1_x_1,,1,Disney Villains Bundle,10,br,Pickaxe_MistressSombre,Maleficent's Scepter,pickaxe,rare,,Disney Villains,5,4,2024-10-19T00:00:00Z
2026-09-23,v2:/3bd7a1c303802ed9ce3f3a657da89ba36c60a93d9211478000c3f6f2e441ade7,"[VIRTUAL]1 x Captain Hook, 1 x Maleficent, 1 x Cruella de Vil, 1 x Hook's Flag, 1 x Captain's Foil, 1 x Maleficent's Raven, 1 x Maleficent's Scepter, 1 x Haute Handbag, 1 x De Vil's Grille, 1 x Tick-Tock for -1 MtxCurrency",5600,3800,1800,0.3214,1,2026-09-22T00:00:00Z,2026-09-25T23:59:59.999Z,1,0,-1,badguys,Disney,195,tileGrid,Size_1_x_1,,1,Disney Villains Bundle,10,br,Backpack_FreshWave,Haute Handbag,backpack,rare,,Disney Villains,5,4,2024-10-19T00:00:00Z
2026-09-23,v2:/3bd7a1c303802ed9ce3f3a657da89ba36c60a93d9211478000c3f6f2e441ade7,"[VIRTUAL]1 x Captain Hook, 1 x Maleficent, 1 x Cruella de Vil, 1 x Hook's Flag, 1 x Captain's Foil, 1 x Maleficent's Raven, 1 x Maleficent's Scepter, 1 x Haute Handbag, 1 x De Vil's Grille, 1 x Tick-Tock for -1 MtxCurrency",5600,3800,1800,0.3214,1,2026-09-22T00:00:00Z,2026-09-25T23:59:59.999Z,1,0,-1,badguys,Disney,195,tileGrid,Size_1_x_1,,1,Disney Villains Bundle,10,br,Pickaxe_FreshWave,De Vil's Grille,pickaxe,rare,,Disney Villains,5,4,2024-10-19T00:00:00Z
2026-09-23,v2:/3bd7a1c303802ed9ce3f3a657da89ba36c60a93d9211478000c3f6f2e441ade7,"[VIRTUAL]1 x Captain Hook, 1 x Maleficent, 1 x Cruella de Vil, 1 x Hook's Flag, 1 x Captain's Foil, 1 x Maleficent's Raven, 1 x Maleficent's Scepter, 1 x Haute Handbag, 1 x De Vil's Grille, 1 x Tick-Tock for -1 MtxCurrency",5600,3800,1800,0.3214,1,2026-09-22T00:00:00Z,2026-09-25T23:59:59.999Z,1,0,-1,badguys,Disney,195,tileGrid,Size_1_x_1,,1,Disney Villains Bundle,10,br,EID_FlowerVase,Tick-Tock,emote,uncommon,,Disney Villains,5,4,2024-10-19T00:00:00Z
2026-09-23,v2:/80e90db354eb72bdc4b9be374411b04f39709a4aa4414ad88e6e0a2cf2e01c82,[VIRTUAL]1 x Horse of the End for 500 MtxCurrency,500,500,0,0.0,0,2026-09-21T00:00:00Z,2026-09-27T23:59:59.999Z,1,0,-3,FND092326,Front Page,188,tileGrid,Size_1_x_1,,0,,1,br,EID_GrizzlyDemise,Horse of the End,emote,uncommon,,Dawning Apocalypse,7,4,2026-09-17T16:17:14Z
2026-09-23,v2:/064e67ebb075ac6776fb00f67e1273f16a833f9bdd7b715c94615c0965ed1208,[VIRTUAL]1 x Empress for 1200 MtxCurrency,1200,1200,0,0.0,0,2026-09-22T00:00:00Z,2026-09-28T23:59:59.999Z,1,0,-1,BR092326,Fit Check,185,tileGrid,Size_1_x_1,This Sidekick includes quests that unlock new items upon completion!,0,,1,br,Companion_CarrierShade,Empress,sidekick,uncommon,,Queen of Felines,7,2,2026-03-19T06:29:28Z
2026-09-23,v2:/c7c6d361f99660ea939fc4e8c9e3996e3e56b1059410666fa8b182c10e0d79b7,[VIRTUAL]1 x Peely Bone for 1500 MtxCurrency,1500,1500,0,0.0,0,2026-09-22T00:00:00Z,2026-09-24T23:59:59.999Z,1,0,-2,FriendlyMachine,FriendlyMachine's Locker,179,tileGrid,Size_1_x_1,,0,,1,br,CID_602_Athena_Commando_M_NanaSplit,Peely Bone,outfit,epic,,Banana Bunch,2,1,2019-11-20T12:51:17Z
2026-09-23,v2:/8648bb18594fb7adfdd8fedd8b0b86aba262f88f810bf7085e8227982a430e37,"[VIRTUAL]1 x Lucyna Kushinada, 1 x Rebecca Plushie for -1 MtxCurrency",1500,1500,0,0.0,0,2026-09-20T00:00:00Z,2026-09-26T23:59:59.999Z,1,0,-1,Cyberpunk2077,Cyberpunk,190,tileGrid,Size_2_x_1,,0,,2,br,Character_FaithPerch,Lucyna Kushinada,outfit,epic,,Cyberpunk Edgerunners,7,4,2026-09-17T16:17:14Z
2026-09-23,v2:/8648bb18594fb7adfdd8fedd8b0b86aba262f88f810bf7085e8227982a430e37,"[VIRTUAL]1 x Lucyna Kushinada, 1 x Rebecca Plushie for -1 MtxCurrency",1500,1500,0,0.0,0,2026-09-20T00:00:00Z,2026-09-26T23:59:59.999Z,1,0,-1,Cyberpunk2077,Cyberpunk,190,tileGrid,Size_2_x_1,,0,,2,br,Backpack_FaithPerch,Rebecca Plushie,backpack,rare,,Cyberpunk Edgerunners,7,4,2026-09-17T16:17:14Z
2026-09-23,v2:/f6561092570ce7a7f5cb02b838c1d1c199aed3f873e5d26564b78481a8745491,[VIRTUAL]1 x SexyBack for 500 MtxCurrency,500,500,0,0.0,0,2026-09-01T00:00:00Z,2026-09-30T23:59:59.999Z,1,0,-39,JT091826,Jam Tracks,180,expandableList,Size_1_x_1,,0,,1,track,sid_placeholder_342,SexyBack,,,,,,,2024-09-27T00:00:00Z
2026-09-23,v2:/1f0f4d39bb88c086ae28226a5ec0916f0aadbeff34d9625bfd25035f33b457c3,[VIRTUAL]1 x TBD (SID_Placeholder_455) for 500 MtxCurrency,500,500,0,0.0,0,2026-09-01T00:00:00Z,2026-09-30T23:59:59.999Z,1,0,-71,JT091826,Jam Tracks,180,expandableList,Size_1_x_1,,0,,1,track,sid_placeholder_455,IDOL,,,,,,,2025-02-06T21:54:35Z
2026-09-23,v2:/e25aa48465d90cc34bfb28a7e49b702244b0a0f82f2f13ba266992d1a92f9a0b,[VIRTUAL]1 x Cosmic Infinity for 800 MtxCurrency,800,800,0,0.0,0,2026-09-21T00:00:00Z,2026-09-25T23:59:59.999Z,1,0,-1,CyberFNCS1,FNCS,197,tileGrid,Size_1_x_1,,0,,1,br,Character_StarWalkerFNCS,Cosmic Infinity,outfit,uncommon,,FNCS,4,4,2023-10-04T14:40:29Z
2026-09-23,v2:/e4016cc01b273e0b3747ca347d9bce3f5f09f8bdffe5995bbaaf3f3225f1ba1a,"[VIRTUAL]1 x Siren, 1 x Last Kiss for -1 MtxCurrency",1200,1200,0,0.0,0,2026-09-22T00:00:00Z,2026-09-28T23:59:59.999Z,1,0,-2,NS092226,No Sweat,186,tileGrid,Size_1_x_1,,0,,2,br,CID_748_Athena_Commando_F_Hitman,Siren,outfit,rare,,Hit Squad,2,2,2020-04-15T06:13:43Z
2026-09-23,v2:/e4016cc01b273e0b3747ca347d9bce3f5f09f8bdffe5995bbaaf3f3225f1ba1a,"[VIRTUAL]1 x Siren, 1 x Last Kiss for -1 MtxCurrency",1200,1200,0,0.0,0,2026-09-22T00:00:00Z,2026-09-28T23:59:59.999Z,1,0,-2,NS092226,No Sweat,186,tileGrid,Size_1_x_1,,0,,2,br,BID_518_HitmanCase,Last Kiss,backpack,rare,,Hit Squad,2,2,2020-04-15T06:13:43Z
2026-09-23,v2:/4b81058798e46288ef59b783edaa49eace7aa1f288587ca83f1900436961ae50,"[VIRTUAL]1 x Decora Ironmouse, 1 x Ironmouse Worm, 1 x Ironmouse, 1 x Ironmouse's Blade of Love, 1 x Bubi, 1 x Cry For Me, 1 x Hell Again, 1 x Mouse Mode, 1 x Ironmouse's Bubi Mic, 1 x Ironmouse's Bubi Mic, 1 x Ironmouse's Bubi Mic, 1 x TBD (SID_Placeholder_852), 1 x TBD (SID_Placeholder_854), 1 x TBD (SID_Placeholder_858), 1 x Headstones and an Ironmouse for -1 MtxCurrency",7600,3400,4200,0.5526,1,2026-09-19T00:00:00Z,2026-10-02T23:59:59.999Z,1,0,-2,IronMouse,Ironmouse,192,billboard,Size_4_x_1,,1,Ironmouse Bundle,15,br,Character_FeelUnionMoo,Decora Ironmouse,outfit,epic,,Ironmouse,7,4,2026-09-17T16:17:14Z
2026-09-23,v2:/4b81058798e46288ef59b783edaa49eace7aa1f288587ca83f1900436961ae50,"[VIRTUAL]1 x Decora Ironmouse, 1 x Ironmouse Worm, 1 x Ironmouse, 1 x Ironmouse's Blade of Love, 1 x Bubi, 1 x Cry For Me, 1 x Hell Again, 1 x Mouse Mode, 1 x Ironmouse's Bubi Mic, 1 x Ironmouse's Bubi Mic, 1 x Ironmouse's Bubi Mic, 1 x TBD (SID_Placeholder_852), 1 x TBD (SID_Placeholder_854), 1 x TBD (SID_Placeholder_858), 1 x Headstones and an Ironmouse for -1 MtxCurrency",7600,3400,4200,0.5526,1,2026-09-19T00:00:00Z,2026-10-02T23:59:59.999Z,1,0,-2,IronMouse,Ironmouse,192,billboard,Size_4_x_1,,1,Ironmouse Bundle,15,br,Backpack_FeelUnionMoo,Ironmouse Worm,backpack,rare,,Ironmouse,7,4,2026-09-17T16:17:14Z
2026-09-23,v2:/4b81058798e46288ef59b783edaa49eace7aa1f288587ca83f1900436961ae50,"[VIRTUAL]1 x Decora Ironmouse, 1 x Ironmouse Worm, 1 x Ironmouse, 1 x Ironmouse's Blade of Love, 1 x Bubi, 1 x Cry For Me, 1 x Hell Again, 1 x Mouse Mode, 1 x Ironmouse's Bubi Mic, 1 x Ironmouse's Bubi Mic, 1 x Ironmouse's Bubi Mic, 1 x TBD (SID_Placeholder_852), 1 x TBD (SID_Placeholder_854), 1 x TBD (SID_Placeholder_858), 1 x Headstones and an Ironmouse for -1 MtxCurrency",7600,3400,4200,0.5526,1,2026-09-19T00:00:00Z,2026-10-02T23:59:59.999Z,1,0,-2,IronMouse,Ironmouse,192,billboard,Size_4_x_1,,1,Ironmouse Bundle,15,br,Character_FeelUnionSki,Ironmouse,outfit,epic,,Ironmouse,7,4,2026-09-17T16:17:14Z
2026-09-23,v2:/4b81058798e46288ef59b783edaa49eace7aa1f288587ca83f1900436961ae50,"[VIRTUAL]1 x Decora Ironmouse, 1 x Ironmouse Worm, 1 x Ironmouse, 1 x Ironmouse's Blade of Love, 1 x Bubi, 1 x Cry For Me, 1 x Hell Again, 1 x Mouse Mode, 1 x Ironmouse's Bubi Mic, 1 x Ironmouse's Bubi Mic, 1 x Ironmouse's Bubi Mic, 1 x TBD (SID_Placeholder_852), 1 x TBD (SID_Placeholder_854), 1 x TBD (SID_Placeholder_858), 1 x Headstones and an Ironmouse for -1 MtxCurrency",7600,3400,4200,0.5526,1,2026-09-19T00:00:00Z,2026-10-02T23:59:59.999Z,1,0,-2,IronMouse,Ironmouse,192,billboard,Size_4_x_1,,1,Ironmouse Bundle,15,br,Pickaxe_FeelUnionSki,Ironmouse's Blade of Love,pickaxe,rare,,Ironmouse,7,4,2026-09-17T16:17:14Z
2026-09-23,v2:/4b81058798e46288ef59b783edaa49eace7aa1f288587ca83f1900436961ae50,"[VIRTUAL]1 x Decora Ironmouse, 1 x Ironmouse Worm, 1 x Ironmouse, 1 x Ironmouse's Blade of Love, 1 x Bubi, 1 x Cry For Me, 1 x Hell Again, 1 x Mouse Mode, 1 x Ironmouse's Bubi Mic, 1 x Ironmouse's Bubi Mic, 1 x Ironmouse's Bubi Mic, 1 x TBD (SID_Placeholder_852), 1 x TBD (SID_Placeholder_854), 1 x TBD (SID_Placeholder_858), 1 x Headstones and an Ironmouse for -1 MtxCurrency",7600,3400,4200,0.5526,1,2026-09-19T00:00:00Z,2026-10-02T23:59:59.999Z,1,0,-2,IronMouse,Ironmouse,192,billboard,Size_4_x_1,,1,Ironmouse Bundle,15,br,Backpack_FeelUnionSki,Bubi,backpack,rare,,Ironmouse,7,4,2026-09-17T16:17:14Z
2026-09-23,v2:/4b81058798e46288ef59b783edaa49eace7aa1f288587ca83f1900436961ae50,"[VIRTUAL]1 x Decora Ironmouse, 1 x Ironmouse Worm, 1 x Ironmouse, 1 x Ironmouse's Blade of Love, 1 x Bubi, 1 x Cry For Me, 1 x Hell Again, 1 x Mouse Mode, 1 x Ironmouse's Bubi Mic, 1 x Ironmouse's Bubi Mic, 1 x Ironmouse's Bubi Mic, 1 x TBD (SID_Placeholder_852), 1 x TBD (SID_Placeholder_854), 1 x TBD (SID_Placeholder_858), 1 x Headstones and an Ironmouse for -1 MtxCurrency",7600,3400,4200,0.5526,1,2026-09-19T00:00:00Z,2026-10-02T23:59:59.999Z,1,0,-2,IronMouse,Ironmouse,192,billboard,Size_4_x_1,,1,Ironmouse Bundle,15,br,EID_FeelUnionSki,Cry For Me,emote,uncommon,,Ironmouse,7,4,2026-09-17T16:17:14Z
2026-09-23,v2:/4b81058798e46288ef59b783edaa49eace7aa1f288587ca83f1900436961ae50,"[VIRTUAL]1 x Decora Ironmouse, 1 x Ironmouse Worm, 1 x Ironmouse, 1 x Ironmouse's Blade of Love, 1 x Bubi, 1 x Cry For Me, 1 x Hell Again, 1 x Mouse Mode, 1 x Ironmouse's Bubi Mic, 1 x Ironmouse's Bubi Mic, 1 x Ironmouse's Bubi Mic, 1 x TBD (SID_Placeholder_852), 1 x TBD (SID_Placeholder_854), 1 x TBD (SID_Placeholder_858), 1 x Headstones and an Ironmouse for -1 MtxCurrency",7600,3400,4200,0.5526,1,2026-09-19T00:00:00Z,2026-10-02T23:59:59.999Z,1,0,-2,IronMouse,Ironmouse,192,billboard,Size_4_x_1,,1,Ironmouse Bundle,15,br,EID_FeelUnionMoo,Hell Again,emote,uncommon,,Ironmouse,7,4,2026-09-17T16:17:14Z
2026-09-23,v2:/4b81058798e46288ef59b783edaa49eace7aa1f288587ca83f1900436961ae50,"[VIRTUAL]1 x Decora Ironmouse, 1 x Ironmouse Worm, 1 x Ironmouse, 1 x Ironmouse's Blade of Love, 1 x Bubi, 1 x Cry For Me, 1 x Hell Again, 1 x Mouse Mode, 1 x Ironmouse's Bubi Mic, 1 x Ironmouse's Bubi Mic, 1 x Ironmouse's Bubi Mic, 1 x TBD (SID_Placeholder_852), 1 x TBD (SID_Placeholder_854), 1 x TBD (SID_Placeholder_858), 1 x Headstones and an Ironmouse for -1 MtxCurrency",7600,3400,4200,0.5526,1,2026-09-19T00:00:00Z,2026-10-02T23:59:59.999Z,1,0,-2,IronMouse,Ironmouse,192,billboard,Size_4_x_1,,1,Ironmouse Bundle,15,br,Wrap_FeelUnion,Mouse Mode,wrap,rare,,Ironmouse,7,4,2026-09-17T16:17:14Z
2026-09-23,v2:/4b81058798e46288ef59b783edaa49eace7aa1f288587ca83f1900436961ae50,"[VIRTUAL]1 x Decora Ironmouse, 1 x Ironmouse Worm, 1 x Ironmouse, 1 x Ironmouse's Blade of Love, 1 x Bubi, 1 x Cry For Me, 1 x Hell Again, 1 x Mouse Mode, 1 x Ironmouse's Bubi Mic, 1 x Ironmouse's Bubi Mic, 1 x Ironmouse's Bubi Mic, 1 x TBD (SID_Placeholder_852), 1 x TBD (SID_Placeholder_854), 1 x TBD (SID_Placeholder_858), 1 x Headstones and an Ironmouse for -1 MtxCurrency",7600,3400,4200,0.5526,1,2026-09-19T00:00:00Z,2026-10-02T23:59:59.999Z,1,0,-2,IronMouse,Ironmouse,192,billboard,Size_4_x_1,,1,Ironmouse Bundle,15,br,Pickaxe_FeelUnionMoo_Mic,Ironmouse's Bubi Mic,pickaxe,rare,,Ironmouse,7,4,2026-09-17T16:17:14Z
2026-09-23,v2:/4b81058798e46288ef59b783edaa49eace7aa1f288587ca83f1900436961ae50,"[VIRTUAL]1 x Decora Ironmouse, 1 x Ironmouse Worm, 1 x Ironmouse, 1 x Ironmouse's Blade of Love, 1 x Bubi, 1 x Cry For Me, 1 x Hell Again, 1 x Mouse Mode, 1 x Ironmouse's Bubi Mic, 1 x Ironmouse's Bubi Mic, 1 x Ironmouse's Bubi Mic, 1 x TBD (SID_Placeholder_852), 1 x TBD (SID_Placeholder_854), 1 x TBD (SID_Placeholder_858), 1 x Headstones and an Ironmouse for -1 MtxCurrency",7600,3400,4200,0.5526,1,2026-09-19T00:00:00Z,2026-10-02T23:59:59.999Z,1,0,-2,IronMouse,Ironmouse,192,billboard,Size_4_x_1,,1,Ironmouse Bundle,15,br,Backpack_FeelUnionMoo_Mic,Ironmouse's Bubi Mic,backpack,rare,,Ironmouse,7,4,2026-09-17T16:17:14Z
2026-09-23,v2:/4b81058798e46288ef59b783edaa49eace7aa1f288587ca83f1900436961ae50,"[VIRTUAL]1 x Decora Ironmouse, 1 x Ironmouse Worm, 1 x Ironmouse, 1 x Ironmouse's Blade of Love, 1 x Bubi, 1 x Cry For Me, 1 x Hell Again, 1 x Mouse Mode, 1 x Ironmouse's Bubi Mic, 1 x Ironmouse's Bubi Mic, 1 x Ironmouse's Bubi Mic, 1 x TBD (SID_Placeholder_852), 1 x TBD (SID_Placeholder_854), 1 x TBD (SID_Placeholder_858), 1 x Headstones and an Ironmouse for -1 MtxCurrency",7600,3400,4200,0.5526,1,2026-09-19T00:00:00Z,2026-10-02T23:59:59.999Z,1,0,-2,IronMouse,Ironmouse,192,billboard,Size_4_x_1,,1,Ironmouse Bundle,15,br,LoadingScreen_FeelUnionKeyArt,Headstones and an Ironmouse,loadingscreen,uncommon,,Ironmouse,7,4,2026-09-17T16:17:14Z
2026-09-23,v2:/4b81058798e46288ef59b783edaa49eace7aa1f288587ca83f1900436961ae50,"[VIRTUAL]1 x Decora Ironmouse, 1 x Ironmouse Worm, 1 x Ironmouse, 1 x Ironmouse's Blade of Love, 1 x Bubi, 1 x Cry For Me, 1 x Hell Again, 1 x Mouse Mode, 1 x Ironmouse's Bubi Mic, 1 x Ironmouse's Bubi Mic, 1 x Ironmouse's Bubi Mic, 1 x TBD (SID_Placeholder_852), 1 x TBD (SID_Placeholder_854), 1 x TBD (SID_Placeholder_858), 1 x Headstones and an Ironmouse for -1 MtxCurrency",7600,3400,4200,0.5526,1,2026-09-19T00:00:00Z,2026-10-02T23:59:59.999Z,1,0,-2,IronMouse,Ironmouse,192,billboard,Size_4_x_1,,1,Ironmouse Bundle,15,track,sid_placeholder_852,Meow,,,,,,,2026-09-16T14:45:02Z
2026-09-23,v2:/4b81058798e46288ef59b783edaa49eace7aa1f288587ca83f1900436961ae50,"[VIRTUAL]1 x Decora Ironmouse, 1 x Ironmouse Worm, 1 x Ironmouse, 1 x Ironmouse's Blade of Love, 1 x Bubi, 1 x Cry For Me, 1 x Hell Again, 1 x Mouse Mode, 1 x Ironmouse's Bubi Mic, 1 x Ironmouse's Bubi Mic, 1 x Ironmouse's Bubi Mic, 1 x TBD (SID_Placeholder_852), 1 x TBD (SID_Placeholder_854), 1 x TBD (SID_Placeholder_858), 1 x Headstones and an Ironmouse for -1 MtxCurrency",7600,3400,4200,0.5526,1,2026-09-19T00:00:00Z,2026-10-02T23:59:59.999Z,1,0,-2,IronMouse,Ironmouse,192,billboard,Size_4_x_1,,1,Ironmouse Bundle,15,track,sid_placeholder_854,Hell Again,,,,,,,2026-09-16T14:47:03Z
2026-09-23,v2:/4b81058798e46288ef59b783edaa49eace7aa1f288587ca83f1900436961ae50,"[VIRTUAL]1 x Decora Ironmouse, 1 x Ironmouse Worm, 1 x Ironmouse, 1 x Ironmouse's Blade of Love, 1 x Bubi, 1 x Cry For Me, 1 x Hell Again, 1 x Mouse Mode, 1 x Ironmouse's Bubi Mic, 1 x Ironmouse's Bubi Mic, 1 x Ironmouse's Bubi Mic, 1 x TBD (SID_Placeholder_852), 1 x TBD (SID_Placeholder_854), 1 x TBD (SID_Placeholder_858), 1 x Headstones and an Ironmouse for -1 MtxCurrency",7600,3400,4200,0.5526,1,2026-09-19T00:00:00Z,2026-10-02T23:59:59.999Z,1,0,-2,IronMouse,Ironmouse,192,billboard,Size_4_x_1,,1,Ironmouse Bundle,15,track,sid_placeholder_858,Cry For Me (Wa Wa Wa),,,,,,,2026-09-16T14:46:03Z
2026-09-23,v2:/4b81058798e46288ef59b783edaa49eace7aa1f288587ca83f1900436961ae50,"[VIRTUAL]1 x Decora Ironmouse, 1 x Ironmouse Worm, 1 x Ironmouse, 1 x Ironmouse's Blade of Love, 1 x Bubi, 1 x Cry For Me, 1 x Hell Again, 1 x Mouse Mode, 1 x Ironmouse's Bubi Mic, 1 x Ironmouse's Bubi Mic, 1 x Ironmouse's Bubi Mic, 1 x TBD (SID_Placeholder_852), 1 x TBD (SID_Placeholder_854), 1 x TBD (SID_Placeholder_858), 1 x Headstones and an Ironmouse for -1 MtxCurrency",7600,3400,4200,0.5526,1,2026-09-19T00:00:00Z,2026-10-02T23:59:59.999Z,1,0,-2,IronMouse,Ironmouse,192,billboard,Size_4_x_1,,1,Ironmouse Bundle,15,instrument,Sparks_FeelUnionMoo_Mic,Ironmouse's Bubi Mic,mic,common,,,,,2026-09-17T16:17:14Z
2026-09-23,v2:/e14e84679bbca5359b1bf3e575aadc134cfcc82c5d2721950fbf02e4daaf2850,[VIRTUAL]1 x TBD (SID_Placeholder_690) for 500 MtxCurrency,500,500,0,0.0,0,2026-09-18T00:00:00Z,2026-09-24T23:59:59.999Z,1,0,-3,JT091826,Jam Tracks,180,tileGrid,Size_1_x_1,,0,,1,track,sid_placeholder_690,Enemy,,,,,,,2025-11-29T19:00:00Z
2026-09-23,v2:/aa383a1e57491c6ba9c2122fca3e6aabe0cdce01217ff0ada52200ef49a95215,"[VIRTUAL]1 x Commandline, 1 x Identity Disc, 1 x Identity Disc for -1 MtxCurrency",1500,1500,0,0.0,0,2026-09-22T00:00:00Z,2026-09-25T23:59:59.999Z,1,0,-2,badguys,Disney,195,tileGrid,Size_1_x_1,Equip the <highlight>IDENTITY DISC</> as a <highlight>BACK BLING</> or <highlight>PICKAXE</>!,1,Commandline,3,br,CID_A_018_Athena_Commando_F_Mainframe_B_T6GY4,Commandline,outfit,rare,,End of Line,2,5,2021-02-12T00:00:00Z
2026-09-23,v2:/aa383a1e57491c6ba9c2122fca3e6aabe0cdce01217ff0ada52200ef49a95215,"[VIRTUAL]1 x Commandline, 1 x Identity Disc, 1 x Identity Disc for -1 MtxCurrency",1500,1500,0,0.0,0,2026-09-22T00:00:00Z,2026-09-25T23:59:59.999Z,1,0,-2,badguys,Disney,195,tileGrid,Size_1_x_1,Equip the <highlight>IDENTITY DISC</> as a <highlight>BACK BLING</> or <highlight>PICKAXE</>!,1,Commandline,3,br,BID_699_MainframeMale_2W2M3,Identity Disc,backpack,rare,,End of Line,2,5,2021-02-12T00:00:00Z
2026-09-23,v2:/aa383a1e57491c6ba9c2122fca3e6aabe0cdce01217ff0ada52200ef49a95215,"[VIRTUAL]1 x Commandline, 1 x Identity Disc, 1 x Identity Disc for -1 MtxCurrency",1500,1500,0,0.0,0,2026-09-22T00:00:00Z,2026-09-25T23:59:59.999Z,1,0,-2,badguys,Disney,195,tileGrid,Size_1_x_1,Equip the <highlight>IDENTITY DISC</> as a <highlight>BACK BLING</> or <highlight>PICKAXE</>!,1,Commandline,3,br,Pickaxe_ID_546_MainframeMale_XW9S6,Identity Disc,pickaxe,rare,,End of Line,2,5,2021-02-12T00:00:00Z
2026-09-23,v2:/34f2bc16fef4b9d95789f6c945f9632d7658f64125ae5d6ce665fbd1942d1091,[VIRTUAL]1 x TBD (SID_Placeholder_697) for 500 MtxCurrency,500,500,0,0.0,0,2026-09-01T00:00:00Z,2026-09-30T23:59:59.999Z,1,0,-14,JT091826,Jam Tracks,180,expandableList,Size_1_x_1,,0,,1,track,sid_placeholder_697,New Woman,,,,,,,2025-11-29T19:00:00Z
2026-09-23,v2:/4635f6c406f510b2373cbba16c1752119c8ffc4a02ba2177dc9b5f5ec3e773c8,[VIRTUAL]1 x Speed's Trident for 800 MtxCurrency,800,800,0,0.0,0,2026-09-20T00:00:00Z,2026-09-23T23:59:59.999Z,1,0,-2,ishowspeed3,iShowSpeed,177,tileGrid,Size_1_x_1,,0,,1,br,Pickaxe_HonorBraceJoust,Speed's Trident,pickaxe,icon,Icon Series,IShowSpeed,7,1,2025-12-25T00:00:00Z
2026-09-23,v2:/28291a460f71728b82ca65b4a13c436e75923df923f348e76e4f827bd4f79550,"[VIRTUAL]1 x Shot Caller, 1 x Utility Pack for -1 MtxCurrency",1200,1200,0,0.0,0,2026-09-21T00:00:00Z,2026-09-24T23:59:59.999Z,1,0,-2,BR092326,Fit Check,185,tileGrid,Size_1_x_1,,0,,2,br,CID_428_Athena_Commando_M_UrbanScavenger,Shot Caller,outfit,rare,,Metro Squad,1,9,2019-11-20T12:49:58Z
2026-09-23,v2:/28291a460f71728b82ca65b4a13c436e75923df923f348e76e4f827bd4f79550,"[VIRTUAL]1 x Shot Caller, 1 x Utility Pack for -1 MtxCurrency",1200,1200,0,0.0,0,2026-09-21T00:00:00Z,2026-09-24T23:59:59.999Z,1,0,-2,BR092326,Fit Check,185,tileGrid,Size_1_x_1,,0,,2,br,BID_282_UrbanScavenger,Utility Pack,backpack,rare,,Metro Squad,1,9,2019-11-20T12:50:34Z
2026-09-23,v2:/eaa288e9c267743c778ea6986cceb9652700b1863cdcbe9e632d98dc2279e018,"[VIRTUAL]1 x Proxy, 1 x Identity Disc, 1 x Identity Disc for -1 MtxCurrency",1500,1500,0,0.0,0,2026-09-22T00:00:00Z,2026-09-25T23:59:59.999Z,1,0,-1,badguys,Disney,195,tileGrid,Size_1_x_1,Equip the <highlight>IDENTITY DISC</> as a <highlight>BACK BLING</> or <highlight>PICKAXE</>!,1,Proxy,3,br,CID_A_014_Athena_Commando_M_Mainframe_C_YVDOL,Proxy,outfit,rare,,End of Line,2,5,2021-02-12T00:00:00Z
2026-09-23,v2:/eaa288e9c267743c778ea6986cceb9652700b1863cdcbe9e632d98dc2279e018,"[VIRTUAL]1 x Proxy, 1 x Identity Disc, 1 x Identity Disc for -1 MtxCurrency",1500,1500,0,0.0,0,2026-09-22T00:00:00Z,2026-09-25T23:59:59.999Z,1,0,-1,badguys,Disney,195,tileGrid,Size_1_x_1,Equip the <highlight>IDENTITY DISC</> as a <highlight>BACK BLING</> or <highlight>PICKAXE</>!,1,Proxy,3,br,BID_699_MainframeMale_2W2M3,Identity Disc,backpack,rare,,End of Line,2,5,2021-02-12T00:00:00Z
2026-09-23,v2:/eaa288e9c267743c778ea6986cceb9652700b1863cdcbe9e632d98dc2279e018,"[VIRTUAL]1 x Proxy, 1 x Identity Disc, 1 x Identity Disc for -1 MtxCurrency",1500,1500,0,0.0,0,2026-09-22T00:00:00Z,2026-09-25T23:59:59.999Z,1,0,-1,badguys,Disney,195,tileGrid,Size_1_x_1,Equip the <highlight>IDENTITY DISC</> as a <highlight>BACK BLING</> or <highlight>PICKAXE</>!,1,Proxy,3,br,Pickaxe_ID_546_MainframeMale_XW9S6,Identity Disc,pickaxe,rare,,End of Line,2,5,2021-02-12T00:00:00Z
2026-09-23,v2:/88406b7d2286d29b385b435041a5df123d3b97a0afded572816e54a7aae40e4d,"[VIRTUAL]1 x Osric the Conqueror, 1 x Royalty's Mantle for -1 MtxCurrency",1000,1000,0,0.0,0,2026-09-21T00:00:00Z,2026-09-27T23:59:59.999Z,1,0,-4,FND092326,Front Page,188,tileGrid,Size_1_x_1,,0,,2,br,Character_RoutPinch,Osric the Conqueror,outfit,epic,,Dawning Apocalypse,7,4,2026-09-21T00:00:00Z
2026-09-23,v2:/88406b7d2286d29b385b435041a5df123d3b97a0afded572816e54a7aae40e4d,"[VIRTUAL]1 x Osric the Conqueror, 1 x Royalty's Mantle for -1 MtxCurrency",1000,1000,0,0.0,0,2026-09-21T00:00:00Z,2026-09-27T23:59:59.999Z,1,0,-4,FND092326,Front Page,188,tileGrid,Size_1_x_1,,0,,2,br,Backpack_RoutPinch,Royalty's Mantle,backpack,rare,,Dawning Apocalypse,7,4,2026-09-21T00:00:00Z
2026-09-23,v2:/92dd6980e2741374c4c3a723367215ff59b5549a05bac2dc82e6d251fd46b145,[VIRTUAL]1 x TBD (SID_Placeholder_795) for 500 MtxCurrency,500,500,0,0.0,0,2026-09-01T00:00:00Z,2026-09-30T23:59:59.999Z,1,0,-12,JT091826,Jam Tracks,180,expandableList,Size_1_x_1,,0,,1,track,sid_placeholder_795,I'll Believe in Anything,,,,,,,2026-05-19T14:12:36Z
2026-09-23,v2:/9d9f4878688da1bfc2244f2a9308964ce1dfc72b6755235096f5947183864435,[VIRTUAL]1 x Peely Pick for 800 MtxCurrency,800,800,0,0.0,0,2026-09-22T00:00:00Z,2026-09-24T23:59:59.999Z,1,0,-3,FriendlyMachine,FriendlyMachine's Locker,179,tileGrid,Size_1_x_1,,0,,1,br,Pickaxe_ID_191_Banana,Peely Pick,pickaxe,rare,,Banana Bunch,1,8,2019-11-20T12:50:50Z
2026-09-23,v2:/23b593a7c83f75e45d250a5b399c240410c257804aee959194b182462c120e06,[VIRTUAL]1 x Tick-Tock for 300 MtxCurrency,300,300,0,0.0,0,2026-09-22T00:00:00Z,2026-09-25T23:59:59.999Z,1,0,-1,,,,,Size_1_x_1,,0,,1,br,EID_FlowerVase,Tick-Tock,emote,uncommon,,Disney Villains,5,4,2024-10-19T00:00:00Z
2026-09-23,v2:/b55729f141723dc14049db7408a21ca175b40e2bb3fd09163809d49c2e5b998d,[VIRTUAL]1 x Cry For Me for 500 MtxCurrency,500,500,0,0.0,0,2026-09-19T00:00:00Z,2026-10-02T23:59:59.999Z,1,0,-4,IronMouse,Ironmouse,192,tileGrid,Size_1_x_1,,0,,1,br,EID_FeelUnionSki,Cry For Me,emote,uncommon,,Ironmouse,7,4,2026-09-17T16:17:14Z
2026-09-23,v2:/23e16d6cfef7f89d7544e0f358107e0ec4be7ab6e8811823309edaa8a6bc4b53,[VIRTUAL]1 x Swoonsail for 800 MtxCurrency,800,800,0,0.0,0,2026-09-20T00:00:00Z,2026-09-23T23:59:59.999Z,1,0,-3,PablloVittar,Pabllo Vittar's Locker ,178,tileGrid,Size_1_x_1,,0,,1,br,Glider_BoneMarrow,Swoonsail,glider,rare,,Amano's Heart,4,2,2023-05-21T00:00:00Z
2026-09-23,v2:/b6683ac1c2c656c5e1c688d602a87bfc77a093da8ef687a23d208c129745ae5d,[VIRTUAL]1 x Haute Handbag for 300 MtxCurrency,300,300,0,0.0,0,2026-09-22T00:00:00Z,2026-09-25T23:59:59.999Z,1,0,-1,,,,,Size_1_x_1,,0,,1,br,Backpack_FreshWave,Haute Handbag,backpack,rare,,Disney Villains,5,4,2024-10-19T00:00:00Z
2026-09-23,v2:/1d0b38143f816e8b2e9cad60598c113b5e1820f9848d685ea0d120861424d9ec,[VIRTUAL]1 x Last Kiss for 300 MtxCurrency,300,300,0,0.0,0,2026-09-22T00:00:00Z,2026-09-28T23:59:59.999Z,1,0,-2,,,,,Size_1_x_1,,0,,1,br,BID_518_HitmanCase,Last Kiss,backpack,rare,,Hit Squad,2,2,2020-04-15T06:13:43Z
2026-09-23,v2:/521c254311c03af85643ed4b1913660e07a9149a9ecac2bbd6094e67fd9d851f,"[VIRTUAL]1 x Blank, 1 x Blank, 1 x Blank, 1 x Blank, 1 x Blank, 1 x Blank for -1 MtxCurrency",2000,2000,0,0.0,0,2026-09-18T00:00:00Z,2026-09-24T23:59:59.999Z,1,0,-3,Batmobile2,2022 Batmobile,175,tileGrid,Size_2_x_1,,0,,6,car,CarBody_Tomb,Batmobile (2022),body,uncommon,,,,,2026-09-17T16:17:14Z
2026-09-23,v2:/521c254311c03af85643ed4b1913660e07a9149a9ecac2bbd6094e67fd9d851f,"[VIRTUAL]1 x Blank, 1 x Blank, 1 x Blank, 1 x Blank, 1 x Blank, 1 x Blank for -1 MtxCurrency",2000,2000,0,0.0,0,2026-09-18T00:00:00Z,2026-09-24T23:59:59.999Z,1,0,-3,Batmobile2,2022 Batmobile,175,tileGrid,Size_2_x_1,,0,,6,car,CarSkin_TombA,Reel Life,skin,uncommon,,,,,2026-09-17T16:17:14Z
2026-09-23,v2:/521c254311c03af85643ed4b1913660e07a9149a9ecac2bbd6094e67fd9d851f,"[VIRTUAL]1 x Blank, 1 x Blank, 1 x Blank, 1 x Blank, 1 x Blank, 1 x Blank for -1 MtxCurrency",2000,2000,0,0.0,0,2026-09-18T00:00:00Z,2026-09-24T23:59:59.999Z,1,0,-3,Batmobile2,2022 Batmobile,175,tileGrid,Size_2_x_1,,0,,6,car,CarSkin_TombDefault,Reel Life (Custom),skin,uncommon,,,,,2026-09-17T16:17:14Z
2026-09-23,v2:/521c254311c03af85643ed4b1913660e07a9149a9ecac2bbd6094e67fd9d851f,"[VIRTUAL]1 x Blank, 1 x Blank, 1 x Blank, 1 x Blank, 1 x Blank, 1 x Blank for -1 MtxCurrency",2000,2000,0,0.0,0,2026-09-18T00:00:00Z,2026-09-24T23:59:59.999Z,1,0,-3,Batmobile2,2022 Batmobile,175,tileGrid,Size_2_x_1,,0,,6,car,Wheel_Tomb,Batmobile (2022),wheel,uncommon,,,,,2026-09-17T16:17:14Z
2026-09-23,v2:/521c254311c03af85643ed4b1913660e07a9149a9ecac2bbd6094e67fd9d851f,"[VIRTUAL]1 x Blank, 1 x Blank, 1 x Blank, 1 x Blank, 1 x Blank, 1 x Blank for -1 MtxCurrency",2000,2000,0,0.0,0,2026-09-18T00:00:00Z,2026-09-24T23:59:59.999Z,1,0,-3,Batmobile2,2022 Batmobile,175,tileGrid,Size_2_x_1,,0,,6,car,ID_Booster_Tomb,Batmobile (2022),booster,uncommon,,,,,2026-09-17T16:17:14Z
2026-09-23,v2:/521c254311c03af85643ed4b1913660e07a9149a9ecac2bbd6094e67fd9d851f,"[VIRTUAL]1 x Blank, 1 x Blank, 1 x Blank, 1 x Blank, 1 x Blank, 1 x Blank for -1 MtxCurrency",2000,2000,0,0.0,0,2026-09-18T00:00:00Z,2026-09-24T23:59:59.999Z,1,0,-3,Batmobile2,2022 Batmobile,175,tileGrid,Size_2_x_1,,0,,6,car,ID_DriftTrail_Tomb,Batmobile (2022),drifttrail,rare,,,,,2026-09-17T16:17:14Z
2026-09-23,v2:/e67796b60d3afe8c8e0a60f365551b48935803301b4c70a5699bad2289df6274,[VIRTUAL]1 x Opus No. 1 for 500 MtxCurrency,500,500,0,0.0,0,2026-09-20T00:00:00Z,2026-09-23T23:59:59.999Z,1,0,-1,VV092226,Hype Squad,189,tileGrid,Size_1_x_1,,0,,1,br,EID_CallWaiting,Opus No. 1,emote,icon,Icon Series,,7,4,2026-09-20T00:00:00Z
2026-09-23,v2:/9e8272f7717c3e1c1ec6f71725f41fcd62ae53ab5312c1cc0e393301b5eb598e,"[VIRTUAL]1 x Hana, 1 x Skull of Keleritas, 1 x Starstruck Axe, 1 x Heart Attach, 1 x Swoonsail, 1 x Heartwave for -1 MtxCurrency",3700,2100,1600,0.4324,1,2026-09-20T00:00:00Z,2026-09-23T23:59:59.999Z,1,0,-1,PablloVittar,Pabllo Vittar's Locker ,178,tileGrid,Size_3_x_1,,1,Pabllo Vittar's Locker Bundle,6,br,CID_A_452_Athena_Commando_F_Barium,Hana,outfit,epic,,Downhill Demon,4,1,2022-12-13T10:43:37Z
2026-09-23,v2:/9e8272f7717c3e1c1ec6f71725f41fcd62ae53ab5312c1cc0e393301b5eb598e,"[VIRTUAL]1 x Hana, 1 x Skull of Keleritas, 1 x Starstruck Axe, 1 x Heart Attach, 1 x Swoonsail, 1 x Heartwave for -1 MtxCurrency",3700,2100,1600,0.4324,1,2026-09-20T00:00:00Z,2026-09-23T23:59:59.999Z,1,0,-1,PablloVittar,Pabllo Vittar's Locker ,178,tileGrid,Size_3_x_1,,1,Pabllo Vittar's Locker Bundle,6,br,BID_A_040_BariumFemale,Skull of Keleritas,backpack,epic,,Downhill Demon,4,1,2022-12-13T10:43:37Z
2026-09-23,v2:/9e8272f7717c3e1c1ec6f71725f41fcd62ae53ab5312c1cc0e393301b5eb598e,"[VIRTUAL]1 x Hana, 1 x Skull of Keleritas, 1 x Starstruck Axe, 1 x Heart Attach, 1 x Swoonsail, 1 x Heartwave for -1 MtxCurrency",3700,2100,1600,0.4324,1,2026-09-20T00:00:00Z,2026-09-23T23:59:59.999Z,1,0,-1,PablloVittar,Pabllo Vittar's Locker ,178,tileGrid,Size_3_x_1,,1,Pabllo Vittar's Locker Bundle,6,br,Pickaxe_ID_426_PunkDevilSummerFemale,Starstruck Axe,pickaxe,rare,,Demon Beach,2,3,2020-06-30T06:09:08Z
2026-09-23,v2:/9e8272f7717c3e1c1ec6f71725f41fcd62ae53ab5312c1cc0e393301b5eb598e,"[VIRTUAL]1 x Hana, 1 x Skull of Keleritas, 1 x Starstruck Axe, 1 x Heart Attach, 1 x Swoonsail, 1 x Heartwave for -1 MtxCurrency",3700,2100,1600,0.4324,1,2026-09-20T00:00:00Z,2026-09-23T23:59:59.999Z,1,0,-1,PablloVittar,Pabllo Vittar's Locker ,178,tileGrid,Size_3_x_1,,1,Pabllo Vittar's Locker Bundle,6,br,EID_Endear,Heart Attach,emote,uncommon,,,4,2,2023-04-11T10:06:45Z
2026-09-23,v2:/9e8272f7717c3e1c1ec6f71725f41fcd62ae53ab5312c1cc0e393301b5eb598e,"[VIRTUAL]1 x Hana, 1 x Skull of Keleritas, 1 x Starstruck Axe, 1 x Heart Attach, 1 x Swoonsail, 1 x Heartwave for -1 MtxCurrency",3700,2100,1600,0.4324,1,2026-09-20T00:00:00Z,2026-09-23T23:59:59.999Z,1,0,-1,PablloVittar,Pabllo Vittar's Locker ,178,tileGrid,Size_3_x_1,,1,Pabllo Vittar's Locker Bundle,6,br,Glider_BoneMarrow,Swoonsail,glider,rare,,Amano's Heart,4,2,2023-05-21T00:00:00Z
2026-09-23,v2:/9e8272f7717c3e1c1ec6f71725f41fcd62ae53ab5312c1cc0e393301b5eb598e,"[VIRTUAL]1 x Hana, 1 x Skull of Keleritas, 1 x Starstruck Axe, 1 x Heart Attach, 1 x Swoonsail, 1 x Heartwave for -1 MtxCurrency",3700,2100,1600,0.4324,1,2026-09-20T00:00:00Z,2026-09-23T23:59:59.999Z,1,0,-1,PablloVittar,Pabllo Vittar's Locker ,178,tileGrid,Size_3_x_1,,1,Pabllo Vittar's Locker Bundle,6,br,Wrap_503_FuzzyBearSummer,Heartwave,wrap,uncommon,,Beary Cuddly,3,3,2022-07-18T12:38:54Z
2026-09-23,v2:/e1d903a23a180f76a1dd7a3599738a316a8366a956b6d43709b3401742254b84,[VIRTUAL]1 x ISpeedStyle for 500 MtxCurrency,500,500,0,0.0,0,2026-09-20T00:00:00Z,2026-09-23T23:59:59.999Z,1,0,-1,ishowspeed3,iShowSpeed,177,tileGrid,Size_1_x_1,,0,,1,br,Wrap_HonorBraceJoust,ISpeedStyle,wrap,icon,Icon Series,IShowSpeed,7,1,2025-12-25T00:00:00Z
2026-09-23,v2:/ef574e435ce6601fed32d834a8a3d950e140167381e95824212bedf5b6fa689f,"[VIRTUAL]1 x Wrangler, 1 x Saddle Bag for -1 MtxCurrency",1200,1200,0,0.0,0,2026-09-21T00:00:00Z,2026-09-24T23:59:59.999Z,1,0,-2,BR092326,Fit Check,185,tileGrid,Size_1_x_1,,0,,2,br,CID_576_Athena_Commando_M_CODSquadPlaid,Wrangler,outfit,rare,,Wild Frontier,2,1,2019-11-20T12:48:10Z
2026-09-23,v2:/ef574e435ce6601fed32d834a8a3d950e140167381e95824212bedf5b6fa689f,"[VIRTUAL]1 x Wrangler, 1 x Saddle Bag for -1 MtxCurrency",1200,1200,0,0.0,0,2026-09-21T00:00:00Z,2026-09-24T23:59:59.999Z,1,0,-2,BR092326,Fit Check,185,tileGrid,Size_1_x_1,,0,,2,br,BID_376_CODSquad_Plaid,Saddle Bag,backpack,rare,,Wild Frontier,2,1,2019-11-20T12:50:31Z
2026-09-23,v2:/c637f2a34315b8c9cd9209788dfe7ddfd893f4e2a636a9c9e79606b86036aa9c,[VIRTUAL]1 x Dart Monkey for 1500 MtxCurrency,1500,1500,0,0.0,0,2026-09-23T00:00:00Z,2026-09-26T23:59:59.999Z,1,0,-2,BloonsTD,Bloons TD,191,tileGrid,Size_3_x_1,,0,,1,br,Companion_EdibleCable,Dart Monkey,sidekick,gaminglegends,Gaming Legends Series,Bloons TD 6,7,2,2026-04-24T00:00:00Z
2026-09-23,v2:/84f5159ddd0e1e1eb2f56cf05c4ecc42b1feca97a993316c495e97ea1069a677,[VIRTUAL]1 x TBD (SID_Placeholder_686) for 500 MtxCurrency,500,500,0,0.0,0,2026-09-01T00:00:00Z,2026-09-30T23:59:59.999Z,1,0,-26,JT091826,Jam Tracks,180,expandableList,Size_1_x_1,,0,,1,track,sid_placeholder_686,Ring Ring Ring,,,,,,,2025-11-14T14:43:54Z
2026-09-23,v2:/6f815d71d277f1366e2a76827847708c20d840a3d15bfe38fa300265e6d4b0fe,"[VIRTUAL]1 x Stellaron Hunter Kafka, 1 x Twilight Trill for -1 MtxCurrency",1500,1500,0,0.0,0,2026-09-21T00:00:00Z,2026-09-24T23:59:59.999Z,1,0,-2,Honkai,Honkai Star Rail,184,tileGrid,Size_1_x_1,Reactive to eliminations! ,1,Stellaron Hunter Kafka,2,br,Character_TweakSmirk,Stellaron Hunter Kafka,outfit,gaminglegends,Gaming Legends Series,Honkai: Star Rail,7,1,2026-02-27T00:00:00Z
2026-09-23,v2:/6f815d71d277f1366e2a76827847708c20d840a3d15bfe38fa300265e6d4b0fe,"[VIRTUAL]1 x Stellaron Hunter Kafka, 1 x Twilight Trill for -1 MtxCurrency",1500,1500,0,0.0,0,2026-09-21T00:00:00Z,2026-09-24T23:59:59.999Z,1,0,-2,Honkai,Honkai Star Rail,184,tileGrid,Size_1_x_1,Reactive to eliminations! ,1,Stellaron Hunter Kafka,2,br,Backpack_TweakSmirk,Twilight Trill,backpack,gaminglegends,Gaming Legends Series,Honkai: Star Rail,7,1,2026-02-27T00:00:00Z
2026-09-23,v2:/63b788efa2ba999343f12dff49db2f8b1bcf8f4ce2e7d76ec163f5f314fc6bc6,[VIRTUAL]1 x TBD (SID_Placeholder_506) for 500 MtxCurrency,500,500,0,0.0,0,2026-09-01T00:00:00Z,2026-09-30T23:59:59.999Z,1,0,-75,JT091826,Jam Tracks,180,expandableList,Size_1_x_1,,0,,1,track,sid_placeholder_506,Pumped Up Kicks,,,,,,,2025-03-06T14:32:03Z
2026-09-23,v2:/38af1394c1beecc86932260749957cb8e25d026843feeb47c8578fb15a9707b0,[VIRTUAL]1 x Brilliant Striker for 1200 MtxCurrency,1200,1200,0,0.0,0,2026-09-22T00:00:00Z,2026-09-28T23:59:59.999Z,1,0,-4,BR092326,Fit Check,185,tileGrid,Size_1_x_1,,0,,1,br,CID_092_Athena_Commando_F_RedShirt,Brilliant Striker,outfit,rare,,,1,3,2019-11-20T12:50:27Z
2026-09-23,v2:/2bd123dec5de7c80fb475f4f5b003a56c9551f82219e46f4c71e1b98980bd053,[VIRTUAL]1 x Air Jordan 11 Retro 'Gamma Blue' for 1000 MtxCurrency,1000,1000,0,0.0,0,2026-09-21T00:00:00Z,2026-09-27T23:59:59.999Z,1,0,-1,BR092326,Fit Check,185,tileGrid,Size_1_x_1,,0,,1,br,Shoes_CheerNiceShrug,Air Jordan 11 Retro 'Gamma Blue',shoe,uncommon,,Air Jordan Shoes,7,1,2025-12-11T16:07:07Z
2026-09-23,v2:/af95b752b9bffb6120084cb03faf0b3908a952ddc28bf55e04b13b8d84ca2a17,"[VIRTUAL]1 x Nissan 350Z, 1 x N-23, 1 x Mean Street, 1 x Flames, 1 x Lightning, 1 x Stripes, 1 x Wings, 1 x Nissan 350Z for -1 MtxCurrency",2000,2000,0,0.0,0,2026-09-21T00:00:00Z,2026-09-27T23:59:59.999Z,1,0,-1,Nissan350ZCa,Nissan 350Z,174,tileGrid,Size_3_x_1,Decals in this bundle are restricted to the  Nissan 350Z car body.,1,Nissan 350Z,8,car,CarBody_ZedThirty,Nissan 350Z,body,epic,NISSAN SERIES,,,,2026-04-30T09:17:44Z
2026-09-23,v2:/af95b752b9bffb6120084cb03faf0b3908a952ddc28bf55e04b13b8d84ca2a17,"[VIRTUAL]1 x Nissan 350Z, 1 x N-23, 1 x Mean Street, 1 x Flames, 1 x Lightning, 1 x Stripes, 1 x Wings, 1 x Nissan 350Z for -1 MtxCurrency",2000,2000,0,0.0,0,2026-09-21T00:00:00Z,2026-09-27T23:59:59.999Z,1,0,-1,Nissan350ZCa,Nissan 350Z,174,tileGrid,Size_3_x_1,Decals in this bundle are restricted to the  Nissan 350Z car body.,1,Nissan 350Z,8,car,CarSkin_ZedThirtyLivery01,N-23,skin,common,NISSAN SERIES,,,,2026-04-30T09:17:44Z
2026-09-23,v2:/af95b752b9bffb6120084cb03faf0b3908a952ddc28bf55e04b13b8d84ca2a17,"[VIRTUAL]1 x Nissan 350Z, 1 x N-23, 1 x Mean Street, 1 x Flames, 1 x Lightning, 1 x Stripes, 1 x Wings, 1 x Nissan 350Z for -1 MtxCurrency",2000,2000,0,0.0,0,2026-09-21T00:00:00Z,2026-09-27T23:59:59.999Z,1,0,-1,Nissan350ZCa,Nissan 350Z,174,tileGrid,Size_3_x_1,Decals in this bundle are restricted to the  Nissan 350Z car body.,1,Nissan 350Z,8,car,CarSkin_ZedThirtyLivery02,Mean Street,skin,common,NISSAN SERIES,,,,2026-04-30T09:17:44Z
2026-09-23,v2:/af95b752b9bffb6120084cb03faf0b3908a952ddc28bf55e04b13b8d84ca2a17,"[VIRTUAL]1 x Nissan 350Z, 1 x N-23, 1 x Mean Street, 1 x Flames, 1 x Lightning, 1 x Stripes, 1 x Wings, 1 x Nissan 350Z for -1 MtxCurrency",2000,2000,0,0.0,0,2026-09-21T00:00:00Z,2026-09-27T23:59:59.999Z,1,0,-1,Nissan350ZCa,Nissan 350Z,174,tileGrid,Size_3_x_1,Decals in this bundle are restricted to the  Nissan 350Z car body.,1,Nissan 350Z,8,car,CarSkin_ZedThirtyFlames,Flames,skin,common,NISSAN SERIES,,,,2026-04-30T09:17:44Z
2026-09-23,v2:/af95b752b9bffb6120084cb03faf0b3908a952ddc28bf55e04b13b8d84ca2a17,"[VIRTUAL]1 x Nissan 350Z, 1 x N-23, 1 x Mean Street, 1 x Flames, 1 x Lightning, 1 x Stripes, 1 x Wings, 1 x Nissan 350Z for -1 MtxCurrency",2000,2000,0,0.0,0,2026-09-21T00:00:00Z,2026-09-27T23:59:59.999Z,1,0,-1,Nissan350ZCa,Nissan 350Z,174,tileGrid,Size_3_x_1,Decals in this bundle are restricted to the  Nissan 350Z car body.,1,Nissan 350Z,8,car,CarSkin_ZedThirtyLightning,Lightning,skin,common,NISSAN SERIES,,,,2026-04-30T09:17:44Z
2026-09-23,v2:/af95b752b9bffb6120084cb03faf0b3908a952ddc28bf55e04b13b8d84ca2a17,"[VIRTUAL]1 x Nissan 350Z, 1 x N-23, 1 x Mean Street, 1 x Flames, 1 x Lightning, 1 x Stripes, 1 x Wings, 1 x Nissan 350Z for -1 MtxCurrency",2000,2000,0,0.0,0,2026-09-21T00:00:00Z,2026-09-27T23:59:59.999Z,1,0,-1,Nissan350ZCa,Nissan 350Z,174,tileGrid,Size_3_x_1,Decals in this bundle are restricted to the  Nissan 350Z car body.,1,Nissan 350Z,8,car,CarSkin_ZedThirtyStripes,Stripes,skin,common,NISSAN SERIES,,,,2026-04-30T09:17:44Z
2026-09-23,v2:/af95b752b9bffb6120084cb03faf0b3908a952ddc28bf55e04b13b8d84ca2a17,"[VIRTUAL]1 x Nissan 350Z, 1 x N-23, 1 x Mean Street, 1 x Flames, 1 x Lightning, 1 x Stripes, 1 x Wings, 1 x Nissan 350Z for -1 MtxCurrency",2000,2000,0,0.0,0,2026-09-21T00:00:00Z,2026-09-27T23:59:59.999Z,1,0,-1,Nissan350ZCa,Nissan 350Z,174,tileGrid,Size_3_x_1,Decals in this bundle are restricted to the  Nissan 350Z car body.,1,Nissan 350Z,8,car,CarSkin_ZedThirtyWings,Wings,skin,common,NISSAN SERIES,,,,2026-04-30T09:17:44Z
2026-09-23,v2:/af95b752b9bffb6120084cb03faf0b3908a952ddc28bf55e04b13b8d84ca2a17,"[VIRTUAL]1 x Nissan 350Z, 1 x N-23, 1 x Mean Street, 1 x Flames, 1 x Lightning, 1 x Stripes, 1 x Wings, 1 x Nissan 350Z for -1 MtxCurrency",2000,2000,0,0.0,0,2026-09-21T00:00:00Z,2026-09-27T23:59:59.999Z,1,0,-1,Nissan350ZCa,Nissan 350Z,174,tileGrid,Size_3_x_1,Decals in this bundle are restricted to the  Nissan 350Z car body.,1,Nissan 350Z,8,car,Wheel_ZedThirty01,Nissan 350Z,wheel,uncommon,NISSAN SERIES,,,,2026-04-30T09:17:44Z
2026-09-23,v2:/43a3f20a01a28febf18886d8b704896e90fa866a105c42a819fca8f5371b9213,[VIRTUAL]1 x Focused Emblem for 200 MtxCurrency,200,200,0,0.0,0,2026-09-23T00:00:00Z,2026-09-30T23:59:59.999Z,1,0,-1,CyberFNCS1,FNCS,197,tileGrid,Size_1_x_1,,0,,1,br,Backpack_CyberFNCS,Focused Emblem,backpack,rare,,FNCS,7,4,2026-09-17T16:17:14Z
2026-09-23,v2:/28ecbddf5bc1175aa0032d9965618fbfdbe68bb3f83075b7d8fe71dd5cf508cb,"[VIRTUAL]1 x Johnny Silverhand's Guitar, 1 x Johnny Silverhand's Guitar, 1 x Johnny Silverhand's Guitar for 800 MtxCurrency",800,800,0,0.0,0,2026-09-22T00:00:00Z,2026-09-26T23:59:59.999Z,1,0,-3,Cyberpunk2077,Cyberpunk,190,tileGrid,Size_1_x_1,,0,,3,br,Backpack_MustardToast_Guitar,Johnny Silverhand's Guitar,backpack,gaminglegends,Gaming Legends Series,Night City Denizens,,,2025-02-22T00:00:00Z
2026-09-23,v2:/28ecbddf5bc1175aa0032d9965618fbfdbe68bb3f83075b7d8fe71dd5cf508cb,"[VIRTUAL]1 x Johnny Silverhand's Guitar, 1 x Johnny Silverhand's Guitar, 1 x Johnny Silverhand's Guitar for 800 MtxCurrency",800,800,0,0.0,0,2026-09-22T00:00:00Z,2026-09-26T23:59:59.999Z,1,0,-3,Cyberpunk2077,Cyberpunk,190,tileGrid,Size_1_x_1,,0,,3,br,Pickaxe_MustardToast_Guitar,Johnny Silverhand's Guitar,pickaxe,gaminglegends,Gaming Legends Series,Night City Denizens,,,2025-02-22T00:00:00Z
2026-09-23,v2:/28ecbddf5bc1175aa0032d9965618fbfdbe68bb3f83075b7d8fe71dd5cf508cb,"[VIRTUAL]1 x Johnny Silverhand's Guitar, 1 x Johnny Silverhand's Guitar, 1 x Johnny Silverhand's Guitar for 800 MtxCurrency",800,800,0,0.0,0,2026-09-22T00:00:00Z,2026-09-26T23:59:59.999Z,1,0,-3,Cyberpunk2077,Cyberpunk,190,tileGrid,Size_1_x_1,,0,,3,instrument,Sparks_Guitar_MustardToast,Johnny Silverhand's Guitar,guitar,gaminglegends,Gaming Legends Series,,,,2024-12-22T14:02:11Z
2026-09-23,v2:/e5a1989864353a94a9017cf3f6b145381463a8e6955c10066740608ad9b3c926,[VIRTUAL]1 x Piggy Slippies for 600 MtxCurrency,600,600,0,0.0,0,2026-09-21T00:00:00Z,2026-09-27T23:59:59.999Z,1,0,-3,BR092326,Fit Check,185,tileGrid,Size_1_x_1,,0,,1,br,Shoes_ButtonMud,Piggy Slippies,shoe,uncommon,,,6,6,2025-11-02T20:05:32Z
2026-09-23,v2:/f8269b6d800ba73a89c1d5aff9165fffa88789f2962c6f57761279a9bde6b9b9,[VIRTUAL]1 x TBD (SID_Placeholder_695) for 500 MtxCurrency,500,500,0,0.0,0,2026-09-18T00:00:00Z,2026-09-24T23:59:59.999Z,1,0,-1,JT091826,Jam Tracks,180,tileGrid,Size_1_x_1,,0,,1,track,sid_placeholder_695,LA CHONA,,,,,,,2025-11-18T20:10:16Z
2026-09-23,v2:/2c23d9875e7a0e29e80d2762d3795a814929504a031de54106c3b1c6f462df15,"[VIRTUAL]1 x Lucyna Kushinada, 1 x Rebecca Plushie, 1 x Lucy's Monowire, 1 x Lucy's Float, 1 x Edgerunner Glitch, 1 x TBD (SID_Placeholder_892) for -1 MtxCurrency",3800,2300,1500,0.3947,1,2026-09-20T00:00:00Z,2026-09-26T23:59:59.999Z,1,0,-1,Cyberpunk2077,Cyberpunk,190,billboard,Size_4_x_1,,1,Cyberpunk Edgerunners Bundle,6,br,Character_FaithPerch,Lucyna Kushinada,outfit,epic,,Cyberpunk Edgerunners,7,4,2026-09-17T16:17:14Z
2026-09-23,v2:/2c23d9875e7a0e29e80d2762d3795a814929504a031de54106c3b1c6f462df15,"[VIRTUAL]1 x Lucyna Kushinada, 1 x Rebecca Plushie, 1 x Lucy's Monowire, 1 x Lucy's Float, 1 x Edgerunner Glitch, 1 x TBD (SID_Placeholder_892) for -1 MtxCurrency",3800,2300,1500,0.3947,1,2026-09-20T00:00:00Z,2026-09-26T23:59:59.999Z,1,0,-1,Cyberpunk2077,Cyberpunk,190,billboard,Size_4_x_1,,1,Cyberpunk Edgerunners Bundle,6,br,Backpack_FaithPerch,Rebecca Plushie,backpack,rare,,Cyberpunk Edgerunners,7,4,2026-09-17T16:17:14Z
2026-09-23,v2:/2c23d9875e7a0e29e80d2762d3795a814929504a031de54106c3b1c6f462df15,"[VIRTUAL]1 x Lucyna Kushinada, 1 x Rebecca Plushie, 1 x Lucy's Monowire, 1 x Lucy's Float, 1 x Edgerunner Glitch, 1 x TBD (SID_Placeholder_892) for -1 MtxCurrency",3800,2300,1500,0.3947,1,2026-09-20T00:00:00Z,2026-09-26T23:59:59.999Z,1,0,-1,Cyberpunk2077,Cyberpunk,190,billboard,Size_4_x_1,,1,Cyberpunk Edgerunners Bundle,6,br,Pickaxe_FaithPerch,Lucy's Monowire,pickaxe,rare,,Cyberpunk Edgerunners,7,4,2026-09-17T16:17:14Z
2026-09-23,v2:/2c23d9875e7a0e29e80d2762d3795a814929504a031de54106c3b1c6f462df15,"[VIRTUAL]1 x Lucyna Kushinada, 1 x Rebecca Plushie, 1 x Lucy's Monowire, 1 x Lucy's Float, 1 x Edgerunner Glitch, 1 x TBD (SID_Placeholder_892) for -1 MtxCurrency",3800,2300,1500,0.3947,1,2026-09-20T00:00:00Z,2026-09-26T23:59:59.999Z,1,0,-1,Cyberpunk2077,Cyberpunk,190,billboard,Size_4_x_1,,1,Cyberpunk Edgerunners Bundle,6,br,EID_FaithPerch,Lucy's Float,emote,uncommon,,Cyberpunk Edgerunners,7,4,2026-09-19T14:48:41Z
2026-09-23,v2:/2c23d9875e7a0e29e80d2762d3795a814929504a031de54106c3b1c6f462df15,"[VIRTUAL]1 x Lucyna Kushinada, 1 x Rebecca Plushie, 1 x Lucy's Monowire, 1 x Lucy's Float, 1 x Edgerunner Glitch, 1 x TBD (SID_Placeholder_892) for -1 MtxCurrency",3800,2300,1500,0.3947,1,2026-09-20T00:00:00Z,2026-09-26T23:59:59.999Z,1,0,-1,Cyberpunk2077,Cyberpunk,190,billboard,Size_4_x_1,,1,Cyberpunk Edgerunners Bundle,6,br,Wrap_FaithPerch,Edgerunner Glitch,wrap,rare,,Cyberpunk Edgerunners,7,4,2026-09-19T14:48:41Z
2026-09-23,v2:/2c23d9875e7a0e29e80d2762d3795a814929504a031de54106c3b1c6f462df15,"[VIRTUAL]1 x Lucyna Kushinada, 1 x Rebecca Plushie, 1 x Lucy's Monowire, 1 x Lucy's Float, 1 x Edgerunner Glitch, 1 x TBD (SID_Placeholder_892) for -1 MtxCurrency",3800,2300,1500,0.3947,1,2026-09-20T00:00:00Z,2026-09-26T23:59:59.999Z,1,0,-1,Cyberpunk2077,Cyberpunk,190,billboard,Size_4_x_1,,1,Cyberpunk Edgerunners Bundle,6,track,sid_placeholder_892,I Really Want To Stay At Your House,,,,,,,2026-09-18T14:22:09Z
2026-09-23,v2:/88cca8b4835564e0609c13770b1133685a6a60a3e91be2e0407807fbb9197a05,[VIRTUAL]1 x Nothing Else Matters for 500 MtxCurrency,500,500,0,0.0,0,2026-09-01T00:00:00Z,2026-09-30T23:59:59.999Z,1,0,-72,JT091826,Jam Tracks,180,expandableList,Size_1_x_1,,0,,1,track,sid_placeholder_237,Nothing Else Matters,,,,,,,2024-06-20T00:00:00Z
2026-09-23,v2:/189a21578027809123fa275d6447f4427bfe701ef1cd8023954570a6279b97d5,[VIRTUAL]1 x TBD (SID_Placeholder_744) for 500 MtxCurrency,500,500,0,0.0,0,2026-09-01T00:00:00Z,2026-09-30T23:59:59.999Z,1,0,-83,JT091826,Jam Tracks,180,expandableList,Size_1_x_1,,0,,1,track,sid_placeholder_744,Just Pretend,,,,,,,2026-02-11T04:45:25Z
2026-09-23,v2:/cbeee8164cc0ebea1620354e694c432360d57356d92f543d49048a5011f90502,[VIRTUAL]1 x Utility Pack for 300 MtxCurrency,300,300,0,0.0,0,2026-09-21T00:00:00Z,2026-09-24T23:59:59.999Z,1,0,-2,,,,,Size_1_x_1,,0,,1,br,BID_282_UrbanScavenger,Utility Pack,backpack,rare,,Metro Squad,1,9,2019-11-20T12:50:34Z
2026-09-23,v2:/0e4eb5d38447bbc87ff52b3ac69c892365a4fbf7a2b6d58fa4a6a3df988ca702,[VIRTUAL]1 x Lux Æterna for 500 MtxCurrency,500,500,0,0.0,0,2026-09-01T00:00:00Z,2026-09-30T23:59:59.999Z,1,0,-88,JT091826,Jam Tracks,180,expandableList,Size_1_x_1,,0,,1,track,sid_placeholder_236,Lux Æterna,,,,,,,2024-06-20T00:00:00Z
2026-09-23,v2:/2dd14691ccd9ac7f418456d2de931b9793e7865ff8591ae63282adb328d5609a,"[VIRTUAL]1 x Fallow the Fallen, 1 x Hunger & Haste, 1 x Hunger & Haste for -1 MtxCurrency",1200,1200,0,0.0,0,2026-09-21T00:00:00Z,2026-09-27T23:59:59.999Z,1,0,-3,FND092326,Front Page,188,tileGrid,Size_1_x_1,,0,,3,br,Character_SharpCrave,Fallow the Fallen,outfit,epic,,Dawning Apocalypse,7,4,2026-09-17T16:17:14Z
2026-09-23,v2:/2dd14691ccd9ac7f418456d2de931b9793e7865ff8591ae63282adb328d5609a,"[VIRTUAL]1 x Fallow the Fallen, 1 x Hunger & Haste, 1 x Hunger & Haste for -1 MtxCurrency",1200,1200,0,0.0,0,2026-09-21T00:00:00Z,2026-09-27T23:59:59.999Z,1,0,-3,FND092326,Front Page,188,tileGrid,Size_1_x_1,,0,,3,br,Pickaxe_SharpCrave,Hunger & Haste,pickaxe,rare,,Dawning Apocalypse,7,4,2026-09-17T16:17:14Z
2026-09-23,v2:/2dd14691ccd9ac7f418456d2de931b9793e7865ff8591ae63282adb328d5609a,"[VIRTUAL]1 x Fallow the Fallen, 1 x Hunger & Haste, 1 x Hunger & Haste for -1 MtxCurrency",1200,1200,0,0.0,0,2026-09-21T00:00:00Z,2026-09-27T23:59:59.999Z,1,0,-3,FND092326,Front Page,188,tileGrid,Size_1_x_1,,0,,3,br,Backpack_SharpCrave,Hunger & Haste,backpack,rare,,Dawning Apocalypse,7,4,2026-09-17T16:17:14Z
2026-09-23,v2:/bc57e6357c2b3a995637e3684dfb3ccc9c176d52ac39db209b192d11cf126e58,"[VIRTUAL]1 x Rapscallion, 1 x Burgle Bag for -1 MtxCurrency",1500,1500,0,0.0,0,2026-09-22T00:00:00Z,2026-09-24T23:59:59.999Z,1,0,-2,BR092326,Fit Check,185,tileGrid,Size_1_x_1,,0,,2,br,CID_135_Athena_Commando_F_Jailbird,Rapscallion,outfit,epic,,Jailbird,1,4,2019-11-20T12:50:23Z
2026-09-23,v2:/bc57e6357c2b3a995637e3684dfb3ccc9c176d52ac39db209b192d11cf126e58,"[VIRTUAL]1 x Rapscallion, 1 x Burgle Bag for -1 MtxCurrency",1500,1500,0,0.0,0,2026-09-22T00:00:00Z,2026-09-24T23:59:59.999Z,1,0,-2,BR092326,Fit Check,185,tileGrid,Size_1_x_1,,0,,2,br,BID_054_JailbirdFemale,Burgle Bag,backpack,epic,,Jailbird,1,4,2019-11-20T12:50:41Z
2026-09-23,v2:/5d4f5e9ab2d5135a9f80a1ca97bbe8c7cf003238050bf1bb2f6cbabfc6fcd4c6,[VIRTUAL]1 x TBD (SID_Placeholder_775) for 500 MtxCurrency,500,500,0,0.0,0,2026-09-01T00:00:00Z,2026-09-30T23:59:59.999Z,1,0,-79,JT091826,Jam Tracks,180,expandableList,Size_1_x_1,,0,,1,track,sid_placeholder_775,A Thousand Miles,,,,,,,2026-04-16T08:01:05Z
2026-09-23,v2:/0f60d4763965ed4b74b6d1e864fb32661c9bb590f385f714df576f377cd316ab,[VIRTUAL]1 x TBD (SID_Placeholder_594) for 500 MtxCurrency,500,500,0,0.0,0,2026-09-01T00:00:00Z,2026-09-30T23:59:59.999Z,1,0,-32,JT091826,Jam Tracks,180,expandableList,Size_1_x_1,,0,,1,track,sid_placeholder_594,Sunflower - Spider-Man: Into the Spider-Verse,,,,,,,2025-06-04T00:24:13Z
2026-09-23,v2:/4e803ce94403432c7bd1b334801b215e244123ef17964ca1bdce509efda6d480,"[VIRTUAL]1 x Destiny's Embrace, 1 x Destiny's Embrace for 800 MtxCurrency",800,800,0,0.0,0,2026-09-17T00:00:00Z,2026-10-01T23:59:59.999Z,1,0,-1,KingdomHearts,Kingdom Hearts ,196,tileGrid,Size_1_x_1,,0,,2,br,Pickaxe_WaningCacti,Destiny's Embrace,pickaxe,gaminglegends,Gaming Legends Series,Kingdom Hearts,7,4,2026-09-17T08:00:00Z
2026-09-23,v2:/4e803ce94403432c7bd1b334801b215e244123ef17964ca1bdce509efda6d480,"[VIRTUAL]1 x Destiny's Embrace, 1 x Destiny's Embrace for 800 MtxCurrency",800,800,0,0.0,0,2026-09-17T00:00:00Z,2026-10-01T23:59:59.999Z,1,0,-1,KingdomHearts,Kingdom Hearts ,196,tileGrid,Size_1_x_1,,0,,2,br,Backpack_WaningCacti,Destiny's Embrace,backpack,gaminglegends,Gaming Legends Series,Kingdom Hearts,7,4,2026-09-17T08:00:00Z
2026-09-23,v2:/c1d2393eb404f342cc4b13cf4760e55e6b6fbab56422550783bc24b9ee3f26ae,[VIRTUAL]1 x The Diary Of Jane for 500 MtxCurrency,500,500,0,0.0,0,2026-09-01T00:00:00Z,2026-09-30T23:59:59.999Z,1,0,-48,JT091826,Jam Tracks,180,expandableList,Size_1_x_1,,0,,1,track,sid_placeholder_451,The Diary Of Jane,,,,,,,2024-12-19T21:10:30Z
2026-09-23,v2:/61e52ba8ed7f1ed95e38550997a152a7035544318dde09bdf4b753d65b4c0a75,"[VIRTUAL]1 x Sora, 1 x Keyblade, 1 x Keyblade, 1 x Keyblade Flourish, 1 x Riku, 1 x Soul Eater, 1 x Soul Eater, 1 x Roxas, 1 x Oathkeeper & Oblivion, 1 x Oathkeeper & Oblivion, 1 x Kairi, 1 x Destiny's Embrace, 1 x Destiny's Embrace, 1 x Lil' Gummi Ship, 1 x Shadow Steppers, 1 x Sea-Salt Ice Cream, 1 x Arpeggio, 1 x Arpeggio, 1 x Arpeggio, 1 x TBD (SID_Placeholder_904), 1 x TBD (SID_Placeholder_905), 1 x The Heart of All Worlds for -1 MtxCurrency",10300,4500,5800,0.5631,1,2026-09-17T00:00:00Z,2026-10-01T23:59:59.999Z,1,0,-1,KingdomHearts,Kingdom Hearts ,196,billboard,Size_4_x_1,,1,KINGDOM HEARTS Bundle,22,br,Character_SpireTend,Sora,outfit,gaminglegends,Gaming Legends Series,Kingdom Hearts,7,4,2026-09-17T08:00:00Z
2026-09-23,v2:/61e52ba8ed7f1ed95e38550997a152a7035544318dde09bdf4b753d65b4c0a75,"[VIRTUAL]1 x Sora, 1 x Keyblade, 1 x Keyblade, 1 x Keyblade Flourish, 1 x Riku, 1 x Soul Eater, 1 x Soul Eater, 1 x Roxas, 1 x Oathkeeper & Oblivion, 1 x Oathkeeper & Oblivion, 1 x Kairi, 1 x Destiny's Embrace, 1 x Destiny's Embrace, 1 x Lil' Gummi Ship, 1 x Shadow Steppers, 1 x Sea-Salt Ice Cream, 1 x Arpeggio, 1 x Arpeggio, 1 x Arpeggio, 1 x TBD (SID_Placeholder_904), 1 x TBD (SID_Placeholder_905), 1 x The Heart of All Worlds for -1 MtxCurrency",10300,4500,5800,0.5631,1,2026-09-17T00:00:00Z,2026-10-01T23:59:59.999Z,1,0,-1,KingdomHearts,Kingdom Hearts ,196,billboard,Size_4_x_1,,1,KINGDOM HEARTS Bundle,22,br,Pickaxe_SpireTend,Keyblade,pickaxe,gaminglegends,Gaming Legends Series,Kingdom Hearts,7,4,2026-09-17T08:00:00Z
2026-09-23,v2:/61e52ba8ed7f1ed95e38550997a152a7035544318dde09bdf4b753d65b4c0a75,"[VIRTUAL]1 x Sora, 1 x Keyblade, 1 x Keyblade, 1 x Keyblade Flourish, 1 x Riku, 1 x Soul Eater, 1 x Soul Eater, 1 x Roxas, 1 x Oathkeeper & Oblivion, 1 x Oathkeeper & Oblivion, 1 x Kairi, 1 x Destiny's Embrace, 1 x Destiny's Embrace, 1 x Lil' Gummi Ship, 1 x Shadow Steppers, 1 x Sea-Salt Ice Cream, 1 x Arpeggio, 1 x Arpeggio, 1 x Arpeggio, 1 x TBD (SID_Placeholder_904), 1 x TBD (SID_Placeholder_905), 1 x The Heart of All Worlds for -1 MtxCurrency",10300,4500,5800,0.5631,1,2026-09-17T00:00:00Z,2026-10-01T23:59:59.999Z,1,0,-1,KingdomHearts,Kingdom Hearts ,196,billboard,Size_4_x_1,,1,KINGDOM HEARTS Bundle,22,br,Backpack_SpireTend,Keyblade,backpack,gaminglegends,Gaming Legends Series,Kingdom Hearts,7,4,2026-09-17T08:00:00Z
2026-09-23,v2:/61e52ba8ed7f1ed95e38550997a152a7035544318dde09bdf4b753d65b4c0a75,"[VIRTUAL]1 x Sora, 1 x Keyblade, 1 x Keyblade, 1 x Keyblade Flourish, 1 x Riku, 1 x Soul Eater, 1 x Soul Eater, 1 x Roxas, 1 x Oathkeeper & Oblivion, 1 x Oathkeeper & Oblivion, 1 x Kairi, 1 x Destiny's Embrace, 1 x Destiny's Embrace, 1 x Lil' Gummi Ship, 1 x Shadow Steppers, 1 x Sea-Salt Ice Cream, 1 x Arpeggio, 1 x Arpeggio, 1 x Arpeggio, 1 x TBD (SID_Placeholder_904), 1 x TBD (SID_Placeholder_905), 1 x The Heart of All Worlds for -1 MtxCurrency",10300,4500,5800,0.5631,1,2026-09-17T00:00:00Z,2026-10-01T23:59:59.999Z,1,0,-1,KingdomHearts,Kingdom Hearts ,196,billboard,Size_4_x_1,,1,KINGDOM HEARTS Bundle,22,br,EID_SpireTend,Keyblade Flourish,emote,gaminglegends,Gaming Legends Series,Kingdom Hearts,7,4,2026-09-17T08:00:00Z
2026-09-23,v2:/61e52ba8ed7f1ed95e38550997a152a7035544318dde09bdf4b753d65b4c0a75,"[VIRTUAL]1 x Sora, 1 x Keyblade, 1 x Keyblade, 1 x Keyblade Flourish, 1 x Riku, 1 x Soul Eater, 1 x Soul Eater, 1 x Roxas, 1 x Oathkeeper & Oblivion, 1 x Oathkeeper & Oblivion, 1 x Kairi, 1 x Destiny's Embrace, 1 x Destiny's Embrace, 1 x Lil' Gummi Ship, 1 x Shadow Steppers, 1 x Sea-Salt Ice Cream, 1 x Arpeggio, 1 x Arpeggio, 1 x Arpeggio, 1 x TBD (SID_Placeholder_904), 1 x TBD (SID_Placeholder_905), 1 x The Heart of All Worlds for -1 MtxCurrency",10300,4500,5800,0.5631,1,2026-09-17T00:00:00Z,2026-10-01T23:59:59.999Z,1,0,-1,KingdomHearts,Kingdom Hearts ,196,billboard,Size_4_x_1,,1,KINGDOM HEARTS Bundle,22,br,Character_VealCadet,Riku,outfit,gaminglegends,Gaming Legends Series,Kingdom Hearts,7,4,2026-09-17T08:00:00Z
2026-09-23,v2:/61e52ba8ed7f1ed95e38550997a152a7035544318dde09bdf4b753d65b4c0a75,"[VIRTUAL]1 x Sora, 1 x Keyblade, 1 x Keyblade, 1 x Keyblade Flourish, 1 x Riku, 1 x Soul Eater, 1 x Soul Eater, 1 x Roxas, 1 x Oathkeeper & Oblivion, 1 x Oathkeeper & Oblivion, 1 x Kairi, 1 x Destiny's Embrace, 1 x Destiny's Embrace, 1 x Lil' Gummi Ship, 1 x Shadow Steppers, 1 x Sea-Salt Ice Cream, 1 x Arpeggio, 1 x Arpeggio, 1 x Arpeggio, 1 x TBD (SID_Placeholder_904), 1 x TBD (SID_Placeholder_905), 1 x The Heart of All Worlds for -1 MtxCurrency",10300,4500,5800,0.5631,1,2026-09-17T00:00:00Z,2026-10-01T23:59:59.999Z,1,0,-1,KingdomHearts,Kingdom Hearts ,196,billboard,Size_4_x_1,,1,KINGDOM HEARTS Bundle,22,br,Pickaxe_VealCadet,Soul Eater,pickaxe,gaminglegends,Gaming Legends Series,Kingdom Hearts,7,4,2026-09-17T08:00:00Z
2026-09-23,v2:/61e52ba8ed7f1ed95e38550997a152a7035544318dde09bdf4b753d65b4c0a75,"[VIRTUAL]1 x Sora, 1 x Keyblade, 1 x Keyblade, 1 x Keyblade Flourish, 1 x Riku, 1 x Soul Eater, 1 x Soul Eater, 1 x Roxas, 1 x Oathkeeper & Oblivion, 1 x Oathkeeper & Oblivion, 1 x Kairi, 1 x Destiny's Embrace, 1 x Destiny's Embrace, 1 x Lil' Gummi Ship, 1 x Shadow Steppers, 1 x Sea-Salt Ice Cream, 1 x Arpeggio, 1 x Arpeggio, 1 x Arpeggio, 1 x TBD (SID_Placeholder_904), 1 x TBD (SID_Placeholder_905), 1 x The Heart of All Worlds for -1 MtxCurrency",10300,4500,5800,0.5631,1,2026-09-17T00:00:00Z,2026-10-01T23:59:59.999Z,1,0,-1,KingdomHearts,Kingdom Hearts ,196,billboard,Size_4_x_1,,1,KINGDOM HEARTS Bundle,22,br,Backpack_VealCadet,Soul Eater,backpack,gaminglegends,Gaming Legends Series,Kingdom Hearts,7,4,2026-09-17T08:00:00Z
2026-09-23,v2:/61e52ba8ed7f1ed95e38550997a152a7035544318dde09bdf4b753d65b4c0a75,"[VIRTUAL]1 x Sora, 1 x Keyblade, 1 x Keyblade, 1 x Keyblade Flourish, 1 x Riku, 1 x Soul Eater, 1 x Soul Eater, 1 x Roxas, 1 x Oathkeeper & Oblivion, 1 x Oathkeeper & Oblivion, 1 x Kairi, 1 x Destiny's Embrace, 1 x Destiny's Embrace, 1 x Lil' Gummi Ship, 1 x Shadow Steppers, 1 x Sea-Salt Ice Cream, 1 x Arpeggio, 1 x Arpeggio, 1 x Arpeggio, 1 x TBD (SID_Placeholder_904), 1 x TBD (SID_Placeholder_905), 1 x The Heart of All Worlds for -1 MtxCurrency",10300,4500,5800,0.5631,1,2026-09-17T00:00:00Z,2026-10-01T23:59:59.999Z,1,0,-1,KingdomHearts,Kingdom Hearts ,196,billboard,Size_4_x_1,,1,KINGDOM HEARTS Bundle,22,br,Character_FaunaPike,Roxas,outfit,gaminglegends,Gaming Legends Series,Kingdom Hearts,7,4,2026-09-17T08:00:00Z
2026-09-23,v2:/61e52ba8ed7f1ed95e38550997a152a7035544318dde09bdf4b753d65b4c0a75,"[VIRTUAL]1 x Sora, 1 x Keyblade, 1 x Keyblade, 1 x Keyblade Flourish, 1 x Riku, 1 x Soul Eater, 1 x Soul Eater, 1 x Roxas, 1 x Oathkeeper & Oblivion, 1 x Oathkeeper & Oblivion, 1 x Kairi, 1 x Destiny's Embrace, 1 x Destiny's Embrace, 1 x Lil' Gummi Ship, 1 x Shadow Steppers, 1 x Sea-Salt Ice Cream, 1 x Arpeggio, 1 x Arpeggio, 1 x Arpeggio, 1 x TBD (SID_Placeholder_904), 1 x TBD (SID_Placeholder_905), 1 x The Heart of All Worlds for -1 MtxCurrency",10300,4500,5800,0.5631,1,2026-09-17T00:00:00Z,2026-10-01T23:59:59.999Z,1,0,-1,KingdomHearts,Kingdom Hearts ,196,billboard,Size_4_x_1,,1,KINGDOM HEARTS Bundle,22,br,Pickaxe_FaunaPike,Oathkeeper & Oblivion,pickaxe,gaminglegends,Gaming Legends Series,Kingdom Hearts,7,4,2026-09-17T08:00:00Z
2026-09-23,v2:/61e52ba8ed7f1ed95e38550997a152a7035544318dde09bdf4b753d65b4c0a75,"[VIRTUAL]1 x Sora, 1 x Keyblade, 1 x Keyblade, 1 x Keyblade Flourish, 1 x Riku, 1 x Soul Eater, 1 x Soul Eater, 1 x Roxas, 1 x Oathkeeper & Oblivion, 1 x Oathkeeper & Oblivion, 1 x Kairi, 1 x Destiny's Embrace, 1 x Destiny's Embrace, 1 x Lil' Gummi Ship, 1 x Shadow Steppers, 1 x Sea-Salt Ice Cream, 1 x Arpeggio, 1 x Arpeggio, 1 x Arpeggio, 1 x TBD (SID_Placeholder_904), 1 x TBD (SID_Placeholder_905), 1 x The Heart of All Worlds for -1 MtxCurrency",10300,4500,5800,0.5631,1,2026-09-17T00:00:00Z,2026-10-01T23:59:59.999Z,1,0,-1,KingdomHearts,Kingdom Hearts ,196,billboard,Size_4_x_1,,1,KINGDOM HEARTS Bundle,22,br,Backpack_FaunaPike,Oathkeeper & Oblivion,backpack,gaminglegends,Gaming Legends Series,Kingdom Hearts,7,4,2026-09-17T08:00:00Z
2026-09-23,v2:/61e52ba8ed7f1ed95e38550997a152a7035544318dde09bdf4b753d65b4c0a75,"[VIRTUAL]1 x Sora, 1 x Keyblade, 1 x Keyblade, 1 x Keyblade Flourish, 1 x Riku, 1 x Soul Eater, 1 x Soul Eater, 1 x Roxas, 1 x Oathkeeper & Oblivion, 1 x Oathkeeper & Oblivion, 1 x Kairi, 1 x Destiny's Embrace, 1 x Destiny's Embrace, 1 x Lil' Gummi Ship, 1 x Shadow Steppers, 1 x Sea-Salt Ice Cream, 1 x Arpeggio, 1 x Arpeggio, 1 x Arpeggio, 1 x TBD (SID_Placeholder_904), 1 x TBD (SID_Placeholder_905), 1 x The Heart of All Worlds for -1 MtxCurrency",10300,4500,5800,0.5631,1,2026-09-17T00:00:00Z,2026-10-01T23:59:59.999Z,1,0,-1,KingdomHearts,Kingdom Hearts ,196,billboard,Size_4_x_1,,1,KINGDOM HEARTS Bundle,22,br,Character_WaningCacti,Kairi,outfit,gaminglegends,Gaming Legends Series,Kingdom Hearts,7,4,2026-09-17T08:00:00Z
2026-09-23,v2:/61e52ba8ed7f1ed95e38550997a152a7035544318dde09bdf4b753d65b4c0a75,"[VIRTUAL]1 x Sora, 1 x Keyblade, 1 x Keyblade, 1 x Keyblade Flourish, 1 x Riku, 1 x Soul Eater, 1 x Soul Eater, 1 x Roxas, 1 x Oathkeeper & Oblivion, 1 x Oathkeeper & Oblivion, 1 x Kairi, 1 x Destiny's Embrace, 1 x Destiny's Embrace, 1 x Lil' Gummi Ship, 1 x Shadow Steppers, 1 x Sea-Salt Ice Cream, 1 x Arpeggio, 1 x Arpeggio, 1 x Arpeggio, 1 x TBD (SID_Placeholder_904), 1 x TBD (SID_Placeholder_905), 1 x The Heart of All Worlds for -1 MtxCurrency",10300,4500,5800,0.5631,1,2026-09-17T00:00:00Z,2026-10-01T23:59:59.999Z,1,0,-1,KingdomHearts,Kingdom Hearts ,196,billboard,Size_4_x_1,,1,KINGDOM HEARTS Bundle,22,br,Pickaxe_WaningCacti,Destiny's Embrace,pickaxe,gaminglegends,Gaming Legends Series,Kingdom Hearts,7,4,2026-09-17T08:00:00Z
2026-09-23,v2:/61e52ba8ed7f1ed95e38550997a152a7035544318dde09bdf4b753d65b4c0a75,"[VIRTUAL]1 x Sora, 1 x Keyblade, 1 x Keyblade, 1 x Keyblade Flourish, 1 x Riku, 1 x Soul Eater, 1 x Soul Eater, 1 x Roxas, 1 x Oathkeeper & Oblivion, 1 x Oathkeeper & Oblivion, 1 x Kairi, 1 x Destiny's Embrace, 1 x Destiny's Embrace, 1 x Lil' Gummi Ship, 1 x Shadow Steppers, 1 x Sea-Salt Ice Cream, 1 x Arpeggio, 1 x Arpeggio, 1 x Arpeggio, 1 x TBD (SID_Placeholder_904), 1 x TBD (SID_Placeholder_905), 1 x The Heart of All Worlds for -1 MtxCurrency",10300,4500,5800,0.5631,1,2026-09-17T00:00:00Z,2026-10-01T23:59:59.999Z,1,0,-1,KingdomHearts,Kingdom Hearts ,196,billboard,Size_4_x_1,,1,KINGDOM HEARTS Bundle,22,br,Backpack_WaningCacti,Destiny's Embrace,backpack,gaminglegends,Gaming Legends Series,Kingdom Hearts,7,4,2026-09-17T08:00:00Z
2026-09-23,v2:/61e52ba8ed7f1ed95e38550997a152a7035544318dde09bdf4b753d65b4c0a75,"[VIRTUAL]1 x Sora, 1 x Keyblade, 1 x Keyblade, 1 x Keyblade Flourish, 1 x Riku, 1 x Soul Eater, 1 x Soul Eater, 1 x Roxas, 1 x Oathkeeper & Oblivion, 1 x Oathkeeper & Oblivion, 1 x Kairi, 1 x Destiny's Embrace, 1 x Destiny's Embrace, 1 x Lil' Gummi Ship, 1 x Shadow Steppers, 1 x Sea-Salt Ice Cream, 1 x Arpeggio, 1 x Arpeggio, 1 x Arpeggio, 1 x TBD (SID_Placeholder_904), 1 x TBD (SID_Placeholder_905), 1 x The Heart of All Worlds for -1 MtxCurrency",10300,4500,5800,0.5631,1,2026-09-17T00:00:00Z,2026-10-01T23:59:59.999Z,1,0,-1,KingdomHearts,Kingdom Hearts ,196,billboard,Size_4_x_1,,1,KINGDOM HEARTS Bundle,22,br,EID_SpireTendFlight,Lil' Gummi Ship,emote,gaminglegends,Gaming Legends Series,Kingdom Hearts,7,4,2026-09-17T08:00:00Z
2026-09-23,v2:/61e52ba8ed7f1ed95e38550997a152a7035544318dde09bdf4b753d65b4c0a75,"[VIRTUAL]1 x Sora, 1 x Keyblade, 1 x Keyblade, 1 x Keyblade Flourish, 1 x Riku, 1 x Soul Eater, 1 x Soul Eater, 1 x Roxas, 1 x Oathkeeper & Oblivion, 1 x Oathkeeper & Oblivion, 1 x Kairi, 1 x Destiny's Embrace, 1 x Destiny's Embrace, 1 x Lil' Gummi Ship, 1 x Shadow Steppers, 1 x Sea-Salt Ice Cream, 1 x Arpeggio, 1 x Arpeggio, 1 x Arpeggio, 1 x TBD (SID_Placeholder_904), 1 x TBD (SID_Placeholder_905), 1 x The Heart of All Worlds for -1 MtxCurrency",10300,4500,5800,0.5631,1,2026-09-17T00:00:00Z,2026-10-01T23:59:59.999Z,1,0,-1,KingdomHearts,Kingdom Hearts ,196,billboard,Size_4_x_1,,1,KINGDOM HEARTS Bundle,22,br,Shoes_SpireTendBeen,Shadow Steppers,shoe,gaminglegends,Gaming Legends Series,Kingdom Hearts,7,4,2026-09-17T08:00:00Z
2026-09-23,v2:/61e52ba8ed7f1ed95e38550997a152a7035544318dde09bdf4b753d65b4c0a75,"[VIRTUAL]1 x Sora, 1 x Keyblade, 1 x Keyblade, 1 x Keyblade Flourish, 1 x Riku, 1 x Soul Eater, 1 x Soul Eater, 1 x Roxas, 1 x Oathkeeper & Oblivion, 1 x Oathkeeper & Oblivion, 1 x Kairi, 1 x Destiny's Embrace, 1 x Destiny's Embrace, 1 x Lil' Gummi Ship, 1 x Shadow Steppers, 1 x Sea-Salt Ice Cream, 1 x Arpeggio, 1 x Arpeggio, 1 x Arpeggio, 1 x TBD (SID_Placeholder_904), 1 x TBD (SID_Placeholder_905), 1 x The Heart of All Worlds for -1 MtxCurrency",10300,4500,5800,0.5631,1,2026-09-17T00:00:00Z,2026-10-01T23:59:59.999Z,1,0,-1,KingdomHearts,Kingdom Hearts ,196,billboard,Size_4_x_1,,1,KINGDOM HEARTS Bundle,22,br,Backpack_SpireTendFlair,Sea-Salt Ice Cream,backpack,gaminglegends,Gaming Legends Series,Kingdom Hearts,7,4,2026-09-17T08:00:00Z
2026-09-23,v2:/61e52ba8ed7f1ed95e38550997a152a7035544318dde09bdf4b753d65b4c0a75,"[VIRTUAL]1 x Sora, 1 x Keyblade, 1 x Keyblade, 1 x Keyblade Flourish, 1 x Riku, 1 x Soul Eater, 1 x Soul Eater, 1 x Roxas, 1 x Oathkeeper & Oblivion, 1 x Oathkeeper & Oblivion, 1 x Kairi, 1 x Destiny's Embrace, 1 x Destiny's Embrace, 1 x Lil' Gummi Ship, 1 x Shadow Steppers, 1 x Sea-Salt Ice Cream, 1 x Arpeggio, 1 x Arpeggio, 1 x Arpeggio, 1 x TBD (SID_Placeholder_904), 1 x TBD (SID_Placeholder_905), 1 x The Heart of All Worlds for -1 MtxCurrency",10300,4500,5800,0.5631,1,2026-09-17T00:00:00Z,2026-10-01T23:59:59.999Z,1,0,-1,KingdomHearts,Kingdom Hearts ,196,billboard,Size_4_x_1,,1,KINGDOM HEARTS Bundle,22,br,Backpack_FaunaPike_Guitar,Arpeggio,backpack,gaminglegends,Gaming Legends Series,Kingdom Hearts,7,4,2026-09-17T08:00:00Z
2026-09-23,v2:/61e52ba8ed7f1ed95e38550997a152a7035544318dde09bdf4b753d65b4c0a75,"[VIRTUAL]1 x Sora, 1 x Keyblade, 1 x Keyblade, 1 x Keyblade Flourish, 1 x Riku, 1 x Soul Eater, 1 x Soul Eater, 1 x Roxas, 1 x Oathkeeper & Oblivion, 1 x Oathkeeper & Oblivion, 1 x Kairi, 1 x Destiny's Embrace, 1 x Destiny's Embrace, 1 x Lil' Gummi Ship, 1 x Shadow Steppers, 1 x Sea-Salt Ice Cream, 1 x Arpeggio, 1 x Arpeggio, 1 x Arpeggio, 1 x TBD (SID_Placeholder_904), 1 x TBD (SID_Placeholder_905), 1 x The Heart of All Worlds for -1 MtxCurrency",10300,4500,5800,0.5631,1,2026-09-17T00:00:00Z,2026-10-01T23:59:59.999Z,1,0,-1,KingdomHearts,Kingdom Hearts ,196,billboard,Size_4_x_1,,1,KINGDOM HEARTS Bundle,22,br,Pickaxe_FaunaPike_Guitar,Arpeggio,pickaxe,gaminglegends,Gaming Legends Series,Kingdom Hearts,7,4,2026-09-17T08:00:00Z
2026-09-23,v2:/61e52ba8ed7f1ed95e38550997a152a7035544318dde09bdf4b753d65b4c0a75,"[VIRTUAL]1 x Sora, 1 x Keyblade, 1 x Keyblade, 1 x Keyblade Flourish, 1 x Riku, 1 x Soul Eater, 1 x Soul Eater, 1 x Roxas, 1 x Oathkeeper & Oblivion, 1 x Oathkeeper & Oblivion, 1 x Kairi, 1 x Destiny's Embrace, 1 x Destiny's Embrace, 1 x Lil' Gummi Ship, 1 x Shadow Steppers, 1 x Sea-Salt Ice Cream, 1 x Arpeggio, 1 x Arpeggio, 1 x Arpeggio, 1 x TBD (SID_Placeholder_904), 1 x TBD (SID_Placeholder_905), 1 x The Heart of All Worlds for -1 MtxCurrency",10300,4500,5800,0.5631,1,2026-09-17T00:00:00Z,2026-10-01T23:59:59.999Z,1,0,-1,KingdomHearts,Kingdom Hearts ,196,billboard,Size_4_x_1,,1,KINGDOM HEARTS Bundle,22,br,LoadingScreen_SpireTendKeyArt,The Heart of All Worlds,loadingscreen,uncommon,,Kingdom Hearts,7,4,2026-09-17T08:00:00Z
2026-09-23,v2:/61e52ba8ed7f1ed95e38550997a152a7035544318dde09bdf4b753d65b4c0a75,"[VIRTUAL]1 x Sora, 1 x Keyblade, 1 x Keyblade, 1 x Keyblade Flourish, 1 x Riku, 1 x Soul Eater, 1 x Soul Eater, 1 x Roxas, 1 x Oathkeeper & Oblivion, 1 x Oathkeeper & Oblivion, 1 x Kairi, 1 x Destiny's Embrace, 1 x Destiny's Embrace, 1 x Lil' Gummi Ship, 1 x Shadow Steppers, 1 x Sea-Salt Ice Cream, 1 x Arpeggio, 1 x Arpeggio, 1 x Arpeggio, 1 x TBD (SID_Placeholder_904), 1 x TBD (SID_Placeholder_905), 1 x The Heart of All Worlds for -1 MtxCurrency",10300,4500,5800,0.5631,1,2026-09-17T00:00:00Z,2026-10-01T23:59:59.999Z,1,0,-1,KingdomHearts,Kingdom Hearts ,196,billboard,Size_4_x_1,,1,KINGDOM HEARTS Bundle,22,track,sid_placeholder_904,Dearly Beloved,,,,,,,2026-09-15T14:22:50Z
2026-09-23,v2:/61e52ba8ed7f1ed95e38550997a152a7035544318dde09bdf4b753d65b4c0a75,"[VIRTUAL]1 x Sora, 1 x Keyblade, 1 x Keyblade, 1 x Keyblade Flourish, 1 x Riku, 1 x Soul Eater, 1 x Soul Eater, 1 x Roxas, 1 x Oathkeeper & Oblivion, 1 x Oathkeeper & Oblivion, 1 x Kairi, 1 x Destiny's Embrace, 1 x Destiny's Embrace, 1 x Lil' Gummi Ship, 1 x Shadow Steppers, 1 x Sea-Salt Ice Cream, 1 x Arpeggio, 1 x Arpeggio, 1 x Arpeggio, 1 x TBD (SID_Placeholder_904), 1 x TBD (SID_Placeholder_905), 1 x The Heart of All Worlds for -1 MtxCurrency",10300,4500,5800,0.5631,1,2026-09-17T00:00:00Z,2026-10-01T23:59:59.999Z,1,0,-1,KingdomHearts,Kingdom Hearts ,196,billboard,Size_4_x_1,,1,KINGDOM HEARTS Bundle,22,track,sid_placeholder_905,The Other Promise,,,,,,,2026-09-15T14:23:51Z
2026-09-23,v2:/61e52ba8ed7f1ed95e38550997a152a7035544318dde09bdf4b753d65b4c0a75,"[VIRTUAL]1 x Sora, 1 x Keyblade, 1 x Keyblade, 1 x Keyblade Flourish, 1 x Riku, 1 x Soul Eater, 1 x Soul Eater, 1 x Roxas, 1 x Oathkeeper & Oblivion, 1 x Oathkeeper & Oblivion, 1 x Kairi, 1 x Destiny's Embrace, 1 x Destiny's Embrace, 1 x Lil' Gummi Ship, 1 x Shadow Steppers, 1 x Sea-Salt Ice Cream, 1 x Arpeggio, 1 x Arpeggio, 1 x Arpeggio, 1 x TBD (SID_Placeholder_904), 1 x TBD (SID_Placeholder_905), 1 x The Heart of All Worlds for -1 MtxCurrency",10300,4500,5800,0.5631,1,2026-09-17T00:00:00Z,2026-10-01T23:59:59.999Z,1,0,-1,KingdomHearts,Kingdom Hearts ,196,billboard,Size_4_x_1,,1,KINGDOM HEARTS Bundle,22,instrument,Sparks_FaunaPike_Guitar,Arpeggio,guitar,gaminglegends,Gaming Legends Series,,,,2026-09-17T08:00:00Z
2026-09-23,v2:/dfdeac072121ab792fbdcd43a9ec27485dfe5872e09475a6901b7920191a6145,[VIRTUAL]1 x The Final Countdown for 500 MtxCurrency,500,500,0,0.0,0,2026-09-01T00:00:00Z,2026-09-30T23:59:59.999Z,1,0,-81,JT091826,Jam Tracks,180,expandableList,Size_1_x_1,,0,,1,track,sid_placeholder_261,The Final Countdown,,,,,,,2024-07-26T00:00:00Z
2026-09-23,v2:/64807921a158d39c9369b305890d98b1bb39382ddfaa9ebfef6bce4e457477aa,[VIRTUAL]1 x Quadra Turbo-R for 400 MtxCurrency,400,400,0,0.0,0,2026-09-22T00:00:00Z,2026-09-26T23:59:59.999Z,1,0,-1,,,,,Size_3_x_1,,0,,1,car,Wheel_Seba,Quadra Turbo-R,wheel,gaminglegends,Gaming Legends Series,,,,2024-12-22T14:02:12Z
2026-09-23,v2:/6442ad87bece4ccd84c31f803b1a36f3d5f4298d19d1f8d5c2ca32c632451b48,[VIRTUAL]1 x Cutting Words for 800 MtxCurrency,800,800,0,0.0,0,2026-09-22T00:00:00Z,2026-09-24T23:59:59.999Z,1,0,-2,,,,,Size_2_x_1,,0,,1,br,Pickaxe_ID_574_SailorSquadLeaderFemale1H,Cutting Words,pickaxe,rare,,//R.E.M.Wakers//,2,6,2021-03-30T09:14:15Z
2026-09-23,v2:/beca4c0b690e9b83d28d343a8d753de983530b92d6f6cd9fd6e38d2a580db235,[VIRTUAL]1 x Cloudbreaker for 1200 MtxCurrency,1200,1200,0,0.0,0,2026-09-20T00:00:00Z,2026-09-26T23:59:59.999Z,1,0,-5,FND092326,Front Page,188,tileGrid,Size_1_x_1,,0,,1,br,CID_291_Athena_Commando_M_Dieselpunk02,Cloudbreaker,outfit,rare,,Aviation Age,1,7,2019-11-20T12:50:10Z
2026-09-23,v2:/04e7362de241931bb7ce68cae182e0ff63b343a8498d984c099550cee856e22c,"[VIRTUAL]1 x Chigusa, 1 x Watchful Wabbit for -1 MtxCurrency",1200,1200,0,0.0,0,2026-09-22T00:00:00Z,2026-09-24T23:59:59.999Z,1,0,-1,,,,,Size_2_x_1,,0,,2,br,CID_A_048_Athena_Commando_F_SailorSquadLeader,Chigusa,outfit,rare,,//R.E.M.Wakers//,2,6,2021-03-30T09:14:15Z
2026-09-23,v2:/04e7362de241931bb7ce68cae182e0ff63b343a8498d984c099550cee856e22c,"[VIRTUAL]1 x Chigusa, 1 x Watchful Wabbit for -1 MtxCurrency",1200,1200,0,0.0,0,2026-09-22T00:00:00Z,2026-09-24T23:59:59.999Z,1,0,-1,,,,,Size_2_x_1,,0,,2,br,BID_728_SailorSquadLeader,Watchful Wabbit,backpack,rare,,//R.E.M.Wakers//,2,6,2021-03-30T09:14:15Z
2026-09-23,v2:/2c65271ad8234698891b0795246facde9cd98d68e54137df63317cf9f4cdebd7,[VIRTUAL]1 x Ella Baila Sola for 500 MtxCurrency,500,500,0,0.0,0,2026-09-18T00:00:00Z,2026-09-24T23:59:59.999Z,1,0,-3,JT091826,Jam Tracks,180,tileGrid,Size_1_x_1,,0,,1,track,sid_placeholder_190,Ella Baila Sola,,,,,,,2024-04-09T15:02:47Z
2026-09-23,v2:/3162278ac3ca3b0a8f2d09861575f17e6765d1e50c505333c2fede0648e65db8,[VIRTUAL]1 x Crank That (Soulja Boy) for 500 MtxCurrency,500,500,0,0.0,0,2026-09-01T00:00:00Z,2026-09-30T23:59:59.999Z,1,0,-46,JT091826,Jam Tracks,180,expandableList,Size_1_x_1,,0,,1,track,sid_placeholder_382,Crank That (Soulja Boy),,,,,,,2024-11-02T07:02:33Z
2026-09-23,v2:/c67c6ce454692604be0fd3de043b1e87e52fdb8db2532017a14670f768018504,[VIRTUAL]1 x Barbarian for 500 MtxCurrency,500,500,0,0.0,0,2026-09-01T00:00:00Z,2026-09-30T23:59:59.999Z,1,0,-89,JT091826,Jam Tracks,180,expandableList,Size_1_x_1,,0,,1,track,sid_placeholder_430,Barbarian,,,,,,,2024-12-01T01:00:00Z
2026-09-23,v2:/f3fac1d2eda67b53f3a3a5950acaec9ba1b906986754bc9b04e7242f95302422,[VIRTUAL]1 x Laser Scan for 500 MtxCurrency,500,500,0,0.0,0,2026-09-23T00:00:00Z,2026-09-30T23:59:59.999Z,1,0,-4,CyberFNCS1,FNCS,197,tileGrid,Size_1_x_1,,0,,1,br,EID_ScanEvade,Laser Scan,emote,uncommon,,,7,4,2026-09-03T15:24:18Z
2026-09-23,v2:/f54a3d3a571f70175a8b79e896961ecd81bf5bb5d2e3fe8b8abfc4f06933b853,[VIRTUAL]1 x Bow of the Vanquisher for 500 MtxCurrency,500,500,0,0.0,0,2026-09-21T00:00:00Z,2026-09-27T23:59:59.999Z,1,0,-2,FND092326,Front Page,188,tileGrid,Size_1_x_1,,0,,1,br,Pickaxe_RoutPinch,Bow of the Vanquisher,pickaxe,rare,,Dawning Apocalypse,7,4,2026-09-21T00:00:00Z
2026-09-23,v2:/c237bcef51597918f7e502d084cc98902a12ac0d9bc335ce134139b94d7544ce,[VIRTUAL]1 x Kiss Me More for 500 MtxCurrency,500,500,0,0.0,0,2026-09-01T00:00:00Z,2026-09-30T23:59:59.999Z,1,0,-47,JT091826,Jam Tracks,180,expandableList,Size_1_x_1,,0,,1,track,sid_placeholder_168,Kiss Me More,,,,,,,2024-05-07T14:47:23Z
2026-09-23,v2:/67bf1922e60c1553e1553c9fa87357c1588de51dd72b5b1d91e4b98dfdf53d11,[VIRTUAL]1 x Bandit for 500 MtxCurrency,500,500,0,0.0,0,2026-09-22T00:00:00Z,2026-09-24T23:59:59.999Z,1,0,-3,BR092326,Fit Check,185,tileGrid,Size_1_x_1,,0,,1,track,sid_placeholder_217,Bandit,,,,,,,2024-05-30T13:49:50Z
2026-09-23,v2:/d4c52d5f168f6e4b8efc445d561fa33fb27a2e63c4c782e3fffaa5f4ad208d2a,"[VIRTUAL]1 x Roxas, 1 x Oathkeeper & Oblivion, 1 x Oathkeeper & Oblivion for -1 MtxCurrency",1600,1600,0,0.0,0,2026-09-17T00:00:00Z,2026-10-01T23:59:59.999Z,1,0,-2,KingdomHearts,Kingdom Hearts ,196,tileGrid,Size_1_x_1,,0,,3,br,Character_FaunaPike,Roxas,outfit,gaminglegends,Gaming Legends Series,Kingdom Hearts,7,4,2026-09-17T08:00:00Z
2026-09-23,v2:/d4c52d5f168f6e4b8efc445d561fa33fb27a2e63c4c782e3fffaa5f4ad208d2a,"[VIRTUAL]1 x Roxas, 1 x Oathkeeper & Oblivion, 1 x Oathkeeper & Oblivion for -1 MtxCurrency",1600,1600,0,0.0,0,2026-09-17T00:00:00Z,2026-10-01T23:59:59.999Z,1,0,-2,KingdomHearts,Kingdom Hearts ,196,tileGrid,Size_1_x_1,,0,,3,br,Pickaxe_FaunaPike,Oathkeeper & Oblivion,pickaxe,gaminglegends,Gaming Legends Series,Kingdom Hearts,7,4,2026-09-17T08:00:00Z
2026-09-23,v2:/d4c52d5f168f6e4b8efc445d561fa33fb27a2e63c4c782e3fffaa5f4ad208d2a,"[VIRTUAL]1 x Roxas, 1 x Oathkeeper & Oblivion, 1 x Oathkeeper & Oblivion for -1 MtxCurrency",1600,1600,0,0.0,0,2026-09-17T00:00:00Z,2026-10-01T23:59:59.999Z,1,0,-2,KingdomHearts,Kingdom Hearts ,196,tileGrid,Size_1_x_1,,0,,3,br,Backpack_FaunaPike,Oathkeeper & Oblivion,backpack,gaminglegends,Gaming Legends Series,Kingdom Hearts,7,4,2026-09-17T08:00:00Z
2026-09-23,v2:/ecc6bd8eaca344a0ea3e66c5f50d6e122219f1a786f5823aab1249726b1e2b50,[VIRTUAL]1 x Googly for 800 MtxCurrency,800,800,0,0.0,0,2026-09-22T00:00:00Z,2026-09-24T23:59:59.999Z,1,0,-2,FriendlyMachine,FriendlyMachine's Locker,179,tileGrid,Size_1_x_1,,0,,1,br,Glider_ID_028_Googly,Googly,glider,rare,,,1,3,2019-11-20T12:51:10Z
2026-09-23,v2:/8e775670fb18662d2624485d6f995eab4ffdba87913ec89c7566af88ba8a58e7,"[VIRTUAL]1 x V-Tech, 1 x Quadra Turbo-R, 1 x Flames, 1 x Lightning, 1 x Red Raijin, 1 x Green Raijin, 1 x Stripes, 1 x Wings, 1 x Quadra Turbo-R for -1 MtxCurrency",1800,1800,0,0.0,0,2026-09-22T00:00:00Z,2026-09-26T23:59:59.999Z,1,0,-1,Cyberpunk2077,Cyberpunk,190,tileGrid,Size_3_x_1,Items in this bundle are restricted to the Quadra Turbo-R car body.,1,Cyberpunk Quadra Turbo-R,9,car,CarSkin_SebaLivery1,V-Tech,skin,gaminglegends,Gaming Legends Series,,,,2024-12-22T14:02:12Z
2026-09-23,v2:/8e775670fb18662d2624485d6f995eab4ffdba87913ec89c7566af88ba8a58e7,"[VIRTUAL]1 x V-Tech, 1 x Quadra Turbo-R, 1 x Flames, 1 x Lightning, 1 x Red Raijin, 1 x Green Raijin, 1 x Stripes, 1 x Wings, 1 x Quadra Turbo-R for -1 MtxCurrency",1800,1800,0,0.0,0,2026-09-22T00:00:00Z,2026-09-26T23:59:59.999Z,1,0,-1,Cyberpunk2077,Cyberpunk,190,tileGrid,Size_3_x_1,Items in this bundle are restricted to the Quadra Turbo-R car body.,1,Cyberpunk Quadra Turbo-R,9,car,CarBody_Seba,Quadra Turbo-R,body,gaminglegends,Gaming Legends Series,,,,2024-12-22T14:02:12Z
2026-09-23,v2:/8e775670fb18662d2624485d6f995eab4ffdba87913ec89c7566af88ba8a58e7,"[VIRTUAL]1 x V-Tech, 1 x Quadra Turbo-R, 1 x Flames, 1 x Lightning, 1 x Red Raijin, 1 x Green Raijin, 1 x Stripes, 1 x Wings, 1 x Quadra Turbo-R for -1 MtxCurrency",1800,1800,0,0.0,0,2026-09-22T00:00:00Z,2026-09-26T23:59:59.999Z,1,0,-1,Cyberpunk2077,Cyberpunk,190,tileGrid,Size_3_x_1,Items in this bundle are restricted to the Quadra Turbo-R car body.,1,Cyberpunk Quadra Turbo-R,9,car,CarSkin_SebaFlames,Flames,skin,gaminglegends,Gaming Legends Series,,,,2024-12-22T14:02:12Z
2026-09-23,v2:/8e775670fb18662d2624485d6f995eab4ffdba87913ec89c7566af88ba8a58e7,"[VIRTUAL]1 x V-Tech, 1 x Quadra Turbo-R, 1 x Flames, 1 x Lightning, 1 x Red Raijin, 1 x Green Raijin, 1 x Stripes, 1 x Wings, 1 x Quadra Turbo-R for -1 MtxCurrency",1800,1800,0,0.0,0,2026-09-22T00:00:00Z,2026-09-26T23:59:59.999Z,1,0,-1,Cyberpunk2077,Cyberpunk,190,tileGrid,Size_3_x_1,Items in this bundle are restricted to the Quadra Turbo-R car body.,1,Cyberpunk Quadra Turbo-R,9,car,CarSkin_SebaLightning,Lightning,skin,gaminglegends,Gaming Legends Series,,,,2024-12-22T14:02:12Z
2026-09-23,v2:/8e775670fb18662d2624485d6f995eab4ffdba87913ec89c7566af88ba8a58e7,"[VIRTUAL]1 x V-Tech, 1 x Quadra Turbo-R, 1 x Flames, 1 x Lightning, 1 x Red Raijin, 1 x Green Raijin, 1 x Stripes, 1 x Wings, 1 x Quadra Turbo-R for -1 MtxCurrency",1800,1800,0,0.0,0,2026-09-22T00:00:00Z,2026-09-26T23:59:59.999Z,1,0,-1,Cyberpunk2077,Cyberpunk,190,tileGrid,Size_3_x_1,Items in this bundle are restricted to the Quadra Turbo-R car body.,1,Cyberpunk Quadra Turbo-R,9,car,CarSkin_SebaLivery2,Red Raijin,skin,gaminglegends,Gaming Legends Series,,,,2024-12-22T14:02:12Z
2026-09-23,v2:/8e775670fb18662d2624485d6f995eab4ffdba87913ec89c7566af88ba8a58e7,"[VIRTUAL]1 x V-Tech, 1 x Quadra Turbo-R, 1 x Flames, 1 x Lightning, 1 x Red Raijin, 1 x Green Raijin, 1 x Stripes, 1 x Wings, 1 x Quadra Turbo-R for -1 MtxCurrency",1800,1800,0,0.0,0,2026-09-22T00:00:00Z,2026-09-26T23:59:59.999Z,1,0,-1,Cyberpunk2077,Cyberpunk,190,tileGrid,Size_3_x_1,Items in this bundle are restricted to the Quadra Turbo-R car body.,1,Cyberpunk Quadra Turbo-R,9,car,CarSkin_SebaLivery3,Green Raijin,skin,gaminglegends,Gaming Legends Series,,,,2024-12-22T14:02:12Z
2026-09-23,v2:/8e775670fb18662d2624485d6f995eab4ffdba87913ec89c7566af88ba8a58e7,"[VIRTUAL]1 x V-Tech, 1 x Quadra Turbo-R, 1 x Flames, 1 x Lightning, 1 x Red Raijin, 1 x Green Raijin, 1 x Stripes, 1 x Wings, 1 x Quadra Turbo-R for -1 MtxCurrency",1800,1800,0,0.0,0,2026-09-22T00:00:00Z,2026-09-26T23:59:59.999Z,1,0,-1,Cyberpunk2077,Cyberpunk,190,tileGrid,Size_3_x_1,Items in this bundle are restricted to the Quadra Turbo-R car body.,1,Cyberpunk Quadra Turbo-R,9,car,CarSkin_SebaStripes,Stripes,skin,gaminglegends,Gaming Legends Series,,,,2024-12-22T14:02:12Z
2026-09-23,v2:/8e775670fb18662d2624485d6f995eab4ffdba87913ec89c7566af88ba8a58e7,"[VIRTUAL]1 x V-Tech, 1 x Quadra Turbo-R, 1 x Flames, 1 x Lightning, 1 x Red Raijin, 1 x Green Raijin, 1 x Stripes, 1 x Wings, 1 x Quadra Turbo-R for -1 MtxCurrency",1800,1800,0,0.0,0,2026-09-22T00:00:00Z,2026-09-26T23:59:59.999Z,1,0,-1,Cyberpunk2077,Cyberpunk,190,tileGrid,Size_3_x_1,Items in this bundle are restricted to the Quadra Turbo-R car body.,1,Cyberpunk Quadra Turbo-R,9,car,CarSkin_SebaWings,Wings,skin,gaminglegends,Gaming Legends Series,,,,2024-12-22T14:02:12Z
2026-09-23,v2:/8e775670fb18662d2624485d6f995eab4ffdba87913ec89c7566af88ba8a58e7,"[VIRTUAL]1 x V-Tech, 1 x Quadra Turbo-R, 1 x Flames, 1 x Lightning, 1 x Red Raijin, 1 x Green Raijin, 1 x Stripes, 1 x Wings, 1 x Quadra Turbo-R for -1 MtxCurrency",1800,1800,0,0.0,0,2026-09-22T00:00:00Z,2026-09-26T23:59:59.999Z,1,0,-1,Cyberpunk2077,Cyberpunk,190,tileGrid,Size_3_x_1,Items in this bundle are restricted to the Quadra Turbo-R car body.,1,Cyberpunk Quadra Turbo-R,9,car,Wheel_Seba,Quadra Turbo-R,wheel,gaminglegends,Gaming Legends Series,,,,2024-12-22T14:02:12Z
2026-09-23,v2:/c5abccc5e0c66ea6d4545bfb3e7bd28ad3d86c71bbf3a0f41c633cb053387c14,[VIRTUAL]1 x Sl1c3 // D1c3 for 800 MtxCurrency,800,800,0,0.0,0,2026-09-22T00:00:00Z,2026-09-24T23:59:59.999Z,1,0,-2,,,,,Size_2_x_1,,0,,1,br,Pickaxe_ID_576_SailorSquadRoseFemale1H,Sl1c3 // D1c3,pickaxe,rare,,//R.E.M.Wakers//,2,6,2021-03-30T09:14:15Z
2026-09-23,v2:/cdfe55ffa1ae44162706364c7ff8214e682a865b35369e0b30681225d4010e26,[VIRTUAL]1 x Speed Cam for 300 MtxCurrency,300,300,0,0.0,0,2026-09-20T00:00:00Z,2026-09-23T23:59:59.999Z,1,0,-1,ishowspeed3,iShowSpeed,177,tileGrid,Size_1_x_1,,0,,1,br,Backpack_HonorBraceJoust,Speed Cam,backpack,icon,Icon Series,IShowSpeed,7,1,2025-12-25T00:00:00Z
2026-09-23,v2:/b55611b1fe9d13eabb7ca5620b472d65d646336d4cd5209a9b713520ac3cb9d8,"[VIRTUAL]1 x V, 1 x Flathead for -1 MtxCurrency",1500,1500,0,0.0,0,2026-09-22T00:00:00Z,2026-09-26T23:59:59.999Z,1,0,-4,Cyberpunk2077,Cyberpunk,190,tileGrid,Size_1_x_1,,0,,2,br,Character_FreightCalf,V,outfit,gaminglegends,Gaming Legends Series,Night City Denizens,6,1,2024-12-22T14:02:32Z
2026-09-23,v2:/b55611b1fe9d13eabb7ca5620b472d65d646336d4cd5209a9b713520ac3cb9d8,"[VIRTUAL]1 x V, 1 x Flathead for -1 MtxCurrency",1500,1500,0,0.0,0,2026-09-22T00:00:00Z,2026-09-26T23:59:59.999Z,1,0,-4,Cyberpunk2077,Cyberpunk,190,tileGrid,Size_1_x_1,,0,,2,br,Backpack_FreightCalf,Flathead,backpack,gaminglegends,Gaming Legends Series,Night City Denizens,6,1,2024-12-22T14:02:32Z
2026-09-23,v2:/4022673e6125b7d052c33072eb71569d4b416bde4b54d84128cea42ad91605bf,[VIRTUAL]1 x TBD (SID_Placeholder_497) for 500 MtxCurrency,500,500,0,0.0,0,2026-09-01T00:00:00Z,2026-09-30T23:59:59.999Z,1,0,-92,JT091826,Jam Tracks,180,expandableList,Size_1_x_1,,0,,1,track,sid_placeholder_497,Still Into You,,,,,,,2025-03-18T15:58:31Z
2026-09-23,v2:/41f84e4696aa587fe91cd83ac2c3fa704eb56744a4453a738865bde695dd7ca7,[VIRTUAL]1 x Crocs Classic Clog 'Slate Grey' for 1000 MtxCurrency,1000,1000,0,0.0,0,2026-09-21T00:00:00Z,2026-09-27T23:59:59.999Z,1,0,-3,BR092326,Fit Check,185,tileGrid,Size_1_x_1,,0,,1,br,Shoes_TroveOnyxFlurry,Crocs Classic Clog 'Slate Grey',shoe,uncommon,,Crocs Shoes,7,1,2026-01-10T00:21:38Z
2026-09-23,v2:/956c2354142e955929c5b591ef51522668c37dbcc5be4148378a73e702fec0e2,[VIRTUAL]1 x Mr. Brightside for 500 MtxCurrency,500,500,0,0.0,0,2026-09-18T00:00:00Z,2026-09-24T23:59:59.999Z,1,0,-2,JT091826,Jam Tracks,180,tileGrid,Size_1_x_1,,0,,1,track,sid_placeholder_16,Mr. Brightside,,,,,,,2023-12-11T00:00:00Z
2026-09-23,v2:/67761add679c1899bd56234da6b301302507a228f25e7f0fbb040b41adad6a5b,[VIRTUAL]1 x TBD (SID_Placeholder_823) for 500 MtxCurrency,500,500,0,0.0,0,2026-09-01T00:00:00Z,2026-09-30T23:59:59.999Z,1,0,-19,JT091826,Jam Tracks,180,expandableList,Size_1_x_1,,0,,1,track,sid_placeholder_823,He Gets Me So High,,,,,,,2026-06-16T14:07:21Z
2026-09-23,v2:/4ebf1334d3daa35a3bf879f88120030e1d7e434d0e896531407e22dea7f2c23f,[VIRTUAL]1 x The Search for 500 MtxCurrency,500,500,0,0.0,0,2026-09-01T00:00:00Z,2026-09-30T23:59:59.999Z,1,0,-1,JT091826,Jam Tracks,180,expandableList,Size_1_x_1,,0,,1,track,sid_placeholder_56,The Search,,,,,,,2023-12-11T00:00:00Z
2026-09-23,v2:/df440937e4c323887cc0706b67758286c284d90bcbc10a38edc77f2c386c86ed,"[VIRTUAL]1 x Bitstream, 1 x Identity Disc, 1 x Identity Disc for -1 MtxCurrency",1500,1500,0,0.0,0,2026-09-22T00:00:00Z,2026-09-25T23:59:59.999Z,1,0,-4,badguys,Disney,195,tileGrid,Size_1_x_1,Equip the <highlight>IDENTITY DISC</> as a <highlight>BACK BLING</> or <highlight>PICKAXE</>!,1,Bitstream,3,br,CID_A_017_Athena_Commando_F_Mainframe_CYL17,Bitstream,outfit,rare,,End of Line,2,5,2021-02-12T00:00:00Z
2026-09-23,v2:/df440937e4c323887cc0706b67758286c284d90bcbc10a38edc77f2c386c86ed,"[VIRTUAL]1 x Bitstream, 1 x Identity Disc, 1 x Identity Disc for -1 MtxCurrency",1500,1500,0,0.0,0,2026-09-22T00:00:00Z,2026-09-25T23:59:59.999Z,1,0,-4,badguys,Disney,195,tileGrid,Size_1_x_1,Equip the <highlight>IDENTITY DISC</> as a <highlight>BACK BLING</> or <highlight>PICKAXE</>!,1,Bitstream,3,br,BID_699_MainframeMale_2W2M3,Identity Disc,backpack,rare,,End of Line,2,5,2021-02-12T00:00:00Z
2026-09-23,v2:/df440937e4c323887cc0706b67758286c284d90bcbc10a38edc77f2c386c86ed,"[VIRTUAL]1 x Bitstream, 1 x Identity Disc, 1 x Identity Disc for -1 MtxCurrency",1500,1500,0,0.0,0,2026-09-22T00:00:00Z,2026-09-25T23:59:59.999Z,1,0,-4,badguys,Disney,195,tileGrid,Size_1_x_1,Equip the <highlight>IDENTITY DISC</> as a <highlight>BACK BLING</> or <highlight>PICKAXE</>!,1,Bitstream,3,br,Pickaxe_ID_546_MainframeMale_XW9S6,Identity Disc,pickaxe,rare,,End of Line,2,5,2021-02-12T00:00:00Z
2026-09-23,v2:/7d44ab041e93a26fe0eba2e0e54db5a9d4dc214083023a2d12a25e8a70743d0b,[VIRTUAL]1 x Hollaback Girl for 500 MtxCurrency,500,500,0,0.0,0,2026-09-01T00:00:00Z,2026-09-30T23:59:59.999Z,1,0,-17,JT091826,Jam Tracks,180,expandableList,Size_1_x_1,,0,,1,track,sid_placeholder_259,Hollaback Girl,,,,,,,2024-07-03T14:17:57Z
2026-09-23,v2:/6c93653887cd352bf312ac1867e2e97ae6a1c003f3abfbf2909a7732ef40c8d4,[VIRTUAL]1 x Lucy's Monowire for 800 MtxCurrency,800,800,0,0.0,0,2026-09-20T00:00:00Z,2026-09-26T23:59:59.999Z,1,0,-2,Cyberpunk2077,Cyberpunk,190,tileGrid,Size_2_x_1,,0,,1,br,Pickaxe_FaithPerch,Lucy's Monowire,pickaxe,rare,,Cyberpunk Edgerunners,7,4,2026-09-17T16:17:14Z
2026-09-23,v2:/1d323b9cc7a818bfaadb9a8a0ca15015ed5823131dfbe0ddbe7c89eb7dae308a,[VIRTUAL]1 x TBD (SID_Placeholder_796) for 500 MtxCurrency,500,500,0,0.0,0,2026-09-01T00:00:00Z,2026-09-30T23:59:59.999Z,1,0,-42,JT091826,Jam Tracks,180,expandableList,Size_1_x_1,,0,,1,track,sid_placeholder_796,Snow on The Bluff,,,,,,,2026-05-26T14:09:46Z
2026-09-23,v2:/d86ecfe34b39eda18b9d10eec582d67c9a73b9d5186623d43910c27f93d63f2c,[VIRTUAL]1 x Starships for 500 MtxCurrency,500,500,0,0.0,0,2026-09-01T00:00:00Z,2026-09-30T23:59:59.999Z,1,0,-64,JT091826,Jam Tracks,180,expandableList,Size_1_x_1,,0,,1,track,sid_placeholder_53,Starships,,,,,,,2024-05-07T14:47:23Z
2026-09-23,v2:/ae9988a19365dfcd073238e9afb0a0a2deb026a26f131693ae0eb8a1cbd9a5a4,[VIRTUAL]1 x Silverhand's Katana for 800 MtxCurrency,800,800,0,0.0,0,2026-09-22T00:00:00Z,2026-09-26T23:59:59.999Z,1,0,-2,Cyberpunk2077,Cyberpunk,190,tileGrid,Size_1_x_1,,0,,1,br,Pickaxe_MustardToast,Silverhand's Katana,pickaxe,gaminglegends,Gaming Legends Series,Night City Denizens,6,1,2024-12-22T14:02:32Z
2026-09-23,v2:/47b28913ef5af74994166084c95f1b7af54635d9b0f31eceacac76393e01b12b,[VIRTUAL]1 x My Songs Know What You Did In The Dark (Light Em Up) for 500 MtxCurrency,500,500,0,0.0,0,2026-09-01T00:00:00Z,2026-09-30T23:59:59.999Z,1,0,-57,JT091826,Jam Tracks,180,expandableList,Size_1_x_1,,0,,1,track,sid_placeholder_90,My Songs Know What You Did In The Dark (Light Em Up),,,,,,,2024-01-05T21:55:08Z
2026-09-23,v2:/a87417cb263eb91cc3add42175a9b29f88791a6ce75d463ef482818a2b7732b8,"[VIRTUAL]1 x Johnny Silverhand, 1 x V, 1 x Mantis Blades, 1 x Silverhand's Katana, 1 x Johnny Silverhand's Guitar, 1 x Flathead, 1 x Johnny's Duffel Bag, 1 x Night City Lights, 1 x Johnny Silverhand's Guitar, 1 x Johnny Silverhand's Guitar for -1 MtxCurrency",5900,2800,3100,0.5254,1,2026-09-22T00:00:00Z,2026-09-26T23:59:59.999Z,1,0,-2,Cyberpunk2077,Cyberpunk,190,tileGrid,Size_1_x_1,,1,Night City Denizens Bundle,10,br,Character_MustardToast,Johnny Silverhand,outfit,gaminglegends,Gaming Legends Series,Night City Denizens,6,1,2024-12-22T14:02:32Z
2026-09-23,v2:/a87417cb263eb91cc3add42175a9b29f88791a6ce75d463ef482818a2b7732b8,"[VIRTUAL]1 x Johnny Silverhand, 1 x V, 1 x Mantis Blades, 1 x Silverhand's Katana, 1 x Johnny Silverhand's Guitar, 1 x Flathead, 1 x Johnny's Duffel Bag, 1 x Night City Lights, 1 x Johnny Silverhand's Guitar, 1 x Johnny Silverhand's Guitar for -1 MtxCurrency",5900,2800,3100,0.5254,1,2026-09-22T00:00:00Z,2026-09-26T23:59:59.999Z,1,0,-2,Cyberpunk2077,Cyberpunk,190,tileGrid,Size_1_x_1,,1,Night City Denizens Bundle,10,br,Character_FreightCalf,V,outfit,gaminglegends,Gaming Legends Series,Night City Denizens,6,1,2024-12-22T14:02:32Z
2026-09-23,v2:/a87417cb263eb91cc3add42175a9b29f88791a6ce75d463ef482818a2b7732b8,"[VIRTUAL]1 x Johnny Silverhand, 1 x V, 1 x Mantis Blades, 1 x Silverhand's Katana, 1 x Johnny Silverhand's Guitar, 1 x Flathead, 1 x Johnny's Duffel Bag, 1 x Night City Lights, 1 x Johnny Silverhand's Guitar, 1 x Johnny Silverhand's Guitar for -1 MtxCurrency",5900,2800,3100,0.5254,1,2026-09-22T00:00:00Z,2026-09-26T23:59:59.999Z,1,0,-2,Cyberpunk2077,Cyberpunk,190,tileGrid,Size_1_x_1,,1,Night City Denizens Bundle,10,br,Pickaxe_FreightCalf,Mantis Blades,pickaxe,gaminglegends,Gaming Legends Series,Night City Denizens,6,1,2024-12-22T14:02:32Z
2026-09-23,v2:/a87417cb263eb91cc3add42175a9b29f88791a6ce75d463ef482818a2b7732b8,"[VIRTUAL]1 x Johnny Silverhand, 1 x V, 1 x Mantis Blades, 1 x Silverhand's Katana, 1 x Johnny Silverhand's Guitar, 1 x Flathead, 1 x Johnny's Duffel Bag, 1 x Night City Lights, 1 x Johnny Silverhand's Guitar, 1 x Johnny Silverhand's Guitar for -1 MtxCurrency",5900,2800,3100,0.5254,1,2026-09-22T00:00:00Z,2026-09-26T23:59:59.999Z,1,0,-2,Cyberpunk2077,Cyberpunk,190,tileGrid,Size_1_x_1,,1,Night City Denizens Bundle,10,br,Pickaxe_MustardToast,Silverhand's Katana,pickaxe,gaminglegends,Gaming Legends Series,Night City Denizens,6,1,2024-12-22T14:02:32Z
2026-09-23,v2:/a87417cb263eb91cc3add42175a9b29f88791a6ce75d463ef482818a2b7732b8,"[VIRTUAL]1 x Johnny Silverhand, 1 x V, 1 x Mantis Blades, 1 x Silverhand's Katana, 1 x Johnny Silverhand's Guitar, 1 x Flathead, 1 x Johnny's Duffel Bag, 1 x Night City Lights, 1 x Johnny Silverhand's Guitar, 1 x Johnny Silverhand's Guitar for -1 MtxCurrency",5900,2800,3100,0.5254,1,2026-09-22T00:00:00Z,2026-09-26T23:59:59.999Z,1,0,-2,Cyberpunk2077,Cyberpunk,190,tileGrid,Size_1_x_1,,1,Night City Denizens Bundle,10,br,Backpack_FreightCalf,Flathead,backpack,gaminglegends,Gaming Legends Series,Night City Denizens,6,1,2024-12-22T14:02:32Z
2026-09-23,v2:/a87417cb263eb91cc3add42175a9b29f88791a6ce75d463ef482818a2b7732b8,"[VIRTUAL]1 x Johnny Silverhand, 1 x V, 1 x Mantis Blades, 1 x Silverhand's Katana, 1 x Johnny Silverhand's Guitar, 1 x Flathead, 1 x Johnny's Duffel Bag, 1 x Night City Lights, 1 x Johnny Silverhand's Guitar, 1 x Johnny Silverhand's Guitar for -1 MtxCurrency",5900,2800,3100,0.5254,1,2026-09-22T00:00:00Z,2026-09-26T23:59:59.999Z,1,0,-2,Cyberpunk2077,Cyberpunk,190,tileGrid,Size_1_x_1,,1,Night City Denizens Bundle,10,br,Backpack_MustardToast,Johnny's Duffel Bag,backpack,gaminglegends,Gaming Legends Series,Night City Denizens,6,1,2024-12-22T14:02:32Z
2026-09-23,v2:/a87417cb263eb91cc3add42175a9b29f88791a6ce75d463ef482818a2b7732b8,"[VIRTUAL]1 x Johnny Silverhand, 1 x V, 1 x Mantis Blades, 1 x Silverhand's Katana, 1 x Johnny Silverhand's Guitar, 1 x Flathead, 1 x Johnny's Duffel Bag, 1 x Night City Lights, 1 x Johnny Silverhand's Guitar, 1 x Johnny Silverhand's Guitar for -1 MtxCurrency",5900,2800,3100,0.5254,1,2026-09-22T00:00:00Z,2026-09-26T23:59:59.999Z,1,0,-2,Cyberpunk2077,Cyberpunk,190,tileGrid,Size_1_x_1,,1,Night City Denizens Bundle,10,br,Wrap_MustardToast,Night City Lights,wrap,gaminglegends,Gaming Legends Series,Night City Denizens,6,1,2024-12-22T14:02:32Z
2026-09-23,v2:/a87417cb263eb91cc3add42175a9b29f88791a6ce75d463ef482818a2b7732b8,"[VIRTUAL]1 x Johnny Silverhand, 1 x V, 1 x Mantis Blades, 1 x Silverhand's Katana, 1 x Johnny Silverhand's Guitar, 1 x Flathead, 1 x Johnny's Duffel Bag, 1 x Night City Lights, 1 x Johnny Silverhand's Guitar, 1 x Johnny Silverhand's Guitar for -1 MtxCurrency",5900,2800,3100,0.5254,1,2026-09-22T00:00:00Z,2026-09-26T23:59:59.999Z,1,0,-2,Cyberpunk2077,Cyberpunk,190,tileGrid,Size_1_x_1,,1,Night City Denizens Bundle,10,br,Backpack_MustardToast_Guitar,Johnny Silverhand's Guitar,backpack,gaminglegends,Gaming Legends Series,Night City Denizens,,,2025-02-22T00:00:00Z
2026-09-23,v2:/a87417cb263eb91cc3add42175a9b29f88791a6ce75d463ef482818a2b7732b8,"[VIRTUAL]1 x Johnny Silverhand, 1 x V, 1 x Mantis Blades, 1 x Silverhand's Katana, 1 x Johnny Silverhand's Guitar, 1 x Flathead, 1 x Johnny's Duffel Bag, 1 x Night City Lights, 1 x Johnny Silverhand's Guitar, 1 x Johnny Silverhand's Guitar for -1 MtxCurrency",5900,2800,3100,0.5254,1,2026-09-22T00:00:00Z,2026-09-26T23:59:59.999Z,1,0,-2,Cyberpunk2077,Cyberpunk,190,tileGrid,Size_1_x_1,,1,Night City Denizens Bundle,10,br,Pickaxe_MustardToast_Guitar,Johnny Silverhand's Guitar,pickaxe,gaminglegends,Gaming Legends Series,Night City Denizens,,,2025-02-22T00:00:00Z
2026-09-23,v2:/a87417cb263eb91cc3add42175a9b29f88791a6ce75d463ef482818a2b7732b8,"[VIRTUAL]1 x Johnny Silverhand, 1 x V, 1 x Mantis Blades, 1 x Silverhand's Katana, 1 x Johnny Silverhand's Guitar, 1 x Flathead, 1 x Johnny's Duffel Bag, 1 x Night City Lights, 1 x Johnny Silverhand's Guitar, 1 x Johnny Silverhand's Guitar for -1 MtxCurrency",5900,2800,3100,0.5254,1,2026-09-22T00:00:00Z,2026-09-26T23:59:59.999Z,1,0,-2,Cyberpunk2077,Cyberpunk,190,tileGrid,Size_1_x_1,,1,Night City Denizens Bundle,10,instrument,Sparks_Guitar_MustardToast,Johnny Silverhand's Guitar,guitar,gaminglegends,Gaming Legends Series,,,,2024-12-22T14:02:11Z
2026-09-23,v2:/7cf4d22470e48ab85ed678bbac9f6158d467fe2f238d257298184c07c66367d6,[VIRTUAL]1 x Royalty's Mantle for 300 MtxCurrency,300,300,0,0.0,0,2026-09-21T00:00:00Z,2026-09-27T23:59:59.999Z,1,0,-1,FND092326,Front Page,188,tileGrid,Size_1_x_1,,0,,1,br,Backpack_RoutPinch,Royalty's Mantle,backpack,rare,,Dawning Apocalypse,7,4,2026-09-21T00:00:00Z
2026-09-23,v2:/baeae1568877e432c507c635b2b9f47f8709702dcdff4c9024de76858181d214,"[VIRTUAL]1 x Pac-Man, 1 x Pac-Sneaks, 1 x PAC-MAN, 1 x PAC-Brained, 1 x PAC-MAN's Snacks, 1 x PAC-MAN's Gloves for -1 MtxCurrency",4500,2200,2300,0.5111,1,2026-09-19T00:00:00Z,2026-09-25T23:59:59.999Z,1,0,-1,PacMan,PAC-MAN,183,tileGrid,Size_4_x_1,,1,PAC-MAN Bundle,6,br,Companion_AvenuePole,PAC-MAN,sidekick,gaminglegends,Gaming Legends Series,PAC-MAN,7,4,2026-09-18T13:01:02Z
2026-09-23,v2:/baeae1568877e432c507c635b2b9f47f8709702dcdff4c9024de76858181d214,"[VIRTUAL]1 x Pac-Man, 1 x Pac-Sneaks, 1 x PAC-MAN, 1 x PAC-Brained, 1 x PAC-MAN's Snacks, 1 x PAC-MAN's Gloves for -1 MtxCurrency",4500,2200,2300,0.5111,1,2026-09-19T00:00:00Z,2026-09-25T23:59:59.999Z,1,0,-1,PacMan,PAC-MAN,183,tileGrid,Size_4_x_1,,1,PAC-MAN Bundle,6,br,Shoes_TrikeFunnyLike,PAC-Sneaks,shoe,gaminglegends,Gaming Legends Series,PAC-MAN,7,4,2026-09-17T16:17:14Z
2026-09-23,v2:/baeae1568877e432c507c635b2b9f47f8709702dcdff4c9024de76858181d214,"[VIRTUAL]1 x Pac-Man, 1 x Pac-Sneaks, 1 x PAC-MAN, 1 x PAC-Brained, 1 x PAC-MAN's Snacks, 1 x PAC-MAN's Gloves for -1 MtxCurrency",4500,2200,2300,0.5111,1,2026-09-19T00:00:00Z,2026-09-25T23:59:59.999Z,1,0,-1,PacMan,PAC-MAN,183,tileGrid,Size_4_x_1,,1,PAC-MAN Bundle,6,br,BID_A_009_Grapefruit,PAC-MAN,backpack,gaminglegends,Gaming Legends Series,PAC-MAN,3,2,2022-06-02T00:00:00Z
2026-09-23,v2:/baeae1568877e432c507c635b2b9f47f8709702dcdff4c9024de76858181d214,"[VIRTUAL]1 x Pac-Man, 1 x Pac-Sneaks, 1 x PAC-MAN, 1 x PAC-Brained, 1 x PAC-MAN's Snacks, 1 x PAC-MAN's Gloves for -1 MtxCurrency",4500,2200,2300,0.5111,1,2026-09-19T00:00:00Z,2026-09-25T23:59:59.999Z,1,0,-1,PacMan,PAC-MAN,183,tileGrid,Size_4_x_1,,1,PAC-MAN Bundle,6,br,EID_Grapefruit,PAC-Brained,emote,gaminglegends,Gaming Legends Series,PAC-MAN,3,2,2022-06-02T00:00:00Z
2026-09-23,v2:/baeae1568877e432c507c635b2b9f47f8709702dcdff4c9024de76858181d214,"[VIRTUAL]1 x Pac-Man, 1 x Pac-Sneaks, 1 x PAC-MAN, 1 x PAC-Brained, 1 x PAC-MAN's Snacks, 1 x PAC-MAN's Gloves for -1 MtxCurrency",4500,2200,2300,0.5111,1,2026-09-19T00:00:00Z,2026-09-25T23:59:59.999Z,1,0,-1,PacMan,PAC-MAN,183,tileGrid,Size_4_x_1,,1,PAC-MAN Bundle,6,br,Backpack_AvenuePole,PAC-MAN's Snacks,backpack,gaminglegends,Gaming Legends Series,PAC-MAN,7,4,2026-09-18T13:01:02Z
2026-09-23,v2:/baeae1568877e432c507c635b2b9f47f8709702dcdff4c9024de76858181d214,"[VIRTUAL]1 x Pac-Man, 1 x Pac-Sneaks, 1 x PAC-MAN, 1 x PAC-Brained, 1 x PAC-MAN's Snacks, 1 x PAC-MAN's Gloves for -1 MtxCurrency",4500,2200,2300,0.5111,1,2026-09-19T00:00:00Z,2026-09-25T23:59:59.999Z,1,0,-1,PacMan,PAC-MAN,183,tileGrid,Size_4_x_1,,1,PAC-MAN Bundle,6,br,Pickaxe_AvenuePole,PAC-MAN's Gloves,pickaxe,gaminglegends,Gaming Legends Series,PAC-MAN,7,4,2026-09-18T13:01:02Z
2026-09-23,v2:/bdcbe5537b45013b801981cdc60960c2a70b1142e69dab8a9a3bbe86321652c4,[VIRTUAL]1 x i for 500 MtxCurrency,500,500,0,0.0,0,2026-09-01T00:00:00Z,2026-09-30T23:59:59.999Z,1,0,-44,JT091826,Jam Tracks,180,expandableList,Size_1_x_1,,0,,1,track,sid_placeholder_110,i,,,,,,,2023-12-09T15:00:00Z
2026-09-23,v2:/75666324a5d3d58f529325205be03d64727fe70410818292dcb52652da4d93ce,[VIRTUAL]1 x XO Tour Llif3  for 500 MtxCurrency,500,500,0,0.0,0,2026-09-01T00:00:00Z,2026-09-30T23:59:59.999Z,1,0,-21,JT091826,Jam Tracks,180,expandableList,Size_1_x_1,,0,,1,track,sid_placeholder_184,XO Tour Llif3,,,,,,,2024-04-16T20:20:56Z
2026-09-23,v2:/90ef537a1d64a61e7b0eef20893b0173bb00395379e08b9cd82852e8548b52d9,[VIRTUAL]1 x Lucy's Float for 500 MtxCurrency,500,500,0,0.0,0,2026-09-20T00:00:00Z,2026-09-26T23:59:59.999Z,1,0,-3,Cyberpunk2077,Cyberpunk,190,tileGrid,Size_1_x_1,,0,,1,br,EID_FaithPerch,Lucy's Float,emote,uncommon,,Cyberpunk Edgerunners,7,4,2026-09-19T14:48:41Z
2026-09-23,v2:/bc9f568a2cb3ea17372a2764b84f20fc0a385aea628af2e4e00fc9af4b5c8d47,"[VIRTUAL]1 x Sparkplug, 1 x Scrappy for -1 MtxCurrency",1200,1200,0,0.0,0,2026-09-22T00:00:00Z,2026-09-28T23:59:59.999Z,1,0,-1,NS092226,No Sweat,186,tileGrid,Size_1_x_1,,0,,2,br,CID_335_Athena_Commando_F_Scrapyard,Sparkplug,outfit,rare,,Boneyard,1,7,2019-11-20T12:48:08Z
2026-09-23,v2:/bc9f568a2cb3ea17372a2764b84f20fc0a385aea628af2e4e00fc9af4b5c8d47,"[VIRTUAL]1 x Sparkplug, 1 x Scrappy for -1 MtxCurrency",1200,1200,0,0.0,0,2026-09-22T00:00:00Z,2026-09-28T23:59:59.999Z,1,0,-1,NS092226,No Sweat,186,tileGrid,Size_1_x_1,,0,,2,br,BID_206_ScrapyardFemale,Scrappy,backpack,rare,,Boneyard,1,7,2019-11-20T12:50:36Z
2026-09-23,v2:/fa44b1971250321932296dd0b7e42935524a81a08a4e359afeca910a0a519c3c,[VIRTUAL]1 x Black Beatles for 500 MtxCurrency,500,500,0,0.0,0,2026-09-01T00:00:00Z,2026-09-30T23:59:59.999Z,1,0,-3,JT091826,Jam Tracks,180,expandableList,Size_1_x_1,,0,,1,track,sid_placeholder_291,Black Beatles,,,,,,,2024-08-09T02:00:00Z
2026-09-23,v2:/49a13a2d98bfedc4aeaebef7c9b048aaae9c7eb989871e86182e5d3a86b31737,[VIRTUAL]1 x Party Rock Anthem for 500 MtxCurrency,500,500,0,0.0,0,2026-09-01T00:00:00Z,2026-09-30T23:59:59.999Z,1,0,-9,JT091826,Jam Tracks,180,expandableList,Size_1_x_1,,0,,1,track,sid_placeholder_10,Party Rock Anthem,,,,,,,2023-12-11T00:00:00Z
2026-09-23,v2:/34953413a8abf2119ce8ca069323009ce58f5f85954bff0da2c609c8e8385242,"[VIRTUAL]1 x Stellaron Hunter Kafka, 1 x Twilight Trill, 1 x Kafka's Sword for -1 MtxCurrency",2300,1800,500,0.2174,1,2026-09-21T00:00:00Z,2026-09-24T23:59:59.999Z,1,0,-1,Honkai,Honkai Star Rail,184,tileGrid,Size_1_x_1,,1,Stellaron Hunter Kafka Bundle,3,br,Character_TweakSmirk,Stellaron Hunter Kafka,outfit,gaminglegends,Gaming Legends Series,Honkai: Star Rail,7,1,2026-02-27T00:00:00Z
2026-09-23,v2:/34953413a8abf2119ce8ca069323009ce58f5f85954bff0da2c609c8e8385242,"[VIRTUAL]1 x Stellaron Hunter Kafka, 1 x Twilight Trill, 1 x Kafka's Sword for -1 MtxCurrency",2300,1800,500,0.2174,1,2026-09-21T00:00:00Z,2026-09-24T23:59:59.999Z,1,0,-1,Honkai,Honkai Star Rail,184,tileGrid,Size_1_x_1,,1,Stellaron Hunter Kafka Bundle,3,br,Backpack_TweakSmirk,Twilight Trill,backpack,gaminglegends,Gaming Legends Series,Honkai: Star Rail,7,1,2026-02-27T00:00:00Z
2026-09-23,v2:/34953413a8abf2119ce8ca069323009ce58f5f85954bff0da2c609c8e8385242,"[VIRTUAL]1 x Stellaron Hunter Kafka, 1 x Twilight Trill, 1 x Kafka's Sword for -1 MtxCurrency",2300,1800,500,0.2174,1,2026-09-21T00:00:00Z,2026-09-24T23:59:59.999Z,1,0,-1,Honkai,Honkai Star Rail,184,tileGrid,Size_1_x_1,,1,Stellaron Hunter Kafka Bundle,3,br,Pickaxe_TweakSmirk,Kafka's Sword,pickaxe,gaminglegends,Gaming Legends Series,Honkai: Star Rail,7,1,2026-02-27T00:00:00Z
2026-09-23,v2:/f2edb72fb5d08ef186125294d82113ad895a2a6fb4df3515cbcbc7eb67816a00,[VIRTUAL]1 x Air Jordan 5 Retro 'Wolf Grey' for 800 MtxCurrency,800,800,0,0.0,0,2026-09-23T00:00:00Z,2026-09-29T23:59:59.999Z,1,0,-1,FND092326,Front Page,188,tileGrid,Size_1_x_1,,0,,1,br,Shoes_ElbowGroutShy,Air Jordan 5 Retro 'Wolf Grey',shoe,uncommon,,Jordan Shoes,7,4,2026-09-17T16:17:14Z
2026-09-23,v2:/1d021406379464ea648d271e5525e56856538319883cf5e7962f7a251177f22b,"[VIRTUAL]1 x Thana the Pale, 1 x Scythe of the Pale, 1 x Areta the Vengeful, 1 x Areta's War Cape, 1 x Wings of Loss, 1 x Apocalyptic Slips, 1 x The Flame of Siege, 1 x Osric the Conqueror, 1 x Royalty's Mantle, 1 x Bow of the Vanquisher, 1 x Fallow the Fallen, 1 x Hunger & Haste, 1 x Hunger & Haste, 1 x Horse of the End for -1 MtxCurrency",7300,2400,4900,0.6712,1,2026-09-21T00:00:00Z,2026-09-27T23:59:59.999Z,1,0,-1,FND092326,Front Page,188,tileGrid,Size_3_x_1,,1,Dawning Apocalypse Bundle,14,br,Character_GrizzlyDemise,Thana the Pale,outfit,epic,,Dawning Apocalypse,7,4,2026-09-17T16:17:14Z
2026-09-23,v2:/1d021406379464ea648d271e5525e56856538319883cf5e7962f7a251177f22b,"[VIRTUAL]1 x Thana the Pale, 1 x Scythe of the Pale, 1 x Areta the Vengeful, 1 x Areta's War Cape, 1 x Wings of Loss, 1 x Apocalyptic Slips, 1 x The Flame of Siege, 1 x Osric the Conqueror, 1 x Royalty's Mantle, 1 x Bow of the Vanquisher, 1 x Fallow the Fallen, 1 x Hunger & Haste, 1 x Hunger & Haste, 1 x Horse of the End for -1 MtxCurrency",7300,2400,4900,0.6712,1,2026-09-21T00:00:00Z,2026-09-27T23:59:59.999Z,1,0,-1,FND092326,Front Page,188,tileGrid,Size_3_x_1,,1,Dawning Apocalypse Bundle,14,br,Pickaxe_GrizzlyDemise,Scythe of the Pale,pickaxe,rare,,Dawning Apocalypse,7,4,2026-09-17T16:17:14Z
2026-09-23,v2:/1d021406379464ea648d271e5525e56856538319883cf5e7962f7a251177f22b,"[VIRTUAL]1 x Thana the Pale, 1 x Scythe of the Pale, 1 x Areta the Vengeful, 1 x Areta's War Cape, 1 x Wings of Loss, 1 x Apocalyptic Slips, 1 x The Flame of Siege, 1 x Osric the Conqueror, 1 x Royalty's Mantle, 1 x Bow of the Vanquisher, 1 x Fallow the Fallen, 1 x Hunger & Haste, 1 x Hunger & Haste, 1 x Horse of the End for -1 MtxCurrency",7300,2400,4900,0.6712,1,2026-09-21T00:00:00Z,2026-09-27T23:59:59.999Z,1,0,-1,FND092326,Front Page,188,tileGrid,Size_3_x_1,,1,Dawning Apocalypse Bundle,14,br,Character_GulchTruce,Areta the Vengeful,outfit,epic,,Dawning Apocalypse,7,4,2026-09-17T16:17:14Z
2026-09-23,v2:/1d021406379464ea648d271e5525e56856538319883cf5e7962f7a251177f22b,"[VIRTUAL]1 x Thana the Pale, 1 x Scythe of the Pale, 1 x Areta the Vengeful, 1 x Areta's War Cape, 1 x Wings of Loss, 1 x Apocalyptic Slips, 1 x The Flame of Siege, 1 x Osric the Conqueror, 1 x Royalty's Mantle, 1 x Bow of the Vanquisher, 1 x Fallow the Fallen, 1 x Hunger & Haste, 1 x Hunger & Haste, 1 x Horse of the End for -1 MtxCurrency",7300,2400,4900,0.6712,1,2026-09-21T00:00:00Z,2026-09-27T23:59:59.999Z,1,0,-1,FND092326,Front Page,188,tileGrid,Size_3_x_1,,1,Dawning Apocalypse Bundle,14,br,Backpack_GulchTruce,Areta's War Cape,backpack,rare,,Dawning Apocalypse,7,4,2026-09-17T16:17:14Z
2026-09-23,v2:/1d021406379464ea648d271e5525e56856538319883cf5e7962f7a251177f22b,"[VIRTUAL]1 x Thana the Pale, 1 x Scythe of the Pale, 1 x Areta the Vengeful, 1 x Areta's War Cape, 1 x Wings of Loss, 1 x Apocalyptic Slips, 1 x The Flame of Siege, 1 x Osric the Conqueror, 1 x Royalty's Mantle, 1 x Bow of the Vanquisher, 1 x Fallow the Fallen, 1 x Hunger & Haste, 1 x Hunger & Haste, 1 x Horse of the End for -1 MtxCurrency",7300,2400,4900,0.6712,1,2026-09-21T00:00:00Z,2026-09-27T23:59:59.999Z,1,0,-1,FND092326,Front Page,188,tileGrid,Size_3_x_1,,1,Dawning Apocalypse Bundle,14,br,Backpack_GrizzlyDemise,Wings of Loss,backpack,rare,,Dawning Apocalypse,7,4,2026-09-17T16:17:14Z
2026-09-23,v2:/1d021406379464ea648d271e5525e56856538319883cf5e7962f7a251177f22b,"[VIRTUAL]1 x Thana the Pale, 1 x Scythe of the Pale, 1 x Areta the Vengeful, 1 x Areta's War Cape, 1 x Wings of Loss, 1 x Apocalyptic Slips, 1 x The Flame of Siege, 1 x Osric the Conqueror, 1 x Royalty's Mantle, 1 x Bow of the Vanquisher, 1 x Fallow the Fallen, 1 x Hunger & Haste, 1 x Hunger & Haste, 1 x Horse of the End for -1 MtxCurrency",7300,2400,4900,0.6712,1,2026-09-21T00:00:00Z,2026-09-27T23:59:59.999Z,1,0,-1,FND092326,Front Page,188,tileGrid,Size_3_x_1,,1,Dawning Apocalypse Bundle,14,br,Shoes_PhantomStride,Apocalyptic Slips,shoe,uncommon,,Dawning Apocalypse,7,4,2026-09-17T16:17:14Z
2026-09-23,v2:/1d021406379464ea648d271e5525e56856538319883cf5e7962f7a251177f22b,"[VIRTUAL]1 x Thana the Pale, 1 x Scythe of the Pale, 1 x Areta the Vengeful, 1 x Areta's War Cape, 1 x Wings of Loss, 1 x Apocalyptic Slips, 1 x The Flame of Siege, 1 x Osric the Conqueror, 1 x Royalty's Mantle, 1 x Bow of the Vanquisher, 1 x Fallow the Fallen, 1 x Hunger & Haste, 1 x Hunger & Haste, 1 x Horse of the End for -1 MtxCurrency",7300,2400,4900,0.6712,1,2026-09-21T00:00:00Z,2026-09-27T23:59:59.999Z,1,0,-1,FND092326,Front Page,188,tileGrid,Size_3_x_1,,1,Dawning Apocalypse Bundle,14,br,Pickaxe_GulchTruce,The Flame of Siege,pickaxe,rare,,Dawning Apocalypse,7,4,2026-09-17T16:17:14Z
2026-09-23,v2:/1d021406379464ea648d271e5525e56856538319883cf5e7962f7a251177f22b,"[VIRTUAL]1 x Thana the Pale, 1 x Scythe of the Pale, 1 x Areta the Vengeful, 1 x Areta's War Cape, 1 x Wings of Loss, 1 x Apocalyptic Slips, 1 x The Flame of Siege, 1 x Osric the Conqueror, 1 x Royalty's Mantle, 1 x Bow of the Vanquisher, 1 x Fallow the Fallen, 1 x Hunger & Haste, 1 x Hunger & Haste, 1 x Horse of the End for -1 MtxCurrency",7300,2400,4900,0.6712,1,2026-09-21T00:00:00Z,2026-09-27T23:59:59.999Z,1,0,-1,FND092326,Front Page,188,tileGrid,Size_3_x_1,,1,Dawning Apocalypse Bundle,14,br,Character_RoutPinch,Osric the Conqueror,outfit,epic,,Dawning Apocalypse,7,4,2026-09-21T00:00:00Z
2026-09-23,v2:/1d021406379464ea648d271e5525e56856538319883cf5e7962f7a251177f22b,"[VIRTUAL]1 x Thana the Pale, 1 x Scythe of the Pale, 1 x Areta the Vengeful, 1 x Areta's War Cape, 1 x Wings of Loss, 1 x Apocalyptic Slips, 1 x The Flame of Siege, 1 x Osric the Conqueror, 1 x Royalty's Mantle, 1 x Bow of the Vanquisher, 1 x Fallow the Fallen, 1 x Hunger & Haste, 1 x Hunger & Haste, 1 x Horse of the End for -1 MtxCurrency",7300,2400,4900,0.6712,1,2026-09-21T00:00:00Z,2026-09-27T23:59:59.999Z,1,0,-1,FND092326,Front Page,188,tileGrid,Size_3_x_1,,1,Dawning Apocalypse Bundle,14,br,Backpack_RoutPinch,Royalty's Mantle,backpack,rare,,Dawning Apocalypse,7,4,2026-09-21T00:00:00Z
2026-09-23,v2:/1d021406379464ea648d271e5525e56856538319883cf5e7962f7a251177f22b,"[VIRTUAL]1 x Thana the Pale, 1 x Scythe of the Pale, 1 x Areta the Vengeful, 1 x Areta's War Cape, 1 x Wings of Loss, 1 x Apocalyptic Slips, 1 x The Flame of Siege, 1 x Osric the Conqueror, 1 x Royalty's Mantle, 1 x Bow of the Vanquisher, 1 x Fallow the Fallen, 1 x Hunger & Haste, 1 x Hunger & Haste, 1 x Horse of the End for -1 MtxCurrency",7300,2400,4900,0.6712,1,2026-09-21T00:00:00Z,2026-09-27T23:59:59.999Z,1,0,-1,FND092326,Front Page,188,tileGrid,Size_3_x_1,,1,Dawning Apocalypse Bundle,14,br,Pickaxe_RoutPinch,Bow of the Vanquisher,pickaxe,rare,,Dawning Apocalypse,7,4,2026-09-21T00:00:00Z
2026-09-23,v2:/1d021406379464ea648d271e5525e56856538319883cf5e7962f7a251177f22b,"[VIRTUAL]1 x Thana the Pale, 1 x Scythe of the Pale, 1 x Areta the Vengeful, 1 x Areta's War Cape, 1 x Wings of Loss, 1 x Apocalyptic Slips, 1 x The Flame of Siege, 1 x Osric the Conqueror, 1 x Royalty's Mantle, 1 x Bow of the Vanquisher, 1 x Fallow the Fallen, 1 x Hunger & Haste, 1 x Hunger & Haste, 1 x Horse of the End for -1 MtxCurrency",7300,2400,4900,0.6712,1,2026-09-21T00:00:00Z,2026-09-27T23:59:59.999Z,1,0,-1,FND092326,Front Page,188,tileGrid,Size_3_x_1,,1,Dawning Apocalypse Bundle,14,br,Character_SharpCrave,Fallow the Fallen,outfit,epic,,Dawning Apocalypse,7,4,2026-09-17T16:17:14Z
2026-09-23,v2:/1d021406379464ea648d271e5525e56856538319883cf5e7962f7a251177f22b,"[VIRTUAL]1 x Thana the Pale, 1 x Scythe of the Pale, 1 x Areta the Vengeful, 1 x Areta's War Cape, 1 x Wings of Loss, 1 x Apocalyptic Slips, 1 x The Flame of Siege, 1 x Osric the Conqueror, 1 x Royalty's Mantle, 1 x Bow of the Vanquisher, 1 x Fallow the Fallen, 1 x Hunger & Haste, 1 x Hunger & Haste, 1 x Horse of the End for -1 MtxCurrency",7300,2400,4900,0.6712,1,2026-09-21T00:00:00Z,2026-09-27T23:59:59.999Z,1,0,-1,FND092326,Front Page,188,tileGrid,Size_3_x_1,,1,Dawning Apocalypse Bundle,14,br,Pickaxe_SharpCrave,Hunger & Haste,pickaxe,rare,,Dawning Apocalypse,7,4,2026-09-17T16:17:14Z
2026-09-23,v2:/1d021406379464ea648d271e5525e56856538319883cf5e7962f7a251177f22b,"[VIRTUAL]1 x Thana the Pale, 1 x Scythe of the Pale, 1 x Areta the Vengeful, 1 x Areta's War Cape, 1 x Wings of Loss, 1 x Apocalyptic Slips, 1 x The Flame of Siege, 1 x Osric the Conqueror, 1 x Royalty's Mantle, 1 x Bow of the Vanquisher, 1 x Fallow the Fallen, 1 x Hunger & Haste, 1 x Hunger & Haste, 1 x Horse of the End for -1 MtxCurrency",7300,2400,4900,0.6712,1,2026-09-21T00:00:00Z,2026-09-27T23:59:59.999Z,1,0,-1,FND092326,Front Page,188,tileGrid,Size_3_x_1,,1,Dawning Apocalypse Bundle,14,br,Backpack_SharpCrave,Hunger & Haste,backpack,rare,,Dawning Apocalypse,7,4,2026-09-17T16:17:14Z
2026-09-23,v2:/1d021406379464ea648d271e5525e56856538319883cf5e7962f7a251177f22b,"[VIRTUAL]1 x Thana the Pale, 1 x Scythe of the Pale, 1 x Areta the Vengeful, 1 x Areta's War Cape, 1 x Wings of Loss, 1 x Apocalyptic Slips, 1 x The Flame of Siege, 1 x Osric the Conqueror, 1 x Royalty's Mantle, 1 x Bow of the Vanquisher, 1 x Fallow the Fallen, 1 x Hunger & Haste, 1 x Hunger & Haste, 1 x Horse of the End for -1 MtxCurrency",7300,2400,4900,0.6712,1,2026-09-21T00:00:00Z,2026-09-27T23:59:59.999Z,1,0,-1,FND092326,Front Page,188,tileGrid,Size_3_x_1,,1,Dawning Apocalypse Bundle,14,br,EID_GrizzlyDemise,Horse of the End,emote,uncommon,,Dawning Apocalypse,7,4,2026-09-17T16:17:14Z
2026-09-23,v2:/1bb94f61514ba11321c857d7f783bdbd9c15e12f8c4907c598202a4b0cadfd7b,[VIRTUAL]1 x Kafka's Sword for 800 MtxCurrency,800,800,0,0.0,0,2026-09-21T00:00:00Z,2026-09-24T23:59:59.999Z,1,0,-4,Honkai,Honkai Star Rail,184,tileGrid,Size_1_x_1,,0,,1,br,Pickaxe_TweakSmirk,Kafka's Sword,pickaxe,gaminglegends,Gaming Legends Series,Honkai: Star Rail,7,1,2026-02-27T00:00:00Z
2026-09-23,v2:/76b855f3c8e4c18081d0fef71b7c5b6bda46fd4572ace46c456620762e06e19c,[VIRTUAL]1 x TBD (SID_Placeholder_546) for 500 MtxCurrency,500,500,0,0.0,0,2026-09-01T00:00:00Z,2026-09-30T23:59:59.999Z,1,0,-100,JT091826,Jam Tracks,180,expandableList,Size_1_x_1,,0,,1,track,sid_placeholder_546,Through the Fire and Flames,,,,,,,2025-03-15T00:10:15Z
2026-09-23,v2:/ee04f4814e50b10f7b3be7d450498b7484f7df8bafc04ba58fcbb2553d3884a7,[VIRTUAL]1 x Fade to Black for 500 MtxCurrency,500,500,0,0.0,0,2026-09-01T00:00:00Z,2026-09-30T23:59:59.999Z,1,0,-5,JT091826,Jam Tracks,180,expandableList,Size_1_x_1,,0,,1,track,sid_placeholder_240,Fade to Black,,,,,,,2024-08-01T19:28:39Z
2026-09-23,v2:/0dd61ecfd397b29f963532245ad50cfa5348043cf4265c2b3a5f13c0d6021c9d,[VIRTUAL]1 x TBD (SID_Placeholder_724) for 500 MtxCurrency,500,500,0,0.0,0,2026-09-01T00:00:00Z,2026-09-30T23:59:59.999Z,1,0,-95,JT091826,Jam Tracks,180,expandableList,Size_1_x_1,,0,,1,track,sid_placeholder_724,mirai,,,,,,,2026-01-13T19:59:54Z
2026-09-23,v2:/b1110e6b8cd0b8a965b08e578447bb1b13f47f8eb88aece3da6888f1edf12d52,"[VIRTUAL]1 x Hana, 1 x Skull of Keleritas for -1 MtxCurrency",1500,1500,0,0.0,0,2026-09-20T00:00:00Z,2026-09-23T23:59:59.999Z,1,0,-2,PablloVittar,Pabllo Vittar's Locker ,178,tileGrid,Size_1_x_1,,0,,2,br,CID_A_452_Athena_Commando_F_Barium,Hana,outfit,epic,,Downhill Demon,4,1,2022-12-13T10:43:37Z
2026-09-23,v2:/b1110e6b8cd0b8a965b08e578447bb1b13f47f8eb88aece3da6888f1edf12d52,"[VIRTUAL]1 x Hana, 1 x Skull of Keleritas for -1 MtxCurrency",1500,1500,0,0.0,0,2026-09-20T00:00:00Z,2026-09-23T23:59:59.999Z,1,0,-2,PablloVittar,Pabllo Vittar's Locker ,178,tileGrid,Size_1_x_1,,0,,2,br,BID_A_040_BariumFemale,Skull of Keleritas,backpack,epic,,Downhill Demon,4,1,2022-12-13T10:43:37Z
2026-09-23,v2:/3845e5defe0af6909f34c6368ab912ce1c7fefeac2cc6e4e785f3e989b5fc232,[VIRTUAL]1 x Heart Attach for 300 MtxCurrency,300,300,0,0.0,0,2026-09-20T00:00:00Z,2026-09-23T23:59:59.999Z,1,0,-2,PablloVittar,Pabllo Vittar's Locker ,178,tileGrid,Size_1_x_1,,0,,1,br,EID_Endear,Heart Attach,emote,uncommon,,,4,2,2023-04-11T10:06:45Z
2026-09-23,v2:/c11c95800d7714700c7148e435e18c537be74e1a45a0efc1550a8d256eea2d05,[VIRTUAL]1 x Bad Romance for 500 MtxCurrency,500,500,0,0.0,0,2026-09-01T00:00:00Z,2026-09-30T23:59:59.999Z,1,0,-4,JT091826,Jam Tracks,180,expandableList,Size_1_x_1,,0,,1,track,sid_placeholder_24,Bad Romance,,,,,,,2023-12-09T15:00:00Z
2026-09-23,v2:/1c271880bbcac60a760e6ad0236ef2633f23102e0620c42879b520125a374680,[VIRTUAL]1 x Jug Band for 500 MtxCurrency,500,500,0,0.0,0,2026-09-23T00:00:00Z,2026-09-23T23:59:59.999Z,1,0,-3,BR092326,Fit Check,185,tileGrid,Size_1_x_1,Emote with up to 3 other players! Additional players will each pick up a unique instrument to join in the band!,0,,1,br,EID_Jugular,Jug Band,emote,rare,,,3,3,2022-08-30T14:12:20Z
2026-09-23,v2:/62d00fbc973a39eb39538791ff7600a829f2af60cb950865b76ce16d6759f79d,[VIRTUAL]1 x Mouse Mode for 500 MtxCurrency,500,500,0,0.0,0,2026-09-19T00:00:00Z,2026-10-02T23:59:59.999Z,1,0,-4,IronMouse,Ironmouse,192,tileGrid,Size_1_x_1,,0,,1,br,Wrap_FeelUnion,Mouse Mode,wrap,rare,,Ironmouse,7,4,2026-09-17T16:17:14Z
2026-09-23,v2:/d10eb95a62ea64acf7a25e6b759c0be41db252e72624d746176350d358148c2b,[VIRTUAL]1 x Fernet for 1500 MtxCurrency,1500,1500,0,0.0,0,2026-09-18T00:00:00Z,2026-09-24T23:59:59.999Z,1,0,-1,KernelHearts,Kernel Hearts ,182,tileGrid,Size_3_x_1,,0,,1,br,Character_OutletVerve,Fernet,outfit,gaminglegends,Gaming Legends Series,Kernel Hearts,7,3,2026-08-17T16:00:57Z
2026-09-23,v2:/ed35613be1dc6a2dbabd4723fc89645fa53f3b61a7f486ac247a9ff9cbed560a,"[VIRTUAL]1 x Sugar, We're Goin Down for 500 MtxCurrency",500,500,0,0.0,0,2026-09-01T00:00:00Z,2026-09-30T23:59:59.999Z,1,0,-93,JT091826,Jam Tracks,180,expandableList,Size_1_x_1,,0,,1,track,sid_placeholder_388,"Sugar, We're Goin Down",,,,,,,2024-12-26T14:34:39Z
2026-09-23,v2:/d397bed72f082abc7a8ffc5ee6836035ee42e27b05846c8c1c70938b0ff626e4,[VIRTUAL]1 x Vice for 800 MtxCurrency,800,800,0,0.0,0,2026-09-22T00:00:00Z,2026-09-28T23:59:59.999Z,1,0,-3,NS092226,No Sweat,186,tileGrid,Size_1_x_1,,0,,1,br,CID_551_Athena_Commando_M_YellowCamoD,Vice,outfit,uncommon,,Siege Strike,1,X,2019-11-20T12:49:48Z
2026-09-23,v2:/ea42a4cb73381680bc313c819bd98b677c86a5a43c1cc1ab4d6de4eaceb40ceb,[VIRTUAL]1 x Agent Blanc for 800 MtxCurrency,800,800,0,0.0,0,2026-09-19T00:00:00Z,2026-09-25T23:59:59.999Z,1,0,-2,FND092326,Front Page,188,tileGrid,Size_1_x_1,,0,,1,br,Character_ArcticBreeze,Agent Blanc,outfit,epic,,,6,3,2025-05-02T13:15:59Z
2026-09-23,v2:/6f716a3be9bd20f99e40bfb2a903f2e70eb697710ceeefc452ef8b31f7d37e4a,[VIRTUAL]1 x Boy's A Liar Pt. 2 for 500 MtxCurrency,500,500,0,0.0,0,2026-09-01T00:00:00Z,2026-09-30T23:59:59.999Z,1,0,-27,JT091826,Jam Tracks,180,expandableList,Size_1_x_1,,0,,1,track,sid_placeholder_169,Boy's A Liar Pt. 2,,,,,,,2024-04-09T15:02:47Z
2026-09-23,v2:/79ca06682198bd9040fe2389dd46703fbb97c7e1662e25a28608adf4ce6a4a2a,[VIRTUAL]1 x Closer for 500 MtxCurrency,500,500,0,0.0,0,2026-09-01T00:00:00Z,2026-09-30T23:59:59.999Z,1,0,-91,JT091826,Jam Tracks,180,expandableList,Size_1_x_1,,0,,1,track,sid_placeholder_62,Closer,,,,,,,2024-02-29T00:02:26Z
2026-09-23,v2:/aa6ea2af9da9d9b0fc6315fbec402dab9ba075e7bace078774d100895d9edf26,"[VIRTUAL]1 x Maleficent, 1 x Maleficent's Raven, 1 x Maleficent's Scepter for -1 MtxCurrency",1800,1800,0,0.0,0,2026-09-22T00:00:00Z,2026-09-25T23:59:59.999Z,1,0,-4,badguys,Disney,195,tileGrid,Size_1_x_1,,1,Maleficent,3,br,Character_MistressSombre,Maleficent,outfit,epic,,Disney Villains,5,4,2024-10-19T00:00:00Z
2026-09-23,v2:/aa6ea2af9da9d9b0fc6315fbec402dab9ba075e7bace078774d100895d9edf26,"[VIRTUAL]1 x Maleficent, 1 x Maleficent's Raven, 1 x Maleficent's Scepter for -1 MtxCurrency",1800,1800,0,0.0,0,2026-09-22T00:00:00Z,2026-09-25T23:59:59.999Z,1,0,-4,badguys,Disney,195,tileGrid,Size_1_x_1,,1,Maleficent,3,br,Backpack_MistressSombre,Maleficent's Raven,backpack,rare,,Disney Villains,5,4,2024-10-19T00:00:00Z
2026-09-23,v2:/aa6ea2af9da9d9b0fc6315fbec402dab9ba075e7bace078774d100895d9edf26,"[VIRTUAL]1 x Maleficent, 1 x Maleficent's Raven, 1 x Maleficent's Scepter for -1 MtxCurrency",1800,1800,0,0.0,0,2026-09-22T00:00:00Z,2026-09-25T23:59:59.999Z,1,0,-4,badguys,Disney,195,tileGrid,Size_1_x_1,,1,Maleficent,3,br,Pickaxe_MistressSombre,Maleficent's Scepter,pickaxe,rare,,Disney Villains,5,4,2024-10-19T00:00:00Z
2026-09-23,v2:/09fcc331c9e5ea91fb79e4c77aebb8c55db9f6f633eabf26463666d48c7642b6,[VIRTUAL]1 x MONTERO (Call Me By Your Name) for 500 MtxCurrency,500,500,0,0.0,0,2026-09-01T00:00:00Z,2026-09-30T23:59:59.999Z,1,0,-74,JT091826,Jam Tracks,180,expandableList,Size_1_x_1,,0,,1,track,sid_placeholder_286,MONTERO (Call Me By Your Name),,,,,,,2024-10-24T14:53:04Z
2026-09-23,v2:/4348172e6e5515bee6b3f799962d19d5d4eb9346f490f945c4a3dd611768b753,[VIRTUAL]1 x TBD (SID_Placeholder_692) for 500 MtxCurrency,500,500,0,0.0,0,2026-09-18T00:00:00Z,2026-09-24T23:59:59.999Z,1,0,-4,JT091826,Jam Tracks,180,tileGrid,Size_1_x_1,,0,,1,track,sid_placeholder_692,Manchild,,,,,,,2025-12-18T08:52:11Z
2026-09-23,v2:/5ec39c4d66b459d718bf8756dd72f344c5d34bbbea4cf4b0e6454aed904d9653,"[VIRTUAL]1 x Cypher, 1 x Identity Disc, 1 x Identity Disc for -1 MtxCurrency",1500,1500,0,0.0,0,2026-09-22T00:00:00Z,2026-09-25T23:59:59.999Z,1,0,-2,badguys,Disney,195,tileGrid,Size_1_x_1,Equip the <highlight>IDENTITY DISC</> as a <highlight>BACK BLING</> or <highlight>PICKAXE</>!,1,Cypher,3,br,CID_A_012_Athena_Commando_M_Mainframe_V7Q8R,Cypher,outfit,rare,,End of Line,2,5,2021-02-12T00:00:00Z
2026-09-23,v2:/5ec39c4d66b459d718bf8756dd72f344c5d34bbbea4cf4b0e6454aed904d9653,"[VIRTUAL]1 x Cypher, 1 x Identity Disc, 1 x Identity Disc for -1 MtxCurrency",1500,1500,0,0.0,0,2026-09-22T00:00:00Z,2026-09-25T23:59:59.999Z,1,0,-2,badguys,Disney,195,tileGrid,Size_1_x_1,Equip the <highlight>IDENTITY DISC</> as a <highlight>BACK BLING</> or <highlight>PICKAXE</>!,1,Cypher,3,br,BID_699_MainframeMale_2W2M3,Identity Disc,backpack,rare,,End of Line,2,5,2021-02-12T00:00:00Z
2026-09-23,v2:/5ec39c4d66b459d718bf8756dd72f344c5d34bbbea4cf4b0e6454aed904d9653,"[VIRTUAL]1 x Cypher, 1 x Identity Disc, 1 x Identity Disc for -1 MtxCurrency",1500,1500,0,0.0,0,2026-09-22T00:00:00Z,2026-09-25T23:59:59.999Z,1,0,-2,badguys,Disney,195,tileGrid,Size_1_x_1,Equip the <highlight>IDENTITY DISC</> as a <highlight>BACK BLING</> or <highlight>PICKAXE</>!,1,Cypher,3,br,Pickaxe_ID_546_MainframeMale_XW9S6,Identity Disc,pickaxe,rare,,End of Line,2,5,2021-02-12T00:00:00Z
2026-09-23,v2:/d57205be7aab6ea23a741f557ec2c94f8ed3dc9b940c178a1fedcd3f1349a269,[VIRTUAL]1 x PAC-Brained for 300 MtxCurrency,300,300,0,0.0,0,2026-09-19T00:00:00Z,2026-09-25T23:59:59.999Z,1,0,-3,PacMan,PAC-MAN,183,tileGrid,Size_1_x_1,,0,,1,br,EID_Grapefruit,PAC-Brained,emote,gaminglegends,Gaming Legends Series,PAC-MAN,3,2,2022-06-02T00:00:00Z
2026-09-23,v2:/d67ad40b56687168779b6b6756a6344cff723730587841ef1c0821561bdd07c3,[VIRTUAL]1 x Trespasser Elite for 1500 MtxCurrency,1500,1500,0,0.0,0,2026-09-20T00:00:00Z,2026-09-26T23:59:59.999Z,1,0,-3,FND092326,Front Page,188,tileGrid,Size_1_x_1,,0,,1,br,CID_A_195_Athena_Commando_M_Crisis,Trespasser Elite,outfit,epic,,,2,7,2021-08-31T08:28:52Z
2026-09-23,v2:/0bae63397030590e4e73dfd3b0767b707121b06c915afadd8c0d987c4847945a,[VIRTUAL]1 x Champion's Focus for 500 MtxCurrency,500,500,0,0.0,0,2026-09-23T00:00:00Z,2026-09-30T23:59:59.999Z,1,0,-5,CyberFNCS1,FNCS,197,tileGrid,Size_1_x_1,,0,,1,br,Wrap_CyberFNCS,Champion's Focus,wrap,rare,,FNCS,7,4,2026-09-17T16:17:14Z
2026-09-23,v2:/29d7f3156385054c44c3205931abbcb26da3d6e1bf5a5574b15a46804ec95fc2,[VIRTUAL]1 x No Tears for 500 MtxCurrency,500,500,0,0.0,0,2026-09-20T00:00:00Z,2026-09-23T23:59:59.999Z,1,0,-3,VV092226,Hype Squad,189,tileGrid,Size_1_x_1,,0,,1,br,EID_Distraught,No Tears,emote,icon,Icon Series,,5,3,2024-08-04T00:00:00Z
2026-09-23,v2:/36a56d4ce1b570d96151af89ecce95a8044c0e38ae13a4f513e2a80f8e4a791e,[VIRTUAL]1 x Shadow Steppers for 1000 MtxCurrency,1000,1000,0,0.0,0,2026-09-17T00:00:00Z,2026-10-01T23:59:59.999Z,1,0,-2,KingdomHearts,Kingdom Hearts ,196,tileGrid,Size_1_x_1,,0,,1,br,Shoes_SpireTendBeen,Shadow Steppers,shoe,gaminglegends,Gaming Legends Series,Kingdom Hearts,7,4,2026-09-17T08:00:00Z
2026-09-23,v2:/3f2f7c6c1499b048bc03710b0531085e39d261f528a7fb9e8800e78da768557a,"[VIRTUAL]1 x Areta the Vengeful, 1 x Areta's War Cape for -1 MtxCurrency",1000,1000,0,0.0,0,2026-09-21T00:00:00Z,2026-09-27T23:59:59.999Z,1,0,-1,FND092326,Front Page,188,tileGrid,Size_1_x_1,,0,,2,br,Character_GulchTruce,Areta the Vengeful,outfit,epic,,Dawning Apocalypse,7,4,2026-09-17T16:17:14Z
2026-09-23,v2:/3f2f7c6c1499b048bc03710b0531085e39d261f528a7fb9e8800e78da768557a,"[VIRTUAL]1 x Areta the Vengeful, 1 x Areta's War Cape for -1 MtxCurrency",1000,1000,0,0.0,0,2026-09-21T00:00:00Z,2026-09-27T23:59:59.999Z,1,0,-1,FND092326,Front Page,188,tileGrid,Size_1_x_1,,0,,2,br,Backpack_GulchTruce,Areta's War Cape,backpack,rare,,Dawning Apocalypse,7,4,2026-09-17T16:17:14Z
2026-09-23,v2:/9e755b233d104eae4d84ba984ea9d0d1eea09544d84a1149fa6510047269fba1,"[VIRTUAL]1 x Cruella de Vil, 1 x Haute Handbag, 1 x De Vil's Grille for -1 MtxCurrency",1800,1800,0,0.0,0,2026-09-22T00:00:00Z,2026-09-25T23:59:59.999Z,1,0,-3,badguys,Disney,195,tileGrid,Size_1_x_1,,1,Cruella De Vil,3,br,Character_FreshWave,Cruella de Vil,outfit,epic,,Disney Villains,5,4,2024-10-19T00:00:00Z
2026-09-23,v2:/9e755b233d104eae4d84ba984ea9d0d1eea09544d84a1149fa6510047269fba1,"[VIRTUAL]1 x Cruella de Vil, 1 x Haute Handbag, 1 x De Vil's Grille for -1 MtxCurrency",1800,1800,0,0.0,0,2026-09-22T00:00:00Z,2026-09-25T23:59:59.999Z,1,0,-3,badguys,Disney,195,tileGrid,Size_1_x_1,,1,Cruella De Vil,3,br,Backpack_FreshWave,Haute Handbag,backpack,rare,,Disney Villains,5,4,2024-10-19T00:00:00Z
2026-09-23,v2:/9e755b233d104eae4d84ba984ea9d0d1eea09544d84a1149fa6510047269fba1,"[VIRTUAL]1 x Cruella de Vil, 1 x Haute Handbag, 1 x De Vil's Grille for -1 MtxCurrency",1800,1800,0,0.0,0,2026-09-22T00:00:00Z,2026-09-25T23:59:59.999Z,1,0,-3,badguys,Disney,195,tileGrid,Size_1_x_1,,1,Cruella De Vil,3,br,Pickaxe_FreshWave,De Vil's Grille,pickaxe,rare,,Disney Villains,5,4,2024-10-19T00:00:00Z
2026-09-23,v2:/28723cd61a6efd2f3c242a35153f3e3cb9da3a603eed1671f4b1ce59dffbe37d,[VIRTUAL]1 x De Vil's Grille for 500 MtxCurrency,500,500,0,0.0,0,2026-09-22T00:00:00Z,2026-09-25T23:59:59.999Z,1,0,-1,,,,,Size_1_x_1,,0,,1,br,Pickaxe_FreshWave,De Vil's Grille,pickaxe,rare,,Disney Villains,5,4,2024-10-19T00:00:00Z
2026-09-23,v2:/f0741a4504ca7381574dbbcf21074caac3ded111bf1d6ddd13861c0962bc7d63,[VIRTUAL]1 x Unsainted for 500 MtxCurrency,500,500,0,0.0,0,2026-09-01T00:00:00Z,2026-09-30T23:59:59.999Z,1,0,-62,JT091826,Jam Tracks,180,expandableList,Size_1_x_1,,0,,1,track,sid_placeholder_266,Unsainted,,,,,,,2024-07-26T00:00:00Z
2026-09-23,v2:/672158fb033ec4fb98a515f1c3c4801b5d9519a18272b39d9285df70b508395a,[VIRTUAL]1 x HUMBLE. for 500 MtxCurrency,500,500,0,0.0,0,2026-09-18T00:00:00Z,2026-09-24T23:59:59.999Z,1,0,-1,JT091826,Jam Tracks,180,tileGrid,Size_1_x_1,,0,,1,track,sid_placeholder_255,HUMBLE.,,,,,,,2024-07-03T14:17:57Z
2026-09-23,v2:/5d66ec30375256d9e95414edb2e210c8d3dcf4f053864dc8d5605b92ff02c55b,[VIRTUAL]1 x Blank for -1 MtxCurrency,400,400,0,0.0,0,2026-09-18T00:00:00Z,2026-09-24T23:59:59.999Z,1,0,-5,Batmobile2,2022 Batmobile,175,tileGrid,Size_1_x_1,,0,,1,car,ID_Booster_Tomb,Batmobile (2022),booster,uncommon,,,,,2026-09-17T16:17:14Z
2026-09-23,v2:/56951642ee7625fac2c50f844d8ade3063b4c8b14fa6e2a9948203eb6a195c2f,[VIRTUAL]1 x Hero Baymax for 1500 MtxCurrency,1500,1500,0,0.0,0,2026-09-20T00:00:00Z,2026-09-23T23:59:59.999Z,1,0,-2,badguys,Disney,195,tileGrid,Size_1_x_1,,0,,1,br,Character_OysterKnock,Hero Baymax,outfit,epic,,Big Hero 6,6,1,2024-12-01T03:58:22Z
2026-09-23,v2:/582e4e8e2a42ade269c91f2d5a4700aaa4dc22f871a6697c89810815a1933da4,[VIRTUAL]1 x TBD (SID_Placeholder_587) for 500 MtxCurrency,500,500,0,0.0,0,2026-09-01T00:00:00Z,2026-09-30T23:59:59.999Z,1,0,-50,JT091826,Jam Tracks,180,expandableList,Size_1_x_1,,0,,1,track,sid_placeholder_587,Dream On,,,,,,,2025-05-14T00:00:00Z
2026-09-23,v2:/9f97755769309e618fb33fd2ced7e34bf83ceb55b210c9df984ea2342d32a173,"[VIRTUAL]1 x Diamond Hanz, 1 x Gains! for -1 MtxCurrency",1200,1200,0,0.0,0,2026-09-22T00:00:00Z,2026-09-28T23:59:59.999Z,1,0,-1,NS092226,No Sweat,186,tileGrid,Size_1_x_1,,0,,2,br,CID_A_060_Athena_Commando_M_Daytrader_8MRO2,Diamond Hanz,outfit,rare,,To The Moon,2,6,2021-04-01T13:00:00Z
2026-09-23,v2:/9f97755769309e618fb33fd2ced7e34bf83ceb55b210c9df984ea2342d32a173,"[VIRTUAL]1 x Diamond Hanz, 1 x Gains! for -1 MtxCurrency",1200,1200,0,0.0,0,2026-09-22T00:00:00Z,2026-09-28T23:59:59.999Z,1,0,-1,NS092226,No Sweat,186,tileGrid,Size_1_x_1,,0,,2,br,BID_736_DayTrader_QS4PD,Gains!,backpack,rare,,To The Moon,2,6,2021-04-01T13:00:00Z
2026-09-23,v2:/1e6a37f31d70f38f06f48e50483a58efb6b70ddbd646212bc9febc843c80d3a9,"[VIRTUAL]1 x Champion Focus, 1 x Focused Emblem, 1 x Laser Scan, 1 x FNCS Scythe, 1 x Champion's Focus for -1 MtxCurrency",2700,1600,1100,0.4074,1,2026-09-23T00:00:00Z,2026-09-30T23:59:59.999Z,1,0,-2,CyberFNCS1,FNCS,197,tileGrid,Size_3_x_1,,1,FNCS Global Championship 2026 Bundle,5,br,Character_CyberFNCS,Champion Focus,outfit,epic,,FNCS,7,4,2026-09-17T16:17:14Z
2026-09-23,v2:/1e6a37f31d70f38f06f48e50483a58efb6b70ddbd646212bc9febc843c80d3a9,"[VIRTUAL]1 x Champion Focus, 1 x Focused Emblem, 1 x Laser Scan, 1 x FNCS Scythe, 1 x Champion's Focus for -1 MtxCurrency",2700,1600,1100,0.4074,1,2026-09-23T00:00:00Z,2026-09-30T23:59:59.999Z,1,0,-2,CyberFNCS1,FNCS,197,tileGrid,Size_3_x_1,,1,FNCS Global Championship 2026 Bundle,5,br,Backpack_CyberFNCS,Focused Emblem,backpack,rare,,FNCS,7,4,2026-09-17T16:17:14Z
2026-09-23,v2:/1e6a37f31d70f38f06f48e50483a58efb6b70ddbd646212bc9febc843c80d3a9,"[VIRTUAL]1 x Champion Focus, 1 x Focused Emblem, 1 x Laser Scan, 1 x FNCS Scythe, 1 x Champion's Focus for -1 MtxCurrency",2700,1600,1100,0.4074,1,2026-09-23T00:00:00Z,2026-09-30T23:59:59.999Z,1,0,-2,CyberFNCS1,FNCS,197,tileGrid,Size_3_x_1,,1,FNCS Global Championship 2026 Bundle,5,br,EID_ScanEvade,Laser Scan,emote,uncommon,,,7,4,2026-09-03T15:24:18Z
2026-09-23,v2:/1e6a37f31d70f38f06f48e50483a58efb6b70ddbd646212bc9febc843c80d3a9,"[VIRTUAL]1 x Champion Focus, 1 x Focused Emblem, 1 x Laser Scan, 1 x FNCS Scythe, 1 x Champion's Focus for -1 MtxCurrency",2700,1600,1100,0.4074,1,2026-09-23T00:00:00Z,2026-09-30T23:59:59.999Z,1,0,-2,CyberFNCS1,FNCS,197,tileGrid,Size_3_x_1,,1,FNCS Global Championship 2026 Bundle,5,br,Pickaxe_FNCS_42,FNCS Scythe,pickaxe,uncommon,,Final Reckoning,7,4,2026-09-17T16:17:14Z
2026-09-23,v2:/1e6a37f31d70f38f06f48e50483a58efb6b70ddbd646212bc9febc843c80d3a9,"[VIRTUAL]1 x Champion Focus, 1 x Focused Emblem, 1 x Laser Scan, 1 x FNCS Scythe, 1 x Champion's Focus for -1 MtxCurrency",2700,1600,1100,0.4074,1,2026-09-23T00:00:00Z,2026-09-30T23:59:59.999Z,1,0,-2,CyberFNCS1,FNCS,197,tileGrid,Size_3_x_1,,1,FNCS Global Championship 2026 Bundle,5,br,Wrap_CyberFNCS,Champion's Focus,wrap,rare,,FNCS,7,4,2026-09-17T16:17:14Z
2026-09-23,v2:/32dd9410c9a4f6384e732b6e6d1da3667c2c529900836cdd4424b64b34673282,[VIRTUAL]1 x TBD (SID_Placeholder_778) for 500 MtxCurrency,500,500,0,0.0,0,2026-09-18T00:00:00Z,2026-09-24T23:59:59.999Z,1,0,-2,JT091826,Jam Tracks,180,tileGrid,Size_1_x_1,,0,,1,track,sid_placeholder_778,Gabriela,,,,,,,2026-04-08T14:16:11Z
2026-09-23,v2:/17388aed87eab2a6e650d086b5d7d06326692ee88357ab4715fbf45e903f33cd,[VIRTUAL]1 x Happier Than Ever - Edit for 500 MtxCurrency,500,500,0,0.0,0,2026-09-01T00:00:00Z,2026-09-30T23:59:59.999Z,1,0,-34,JT091826,Jam Tracks,180,expandableList,Size_1_x_1,,0,,1,track,sid_placeholder_171,Happier Than Ever - Edit,,,,,,,2024-04-23T00:00:00Z
2026-09-23,v2:/52078d8c222347df807e4693dd6b492ea1594e80ff080fa01eec6e9a210ea8b1,"[VIRTUAL]1 x Ironmouse's Bubi Mic, 1 x Ironmouse's Bubi Mic, 1 x Ironmouse's Bubi Mic for 800 MtxCurrency",800,800,0,0.0,0,2026-09-19T00:00:00Z,2026-10-02T23:59:59.999Z,1,0,-1,IronMouse,Ironmouse,192,tileGrid,Size_1_x_1,,0,,3,br,Backpack_FeelUnionMoo_Mic,Ironmouse's Bubi Mic,backpack,rare,,Ironmouse,7,4,2026-09-17T16:17:14Z
2026-09-23,v2:/52078d8c222347df807e4693dd6b492ea1594e80ff080fa01eec6e9a210ea8b1,"[VIRTUAL]1 x Ironmouse's Bubi Mic, 1 x Ironmouse's Bubi Mic, 1 x Ironmouse's Bubi Mic for 800 MtxCurrency",800,800,0,0.0,0,2026-09-19T00:00:00Z,2026-10-02T23:59:59.999Z,1,0,-1,IronMouse,Ironmouse,192,tileGrid,Size_1_x_1,,0,,3,br,Pickaxe_FeelUnionMoo_Mic,Ironmouse's Bubi Mic,pickaxe,rare,,Ironmouse,7,4,2026-09-17T16:17:14Z
2026-09-23,v2:/52078d8c222347df807e4693dd6b492ea1594e80ff080fa01eec6e9a210ea8b1,"[VIRTUAL]1 x Ironmouse's Bubi Mic, 1 x Ironmouse's Bubi Mic, 1 x Ironmouse's Bubi Mic for 800 MtxCurrency",800,800,0,0.0,0,2026-09-19T00:00:00Z,2026-10-02T23:59:59.999Z,1,0,-1,IronMouse,Ironmouse,192,tileGrid,Size_1_x_1,,0,,3,instrument,Sparks_FeelUnionMoo_Mic,Ironmouse's Bubi Mic,mic,common,,,,,2026-09-17T16:17:14Z
2026-09-23,v2:/33d9f813377e5d7f24cd392544ef8c1ec1609cde8f02a571375aafba487be0c3,"[VIRTUAL]1 x Takumi RX-T, 1 x Takumi RX-T, 1 x Takumi RX-T, 1 x Takumi RX-T, 1 x Takumi RX-T, 1 x Takumi RX-T, 1 x Takumi RX-T, 1 x Takumi RX-T, 1 x Takumi RX-T, 1 x Takumi RX-T, 1 x Takumi RX-T, 1 x Takumi RX-T, 1 x Takumi RX-T, 1 x Blackwork, 1 x Party-Chan, 1 x Inked, 1 x Rockat, 1 x Skullface, 1 x Stripes, 1 x Chusho, 1 x Chusho, 1 x Chusho, 1 x Chusho, 1 x Chusho, 1 x Chusho, 1 x Chusho, 1 x Chusho, 1 x Chusho, 1 x Chusho, 1 x Chusho, 1 x Chusho, 1 x Chusho, 1 x Chusho, 1 x Super RX-T, 1 x Super RX-T, 1 x Super RX-T, 1 x Super RX-T, 1 x Super RX-T, 1 x Super RX-T, 1 x Super RX-T, 1 x Super RX-T, 1 x Super RX-T, 1 x Super RX-T, 1 x Super RX-T, 1 x Super RX-T, 1 x Super RX-T, 1 x Super RX-T for -1 MtxCurrency",1500,1500,0,0.0,0,2026-09-23T00:00:00Z,2026-09-29T23:59:59.999Z,1,0,-2,TakumiRxT,Takumi Rx-T,193,tileGrid,Size_3_x_1,,1,Takumi RX-T,6,car,CarSkin_TakumiiiBlackwork,Blackwork,skin,uncommon,,,,,2026-09-03T15:24:18Z
2026-09-23,v2:/33d9f813377e5d7f24cd392544ef8c1ec1609cde8f02a571375aafba487be0c3,"[VIRTUAL]1 x Takumi RX-T, 1 x Takumi RX-T, 1 x Takumi RX-T, 1 x Takumi RX-T, 1 x Takumi RX-T, 1 x Takumi RX-T, 1 x Takumi RX-T, 1 x Takumi RX-T, 1 x Takumi RX-T, 1 x Takumi RX-T, 1 x Takumi RX-T, 1 x Takumi RX-T, 1 x Takumi RX-T, 1 x Blackwork, 1 x Party-Chan, 1 x Inked, 1 x Rockat, 1 x Skullface, 1 x Stripes, 1 x Chusho, 1 x Chusho, 1 x Chusho, 1 x Chusho, 1 x Chusho, 1 x Chusho, 1 x Chusho, 1 x Chusho, 1 x Chusho, 1 x Chusho, 1 x Chusho, 1 x Chusho, 1 x Chusho, 1 x Chusho, 1 x Super RX-T, 1 x Super RX-T, 1 x Super RX-T, 1 x Super RX-T, 1 x Super RX-T, 1 x Super RX-T, 1 x Super RX-T, 1 x Super RX-T, 1 x Super RX-T, 1 x Super RX-T, 1 x Super RX-T, 1 x Super RX-T, 1 x Super RX-T, 1 x Super RX-T for -1 MtxCurrency",1500,1500,0,0.0,0,2026-09-23T00:00:00Z,2026-09-29T23:59:59.999Z,1,0,-2,TakumiRxT,Takumi Rx-T,193,tileGrid,Size_3_x_1,,1,Takumi RX-T,6,car,CarSkin_TakumiiiBudokan,Party-Chan,skin,uncommon,,,,,2026-09-03T15:24:18Z
2026-09-23,v2:/33d9f813377e5d7f24cd392544ef8c1ec1609cde8f02a571375aafba487be0c3,"[VIRTUAL]1 x Takumi RX-T, 1 x Takumi RX-T, 1 x Takumi RX-T, 1 x Takumi RX-T, 1 x Takumi RX-T, 1 x Takumi RX-T, 1 x Takumi RX-T, 1 x Takumi RX-T, 1 x Takumi RX-T, 1 x Takumi RX-T, 1 x Takumi RX-T, 1 x Takumi RX-T, 1 x Takumi RX-T, 1 x Blackwork, 1 x Party-Chan, 1 x Inked, 1 x Rockat, 1 x Skullface, 1 x Stripes, 1 x Chusho, 1 x Chusho, 1 x Chusho, 1 x Chusho, 1 x Chusho, 1 x Chusho, 1 x Chusho, 1 x Chusho, 1 x Chusho, 1 x Chusho, 1 x Chusho, 1 x Chusho, 1 x Chusho, 1 x Chusho, 1 x Super RX-T, 1 x Super RX-T, 1 x Super RX-T, 1 x Super RX-T, 1 x Super RX-T, 1 x Super RX-T, 1 x Super RX-T, 1 x Super RX-T, 1 x Super RX-T, 1 x Super RX-T, 1 x Super RX-T, 1 x Super RX-T, 1 x Super RX-T, 1 x Super RX-T for -1 MtxCurrency",1500,1500,0,0.0,0,2026-09-23T00:00:00Z,2026-09-29T23:59:59.999Z,1,0,-2,TakumiRxT,Takumi Rx-T,193,tileGrid,Size_3_x_1,,1,Takumi RX-T,6,car,CarSkin_TakumiiiInkstroke,Inked,skin,uncommon,,,,,2026-09-03T15:24:18Z
2026-09-23,v2:/33d9f813377e5d7f24cd392544ef8c1ec1609cde8f02a571375aafba487be0c3,"[VIRTUAL]1 x Takumi RX-T, 1 x Takumi RX-T, 1 x Takumi RX-T, 1 x Takumi RX-T, 1 x Takumi RX-T, 1 x Takumi RX-T, 1 x Takumi RX-T, 1 x Takumi RX-T, 1 x Takumi RX-T, 1 x Takumi RX-T, 1 x Takumi RX-T, 1 x Takumi RX-T, 1 x Takumi RX-T, 1 x Blackwork, 1 x Party-Chan, 1 x Inked, 1 x Rockat, 1 x Skullface, 1 x Stripes, 1 x Chusho, 1 x Chusho, 1 x Chusho, 1 x Chusho, 1 x Chusho, 1 x Chusho, 1 x Chusho, 1 x Chusho, 1 x Chusho, 1 x Chusho, 1 x Chusho, 1 x Chusho, 1 x Chusho, 1 x Chusho, 1 x Super RX-T, 1 x Super RX-T, 1 x Super RX-T, 1 x Super RX-T, 1 x Super RX-T, 1 x Super RX-T, 1 x Super RX-T, 1 x Super RX-T, 1 x Super RX-T, 1 x Super RX-T, 1 x Super RX-T, 1 x Super RX-T, 1 x Super RX-T, 1 x Super RX-T for -1 MtxCurrency",1500,1500,0,0.0,0,2026-09-23T00:00:00Z,2026-09-29T23:59:59.999Z,1,0,-2,TakumiRxT,Takumi Rx-T,193,tileGrid,Size_3_x_1,,1,Takumi RX-T,6,car,CarSkin_TakumiiiRockat,Rockat,skin,uncommon,,,,,2026-09-03T15:24:18Z
2026-09-23,v2:/33d9f813377e5d7f24cd392544ef8c1ec1609cde8f02a571375aafba487be0c3,"[VIRTUAL]1 x Takumi RX-T, 1 x Takumi RX-T, 1 x Takumi RX-T, 1 x Takumi RX-T, 1 x Takumi RX-T, 1 x Takumi RX-T, 1 x Takumi RX-T, 1 x Takumi RX-T, 1 x Takumi RX-T, 1 x Takumi RX-T, 1 x Takumi RX-T, 1 x Takumi RX-T, 1 x Takumi RX-T, 1 x Blackwork, 1 x Party-Chan, 1 x Inked, 1 x Rockat, 1 x Skullface, 1 x Stripes, 1 x Chusho, 1 x Chusho, 1 x Chusho, 1 x Chusho, 1 x Chusho, 1 x Chusho, 1 x Chusho, 1 x Chusho, 1 x Chusho, 1 x Chusho, 1 x Chusho, 1 x Chusho, 1 x Chusho, 1 x Chusho, 1 x Super RX-T, 1 x Super RX-T, 1 x Super RX-T, 1 x Super RX-T, 1 x Super RX-T, 1 x Super RX-T, 1 x Super RX-T, 1 x Super RX-T, 1 x Super RX-T, 1 x Super RX-T, 1 x Super RX-T, 1 x Super RX-T, 1 x Super RX-T, 1 x Super RX-T for -1 MtxCurrency",1500,1500,0,0.0,0,2026-09-23T00:00:00Z,2026-09-29T23:59:59.999Z,1,0,-2,TakumiRxT,Takumi Rx-T,193,tileGrid,Size_3_x_1,,1,Takumi RX-T,6,car,CarSkin_TakumiiiSkullface,Skullface,skin,uncommon,,,,,2026-09-03T15:24:18Z
2026-09-23,v2:/33d9f813377e5d7f24cd392544ef8c1ec1609cde8f02a571375aafba487be0c3,"[VIRTUAL]1 x Takumi RX-T, 1 x Takumi RX-T, 1 x Takumi RX-T, 1 x Takumi RX-T, 1 x Takumi RX-T, 1 x Takumi RX-T, 1 x Takumi RX-T, 1 x Takumi RX-T, 1 x Takumi RX-T, 1 x Takumi RX-T, 1 x Takumi RX-T, 1 x Takumi RX-T, 1 x Takumi RX-T, 1 x Blackwork, 1 x Party-Chan, 1 x Inked, 1 x Rockat, 1 x Skullface, 1 x Stripes, 1 x Chusho, 1 x Chusho, 1 x Chusho, 1 x Chusho, 1 x Chusho, 1 x Chusho, 1 x Chusho, 1 x Chusho, 1 x Chusho, 1 x Chusho, 1 x Chusho, 1 x Chusho, 1 x Chusho, 1 x Chusho, 1 x Super RX-T, 1 x Super RX-T, 1 x Super RX-T, 1 x Super RX-T, 1 x Super RX-T, 1 x Super RX-T, 1 x Super RX-T, 1 x Super RX-T, 1 x Super RX-T, 1 x Super RX-T, 1 x Super RX-T, 1 x Super RX-T, 1 x Super RX-T, 1 x Super RX-T for -1 MtxCurrency",1500,1500,0,0.0,0,2026-09-23T00:00:00Z,2026-09-29T23:59:59.999Z,1,0,-2,TakumiRxT,Takumi Rx-T,193,tileGrid,Size_3_x_1,,1,Takumi RX-T,6,car,CarSkin_TakumiiiStripes,Stripes,skin,uncommon,,,,,2026-09-03T15:24:18Z
2026-09-23,v2:/8e9f7448a24de3d12810bdd1a066487f9fe244a441531fdb1b761becb994896e,[VIRTUAL]1 x Dirty Little Secret for 500 MtxCurrency,500,500,0,0.0,0,2026-09-01T00:00:00Z,2026-09-30T23:59:59.999Z,1,0,-18,JT091826,Jam Tracks,180,expandableList,Size_1_x_1,,0,,1,track,sid_placeholder_82,Dirty Little Secret,,,,,,,2023-12-12T00:00:00Z
2026-09-23,v2:/0a50fea3bc14e981a8b40f6d8f46b838cf6a2303031e4ecff4d57cef98d41acc,[VIRTUAL]1 x Recoil Reactor for 500 MtxCurrency,500,500,0,0.0,0,2026-09-21T00:00:00Z,2026-09-25T23:59:59.999Z,1,0,-4,CyberFNCS1,FNCS,197,tileGrid,Size_1_x_1,,0,,1,br,Wrap_Comp26,Recoil Reactor,wrap,rare,,FNCS,4,4,2023-10-04T14:40:29Z
2026-09-23,v2:/76b9756490dc4f96492954cbf1de30406aefd7ebe50bd14fa81b92151e346725,[VIRTUAL]1 x Walk Em Down for 500 MtxCurrency,500,500,0,0.0,0,2026-09-01T00:00:00Z,2026-09-30T23:59:59.999Z,1,0,-56,JT091826,Jam Tracks,180,expandableList,Size_1_x_1,,0,,1,track,sid_placeholder_269,Walk Em Down,,,,,,,2024-07-18T13:57:48Z
2026-09-23,v2:/6f570937c9b5a7af0bb38326e01e36736f3106e3c2625ce713048551269148a8,"[VIRTUAL]1 x Hero Baymax, 1 x Megabot, 1 x Microbot Mallet, 1 x Baymax Wings, 1 x Baymax Booster, 1 x Fist Bump, 1 x Hero Baymax, 1 x Samurai Baymax for -1 MtxCurrency",4000,2400,1600,0.4,1,2026-09-20T00:00:00Z,2026-09-23T23:59:59.999Z,1,0,-1,badguys,Disney,195,tileGrid,Size_2_x_1,,1,Hero Baymax Bundle,8,br,Character_OysterKnock,Hero Baymax,outfit,epic,,Big Hero 6,6,1,2024-12-01T03:58:22Z
2026-09-23,v2:/6f570937c9b5a7af0bb38326e01e36736f3106e3c2625ce713048551269148a8,"[VIRTUAL]1 x Hero Baymax, 1 x Megabot, 1 x Microbot Mallet, 1 x Baymax Wings, 1 x Baymax Booster, 1 x Fist Bump, 1 x Hero Baymax, 1 x Samurai Baymax for -1 MtxCurrency",4000,2400,1600,0.4,1,2026-09-20T00:00:00Z,2026-09-23T23:59:59.999Z,1,0,-1,badguys,Disney,195,tileGrid,Size_2_x_1,,1,Hero Baymax Bundle,8,br,Backpack_OysterKnock,Megabot,backpack,rare,,Big Hero 6,6,1,2024-12-01T03:58:22Z
2026-09-23,v2:/6f570937c9b5a7af0bb38326e01e36736f3106e3c2625ce713048551269148a8,"[VIRTUAL]1 x Hero Baymax, 1 x Megabot, 1 x Microbot Mallet, 1 x Baymax Wings, 1 x Baymax Booster, 1 x Fist Bump, 1 x Hero Baymax, 1 x Samurai Baymax for -1 MtxCurrency",4000,2400,1600,0.4,1,2026-09-20T00:00:00Z,2026-09-23T23:59:59.999Z,1,0,-1,badguys,Disney,195,tileGrid,Size_2_x_1,,1,Hero Baymax Bundle,8,br,Pickaxe_OysterKnock,Microbot Mallet,pickaxe,rare,,Big Hero 6,6,1,2024-12-01T03:58:22Z
2026-09-23,v2:/6f570937c9b5a7af0bb38326e01e36736f3106e3c2625ce713048551269148a8,"[VIRTUAL]1 x Hero Baymax, 1 x Megabot, 1 x Microbot Mallet, 1 x Baymax Wings, 1 x Baymax Booster, 1 x Fist Bump, 1 x Hero Baymax, 1 x Samurai Baymax for -1 MtxCurrency",4000,2400,1600,0.4,1,2026-09-20T00:00:00Z,2026-09-23T23:59:59.999Z,1,0,-1,badguys,Disney,195,tileGrid,Size_2_x_1,,1,Hero Baymax Bundle,8,br,Glider_OysterKnock,Baymax Wings,glider,legendary,,Big Hero 6,6,1,2024-12-01T03:58:22Z
2026-09-23,v2:/6f570937c9b5a7af0bb38326e01e36736f3106e3c2625ce713048551269148a8,"[VIRTUAL]1 x Hero Baymax, 1 x Megabot, 1 x Microbot Mallet, 1 x Baymax Wings, 1 x Baymax Booster, 1 x Fist Bump, 1 x Hero Baymax, 1 x Samurai Baymax for -1 MtxCurrency",4000,2400,1600,0.4,1,2026-09-20T00:00:00Z,2026-09-23T23:59:59.999Z,1,0,-1,badguys,Disney,195,tileGrid,Size_2_x_1,,1,Hero Baymax Bundle,8,br,Contrail_OysterKnock,Baymax Booster,contrail,uncommon,,Big Hero 6,6,1,2024-12-01T03:58:22Z
2026-09-23,v2:/6f570937c9b5a7af0bb38326e01e36736f3106e3c2625ce713048551269148a8,"[VIRTUAL]1 x Hero Baymax, 1 x Megabot, 1 x Microbot Mallet, 1 x Baymax Wings, 1 x Baymax Booster, 1 x Fist Bump, 1 x Hero Baymax, 1 x Samurai Baymax for -1 MtxCurrency",4000,2400,1600,0.4,1,2026-09-20T00:00:00Z,2026-09-23T23:59:59.999Z,1,0,-1,badguys,Disney,195,tileGrid,Size_2_x_1,,1,Hero Baymax Bundle,8,br,EID_OysterKnock,Fist Bump,emote,uncommon,,Big Hero 6,6,1,2024-12-01T03:58:22Z
2026-09-23,v2:/6f570937c9b5a7af0bb38326e01e36736f3106e3c2625ce713048551269148a8,"[VIRTUAL]1 x Hero Baymax, 1 x Megabot, 1 x Microbot Mallet, 1 x Baymax Wings, 1 x Baymax Booster, 1 x Fist Bump, 1 x Hero Baymax, 1 x Samurai Baymax for -1 MtxCurrency",4000,2400,1600,0.4,1,2026-09-20T00:00:00Z,2026-09-23T23:59:59.999Z,1,0,-1,badguys,Disney,195,tileGrid,Size_2_x_1,,1,Hero Baymax Bundle,8,br,LoadingScreen_OysterKnock,Hero Baymax,loadingscreen,uncommon,,Big Hero 6,6,1,2024-12-01T03:58:22Z
2026-09-23,v2:/6f570937c9b5a7af0bb38326e01e36736f3106e3c2625ce713048551269148a8,"[VIRTUAL]1 x Hero Baymax, 1 x Megabot, 1 x Microbot Mallet, 1 x Baymax Wings, 1 x Baymax Booster, 1 x Fist Bump, 1 x Hero Baymax, 1 x Samurai Baymax for -1 MtxCurrency",4000,2400,1600,0.4,1,2026-09-20T00:00:00Z,2026-09-23T23:59:59.999Z,1,0,-1,badguys,Disney,195,tileGrid,Size_2_x_1,,1,Hero Baymax Bundle,8,br,LoadingScreen_OysterKnock_Cotton,Samurai Baymax,loadingscreen,uncommon,,Big Hero 6,6,1,2024-12-01T03:58:22Z
2026-09-23,v2:/c3a381ef55f3771645e773bc896d0b508d12345d6bc058b2055d8e199ab2b8ed,"[VIRTUAL]1 x Packet, 1 x Identity Disc, 1 x Identity Disc for -1 MtxCurrency",1500,1500,0,0.0,0,2026-09-22T00:00:00Z,2026-09-25T23:59:59.999Z,1,0,-4,badguys,Disney,195,tileGrid,Size_1_x_1,Equip the <highlight>IDENTITY DISC</> as a <highlight>BACK BLING</> or <highlight>PICKAXE</>!,1,Packet,3,br,CID_A_016_Athena_Commando_M_Mainframe_E_KPZJL,Packet,outfit,rare,,End of Line,2,5,2021-02-12T00:00:00Z
2026-09-23,v2:/c3a381ef55f3771645e773bc896d0b508d12345d6bc058b2055d8e199ab2b8ed,"[VIRTUAL]1 x Packet, 1 x Identity Disc, 1 x Identity Disc for -1 MtxCurrency",1500,1500,0,0.0,0,2026-09-22T00:00:00Z,2026-09-25T23:59:59.999Z,1,0,-4,badguys,Disney,195,tileGrid,Size_1_x_1,Equip the <highlight>IDENTITY DISC</> as a <highlight>BACK BLING</> or <highlight>PICKAXE</>!,1,Packet,3,br,BID_699_MainframeMale_2W2M3,Identity Disc,backpack,rare,,End of Line,2,5,2021-02-12T00:00:00Z
2026-09-23,v2:/c3a381ef55f3771645e773bc896d0b508d12345d6bc058b2055d8e199ab2b8ed,"[VIRTUAL]1 x Packet, 1 x Identity Disc, 1 x Identity Disc for -1 MtxCurrency",1500,1500,0,0.0,0,2026-09-22T00:00:00Z,2026-09-25T23:59:59.999Z,1,0,-4,badguys,Disney,195,tileGrid,Size_1_x_1,Equip the <highlight>IDENTITY DISC</> as a <highlight>BACK BLING</> or <highlight>PICKAXE</>!,1,Packet,3,br,Pickaxe_ID_546_MainframeMale_XW9S6,Identity Disc,pickaxe,rare,,End of Line,2,5,2021-02-12T00:00:00Z
2026-09-23,v2:/7aa36f5965d06b6321c827775aef700752b01cf9083da1785f9799fe9fdbef76,[VIRTUAL]1 x Sweet Child O' Mine for 500 MtxCurrency,500,500,0,0.0,0,2026-09-01T00:00:00Z,2026-09-30T23:59:59.999Z,1,0,-52,JT091826,Jam Tracks,180,expandableList,Size_1_x_1,,0,,1,track,sid_placeholder_271,Sweet Child O' Mine,,,,,,,2024-08-09T00:00:00Z
2026-09-23,v2:/7ef77db5960d6925ed8c41a6497eca3f9f80375ef718704a9cebcdcb231878c2,[VIRTUAL]1 x Keyblade Flourish for 300 MtxCurrency,300,300,0,0.0,0,2026-09-17T00:00:00Z,2026-10-01T23:59:59.999Z,1,0,-3,KingdomHearts,Kingdom Hearts ,196,tileGrid,Size_1_x_1,,0,,1,br,EID_SpireTend,Keyblade Flourish,emote,gaminglegends,Gaming Legends Series,Kingdom Hearts,7,4,2026-09-17T08:00:00Z
2026-09-23,v2:/f44ddc1c16ae8a14ce4862f6d16dc6b65931f7f7545c9e49cdb9927afbc8e126,[VIRTUAL]1 x Wishing Well for 500 MtxCurrency,500,500,0,0.0,0,2026-09-18T00:00:00Z,2026-09-24T23:59:59.999Z,1,0,-4,JT091826,Jam Tracks,180,tileGrid,Size_1_x_1,,0,,1,track,sid_placeholder_427,Wishing Well,,,,,,,2024-11-21T14:39:11Z
2026-09-23,v2:/b40dad4db221748795b3feed743b8883ba89ad6380a7b233bd827d64aec7889e,[VIRTUAL]1 x Apocalyptic Slips for 800 MtxCurrency,800,800,0,0.0,0,2026-09-21T00:00:00Z,2026-09-27T23:59:59.999Z,1,0,-4,FND092326,Front Page,188,tileGrid,Size_1_x_1,,0,,1,br,Shoes_PhantomStride,Apocalyptic Slips,shoe,uncommon,,Dawning Apocalypse,7,4,2026-09-17T16:17:14Z
2026-09-23,v2:/2afd445b59306cb7233c85f89f601b5f611c05e72846a5e2adef65f601713cad,[VIRTUAL]1 x Pac-Man for 1500 MtxCurrency,1500,1500,0,0.0,0,2026-09-19T00:00:00Z,2026-09-25T23:59:59.999Z,1,0,-1,PacMan,PAC-MAN,183,tileGrid,Size_2_x_1,,0,,1,br,Companion_AvenuePole,PAC-MAN,sidekick,gaminglegends,Gaming Legends Series,PAC-MAN,7,4,2026-09-18T13:01:02Z
2026-09-23,v2:/cf44eb6c4ed422bf7f1a6c04a668e5727b2af77f360eae07af51c6d98308adfe,[VIRTUAL]1 x Paradise City for 500 MtxCurrency,500,500,0,0.0,0,2026-09-01T00:00:00Z,2026-09-30T23:59:59.999Z,1,0,-98,JT091826,Jam Tracks,180,expandableList,Size_1_x_1,,0,,1,track,sid_placeholder_270,Paradise City,,,,,,,2024-08-09T00:00:00Z
2026-09-23,v2:/6c3b8bc89f981d43c5510f24af5b4bff4c666fc8cf65a7033eea195f5a8464a1,"[VIRTUAL]1 x Ark, 1 x Ark Wings for -1 MtxCurrency",2000,2000,0,0.0,0,2026-09-23T00:00:00Z,2026-09-23T23:59:59.999Z,1,0,-2,BR092326,Fit Check,185,tileGrid,Size_1_x_1,,0,,2,br,CID_300_Athena_Commando_F_Angel,Ark,outfit,legendary,,Eternal Struggle,1,7,2019-11-20T12:48:07Z
2026-09-23,v2:/6c3b8bc89f981d43c5510f24af5b4bff4c666fc8cf65a7033eea195f5a8464a1,"[VIRTUAL]1 x Ark, 1 x Ark Wings for -1 MtxCurrency",2000,2000,0,0.0,0,2026-09-23T00:00:00Z,2026-09-23T23:59:59.999Z,1,0,-2,BR092326,Fit Check,185,tileGrid,Size_1_x_1,,0,,2,br,BID_178_Angel,Ark Wings,backpack,legendary,,Eternal Struggle,1,7,2019-11-20T12:50:37Z
2026-09-23,v2:/afb5691ad324a2cdd81ea7e3df904c52c23b97939bb53fd377762923673ac93c,[VIRTUAL]1 x TBD (SID_Placeholder_488) for 500 MtxCurrency,500,500,0,0.0,0,2026-09-01T00:00:00Z,2026-09-30T23:59:59.999Z,1,0,-30,JT091826,Jam Tracks,180,expandableList,Size_1_x_1,,0,,1,track,sid_placeholder_488,No Scrubs,,,,,,,2025-01-23T15:05:07Z
2026-09-23,v2:/be33ee70f2ba40ff250b0df596221dc9ba4508fb9ddb75cea375ea3be4b28dec,[VIRTUAL]1 x Storm Racer for 1200 MtxCurrency,1200,1200,0,0.0,0,2026-09-23T00:00:00Z,2026-09-23T23:59:59.999Z,1,0,-4,BR092326,Fit Check,185,tileGrid,Size_1_x_1,,0,,1,br,CID_829_Athena_Commando_M_Valet,Storm Racer,outfit,rare,,Road Crew,2,4,2020-10-13T08:10:37Z
2026-09-23,v2:/15e379f6704c5d30c5b5fcd9f2c9b0c5a742d72088e631f391bc3bd33b4942f4,[VIRTUAL]1 x Holo-pack for 400 MtxCurrency,400,400,0,0.0,0,2026-09-22T00:00:00Z,2026-09-28T23:59:59.999Z,1,0,-3,,,,,Size_1_x_1,,0,,1,br,BID_279_CyberRunner,Holo-pack,backpack,epic,,Synapse,1,9,2019-11-20T12:50:34Z
2026-09-23,v2:/b59313c3047d45d8294955504f7837d4c3c597c670756c2f8cf05a1b1e5d102f,[VIRTUAL]1 x Victory Trophy for 300 MtxCurrency,300,300,0,0.0,0,2026-09-21T00:00:00Z,2026-09-25T23:59:59.999Z,1,0,-2,CyberFNCS1,FNCS,197,tileGrid,Size_1_x_1,,0,,1,br,EID_Victorious,Victory Trophy,emote,uncommon,,FNCS,4,4,2023-10-04T14:40:29Z
2026-09-23,v2:/d696a260d6b29c049785a1397be210c72049ba3efbb0346e9fb3981749da836b,[VIRTUAL]1 x TBD (SID_Placeholder_495) for 500 MtxCurrency,500,500,0,0.0,0,2026-09-01T00:00:00Z,2026-09-30T23:59:59.999Z,1,0,-22,JT091826,Jam Tracks,180,expandableList,Size_1_x_1,,0,,1,track,sid_placeholder_495,Bling-Bang-Bang-Born,,,,,,,2025-02-13T17:10:43Z
2026-09-23,v2:/065a6447c7773b5d937b71c810eb4edceb27fb2513a7b94fddf55a05d413c6e3,"[VIRTUAL]1 x Firewall, 1 x Identity Disc, 1 x Identity Disc for -1 MtxCurrency",1500,1500,0,0.0,0,2026-09-22T00:00:00Z,2026-09-25T23:59:59.999Z,1,0,-1,badguys,Disney,195,tileGrid,Size_1_x_1,Equip the <highlight>IDENTITY DISC</> as a <highlight>BACK BLING</> or <highlight>PICKAXE</>!,1,Firewall,3,br,CID_A_013_Athena_Commando_M_Mainframe_B_70Z5M,Firewall,outfit,rare,,End of Line,2,5,2021-02-12T00:00:00Z
2026-09-23,v2:/065a6447c7773b5d937b71c810eb4edceb27fb2513a7b94fddf55a05d413c6e3,"[VIRTUAL]1 x Firewall, 1 x Identity Disc, 1 x Identity Disc for -1 MtxCurrency",1500,1500,0,0.0,0,2026-09-22T00:00:00Z,2026-09-25T23:59:59.999Z,1,0,-1,badguys,Disney,195,tileGrid,Size_1_x_1,Equip the <highlight>IDENTITY DISC</> as a <highlight>BACK BLING</> or <highlight>PICKAXE</>!,1,Firewall,3,br,BID_699_MainframeMale_2W2M3,Identity Disc,backpack,rare,,End of Line,2,5,2021-02-12T00:00:00Z
2026-09-23,v2:/065a6447c7773b5d937b71c810eb4edceb27fb2513a7b94fddf55a05d413c6e3,"[VIRTUAL]1 x Firewall, 1 x Identity Disc, 1 x Identity Disc for -1 MtxCurrency",1500,1500,0,0.0,0,2026-09-22T00:00:00Z,2026-09-25T23:59:59.999Z,1,0,-1,badguys,Disney,195,tileGrid,Size_1_x_1,Equip the <highlight>IDENTITY DISC</> as a <highlight>BACK BLING</> or <highlight>PICKAXE</>!,1,Firewall,3,br,Pickaxe_ID_546_MainframeMale_XW9S6,Identity Disc,pickaxe,rare,,End of Line,2,5,2021-02-12T00:00:00Z
2026-09-23,v2:/b3d9bc2387c0e15bb50f9e0e9f3c3e2ec96ec2b8a7e29e4a854981d734cf8a98,[VIRTUAL]1 x Watchful Wabbit for 300 MtxCurrency,300,300,0,0.0,0,2026-09-22T00:00:00Z,2026-09-24T23:59:59.999Z,1,0,-1,,,,,Size_2_x_1,,0,,1,br,BID_728_SailorSquadLeader,Watchful Wabbit,backpack,rare,,//R.E.M.Wakers//,2,6,2021-03-30T09:14:15Z
2026-09-23,v2:/8408b5047e3d6ecc666da894ea4f110baa4a2b43d8ad56f26040a925542d89f9,[VIRTUAL]1 x Red Spider Lily for 300 MtxCurrency,300,300,0,0.0,0,2026-09-21T00:00:00Z,2026-09-24T23:59:59.999Z,1,0,-3,Honkai,Honkai Star Rail,184,tileGrid,Size_1_x_1,,0,,1,br,Backpack_ChoiceCrave,Red Spider Lily,backpack,gaminglegends,Gaming Legends Series,Honkai: Star Rail,7,1,2026-02-27T00:00:00Z
2026-09-23,v2:/9413cf589b6c3a595249f08f662b1bad5cbc2a0ac6aefb8f1acae31653b4cb03,[VIRTUAL]1 x Edgerunner Glitch for 500 MtxCurrency,500,500,0,0.0,0,2026-09-20T00:00:00Z,2026-09-26T23:59:59.999Z,1,0,-1,Cyberpunk2077,Cyberpunk,190,tileGrid,Size_1_x_1,,0,,1,br,Wrap_FaithPerch,Edgerunner Glitch,wrap,rare,,Cyberpunk Edgerunners,7,4,2026-09-19T14:48:41Z
2026-09-23,v2:/c2eec06ee67d68805492bd349e2f8d3d17a9871ee52f4325c8fc0d72a62f4811,[VIRTUAL]1 x Sexy And I Know It for 500 MtxCurrency,500,500,0,0.0,0,2026-09-01T00:00:00Z,2026-09-30T23:59:59.999Z,1,0,-97,JT091826,Jam Tracks,180,expandableList,Size_1_x_1,,0,,1,track,sid_placeholder_260,Sexy And I Know It,,,,,,,2024-07-03T14:17:57Z
2026-09-23,v2:/6b30124bff5916b28961492291ea6d33f8e6c6d8687e573a2c3498262dc5dbdc,[VIRTUAL]1 x TBD (SID_Placeholder_734) for 500 MtxCurrency,500,500,0,0.0,0,2026-09-18T00:00:00Z,2026-09-24T23:59:59.999Z,1,0,-4,JT091826,Jam Tracks,180,tileGrid,Size_1_x_1,,0,,1,track,sid_placeholder_734,Be Sweet,,,,,,,2026-01-27T23:45:36Z
2026-09-23,v2:/bededfd2d02a53fb71bce1f25d811a8e2509b93de14437fa043545ee0a7bf817,[VIRTUAL]1 x TBD (SID_Placeholder_490) for 500 MtxCurrency,500,500,0,0.0,0,2026-09-01T00:00:00Z,2026-09-30T23:59:59.999Z,1,0,-61,JT091826,Jam Tracks,180,expandableList,Size_1_x_1,,0,,1,track,sid_placeholder_490,Party Like A Rock Star,,,,,,,2025-01-30T16:27:14Z
2026-09-23,v2:/515391125b33363964cde0183f581f24f5147622b5e038c2157423a2e03e129b,[VIRTUAL]1 x The Unforgiven for 500 MtxCurrency,500,500,0,0.0,0,2026-09-01T00:00:00Z,2026-09-30T23:59:59.999Z,1,0,-85,JT091826,Jam Tracks,180,expandableList,Size_1_x_1,,0,,1,track,sid_placeholder_228,The Unforgiven,,,,,,,2024-06-13T08:00:00Z
2026-09-23,v2:/d0ebbbb8c6eb0ddd9393379ce103bcdeb8ae773af3796b0b3061d9e96afdc068,[VIRTUAL]1 x Numb for 500 MtxCurrency,500,500,0,0.0,0,2026-09-18T00:00:00Z,2026-09-24T23:59:59.999Z,1,0,-3,JT091826,Jam Tracks,180,tileGrid,Size_1_x_1,,0,,1,track,sid_placeholder_18,Numb,,,,,,,2024-03-05T20:11:31Z
2026-09-23,v2:/b08de4ea58c6988f6d1db0d9f49ad0ab51cf276175b9a3b7736dd8ccf82c4fcc,[VIRTUAL]1 x Bubbly Basher for 800 MtxCurrency,800,800,0,0.0,0,2026-09-20T00:00:00Z,2026-09-26T23:59:59.999Z,1,0,-4,FND092326,Front Page,188,tileGrid,Size_1_x_1,,0,,1,br,Pickaxe_SleepyDuck,Bubbly Basher,pickaxe,rare,,"Good Night, Sweet Dreams",6,5,2025-10-02T12:10:53Z
2026-09-23,v2:/d690e7f8c0d5b3f5f4dee30a670b8ff50c8313024bb9af004c2d911c3e3e6129,"[VIRTUAL]1 x Upload, 1 x Identity Disc, 1 x Identity Disc for -1 MtxCurrency",1500,1500,0,0.0,0,2026-09-22T00:00:00Z,2026-09-25T23:59:59.999Z,1,0,-2,badguys,Disney,195,tileGrid,Size_1_x_1,Equip the <highlight>IDENTITY DISC</> as a <highlight>BACK BLING</> or <highlight>PICKAXE</>!,1,Upload,3,br,CID_A_019_Athena_Commando_F_Mainframe_C_U5RI4,Upload,outfit,rare,,End of Line,2,5,2021-02-12T00:00:00Z
2026-09-23,v2:/d690e7f8c0d5b3f5f4dee30a670b8ff50c8313024bb9af004c2d911c3e3e6129,"[VIRTUAL]1 x Upload, 1 x Identity Disc, 1 x Identity Disc for -1 MtxCurrency",1500,1500,0,0.0,0,2026-09-22T00:00:00Z,2026-09-25T23:59:59.999Z,1,0,-2,badguys,Disney,195,tileGrid,Size_1_x_1,Equip the <highlight>IDENTITY DISC</> as a <highlight>BACK BLING</> or <highlight>PICKAXE</>!,1,Upload,3,br,BID_699_MainframeMale_2W2M3,Identity Disc,backpack,rare,,End of Line,2,5,2021-02-12T00:00:00Z
2026-09-23,v2:/d690e7f8c0d5b3f5f4dee30a670b8ff50c8313024bb9af004c2d911c3e3e6129,"[VIRTUAL]1 x Upload, 1 x Identity Disc, 1 x Identity Disc for -1 MtxCurrency",1500,1500,0,0.0,0,2026-09-22T00:00:00Z,2026-09-25T23:59:59.999Z,1,0,-2,badguys,Disney,195,tileGrid,Size_1_x_1,Equip the <highlight>IDENTITY DISC</> as a <highlight>BACK BLING</> or <highlight>PICKAXE</>!,1,Upload,3,br,Pickaxe_ID_546_MainframeMale_XW9S6,Identity Disc,pickaxe,rare,,End of Line,2,5,2021-02-12T00:00:00Z
2026-09-23,v2:/d9f23cd3d8479982f89e75cf8aadb6bd34db434289521a98431cb1d370b303f1,[VIRTUAL]1 x Armed And Dangerous for 500 MtxCurrency,500,500,0,0.0,0,2026-09-01T00:00:00Z,2026-09-30T23:59:59.999Z,1,0,-35,JT091826,Jam Tracks,180,expandableList,Size_1_x_1,,0,,1,track,sid_placeholder_428,Armed And Dangerous,,,,,,,2024-11-21T14:39:11Z
2026-09-23,v2:/eba43f3147504821f206ac482065145306a529ddefe062702fa559338e7e161d,"[VIRTUAL]1 x Yuki, 1 x H4ck // P4ck for -1 MtxCurrency",1200,1200,0,0.0,0,2026-09-22T00:00:00Z,2026-09-24T23:59:59.999Z,1,0,-1,,,,,Size_2_x_1,,0,,2,br,CID_A_050_Athena_Commando_F_SailorSquadRose,Yuki,outfit,rare,,//R.E.M.Wakers//,2,6,2021-03-30T09:14:15Z
2026-09-23,v2:/eba43f3147504821f206ac482065145306a529ddefe062702fa559338e7e161d,"[VIRTUAL]1 x Yuki, 1 x H4ck // P4ck for -1 MtxCurrency",1200,1200,0,0.0,0,2026-09-22T00:00:00Z,2026-09-24T23:59:59.999Z,1,0,-1,,,,,Size_2_x_1,,0,,2,br,BID_730_SailorSquadRose,H4ck // P4ck,backpack,rare,,//R.E.M.Wakers//,2,6,2021-03-30T09:14:15Z
2026-09-23,v2:/72db2d38d41fc4191d92bb13db2200487a20b0f884434e807c7fba4fe9846442,[VIRTUAL]1 x Pompeii for 500 MtxCurrency,500,500,0,0.0,0,2026-09-01T00:00:00Z,2026-09-30T23:59:59.999Z,1,0,-15,JT091826,Jam Tracks,180,expandableList,Size_1_x_1,,0,,1,track,sid_placeholder_113,Pompeii,,,,,,,2024-01-16T20:57:57Z
2026-09-23,v2:/3146ea67b04803e7ba7250ce66f771cd4b545192e2c9863608b07db8f5bb1838,[VIRTUAL]1 x Maleficent's Raven for 400 MtxCurrency,400,400,0,0.0,0,2026-09-22T00:00:00Z,2026-09-25T23:59:59.999Z,1,0,-1,,,,,Size_1_x_1,,0,,1,br,Backpack_MistressSombre,Maleficent's Raven,backpack,rare,,Disney Villains,5,4,2024-10-19T00:00:00Z
2026-09-23,v2:/ba59a25a496d5d6e0256985ad0ab0e0ca36f738c3986b48279082717852bd823,[VIRTUAL]1 x Blank for 400 MtxCurrency,400,400,0,0.0,0,2026-09-17T00:00:00Z,2026-10-01T23:59:59.999Z,1,0,-2,,,,,Size_2_x_1,,0,,1,car,Wheel_OpticOrange01,Gummi Ship,wheel,uncommon,,,,,2026-09-17T08:00:00Z
2026-09-23,v2:/482c47a415e2c1268b84d091467a657b937b1ddcea5268c70be6f8e0ed4b813d,"[VIRTUAL]1 x Io, 1 x Identity Disc, 1 x Identity Disc for -1 MtxCurrency",1500,1500,0,0.0,0,2026-09-22T00:00:00Z,2026-09-25T23:59:59.999Z,1,0,-5,badguys,Disney,195,tileGrid,Size_1_x_1,Equip the <highlight>IDENTITY DISC</> as a <highlight>BACK BLING</> or <highlight>PICKAXE</>!,1,Io,3,br,CID_A_020_Athena_Commando_F_Mainframe_D_ZHVEM,Io,outfit,rare,,End of Line,2,5,2021-02-12T00:00:00Z
2026-09-23,v2:/482c47a415e2c1268b84d091467a657b937b1ddcea5268c70be6f8e0ed4b813d,"[VIRTUAL]1 x Io, 1 x Identity Disc, 1 x Identity Disc for -1 MtxCurrency",1500,1500,0,0.0,0,2026-09-22T00:00:00Z,2026-09-25T23:59:59.999Z,1,0,-5,badguys,Disney,195,tileGrid,Size_1_x_1,Equip the <highlight>IDENTITY DISC</> as a <highlight>BACK BLING</> or <highlight>PICKAXE</>!,1,Io,3,br,BID_699_MainframeMale_2W2M3,Identity Disc,backpack,rare,,End of Line,2,5,2021-02-12T00:00:00Z
2026-09-23,v2:/482c47a415e2c1268b84d091467a657b937b1ddcea5268c70be6f8e0ed4b813d,"[VIRTUAL]1 x Io, 1 x Identity Disc, 1 x Identity Disc for -1 MtxCurrency",1500,1500,0,0.0,0,2026-09-22T00:00:00Z,2026-09-25T23:59:59.999Z,1,0,-5,badguys,Disney,195,tileGrid,Size_1_x_1,Equip the <highlight>IDENTITY DISC</> as a <highlight>BACK BLING</> or <highlight>PICKAXE</>!,1,Io,3,br,Pickaxe_ID_546_MainframeMale_XW9S6,Identity Disc,pickaxe,rare,,End of Line,2,5,2021-02-12T00:00:00Z
2026-09-23,v2:/0f295815e53bb22d85b29ec70f2b377038fdecca103741bacf4eebc1b79eb4fd,[VIRTUAL]1 x Lil' Supercar for 500 MtxCurrency,500,500,0,0.0,0,2026-09-20T00:00:00Z,2026-09-23T23:59:59.999Z,1,0,-2,VV092226,Hype Squad,189,tileGrid,Size_1_x_1,,0,,1,br,EID_Hurtle,Lil' Supercar,emote,icon,Icon Series,,5,2,2024-04-26T00:00:00Z
2026-09-23,v2:/24211434bb96e5ea7851191e640719f66ef161f45525a82fda4900d9d31a9bd2,[VIRTUAL]1 x Skull of Keleritas for 400 MtxCurrency,400,400,0,0.0,0,2026-09-20T00:00:00Z,2026-09-23T23:59:59.999Z,1,0,-1,,,,,Size_3_x_1,,0,,1,br,BID_A_040_BariumFemale,Skull of Keleritas,backpack,epic,,Downhill Demon,4,1,2022-12-13T10:43:37Z
2026-09-23,v2:/f1919886beb07b514ce44663be8067a1c7f250dd28998fa8bb15485c29a66731,[VIRTUAL]1 x Sea-Salt Ice Cream for 400 MtxCurrency,400,400,0,0.0,0,2026-09-17T00:00:00Z,2026-10-01T23:59:59.999Z,1,0,-3,KingdomHearts,Kingdom Hearts ,196,tileGrid,Size_1_x_1,,0,,1,br,Backpack_SpireTendFlair,Sea-Salt Ice Cream,backpack,gaminglegends,Gaming Legends Series,Kingdom Hearts,7,4,2026-09-17T08:00:00Z
2026-09-23,v2:/cd0bdc59d907c966c1b94635011350e8a525c848cbe9debe1afaae3496e29fa9,[VIRTUAL]1 x Megabot for 400 MtxCurrency,400,400,0,0.0,0,2026-09-20T00:00:00Z,2026-09-23T23:59:59.999Z,1,0,-3,badguys,Disney,195,tileGrid,Size_1_x_1,,0,,1,br,Backpack_OysterKnock,Megabot,backpack,rare,,Big Hero 6,6,1,2024-12-01T03:58:22Z
2026-09-23,v2:/2c86449cf109734f382026e4706910da65712fcd74155be353f1120cf16897cc,"[VIRTUAL]1 x Riku, 1 x Soul Eater, 1 x Soul Eater for -1 MtxCurrency",1600,1600,0,0.0,0,2026-09-17T00:00:00Z,2026-10-01T23:59:59.999Z,1,0,-1,KingdomHearts,Kingdom Hearts ,196,tileGrid,Size_1_x_1,,0,,3,br,Character_VealCadet,Riku,outfit,gaminglegends,Gaming Legends Series,Kingdom Hearts,7,4,2026-09-17T08:00:00Z
2026-09-23,v2:/2c86449cf109734f382026e4706910da65712fcd74155be353f1120cf16897cc,"[VIRTUAL]1 x Riku, 1 x Soul Eater, 1 x Soul Eater for -1 MtxCurrency",1600,1600,0,0.0,0,2026-09-17T00:00:00Z,2026-10-01T23:59:59.999Z,1,0,-1,KingdomHearts,Kingdom Hearts ,196,tileGrid,Size_1_x_1,,0,,3,br,Pickaxe_VealCadet,Soul Eater,pickaxe,gaminglegends,Gaming Legends Series,Kingdom Hearts,7,4,2026-09-17T08:00:00Z
2026-09-23,v2:/2c86449cf109734f382026e4706910da65712fcd74155be353f1120cf16897cc,"[VIRTUAL]1 x Riku, 1 x Soul Eater, 1 x Soul Eater for -1 MtxCurrency",1600,1600,0,0.0,0,2026-09-17T00:00:00Z,2026-10-01T23:59:59.999Z,1,0,-1,KingdomHearts,Kingdom Hearts ,196,tileGrid,Size_1_x_1,,0,,3,br,Backpack_VealCadet,Soul Eater,backpack,gaminglegends,Gaming Legends Series,Kingdom Hearts,7,4,2026-09-17T08:00:00Z
2026-09-23,v2:/2477079e9fcbe407fcb45bbe8dd339d6bf0e2ec630d53d763df24f55a3b6205a,"[VIRTUAL]1 x Arpeggio, 1 x Arpeggio, 1 x Arpeggio for 800 MtxCurrency",800,800,0,0.0,0,2026-09-17T00:00:00Z,2026-10-01T23:59:59.999Z,1,0,-1,KingdomHearts,Kingdom Hearts ,196,tileGrid,Size_1_x_1,,0,,3,br,Backpack_FaunaPike_Guitar,Arpeggio,backpack,gaminglegends,Gaming Legends Series,Kingdom Hearts,7,4,2026-09-17T08:00:00Z
2026-09-23,v2:/2477079e9fcbe407fcb45bbe8dd339d6bf0e2ec630d53d763df24f55a3b6205a,"[VIRTUAL]1 x Arpeggio, 1 x Arpeggio, 1 x Arpeggio for 800 MtxCurrency",800,800,0,0.0,0,2026-09-17T00:00:00Z,2026-10-01T23:59:59.999Z,1,0,-1,KingdomHearts,Kingdom Hearts ,196,tileGrid,Size_1_x_1,,0,,3,br,Pickaxe_FaunaPike_Guitar,Arpeggio,pickaxe,gaminglegends,Gaming Legends Series,Kingdom Hearts,7,4,2026-09-17T08:00:00Z
2026-09-23,v2:/2477079e9fcbe407fcb45bbe8dd339d6bf0e2ec630d53d763df24f55a3b6205a,"[VIRTUAL]1 x Arpeggio, 1 x Arpeggio, 1 x Arpeggio for 800 MtxCurrency",800,800,0,0.0,0,2026-09-17T00:00:00Z,2026-10-01T23:59:59.999Z,1,0,-1,KingdomHearts,Kingdom Hearts ,196,tileGrid,Size_1_x_1,,0,,3,instrument,Sparks_FaunaPike_Guitar,Arpeggio,guitar,gaminglegends,Gaming Legends Series,,,,2026-09-17T08:00:00Z
2026-09-23,v2:/f803a447537d42bbc777ee2795c90411e6726c2c9c0562774366ed9561eb1b68,"[VIRTUAL]1 x Blank, 1 x Blank, 1 x Blank, 1 x Blank, 1 x Blank for -1 MtxCurrency",2000,2000,0,0.0,0,2026-09-17T00:00:00Z,2026-10-01T23:59:59.999Z,1,0,-2,KingdomHearts,Kingdom Hearts ,196,tileGrid,Size_2_x_1,,1,KINGDOM HEARTS Gummi Ship,5,car,CarBody_OpticOrange,Gummi Ship,body,common,,,,,2026-09-17T08:00:00Z
2026-09-23,v2:/f803a447537d42bbc777ee2795c90411e6726c2c9c0562774366ed9561eb1b68,"[VIRTUAL]1 x Blank, 1 x Blank, 1 x Blank, 1 x Blank, 1 x Blank for -1 MtxCurrency",2000,2000,0,0.0,0,2026-09-17T00:00:00Z,2026-10-01T23:59:59.999Z,1,0,-2,KingdomHearts,Kingdom Hearts ,196,tileGrid,Size_2_x_1,,1,KINGDOM HEARTS Gummi Ship,5,car,CarSkin_OpticOrange01,Classic,skin,uncommon,,,,,2026-09-17T08:00:00Z
2026-09-23,v2:/f803a447537d42bbc777ee2795c90411e6726c2c9c0562774366ed9561eb1b68,"[VIRTUAL]1 x Blank, 1 x Blank, 1 x Blank, 1 x Blank, 1 x Blank for -1 MtxCurrency",2000,2000,0,0.0,0,2026-09-17T00:00:00Z,2026-10-01T23:59:59.999Z,1,0,-2,KingdomHearts,Kingdom Hearts ,196,tileGrid,Size_2_x_1,,1,KINGDOM HEARTS Gummi Ship,5,car,CarSkin_OpticOrange02,Magic,skin,uncommon,,,,,2026-09-17T08:00:00Z
2026-09-23,v2:/f803a447537d42bbc777ee2795c90411e6726c2c9c0562774366ed9561eb1b68,"[VIRTUAL]1 x Blank, 1 x Blank, 1 x Blank, 1 x Blank, 1 x Blank for -1 MtxCurrency",2000,2000,0,0.0,0,2026-09-17T00:00:00Z,2026-10-01T23:59:59.999Z,1,0,-2,KingdomHearts,Kingdom Hearts ,196,tileGrid,Size_2_x_1,,1,KINGDOM HEARTS Gummi Ship,5,car,CarSkin_OpticOrange03,Heartless,skin,uncommon,,,,,2026-09-17T08:00:00Z
2026-09-23,v2:/f803a447537d42bbc777ee2795c90411e6726c2c9c0562774366ed9561eb1b68,"[VIRTUAL]1 x Blank, 1 x Blank, 1 x Blank, 1 x Blank, 1 x Blank for -1 MtxCurrency",2000,2000,0,0.0,0,2026-09-17T00:00:00Z,2026-10-01T23:59:59.999Z,1,0,-2,KingdomHearts,Kingdom Hearts ,196,tileGrid,Size_2_x_1,,1,KINGDOM HEARTS Gummi Ship,5,car,Wheel_OpticOrange01,Gummi Ship,wheel,uncommon,,,,,2026-09-17T08:00:00Z
2026-09-23,v2:/71c7a533bb839cefc04a39610f7d473b673473f5dc657bf8a41a290e828b3c41,[VIRTUAL]1 x Fist Bump for 300 MtxCurrency,300,300,0,0.0,0,2026-09-20T00:00:00Z,2026-09-23T23:59:59.999Z,1,0,-3,badguys,Disney,195,tileGrid,Size_1_x_1,,0,,1,br,EID_OysterKnock,Fist Bump,emote,uncommon,,Big Hero 6,6,1,2024-12-01T03:58:22Z
2026-09-23,v2:/1120338bb12c4bc99b4aa9bd787e47e8fa798940e3920aeade32b79b8cd7624f,[VIRTUAL]1 x Baymax Booster for 500 MtxCurrency,500,500,0,0.0,0,2026-09-20T00:00:00Z,2026-09-23T23:59:59.999Z,1,0,-4,badguys,Disney,195,tileGrid,Size_1_x_1,,0,,1,br,Contrail_OysterKnock,Baymax Booster,contrail,uncommon,,Big Hero 6,6,1,2024-12-01T03:58:22Z
2026-09-23,v2:/46fd9b93d32b15a0ed98cb45b96e625fe4d60c0343ea632c0f61b52a21a7140a,[VIRTUAL]1 x Teacup Chi-Pup for 1200 MtxCurrency,1200,1200,0,0.0,0,2026-09-22T00:00:00Z,2026-09-28T23:59:59.999Z,1,0,-3,BR092326,Fit Check,185,tileGrid,Size_1_x_1,This Sidekick includes quests that unlock new items upon completion!,0,,1,br,Companion_TeaPup,Teacup Chi-Pup,sidekick,uncommon,,Teacup Pup,6,6,2025-11-11T09:37:13Z
2026-09-23,v2:/494a321fb03f438edb50dd700c1650aee48721ae028d9b6a40a187f7c3f7c871,[VIRTUAL]1 x TBD (SID_Placeholder_786) for 500 MtxCurrency,500,500,0,0.0,0,2026-09-01T00:00:00Z,2026-09-30T23:59:59.999Z,1,0,-41,JT091826,Jam Tracks,180,expandableList,Size_1_x_1,,0,,1,track,sid_placeholder_786,NEVER ENOUGH,,,,,,,2026-04-28T14:30:14Z
2026-09-23,v2:/dddddd5059a7375ccaa65cf2fc68aa4bcd03517fe60af974fdaaf57d22d54171,[VIRTUAL]1 x Shard Sword for 800 MtxCurrency,800,800,0,0.0,0,2026-09-21T00:00:00Z,2026-09-24T23:59:59.999Z,1,0,-4,Honkai,Honkai Star Rail,184,tileGrid,Size_1_x_1,,0,,1,br,Pickaxe_ChoiceCrave,Shard Sword,pickaxe,gaminglegends,Gaming Legends Series,Honkai: Star Rail,7,1,2026-02-27T00:00:00Z
2026-09-23,v2:/dd930a6e56afdb86b628272b66ccfe1835227185aec7aa862cf360ce741d3f5f,[VIRTUAL]1 x TBD (SID_Placeholder_858) for 500 MtxCurrency,500,500,0,0.0,0,2026-09-19T00:00:00Z,2026-10-02T23:59:59.999Z,1,0,-4,IronMouse,Ironmouse,192,tileGrid,Size_1_x_1,,0,,1,track,sid_placeholder_858,Cry For Me (Wa Wa Wa),,,,,,,2026-09-16T14:46:03Z
2026-09-23,v2:/ec99f3b2ff07ee8843b17e3d96b2e7a41c51fb372ebdc93d862265136c431b09,[VIRTUAL]1 x Order Remnant for 800 MtxCurrency,800,800,0,0.0,0,2026-09-20T00:00:00Z,2026-09-26T23:59:59.999Z,1,0,-2,FND092326,Front Page,188,tileGrid,Size_1_x_1,,0,,1,br,CID_A_061_Athena_Commando_M_PaddedArmorOrder,Order Remnant,outfit,uncommon,,,3,4,2021-03-30T09:14:15Z
2026-09-23,v2:/c51f4171dba944d20a3f28f3bb65cfc95d299b382a5ddba30d295fc824c4a6dc,[VIRTUAL]1 x Microbot Mallet for 800 MtxCurrency,800,800,0,0.0,0,2026-09-20T00:00:00Z,2026-09-23T23:59:59.999Z,1,0,-1,badguys,Disney,195,tileGrid,Size_1_x_1,,0,,1,br,Pickaxe_OysterKnock,Microbot Mallet,pickaxe,rare,,Big Hero 6,6,1,2024-12-01T03:58:22Z
2026-09-23,v2:/106ea1db276fddb86dd8d969eeb06eb89b9860a827b3ea6982354dba55a83ee5,"[VIRTUAL]1 x Rapscallion, 1 x Burgle Bag, 1 x Bandit for -1 MtxCurrency",2000,1800,200,0.1,1,2026-09-22T00:00:00Z,2026-09-24T23:59:59.999Z,1,0,-1,BR092326,Fit Check,185,tileGrid,Size_2_x_1,,1,Bandit Bundle,3,br,CID_135_Athena_Commando_F_Jailbird,Rapscallion,outfit,epic,,Jailbird,1,4,2019-11-20T12:50:23Z
2026-09-23,v2:/106ea1db276fddb86dd8d969eeb06eb89b9860a827b3ea6982354dba55a83ee5,"[VIRTUAL]1 x Rapscallion, 1 x Burgle Bag, 1 x Bandit for -1 MtxCurrency",2000,1800,200,0.1,1,2026-09-22T00:00:00Z,2026-09-24T23:59:59.999Z,1,0,-1,BR092326,Fit Check,185,tileGrid,Size_2_x_1,,1,Bandit Bundle,3,br,BID_054_JailbirdFemale,Burgle Bag,backpack,epic,,Jailbird,1,4,2019-11-20T12:50:41Z
2026-09-23,v2:/106ea1db276fddb86dd8d969eeb06eb89b9860a827b3ea6982354dba55a83ee5,"[VIRTUAL]1 x Rapscallion, 1 x Burgle Bag, 1 x Bandit for -1 MtxCurrency",2000,1800,200,0.1,1,2026-09-22T00:00:00Z,2026-09-24T23:59:59.999Z,1,0,-1,BR092326,Fit Check,185,tileGrid,Size_2_x_1,,1,Bandit Bundle,3,track,sid_placeholder_217,Bandit,,,,,,,2024-05-30T13:49:50Z
2026-09-23,v2:/bce863907a0e9aff8bb5fc29cbad75831b20dffe1b568b17841b7486678d6a9d,[VIRTUAL]1 x Oxytocin for 500 MtxCurrency,500,500,0,0.0,0,2026-09-01T00:00:00Z,2026-09-30T23:59:59.999Z,1,0,-49,JT091826,Jam Tracks,180,expandableList,Size_1_x_1,,0,,1,track,sid_placeholder_174,Oxytocin,,,,,,,2024-04-23T08:25:19Z
2026-09-23,v2:/e9ffe7a082ad112d5bedc9065f4cb344fe59055581e1d5331346353b95d1107e,[VIRTUAL]1 x CHIHIRO for 500 MtxCurrency,500,500,0,0.0,0,2026-09-01T00:00:00Z,2026-09-30T23:59:59.999Z,1,0,-54,JT091826,Jam Tracks,180,expandableList,Size_1_x_1,,0,,1,track,sid_placeholder_218,CHIHIRO,,,,,,,2024-05-17T18:21:48Z
2026-09-23,v2:/78309b6691e841b0e59f3853976615c7fe7a8bbcee0ca14a4ecdeee2774b695e,[VIRTUAL]1 x Enter Sandman for 500 MtxCurrency,500,500,0,0.0,0,2026-09-18T00:00:00Z,2026-09-24T23:59:59.999Z,1,0,-2,JT091826,Jam Tracks,180,tileGrid,Size_1_x_1,,0,,1,track,sid_placeholder_230,Enter Sandman,,,,,,,2024-06-13T08:00:00Z
2026-09-23,v2:/527d97d4a7c0be06e8ad0d04d9a09ba9813372d31b317eccb20454a16343b9eb,[VIRTUAL]1 x TBD (SID_Placeholder_892) for 500 MtxCurrency,500,500,0,0.0,0,2026-09-20T00:00:00Z,2026-09-26T23:59:59.999Z,1,0,-3,Cyberpunk2077,Cyberpunk,190,tileGrid,Size_1_x_1,,0,,1,track,sid_placeholder_892,I Really Want To Stay At Your House,,,,,,,2026-09-18T14:22:09Z
2026-09-23,v2:/e5212d74e6ec9c88e41b62b04b10edc98bf207050d6a0caf66b7ef2d95a2eabf,"[VIRTUAL]1 x Farmer Steel, 1 x Heavy Harvester for -1 MtxCurrency",1200,1200,0,0.0,0,2026-09-21T00:00:00Z,2026-09-24T23:59:59.999Z,1,0,-4,BR092326,Fit Check,185,tileGrid,Size_1_x_1,,0,,2,br,CID_714_Athena_Commando_M_AnarchyAcresFarmer,Farmer Steel,outfit,rare,,Farm Stand,2,2,2020-03-03T09:32:28Z
2026-09-23,v2:/e5212d74e6ec9c88e41b62b04b10edc98bf207050d6a0caf66b7ef2d95a2eabf,"[VIRTUAL]1 x Farmer Steel, 1 x Heavy Harvester for -1 MtxCurrency",1200,1200,0,0.0,0,2026-09-21T00:00:00Z,2026-09-24T23:59:59.999Z,1,0,-4,BR092326,Fit Check,185,tileGrid,Size_1_x_1,,0,,2,br,BID_490_AnarchyAcresFarmer,Heavy Harvester,backpack,rare,,Farm Stand,2,2,2020-03-03T09:32:28Z
