shop_date,offer_id,dev_name,regular_price,final_price,discount_vbucks,discount_pct,is_discounted,in_date,out_date,giftable,refundable,sort_priority,layout_id,layout_name,layout_rank,layout_display_type,tile_size,offer_tag,is_bundle,bundle_name,items_in_offer,item_kind,item_id,item_name,item_type,item_rarity,item_series,item_set,item_intro_chapter,item_intro_season,item_added
2026-10-10,v2:/abead4c0541b80f4a71a8ce1a3f5bc61ea5f935c04f8f801b65d0da72b108677,[VIRTUAL]1 x TBD (SID_Placeholder_462) for 500 MtxCurrency,500,500,0,0.0,0,2026-10-09T00:00:00Z,2026-10-15T23:59:59.999Z,1,0,-1,JT100926NoV,Jam Tracks,180,tileGrid,Size_1_x_1,,0,,1,track,sid_placeholder_462,M@GICAL☆CURE! LOVE SHOT!,,,,,,,2025-01-14T09:32:50Z
2026-10-10,v2:/39b41ed836bb49b90b900f9ea4d50e57c675f6e15e648f3baff89a38ab2e8352,[VIRTUAL]1 x adidas Anthony Edwards 2 Low 'Acid Orange' for 1000 MtxCurrency,1000,1000,0,0.0,0,2026-10-05T00:00:00Z,2026-10-11T23:59:59.999Z,1,0,-3,BR101026,Loadout Goals ,181,tileGrid,Size_1_x_1,,0,,1,br,Shoes_CoinCoachLaw,adidas Anthony Edwards 2 Low 'Acid Orange',shoe,uncommon,,adidas Shoes,7,1,2026-01-10T00:21:38Z
2026-10-10,v2:/25672d94feefe857a6769a931258f100d5808a973a7130300d9fbff07ffe314a,"[VIRTUAL]1 x Bonnie's Blazin' Guitar, 1 x Bonnie's Blazin' Guitar, 1 x Bonnie's Blazin' Guitar for 800 MtxCurrency",800,800,0,0.0,0,2026-10-01T00:00:00Z,2026-10-31T23:59:59.999Z,1,0,-4,5Nights,Five Nights at Freddy's,196,tileGrid,Size_1_x_1,,0,,3,br,Backpack_TearErrand_Bass,Bonnie's Blazin' Guitar,backpack,rare,,Five Nights at Freddy's,7,4,2026-10-01T08:00:00Z
2026-10-10,v2:/25672d94feefe857a6769a931258f100d5808a973a7130300d9fbff07ffe314a,"[VIRTUAL]1 x Bonnie's Blazin' Guitar, 1 x Bonnie's Blazin' Guitar, 1 x Bonnie's Blazin' Guitar for 800 MtxCurrency",800,800,0,0.0,0,2026-10-01T00:00:00Z,2026-10-31T23:59:59.999Z,1,0,-4,5Nights,Five Nights at Freddy's,196,tileGrid,Size_1_x_1,,0,,3,br,Pickaxe_TearErrand_Bass,Bonnie's Blazin' Guitar,pickaxe,rare,,Five Nights at Freddy's,7,4,2026-10-01T08:00:00Z
2026-10-10,v2:/25672d94feefe857a6769a931258f100d5808a973a7130300d9fbff07ffe314a,"[VIRTUAL]1 x Bonnie's Blazin' Guitar, 1 x Bonnie's Blazin' Guitar, 1 x Bonnie's Blazin' Guitar for 800 MtxCurrency",800,800,0,0.0,0,2026-10-01T00:00:00Z,2026-10-31T23:59:59.999Z,1,0,-4,5Nights,Five Nights at Freddy's,196,tileGrid,Size_1_x_1,,0,,3,instrument,Sparks_TearErrand_Bass,Bonnie's Blazin' Guitar,bass,common,,,,,2026-10-01T08:00:00Z
2026-10-10,v2:/1c1c2b20325bee1c74224f571797af48476c4d225faddbf463ac5df6a9bbbda2,"[VIRTUAL]1 x EsDeeKid, 1 x Canine Claws, 1 x Grimhaul Bag, 1 x EsDeeKid's Canine, 1 x Mace Der, 1 x Mace Der, 1 x Mace Der, 1 x Scouse Stepper, 1 x Medieval Metal, 1 x TBD (SID_Placeholder_791), 1 x New Royalty for -1 MtxCurrency",5800,3400,2400,0.4138,1,2026-10-09T00:00:00Z,2026-10-12T23:59:59.999Z,1,0,-1,EsDeeKid,EsDeeKid,185,tileGrid,Size_1_x_1,,1,EsDeeKid Bundle,11,br,Character_StuffRasp,EsDeeKid,outfit,icon,Icon Series,EsDeeKid,7,2,2026-05-15T13:01:18Z
2026-10-10,v2:/1c1c2b20325bee1c74224f571797af48476c4d225faddbf463ac5df6a9bbbda2,"[VIRTUAL]1 x EsDeeKid, 1 x Canine Claws, 1 x Grimhaul Bag, 1 x EsDeeKid's Canine, 1 x Mace Der, 1 x Mace Der, 1 x Mace Der, 1 x Scouse Stepper, 1 x Medieval Metal, 1 x TBD (SID_Placeholder_791), 1 x New Royalty for -1 MtxCurrency",5800,3400,2400,0.4138,1,2026-10-09T00:00:00Z,2026-10-12T23:59:59.999Z,1,0,-1,EsDeeKid,EsDeeKid,185,tileGrid,Size_1_x_1,,1,EsDeeKid Bundle,11,br,Pickaxe_StuffRasp,Canine Claws,pickaxe,icon,Icon Series,EsDeeKid,7,2,2026-05-15T13:01:18Z
2026-10-10,v2:/1c1c2b20325bee1c74224f571797af48476c4d225faddbf463ac5df6a9bbbda2,"[VIRTUAL]1 x EsDeeKid, 1 x Canine Claws, 1 x Grimhaul Bag, 1 x EsDeeKid's Canine, 1 x Mace Der, 1 x Mace Der, 1 x Mace Der, 1 x Scouse Stepper, 1 x Medieval Metal, 1 x TBD (SID_Placeholder_791), 1 x New Royalty for -1 MtxCurrency",5800,3400,2400,0.4138,1,2026-10-09T00:00:00Z,2026-10-12T23:59:59.999Z,1,0,-1,EsDeeKid,EsDeeKid,185,tileGrid,Size_1_x_1,,1,EsDeeKid Bundle,11,br,Backpack_StuffRasp,Grimhaul Bag,backpack,icon,Icon Series,EsDeeKid,7,2,2026-05-15T13:01:18Z
2026-10-10,v2:/1c1c2b20325bee1c74224f571797af48476c4d225faddbf463ac5df6a9bbbda2,"[VIRTUAL]1 x EsDeeKid, 1 x Canine Claws, 1 x Grimhaul Bag, 1 x EsDeeKid's Canine, 1 x Mace Der, 1 x Mace Der, 1 x Mace Der, 1 x Scouse Stepper, 1 x Medieval Metal, 1 x TBD (SID_Placeholder_791), 1 x New Royalty for -1 MtxCurrency",5800,3400,2400,0.4138,1,2026-10-09T00:00:00Z,2026-10-12T23:59:59.999Z,1,0,-1,EsDeeKid,EsDeeKid,185,tileGrid,Size_1_x_1,,1,EsDeeKid Bundle,11,br,Companion_PolarBlind,EsDeeKid's Canine,sidekick,icon,Icon Series,EsDeeKid,7,2,2026-05-15T13:01:18Z
2026-10-10,v2:/1c1c2b20325bee1c74224f571797af48476c4d225faddbf463ac5df6a9bbbda2,"[VIRTUAL]1 x EsDeeKid, 1 x Canine Claws, 1 x Grimhaul Bag, 1 x EsDeeKid's Canine, 1 x Mace Der, 1 x Mace Der, 1 x Mace Der, 1 x Scouse Stepper, 1 x Medieval Metal, 1 x TBD (SID_Placeholder_791), 1 x New Royalty for -1 MtxCurrency",5800,3400,2400,0.4138,1,2026-10-09T00:00:00Z,2026-10-12T23:59:59.999Z,1,0,-1,EsDeeKid,EsDeeKid,185,tileGrid,Size_1_x_1,,1,EsDeeKid Bundle,11,br,Backpack_StuffRasp_Mic,Mace Der,backpack,icon,Icon Series,EsDeeKid,7,2,2026-05-15T13:01:18Z
2026-10-10,v2:/1c1c2b20325bee1c74224f571797af48476c4d225faddbf463ac5df6a9bbbda2,"[VIRTUAL]1 x EsDeeKid, 1 x Canine Claws, 1 x Grimhaul Bag, 1 x EsDeeKid's Canine, 1 x Mace Der, 1 x Mace Der, 1 x Mace Der, 1 x Scouse Stepper, 1 x Medieval Metal, 1 x TBD (SID_Placeholder_791), 1 x New Royalty for -1 MtxCurrency",5800,3400,2400,0.4138,1,2026-10-09T00:00:00Z,2026-10-12T23:59:59.999Z,1,0,-1,EsDeeKid,EsDeeKid,185,tileGrid,Size_1_x_1,,1,EsDeeKid Bundle,11,br,Pickaxe_StuffRasp_Mic,Mace Der,pickaxe,icon,Icon Series,EsDeeKid,7,2,2026-05-15T13:01:18Z
2026-10-10,v2:/1c1c2b20325bee1c74224f571797af48476c4d225faddbf463ac5df6a9bbbda2,"[VIRTUAL]1 x EsDeeKid, 1 x Canine Claws, 1 x Grimhaul Bag, 1 x EsDeeKid's Canine, 1 x Mace Der, 1 x Mace Der, 1 x Mace Der, 1 x Scouse Stepper, 1 x Medieval Metal, 1 x TBD (SID_Placeholder_791), 1 x New Royalty for -1 MtxCurrency",5800,3400,2400,0.4138,1,2026-10-09T00:00:00Z,2026-10-12T23:59:59.999Z,1,0,-1,EsDeeKid,EsDeeKid,185,tileGrid,Size_1_x_1,,1,EsDeeKid Bundle,11,br,EID_StuffRasp,Scouse Stepper,emote,icon,Icon Series,EsDeeKid,7,2,2026-05-15T13:01:18Z
2026-10-10,v2:/1c1c2b20325bee1c74224f571797af48476c4d225faddbf463ac5df6a9bbbda2,"[VIRTUAL]1 x EsDeeKid, 1 x Canine Claws, 1 x Grimhaul Bag, 1 x EsDeeKid's Canine, 1 x Mace Der, 1 x Mace Der, 1 x Mace Der, 1 x Scouse Stepper, 1 x Medieval Metal, 1 x TBD (SID_Placeholder_791), 1 x New Royalty for -1 MtxCurrency",5800,3400,2400,0.4138,1,2026-10-09T00:00:00Z,2026-10-12T23:59:59.999Z,1,0,-1,EsDeeKid,EsDeeKid,185,tileGrid,Size_1_x_1,,1,EsDeeKid Bundle,11,br,Wrap_StuffRasp,Medieval Metal,wrap,icon,Icon Series,EsDeeKid,7,2,2026-05-15T13:01:18Z
2026-10-10,v2:/1c1c2b20325bee1c74224f571797af48476c4d225faddbf463ac5df6a9bbbda2,"[VIRTUAL]1 x EsDeeKid, 1 x Canine Claws, 1 x Grimhaul Bag, 1 x EsDeeKid's Canine, 1 x Mace Der, 1 x Mace Der, 1 x Mace Der, 1 x Scouse Stepper, 1 x Medieval Metal, 1 x TBD (SID_Placeholder_791), 1 x New Royalty for -1 MtxCurrency",5800,3400,2400,0.4138,1,2026-10-09T00:00:00Z,2026-10-12T23:59:59.999Z,1,0,-1,EsDeeKid,EsDeeKid,185,tileGrid,Size_1_x_1,,1,EsDeeKid Bundle,11,br,LoadingScreen_StuffRaspKeyArt,New Royalty,loadingscreen,icon,Icon Series,EsDeeKid,7,2,2026-05-15T13:01:18Z
2026-10-10,v2:/1c1c2b20325bee1c74224f571797af48476c4d225faddbf463ac5df6a9bbbda2,"[VIRTUAL]1 x EsDeeKid, 1 x Canine Claws, 1 x Grimhaul Bag, 1 x EsDeeKid's Canine, 1 x Mace Der, 1 x Mace Der, 1 x Mace Der, 1 x Scouse Stepper, 1 x Medieval Metal, 1 x TBD (SID_Placeholder_791), 1 x New Royalty for -1 MtxCurrency",5800,3400,2400,0.4138,1,2026-10-09T00:00:00Z,2026-10-12T23:59:59.999Z,1,0,-1,EsDeeKid,EsDeeKid,185,tileGrid,Size_1_x_1,,1,EsDeeKid Bundle,11,track,sid_placeholder_791,4 Raws,,,,,,,2026-05-14T19:23:26Z
2026-10-10,v2:/1c1c2b20325bee1c74224f571797af48476c4d225faddbf463ac5df6a9bbbda2,"[VIRTUAL]1 x EsDeeKid, 1 x Canine Claws, 1 x Grimhaul Bag, 1 x EsDeeKid's Canine, 1 x Mace Der, 1 x Mace Der, 1 x Mace Der, 1 x Scouse Stepper, 1 x Medieval Metal, 1 x TBD (SID_Placeholder_791), 1 x New Royalty for -1 MtxCurrency",5800,3400,2400,0.4138,1,2026-10-09T00:00:00Z,2026-10-12T23:59:59.999Z,1,0,-1,EsDeeKid,EsDeeKid,185,tileGrid,Size_1_x_1,,1,EsDeeKid Bundle,11,instrument,Sparks_StuffRasp_Mic,Mace Der,mic,icon,Icon Series,,,,2026-05-15T13:01:18Z
2026-10-10,v2:/6820eb3ac2baccdf59e833508a92e4cb95ec9e400afbacd23260d749d71d4b84,[VIRTUAL]1 x Meow-Soles for 600 MtxCurrency,600,600,0,0.0,0,2026-10-05T00:00:00Z,2026-10-11T23:59:59.999Z,1,0,-3,BR101026,Loadout Goals ,181,tileGrid,Size_1_x_1,,0,,1,br,Shoes_ToeBean,Meow-Soles,shoe,uncommon,,,2,Remix,2024-11-25T22:05:25Z
2026-10-10,v2:/bc1ec8be3823d847c8696f0585696117910033e498f9c34561ad0f51bcf04763,[VIRTUAL]1 x Asta's Devil Wings for 300 MtxCurrency,300,300,0,0.0,0,2026-10-04T00:00:00Z,2026-10-13T23:59:59.999Z,1,0,-1,BlackClover2,Black Clover ,194,tileGrid,Size_1_x_1,,0,,1,br,Backpack_MimicGleanIdeal,Asta's Devil Wings,backpack,rare,,Black Clover,7,4,2026-10-03T13:00:46Z
2026-10-10,v2:/79a867babe85affe50d59793e16943f4b5297af0df8a4c55185656a3c38212b3,[VIRTUAL]1 x The Knight's Nail for 800 MtxCurrency,800,800,0,0.0,0,2026-10-08T00:00:00Z,2026-10-14T23:59:59.999Z,1,0,-2,HollowKnight,Hollow Knight ,195,tileGrid,Size_1_x_1,,0,,1,br,Pickaxe_PinkySight,The Knight's Nail,pickaxe,gaminglegends,Gaming Legends Series,Hollow Knight,7,4,2026-10-06T13:00:45Z
2026-10-10,v2:/3d32f1cffb64cb6ad878bf43c42d54002db86a766d4e6c31cb6b2cca42c31de9,"[VIRTUAL]1 x Adeline, 1 x Angular Chic for -1 MtxCurrency",1200,1200,0,0.0,0,2026-10-10T00:00:00Z,2026-10-10T23:59:59.999Z,1,0,-4,BR101026,Loadout Goals ,181,tileGrid,Size_1_x_1,,0,,2,br,CID_825_Athena_Commando_F_SportsFashion,Adeline,outfit,rare,,Colorway,2,4,2020-08-05T08:09:19Z
2026-10-10,v2:/3d32f1cffb64cb6ad878bf43c42d54002db86a766d4e6c31cb6b2cca42c31de9,"[VIRTUAL]1 x Adeline, 1 x Angular Chic for -1 MtxCurrency",1200,1200,0,0.0,0,2026-10-10T00:00:00Z,2026-10-10T23:59:59.999Z,1,0,-4,BR101026,Loadout Goals ,181,tileGrid,Size_1_x_1,,0,,2,br,BID_578_SportsFashion,Angular Chic,backpack,rare,,Colorway,2,4,2020-08-05T08:09:19Z
2026-10-10,v2:/adb20e5ce93fad3692f7f1e386d8320a4a22988e26943a4f3eb00574f800fd00,[VIRTUAL]1 x my ex's best friend for 500 MtxCurrency,500,500,0,0.0,0,2026-10-09T00:00:00Z,2026-10-15T23:59:59.999Z,1,0,-3,JT100926NoV,Jam Tracks,180,tileGrid,Size_1_x_1,,0,,1,track,sid_placeholder_47,my ex's best friend,,,,,,,2024-04-24T03:56:26Z
2026-10-10,v2:/34323881f735a8aa96ae5d9f0842f8d6992c8f93488db0750d6dbfedbc8409c3,[VIRTUAL]1 x Hey Brother for 500 MtxCurrency,500,500,0,0.0,0,2026-10-01T00:00:00Z,2026-10-31T23:59:59.999Z,1,0,-59,JT100926NoV,Jam Tracks,180,expandableList,Size_1_x_1,,0,,1,track,sid_placeholder_258,Hey Brother,,,,,,,2024-07-11T15:13:48Z
2026-10-10,v2:/7acd244a99f5b5d9a3623a16dd2c432daafe4f73dd5529654b6bbe024cd8ed47,[VIRTUAL]1 x Bear Brained for 300 MtxCurrency,300,300,0,0.0,0,2026-10-05T00:00:00Z,2026-10-15T23:59:59.999Z,1,0,-3,,,,,Size_1_x_1,,0,,1,br,BID_393_GhoulTrooper,Bear Brained,backpack,uncommon,,,2,1,2019-11-20T12:51:14Z
2026-10-10,v2:/07ba1fe64636218a547d34516cc1039d487b091a0d922f1d8314f52493ac65b7,"[VIRTUAL]1 x Blade, 1 x Sword of the Daywalker, 1 x Sword of the Daywalker for -1 MtxCurrency",2000,2000,0,0.0,0,2026-10-10T00:00:00Z,2026-10-13T23:59:59.999Z,1,0,-2,FNMBlade,Marvel,188,tileGrid,Size_1_x_1,Equip the <highlight_strong>SWORD OF THE DAYWALKER</> as a <highlight_strong>BACK BLING</> or <highlight_strong>PICKAXE!</>,0,,3,br,CID_868_Athena_Commando_M_Backspin_3U6CA,Blade,outfit,marvel,MARVEL SERIES,Blade,2,4,2020-09-25T00:00:00Z
2026-10-10,v2:/07ba1fe64636218a547d34516cc1039d487b091a0d922f1d8314f52493ac65b7,"[VIRTUAL]1 x Blade, 1 x Sword of the Daywalker, 1 x Sword of the Daywalker for -1 MtxCurrency",2000,2000,0,0.0,0,2026-10-10T00:00:00Z,2026-10-13T23:59:59.999Z,1,0,-2,FNMBlade,Marvel,188,tileGrid,Size_1_x_1,Equip the <highlight_strong>SWORD OF THE DAYWALKER</> as a <highlight_strong>BACK BLING</> or <highlight_strong>PICKAXE!</>,0,,3,br,BID_615_Backspin_KA0K2,Sword of the Daywalker,backpack,marvel,MARVEL SERIES,Blade,2,4,2020-09-25T00:00:00Z
2026-10-10,v2:/07ba1fe64636218a547d34516cc1039d487b091a0d922f1d8314f52493ac65b7,"[VIRTUAL]1 x Blade, 1 x Sword of the Daywalker, 1 x Sword of the Daywalker for -1 MtxCurrency",2000,2000,0,0.0,0,2026-10-10T00:00:00Z,2026-10-13T23:59:59.999Z,1,0,-2,FNMBlade,Marvel,188,tileGrid,Size_1_x_1,Equip the <highlight_strong>SWORD OF THE DAYWALKER</> as a <highlight_strong>BACK BLING</> or <highlight_strong>PICKAXE!</>,0,,3,br,Pickaxe_ID_465_BackspinMale1H_R40E7,Sword of the Daywalker,pickaxe,marvel,MARVEL SERIES,Blade,2,4,2020-09-25T00:00:00Z
2026-10-10,v2:/2c6965bdff112596afd93f2de1626cedb37b594f53e09487fac1e7a82d9bef69,[VIRTUAL]1 x The Fazbear Band for 500 MtxCurrency,500,500,0,0.0,0,2026-10-01T00:00:00Z,2026-10-31T23:59:59.999Z,1,0,-3,5Nights,Five Nights at Freddy's,196,tileGrid,Size_1_x_1,,0,,1,br,EID_GuardHence,The Fazbear Band,emote,gaminglegends,Gaming Legends Series,Five Nights at Freddy's,7,4,2026-10-01T08:00:00Z
2026-10-10,v2:/8da3e749d77b696b1457007b678d2f971c8df09294ea304548b4f0fc36c78070,"[VIRTUAL]1 x Yuno, 1 x Spirit of Boreas, 1 x Yuno's Grimoire for -1 MtxCurrency",1600,1600,0,0.0,0,2026-10-04T00:00:00Z,2026-10-13T23:59:59.999Z,1,0,-3,BlackClover2,Black Clover ,194,tileGrid,Size_2_x_1,,0,,3,br,Character_SwornSnout,Yuno,outfit,epic,,Black Clover,7,4,2026-10-03T13:00:46Z
2026-10-10,v2:/8da3e749d77b696b1457007b678d2f971c8df09294ea304548b4f0fc36c78070,"[VIRTUAL]1 x Yuno, 1 x Spirit of Boreas, 1 x Yuno's Grimoire for -1 MtxCurrency",1600,1600,0,0.0,0,2026-10-04T00:00:00Z,2026-10-13T23:59:59.999Z,1,0,-3,BlackClover2,Black Clover ,194,tileGrid,Size_2_x_1,,0,,3,br,Pickaxe_SwornSnout,Spirit of Boreas,pickaxe,rare,,Black Clover,7,4,2026-10-03T13:00:46Z
2026-10-10,v2:/8da3e749d77b696b1457007b678d2f971c8df09294ea304548b4f0fc36c78070,"[VIRTUAL]1 x Yuno, 1 x Spirit of Boreas, 1 x Yuno's Grimoire for -1 MtxCurrency",1600,1600,0,0.0,0,2026-10-04T00:00:00Z,2026-10-13T23:59:59.999Z,1,0,-3,BlackClover2,Black Clover ,194,tileGrid,Size_2_x_1,,0,,3,br,Backpack_SwornSnout,Yuno's Grimoire,backpack,rare,,Black Clover,7,4,2026-10-03T13:00:46Z
2026-10-10,v2:/bb65f3df3d10ed9f3394ac52de75c8a25d6cc5746dcdcbedaaee5a813645db10,[VIRTUAL]1 x Hoagie Hitter for 800 MtxCurrency,800,800,0,0.0,0,2026-10-09T00:00:00Z,2026-10-13T23:59:59.999Z,1,0,-3,ScoobyAll,Scooby-Doo,187,tileGrid,Size_1_x_1,,0,,1,br,Pickaxe_FluteLamp,Hoagie Hitter,pickaxe,rare,,Mystery Inc.,6,5,2025-10-10T14:25:13Z
2026-10-10,v2:/c13b7477a50cba1212df7023127145e6534346a13108938f2b92df4757568bde,[VIRTUAL]1 x Circles for 500 MtxCurrency,500,500,0,0.0,0,2026-10-01T00:00:00Z,2026-10-31T23:59:59.999Z,1,0,-10,JT100926NoV,Jam Tracks,180,expandableList,Size_1_x_1,,0,,1,track,sid_placeholder_205,Circles,,,,,,,2024-06-06T13:32:50Z
2026-10-10,v2:/7b549b10e7843cfa3524b05530fe44b504af50a7c5db7567c1257a080e3b5f2f,[VIRTUAL]1 x TBD (SID_Placeholder_666) for 500 MtxCurrency,500,500,0,0.0,0,2026-10-01T00:00:00Z,2026-10-31T23:59:59.999Z,1,0,-103,JT100926NoV,Jam Tracks,180,expandableList,Size_1_x_1,,0,,1,track,sid_placeholder_666,AAAHH MEN!,,,,,,,2025-10-09T08:00:00Z
2026-10-10,v2:/299e145c9f25c30684490a85fa04d16eb67e1352114c06d9a83303f5217f7782,[VIRTUAL]1 x Blank for 400 MtxCurrency,400,400,0,0.0,0,2026-10-04T00:00:00Z,2026-10-13T23:59:59.999Z,1,0,-2,,,,,Size_2_x_1,,0,,1,car,Wheel_RevivalLine01,Nissan GT-R Nismo,wheel,uncommon,,,,,2026-10-03T13:00:46Z
2026-10-10,v2:/537acf4957c349ae74425ef88c3a51c789a5cc5c5241ac4ddc87d87b461403fc,[VIRTUAL]1 x The Middle for 500 MtxCurrency,500,500,0,0.0,0,2026-10-01T00:00:00Z,2026-10-31T23:59:59.999Z,1,0,-53,JT100926NoV,Jam Tracks,180,expandableList,Size_1_x_1,,0,,1,track,sid_placeholder_106,The Middle,,,,,,,2024-03-14T03:43:45Z
2026-10-10,v2:/fe2b28723fa47c56242c21e20343cf803c56ae38800f077d96ca5de35fc710ab,[VIRTUAL]1 x Sarah Ravencroft's Spellbook for 300 MtxCurrency,300,300,0,0.0,0,2026-10-09T00:00:00Z,2026-10-13T23:59:59.999Z,1,0,-2,ScoobyAll,Scooby-Doo,187,tileGrid,Size_1_x_1,Reacts when opening chests!,0,,1,br,Backpack_BaskIsle,Sarah Ravencroft's Spellbook,backpack,rare,,Mystery Inc.,6,5,2025-10-10T14:25:13Z
2026-10-10,v2:/2a1c9b5bce224ec69367b712c0590b303dd6261666d3cc1565be5097a2958fd8,[VIRTUAL]1 x Dracula for 500 MtxCurrency,500,500,0,0.0,0,2026-10-08T00:00:00Z,2026-10-11T23:59:59.999Z,1,0,-1,VV1010261,Max Vibes,190,tileGrid,Size_1_x_1,,0,,1,br,EID_BigBite,Dracula,emote,icon,Icon Series,,7,4,2026-10-08T00:00:00Z
2026-10-10,v2:/ae6acf9591fce81aec56aa16a02057a4cb9dabcaea8588c27ba4f2011b8f47a3,"[VIRTUAL]1 x Torment, 1 x Demonic Dunker for -1 MtxCurrency",1200,1200,0,0.0,0,2026-10-10T00:00:00Z,2026-10-16T23:59:59.999Z,1,0,-3,FNM101026,Locker of Horrors,197,tileGrid,Size_1_x_1,,0,,2,br,Character_PointyTemper,Torment,outfit,epic,,Demon Dunks,6,1,2025-01-14T09:36:24Z
2026-10-10,v2:/ae6acf9591fce81aec56aa16a02057a4cb9dabcaea8588c27ba4f2011b8f47a3,"[VIRTUAL]1 x Torment, 1 x Demonic Dunker for -1 MtxCurrency",1200,1200,0,0.0,0,2026-10-10T00:00:00Z,2026-10-16T23:59:59.999Z,1,0,-3,FNM101026,Locker of Horrors,197,tileGrid,Size_1_x_1,,0,,2,br,Backpack_PointyTemper,Demonic Dunker,backpack,rare,,Demon Dunks,6,1,2025-01-14T09:36:24Z
2026-10-10,v2:/e3e30afc488559bc1ddc2f085f91a21c9a1b640874e8cf12ebf87e83351d6289,[VIRTUAL]1 x Flowers for 500 MtxCurrency,500,500,0,0.0,0,2026-10-01T00:00:00Z,2026-10-31T23:59:59.999Z,1,0,-98,JT100926NoV,Jam Tracks,180,expandableList,Size_1_x_1,,0,,1,track,sid_placeholder_125,Flowers,,,,,,,2024-02-02T00:00:00Z
2026-10-10,v2:/13381db10959f8ff31b9ad523ec9e5c7987e5690905391180de92ee35b5314c1,[VIRTUAL]1 x OKI DOKI for 500 MtxCurrency,500,500,0,0.0,0,2026-10-01T00:00:00Z,2026-10-31T23:59:59.999Z,1,0,-51,JT100926NoV,Jam Tracks,180,expandableList,Size_1_x_1,,0,,1,track,sid_placeholder_305,OKI DOKI,,,,,,,2024-08-16T03:00:00Z
2026-10-10,v2:/93809fbb00891755872481bffcd44c2d55be52cffa7fb026d34b950d2d9400e2,[VIRTUAL]1 x Scooby-Doo for 1500 MtxCurrency,1500,1500,0,0.0,0,2026-10-09T00:00:00Z,2026-10-13T23:59:59.999Z,1,0,-3,ScoobyAll,Scooby-Doo,187,tileGrid,Size_1_x_1,,0,,1,br,Character_LycheeNickel,Scooby-Doo,outfit,epic,,Mystery Inc.,6,5,2025-10-09T08:45:50Z
2026-10-10,v2:/4d399ef331c476a5e7a44fa58246180d59b9b8da587881e31d056f05f6b0c9c4,"[VIRTUAL]1 x Instinct, 1 x Reaction Tank for -1 MtxCurrency",1200,1200,0,0.0,0,2026-10-06T00:00:00Z,2026-10-12T23:59:59.999Z,1,0,-1,NoSweat100626,No Sweat,183,tileGrid,Size_1_x_1,,0,,2,br,CID_260_Athena_Commando_F_StreetOps,Instinct,outfit,rare,,Counterattack,1,6,2019-11-20T12:50:13Z
2026-10-10,v2:/4d399ef331c476a5e7a44fa58246180d59b9b8da587881e31d056f05f6b0c9c4,"[VIRTUAL]1 x Instinct, 1 x Reaction Tank for -1 MtxCurrency",1200,1200,0,0.0,0,2026-10-06T00:00:00Z,2026-10-12T23:59:59.999Z,1,0,-1,NoSweat100626,No Sweat,183,tileGrid,Size_1_x_1,,0,,2,br,BID_141_StreetOpsFemale,Reaction Tank,backpack,rare,,Counterattack,1,6,2019-11-20T12:50:38Z
2026-10-10,v2:/8792bbdf3657d125678d42f59f96ae652062c498cc103961376cfb1bea88296a,[VIRTUAL]1 x TBD (SID_Placeholder_403) for 500 MtxCurrency,500,500,0,0.0,0,2026-10-01T00:00:00Z,2026-10-31T23:59:59.999Z,1,0,-64,JT100926NoV,Jam Tracks,180,expandableList,Size_1_x_1,,0,,1,track,sid_placeholder_403,Californication,,,,,,,2025-01-09T17:40:48Z
2026-10-10,v2:/88f61da6cc82a495458697ee8e7fe620277046c8faaf92c481582335c245d2d6,[VIRTUAL]1 x Glowing Blossom for 500 MtxCurrency,500,500,0,0.0,0,2026-10-09T00:00:00Z,2026-10-15T23:59:59.999Z,1,0,-3,FNM101026,Locker of Horrors,197,tileGrid,Size_1_x_1,,0,,1,br,Wrap_PaleMaiko,Glowing Blossom,wrap,rare,,Lost Dolls,7,4,2026-10-01T18:37:28Z
2026-10-10,v2:/ea73584710f9ed3dd96744eaf77e7914f2494299ac0cad83f71e433ae9629edb,[VIRTUAL]1 x Asta's Grimoire for 300 MtxCurrency,300,300,0,0.0,0,2026-10-04T00:00:00Z,2026-10-13T23:59:59.999Z,1,0,-2,BlackClover2,Black Clover ,194,tileGrid,Size_1_x_1,,0,,1,br,Backpack_MimicGlean,Asta's Grimoire,backpack,rare,,Black Clover,7,4,2026-10-03T13:00:46Z
2026-10-10,v2:/6011f20f4abf130e918f66a42d5159298adf540b46b352c3e3b7d6d76027f644,"[VIRTUAL]1 x Chica the Chicken, 1 x Chica Chicake for -1 MtxCurrency",1500,1500,0,0.0,0,2026-10-01T00:00:00Z,2026-10-31T23:59:59.999Z,1,0,-1,5Nights,Five Nights at Freddy's,196,tileGrid,Size_1_x_1,,0,,2,br,Character_SushiAware,Chica the Chicken,outfit,gaminglegends,Gaming Legends Series,Five Nights at Freddy's,7,4,2026-10-01T08:00:00Z
2026-10-10,v2:/6011f20f4abf130e918f66a42d5159298adf540b46b352c3e3b7d6d76027f644,"[VIRTUAL]1 x Chica the Chicken, 1 x Chica Chicake for -1 MtxCurrency",1500,1500,0,0.0,0,2026-10-01T00:00:00Z,2026-10-31T23:59:59.999Z,1,0,-1,5Nights,Five Nights at Freddy's,196,tileGrid,Size_1_x_1,,0,,2,br,Backpack_SushiAware,Chica Chicake,backpack,gaminglegends,Gaming Legends Series,Five Nights at Freddy's,7,4,2026-10-01T08:00:00Z
2026-10-10,v2:/8ceefeda6f8b47c1dec96261989c457be83744850bda8c8184cb4d026977b297,"[VIRTUAL]1 x Bonnie the Rabbit, 1 x Bonnie's Guitar Case for -1 MtxCurrency",1500,1500,0,0.0,0,2026-10-01T00:00:00Z,2026-10-31T23:59:59.999Z,1,0,-1,5Nights,Five Nights at Freddy's,196,tileGrid,Size_1_x_1,,0,,2,br,Character_TearErrand,Bonnie the Rabbit,outfit,gaminglegends,Gaming Legends Series,Five Nights at Freddy's,7,4,2026-10-01T08:00:00Z
2026-10-10,v2:/8ceefeda6f8b47c1dec96261989c457be83744850bda8c8184cb4d026977b297,"[VIRTUAL]1 x Bonnie the Rabbit, 1 x Bonnie's Guitar Case for -1 MtxCurrency",1500,1500,0,0.0,0,2026-10-01T00:00:00Z,2026-10-31T23:59:59.999Z,1,0,-1,5Nights,Five Nights at Freddy's,196,tileGrid,Size_1_x_1,,0,,2,br,Backpack_TearErrand,Bonnie's Guitar Case,backpack,gaminglegends,Gaming Legends Series,Five Nights at Freddy's,7,4,2026-10-01T08:00:00Z
2026-10-10,v2:/4a1d142b0563f59d0d53c760285576737dea5a72e63d44781b7cbe2404ad9b29,[VIRTUAL]1 x TBD (SID_Placeholder_507) for 500 MtxCurrency,500,500,0,0.0,0,2026-10-01T00:00:00Z,2026-10-31T23:59:59.999Z,1,0,-7,JT100926NoV,Jam Tracks,180,expandableList,Size_1_x_1,,0,,1,track,sid_placeholder_507,Stacy's Mom,,,,,,,2025-04-01T17:23:52Z
2026-10-10,v2:/09ac134dfcc825d1e9f760ea1da3db6735c800f0927fb0c2f933dbbcda8c2ebf,[VIRTUAL]1 x Dual Drillbit for 400 MtxCurrency,400,400,0,0.0,0,2026-10-06T00:00:00Z,2026-10-12T23:59:59.999Z,1,0,-5,,,,,Size_1_x_1,,0,,1,br,Backpack_HydroIgnite,Dual Drillbit,backpack,rare,,,4,4,2023-09-12T09:40:36Z
2026-10-10,v2:/b69ad6666ddd1042bfd05e772b406757af86222b7cfbb956be6fafc2d4b8c34f,[VIRTUAL]1 x Voltaria for 800 MtxCurrency,800,800,0,0.0,0,2026-10-05T00:00:00Z,2026-10-11T23:59:59.999Z,1,0,-2,BR101026,Loadout Goals ,181,tileGrid,Size_1_x_1,,0,,1,br,Character_ManicRufus,Voltaria,outfit,epic,,,6,3,2025-05-16T08:50:37Z
2026-10-10,v2:/c37c038adbfaf852766b3925220e9a92f8a4db76e25c0128ef76ba8dfab96d38,[VIRTUAL]1 x Roses (Imanbek Remix) for 500 MtxCurrency,500,500,0,0.0,0,2026-10-01T00:00:00Z,2026-10-31T23:59:59.999Z,1,0,-81,JT100926NoV,Jam Tracks,180,expandableList,Size_1_x_1,,0,,1,track,sid_placeholder_159,Roses (Imanbek Remix),,,,,,,2024-03-14T03:43:45Z
2026-10-10,v2:/19f6331a7eeeaa8713b670615d839c83ecebf415909e123519b635448b6a9777,[VIRTUAL]1 x Dark Wings for 200 MtxCurrency,200,200,0,0.0,0,2026-10-10T00:00:00Z,2026-10-12T23:59:59.999Z,1,0,-1,,,,,Size_1_x_1,,0,,1,br,BID_095_RavenQuillFemale,Dark Wings,backpack,legendary,,Nevermore,1,5,2019-11-20T12:50:39Z
2026-10-10,v2:/aafd834477ecbdb06c484b134975565f41ec1e6d46667709f8168b634b38938a,[VIRTUAL]1 x Tá OK for 500 MtxCurrency,500,500,0,0.0,0,2026-10-10T00:00:00Z,2026-10-13T23:59:59.999Z,1,0,-4,VV1010261,Max Vibes,190,tileGrid,Size_1_x_1,,0,,1,br,EID_SimplyServed,Tá OK,emote,icon,Icon Series,,7,3,2026-06-10T00:00:00Z
2026-10-10,v2:/f1b1eddbaa823e3f32cc6ab7c398fb2fc857775804500379f0a0a5439dacbea6,[VIRTUAL]1 x Blank for -1 MtxCurrency,700,700,0,0.0,0,2026-10-04T00:00:00Z,2026-10-13T23:59:59.999Z,1,0,-1,BlackClover2,Black Clover ,194,tileGrid,Size_1_x_1,,1,Anti-Magic Wheel,1,car,Wheel_LuckyOnyx01,Anti-Magic,wheel,uncommon,,,,,2026-10-03T13:00:46Z
2026-10-10,v2:/6926ecd2ed5a2214609613048498677847f0da6c42fe6c3bf249cb987482d3c9,[VIRTUAL]1 x Uptown Funk for 500 MtxCurrency,500,500,0,0.0,0,2026-10-01T00:00:00Z,2026-10-31T23:59:59.999Z,1,0,-80,JT100926NoV,Jam Tracks,180,expandableList,Size_1_x_1,,0,,1,track,sid_placeholder_71,Uptown Funk,,,,,,,2024-07-11T15:13:48Z
2026-10-10,v2:/0f1e0c416b9c1b27115350a356cda4a5aefb23dbe561026750054b708a889196,[VIRTUAL]1 x Creepy Canvas for 300 MtxCurrency,300,300,0,0.0,0,2026-10-09T00:00:00Z,2026-10-13T23:59:59.999Z,1,0,-4,ScoobyAll,Scooby-Doo,187,tileGrid,Size_1_x_1,,0,,1,br,EID_ArcanaAgate,Creepy Canvas,emote,uncommon,,Mystery Inc.,6,5,2025-10-10T14:25:13Z
2026-10-10,v2:/09a2db626e7428812381c8a6e9659e3a1ccfc51b0e0e915ebbce1b4d8c1251f2,[VIRTUAL]1 x Save the Deer Sack for 300 MtxCurrency,300,300,0,0.0,0,2026-10-10T00:00:00Z,2026-10-16T23:59:59.999Z,1,0,-2,99Nights1,99 Nights In The Forest ,198,tileGrid,Size_2_x_1,,0,,1,br,Backpack_TerryBroke,Save the Deer Sack,backpack,gaminglegends,Gaming Legends Series,99 Nights in the Forest,7,4,2026-10-08T13:00:54Z
2026-10-10,v2:/eaa27ff467a57c5984787964c19eaa607b45a8a8dedd9862d45734cb4d7dd1e6,[VIRTUAL]1 x Celebrity Steppers for 600 MtxCurrency,600,600,0,0.0,0,2026-10-05T00:00:00Z,2026-10-11T23:59:59.999Z,1,0,-1,BR101026,Loadout Goals ,181,tileGrid,Size_1_x_1,,0,,1,br,Shoes_TinselGlam,Celebrity Steppers,shoe,uncommon,,Leading Lady,7,1,2025-12-11T16:07:07Z
2026-10-10,v2:/4a0ef08e3d66720f6cf39928158c395a0f5d3a97afcb9ac431e8fa5111a88b24,[VIRTUAL]1 x Kim's Kit for 300 MtxCurrency,300,300,0,0.0,0,2026-10-08T00:00:00Z,2026-10-12T23:59:59.999Z,1,0,-2,QuicheLorraine,Kim Kardashian,184,tileGrid,Size_1_x_1,,0,,1,br,Backpack_QuicheLorraineCrisp,Kim's Kit,backpack,icon,Icon Series,Kim Kardashian,7,1,2025-12-12T10:05:30Z
2026-10-10,v2:/8b50ab74a76f97e5d398b958c7f2b1006ec0471490aaf0678d1b166d42da3b1f,[VIRTUAL]1 x Moves Like Jagger for 500 MtxCurrency,500,500,0,0.0,0,2026-10-01T00:00:00Z,2026-10-31T23:59:59.999Z,1,0,-65,JT100926NoV,Jam Tracks,180,expandableList,Size_1_x_1,,0,,1,track,sid_placeholder_48,Moves Like Jagger,,,,,,,2024-03-26T16:09:20Z
2026-10-10,v2:/11b25e00c21af58b9e9fb55395828b97bf1149e5c105d99b82ed1546eaa9d962,[VIRTUAL]1 x Bone 'n Bowl for 800 MtxCurrency,800,800,0,0.0,0,2026-10-09T00:00:00Z,2026-10-13T23:59:59.999Z,1,0,-2,ScoobyAll,Scooby-Doo,187,tileGrid,Size_1_x_1,,0,,1,br,Pickaxe_LycheeNickel,Bone 'n Bowl,pickaxe,rare,,Mystery Inc.,6,5,2025-10-10T14:25:13Z
2026-10-10,v2:/4c76563318570db1445a3000c84b0fa0a51b842d890be26d280062885d4c0077,[VIRTUAL]1 x TBD (SID_Placeholder_596) for 500 MtxCurrency,500,500,0,0.0,0,2026-09-26T00:00:00Z,2026-10-31T23:59:59.999Z,1,0,-52,JT100926NoV,Jam Tracks,180,expandableList,Size_1_x_1,,0,,1,track,sid_placeholder_596,Bonde Do Brunão,,,,,,,2025-06-18T08:00:00Z
2026-10-10,v2:/f57154d55ee4426b30b3f9406201f22c0800567b4ccc02cdda606f36e1a52863,[VIRTUAL]1 x Stop! for 200 MtxCurrency,200,200,0,0.0,0,2026-10-10T00:00:00Z,2026-10-10T23:59:59.999Z,1,0,-3,BR101026,Loadout Goals ,181,tileGrid,Size_1_x_1,,0,,1,br,EID_Congestion,Stop!,emote,uncommon,,,4,4,2023-08-25T17:49:31Z
2026-10-10,v2:/83ce691f6d97f298023db59b3b74ff86e001f6ca9b93e89026d2f5d964b4b61e,[VIRTUAL]1 x Shaggy Rogers for 1500 MtxCurrency,1500,1500,0,0.0,0,2026-10-09T00:00:00Z,2026-10-13T23:59:59.999Z,1,0,-4,ScoobyAll,Scooby-Doo,187,tileGrid,Size_1_x_1,,0,,1,br,Character_FluteLamp,Shaggy Rogers,outfit,epic,,Mystery Inc.,6,5,2025-10-09T08:45:50Z
2026-10-10,v2:/b137e88d0ff77df29a700256f339fb88c15744e97a915eb7fd22294d9baed92a,"[VIRTUAL]1 x Skull Trooper , 1 x Ghost Portal, 1 x Grinning Ghoul, 1 x Skull Sickle, 1 x Skull and Chains for -1 MtxCurrency",3600,2300,1300,0.3611,1,2026-10-08T00:00:00Z,2026-10-10T23:59:59.999Z,1,0,-1,FNM101026,Locker of Horrors,197,tileGrid,Size_1_x_1,,1,Skull Trooper Bundle,5,br,CID_030_Athena_Commando_M_Halloween,Skull Trooper ,outfit,epic,,Skull Squad,1,1,2019-11-20T12:50:30Z
2026-10-10,v2:/b137e88d0ff77df29a700256f339fb88c15744e97a915eb7fd22294d9baed92a,"[VIRTUAL]1 x Skull Trooper , 1 x Ghost Portal, 1 x Grinning Ghoul, 1 x Skull Sickle, 1 x Skull and Chains for -1 MtxCurrency",3600,2300,1300,0.3611,1,2026-10-08T00:00:00Z,2026-10-10T23:59:59.999Z,1,0,-1,FNM101026,Locker of Horrors,197,tileGrid,Size_1_x_1,,1,Skull Trooper Bundle,5,br,BID_105_GhostPortal,Ghost Portal,backpack,epic,,Skull Squad,1,5,2019-11-20T12:50:39Z
2026-10-10,v2:/b137e88d0ff77df29a700256f339fb88c15744e97a915eb7fd22294d9baed92a,"[VIRTUAL]1 x Skull Trooper , 1 x Ghost Portal, 1 x Grinning Ghoul, 1 x Skull Sickle, 1 x Skull and Chains for -1 MtxCurrency",3600,2300,1300,0.3611,1,2026-10-08T00:00:00Z,2026-10-10T23:59:59.999Z,1,0,-1,FNM101026,Locker of Horrors,197,tileGrid,Size_1_x_1,,1,Skull Trooper Bundle,5,br,BID_400_HalloweenAlt,Grinning Ghoul,backpack,rare,,Skull Squad,2,1,2019-11-20T12:51:15Z
2026-10-10,v2:/b137e88d0ff77df29a700256f339fb88c15744e97a915eb7fd22294d9baed92a,"[VIRTUAL]1 x Skull Trooper , 1 x Ghost Portal, 1 x Grinning Ghoul, 1 x Skull Sickle, 1 x Skull and Chains for -1 MtxCurrency",3600,2300,1300,0.3611,1,2026-10-08T00:00:00Z,2026-10-10T23:59:59.999Z,1,0,-1,FNM101026,Locker of Horrors,197,tileGrid,Size_1_x_1,,1,Skull Trooper Bundle,5,br,Pickaxe_ID_109_SkullTrooper,Skull Sickle,pickaxe,epic,,Skull Squad,1,6,2019-11-20T12:50:54Z
2026-10-10,v2:/b137e88d0ff77df29a700256f339fb88c15744e97a915eb7fd22294d9baed92a,"[VIRTUAL]1 x Skull Trooper , 1 x Ghost Portal, 1 x Grinning Ghoul, 1 x Skull Sickle, 1 x Skull and Chains for -1 MtxCurrency",3600,2300,1300,0.3611,1,2026-10-08T00:00:00Z,2026-10-10T23:59:59.999Z,1,0,-1,FNM101026,Locker of Horrors,197,tileGrid,Size_1_x_1,,1,Skull Trooper Bundle,5,br,Wrap_SkillSkull,Skull and Chains,wrap,uncommon,,,5,4,2024-10-01T08:27:32Z
2026-10-10,v2:/9a0328c7d244f15c175cf27a69d879cb470b7785e081e8cf34f263a97b2a363a,[VIRTUAL]1 x Bonnie's Guitar Case for 300 MtxCurrency,300,300,0,0.0,0,2026-10-01T00:00:00Z,2026-10-31T23:59:59.999Z,1,0,-2,5Nights,Five Nights at Freddy's,196,tileGrid,Size_1_x_1,,0,,1,br,Backpack_TearErrand,Bonnie's Guitar Case,backpack,gaminglegends,Gaming Legends Series,Five Nights at Freddy's,7,4,2026-10-01T08:00:00Z
2026-10-10,v2:/6f7951b8a2d0bcd33515e5dc001c0443a184f6da9e75650090d6307311d89ae5,"[VIRTUAL]1 x Fennec ZR-F, 1 x Arsenal F.C., 1 x Real Madrid CF, 1 x Manchester United, 1 x Juventus, 1 x Flames, 1 x Lightning, 1 x R=CE, 1 x Graffiti'd, 1 x Stripes, 1 x Wings, 1 x Fennec ZR-F for -1 MtxCurrency",1500,1500,0,0.0,0,2026-10-07T00:00:00Z,2026-10-13T23:59:59.999Z,1,0,-1,FennecZR,Fennec ZR-F ,178,tileGrid,Size_3_x_1,Decals in this bundle are restricted to the Fennec ZR-F car body.,1,Fennec ZR-F,12,car,CarBody_ZRF,Fennec ZR-F,body,uncommon,,,,,2025-06-24T14:01:49Z
2026-10-10,v2:/6f7951b8a2d0bcd33515e5dc001c0443a184f6da9e75650090d6307311d89ae5,"[VIRTUAL]1 x Fennec ZR-F, 1 x Arsenal F.C., 1 x Real Madrid CF, 1 x Manchester United, 1 x Juventus, 1 x Flames, 1 x Lightning, 1 x R=CE, 1 x Graffiti'd, 1 x Stripes, 1 x Wings, 1 x Fennec ZR-F for -1 MtxCurrency",1500,1500,0,0.0,0,2026-10-07T00:00:00Z,2026-10-13T23:59:59.999Z,1,0,-1,FennecZR,Fennec ZR-F ,178,tileGrid,Size_3_x_1,Decals in this bundle are restricted to the Fennec ZR-F car body.,1,Fennec ZR-F,12,car,CarSkin_ZRFAglet02,Arsenal F.C.,skin,uncommon,ADIDAS SERIES,,,,2025-06-07T19:00:27Z
2026-10-10,v2:/6f7951b8a2d0bcd33515e5dc001c0443a184f6da9e75650090d6307311d89ae5,"[VIRTUAL]1 x Fennec ZR-F, 1 x Arsenal F.C., 1 x Real Madrid CF, 1 x Manchester United, 1 x Juventus, 1 x Flames, 1 x Lightning, 1 x R=CE, 1 x Graffiti'd, 1 x Stripes, 1 x Wings, 1 x Fennec ZR-F for -1 MtxCurrency",1500,1500,0,0.0,0,2026-10-07T00:00:00Z,2026-10-13T23:59:59.999Z,1,0,-1,FennecZR,Fennec ZR-F ,178,tileGrid,Size_3_x_1,Decals in this bundle are restricted to the Fennec ZR-F car body.,1,Fennec ZR-F,12,car,CarSkin_ZRFAglet03,Real Madrid CF,skin,uncommon,ADIDAS SERIES,,,,2025-06-07T19:00:27Z
2026-10-10,v2:/6f7951b8a2d0bcd33515e5dc001c0443a184f6da9e75650090d6307311d89ae5,"[VIRTUAL]1 x Fennec ZR-F, 1 x Arsenal F.C., 1 x Real Madrid CF, 1 x Manchester United, 1 x Juventus, 1 x Flames, 1 x Lightning, 1 x R=CE, 1 x Graffiti'd, 1 x Stripes, 1 x Wings, 1 x Fennec ZR-F for -1 MtxCurrency",1500,1500,0,0.0,0,2026-10-07T00:00:00Z,2026-10-13T23:59:59.999Z,1,0,-1,FennecZR,Fennec ZR-F ,178,tileGrid,Size_3_x_1,Decals in this bundle are restricted to the Fennec ZR-F car body.,1,Fennec ZR-F,12,car,CarSkin_ZRFAglet04,Manchester United,skin,uncommon,ADIDAS SERIES,,,,2025-06-07T19:00:27Z
2026-10-10,v2:/6f7951b8a2d0bcd33515e5dc001c0443a184f6da9e75650090d6307311d89ae5,"[VIRTUAL]1 x Fennec ZR-F, 1 x Arsenal F.C., 1 x Real Madrid CF, 1 x Manchester United, 1 x Juventus, 1 x Flames, 1 x Lightning, 1 x R=CE, 1 x Graffiti'd, 1 x Stripes, 1 x Wings, 1 x Fennec ZR-F for -1 MtxCurrency",1500,1500,0,0.0,0,2026-10-07T00:00:00Z,2026-10-13T23:59:59.999Z,1,0,-1,FennecZR,Fennec ZR-F ,178,tileGrid,Size_3_x_1,Decals in this bundle are restricted to the Fennec ZR-F car body.,1,Fennec ZR-F,12,car,CarSkin_ZRFAglet05,Juventus,skin,uncommon,ADIDAS SERIES,,,,2025-06-07T19:00:27Z
2026-10-10,v2:/6f7951b8a2d0bcd33515e5dc001c0443a184f6da9e75650090d6307311d89ae5,"[VIRTUAL]1 x Fennec ZR-F, 1 x Arsenal F.C., 1 x Real Madrid CF, 1 x Manchester United, 1 x Juventus, 1 x Flames, 1 x Lightning, 1 x R=CE, 1 x Graffiti'd, 1 x Stripes, 1 x Wings, 1 x Fennec ZR-F for -1 MtxCurrency",1500,1500,0,0.0,0,2026-10-07T00:00:00Z,2026-10-13T23:59:59.999Z,1,0,-1,FennecZR,Fennec ZR-F ,178,tileGrid,Size_3_x_1,Decals in this bundle are restricted to the Fennec ZR-F car body.,1,Fennec ZR-F,12,car,CarSkin_ZRFFlames,Flames,skin,uncommon,,,,,2025-06-24T14:01:49Z
2026-10-10,v2:/6f7951b8a2d0bcd33515e5dc001c0443a184f6da9e75650090d6307311d89ae5,"[VIRTUAL]1 x Fennec ZR-F, 1 x Arsenal F.C., 1 x Real Madrid CF, 1 x Manchester United, 1 x Juventus, 1 x Flames, 1 x Lightning, 1 x R=CE, 1 x Graffiti'd, 1 x Stripes, 1 x Wings, 1 x Fennec ZR-F for -1 MtxCurrency",1500,1500,0,0.0,0,2026-10-07T00:00:00Z,2026-10-13T23:59:59.999Z,1,0,-1,FennecZR,Fennec ZR-F ,178,tileGrid,Size_3_x_1,Decals in this bundle are restricted to the Fennec ZR-F car body.,1,Fennec ZR-F,12,car,CarSkin_ZRFLightning,Lightning,skin,uncommon,,,,,2025-06-24T14:01:49Z
2026-10-10,v2:/6f7951b8a2d0bcd33515e5dc001c0443a184f6da9e75650090d6307311d89ae5,"[VIRTUAL]1 x Fennec ZR-F, 1 x Arsenal F.C., 1 x Real Madrid CF, 1 x Manchester United, 1 x Juventus, 1 x Flames, 1 x Lightning, 1 x R=CE, 1 x Graffiti'd, 1 x Stripes, 1 x Wings, 1 x Fennec ZR-F for -1 MtxCurrency",1500,1500,0,0.0,0,2026-10-07T00:00:00Z,2026-10-13T23:59:59.999Z,1,0,-1,FennecZR,Fennec ZR-F ,178,tileGrid,Size_3_x_1,Decals in this bundle are restricted to the Fennec ZR-F car body.,1,Fennec ZR-F,12,car,CarSkin_ZRFLivery02,R=CE,skin,uncommon,,,,,2025-06-24T14:01:49Z
2026-10-10,v2:/6f7951b8a2d0bcd33515e5dc001c0443a184f6da9e75650090d6307311d89ae5,"[VIRTUAL]1 x Fennec ZR-F, 1 x Arsenal F.C., 1 x Real Madrid CF, 1 x Manchester United, 1 x Juventus, 1 x Flames, 1 x Lightning, 1 x R=CE, 1 x Graffiti'd, 1 x Stripes, 1 x Wings, 1 x Fennec ZR-F for -1 MtxCurrency",1500,1500,0,0.0,0,2026-10-07T00:00:00Z,2026-10-13T23:59:59.999Z,1,0,-1,FennecZR,Fennec ZR-F ,178,tileGrid,Size_3_x_1,Decals in this bundle are restricted to the Fennec ZR-F car body.,1,Fennec ZR-F,12,car,CarSkin_ZRFLivery03,Graffiti'd,skin,uncommon,,,,,2025-06-24T14:01:49Z
2026-10-10,v2:/6f7951b8a2d0bcd33515e5dc001c0443a184f6da9e75650090d6307311d89ae5,"[VIRTUAL]1 x Fennec ZR-F, 1 x Arsenal F.C., 1 x Real Madrid CF, 1 x Manchester United, 1 x Juventus, 1 x Flames, 1 x Lightning, 1 x R=CE, 1 x Graffiti'd, 1 x Stripes, 1 x Wings, 1 x Fennec ZR-F for -1 MtxCurrency",1500,1500,0,0.0,0,2026-10-07T00:00:00Z,2026-10-13T23:59:59.999Z,1,0,-1,FennecZR,Fennec ZR-F ,178,tileGrid,Size_3_x_1,Decals in this bundle are restricted to the Fennec ZR-F car body.,1,Fennec ZR-F,12,car,CarSkin_ZRFStripes,Stripes,skin,uncommon,,,,,2025-06-24T14:01:49Z
2026-10-10,v2:/6f7951b8a2d0bcd33515e5dc001c0443a184f6da9e75650090d6307311d89ae5,"[VIRTUAL]1 x Fennec ZR-F, 1 x Arsenal F.C., 1 x Real Madrid CF, 1 x Manchester United, 1 x Juventus, 1 x Flames, 1 x Lightning, 1 x R=CE, 1 x Graffiti'd, 1 x Stripes, 1 x Wings, 1 x Fennec ZR-F for -1 MtxCurrency",1500,1500,0,0.0,0,2026-10-07T00:00:00Z,2026-10-13T23:59:59.999Z,1,0,-1,FennecZR,Fennec ZR-F ,178,tileGrid,Size_3_x_1,Decals in this bundle are restricted to the Fennec ZR-F car body.,1,Fennec ZR-F,12,car,CarSkin_ZRFWings,Wings,skin,uncommon,,,,,2025-06-24T14:01:49Z
2026-10-10,v2:/6f7951b8a2d0bcd33515e5dc001c0443a184f6da9e75650090d6307311d89ae5,"[VIRTUAL]1 x Fennec ZR-F, 1 x Arsenal F.C., 1 x Real Madrid CF, 1 x Manchester United, 1 x Juventus, 1 x Flames, 1 x Lightning, 1 x R=CE, 1 x Graffiti'd, 1 x Stripes, 1 x Wings, 1 x Fennec ZR-F for -1 MtxCurrency",1500,1500,0,0.0,0,2026-10-07T00:00:00Z,2026-10-13T23:59:59.999Z,1,0,-1,FennecZR,Fennec ZR-F ,178,tileGrid,Size_3_x_1,Decals in this bundle are restricted to the Fennec ZR-F car body.,1,Fennec ZR-F,12,car,Wheel_ZRF,Fennec ZR-F,wheel,uncommon,,,,,2025-06-24T14:01:49Z
2026-10-10,v2:/deee94cbcfd3599bb9cd070b4dc0979c8554ad6e870cb498503e75db4d25fc97,[VIRTUAL]1 x Yuno's Grimoire for 300 MtxCurrency,300,300,0,0.0,0,2026-10-04T00:00:00Z,2026-10-13T23:59:59.999Z,1,0,-1,BlackClover2,Black Clover ,194,tileGrid,Size_1_x_1,,0,,1,br,Backpack_SwornSnout,Yuno's Grimoire,backpack,rare,,Black Clover,7,4,2026-10-03T13:00:46Z
2026-10-10,v2:/045c00cf74f0702caca11bcb7ecfb96eb4a93b3ccbf6ba8908d911881c141bea,[VIRTUAL]1 x TBD (SID_Placeholder_561) for 500 MtxCurrency,500,500,0,0.0,0,2026-10-09T00:00:00Z,2026-10-15T23:59:59.999Z,1,0,-2,JT100926NoV,Jam Tracks,180,tileGrid,Size_1_x_1,,0,,1,track,sid_placeholder_561,Heavy,,,,,,,2025-04-11T00:00:00Z
2026-10-10,v2:/1aa5c18080df5cf40ae05a9d9f24f457bda13133de48f6521ca0cc055940e2ce,"[VIRTUAL]1 x Marshall Never More, 1 x Raven's Stare, 1 x Axe 'Bout Me, 1 x Raven Express, 1 x Mom's Spaghetti for -1 MtxCurrency",3200,2000,1200,0.375,1,2026-10-06T00:00:00Z,2026-10-10T23:59:59.999Z,1,0,-3,Eminem1Icon,Eminem,179,tileGrid,Size_2_x_1,Selectable Styles!,1,Marshall Never More Bundle,5,br,Character_BraveBuild,Marshall Never More,outfit,icon,Icon Series,Eminem,4,OG,2023-11-28T15:26:41Z
2026-10-10,v2:/1aa5c18080df5cf40ae05a9d9f24f457bda13133de48f6521ca0cc055940e2ce,"[VIRTUAL]1 x Marshall Never More, 1 x Raven's Stare, 1 x Axe 'Bout Me, 1 x Raven Express, 1 x Mom's Spaghetti for -1 MtxCurrency",3200,2000,1200,0.375,1,2026-10-06T00:00:00Z,2026-10-10T23:59:59.999Z,1,0,-3,Eminem1Icon,Eminem,179,tileGrid,Size_2_x_1,Selectable Styles!,1,Marshall Never More Bundle,5,br,Backpack_BraveBuild,Raven's Stare,backpack,icon,Icon Series,Eminem,4,OG,2023-11-28T15:26:41Z
2026-10-10,v2:/1aa5c18080df5cf40ae05a9d9f24f457bda13133de48f6521ca0cc055940e2ce,"[VIRTUAL]1 x Marshall Never More, 1 x Raven's Stare, 1 x Axe 'Bout Me, 1 x Raven Express, 1 x Mom's Spaghetti for -1 MtxCurrency",3200,2000,1200,0.375,1,2026-10-06T00:00:00Z,2026-10-10T23:59:59.999Z,1,0,-3,Eminem1Icon,Eminem,179,tileGrid,Size_2_x_1,Selectable Styles!,1,Marshall Never More Bundle,5,br,Pickaxe_BraveBuild,Axe 'Bout Me,pickaxe,icon,Icon Series,Eminem,4,OG,2023-11-28T15:26:41Z
2026-10-10,v2:/1aa5c18080df5cf40ae05a9d9f24f457bda13133de48f6521ca0cc055940e2ce,"[VIRTUAL]1 x Marshall Never More, 1 x Raven's Stare, 1 x Axe 'Bout Me, 1 x Raven Express, 1 x Mom's Spaghetti for -1 MtxCurrency",3200,2000,1200,0.375,1,2026-10-06T00:00:00Z,2026-10-10T23:59:59.999Z,1,0,-3,Eminem1Icon,Eminem,179,tileGrid,Size_2_x_1,Selectable Styles!,1,Marshall Never More Bundle,5,br,Glider_BraveBuild,Raven Express,glider,icon,Icon Series,Eminem,4,OG,2023-11-28T15:26:41Z
2026-10-10,v2:/1aa5c18080df5cf40ae05a9d9f24f457bda13133de48f6521ca0cc055940e2ce,"[VIRTUAL]1 x Marshall Never More, 1 x Raven's Stare, 1 x Axe 'Bout Me, 1 x Raven Express, 1 x Mom's Spaghetti for -1 MtxCurrency",3200,2000,1200,0.375,1,2026-10-06T00:00:00Z,2026-10-10T23:59:59.999Z,1,0,-3,Eminem1Icon,Eminem,179,tileGrid,Size_2_x_1,Selectable Styles!,1,Marshall Never More Bundle,5,br,Backpack_HeavyRoarCarton,Mom's Spaghetti,backpack,icon,Icon Series,Eminem,4,OG,2023-11-28T15:26:41Z
2026-10-10,v2:/269ae58538728a42f94578de942040d249b077642d2ae79bc48c150b9655a50f,[VIRTUAL]1 x TV Off for 500 MtxCurrency,500,500,0,0.0,0,2026-10-08T00:00:00Z,2026-10-11T23:59:59.999Z,1,0,-3,VV1010261,Max Vibes,190,tileGrid,Size_1_x_1,,0,,1,br,EID_MustardRocket,TV Off,emote,icon,Icon Series,,6,3,2025-05-31T00:00:00Z
2026-10-10,v2:/5abbb5060cd940659ce5156523e66f30ebc8efd8256d3dadb8850535e8f6adba,[VIRTUAL]1 x Ring Light To Go for 300 MtxCurrency,300,300,0,0.0,0,2026-10-08T00:00:00Z,2026-10-12T23:59:59.999Z,1,0,-3,QuicheLorraine,Kim Kardashian,184,tileGrid,Size_1_x_1,,0,,1,br,Backpack_QuicheLorraineLime,Ring Light To Go,backpack,icon,Icon Series,Kim Kardashian,7,1,2025-12-12T10:05:30Z
2026-10-10,v2:/bcdedd092eaa8c58e748523a292f011c599d4f265b607ea18fa026dd97b0a85c,"[VIRTUAL]1 x Mace Der, 1 x Mace Der, 1 x Mace Der for 800 MtxCurrency",800,800,0,0.0,0,2026-10-09T00:00:00Z,2026-10-12T23:59:59.999Z,1,0,-3,EsDeeKid,EsDeeKid,185,tileGrid,Size_1_x_1,,0,,3,br,Backpack_StuffRasp_Mic,Mace Der,backpack,icon,Icon Series,EsDeeKid,7,2,2026-05-15T13:01:18Z
2026-10-10,v2:/bcdedd092eaa8c58e748523a292f011c599d4f265b607ea18fa026dd97b0a85c,"[VIRTUAL]1 x Mace Der, 1 x Mace Der, 1 x Mace Der for 800 MtxCurrency",800,800,0,0.0,0,2026-10-09T00:00:00Z,2026-10-12T23:59:59.999Z,1,0,-3,EsDeeKid,EsDeeKid,185,tileGrid,Size_1_x_1,,0,,3,br,Pickaxe_StuffRasp_Mic,Mace Der,pickaxe,icon,Icon Series,EsDeeKid,7,2,2026-05-15T13:01:18Z
2026-10-10,v2:/bcdedd092eaa8c58e748523a292f011c599d4f265b607ea18fa026dd97b0a85c,"[VIRTUAL]1 x Mace Der, 1 x Mace Der, 1 x Mace Der for 800 MtxCurrency",800,800,0,0.0,0,2026-10-09T00:00:00Z,2026-10-12T23:59:59.999Z,1,0,-3,EsDeeKid,EsDeeKid,185,tileGrid,Size_1_x_1,,0,,3,instrument,Sparks_StuffRasp_Mic,Mace Der,mic,icon,Icon Series,,,,2026-05-15T13:01:18Z
2026-10-10,v2:/9e63e26e47e5caa2d24783eeefad0a7372371935e4285961557cd54c7c4eb03e,[VIRTUAL]1 x Surround Sound for 500 MtxCurrency,500,500,0,0.0,0,2026-10-01T00:00:00Z,2026-10-31T23:59:59.999Z,1,0,-11,JT100926NoV,Jam Tracks,180,expandableList,Size_1_x_1,,0,,1,track,sid_placeholder_155,Surround Sound,,,,,,,2024-02-29T00:02:26Z
2026-10-10,v2:/3a15578457989a9e35883aa2c39891928193453ce159bd7905cb96ad6da595b0,[VIRTUAL]1 x Mystery Machine Treads for 400 MtxCurrency,400,400,0,0.0,0,2026-10-09T00:00:00Z,2026-10-13T23:59:59.999Z,1,0,-3,,,,,Size_2_x_1,,0,,1,car,Wheel_Banjo01,Mystery Machine Treads,wheel,uncommon,,,,,2025-10-10T14:24:56Z
2026-10-10,v2:/501bb8d9fdb0994d79a34c746b95642531a631ed0ac908bb39fd2c7b26075f6a,[VIRTUAL]1 x Sockets for 300 MtxCurrency,300,300,0,0.0,0,2026-10-08T00:00:00Z,2026-10-10T23:59:59.999Z,1,0,-4,,,,,Size_1_x_1,,0,,1,br,BID_864_RenegadeSkull,Sockets,backpack,rare,,Bone Scan,2,8,2021-09-28T08:28:21Z
2026-10-10,v2:/f5d9b19c8231ed7239ea043d7d8f20f1472b77151e441b78d1b2bc2ebf76f740,[VIRTUAL]1 x Bag Basher for 500 MtxCurrency,500,500,0,0.0,0,2026-10-08T00:00:00Z,2026-10-12T23:59:59.999Z,1,0,-1,QuicheLorraine,Kim Kardashian,184,tileGrid,Size_1_x_1,,0,,1,br,Pickaxe_QuicheLorraineLime,Bag Basher,pickaxe,icon,Icon Series,Kim Kardashian,7,1,2025-12-12T10:05:30Z
2026-10-10,v2:/fdf03b1b3a1af4ef89f165a67c07ef59e249d7e18f3b364ae77b3223aaaf7712,[VIRTUAL]1 x Take My Breath for 500 MtxCurrency,500,500,0,0.0,0,2026-10-01T00:00:00Z,2026-10-31T23:59:59.999Z,1,0,-34,JT100926NoV,Jam Tracks,180,expandableList,Size_1_x_1,,0,,1,track,sid_placeholder_76,Take My Breath,,,,,,,2023-12-09T15:00:00Z
2026-10-10,v2:/3ed67cb52654f2b06c18c80665a09a1c2dde4e9d817807f64b6fb836c668ee60,[VIRTUAL]1 x Go With The Flow for 500 MtxCurrency,500,500,0,0.0,0,2026-10-01T00:00:00Z,2026-10-31T23:59:59.999Z,1,0,-49,JT100926NoV,Jam Tracks,180,expandableList,Size_1_x_1,,0,,1,track,sid_placeholder_84,Go With The Flow,,,,,,,2023-12-13T00:00:00Z
2026-10-10,v2:/8d602001cd8c0453c9b10c3eb1cb14081958d67a88fe1c19732be416824b50a2,"[VIRTUAL]1 x Skull Trooper , 1 x Ghost Portal for -1 MtxCurrency",1500,1500,0,0.0,0,2026-10-08T00:00:00Z,2026-10-10T23:59:59.999Z,1,0,-2,FNM101026,Locker of Horrors,197,tileGrid,Size_1_x_1,,0,,2,br,CID_030_Athena_Commando_M_Halloween,Skull Trooper ,outfit,epic,,Skull Squad,1,1,2019-11-20T12:50:30Z
2026-10-10,v2:/8d602001cd8c0453c9b10c3eb1cb14081958d67a88fe1c19732be416824b50a2,"[VIRTUAL]1 x Skull Trooper , 1 x Ghost Portal for -1 MtxCurrency",1500,1500,0,0.0,0,2026-10-08T00:00:00Z,2026-10-10T23:59:59.999Z,1,0,-2,FNM101026,Locker of Horrors,197,tileGrid,Size_1_x_1,,0,,2,br,BID_105_GhostPortal,Ghost Portal,backpack,epic,,Skull Squad,1,5,2019-11-20T12:50:39Z
2026-10-10,v2:/dd1d1b373da188c9bd1faecb5091e146a071a0044be169a189e1389b5d440bb5,[VIRTUAL]1 x Chica Chicake for 300 MtxCurrency,300,300,0,0.0,0,2026-10-01T00:00:00Z,2026-10-31T23:59:59.999Z,1,0,-2,5Nights,Five Nights at Freddy's,196,tileGrid,Size_1_x_1,,0,,1,br,Backpack_SushiAware,Chica Chicake,backpack,gaminglegends,Gaming Legends Series,Five Nights at Freddy's,7,4,2026-10-01T08:00:00Z
2026-10-10,v2:/796fa7b6d57ce3ebe5565187f60bc8ed128fba463580a235e6e5b4b90b67f99f,[VIRTUAL]1 x Green Ghost for 1200 MtxCurrency,1200,1200,0,0.0,0,2026-10-09T00:00:00Z,2026-10-13T23:59:59.999Z,1,0,-3,ScoobyAll,Scooby-Doo,187,tileGrid,Size_1_x_1,,0,,1,br,Glider_LycheeNickel,Green Ghost,glider,epic,,Mystery Inc.,6,5,2025-10-10T14:25:13Z
2026-10-10,v2:/9addcc50460976f83ec92e21b281cf25cf4c9af5dfd8a79181e3153cf92eee8a,[VIRTUAL]1 x The Boys Are Back In Town for 500 MtxCurrency,500,500,0,0.0,0,2026-10-09T00:00:00Z,2026-10-15T23:59:59.999Z,1,0,-2,JT100926NoV,Jam Tracks,180,tileGrid,Size_1_x_1,,0,,1,track,sid_placeholder_274,The Boys Are Back In Town,,,,,,,2024-07-26T00:00:00Z
2026-10-10,v2:/c06aa016d2a40dff08548fbdfa012a4f9506ad70b33e7d7e4da3c6ff7a816f0e,"[VIRTUAL]1 x Core Knight Talus, 1 x Kinesis Core for -1 MtxCurrency",1200,1200,0,0.0,0,2026-10-10T00:00:00Z,2026-10-10T23:59:59.999Z,1,0,-1,BR101026,Loadout Goals ,181,tileGrid,Size_1_x_1,,0,,2,br,Character_BiruFang,Core Knight Talus,outfit,rare,,Kinetic Knight,4,3,2023-07-29T05:32:56Z
2026-10-10,v2:/c06aa016d2a40dff08548fbdfa012a4f9506ad70b33e7d7e4da3c6ff7a816f0e,"[VIRTUAL]1 x Core Knight Talus, 1 x Kinesis Core for -1 MtxCurrency",1200,1200,0,0.0,0,2026-10-10T00:00:00Z,2026-10-10T23:59:59.999Z,1,0,-1,BR101026,Loadout Goals ,181,tileGrid,Size_1_x_1,,0,,2,br,Backpack_BiruFang,Kinesis Core,backpack,rare,,Kinetic Knight,4,3,2023-07-29T05:32:56Z
2026-10-10,v2:/d43a702c7ef864b7dfdb0d1edf31689eb2ae1dad3da6e61cce26a1dbf116251c,[VIRTUAL]1 x Freddy's Back Boiler for 500 MtxCurrency,500,500,0,0.0,0,2026-10-03T00:00:00Z,2026-10-16T23:59:59.999Z,1,0,-1,Freddy2,A Nightmare on Elm Street,193,tileGrid,Size_1_x_1,,0,,1,br,Backpack_ApronChow,Freddy's Back Boiler,backpack,rare,,Freddy Krueger,7,4,2026-10-02T13:00:13Z
2026-10-10,v2:/13eaf0f10cf91755393c1bf4abb8eea86b2b47b40c258214e07c043fcb235ebd,[VIRTUAL]1 x Marius for 800 MtxCurrency,800,800,0,0.0,0,2026-10-06T00:00:00Z,2026-10-12T23:59:59.999Z,1,0,-4,NoSweat100626,No Sweat,183,tileGrid,Size_1_x_1,,0,,1,br,CID_A_095_Athena_Commando_M_DoubleAgentGrey,Marius,outfit,uncommon,,Metro Runner,2,6,2021-05-11T08:22:29Z
2026-10-10,v2:/7759b9c04980bcc7b6bccd7efa23cafd6b73ba0e35960dac194ca66007910d2f,[VIRTUAL]1 x (Don't Fear) The Reaper for 500 MtxCurrency,500,500,0,0.0,0,2026-10-01T00:00:00Z,2026-10-17T23:59:59.999Z,1,0,-8,JT100926NoV,Jam Tracks,180,expandableList,Size_1_x_1,,0,,1,track,sid_placeholder_20,(Don't Fear) The Reaper,,,,,,,2024-03-20T00:05:45Z
2026-10-10,v2:/72c7c63530fc377273361732b6fc3a1f2359f3244310f66dc936673dfb26ce82,[VIRTUAL]1 x Daywalker's Kata for 300 MtxCurrency,300,300,0,0.0,0,2026-10-10T00:00:00Z,2026-10-13T23:59:59.999Z,1,0,-4,FNMBlade,Marvel,188,tileGrid,Size_1_x_1,,0,,1,br,EID_Backspin_R3NAI,Daywalker's Kata,emote,marvel,MARVEL SERIES,Blade,2,4,2020-09-25T00:00:00Z
2026-10-10,v2:/68161efd69684fe6c589343cbfb72db399fee3a8e9341f2ef35d9bd7ce99e90a,[VIRTUAL]1 x Haute Couture for 500 MtxCurrency,500,500,0,0.0,0,2026-10-10T00:00:00Z,2026-10-13T23:59:59.999Z,1,0,-2,VV1010261,Max Vibes,190,tileGrid,Size_1_x_1,,0,,1,br,EID_HotFashion,Haute Couture,emote,icon,Icon Series,,7,1,2025-12-22T00:00:00Z
2026-10-10,v2:/c2bc90bddb78d18d02000824341c553e44ca8cec8a7ca5e4ff060a8152b59a6a,[VIRTUAL]1 x Breed for 500 MtxCurrency,500,500,0,0.0,0,2026-10-01T00:00:00Z,2026-10-31T23:59:59.999Z,1,0,-9,JT100926NoV,Jam Tracks,180,expandableList,Size_1_x_1,,0,,1,track,sid_placeholder_201,Breed,,,,,,,2024-04-30T14:34:03Z
2026-10-10,v2:/7bd3f283b605a1521f5b700566a091b723a42e3b1a80eed890cca529d5193dcd,[VIRTUAL]1 x Creepy Candelabra for 800 MtxCurrency,800,800,0,0.0,0,2026-10-09T00:00:00Z,2026-10-13T23:59:59.999Z,1,0,-3,ScoobyAll,Scooby-Doo,187,tileGrid,Size_1_x_1,Reactive to weak points!,0,,1,br,Pickaxe_ArcanaAgate,Creepy Candelabra,pickaxe,rare,,Mystery Inc.,6,5,2025-10-10T14:25:13Z
2026-10-10,v2:/385bda9ebe17d81e23c380776f3e4910c422cf61e4515e52f6d0fc83bd6f38c4,"[VIRTUAL]1 x 007's Aston Martin DB5, 1 x Reel Life, 1 x Solid Gold, 1 x Aston Martin DB5, 1 x Flames, 1 x Stripes, 1 x Wings, 1 x Lightning, 1 x 007's Aston Martin DB5 for -1 MtxCurrency",2000,2000,0,0.0,0,2026-10-06T00:00:00Z,2026-10-12T23:59:59.999Z,1,0,-1,007AstonMartinDB5,Aston Martin DB5 ,177,tileGrid,Size_3_x_1,Decals in this bundle are restricted to the 007’s Aston Martin DB5 body.,1,007’s Aston Martin DB5,9,car,CarBody_Amber,007's Aston Martin DB5,body,uncommon,ASTON MARTIN SERIES,,,,2026-04-16T08:20:44Z
2026-10-10,v2:/385bda9ebe17d81e23c380776f3e4910c422cf61e4515e52f6d0fc83bd6f38c4,"[VIRTUAL]1 x 007's Aston Martin DB5, 1 x Reel Life, 1 x Solid Gold, 1 x Aston Martin DB5, 1 x Flames, 1 x Stripes, 1 x Wings, 1 x Lightning, 1 x 007's Aston Martin DB5 for -1 MtxCurrency",2000,2000,0,0.0,0,2026-10-06T00:00:00Z,2026-10-12T23:59:59.999Z,1,0,-1,007AstonMartinDB5,Aston Martin DB5 ,177,tileGrid,Size_3_x_1,Decals in this bundle are restricted to the 007’s Aston Martin DB5 body.,1,007’s Aston Martin DB5,9,car,CarSkin_Amber,Reel Life,skin,common,ASTON MARTIN SERIES,,,,2026-04-16T08:20:44Z
2026-10-10,v2:/385bda9ebe17d81e23c380776f3e4910c422cf61e4515e52f6d0fc83bd6f38c4,"[VIRTUAL]1 x 007's Aston Martin DB5, 1 x Reel Life, 1 x Solid Gold, 1 x Aston Martin DB5, 1 x Flames, 1 x Stripes, 1 x Wings, 1 x Lightning, 1 x 007's Aston Martin DB5 for -1 MtxCurrency",2000,2000,0,0.0,0,2026-10-06T00:00:00Z,2026-10-12T23:59:59.999Z,1,0,-1,007AstonMartinDB5,Aston Martin DB5 ,177,tileGrid,Size_3_x_1,Decals in this bundle are restricted to the 007’s Aston Martin DB5 body.,1,007’s Aston Martin DB5,9,car,CarSkin_AmberLivery01,Solid Gold,skin,uncommon,ASTON MARTIN SERIES,,,,2026-04-16T08:20:44Z
2026-10-10,v2:/385bda9ebe17d81e23c380776f3e4910c422cf61e4515e52f6d0fc83bd6f38c4,"[VIRTUAL]1 x 007's Aston Martin DB5, 1 x Reel Life, 1 x Solid Gold, 1 x Aston Martin DB5, 1 x Flames, 1 x Stripes, 1 x Wings, 1 x Lightning, 1 x 007's Aston Martin DB5 for -1 MtxCurrency",2000,2000,0,0.0,0,2026-10-06T00:00:00Z,2026-10-12T23:59:59.999Z,1,0,-1,007AstonMartinDB5,Aston Martin DB5 ,177,tileGrid,Size_3_x_1,Decals in this bundle are restricted to the 007’s Aston Martin DB5 body.,1,007’s Aston Martin DB5,9,car,CarSkin_AmberDefault,Aston Martin DB5,skin,common,ASTON MARTIN SERIES,,,,2026-04-16T08:20:44Z
2026-10-10,v2:/385bda9ebe17d81e23c380776f3e4910c422cf61e4515e52f6d0fc83bd6f38c4,"[VIRTUAL]1 x 007's Aston Martin DB5, 1 x Reel Life, 1 x Solid Gold, 1 x Aston Martin DB5, 1 x Flames, 1 x Stripes, 1 x Wings, 1 x Lightning, 1 x 007's Aston Martin DB5 for -1 MtxCurrency",2000,2000,0,0.0,0,2026-10-06T00:00:00Z,2026-10-12T23:59:59.999Z,1,0,-1,007AstonMartinDB5,Aston Martin DB5 ,177,tileGrid,Size_3_x_1,Decals in this bundle are restricted to the 007’s Aston Martin DB5 body.,1,007’s Aston Martin DB5,9,car,CarSkin_AmberFlames,Flames,skin,common,ASTON MARTIN SERIES,,,,2026-04-16T08:20:44Z
2026-10-10,v2:/385bda9ebe17d81e23c380776f3e4910c422cf61e4515e52f6d0fc83bd6f38c4,"[VIRTUAL]1 x 007's Aston Martin DB5, 1 x Reel Life, 1 x Solid Gold, 1 x Aston Martin DB5, 1 x Flames, 1 x Stripes, 1 x Wings, 1 x Lightning, 1 x 007's Aston Martin DB5 for -1 MtxCurrency",2000,2000,0,0.0,0,2026-10-06T00:00:00Z,2026-10-12T23:59:59.999Z,1,0,-1,007AstonMartinDB5,Aston Martin DB5 ,177,tileGrid,Size_3_x_1,Decals in this bundle are restricted to the 007’s Aston Martin DB5 body.,1,007’s Aston Martin DB5,9,car,CarSkin_AmberStripes,Stripes,skin,common,ASTON MARTIN SERIES,,,,2026-04-16T08:20:44Z
2026-10-10,v2:/385bda9ebe17d81e23c380776f3e4910c422cf61e4515e52f6d0fc83bd6f38c4,"[VIRTUAL]1 x 007's Aston Martin DB5, 1 x Reel Life, 1 x Solid Gold, 1 x Aston Martin DB5, 1 x Flames, 1 x Stripes, 1 x Wings, 1 x Lightning, 1 x 007's Aston Martin DB5 for -1 MtxCurrency",2000,2000,0,0.0,0,2026-10-06T00:00:00Z,2026-10-12T23:59:59.999Z,1,0,-1,007AstonMartinDB5,Aston Martin DB5 ,177,tileGrid,Size_3_x_1,Decals in this bundle are restricted to the 007’s Aston Martin DB5 body.,1,007’s Aston Martin DB5,9,car,CarSkin_AmberWings,Wings,skin,common,ASTON MARTIN SERIES,,,,2026-04-16T08:20:44Z
2026-10-10,v2:/385bda9ebe17d81e23c380776f3e4910c422cf61e4515e52f6d0fc83bd6f38c4,"[VIRTUAL]1 x 007's Aston Martin DB5, 1 x Reel Life, 1 x Solid Gold, 1 x Aston Martin DB5, 1 x Flames, 1 x Stripes, 1 x Wings, 1 x Lightning, 1 x 007's Aston Martin DB5 for -1 MtxCurrency",2000,2000,0,0.0,0,2026-10-06T00:00:00Z,2026-10-12T23:59:59.999Z,1,0,-1,007AstonMartinDB5,Aston Martin DB5 ,177,tileGrid,Size_3_x_1,Decals in this bundle are restricted to the 007’s Aston Martin DB5 body.,1,007’s Aston Martin DB5,9,car,CarSkin_AmberLightning,Lightning,skin,common,ASTON MARTIN SERIES,,,,2026-04-16T08:20:44Z
2026-10-10,v2:/385bda9ebe17d81e23c380776f3e4910c422cf61e4515e52f6d0fc83bd6f38c4,"[VIRTUAL]1 x 007's Aston Martin DB5, 1 x Reel Life, 1 x Solid Gold, 1 x Aston Martin DB5, 1 x Flames, 1 x Stripes, 1 x Wings, 1 x Lightning, 1 x 007's Aston Martin DB5 for -1 MtxCurrency",2000,2000,0,0.0,0,2026-10-06T00:00:00Z,2026-10-12T23:59:59.999Z,1,0,-1,007AstonMartinDB5,Aston Martin DB5 ,177,tileGrid,Size_3_x_1,Decals in this bundle are restricted to the 007’s Aston Martin DB5 body.,1,007’s Aston Martin DB5,9,car,Wheel_Amber,007's Aston Martin DB5,wheel,uncommon,ASTON MARTIN SERIES,,,,2026-04-16T08:20:44Z
2026-10-10,v2:/06248e8783ffa8bc94d47c195b4731b5b061ab66c79b2f9ddbd23d4ef4670c31,[VIRTUAL]1 x Krueger Specials for 800 MtxCurrency,800,800,0,0.0,0,2026-10-03T00:00:00Z,2026-10-16T23:59:59.999Z,1,0,-2,Freddy2,A Nightmare on Elm Street,193,tileGrid,Size_1_x_1,,0,,1,br,Shoes_ApronChow,Krueger Specials,shoe,uncommon,,Freddy Krueger,7,4,2026-10-01T18:37:28Z
2026-10-10,v2:/b0ad8ea76677104710673ab6c64e43304ca20f62b1ccf5c819b5c70df808ea05,[VIRTUAL]1 x Scooby Gang Run for 500 MtxCurrency,500,500,0,0.0,0,2026-10-09T00:00:00Z,2026-10-13T23:59:59.999Z,1,0,-1,ScoobyAll,Scooby-Doo,187,tileGrid,Size_1_x_1,,0,,1,br,EID_LycheeNickel,Scooby Gang Run,emote,uncommon,,Mystery Inc.,6,5,2025-10-10T14:25:13Z
2026-10-10,v2:/8c6c637717ebf06b306497aae6624781715a652ff5695c4fa0b5bd36bd106a9d,"[VIRTUAL]1 x Freddy Krueger, 1 x Freddy's Glove, 1 x Freddy's Coming, 1 x Freddy's Back Boiler, 1 x Freddy's Flames, 1 x Krueger Specials, 1 x Freddy's Boilermaker, 1 x Freddy's Boilermaker, 1 x Freddy's Boilermaker for -1 MtxCurrency",4700,2300,2400,0.5106,1,2026-10-03T00:00:00Z,2026-10-16T23:59:59.999Z,1,0,-1,Freddy2,A Nightmare on Elm Street,193,tileGrid,Size_4_x_1,,1,A Nightmare on Elm Street Bundle,9,br,Character_ApronChow,Freddy Krueger,outfit,epic,,Freddy Krueger,7,4,2026-10-02T13:00:13Z
2026-10-10,v2:/8c6c637717ebf06b306497aae6624781715a652ff5695c4fa0b5bd36bd106a9d,"[VIRTUAL]1 x Freddy Krueger, 1 x Freddy's Glove, 1 x Freddy's Coming, 1 x Freddy's Back Boiler, 1 x Freddy's Flames, 1 x Krueger Specials, 1 x Freddy's Boilermaker, 1 x Freddy's Boilermaker, 1 x Freddy's Boilermaker for -1 MtxCurrency",4700,2300,2400,0.5106,1,2026-10-03T00:00:00Z,2026-10-16T23:59:59.999Z,1,0,-1,Freddy2,A Nightmare on Elm Street,193,tileGrid,Size_4_x_1,,1,A Nightmare on Elm Street Bundle,9,br,Pickaxe_ApronChow,Freddy's Glove,pickaxe,rare,,Freddy Krueger,7,4,2026-10-02T13:00:13Z
2026-10-10,v2:/8c6c637717ebf06b306497aae6624781715a652ff5695c4fa0b5bd36bd106a9d,"[VIRTUAL]1 x Freddy Krueger, 1 x Freddy's Glove, 1 x Freddy's Coming, 1 x Freddy's Back Boiler, 1 x Freddy's Flames, 1 x Krueger Specials, 1 x Freddy's Boilermaker, 1 x Freddy's Boilermaker, 1 x Freddy's Boilermaker for -1 MtxCurrency",4700,2300,2400,0.5106,1,2026-10-03T00:00:00Z,2026-10-16T23:59:59.999Z,1,0,-1,Freddy2,A Nightmare on Elm Street,193,tileGrid,Size_4_x_1,,1,A Nightmare on Elm Street Bundle,9,br,EID_ApronChow,Freddy's Coming,emote,uncommon,,Freddy Krueger,7,4,2026-10-02T13:00:13Z
2026-10-10,v2:/8c6c637717ebf06b306497aae6624781715a652ff5695c4fa0b5bd36bd106a9d,"[VIRTUAL]1 x Freddy Krueger, 1 x Freddy's Glove, 1 x Freddy's Coming, 1 x Freddy's Back Boiler, 1 x Freddy's Flames, 1 x Krueger Specials, 1 x Freddy's Boilermaker, 1 x Freddy's Boilermaker, 1 x Freddy's Boilermaker for -1 MtxCurrency",4700,2300,2400,0.5106,1,2026-10-03T00:00:00Z,2026-10-16T23:59:59.999Z,1,0,-1,Freddy2,A Nightmare on Elm Street,193,tileGrid,Size_4_x_1,,1,A Nightmare on Elm Street Bundle,9,br,Backpack_ApronChow,Freddy's Back Boiler,backpack,rare,,Freddy Krueger,7,4,2026-10-02T13:00:13Z
2026-10-10,v2:/8c6c637717ebf06b306497aae6624781715a652ff5695c4fa0b5bd36bd106a9d,"[VIRTUAL]1 x Freddy Krueger, 1 x Freddy's Glove, 1 x Freddy's Coming, 1 x Freddy's Back Boiler, 1 x Freddy's Flames, 1 x Krueger Specials, 1 x Freddy's Boilermaker, 1 x Freddy's Boilermaker, 1 x Freddy's Boilermaker for -1 MtxCurrency",4700,2300,2400,0.5106,1,2026-10-03T00:00:00Z,2026-10-16T23:59:59.999Z,1,0,-1,Freddy2,A Nightmare on Elm Street,193,tileGrid,Size_4_x_1,,1,A Nightmare on Elm Street Bundle,9,br,Wrap_ApronChow,Freddy's Flames,wrap,rare,,Freddy Krueger,7,4,2026-10-02T13:00:13Z
2026-10-10,v2:/8c6c637717ebf06b306497aae6624781715a652ff5695c4fa0b5bd36bd106a9d,"[VIRTUAL]1 x Freddy Krueger, 1 x Freddy's Glove, 1 x Freddy's Coming, 1 x Freddy's Back Boiler, 1 x Freddy's Flames, 1 x Krueger Specials, 1 x Freddy's Boilermaker, 1 x Freddy's Boilermaker, 1 x Freddy's Boilermaker for -1 MtxCurrency",4700,2300,2400,0.5106,1,2026-10-03T00:00:00Z,2026-10-16T23:59:59.999Z,1,0,-1,Freddy2,A Nightmare on Elm Street,193,tileGrid,Size_4_x_1,,1,A Nightmare on Elm Street Bundle,9,br,Shoes_ApronChow,Krueger Specials,shoe,uncommon,,Freddy Krueger,7,4,2026-10-01T18:37:28Z
2026-10-10,v2:/8c6c637717ebf06b306497aae6624781715a652ff5695c4fa0b5bd36bd106a9d,"[VIRTUAL]1 x Freddy Krueger, 1 x Freddy's Glove, 1 x Freddy's Coming, 1 x Freddy's Back Boiler, 1 x Freddy's Flames, 1 x Krueger Specials, 1 x Freddy's Boilermaker, 1 x Freddy's Boilermaker, 1 x Freddy's Boilermaker for -1 MtxCurrency",4700,2300,2400,0.5106,1,2026-10-03T00:00:00Z,2026-10-16T23:59:59.999Z,1,0,-1,Freddy2,A Nightmare on Elm Street,193,tileGrid,Size_4_x_1,,1,A Nightmare on Elm Street Bundle,9,br,Backpack_ApronChow_Guitar,Freddy's Boilermaker,backpack,rare,,Freddy Krueger,7,4,2026-10-02T13:00:13Z
2026-10-10,v2:/8c6c637717ebf06b306497aae6624781715a652ff5695c4fa0b5bd36bd106a9d,"[VIRTUAL]1 x Freddy Krueger, 1 x Freddy's Glove, 1 x Freddy's Coming, 1 x Freddy's Back Boiler, 1 x Freddy's Flames, 1 x Krueger Specials, 1 x Freddy's Boilermaker, 1 x Freddy's Boilermaker, 1 x Freddy's Boilermaker for -1 MtxCurrency",4700,2300,2400,0.5106,1,2026-10-03T00:00:00Z,2026-10-16T23:59:59.999Z,1,0,-1,Freddy2,A Nightmare on Elm Street,193,tileGrid,Size_4_x_1,,1,A Nightmare on Elm Street Bundle,9,br,Pickaxe_ApronChow_Guitar,Freddy's Boilermaker,pickaxe,rare,,Freddy Krueger,7,4,2026-10-02T13:00:13Z
2026-10-10,v2:/8c6c637717ebf06b306497aae6624781715a652ff5695c4fa0b5bd36bd106a9d,"[VIRTUAL]1 x Freddy Krueger, 1 x Freddy's Glove, 1 x Freddy's Coming, 1 x Freddy's Back Boiler, 1 x Freddy's Flames, 1 x Krueger Specials, 1 x Freddy's Boilermaker, 1 x Freddy's Boilermaker, 1 x Freddy's Boilermaker for -1 MtxCurrency",4700,2300,2400,0.5106,1,2026-10-03T00:00:00Z,2026-10-16T23:59:59.999Z,1,0,-1,Freddy2,A Nightmare on Elm Street,193,tileGrid,Size_4_x_1,,1,A Nightmare on Elm Street Bundle,9,instrument,Sparks_ApronChow_Guitar,Freddy's Boilermaker,guitar,common,,,,,2026-10-02T13:00:13Z
2026-10-10,v2:/ea51fa9751c5ec3920558927817ca2abe19394659ff778f42d8fe6d3ccd39166,"[VIRTUAL]1 x Daphne Blake, 1 x Velma Dinkley, 1 x Fred Jones, 1 x Creepy Candelabra, 1 x Velma's Investigation Kit, 1 x Black Knight's Helm, 1 x Daphne's Mystery Locket, 1 x Sarah Ravencroft's Spellbook, 1 x The Black Knight, 1 x Creepy Canvas, 1 x Search for Clues, 1 x Lil' Mystery Machine, 1 x Mystery Inc. Strummer, 1 x Mystery Inc. Strummer, 1 x Mystery Inc. Strummer for -1 MtxCurrency",9400,3800,5600,0.5957,1,2026-10-09T00:00:00Z,2026-10-13T23:59:59.999Z,1,0,-2,ScoobyAll,Scooby-Doo,187,tileGrid,Size_1_x_1,,1,Mystery Inc. Bundle,15,br,Character_ArcanaAgate,Daphne Blake,outfit,epic,,Mystery Inc.,6,5,2025-10-09T08:45:50Z
2026-10-10,v2:/ea51fa9751c5ec3920558927817ca2abe19394659ff778f42d8fe6d3ccd39166,"[VIRTUAL]1 x Daphne Blake, 1 x Velma Dinkley, 1 x Fred Jones, 1 x Creepy Candelabra, 1 x Velma's Investigation Kit, 1 x Black Knight's Helm, 1 x Daphne's Mystery Locket, 1 x Sarah Ravencroft's Spellbook, 1 x The Black Knight, 1 x Creepy Canvas, 1 x Search for Clues, 1 x Lil' Mystery Machine, 1 x Mystery Inc. Strummer, 1 x Mystery Inc. Strummer, 1 x Mystery Inc. Strummer for -1 MtxCurrency",9400,3800,5600,0.5957,1,2026-10-09T00:00:00Z,2026-10-13T23:59:59.999Z,1,0,-2,ScoobyAll,Scooby-Doo,187,tileGrid,Size_1_x_1,,1,Mystery Inc. Bundle,15,br,Character_BaskIsle,Velma Dinkley,outfit,epic,,Mystery Inc.,6,5,2025-10-09T08:45:50Z
2026-10-10,v2:/ea51fa9751c5ec3920558927817ca2abe19394659ff778f42d8fe6d3ccd39166,"[VIRTUAL]1 x Daphne Blake, 1 x Velma Dinkley, 1 x Fred Jones, 1 x Creepy Candelabra, 1 x Velma's Investigation Kit, 1 x Black Knight's Helm, 1 x Daphne's Mystery Locket, 1 x Sarah Ravencroft's Spellbook, 1 x The Black Knight, 1 x Creepy Canvas, 1 x Search for Clues, 1 x Lil' Mystery Machine, 1 x Mystery Inc. Strummer, 1 x Mystery Inc. Strummer, 1 x Mystery Inc. Strummer for -1 MtxCurrency",9400,3800,5600,0.5957,1,2026-10-09T00:00:00Z,2026-10-13T23:59:59.999Z,1,0,-2,ScoobyAll,Scooby-Doo,187,tileGrid,Size_1_x_1,,1,Mystery Inc. Bundle,15,br,Character_OboeThorn,Fred Jones,outfit,epic,,Mystery Inc.,6,5,2025-10-09T08:45:50Z
2026-10-10,v2:/ea51fa9751c5ec3920558927817ca2abe19394659ff778f42d8fe6d3ccd39166,"[VIRTUAL]1 x Daphne Blake, 1 x Velma Dinkley, 1 x Fred Jones, 1 x Creepy Candelabra, 1 x Velma's Investigation Kit, 1 x Black Knight's Helm, 1 x Daphne's Mystery Locket, 1 x Sarah Ravencroft's Spellbook, 1 x The Black Knight, 1 x Creepy Canvas, 1 x Search for Clues, 1 x Lil' Mystery Machine, 1 x Mystery Inc. Strummer, 1 x Mystery Inc. Strummer, 1 x Mystery Inc. Strummer for -1 MtxCurrency",9400,3800,5600,0.5957,1,2026-10-09T00:00:00Z,2026-10-13T23:59:59.999Z,1,0,-2,ScoobyAll,Scooby-Doo,187,tileGrid,Size_1_x_1,,1,Mystery Inc. Bundle,15,br,Pickaxe_ArcanaAgate,Creepy Candelabra,pickaxe,rare,,Mystery Inc.,6,5,2025-10-10T14:25:13Z
2026-10-10,v2:/ea51fa9751c5ec3920558927817ca2abe19394659ff778f42d8fe6d3ccd39166,"[VIRTUAL]1 x Daphne Blake, 1 x Velma Dinkley, 1 x Fred Jones, 1 x Creepy Candelabra, 1 x Velma's Investigation Kit, 1 x Black Knight's Helm, 1 x Daphne's Mystery Locket, 1 x Sarah Ravencroft's Spellbook, 1 x The Black Knight, 1 x Creepy Canvas, 1 x Search for Clues, 1 x Lil' Mystery Machine, 1 x Mystery Inc. Strummer, 1 x Mystery Inc. Strummer, 1 x Mystery Inc. Strummer for -1 MtxCurrency",9400,3800,5600,0.5957,1,2026-10-09T00:00:00Z,2026-10-13T23:59:59.999Z,1,0,-2,ScoobyAll,Scooby-Doo,187,tileGrid,Size_1_x_1,,1,Mystery Inc. Bundle,15,br,Pickaxe_BaskIsle,Velma's Investigation Kit,pickaxe,rare,,Mystery Inc.,6,5,2025-10-10T14:25:13Z
2026-10-10,v2:/ea51fa9751c5ec3920558927817ca2abe19394659ff778f42d8fe6d3ccd39166,"[VIRTUAL]1 x Daphne Blake, 1 x Velma Dinkley, 1 x Fred Jones, 1 x Creepy Candelabra, 1 x Velma's Investigation Kit, 1 x Black Knight's Helm, 1 x Daphne's Mystery Locket, 1 x Sarah Ravencroft's Spellbook, 1 x The Black Knight, 1 x Creepy Canvas, 1 x Search for Clues, 1 x Lil' Mystery Machine, 1 x Mystery Inc. Strummer, 1 x Mystery Inc. Strummer, 1 x Mystery Inc. Strummer for -1 MtxCurrency",9400,3800,5600,0.5957,1,2026-10-09T00:00:00Z,2026-10-13T23:59:59.999Z,1,0,-2,ScoobyAll,Scooby-Doo,187,tileGrid,Size_1_x_1,,1,Mystery Inc. Bundle,15,br,Pickaxe_OboeThorn,Black Knight's Helm,pickaxe,rare,,Mystery Inc.,6,5,2025-10-10T14:25:13Z
2026-10-10,v2:/ea51fa9751c5ec3920558927817ca2abe19394659ff778f42d8fe6d3ccd39166,"[VIRTUAL]1 x Daphne Blake, 1 x Velma Dinkley, 1 x Fred Jones, 1 x Creepy Candelabra, 1 x Velma's Investigation Kit, 1 x Black Knight's Helm, 1 x Daphne's Mystery Locket, 1 x Sarah Ravencroft's Spellbook, 1 x The Black Knight, 1 x Creepy Canvas, 1 x Search for Clues, 1 x Lil' Mystery Machine, 1 x Mystery Inc. Strummer, 1 x Mystery Inc. Strummer, 1 x Mystery Inc. Strummer for -1 MtxCurrency",9400,3800,5600,0.5957,1,2026-10-09T00:00:00Z,2026-10-13T23:59:59.999Z,1,0,-2,ScoobyAll,Scooby-Doo,187,tileGrid,Size_1_x_1,,1,Mystery Inc. Bundle,15,br,Backpack_ArcanaAgate,Daphne's Mystery Locket,backpack,rare,,Mystery Inc.,6,5,2025-10-10T14:25:13Z
2026-10-10,v2:/ea51fa9751c5ec3920558927817ca2abe19394659ff778f42d8fe6d3ccd39166,"[VIRTUAL]1 x Daphne Blake, 1 x Velma Dinkley, 1 x Fred Jones, 1 x Creepy Candelabra, 1 x Velma's Investigation Kit, 1 x Black Knight's Helm, 1 x Daphne's Mystery Locket, 1 x Sarah Ravencroft's Spellbook, 1 x The Black Knight, 1 x Creepy Canvas, 1 x Search for Clues, 1 x Lil' Mystery Machine, 1 x Mystery Inc. Strummer, 1 x Mystery Inc. Strummer, 1 x Mystery Inc. Strummer for -1 MtxCurrency",9400,3800,5600,0.5957,1,2026-10-09T00:00:00Z,2026-10-13T23:59:59.999Z,1,0,-2,ScoobyAll,Scooby-Doo,187,tileGrid,Size_1_x_1,,1,Mystery Inc. Bundle,15,br,Backpack_BaskIsle,Sarah Ravencroft's Spellbook,backpack,rare,,Mystery Inc.,6,5,2025-10-10T14:25:13Z
2026-10-10,v2:/ea51fa9751c5ec3920558927817ca2abe19394659ff778f42d8fe6d3ccd39166,"[VIRTUAL]1 x Daphne Blake, 1 x Velma Dinkley, 1 x Fred Jones, 1 x Creepy Candelabra, 1 x Velma's Investigation Kit, 1 x Black Knight's Helm, 1 x Daphne's Mystery Locket, 1 x Sarah Ravencroft's Spellbook, 1 x The Black Knight, 1 x Creepy Canvas, 1 x Search for Clues, 1 x Lil' Mystery Machine, 1 x Mystery Inc. Strummer, 1 x Mystery Inc. Strummer, 1 x Mystery Inc. Strummer for -1 MtxCurrency",9400,3800,5600,0.5957,1,2026-10-09T00:00:00Z,2026-10-13T23:59:59.999Z,1,0,-2,ScoobyAll,Scooby-Doo,187,tileGrid,Size_1_x_1,,1,Mystery Inc. Bundle,15,br,Backpack_OboeThorn,The Black Knight,backpack,rare,,Mystery Inc.,6,5,2025-10-10T14:25:13Z
2026-10-10,v2:/ea51fa9751c5ec3920558927817ca2abe19394659ff778f42d8fe6d3ccd39166,"[VIRTUAL]1 x Daphne Blake, 1 x Velma Dinkley, 1 x Fred Jones, 1 x Creepy Candelabra, 1 x Velma's Investigation Kit, 1 x Black Knight's Helm, 1 x Daphne's Mystery Locket, 1 x Sarah Ravencroft's Spellbook, 1 x The Black Knight, 1 x Creepy Canvas, 1 x Search for Clues, 1 x Lil' Mystery Machine, 1 x Mystery Inc. Strummer, 1 x Mystery Inc. Strummer, 1 x Mystery Inc. Strummer for -1 MtxCurrency",9400,3800,5600,0.5957,1,2026-10-09T00:00:00Z,2026-10-13T23:59:59.999Z,1,0,-2,ScoobyAll,Scooby-Doo,187,tileGrid,Size_1_x_1,,1,Mystery Inc. Bundle,15,br,EID_ArcanaAgate,Creepy Canvas,emote,uncommon,,Mystery Inc.,6,5,2025-10-10T14:25:13Z
2026-10-10,v2:/ea51fa9751c5ec3920558927817ca2abe19394659ff778f42d8fe6d3ccd39166,"[VIRTUAL]1 x Daphne Blake, 1 x Velma Dinkley, 1 x Fred Jones, 1 x Creepy Candelabra, 1 x Velma's Investigation Kit, 1 x Black Knight's Helm, 1 x Daphne's Mystery Locket, 1 x Sarah Ravencroft's Spellbook, 1 x The Black Knight, 1 x Creepy Canvas, 1 x Search for Clues, 1 x Lil' Mystery Machine, 1 x Mystery Inc. Strummer, 1 x Mystery Inc. Strummer, 1 x Mystery Inc. Strummer for -1 MtxCurrency",9400,3800,5600,0.5957,1,2026-10-09T00:00:00Z,2026-10-13T23:59:59.999Z,1,0,-2,ScoobyAll,Scooby-Doo,187,tileGrid,Size_1_x_1,,1,Mystery Inc. Bundle,15,br,EID_BaskIsle,Search for Clues,emote,uncommon,,Mystery Inc.,6,5,2025-10-09T08:45:50Z
2026-10-10,v2:/ea51fa9751c5ec3920558927817ca2abe19394659ff778f42d8fe6d3ccd39166,"[VIRTUAL]1 x Daphne Blake, 1 x Velma Dinkley, 1 x Fred Jones, 1 x Creepy Candelabra, 1 x Velma's Investigation Kit, 1 x Black Knight's Helm, 1 x Daphne's Mystery Locket, 1 x Sarah Ravencroft's Spellbook, 1 x The Black Knight, 1 x Creepy Canvas, 1 x Search for Clues, 1 x Lil' Mystery Machine, 1 x Mystery Inc. Strummer, 1 x Mystery Inc. Strummer, 1 x Mystery Inc. Strummer for -1 MtxCurrency",9400,3800,5600,0.5957,1,2026-10-09T00:00:00Z,2026-10-13T23:59:59.999Z,1,0,-2,ScoobyAll,Scooby-Doo,187,tileGrid,Size_1_x_1,,1,Mystery Inc. Bundle,15,br,EID_OboeThorn,Lil' Mystery Machine,emote,uncommon,,Mystery Inc.,6,5,2025-10-10T14:25:13Z
2026-10-10,v2:/ea51fa9751c5ec3920558927817ca2abe19394659ff778f42d8fe6d3ccd39166,"[VIRTUAL]1 x Daphne Blake, 1 x Velma Dinkley, 1 x Fred Jones, 1 x Creepy Candelabra, 1 x Velma's Investigation Kit, 1 x Black Knight's Helm, 1 x Daphne's Mystery Locket, 1 x Sarah Ravencroft's Spellbook, 1 x The Black Knight, 1 x Creepy Canvas, 1 x Search for Clues, 1 x Lil' Mystery Machine, 1 x Mystery Inc. Strummer, 1 x Mystery Inc. Strummer, 1 x Mystery Inc. Strummer for -1 MtxCurrency",9400,3800,5600,0.5957,1,2026-10-09T00:00:00Z,2026-10-13T23:59:59.999Z,1,0,-2,ScoobyAll,Scooby-Doo,187,tileGrid,Size_1_x_1,,1,Mystery Inc. Bundle,15,br,Backpack_LycheeNickel_Guitar,Mystery Inc. Strummer,backpack,rare,,Mystery Inc.,6,5,2025-10-10T14:25:13Z
2026-10-10,v2:/ea51fa9751c5ec3920558927817ca2abe19394659ff778f42d8fe6d3ccd39166,"[VIRTUAL]1 x Daphne Blake, 1 x Velma Dinkley, 1 x Fred Jones, 1 x Creepy Candelabra, 1 x Velma's Investigation Kit, 1 x Black Knight's Helm, 1 x Daphne's Mystery Locket, 1 x Sarah Ravencroft's Spellbook, 1 x The Black Knight, 1 x Creepy Canvas, 1 x Search for Clues, 1 x Lil' Mystery Machine, 1 x Mystery Inc. Strummer, 1 x Mystery Inc. Strummer, 1 x Mystery Inc. Strummer for -1 MtxCurrency",9400,3800,5600,0.5957,1,2026-10-09T00:00:00Z,2026-10-13T23:59:59.999Z,1,0,-2,ScoobyAll,Scooby-Doo,187,tileGrid,Size_1_x_1,,1,Mystery Inc. Bundle,15,br,Pickaxe_LycheeNickel_Guitar,Mystery Inc. Strummer,pickaxe,rare,,Mystery Inc.,6,5,2025-10-10T14:25:13Z
2026-10-10,v2:/ea51fa9751c5ec3920558927817ca2abe19394659ff778f42d8fe6d3ccd39166,"[VIRTUAL]1 x Daphne Blake, 1 x Velma Dinkley, 1 x Fred Jones, 1 x Creepy Candelabra, 1 x Velma's Investigation Kit, 1 x Black Knight's Helm, 1 x Daphne's Mystery Locket, 1 x Sarah Ravencroft's Spellbook, 1 x The Black Knight, 1 x Creepy Canvas, 1 x Search for Clues, 1 x Lil' Mystery Machine, 1 x Mystery Inc. Strummer, 1 x Mystery Inc. Strummer, 1 x Mystery Inc. Strummer for -1 MtxCurrency",9400,3800,5600,0.5957,1,2026-10-09T00:00:00Z,2026-10-13T23:59:59.999Z,1,0,-2,ScoobyAll,Scooby-Doo,187,tileGrid,Size_1_x_1,,1,Mystery Inc. Bundle,15,instrument,Sparks_LycheeNickel_Guitar,Mystery Inc. Strummer,guitar,common,,,,,2025-10-10T14:24:55Z
2026-10-10,v2:/c504142a30fd63811f66802f0451fdbddeb477ef225b6914e70ec70842a7c210,[VIRTUAL]1 x TBD (SID_Placeholder_579) for 500 MtxCurrency,500,500,0,0.0,0,2026-10-01T00:00:00Z,2026-10-31T23:59:59.999Z,1,0,-25,JT100926NoV,Jam Tracks,180,expandableList,Size_1_x_1,,0,,1,track,sid_placeholder_579,Seven,,,,,,,2025-06-10T17:01:18Z
2026-10-10,v2:/8ffdfa208f1dfc3ba08410c48d4ff85cd8fae0108bce92d7d2e1cbf2ab599acf,[VIRTUAL]1 x Demons for 500 MtxCurrency,500,500,0,0.0,0,2026-10-01T00:00:00Z,2026-10-31T23:59:59.999Z,1,0,-79,JT100926NoV,Jam Tracks,180,expandableList,Size_1_x_1,,0,,1,track,sid_placeholder_349,Demons,,,,,,,2025-01-02T14:36:01Z
2026-10-10,v2:/08c95a2b2cabd0b0efbdb95bfb1fe557425e360b33194518b94749c2b6871b4b,[VIRTUAL]1 x For The Night for 500 MtxCurrency,500,500,0,0.0,0,2026-10-01T00:00:00Z,2026-10-31T23:59:59.999Z,1,0,-36,JT100926NoV,Jam Tracks,180,expandableList,Size_1_x_1,,0,,1,track,sid_placeholder_413,For The Night,,,,,,,2024-11-07T17:50:41Z
2026-10-10,v2:/d5dd28b1283696a25b7721001824b3f76d7f0dd58bec733c1ddd12732da549b0,"[VIRTUAL]1 x Mineko, 1 x Glowing Blossom, 1 x Dollie, 1 x Doll Eyes, 1 x Poppy Pinns, 1 x Baneful Blaster, 1 x Music Box Mannequin, 1 x Baneful Bunbun, 1 x Dollie's Dark Portrait, 1 x Sakura Shamisen, 1 x Sakura Shamisen, 1 x Sakura Shamisen for -1 MtxCurrency",5500,2300,3200,0.5818,1,2026-10-09T00:00:00Z,2026-10-15T23:59:59.999Z,1,0,-1,FNM101026,Locker of Horrors,197,tileGrid,Size_1_x_1,,1,Lost Dolls Bundle,12,br,Character_PaleMaiko,Mineko,outfit,epic,,Lost Dolls,7,4,2026-10-01T18:37:28Z
2026-10-10,v2:/d5dd28b1283696a25b7721001824b3f76d7f0dd58bec733c1ddd12732da549b0,"[VIRTUAL]1 x Mineko, 1 x Glowing Blossom, 1 x Dollie, 1 x Doll Eyes, 1 x Poppy Pinns, 1 x Baneful Blaster, 1 x Music Box Mannequin, 1 x Baneful Bunbun, 1 x Dollie's Dark Portrait, 1 x Sakura Shamisen, 1 x Sakura Shamisen, 1 x Sakura Shamisen for -1 MtxCurrency",5500,2300,3200,0.5818,1,2026-10-09T00:00:00Z,2026-10-15T23:59:59.999Z,1,0,-1,FNM101026,Locker of Horrors,197,tileGrid,Size_1_x_1,,1,Lost Dolls Bundle,12,br,Wrap_PaleMaiko,Glowing Blossom,wrap,rare,,Lost Dolls,7,4,2026-10-01T18:37:28Z
2026-10-10,v2:/d5dd28b1283696a25b7721001824b3f76d7f0dd58bec733c1ddd12732da549b0,"[VIRTUAL]1 x Mineko, 1 x Glowing Blossom, 1 x Dollie, 1 x Doll Eyes, 1 x Poppy Pinns, 1 x Baneful Blaster, 1 x Music Box Mannequin, 1 x Baneful Bunbun, 1 x Dollie's Dark Portrait, 1 x Sakura Shamisen, 1 x Sakura Shamisen, 1 x Sakura Shamisen for -1 MtxCurrency",5500,2300,3200,0.5818,1,2026-10-09T00:00:00Z,2026-10-15T23:59:59.999Z,1,0,-1,FNM101026,Locker of Horrors,197,tileGrid,Size_1_x_1,,1,Lost Dolls Bundle,12,br,Character_QuaintToy,Dollie,outfit,epic,,Lost Dolls,7,4,2026-10-01T18:37:28Z
2026-10-10,v2:/d5dd28b1283696a25b7721001824b3f76d7f0dd58bec733c1ddd12732da549b0,"[VIRTUAL]1 x Mineko, 1 x Glowing Blossom, 1 x Dollie, 1 x Doll Eyes, 1 x Poppy Pinns, 1 x Baneful Blaster, 1 x Music Box Mannequin, 1 x Baneful Bunbun, 1 x Dollie's Dark Portrait, 1 x Sakura Shamisen, 1 x Sakura Shamisen, 1 x Sakura Shamisen for -1 MtxCurrency",5500,2300,3200,0.5818,1,2026-10-09T00:00:00Z,2026-10-15T23:59:59.999Z,1,0,-1,FNM101026,Locker of Horrors,197,tileGrid,Size_1_x_1,,1,Lost Dolls Bundle,12,br,Wrap_QuaintToy,Doll Eyes,wrap,rare,,Lost Dolls,7,4,2026-10-01T18:37:28Z
2026-10-10,v2:/d5dd28b1283696a25b7721001824b3f76d7f0dd58bec733c1ddd12732da549b0,"[VIRTUAL]1 x Mineko, 1 x Glowing Blossom, 1 x Dollie, 1 x Doll Eyes, 1 x Poppy Pinns, 1 x Baneful Blaster, 1 x Music Box Mannequin, 1 x Baneful Bunbun, 1 x Dollie's Dark Portrait, 1 x Sakura Shamisen, 1 x Sakura Shamisen, 1 x Sakura Shamisen for -1 MtxCurrency",5500,2300,3200,0.5818,1,2026-10-09T00:00:00Z,2026-10-15T23:59:59.999Z,1,0,-1,FNM101026,Locker of Horrors,197,tileGrid,Size_1_x_1,,1,Lost Dolls Bundle,12,br,Character_VagueHex,Pippa Pinns,outfit,epic,,Lost Dolls,7,4,2026-10-01T18:37:28Z
2026-10-10,v2:/d5dd28b1283696a25b7721001824b3f76d7f0dd58bec733c1ddd12732da549b0,"[VIRTUAL]1 x Mineko, 1 x Glowing Blossom, 1 x Dollie, 1 x Doll Eyes, 1 x Poppy Pinns, 1 x Baneful Blaster, 1 x Music Box Mannequin, 1 x Baneful Bunbun, 1 x Dollie's Dark Portrait, 1 x Sakura Shamisen, 1 x Sakura Shamisen, 1 x Sakura Shamisen for -1 MtxCurrency",5500,2300,3200,0.5818,1,2026-10-09T00:00:00Z,2026-10-15T23:59:59.999Z,1,0,-1,FNM101026,Locker of Horrors,197,tileGrid,Size_1_x_1,,1,Lost Dolls Bundle,12,br,Wrap_VagueHex,Baneful Blaster,wrap,rare,,Lost Dolls,7,4,2026-10-01T18:37:28Z
2026-10-10,v2:/d5dd28b1283696a25b7721001824b3f76d7f0dd58bec733c1ddd12732da549b0,"[VIRTUAL]1 x Mineko, 1 x Glowing Blossom, 1 x Dollie, 1 x Doll Eyes, 1 x Poppy Pinns, 1 x Baneful Blaster, 1 x Music Box Mannequin, 1 x Baneful Bunbun, 1 x Dollie's Dark Portrait, 1 x Sakura Shamisen, 1 x Sakura Shamisen, 1 x Sakura Shamisen for -1 MtxCurrency",5500,2300,3200,0.5818,1,2026-10-09T00:00:00Z,2026-10-15T23:59:59.999Z,1,0,-1,FNM101026,Locker of Horrors,197,tileGrid,Size_1_x_1,,1,Lost Dolls Bundle,12,br,EID_VagueHex,Music Box Mannequin,emote,uncommon,,Lost Dolls,7,4,2026-10-01T18:37:28Z
2026-10-10,v2:/d5dd28b1283696a25b7721001824b3f76d7f0dd58bec733c1ddd12732da549b0,"[VIRTUAL]1 x Mineko, 1 x Glowing Blossom, 1 x Dollie, 1 x Doll Eyes, 1 x Poppy Pinns, 1 x Baneful Blaster, 1 x Music Box Mannequin, 1 x Baneful Bunbun, 1 x Dollie's Dark Portrait, 1 x Sakura Shamisen, 1 x Sakura Shamisen, 1 x Sakura Shamisen for -1 MtxCurrency",5500,2300,3200,0.5818,1,2026-10-09T00:00:00Z,2026-10-15T23:59:59.999Z,1,0,-1,FNM101026,Locker of Horrors,197,tileGrid,Size_1_x_1,,1,Lost Dolls Bundle,12,br,Backpack_VagueHex,Baneful Bunbun,backpack,rare,,Lost Dolls,7,4,2026-10-01T18:37:28Z
2026-10-10,v2:/d5dd28b1283696a25b7721001824b3f76d7f0dd58bec733c1ddd12732da549b0,"[VIRTUAL]1 x Mineko, 1 x Glowing Blossom, 1 x Dollie, 1 x Doll Eyes, 1 x Poppy Pinns, 1 x Baneful Blaster, 1 x Music Box Mannequin, 1 x Baneful Bunbun, 1 x Dollie's Dark Portrait, 1 x Sakura Shamisen, 1 x Sakura Shamisen, 1 x Sakura Shamisen for -1 MtxCurrency",5500,2300,3200,0.5818,1,2026-10-09T00:00:00Z,2026-10-15T23:59:59.999Z,1,0,-1,FNM101026,Locker of Horrors,197,tileGrid,Size_1_x_1,,1,Lost Dolls Bundle,12,br,Backpack_QuaintToy,Dollie's Dark Portrait,backpack,rare,,Lost Dolls,7,4,2026-10-01T18:37:28Z
2026-10-10,v2:/d5dd28b1283696a25b7721001824b3f76d7f0dd58bec733c1ddd12732da549b0,"[VIRTUAL]1 x Mineko, 1 x Glowing Blossom, 1 x Dollie, 1 x Doll Eyes, 1 x Poppy Pinns, 1 x Baneful Blaster, 1 x Music Box Mannequin, 1 x Baneful Bunbun, 1 x Dollie's Dark Portrait, 1 x Sakura Shamisen, 1 x Sakura Shamisen, 1 x Sakura Shamisen for -1 MtxCurrency",5500,2300,3200,0.5818,1,2026-10-09T00:00:00Z,2026-10-15T23:59:59.999Z,1,0,-1,FNM101026,Locker of Horrors,197,tileGrid,Size_1_x_1,,1,Lost Dolls Bundle,12,br,Backpack_PaleMaiko_Guitar,Sakura Shamisen,backpack,rare,,Lost Dolls,7,4,2026-10-01T18:37:28Z
2026-10-10,v2:/d5dd28b1283696a25b7721001824b3f76d7f0dd58bec733c1ddd12732da549b0,"[VIRTUAL]1 x Mineko, 1 x Glowing Blossom, 1 x Dollie, 1 x Doll Eyes, 1 x Poppy Pinns, 1 x Baneful Blaster, 1 x Music Box Mannequin, 1 x Baneful Bunbun, 1 x Dollie's Dark Portrait, 1 x Sakura Shamisen, 1 x Sakura Shamisen, 1 x Sakura Shamisen for -1 MtxCurrency",5500,2300,3200,0.5818,1,2026-10-09T00:00:00Z,2026-10-15T23:59:59.999Z,1,0,-1,FNM101026,Locker of Horrors,197,tileGrid,Size_1_x_1,,1,Lost Dolls Bundle,12,br,Pickaxe_PaleMaiko_Guitar,Sakura Shamisen,pickaxe,rare,,Lost Dolls,7,4,2026-10-01T18:37:28Z
2026-10-10,v2:/d5dd28b1283696a25b7721001824b3f76d7f0dd58bec733c1ddd12732da549b0,"[VIRTUAL]1 x Mineko, 1 x Glowing Blossom, 1 x Dollie, 1 x Doll Eyes, 1 x Poppy Pinns, 1 x Baneful Blaster, 1 x Music Box Mannequin, 1 x Baneful Bunbun, 1 x Dollie's Dark Portrait, 1 x Sakura Shamisen, 1 x Sakura Shamisen, 1 x Sakura Shamisen for -1 MtxCurrency",5500,2300,3200,0.5818,1,2026-10-09T00:00:00Z,2026-10-15T23:59:59.999Z,1,0,-1,FNM101026,Locker of Horrors,197,tileGrid,Size_1_x_1,,1,Lost Dolls Bundle,12,instrument,Sparks_PaleMaiko_Guitar,Sakura Shamisen,guitar,common,,,,,2026-10-01T17:02:01Z
2026-10-10,v2:/e13a149e86d424dfd661b4608d0650a9cdb51d3406fdc0dab9b030ef5720289b,"[VIRTUAL]1 x Blade, 1 x Sword of the Daywalker, 1 x Sword of the Daywalker, 1 x Dayflier, 1 x Daywalker's Kata for -1 MtxCurrency",3500,2300,1200,0.3429,1,2026-10-10T00:00:00Z,2026-10-13T23:59:59.999Z,1,0,-1,FNMBlade,Marvel,188,tileGrid,Size_1_x_1,Equip the <highlight_strong>SWORD OF THE DAYWALKER</> as a <highlight_strong>BACK BLING</> or <highlight_strong>PICKAXE!</>,1,Blade Bundle,5,br,CID_868_Athena_Commando_M_Backspin_3U6CA,Blade,outfit,marvel,MARVEL SERIES,Blade,2,4,2020-09-25T00:00:00Z
2026-10-10,v2:/e13a149e86d424dfd661b4608d0650a9cdb51d3406fdc0dab9b030ef5720289b,"[VIRTUAL]1 x Blade, 1 x Sword of the Daywalker, 1 x Sword of the Daywalker, 1 x Dayflier, 1 x Daywalker's Kata for -1 MtxCurrency",3500,2300,1200,0.3429,1,2026-10-10T00:00:00Z,2026-10-13T23:59:59.999Z,1,0,-1,FNMBlade,Marvel,188,tileGrid,Size_1_x_1,Equip the <highlight_strong>SWORD OF THE DAYWALKER</> as a <highlight_strong>BACK BLING</> or <highlight_strong>PICKAXE!</>,1,Blade Bundle,5,br,BID_615_Backspin_KA0K2,Sword of the Daywalker,backpack,marvel,MARVEL SERIES,Blade,2,4,2020-09-25T00:00:00Z
2026-10-10,v2:/e13a149e86d424dfd661b4608d0650a9cdb51d3406fdc0dab9b030ef5720289b,"[VIRTUAL]1 x Blade, 1 x Sword of the Daywalker, 1 x Sword of the Daywalker, 1 x Dayflier, 1 x Daywalker's Kata for -1 MtxCurrency",3500,2300,1200,0.3429,1,2026-10-10T00:00:00Z,2026-10-13T23:59:59.999Z,1,0,-1,FNMBlade,Marvel,188,tileGrid,Size_1_x_1,Equip the <highlight_strong>SWORD OF THE DAYWALKER</> as a <highlight_strong>BACK BLING</> or <highlight_strong>PICKAXE!</>,1,Blade Bundle,5,br,Pickaxe_ID_465_BackspinMale1H_R40E7,Sword of the Daywalker,pickaxe,marvel,MARVEL SERIES,Blade,2,4,2020-09-25T00:00:00Z
2026-10-10,v2:/e13a149e86d424dfd661b4608d0650a9cdb51d3406fdc0dab9b030ef5720289b,"[VIRTUAL]1 x Blade, 1 x Sword of the Daywalker, 1 x Sword of the Daywalker, 1 x Dayflier, 1 x Daywalker's Kata for -1 MtxCurrency",3500,2300,1200,0.3429,1,2026-10-10T00:00:00Z,2026-10-13T23:59:59.999Z,1,0,-1,FNMBlade,Marvel,188,tileGrid,Size_1_x_1,Equip the <highlight_strong>SWORD OF THE DAYWALKER</> as a <highlight_strong>BACK BLING</> or <highlight_strong>PICKAXE!</>,1,Blade Bundle,5,br,Glider_ID_241_BackspinMale_97LM4,Dayflier,glider,marvel,MARVEL SERIES,Blade,2,4,2020-09-25T00:00:00Z
2026-10-10,v2:/e13a149e86d424dfd661b4608d0650a9cdb51d3406fdc0dab9b030ef5720289b,"[VIRTUAL]1 x Blade, 1 x Sword of the Daywalker, 1 x Sword of the Daywalker, 1 x Dayflier, 1 x Daywalker's Kata for -1 MtxCurrency",3500,2300,1200,0.3429,1,2026-10-10T00:00:00Z,2026-10-13T23:59:59.999Z,1,0,-1,FNMBlade,Marvel,188,tileGrid,Size_1_x_1,Equip the <highlight_strong>SWORD OF THE DAYWALKER</> as a <highlight_strong>BACK BLING</> or <highlight_strong>PICKAXE!</>,1,Blade Bundle,5,br,EID_Backspin_R3NAI,Daywalker's Kata,emote,marvel,MARVEL SERIES,Blade,2,4,2020-09-25T00:00:00Z
2026-10-10,v2:/a045170c60a63146f9ca46d8ffdf3acdbd6672fe97b3242baa5bb15b5506a8a5,[VIRTUAL]1 x Let You Down for 500 MtxCurrency,500,500,0,0.0,0,2026-10-01T00:00:00Z,2026-10-31T23:59:59.999Z,1,0,-16,JT100926NoV,Jam Tracks,180,expandableList,Size_1_x_1,,0,,1,track,sid_placeholder_268,Let You Down,,,,,,,2024-07-18T13:57:48Z
2026-10-10,v2:/499a1dc186715e290846d488b20b2e4125370159e3578faabfdadf63e3ec7e62,"[VIRTUAL]1 x The Mystery Machine, 1 x Sponsored by Scooby Snacks, 1 x Haunting, 1 x Mystery Machine Treads for -1 MtxCurrency",2000,2000,0,0.0,0,2026-10-09T00:00:00Z,2026-10-13T23:59:59.999Z,1,0,-3,ScoobyAll,Scooby-Doo,187,tileGrid,Size_2_x_1,Decals in this bundle are restricted to the Mystery Machine car body.,1,Mystery Machine,4,car,CarBody_Banjo,The Mystery Machine,body,uncommon,,,,,2025-10-10T14:24:56Z
2026-10-10,v2:/499a1dc186715e290846d488b20b2e4125370159e3578faabfdadf63e3ec7e62,"[VIRTUAL]1 x The Mystery Machine, 1 x Sponsored by Scooby Snacks, 1 x Haunting, 1 x Mystery Machine Treads for -1 MtxCurrency",2000,2000,0,0.0,0,2026-10-09T00:00:00Z,2026-10-13T23:59:59.999Z,1,0,-3,ScoobyAll,Scooby-Doo,187,tileGrid,Size_2_x_1,Decals in this bundle are restricted to the Mystery Machine car body.,1,Mystery Machine,4,car,CarSkin_BanjoLivery01,Sponsored by Scooby Snacks,skin,common,,,,,2025-10-10T14:24:56Z
2026-10-10,v2:/499a1dc186715e290846d488b20b2e4125370159e3578faabfdadf63e3ec7e62,"[VIRTUAL]1 x The Mystery Machine, 1 x Sponsored by Scooby Snacks, 1 x Haunting, 1 x Mystery Machine Treads for -1 MtxCurrency",2000,2000,0,0.0,0,2026-10-09T00:00:00Z,2026-10-13T23:59:59.999Z,1,0,-3,ScoobyAll,Scooby-Doo,187,tileGrid,Size_2_x_1,Decals in this bundle are restricted to the Mystery Machine car body.,1,Mystery Machine,4,car,CarSkin_BanjoLivery02,Haunting,skin,common,,,,,2025-10-10T14:24:56Z
2026-10-10,v2:/499a1dc186715e290846d488b20b2e4125370159e3578faabfdadf63e3ec7e62,"[VIRTUAL]1 x The Mystery Machine, 1 x Sponsored by Scooby Snacks, 1 x Haunting, 1 x Mystery Machine Treads for -1 MtxCurrency",2000,2000,0,0.0,0,2026-10-09T00:00:00Z,2026-10-13T23:59:59.999Z,1,0,-3,ScoobyAll,Scooby-Doo,187,tileGrid,Size_2_x_1,Decals in this bundle are restricted to the Mystery Machine car body.,1,Mystery Machine,4,car,Wheel_Banjo01,Mystery Machine Treads,wheel,uncommon,,,,,2025-10-10T14:24:56Z
2026-10-10,v2:/11b1e0b66fac3f0e4b4f84dec66c72a303966662ce87adbf3879a07de50354b7,[VIRTUAL]1 x TBD (SID_Placeholder_649) for 500 MtxCurrency,500,500,0,0.0,0,2026-10-01T00:00:00Z,2026-10-31T23:59:59.999Z,1,0,-86,JT100926NoV,Jam Tracks,180,expandableList,Size_1_x_1,,0,,1,track,sid_placeholder_649,Scary Monsters and Nice Sprites,,,,,,,2025-08-13T00:00:00Z
2026-10-10,v2:/cebbbf7263e4b3917136dca3bbaaf251f9417fa3882654d9bd3354e409224e14,"[VIRTUAL]1 x Slim Shady, 1 x Shady Boombox for -1 MtxCurrency",1900,1900,0,0.0,0,2026-10-06T00:00:00Z,2026-10-10T23:59:59.999Z,1,0,-6,Eminem1Icon,Eminem,179,tileGrid,Size_2_x_1,Switch styles with the built-in <highlight>MASK UP</> Transform Emote! <highlight>SHADY BOOMBOX</> reactive to music!,0,,2,br,Character_HeavyRoar,Slim Shady,outfit,icon,Icon Series,Eminem,4,OG,2023-11-28T15:26:41Z
2026-10-10,v2:/cebbbf7263e4b3917136dca3bbaaf251f9417fa3882654d9bd3354e409224e14,"[VIRTUAL]1 x Slim Shady, 1 x Shady Boombox for -1 MtxCurrency",1900,1900,0,0.0,0,2026-10-06T00:00:00Z,2026-10-10T23:59:59.999Z,1,0,-6,Eminem1Icon,Eminem,179,tileGrid,Size_2_x_1,Switch styles with the built-in <highlight>MASK UP</> Transform Emote! <highlight>SHADY BOOMBOX</> reactive to music!,0,,2,br,Backpack_HeavyRoar,Shady Boombox,backpack,icon,Icon Series,Eminem,4,OG,2023-11-28T15:26:41Z
2026-10-10,v2:/2d01fc5fa55cae1a9156bdf6bbda1440ddac418c8eb40f9643c47ab3c03e358f,[VIRTUAL]1 x Would? for 500 MtxCurrency,500,500,0,0.0,0,2026-10-01T00:00:00Z,2026-10-31T23:59:59.999Z,1,0,-29,JT100926NoV,Jam Tracks,180,expandableList,Size_1_x_1,,0,,1,track,sid_placeholder_224,Would?,,,,,,,2024-07-26T00:00:00Z
2026-10-10,v2:/fc668aeae28d066d3b9658a3ec47a1dbb1d95eec39af00c13f0846a8c2f89811,[VIRTUAL]1 x TBD (SID_Placeholder_748) for 500 MtxCurrency,500,500,0,0.0,0,2026-10-01T00:00:00Z,2026-10-31T23:59:59.999Z,1,0,-71,JT100926NoV,Jam Tracks,180,expandableList,Size_1_x_1,,0,,1,track,sid_placeholder_748,Shy Girl,,,,,,,2026-03-05T15:30:10Z
2026-10-10,v2:/453a529980a4fb981188b3cba792b498b4129c178776f04a8e787f9469b9602a,[VIRTUAL]1 x Rap Monster for 500 MtxCurrency,500,500,0,0.0,0,2026-10-06T00:00:00Z,2026-10-10T23:59:59.999Z,1,0,-2,Eminem1Icon,Eminem,179,tileGrid,Size_1_x_1,,0,,1,br,EID_ClayPlug,Rap Monster,emote,icon,Icon Series,Eminem,2,Remix,2024-11-13T10:14:32Z
2026-10-10,v2:/2a0f1abc70693608e035c87432e20fcb06b148a955d99b3eb328ff0cf20fba1f,[VIRTUAL]1 x Raven Express for 800 MtxCurrency,800,800,0,0.0,0,2026-10-06T00:00:00Z,2026-10-10T23:59:59.999Z,1,0,-3,Eminem1Icon,Eminem,179,tileGrid,Size_1_x_1,,0,,1,br,Glider_BraveBuild,Raven Express,glider,icon,Icon Series,Eminem,4,OG,2023-11-28T15:26:41Z
2026-10-10,v2:/c54fa493fc9f7286971d1ae117abc9877fbc13db7e1488b885367479a4c59964,"[VIRTUAL]1 x Grisabelle, 1 x Backbiter for -1 MtxCurrency",1200,1200,0,0.0,0,2026-10-05T00:00:00Z,2026-10-15T23:59:59.999Z,1,0,-2,FNM101026,Locker of Horrors,197,tileGrid,Size_1_x_1,,0,,2,br,CID_A_224_Athena_Commando_F_ScholarGhoul,Grisabelle,outfit,rare,,Oakwitch Academy,2,8,2021-10-12T08:35:19Z
2026-10-10,v2:/c54fa493fc9f7286971d1ae117abc9877fbc13db7e1488b885367479a4c59964,"[VIRTUAL]1 x Grisabelle, 1 x Backbiter for -1 MtxCurrency",1200,1200,0,0.0,0,2026-10-05T00:00:00Z,2026-10-15T23:59:59.999Z,1,0,-2,FNM101026,Locker of Horrors,197,tileGrid,Size_1_x_1,,0,,2,br,BID_881_ScholarGhoul,Backbiter,backpack,rare,,Oakwitch Academy,2,8,2021-10-12T08:35:19Z
2026-10-10,v2:/39675748cdea898d2f45817a4b58bc9ed7b9fa4ecf7ede3f9f09f2a9af1271fd,"[VIRTUAL]1 x The Deer, 1 x Save the Deer Sack for -1 MtxCurrency",1500,1500,0,0.0,0,2026-10-10T00:00:00Z,2026-10-16T23:59:59.999Z,1,0,-1,99Nights1,99 Nights In The Forest ,198,tileGrid,Size_2_x_1,,0,,2,br,Character_TerryBroke,The Deer,outfit,gaminglegends,Gaming Legends Series,99 Nights in the Forest,7,4,2026-10-08T13:00:54Z
2026-10-10,v2:/39675748cdea898d2f45817a4b58bc9ed7b9fa4ecf7ede3f9f09f2a9af1271fd,"[VIRTUAL]1 x The Deer, 1 x Save the Deer Sack for -1 MtxCurrency",1500,1500,0,0.0,0,2026-10-10T00:00:00Z,2026-10-16T23:59:59.999Z,1,0,-1,99Nights1,99 Nights In The Forest ,198,tileGrid,Size_2_x_1,,0,,2,br,Backpack_TerryBroke,Save the Deer Sack,backpack,gaminglegends,Gaming Legends Series,99 Nights in the Forest,7,4,2026-10-08T13:00:54Z
2026-10-10,v2:/9a22297fb33981ceb33d6a05c0fe80c7faf30af43c1d2faffd24ff646521f0d4,[VIRTUAL]1 x This Is How We Do It for 500 MtxCurrency,500,500,0,0.0,0,2026-10-01T00:00:00Z,2026-10-31T23:59:59.999Z,1,0,-82,JT100926NoV,Jam Tracks,180,expandableList,Size_1_x_1,,0,,1,track,sid_placeholder_213,This Is How We Do It,,,,,,,2024-04-30T14:34:03Z
2026-10-10,v2:/b2516e9ec8e96295c0ad20723ea5075ea0f19a170efed9af94e99b525be5c580,[VIRTUAL]1 x Cake By The Ocean for 500 MtxCurrency,500,500,0,0.0,0,2026-10-01T00:00:00Z,2026-10-31T23:59:59.999Z,1,0,-15,JT100926NoV,Jam Tracks,180,expandableList,Size_1_x_1,,0,,1,track,sid_placeholder_26,Cake By The Ocean,,,,,,,2023-12-12T00:00:00Z
2026-10-10,v2:/d5375e513ac9f5ccce8f401baa580a8135791a504b853e307e838f06d2bb2dd3,[VIRTUAL]1 x 007's Aston Martin DB5 for 400 MtxCurrency,400,400,0,0.0,0,2026-10-06T00:00:00Z,2026-10-12T23:59:59.999Z,1,0,-1,,,,,Size_3_x_1,,0,,1,car,Wheel_Amber,007's Aston Martin DB5,wheel,uncommon,ASTON MARTIN SERIES,,,,2026-04-16T08:20:44Z
2026-10-10,v2:/b054f9cc6916029aac1b51b1383e5b131c1d3351864387b6cb753894da885146,"[VIRTUAL]1 x Brix Barton, 1 x Dual Drillbit for -1 MtxCurrency",1200,1200,0,0.0,0,2026-10-06T00:00:00Z,2026-10-12T23:59:59.999Z,1,0,-5,BR101026,Loadout Goals ,181,tileGrid,Size_1_x_1,,0,,2,br,Character_HydroIgnite,Brix Barton,outfit,rare,,,4,4,2023-09-12T09:40:36Z
2026-10-10,v2:/b054f9cc6916029aac1b51b1383e5b131c1d3351864387b6cb753894da885146,"[VIRTUAL]1 x Brix Barton, 1 x Dual Drillbit for -1 MtxCurrency",1200,1200,0,0.0,0,2026-10-06T00:00:00Z,2026-10-12T23:59:59.999Z,1,0,-5,BR101026,Loadout Goals ,181,tileGrid,Size_1_x_1,,0,,2,br,Backpack_HydroIgnite,Dual Drillbit,backpack,rare,,,4,4,2023-09-12T09:40:36Z
2026-10-10,v2:/33d321a874bd5b7b2b14af75546c7aba808aeac2346df23ec8e0bcb723bf8e30,[VIRTUAL]1 x Ride Wit Me for 500 MtxCurrency,500,500,0,0.0,0,2026-10-01T00:00:00Z,2026-10-31T23:59:59.999Z,1,0,-45,JT100926NoV,Jam Tracks,180,expandableList,Size_1_x_1,,0,,1,track,sid_placeholder_105,Ride Wit Me,,,,,,,2024-02-22T10:58:10Z
2026-10-10,v2:/28cfa0668ce595f875867a1f7d46374e0aaa8db57521b015cdc4fce1fd7ae16b,"[VIRTUAL]1 x Scooby-Doo, 1 x Shaggy Rogers, 1 x Shaggy's Super Sandwich, 1 x Scooberoni Pizza, 1 x Hoagie Hitter, 1 x Bone 'n Bowl, 1 x Shaggy's Special, 1 x Scooby Gang Run, 1 x Green Ghost, 1 x TBD (SID_Placeholder_667) for -1 MtxCurrency",8000,3400,4600,0.575,1,2026-10-09T00:00:00Z,2026-10-13T23:59:59.999Z,1,0,-1,ScoobyAll,Scooby-Doo,187,tileGrid,Size_1_x_1,,1,Shaggy & Scooby-Doo Bundle,10,br,Character_LycheeNickel,Scooby-Doo,outfit,epic,,Mystery Inc.,6,5,2025-10-09T08:45:50Z
2026-10-10,v2:/28cfa0668ce595f875867a1f7d46374e0aaa8db57521b015cdc4fce1fd7ae16b,"[VIRTUAL]1 x Scooby-Doo, 1 x Shaggy Rogers, 1 x Shaggy's Super Sandwich, 1 x Scooberoni Pizza, 1 x Hoagie Hitter, 1 x Bone 'n Bowl, 1 x Shaggy's Special, 1 x Scooby Gang Run, 1 x Green Ghost, 1 x TBD (SID_Placeholder_667) for -1 MtxCurrency",8000,3400,4600,0.575,1,2026-10-09T00:00:00Z,2026-10-13T23:59:59.999Z,1,0,-1,ScoobyAll,Scooby-Doo,187,tileGrid,Size_1_x_1,,1,Shaggy & Scooby-Doo Bundle,10,br,Character_FluteLamp,Shaggy Rogers,outfit,epic,,Mystery Inc.,6,5,2025-10-09T08:45:50Z
2026-10-10,v2:/28cfa0668ce595f875867a1f7d46374e0aaa8db57521b015cdc4fce1fd7ae16b,"[VIRTUAL]1 x Scooby-Doo, 1 x Shaggy Rogers, 1 x Shaggy's Super Sandwich, 1 x Scooberoni Pizza, 1 x Hoagie Hitter, 1 x Bone 'n Bowl, 1 x Shaggy's Special, 1 x Scooby Gang Run, 1 x Green Ghost, 1 x TBD (SID_Placeholder_667) for -1 MtxCurrency",8000,3400,4600,0.575,1,2026-10-09T00:00:00Z,2026-10-13T23:59:59.999Z,1,0,-1,ScoobyAll,Scooby-Doo,187,tileGrid,Size_1_x_1,,1,Shaggy & Scooby-Doo Bundle,10,br,Backpack_FluteLamp,Shaggy's Super Sandwich,backpack,rare,,Mystery Inc.,6,5,2025-10-10T14:25:13Z
2026-10-10,v2:/28cfa0668ce595f875867a1f7d46374e0aaa8db57521b015cdc4fce1fd7ae16b,"[VIRTUAL]1 x Scooby-Doo, 1 x Shaggy Rogers, 1 x Shaggy's Super Sandwich, 1 x Scooberoni Pizza, 1 x Hoagie Hitter, 1 x Bone 'n Bowl, 1 x Shaggy's Special, 1 x Scooby Gang Run, 1 x Green Ghost, 1 x TBD (SID_Placeholder_667) for -1 MtxCurrency",8000,3400,4600,0.575,1,2026-10-09T00:00:00Z,2026-10-13T23:59:59.999Z,1,0,-1,ScoobyAll,Scooby-Doo,187,tileGrid,Size_1_x_1,,1,Shaggy & Scooby-Doo Bundle,10,br,Backpack_LycheeNickel,Scooberoni Pizza,backpack,rare,,Mystery Inc.,6,5,2025-10-10T14:25:13Z
2026-10-10,v2:/28cfa0668ce595f875867a1f7d46374e0aaa8db57521b015cdc4fce1fd7ae16b,"[VIRTUAL]1 x Scooby-Doo, 1 x Shaggy Rogers, 1 x Shaggy's Super Sandwich, 1 x Scooberoni Pizza, 1 x Hoagie Hitter, 1 x Bone 'n Bowl, 1 x Shaggy's Special, 1 x Scooby Gang Run, 1 x Green Ghost, 1 x TBD (SID_Placeholder_667) for -1 MtxCurrency",8000,3400,4600,0.575,1,2026-10-09T00:00:00Z,2026-10-13T23:59:59.999Z,1,0,-1,ScoobyAll,Scooby-Doo,187,tileGrid,Size_1_x_1,,1,Shaggy & Scooby-Doo Bundle,10,br,Pickaxe_FluteLamp,Hoagie Hitter,pickaxe,rare,,Mystery Inc.,6,5,2025-10-10T14:25:13Z
2026-10-10,v2:/28cfa0668ce595f875867a1f7d46374e0aaa8db57521b015cdc4fce1fd7ae16b,"[VIRTUAL]1 x Scooby-Doo, 1 x Shaggy Rogers, 1 x Shaggy's Super Sandwich, 1 x Scooberoni Pizza, 1 x Hoagie Hitter, 1 x Bone 'n Bowl, 1 x Shaggy's Special, 1 x Scooby Gang Run, 1 x Green Ghost, 1 x TBD (SID_Placeholder_667) for -1 MtxCurrency",8000,3400,4600,0.575,1,2026-10-09T00:00:00Z,2026-10-13T23:59:59.999Z,1,0,-1,ScoobyAll,Scooby-Doo,187,tileGrid,Size_1_x_1,,1,Shaggy & Scooby-Doo Bundle,10,br,Pickaxe_LycheeNickel,Bone 'n Bowl,pickaxe,rare,,Mystery Inc.,6,5,2025-10-10T14:25:13Z
2026-10-10,v2:/28cfa0668ce595f875867a1f7d46374e0aaa8db57521b015cdc4fce1fd7ae16b,"[VIRTUAL]1 x Scooby-Doo, 1 x Shaggy Rogers, 1 x Shaggy's Super Sandwich, 1 x Scooberoni Pizza, 1 x Hoagie Hitter, 1 x Bone 'n Bowl, 1 x Shaggy's Special, 1 x Scooby Gang Run, 1 x Green Ghost, 1 x TBD (SID_Placeholder_667) for -1 MtxCurrency",8000,3400,4600,0.575,1,2026-10-09T00:00:00Z,2026-10-13T23:59:59.999Z,1,0,-1,ScoobyAll,Scooby-Doo,187,tileGrid,Size_1_x_1,,1,Shaggy & Scooby-Doo Bundle,10,br,EID_FluteLamp,Shaggy's Special,emote,uncommon,,Mystery Inc.,6,5,2025-10-10T14:25:13Z
2026-10-10,v2:/28cfa0668ce595f875867a1f7d46374e0aaa8db57521b015cdc4fce1fd7ae16b,"[VIRTUAL]1 x Scooby-Doo, 1 x Shaggy Rogers, 1 x Shaggy's Super Sandwich, 1 x Scooberoni Pizza, 1 x Hoagie Hitter, 1 x Bone 'n Bowl, 1 x Shaggy's Special, 1 x Scooby Gang Run, 1 x Green Ghost, 1 x TBD (SID_Placeholder_667) for -1 MtxCurrency",8000,3400,4600,0.575,1,2026-10-09T00:00:00Z,2026-10-13T23:59:59.999Z,1,0,-1,ScoobyAll,Scooby-Doo,187,tileGrid,Size_1_x_1,,1,Shaggy & Scooby-Doo Bundle,10,br,EID_LycheeNickel,Scooby Gang Run,emote,uncommon,,Mystery Inc.,6,5,2025-10-10T14:25:13Z
2026-10-10,v2:/28cfa0668ce595f875867a1f7d46374e0aaa8db57521b015cdc4fce1fd7ae16b,"[VIRTUAL]1 x Scooby-Doo, 1 x Shaggy Rogers, 1 x Shaggy's Super Sandwich, 1 x Scooberoni Pizza, 1 x Hoagie Hitter, 1 x Bone 'n Bowl, 1 x Shaggy's Special, 1 x Scooby Gang Run, 1 x Green Ghost, 1 x TBD (SID_Placeholder_667) for -1 MtxCurrency",8000,3400,4600,0.575,1,2026-10-09T00:00:00Z,2026-10-13T23:59:59.999Z,1,0,-1,ScoobyAll,Scooby-Doo,187,tileGrid,Size_1_x_1,,1,Shaggy & Scooby-Doo Bundle,10,br,Glider_LycheeNickel,Green Ghost,glider,epic,,Mystery Inc.,6,5,2025-10-10T14:25:13Z
2026-10-10,v2:/28cfa0668ce595f875867a1f7d46374e0aaa8db57521b015cdc4fce1fd7ae16b,"[VIRTUAL]1 x Scooby-Doo, 1 x Shaggy Rogers, 1 x Shaggy's Super Sandwich, 1 x Scooberoni Pizza, 1 x Hoagie Hitter, 1 x Bone 'n Bowl, 1 x Shaggy's Special, 1 x Scooby Gang Run, 1 x Green Ghost, 1 x TBD (SID_Placeholder_667) for -1 MtxCurrency",8000,3400,4600,0.575,1,2026-10-09T00:00:00Z,2026-10-13T23:59:59.999Z,1,0,-1,ScoobyAll,Scooby-Doo,187,tileGrid,Size_1_x_1,,1,Shaggy & Scooby-Doo Bundle,10,track,sid_placeholder_667,What's New Scooby-Doo?,,,,,,,2025-10-12T00:00:00Z
2026-10-10,v2:/65b920faf5f16d59719765312a3698a6e1807f449ffba838586f5709ac34fc29,"[VIRTUAL]1 x Skeletara, 1 x Sockets for -1 MtxCurrency",1200,1200,0,0.0,0,2026-10-08T00:00:00Z,2026-10-10T23:59:59.999Z,1,0,-4,FNM101026,Locker of Horrors,197,tileGrid,Size_1_x_1,,0,,2,br,CID_A_210_Athena_Commando_F_RenegadeSkull,Skeletara,outfit,rare,,Bone Scan,2,8,2021-09-28T08:28:21Z
2026-10-10,v2:/65b920faf5f16d59719765312a3698a6e1807f449ffba838586f5709ac34fc29,"[VIRTUAL]1 x Skeletara, 1 x Sockets for -1 MtxCurrency",1200,1200,0,0.0,0,2026-10-08T00:00:00Z,2026-10-10T23:59:59.999Z,1,0,-4,FNM101026,Locker of Horrors,197,tileGrid,Size_1_x_1,,0,,2,br,BID_864_RenegadeSkull,Sockets,backpack,rare,,Bone Scan,2,8,2021-09-28T08:28:21Z
2026-10-10,v2:/b9a310530851311919be4bcd013e401cf8407b7543ea20d921e0f6c1a7a7ec88,[VIRTUAL]1 x Walk This Way for 500 MtxCurrency,500,500,0,0.0,0,2026-10-01T00:00:00Z,2026-10-31T23:59:59.999Z,1,0,-96,JT100926NoV,Jam Tracks,180,expandableList,Size_1_x_1,,0,,1,track,sid_placeholder_415,Walk This Way,,,,,,,2024-11-07T17:50:41Z
2026-10-10,v2:/237c4dbd13fb85291ceeadafbeed6ea8702b9ce2ba5ed4ffe727a0fb6a884590,"[VIRTUAL]1 x Ash Williams, 1 x Necronomicon Ex-Mortis, 1 x Boomstick, 1 x Chainsaw Hand, 1 x It's a Trick!, 1 x Hello, Henrietta for -1 MtxCurrency",3800,1800,2000,0.5263,1,2026-10-06T00:00:00Z,2026-10-10T23:59:59.999Z,1,0,-2,EvilDead2,Evil Dead,182,tileGrid,Size_4_x_1,The <highlight>NECRONOMICON EX-MORTIS</> Back Bling opens with every elimination!,1,Ash Williams,6,br,Character_Troops,Ash Williams,outfit,epic,,Knowby Cabin Nightmare,3,4,2022-10-18T23:49:57Z
2026-10-10,v2:/237c4dbd13fb85291ceeadafbeed6ea8702b9ce2ba5ed4ffe727a0fb6a884590,"[VIRTUAL]1 x Ash Williams, 1 x Necronomicon Ex-Mortis, 1 x Boomstick, 1 x Chainsaw Hand, 1 x It's a Trick!, 1 x Hello, Henrietta for -1 MtxCurrency",3800,1800,2000,0.5263,1,2026-10-06T00:00:00Z,2026-10-10T23:59:59.999Z,1,0,-2,EvilDead2,Evil Dead,182,tileGrid,Size_4_x_1,The <highlight>NECRONOMICON EX-MORTIS</> Back Bling opens with every elimination!,1,Ash Williams,6,br,Backpack_Troops,Necronomicon Ex-Mortis,backpack,epic,,Knowby Cabin Nightmare,3,4,2022-10-18T23:49:57Z
2026-10-10,v2:/237c4dbd13fb85291ceeadafbeed6ea8702b9ce2ba5ed4ffe727a0fb6a884590,"[VIRTUAL]1 x Ash Williams, 1 x Necronomicon Ex-Mortis, 1 x Boomstick, 1 x Chainsaw Hand, 1 x It's a Trick!, 1 x Hello, Henrietta for -1 MtxCurrency",3800,1800,2000,0.5263,1,2026-10-06T00:00:00Z,2026-10-10T23:59:59.999Z,1,0,-2,EvilDead2,Evil Dead,182,tileGrid,Size_4_x_1,The <highlight>NECRONOMICON EX-MORTIS</> Back Bling opens with every elimination!,1,Ash Williams,6,br,Backpack_TroopsAlt,Boomstick,backpack,epic,,Knowby Cabin Nightmare,3,4,2022-10-18T23:49:57Z
2026-10-10,v2:/237c4dbd13fb85291ceeadafbeed6ea8702b9ce2ba5ed4ffe727a0fb6a884590,"[VIRTUAL]1 x Ash Williams, 1 x Necronomicon Ex-Mortis, 1 x Boomstick, 1 x Chainsaw Hand, 1 x It's a Trick!, 1 x Hello, Henrietta for -1 MtxCurrency",3800,1800,2000,0.5263,1,2026-10-06T00:00:00Z,2026-10-10T23:59:59.999Z,1,0,-2,EvilDead2,Evil Dead,182,tileGrid,Size_4_x_1,The <highlight>NECRONOMICON EX-MORTIS</> Back Bling opens with every elimination!,1,Ash Williams,6,br,Pickaxe_Troops,Chainsaw Hand,pickaxe,epic,,Knowby Cabin Nightmare,3,4,2022-10-18T23:49:57Z
2026-10-10,v2:/237c4dbd13fb85291ceeadafbeed6ea8702b9ce2ba5ed4ffe727a0fb6a884590,"[VIRTUAL]1 x Ash Williams, 1 x Necronomicon Ex-Mortis, 1 x Boomstick, 1 x Chainsaw Hand, 1 x It's a Trick!, 1 x Hello, Henrietta for -1 MtxCurrency",3800,1800,2000,0.5263,1,2026-10-06T00:00:00Z,2026-10-10T23:59:59.999Z,1,0,-2,EvilDead2,Evil Dead,182,tileGrid,Size_4_x_1,The <highlight>NECRONOMICON EX-MORTIS</> Back Bling opens with every elimination!,1,Ash Williams,6,br,EID_Troops,It's a Trick!,emote,uncommon,,Knowby Cabin Nightmare,3,4,2022-10-18T23:49:57Z
2026-10-10,v2:/237c4dbd13fb85291ceeadafbeed6ea8702b9ce2ba5ed4ffe727a0fb6a884590,"[VIRTUAL]1 x Ash Williams, 1 x Necronomicon Ex-Mortis, 1 x Boomstick, 1 x Chainsaw Hand, 1 x It's a Trick!, 1 x Hello, Henrietta for -1 MtxCurrency",3800,1800,2000,0.5263,1,2026-10-06T00:00:00Z,2026-10-10T23:59:59.999Z,1,0,-2,EvilDead2,Evil Dead,182,tileGrid,Size_4_x_1,The <highlight>NECRONOMICON EX-MORTIS</> Back Bling opens with every elimination!,1,Ash Williams,6,br,LoadingScreen_Troops,"Hello, Henrietta",loadingscreen,uncommon,,Knowby Cabin Nightmare,3,4,2022-10-18T23:49:57Z
2026-10-10,v2:/418c6bdc75e3b07bbfcddadb05da3f932cb3ec02a3207ec870d56295fde20454,[VIRTUAL]1 x Nike Dunk Hi 'Halloween Green' for 800 MtxCurrency,800,800,0,0.0,0,2026-10-10T00:00:00Z,2026-10-16T23:59:59.999Z,1,0,-1,FNM101026,Locker of Horrors,197,tileGrid,Size_1_x_1,,0,,1,br,Shoes_RallyShinySleet,Nike Dunk Hi 'Halloween Green',shoe,uncommon,,NIKE Shoes,7,4,2026-10-01T18:37:28Z
2026-10-10,v2:/0d3472085d0a951234c006de266f57f792b4bcbc9d90f90d49f4b58c699ea77a,[VIRTUAL]1 x Just A Girl for 500 MtxCurrency,500,500,0,0.0,0,2026-10-01T00:00:00Z,2026-10-31T23:59:59.999Z,1,0,-68,JT100926NoV,Jam Tracks,180,expandableList,Size_1_x_1,,0,,1,track,sid_placeholder_192,Just A Girl,,,,,,,2024-04-16T20:20:56Z
2026-10-10,v2:/9acc4a7465128aaf1ba48e31b7f1c9fe16d3723f4487f9d6507d3c52dceca3b4,[VIRTUAL]1 x Juicy for 500 MtxCurrency,500,500,0,0.0,0,2026-10-01T00:00:00Z,2026-10-31T23:59:59.999Z,1,0,-50,JT100926NoV,Jam Tracks,180,expandableList,Size_1_x_1,,0,,1,track,sid_placeholder_314,Juicy,,,,,,,2024-09-04T22:31:02Z
2026-10-10,v2:/cb3ed3dee6b7df00e6463b7b6c37d08db751e30f44246c36ab3679167a7689d9,[VIRTUAL]1 x Music Box Mannequin for 400 MtxCurrency,400,400,0,0.0,0,2026-10-09T00:00:00Z,2026-10-15T23:59:59.999Z,1,0,-2,FNM101026,Locker of Horrors,197,tileGrid,Size_1_x_1,,0,,1,br,EID_VagueHex,Music Box Mannequin,emote,uncommon,,Lost Dolls,7,4,2026-10-01T18:37:28Z
2026-10-10,v2:/2eac08180c02b01763fd1d5f8d2c590c2b1fdb8bd8fac4f2e008b9a401ddaafd,[VIRTUAL]1 x Full Beat Brush for 500 MtxCurrency,500,500,0,0.0,0,2026-10-08T00:00:00Z,2026-10-12T23:59:59.999Z,1,0,-3,QuicheLorraine,Kim Kardashian,184,tileGrid,Size_1_x_1,,0,,1,br,Pickaxe_QuicheLorraineCrisp,Full Beat Brush,pickaxe,icon,Icon Series,Kim Kardashian,7,1,2025-12-12T10:05:30Z
2026-10-10,v2:/6baf06bf07c8fc8dfa9a4145d1aadf0208c9d0f8e4ddfd9dd4952eee995ce30b,[VIRTUAL]1 x Shady Boombox for 400 MtxCurrency,400,400,0,0.0,0,2026-10-06T00:00:00Z,2026-10-10T23:59:59.999Z,1,0,-3,,,,,Size_2_x_1,,0,,1,br,Backpack_HeavyRoar,Shady Boombox,backpack,icon,Icon Series,Eminem,4,OG,2023-11-28T15:26:41Z
2026-10-10,v2:/1069b6fa1db3d9f0142d1776169ea8d05f95a94d6c588e6dc0e6cc112d31f9aa,[VIRTUAL]1 x Pump Up The Jam for 500 MtxCurrency,500,500,0,0.0,0,2026-10-01T00:00:00Z,2026-10-31T23:59:59.999Z,1,0,-75,JT100926NoV,Jam Tracks,180,expandableList,Size_1_x_1,,0,,1,track,sid_placeholder_344,Pump Up The Jam,,,,,,,2024-10-03T14:28:54Z
2026-10-10,v2:/9b431e7c26a3f513a96153b752d1b18df64e55f0540f3409c45c7662664d0ee2,"[VIRTUAL]1 x Mystery Inc. Strummer, 1 x Mystery Inc. Strummer, 1 x Mystery Inc. Strummer for 800 MtxCurrency",800,800,0,0.0,0,2026-10-09T00:00:00Z,2026-10-13T23:59:59.999Z,1,0,-4,ScoobyAll,Scooby-Doo,187,tileGrid,Size_1_x_1,,0,,3,br,Backpack_LycheeNickel_Guitar,Mystery Inc. Strummer,backpack,rare,,Mystery Inc.,6,5,2025-10-10T14:25:13Z
2026-10-10,v2:/9b431e7c26a3f513a96153b752d1b18df64e55f0540f3409c45c7662664d0ee2,"[VIRTUAL]1 x Mystery Inc. Strummer, 1 x Mystery Inc. Strummer, 1 x Mystery Inc. Strummer for 800 MtxCurrency",800,800,0,0.0,0,2026-10-09T00:00:00Z,2026-10-13T23:59:59.999Z,1,0,-4,ScoobyAll,Scooby-Doo,187,tileGrid,Size_1_x_1,,0,,3,br,Pickaxe_LycheeNickel_Guitar,Mystery Inc. Strummer,pickaxe,rare,,Mystery Inc.,6,5,2025-10-10T14:25:13Z
2026-10-10,v2:/9b431e7c26a3f513a96153b752d1b18df64e55f0540f3409c45c7662664d0ee2,"[VIRTUAL]1 x Mystery Inc. Strummer, 1 x Mystery Inc. Strummer, 1 x Mystery Inc. Strummer for 800 MtxCurrency",800,800,0,0.0,0,2026-10-09T00:00:00Z,2026-10-13T23:59:59.999Z,1,0,-4,ScoobyAll,Scooby-Doo,187,tileGrid,Size_1_x_1,,0,,3,instrument,Sparks_LycheeNickel_Guitar,Mystery Inc. Strummer,guitar,common,,,,,2025-10-10T14:24:55Z
2026-10-10,v2:/e56f130900e3cb985e4658baa1dcfcf4c181eef4b3b81eb5166ea19f88dee32c,[VIRTUAL]1 x Medieval Metal for 500 MtxCurrency,500,500,0,0.0,0,2026-10-09T00:00:00Z,2026-10-12T23:59:59.999Z,1,0,-2,EsDeeKid,EsDeeKid,185,tileGrid,Size_1_x_1,,0,,1,br,Wrap_StuffRasp,Medieval Metal,wrap,icon,Icon Series,EsDeeKid,7,2,2026-05-15T13:01:18Z
2026-10-10,v2:/b198da404efc2e46e00b8ac2f270625404f5160bded8cf1df20e3972efff7276,[VIRTUAL]1 x t r a n s p a r e n t s o u l for 500 MtxCurrency,500,500,0,0.0,0,2026-10-01T00:00:00Z,2026-10-31T23:59:59.999Z,1,0,-78,JT100926NoV,Jam Tracks,180,expandableList,Size_1_x_1,,0,,1,track,sid_placeholder_163,t r a n s p a r e n t s o u l,,,,,,,2024-03-26T16:09:20Z
2026-10-10,v2:/c3013c4d16fc7533746de0c35a795f95568673a655c81cdbacdb999e2ca7f86b,"[VIRTUAL]1 x Ravina, 1 x Glass Wings for -1 MtxCurrency",1200,1200,0,0.0,0,2026-10-05T00:00:00Z,2026-10-15T23:59:59.999Z,1,0,-4,FNM101026,Locker of Horrors,197,tileGrid,Size_1_x_1,,0,,2,br,CID_903_Athena_Commando_F_Frankie,Ravina,outfit,rare,,Raveyard,2,4,2020-10-29T00:00:00Z
2026-10-10,v2:/c3013c4d16fc7533746de0c35a795f95568673a655c81cdbacdb999e2ca7f86b,"[VIRTUAL]1 x Ravina, 1 x Glass Wings for -1 MtxCurrency",1200,1200,0,0.0,0,2026-10-05T00:00:00Z,2026-10-15T23:59:59.999Z,1,0,-4,FNM101026,Locker of Horrors,197,tileGrid,Size_1_x_1,,0,,2,br,BID_633_FrankieFemale,Glass Wings,backpack,rare,,Raveyard,2,4,2020-10-29T00:00:00Z
2026-10-10,v2:/ee3e47aeec5aa5b6ff1f5c21c53caa9d100bb69dd19a3a7c159d763da1cd5447,[VIRTUAL]1 x Diamond Drop for 500 MtxCurrency,500,500,0,0.0,0,2026-10-08T00:00:00Z,2026-10-12T23:59:59.999Z,1,0,-2,QuicheLorraine,Kim Kardashian,184,tileGrid,Size_1_x_1,,0,,1,br,EID_QuicheLorraineLime,Diamond Drop,emote,icon,Icon Series,Kim Kardashian,7,1,2025-12-12T10:05:30Z
2026-10-10,v2:/e97d638194cfe21a4cb63d84487cda8d7cc7b23da63923874ac6c11104fb27a7,[VIRTUAL]1 x TBD (SID_Placeholder_563) for 500 MtxCurrency,500,500,0,0.0,0,2026-10-09T00:00:00Z,2026-10-15T23:59:59.999Z,1,0,-2,JT100926NoV,Jam Tracks,180,tileGrid,Size_1_x_1,,0,,1,track,sid_placeholder_563,C.R.E.A.M. (Cash Rules Everything Around Me),,,,,,,2025-04-16T12:01:49Z
2026-10-10,v2:/e4d4d333ae8239d4a82227e34134d9028cfea547c9b932ad811e7aeeabbe3832,[VIRTUAL]1 x One for 500 MtxCurrency,500,500,0,0.0,0,2026-10-01T00:00:00Z,2026-10-31T23:59:59.999Z,1,0,-22,JT100926NoV,Jam Tracks,180,expandableList,Size_1_x_1,,0,,1,track,sid_placeholder_232,One,,,,,,,2024-06-13T13:42:05Z
2026-10-10,v2:/99d893cebdd4f75655de67fff561e81de3e759f03cbe9eb0c8a9832058a20530,[VIRTUAL]1 x Freddy Slippers for 1000 MtxCurrency,1000,1000,0,0.0,0,2026-10-01T00:00:00Z,2026-10-31T23:59:59.999Z,1,0,-2,5Nights,Five Nights at Freddy's,196,tileGrid,Size_1_x_1,,0,,1,br,Shoes_GuardHence,Freddy Slippers,shoe,gaminglegends,Gaming Legends Series,Five Nights at Freddy's,7,4,2026-10-01T08:00:00Z
2026-10-10,v2:/4ab7c23540e1370d50b6129e57e245bffc9313afcf78f7c96264b192acf902bf,[VIRTUAL]1 x Skull Ranger for 1200 MtxCurrency,1200,1200,0,0.0,0,2026-10-08T00:00:00Z,2026-10-10T23:59:59.999Z,1,0,-2,FNM101026,Locker of Horrors,197,tileGrid,Size_1_x_1,,0,,1,br,CID_246_Athena_Commando_F_Grave,Skull Ranger,outfit,rare,,Skull Squad,1,6,2019-11-20T12:50:15Z
2026-10-10,v2:/3de443cf996620c2fb9e634a4f90ff9ceacc80f3ddcf205a4ba72ecd2a67b39a,[VIRTUAL]1 x Corebreaker Scythe for 800 MtxCurrency,800,800,0,0.0,0,2026-10-10T00:00:00Z,2026-10-10T23:59:59.999Z,1,0,-2,BR101026,Loadout Goals ,181,tileGrid,Size_1_x_1,,0,,1,br,Pickaxe_BiruFang,Corebreaker Scythe,pickaxe,rare,,Kinetic Knight,4,3,2023-07-29T05:32:56Z
2026-10-10,v2:/a68abc71da4b904de8a8598bc325ec53baeb2e29f6fa85f8cb2c74b7a149c400,[VIRTUAL]1 x Rowena Rabbit for 1200 MtxCurrency,1200,1200,0,0.0,0,2026-10-05T00:00:00Z,2026-10-15T23:59:59.999Z,1,0,-1,FNM101026,Locker of Horrors,197,tileGrid,Size_1_x_1,This Sidekick includes quests that unlock new items upon completion!,0,,1,br,Companion_EffigyPin,Rowena Rabbit,sidekick,uncommon,,Vicious Little Rabbit,7,4,2026-10-01T18:37:28Z
2026-10-10,v2:/2019e9a15d09f0cfa32537f58b5b016da25b1a3d04f51226386ed3dcbfd441ef,[VIRTUAL]1 x Angular Chic for 200 MtxCurrency,200,200,0,0.0,0,2026-10-10T00:00:00Z,2026-10-10T23:59:59.999Z,1,0,-4,,,,,Size_1_x_1,,0,,1,br,BID_578_SportsFashion,Angular Chic,backpack,rare,,Colorway,2,4,2020-08-05T08:09:19Z
2026-10-10,v2:/879c6f4023984b9a366e729a93b311cfa4bd593c4ca02b2e56c649c0967c754c,[VIRTUAL]1 x I Think I'm OKAY for 500 MtxCurrency,500,500,0,0.0,0,2026-10-01T00:00:00Z,2026-10-31T23:59:59.999Z,1,0,-74,JT100926NoV,Jam Tracks,180,expandableList,Size_1_x_1,,0,,1,track,sid_placeholder_86,I Think I'm OKAY,,,,,,,2024-03-20T00:05:45Z
2026-10-10,v2:/d1a7bba41e2d73b5b9a34f0276ab53e3c33c00b179c3ffc4039c6a6ced2b6904,[VIRTUAL]1 x The Hand That Feeds for 500 MtxCurrency,500,500,0,0.0,0,2026-10-01T00:00:00Z,2026-10-31T23:59:59.999Z,1,0,-46,JT100926NoV,Jam Tracks,180,expandableList,Size_1_x_1,,0,,1,track,sid_placeholder_68,The Hand That Feeds,,,,,,,2023-12-15T00:00:00Z
2026-10-10,v2:/1651d985ca83c92f3054680bffe055f999ba9a90847b7004f38fef9b29a70526,[VIRTUAL]1 x Daphne Blake for 1500 MtxCurrency,1500,1500,0,0.0,0,2026-10-09T00:00:00Z,2026-10-13T23:59:59.999Z,1,0,-1,ScoobyAll,Scooby-Doo,187,tileGrid,Size_1_x_1,,0,,1,br,Character_ArcanaAgate,Daphne Blake,outfit,epic,,Mystery Inc.,6,5,2025-10-09T08:45:50Z
2026-10-10,v2:/d89bf40a5811fd9ea3f7b061fc8de57d7669fe5263ce1a26f006a20f63f09f51,[VIRTUAL]1 x TBD (SID_Placeholder_416) for 500 MtxCurrency,500,500,0,0.0,0,2026-10-01T00:00:00Z,2026-10-31T23:59:59.999Z,1,0,-32,JT100926NoV,Jam Tracks,180,expandableList,Size_1_x_1,,0,,1,track,sid_placeholder_416,Closer,,,,,,,2025-02-06T21:54:35Z
2026-10-10,v2:/0f3c6e64749611026e0ca6a89517d2420d15346abc1c615eb5b31794213ee695,[VIRTUAL]1 x Hallownest Grub for 400 MtxCurrency,400,400,0,0.0,0,2026-10-08T00:00:00Z,2026-10-14T23:59:59.999Z,1,0,-3,HollowKnight,Hollow Knight ,195,tileGrid,Size_1_x_1,,0,,1,br,Backpack_PinkySight,Hallownest Grub,backpack,gaminglegends,Gaming Legends Series,Hollow Knight,7,4,2026-10-06T13:00:45Z
2026-10-10,v2:/68a87323e0090d29d5c6c29377be38fd0f0faae2b71e03aa784416295ba0acd7,"[VIRTUAL]1 x Asta, 1 x Asta's Demon-Slayer Sword, 1 x Asta's Devil Wings, 1 x Asta's Grimoire, 1 x Noelle, 1 x Noelle's Wand, 1 x Noelle's Grimoire, 1 x Yuno, 1 x Spirit of Boreas, 1 x Yuno's Grimoire, 1 x Anti-Magic for -1 MtxCurrency",5900,3800,2100,0.3559,1,2026-10-04T00:00:00Z,2026-10-13T23:59:59.999Z,1,0,-1,BlackClover2,Black Clover ,194,tileGrid,Size_4_x_1,,1,Black Clover Bundle,11,br,Character_MimicGlean,Asta,outfit,epic,,Black Clover,7,4,2026-10-03T13:00:46Z
2026-10-10,v2:/68a87323e0090d29d5c6c29377be38fd0f0faae2b71e03aa784416295ba0acd7,"[VIRTUAL]1 x Asta, 1 x Asta's Demon-Slayer Sword, 1 x Asta's Devil Wings, 1 x Asta's Grimoire, 1 x Noelle, 1 x Noelle's Wand, 1 x Noelle's Grimoire, 1 x Yuno, 1 x Spirit of Boreas, 1 x Yuno's Grimoire, 1 x Anti-Magic for -1 MtxCurrency",5900,3800,2100,0.3559,1,2026-10-04T00:00:00Z,2026-10-13T23:59:59.999Z,1,0,-1,BlackClover2,Black Clover ,194,tileGrid,Size_4_x_1,,1,Black Clover Bundle,11,br,Pickaxe_MimicGlean,Asta's Demon-Slayer Sword,pickaxe,rare,,Black Clover,7,4,2026-10-03T13:00:46Z
2026-10-10,v2:/68a87323e0090d29d5c6c29377be38fd0f0faae2b71e03aa784416295ba0acd7,"[VIRTUAL]1 x Asta, 1 x Asta's Demon-Slayer Sword, 1 x Asta's Devil Wings, 1 x Asta's Grimoire, 1 x Noelle, 1 x Noelle's Wand, 1 x Noelle's Grimoire, 1 x Yuno, 1 x Spirit of Boreas, 1 x Yuno's Grimoire, 1 x Anti-Magic for -1 MtxCurrency",5900,3800,2100,0.3559,1,2026-10-04T00:00:00Z,2026-10-13T23:59:59.999Z,1,0,-1,BlackClover2,Black Clover ,194,tileGrid,Size_4_x_1,,1,Black Clover Bundle,11,br,Backpack_MimicGleanIdeal,Asta's Devil Wings,backpack,rare,,Black Clover,7,4,2026-10-03T13:00:46Z
2026-10-10,v2:/68a87323e0090d29d5c6c29377be38fd0f0faae2b71e03aa784416295ba0acd7,"[VIRTUAL]1 x Asta, 1 x Asta's Demon-Slayer Sword, 1 x Asta's Devil Wings, 1 x Asta's Grimoire, 1 x Noelle, 1 x Noelle's Wand, 1 x Noelle's Grimoire, 1 x Yuno, 1 x Spirit of Boreas, 1 x Yuno's Grimoire, 1 x Anti-Magic for -1 MtxCurrency",5900,3800,2100,0.3559,1,2026-10-04T00:00:00Z,2026-10-13T23:59:59.999Z,1,0,-1,BlackClover2,Black Clover ,194,tileGrid,Size_4_x_1,,1,Black Clover Bundle,11,br,Backpack_MimicGlean,Asta's Grimoire,backpack,rare,,Black Clover,7,4,2026-10-03T13:00:46Z
2026-10-10,v2:/68a87323e0090d29d5c6c29377be38fd0f0faae2b71e03aa784416295ba0acd7,"[VIRTUAL]1 x Asta, 1 x Asta's Demon-Slayer Sword, 1 x Asta's Devil Wings, 1 x Asta's Grimoire, 1 x Noelle, 1 x Noelle's Wand, 1 x Noelle's Grimoire, 1 x Yuno, 1 x Spirit of Boreas, 1 x Yuno's Grimoire, 1 x Anti-Magic for -1 MtxCurrency",5900,3800,2100,0.3559,1,2026-10-04T00:00:00Z,2026-10-13T23:59:59.999Z,1,0,-1,BlackClover2,Black Clover ,194,tileGrid,Size_4_x_1,,1,Black Clover Bundle,11,br,Character_SlumpAfter,Noelle,outfit,epic,,Black Clover,7,4,2026-10-03T13:00:46Z
2026-10-10,v2:/68a87323e0090d29d5c6c29377be38fd0f0faae2b71e03aa784416295ba0acd7,"[VIRTUAL]1 x Asta, 1 x Asta's Demon-Slayer Sword, 1 x Asta's Devil Wings, 1 x Asta's Grimoire, 1 x Noelle, 1 x Noelle's Wand, 1 x Noelle's Grimoire, 1 x Yuno, 1 x Spirit of Boreas, 1 x Yuno's Grimoire, 1 x Anti-Magic for -1 MtxCurrency",5900,3800,2100,0.3559,1,2026-10-04T00:00:00Z,2026-10-13T23:59:59.999Z,1,0,-1,BlackClover2,Black Clover ,194,tileGrid,Size_4_x_1,,1,Black Clover Bundle,11,br,Pickaxe_SlumpAfter,Noelle's Wand,pickaxe,rare,,Black Clover,7,4,2026-10-03T13:00:46Z
2026-10-10,v2:/68a87323e0090d29d5c6c29377be38fd0f0faae2b71e03aa784416295ba0acd7,"[VIRTUAL]1 x Asta, 1 x Asta's Demon-Slayer Sword, 1 x Asta's Devil Wings, 1 x Asta's Grimoire, 1 x Noelle, 1 x Noelle's Wand, 1 x Noelle's Grimoire, 1 x Yuno, 1 x Spirit of Boreas, 1 x Yuno's Grimoire, 1 x Anti-Magic for -1 MtxCurrency",5900,3800,2100,0.3559,1,2026-10-04T00:00:00Z,2026-10-13T23:59:59.999Z,1,0,-1,BlackClover2,Black Clover ,194,tileGrid,Size_4_x_1,,1,Black Clover Bundle,11,br,Backpack_SlumpAfter,Noelle's Grimoire,backpack,rare,,Black Clover,7,4,2026-10-03T13:00:46Z
2026-10-10,v2:/68a87323e0090d29d5c6c29377be38fd0f0faae2b71e03aa784416295ba0acd7,"[VIRTUAL]1 x Asta, 1 x Asta's Demon-Slayer Sword, 1 x Asta's Devil Wings, 1 x Asta's Grimoire, 1 x Noelle, 1 x Noelle's Wand, 1 x Noelle's Grimoire, 1 x Yuno, 1 x Spirit of Boreas, 1 x Yuno's Grimoire, 1 x Anti-Magic for -1 MtxCurrency",5900,3800,2100,0.3559,1,2026-10-04T00:00:00Z,2026-10-13T23:59:59.999Z,1,0,-1,BlackClover2,Black Clover ,194,tileGrid,Size_4_x_1,,1,Black Clover Bundle,11,br,Character_SwornSnout,Yuno,outfit,epic,,Black Clover,7,4,2026-10-03T13:00:46Z
2026-10-10,v2:/68a87323e0090d29d5c6c29377be38fd0f0faae2b71e03aa784416295ba0acd7,"[VIRTUAL]1 x Asta, 1 x Asta's Demon-Slayer Sword, 1 x Asta's Devil Wings, 1 x Asta's Grimoire, 1 x Noelle, 1 x Noelle's Wand, 1 x Noelle's Grimoire, 1 x Yuno, 1 x Spirit of Boreas, 1 x Yuno's Grimoire, 1 x Anti-Magic for -1 MtxCurrency",5900,3800,2100,0.3559,1,2026-10-04T00:00:00Z,2026-10-13T23:59:59.999Z,1,0,-1,BlackClover2,Black Clover ,194,tileGrid,Size_4_x_1,,1,Black Clover Bundle,11,br,Pickaxe_SwornSnout,Spirit of Boreas,pickaxe,rare,,Black Clover,7,4,2026-10-03T13:00:46Z
2026-10-10,v2:/68a87323e0090d29d5c6c29377be38fd0f0faae2b71e03aa784416295ba0acd7,"[VIRTUAL]1 x Asta, 1 x Asta's Demon-Slayer Sword, 1 x Asta's Devil Wings, 1 x Asta's Grimoire, 1 x Noelle, 1 x Noelle's Wand, 1 x Noelle's Grimoire, 1 x Yuno, 1 x Spirit of Boreas, 1 x Yuno's Grimoire, 1 x Anti-Magic for -1 MtxCurrency",5900,3800,2100,0.3559,1,2026-10-04T00:00:00Z,2026-10-13T23:59:59.999Z,1,0,-1,BlackClover2,Black Clover ,194,tileGrid,Size_4_x_1,,1,Black Clover Bundle,11,br,Backpack_SwornSnout,Yuno's Grimoire,backpack,rare,,Black Clover,7,4,2026-10-03T13:00:46Z
2026-10-10,v2:/68a87323e0090d29d5c6c29377be38fd0f0faae2b71e03aa784416295ba0acd7,"[VIRTUAL]1 x Asta, 1 x Asta's Demon-Slayer Sword, 1 x Asta's Devil Wings, 1 x Asta's Grimoire, 1 x Noelle, 1 x Noelle's Wand, 1 x Noelle's Grimoire, 1 x Yuno, 1 x Spirit of Boreas, 1 x Yuno's Grimoire, 1 x Anti-Magic for -1 MtxCurrency",5900,3800,2100,0.3559,1,2026-10-04T00:00:00Z,2026-10-13T23:59:59.999Z,1,0,-1,BlackClover2,Black Clover ,194,tileGrid,Size_4_x_1,,1,Black Clover Bundle,11,br,Wrap_MimicGlean,Anti-Magic,wrap,rare,,Black Clover,7,4,2026-10-03T13:00:46Z
2026-10-10,v2:/bbd5461e543e263eaf2acb516f654a140091624c601bd4efb5248c23e245f4b0,"[VIRTUAL]1 x Freddy's Boilermaker, 1 x Freddy's Boilermaker, 1 x Freddy's Boilermaker for 800 MtxCurrency",800,800,0,0.0,0,2026-10-03T00:00:00Z,2026-10-16T23:59:59.999Z,1,0,-4,Freddy2,A Nightmare on Elm Street,193,tileGrid,Size_1_x_1,,0,,3,br,Backpack_ApronChow_Guitar,Freddy's Boilermaker,backpack,rare,,Freddy Krueger,7,4,2026-10-02T13:00:13Z
2026-10-10,v2:/bbd5461e543e263eaf2acb516f654a140091624c601bd4efb5248c23e245f4b0,"[VIRTUAL]1 x Freddy's Boilermaker, 1 x Freddy's Boilermaker, 1 x Freddy's Boilermaker for 800 MtxCurrency",800,800,0,0.0,0,2026-10-03T00:00:00Z,2026-10-16T23:59:59.999Z,1,0,-4,Freddy2,A Nightmare on Elm Street,193,tileGrid,Size_1_x_1,,0,,3,br,Pickaxe_ApronChow_Guitar,Freddy's Boilermaker,pickaxe,rare,,Freddy Krueger,7,4,2026-10-02T13:00:13Z
2026-10-10,v2:/bbd5461e543e263eaf2acb516f654a140091624c601bd4efb5248c23e245f4b0,"[VIRTUAL]1 x Freddy's Boilermaker, 1 x Freddy's Boilermaker, 1 x Freddy's Boilermaker for 800 MtxCurrency",800,800,0,0.0,0,2026-10-03T00:00:00Z,2026-10-16T23:59:59.999Z,1,0,-4,Freddy2,A Nightmare on Elm Street,193,tileGrid,Size_1_x_1,,0,,3,instrument,Sparks_ApronChow_Guitar,Freddy's Boilermaker,guitar,common,,,,,2026-10-02T13:00:13Z
2026-10-10,v2:/549b4fd4f19d7569ed6eabc277d8d54130f8c4cf3e9c7e612be62022c11b384e,[VIRTUAL]1 x Blank for -1 MtxCurrency,400,400,0,0.0,0,2026-10-04T00:00:00Z,2026-10-13T23:59:59.999Z,1,0,-3,BlackClover2,Black Clover ,194,tileGrid,Size_1_x_1,,1,Anti-Magic Boost,1,car,ID_Booster_LuckyOnyx01,Anti-Magic,booster,uncommon,,,,,2026-10-03T13:00:46Z
2026-10-10,v2:/62e380125c520773692697f6e24b716469664e9c7812380bf69e64aa3bbc5212,[VIRTUAL]1 x The Business for 500 MtxCurrency,500,500,0,0.0,0,2026-10-01T00:00:00Z,2026-10-31T23:59:59.999Z,1,0,-63,JT100926NoV,Jam Tracks,180,expandableList,Size_1_x_1,,0,,1,track,sid_placeholder_345,The Business,,,,,,,2024-10-03T14:28:54Z
2026-10-10,v2:/188fa8583a7edf77c64c2eb8e18ad22c3a862b7df70141d8aca651145240a710,"[VIRTUAL]1 x Blank, 1 x Blank, 1 x Blank, 1 x Blank, 1 x Blank, 1 x Blank, 1 x Flames, 1 x Blank, 1 x Blank for -1 MtxCurrency",2800,2800,0,0.0,0,2026-10-04T00:00:00Z,2026-10-13T23:59:59.999Z,1,0,-2,BlackClover2,Black Clover ,194,tileGrid,Size_2_x_1,Includes speed-reactive decals!,1,Nissan GT-R NISMO + Black Clover,9,car,CarBody_RevivalLine,Nissan GT-R Nismo,body,uncommon,,,,,2026-10-03T13:00:46Z
2026-10-10,v2:/188fa8583a7edf77c64c2eb8e18ad22c3a862b7df70141d8aca651145240a710,"[VIRTUAL]1 x Blank, 1 x Blank, 1 x Blank, 1 x Blank, 1 x Blank, 1 x Blank, 1 x Flames, 1 x Blank, 1 x Blank for -1 MtxCurrency",2800,2800,0,0.0,0,2026-10-04T00:00:00Z,2026-10-13T23:59:59.999Z,1,0,-2,BlackClover2,Black Clover ,194,tileGrid,Size_2_x_1,Includes speed-reactive decals!,1,Nissan GT-R NISMO + Black Clover,9,car,CarSkin_RevivalLineLuckyOnyx01,Black Bulls Asta,skin,common,,,,,2026-10-03T13:00:46Z
2026-10-10,v2:/188fa8583a7edf77c64c2eb8e18ad22c3a862b7df70141d8aca651145240a710,"[VIRTUAL]1 x Blank, 1 x Blank, 1 x Blank, 1 x Blank, 1 x Blank, 1 x Blank, 1 x Flames, 1 x Blank, 1 x Blank for -1 MtxCurrency",2800,2800,0,0.0,0,2026-10-04T00:00:00Z,2026-10-13T23:59:59.999Z,1,0,-2,BlackClover2,Black Clover ,194,tileGrid,Size_2_x_1,Includes speed-reactive decals!,1,Nissan GT-R NISMO + Black Clover,9,car,CarSkin_RevivalLineLuckyOnyx02,Golden Dawn Yuno,skin,common,,,,,2026-10-03T13:00:46Z
2026-10-10,v2:/188fa8583a7edf77c64c2eb8e18ad22c3a862b7df70141d8aca651145240a710,"[VIRTUAL]1 x Blank, 1 x Blank, 1 x Blank, 1 x Blank, 1 x Blank, 1 x Blank, 1 x Flames, 1 x Blank, 1 x Blank for -1 MtxCurrency",2800,2800,0,0.0,0,2026-10-04T00:00:00Z,2026-10-13T23:59:59.999Z,1,0,-2,BlackClover2,Black Clover ,194,tileGrid,Size_2_x_1,Includes speed-reactive decals!,1,Nissan GT-R NISMO + Black Clover,9,car,CarSkin_RevivalLineLuckyOnyx03,Black Bulls Noelle,skin,common,,,,,2026-10-03T13:00:46Z
2026-10-10,v2:/188fa8583a7edf77c64c2eb8e18ad22c3a862b7df70141d8aca651145240a710,"[VIRTUAL]1 x Blank, 1 x Blank, 1 x Blank, 1 x Blank, 1 x Blank, 1 x Blank, 1 x Flames, 1 x Blank, 1 x Blank for -1 MtxCurrency",2800,2800,0,0.0,0,2026-10-04T00:00:00Z,2026-10-13T23:59:59.999Z,1,0,-2,BlackClover2,Black Clover ,194,tileGrid,Size_2_x_1,Includes speed-reactive decals!,1,Nissan GT-R NISMO + Black Clover,9,car,CarSkin_RevivalLineLivery01,Steel Line,skin,common,,,,,2026-10-03T13:00:46Z
2026-10-10,v2:/188fa8583a7edf77c64c2eb8e18ad22c3a862b7df70141d8aca651145240a710,"[VIRTUAL]1 x Blank, 1 x Blank, 1 x Blank, 1 x Blank, 1 x Blank, 1 x Blank, 1 x Flames, 1 x Blank, 1 x Blank for -1 MtxCurrency",2800,2800,0,0.0,0,2026-10-04T00:00:00Z,2026-10-13T23:59:59.999Z,1,0,-2,BlackClover2,Black Clover ,194,tileGrid,Size_2_x_1,Includes speed-reactive decals!,1,Nissan GT-R NISMO + Black Clover,9,car,CarSkin_RevivalLineLivery02,High Line,skin,common,,,,,2026-10-03T13:00:46Z
2026-10-10,v2:/188fa8583a7edf77c64c2eb8e18ad22c3a862b7df70141d8aca651145240a710,"[VIRTUAL]1 x Blank, 1 x Blank, 1 x Blank, 1 x Blank, 1 x Blank, 1 x Blank, 1 x Flames, 1 x Blank, 1 x Blank for -1 MtxCurrency",2800,2800,0,0.0,0,2026-10-04T00:00:00Z,2026-10-13T23:59:59.999Z,1,0,-2,BlackClover2,Black Clover ,194,tileGrid,Size_2_x_1,Includes speed-reactive decals!,1,Nissan GT-R NISMO + Black Clover,9,car,CarSkin_RevivalLineFlames,Flames,skin,common,,,,,2026-10-03T13:00:46Z
2026-10-10,v2:/188fa8583a7edf77c64c2eb8e18ad22c3a862b7df70141d8aca651145240a710,"[VIRTUAL]1 x Blank, 1 x Blank, 1 x Blank, 1 x Blank, 1 x Blank, 1 x Blank, 1 x Flames, 1 x Blank, 1 x Blank for -1 MtxCurrency",2800,2800,0,0.0,0,2026-10-04T00:00:00Z,2026-10-13T23:59:59.999Z,1,0,-2,BlackClover2,Black Clover ,194,tileGrid,Size_2_x_1,Includes speed-reactive decals!,1,Nissan GT-R NISMO + Black Clover,9,car,Wheel_RevivalLine01,Nissan GT-R Nismo,wheel,uncommon,,,,,2026-10-03T13:00:46Z
2026-10-10,v2:/188fa8583a7edf77c64c2eb8e18ad22c3a862b7df70141d8aca651145240a710,"[VIRTUAL]1 x Blank, 1 x Blank, 1 x Blank, 1 x Blank, 1 x Blank, 1 x Blank, 1 x Flames, 1 x Blank, 1 x Blank for -1 MtxCurrency",2800,2800,0,0.0,0,2026-10-04T00:00:00Z,2026-10-13T23:59:59.999Z,1,0,-2,BlackClover2,Black Clover ,194,tileGrid,Size_2_x_1,Includes speed-reactive decals!,1,Nissan GT-R NISMO + Black Clover,9,car,Wheel_RevivalLine02,Nissan GT-R Nismo - Gold,wheel,uncommon,,,,,2026-10-03T13:00:46Z
2026-10-10,v2:/9b25e0a4721be2ed4e268bc10e2013168ce261106fe190b69a4ea6f73cc71b50,[VIRTUAL]1 x TBD (SID_Placeholder_672) for 500 MtxCurrency,500,500,0,0.0,0,2026-10-01T00:00:00Z,2026-10-31T23:59:59.999Z,1,0,-38,JT100926NoV,Jam Tracks,180,expandableList,Size_1_x_1,,0,,1,track,sid_placeholder_672,Let Me Hold You,,,,,,,2025-10-01T00:00:55Z
2026-10-10,v2:/28ef3f2132dc3c6a9ef6c8eafb8d9647c5cc5d0db7f00e49ce2d08d07a410b03,[VIRTUAL]1 x Doot Doot (6 7) for 500 MtxCurrency,500,500,0,0.0,0,2026-10-08T00:00:00Z,2026-10-11T23:59:59.999Z,1,0,-2,VV1010261,Max Vibes,190,tileGrid,Size_1_x_1,,0,,1,br,EID_BeepBop,Doot Doot (6 7),emote,icon,Icon Series,,7,1,2025-12-12T00:00:00Z
2026-10-10,v2:/ebfdae87a3c37928100f39a49212e2dc603c145f672f4f052490bb03925e53b3,[VIRTUAL]1 x Super Bass for 500 MtxCurrency,500,500,0,0.0,0,2026-10-01T00:00:00Z,2026-10-31T23:59:59.999Z,1,0,-57,JT100926NoV,Jam Tracks,180,expandableList,Size_1_x_1,,0,,1,track,sid_placeholder_412,Super Bass,,,,,,,2024-11-07T17:50:41Z
2026-10-10,v2:/778e328d552290f4425e923b50c21c3489545019097e39c6e59b6d2e1aa1434f,[VIRTUAL]1 x Velma's Investigation Kit for 800 MtxCurrency,800,800,0,0.0,0,2026-10-09T00:00:00Z,2026-10-13T23:59:59.999Z,1,0,-3,ScoobyAll,Scooby-Doo,187,tileGrid,Size_1_x_1,,0,,1,br,Pickaxe_BaskIsle,Velma's Investigation Kit,pickaxe,rare,,Mystery Inc.,6,5,2025-10-10T14:25:13Z
2026-10-10,v2:/b6f2447477a5c45fd3ee485912a7706990106381c1634834506186aec938a991,[VIRTUAL]1 x Dark Feathers for 600 MtxCurrency,600,600,0,0.0,0,2026-10-10T00:00:00Z,2026-10-12T23:59:59.999Z,1,0,-1,,,,,Size_1_x_1,,0,,1,br,Trails_ID_020_RavenQuill,Dark Feathers,contrail,rare,,Nevermore,1,5,2019-11-20T12:51:13Z
2026-10-10,v2:/c532a0ad44e1003619822f39ff47a2955de52de78e5ccd32becb93418003a10f,[VIRTUAL]1 x Jack the Clown in the Box for 400 MtxCurrency,400,400,0,0.0,0,2026-10-06T00:00:00Z,2026-10-12T23:59:59.999Z,1,0,-2,HHNJack2,Halloween Horror Nights ,192,tileGrid,Size_1_x_1,,0,,1,br,Backpack_WitchValve,Jack the Clown in the Box,backpack,rare,,Halloween Horror Nights,7,4,2026-10-05T13:00:42Z
2026-10-10,v2:/6da6e3eadb6f1bae7366afdf6cc14d985459c18197255792e02d534256308690,[VIRTUAL]1 x Beebo for 1200 MtxCurrency,1200,1200,0,0.0,0,2026-10-06T00:00:00Z,2026-10-12T23:59:59.999Z,1,0,-1,BR101026,Loadout Goals ,181,tileGrid,Size_1_x_1,,0,,1,br,Companion_HoneySting,Beebo,sidekick,uncommon,,Sweetest Honey,,,2026-07-16T08:32:04Z
2026-10-10,v2:/2ca5e1f43a1e6ac8790e1ed1e7d28aa346f1289ab6be691915b20ce75f2bef5b,[VIRTUAL]1 x Glass Wings for 200 MtxCurrency,200,200,0,0.0,0,2026-10-05T00:00:00Z,2026-10-15T23:59:59.999Z,1,0,-4,,,,,Size_1_x_1,,0,,1,br,BID_633_FrankieFemale,Glass Wings,backpack,rare,,Raveyard,2,4,2020-10-29T00:00:00Z
2026-10-10,v2:/2a7cbcfa4e987e1dab4520df799e582fa5f2b932a19cc9d70fbffb66ca093528,[VIRTUAL]1 x TBD (SID_Placeholder_559) for 500 MtxCurrency,500,500,0,0.0,0,2026-10-01T00:00:00Z,2026-10-31T23:59:59.999Z,1,0,-14,JT100926NoV,Jam Tracks,180,expandableList,Size_1_x_1,,0,,1,track,sid_placeholder_559,APT.,,,,,,,2025-06-18T08:00:00Z
2026-10-10,v2:/f0a4b1ecbee515125fff5b8f611558289a93a53d016f2eae7e5a519912d2398d,[VIRTUAL]1 x Grimhaul Bag for 500 MtxCurrency,500,500,0,0.0,0,2026-10-09T00:00:00Z,2026-10-12T23:59:59.999Z,1,0,-3,EsDeeKid,EsDeeKid,185,tileGrid,Size_1_x_1,,0,,1,br,Backpack_StuffRasp,Grimhaul Bag,backpack,icon,Icon Series,EsDeeKid,7,2,2026-05-15T13:01:18Z
2026-10-10,v2:/6034cd0dbd357e9af9c99db930226560e5298d27b811c9e07882ff8a2169218b,[VIRTUAL]1 x Old Axe for 500 MtxCurrency,500,500,0,0.0,0,2026-10-10T00:00:00Z,2026-10-16T23:59:59.999Z,1,0,-2,99Nights1,99 Nights In The Forest ,198,tileGrid,Size_2_x_1,,0,,1,br,Pickaxe_TerryBroke,Old Axe,pickaxe,gaminglegends,Gaming Legends Series,99 Nights in the Forest,7,4,2026-10-08T13:00:54Z
2026-10-10,v2:/f3f39433b6ad150f1ad87c952fa84280db3184213e126d3a17bc26523c279152,[VIRTUAL]1 x All Of Me (Tiësto's Birthday Treatment Remix) for 500 MtxCurrency,500,500,0,0.0,0,2026-10-09T00:00:00Z,2026-10-15T23:59:59.999Z,1,0,-4,JT100926NoV,Jam Tracks,180,tileGrid,Size_1_x_1,,0,,1,track,sid_placeholder_131,All Of Me (Tiësto's Birthday Treatment Remix),,,,,,,2024-02-29T00:02:26Z
2026-10-10,v2:/881cd626ccad78ac322e75c794a166ff3c317bebfcaf91a4ca55c516db5f9cbe,[VIRTUAL]1 x Notorious Thugs for 500 MtxCurrency,500,500,0,0.0,0,2026-10-01T00:00:00Z,2026-10-31T23:59:59.999Z,1,0,-47,JT100926NoV,Jam Tracks,180,expandableList,Size_1_x_1,,0,,1,track,sid_placeholder_316,Notorious Thugs,,,,,,,2024-09-12T15:46:51Z
2026-10-10,v2:/49fc2c4b5bb0d21f56c26e0e6ad2395f4778523e445b263a1543d39991f41814,[VIRTUAL]1 x Toosie Slide for 500 MtxCurrency,500,500,0,0.0,0,2026-10-10T00:00:00Z,2026-10-13T23:59:59.999Z,1,0,-1,VV1010261,Max Vibes,190,tileGrid,Size_1_x_1,,0,,1,br,EID_ArtGiant,Toosie Slide,emote,icon,Icon Series,,2,2,2020-05-26T06:22:50Z
2026-10-10,v2:/2f989a2852071632b30b379184501461084ae6cb537cf676166da20305a6ec1a,[VIRTUAL]1 x Mom's Spaghetti for 400 MtxCurrency,400,400,0,0.0,0,2026-10-06T00:00:00Z,2026-10-10T23:59:59.999Z,1,0,-2,Eminem1Icon,Eminem,179,tileGrid,Size_1_x_1,,0,,1,br,Backpack_HeavyRoarCarton,Mom's Spaghetti,backpack,icon,Icon Series,Eminem,4,OG,2023-11-28T15:26:41Z
2026-10-10,v2:/8487a53f435deb5c34468cb0218a3871b7d00934c8ff7c41c9b28472271c9bb4,[VIRTUAL]1 x The Sound of Silence for 500 MtxCurrency,500,500,0,0.0,0,2026-10-01T00:00:00Z,2026-10-31T23:59:59.999Z,1,0,-26,JT100926NoV,Jam Tracks,180,expandableList,Size_1_x_1,,0,,1,track,sid_placeholder_346,The Sound of Silence,,,,,,,2024-10-17T13:33:26Z
2026-10-10,v2:/796abdb7ca9d85f13a87b08484201a4b98fc0580c2c328baab72cee63720ca37,[VIRTUAL]1 x Baneful Bunbun for 400 MtxCurrency,400,400,0,0.0,0,2026-10-09T00:00:00Z,2026-10-15T23:59:59.999Z,1,0,-1,FNM101026,Locker of Horrors,197,tileGrid,Size_1_x_1,,0,,1,br,Backpack_VagueHex,Baneful Bunbun,backpack,rare,,Lost Dolls,7,4,2026-10-01T18:37:28Z
2026-10-10,v2:/f8057ac4ea1946716a65a35bf078eee9a33a106ed61c95a389c3fe096014ad8c,[VIRTUAL]1 x Blueberry Faygo for 500 MtxCurrency,500,500,0,0.0,0,2026-10-01T00:00:00Z,2026-10-31T23:59:59.999Z,1,0,-17,JT100926NoV,Jam Tracks,180,expandableList,Size_1_x_1,,0,,1,track,sid_placeholder_256,Blueberry Faygo,,,,,,,2024-06-28T00:00:00Z
2026-10-10,v2:/eb531602133df0e59fd48f9ffcc2d3b8c95bd7b04693ec407ee2445efbcbc86c,"[VIRTUAL]1 x Freddy Krueger, 1 x Freddy's Glove for -1 MtxCurrency",1600,1600,0,0.0,0,2026-10-03T00:00:00Z,2026-10-16T23:59:59.999Z,1,0,-2,Freddy2,A Nightmare on Elm Street,193,tileGrid,Size_2_x_1,,0,,2,br,Character_ApronChow,Freddy Krueger,outfit,epic,,Freddy Krueger,7,4,2026-10-02T13:00:13Z
2026-10-10,v2:/eb531602133df0e59fd48f9ffcc2d3b8c95bd7b04693ec407ee2445efbcbc86c,"[VIRTUAL]1 x Freddy Krueger, 1 x Freddy's Glove for -1 MtxCurrency",1600,1600,0,0.0,0,2026-10-03T00:00:00Z,2026-10-16T23:59:59.999Z,1,0,-2,Freddy2,A Nightmare on Elm Street,193,tileGrid,Size_2_x_1,,0,,2,br,Pickaxe_ApronChow,Freddy's Glove,pickaxe,rare,,Freddy Krueger,7,4,2026-10-02T13:00:13Z
2026-10-10,v2:/c8497baa4be27553daf44585efebaeaf38dd242809d48e4dc03e9a479112eac9,"[VIRTUAL]1 x Ford Bronco Raptor, 1 x Ford Bronco Raptor, 1 x Wood Panel, 1 x Flames, 1 x Lightning, 1 x Stripes, 1 x Wings, 1 x Ford Bronco Raptor for -1 MtxCurrency",2000,2000,0,0.0,0,2026-10-05T00:00:00Z,2026-10-11T23:59:59.999Z,1,0,-1,FordBroncoSUV,Ford Bronco Raptor,176,tileGrid,Size_3_x_1,Decals in this bundle are restricted to the Ford Bronco Raptor car body.,1,Ford Bronco Raptor,8,car,CarBody_FBRN,Ford Bronco Raptor,body,uncommon,FORD SERIES,,,,2025-06-07T19:00:27Z
2026-10-10,v2:/c8497baa4be27553daf44585efebaeaf38dd242809d48e4dc03e9a479112eac9,"[VIRTUAL]1 x Ford Bronco Raptor, 1 x Ford Bronco Raptor, 1 x Wood Panel, 1 x Flames, 1 x Lightning, 1 x Stripes, 1 x Wings, 1 x Ford Bronco Raptor for -1 MtxCurrency",2000,2000,0,0.0,0,2026-10-05T00:00:00Z,2026-10-11T23:59:59.999Z,1,0,-1,FordBroncoSUV,Ford Bronco Raptor,176,tileGrid,Size_3_x_1,Decals in this bundle are restricted to the Ford Bronco Raptor car body.,1,Ford Bronco Raptor,8,car,CarSkin_Fbrn01,Ford Bronco Raptor,skin,common,FORD SERIES,,,,2025-06-07T19:00:27Z
2026-10-10,v2:/c8497baa4be27553daf44585efebaeaf38dd242809d48e4dc03e9a479112eac9,"[VIRTUAL]1 x Ford Bronco Raptor, 1 x Ford Bronco Raptor, 1 x Wood Panel, 1 x Flames, 1 x Lightning, 1 x Stripes, 1 x Wings, 1 x Ford Bronco Raptor for -1 MtxCurrency",2000,2000,0,0.0,0,2026-10-05T00:00:00Z,2026-10-11T23:59:59.999Z,1,0,-1,FordBroncoSUV,Ford Bronco Raptor,176,tileGrid,Size_3_x_1,Decals in this bundle are restricted to the Ford Bronco Raptor car body.,1,Ford Bronco Raptor,8,car,CarSkin_Fbrn02,Wood Panel,skin,common,FORD SERIES,,,,2025-06-07T19:00:27Z
2026-10-10,v2:/c8497baa4be27553daf44585efebaeaf38dd242809d48e4dc03e9a479112eac9,"[VIRTUAL]1 x Ford Bronco Raptor, 1 x Ford Bronco Raptor, 1 x Wood Panel, 1 x Flames, 1 x Lightning, 1 x Stripes, 1 x Wings, 1 x Ford Bronco Raptor for -1 MtxCurrency",2000,2000,0,0.0,0,2026-10-05T00:00:00Z,2026-10-11T23:59:59.999Z,1,0,-1,FordBroncoSUV,Ford Bronco Raptor,176,tileGrid,Size_3_x_1,Decals in this bundle are restricted to the Ford Bronco Raptor car body.,1,Ford Bronco Raptor,8,car,CarSkin_FbrnFlames,Flames,skin,common,FORD SERIES,,,,2025-06-07T19:00:27Z
2026-10-10,v2:/c8497baa4be27553daf44585efebaeaf38dd242809d48e4dc03e9a479112eac9,"[VIRTUAL]1 x Ford Bronco Raptor, 1 x Ford Bronco Raptor, 1 x Wood Panel, 1 x Flames, 1 x Lightning, 1 x Stripes, 1 x Wings, 1 x Ford Bronco Raptor for -1 MtxCurrency",2000,2000,0,0.0,0,2026-10-05T00:00:00Z,2026-10-11T23:59:59.999Z,1,0,-1,FordBroncoSUV,Ford Bronco Raptor,176,tileGrid,Size_3_x_1,Decals in this bundle are restricted to the Ford Bronco Raptor car body.,1,Ford Bronco Raptor,8,car,CarSkin_FbrnLightning,Lightning,skin,common,FORD SERIES,,,,2025-06-07T19:00:27Z
2026-10-10,v2:/c8497baa4be27553daf44585efebaeaf38dd242809d48e4dc03e9a479112eac9,"[VIRTUAL]1 x Ford Bronco Raptor, 1 x Ford Bronco Raptor, 1 x Wood Panel, 1 x Flames, 1 x Lightning, 1 x Stripes, 1 x Wings, 1 x Ford Bronco Raptor for -1 MtxCurrency",2000,2000,0,0.0,0,2026-10-05T00:00:00Z,2026-10-11T23:59:59.999Z,1,0,-1,FordBroncoSUV,Ford Bronco Raptor,176,tileGrid,Size_3_x_1,Decals in this bundle are restricted to the Ford Bronco Raptor car body.,1,Ford Bronco Raptor,8,car,CarSkin_FbrnStripes,Stripes,skin,common,FORD SERIES,,,,2025-06-07T19:00:27Z
2026-10-10,v2:/c8497baa4be27553daf44585efebaeaf38dd242809d48e4dc03e9a479112eac9,"[VIRTUAL]1 x Ford Bronco Raptor, 1 x Ford Bronco Raptor, 1 x Wood Panel, 1 x Flames, 1 x Lightning, 1 x Stripes, 1 x Wings, 1 x Ford Bronco Raptor for -1 MtxCurrency",2000,2000,0,0.0,0,2026-10-05T00:00:00Z,2026-10-11T23:59:59.999Z,1,0,-1,FordBroncoSUV,Ford Bronco Raptor,176,tileGrid,Size_3_x_1,Decals in this bundle are restricted to the Ford Bronco Raptor car body.,1,Ford Bronco Raptor,8,car,CarSkin_FbrnWings,Wings,skin,common,FORD SERIES,,,,2025-06-07T19:00:27Z
2026-10-10,v2:/c8497baa4be27553daf44585efebaeaf38dd242809d48e4dc03e9a479112eac9,"[VIRTUAL]1 x Ford Bronco Raptor, 1 x Ford Bronco Raptor, 1 x Wood Panel, 1 x Flames, 1 x Lightning, 1 x Stripes, 1 x Wings, 1 x Ford Bronco Raptor for -1 MtxCurrency",2000,2000,0,0.0,0,2026-10-05T00:00:00Z,2026-10-11T23:59:59.999Z,1,0,-1,FordBroncoSUV,Ford Bronco Raptor,176,tileGrid,Size_3_x_1,Decals in this bundle are restricted to the Ford Bronco Raptor car body.,1,Ford Bronco Raptor,8,car,Wheel_Fbrn,Ford Bronco Raptor,wheel,uncommon,FORD SERIES,,,,2025-06-07T19:00:27Z
2026-10-10,v2:/a17e7ec975d320178b28e272e35afdd18469d9ca2aaf4384de19ce588e2f7bbb,[VIRTUAL]1 x Undone - The Sweater Song for 500 MtxCurrency,500,500,0,0.0,0,2026-10-01T00:00:00Z,2026-10-31T23:59:59.999Z,1,0,-104,JT100926NoV,Jam Tracks,180,expandableList,Size_1_x_1,,0,,1,track,sid_placeholder_377,Undone - The Sweater Song,,,,,,,2024-10-10T13:34:27Z
2026-10-10,v2:/0ee668bd89d76316c06a9f677bd94dd201f777b0c47291357f9a48222c1875ca,[VIRTUAL]1 x Mr. Cupcake for 800 MtxCurrency,800,800,0,0.0,0,2026-10-01T00:00:00Z,2026-10-31T23:59:59.999Z,1,0,-3,5Nights,Five Nights at Freddy's,196,tileGrid,Size_1_x_1,,0,,1,br,Pickaxe_SushiAware,Mr. Cupcake,pickaxe,gaminglegends,Gaming Legends Series,Five Nights at Freddy's,7,4,2026-10-01T08:00:00Z
2026-10-10,v2:/a26fe93c694c98e2356b4e6ba84171a1b23d1ce560ff65678cd8251b8fb2b368,[VIRTUAL]1 x TBD (SID_Placeholder_582) for 500 MtxCurrency,500,500,0,0.0,0,2026-10-01T00:00:00Z,2026-10-31T23:59:59.999Z,1,0,-100,JT100926NoV,Jam Tracks,180,expandableList,Size_1_x_1,,0,,1,track,sid_placeholder_582,Magnetic,,,,,,,2025-06-10T17:01:18Z
2026-10-10,v2:/62f527f880d355a2d0ba6886e8d799595f69ce95b55cb6bac29ae0af12b76d93,[VIRTUAL]1 x Eyes Closed for 500 MtxCurrency,500,500,0,0.0,0,2026-10-01T00:00:00Z,2026-10-31T23:59:59.999Z,1,0,-90,JT100926NoV,Jam Tracks,180,expandableList,Size_1_x_1,,0,,1,track,sid_placeholder_177,Eyes Closed,,,,,,,2024-04-02T15:03:11Z
2026-10-10,v2:/347a74bd0eb14a2ef77de6b8cb6130ae58bb8d4690dfa08d2cd512e3f2934374,[VIRTUAL]1 x Ride the Lightning for 500 MtxCurrency,500,500,0,0.0,0,2026-10-01T00:00:00Z,2026-10-31T23:59:59.999Z,1,0,-23,JT100926NoV,Jam Tracks,180,expandableList,Size_1_x_1,,0,,1,track,sid_placeholder_233,Ride the Lightning,,,,,,,2024-06-13T08:00:00Z
2026-10-10,v2:/9f81712eeae62e08f3ab02a37470b73676191f0515c3cd4afa7d865854c06b3c,[VIRTUAL]1 x Air Jordan 5 'Black Metallic' for 1000 MtxCurrency,1000,1000,0,0.0,0,2026-10-05T00:00:00Z,2026-10-11T23:59:59.999Z,1,0,-1,BR101026,Loadout Goals ,181,tileGrid,Size_1_x_1,,0,,1,br,Shoes_StemDotClog,Air Jordan 5 'Black Metallic',shoe,uncommon,,,6,1,2025-01-12T00:00:00Z
2026-10-10,v2:/d9684a1d869fbd4c904f48570b4bdde19719d07eaf7b7a9878851dd9ea27c9b5,[VIRTUAL]1 x Rap Boy for 1500 MtxCurrency,1500,1500,0,0.0,0,2026-10-06T00:00:00Z,2026-10-10T23:59:59.999Z,1,0,-1,Eminem1Icon,Eminem,179,tileGrid,Size_1_x_1,,0,,1,br,Character_BraveBuildSuper,Rap Boy,outfit,icon,Icon Series,Eminem,4,OG,2023-11-28T15:26:41Z
2026-10-10,v2:/920afbfcbe7c0dcf14622df703fca80deb1881ba1de7049cf79c3b210f41f7a5,"[VIRTUAL]1 x yes, and? for 500 MtxCurrency",500,500,0,0.0,0,2026-09-26T00:00:00Z,2026-10-31T23:59:59.999Z,1,0,-27,JT100926NoV,Jam Tracks,180,expandableList,Size_1_x_1,,0,,1,track,sid_placeholder_226,"yes, and?",,,,,,,2024-05-30T13:49:50Z
2026-10-10,v2:/a7330cc1dd0fd71fe41cc6cfd7007cace9d68a092be0257104630debd4807a05,[VIRTUAL]1 x Birdie for 800 MtxCurrency,800,800,0,0.0,0,2026-10-06T00:00:00Z,2026-10-12T23:59:59.999Z,1,0,-2,NoSweat100626,No Sweat,183,tileGrid,Size_1_x_1,,0,,1,br,CID_387_Athena_Commando_F_Golf,Birdie,outfit,uncommon,,Teed Off,1,8,2019-11-20T12:50:02Z
2026-10-10,v2:/27844ad41c9f02c14afb16c429b0f9f89358904857f76ceee70696893fde3b75,[VIRTUAL]1 x Freddy's Glove for 800 MtxCurrency,800,800,0,0.0,0,2026-10-03T00:00:00Z,2026-10-16T23:59:59.999Z,1,0,-3,Freddy2,A Nightmare on Elm Street,193,tileGrid,Size_1_x_1,,0,,1,br,Pickaxe_ApronChow,Freddy's Glove,pickaxe,rare,,Freddy Krueger,7,4,2026-10-02T13:00:13Z
2026-10-10,v2:/0be5a96fe4a0d6398cb5d199ef1837c73b77a2a796a69a28e0cfc32f8ab654cb,[VIRTUAL]1 x Day 'N' Nite for 500 MtxCurrency,500,500,0,0.0,0,2026-10-01T00:00:00Z,2026-10-31T23:59:59.999Z,1,0,-5,JT100926NoV,Jam Tracks,180,expandableList,Size_1_x_1,,0,,1,track,sid_placeholder_292,Day 'N' Nite,,,,,,,2024-08-09T00:00:00Z
2026-10-10,v2:/05ada8f439dc581909625f7fe046387af49d3b8a322f0311edd3a91cb71ebbf1,[VIRTUAL]1 x Beggin' for 500 MtxCurrency,500,500,0,0.0,0,2026-10-01T00:00:00Z,2026-10-31T23:59:59.999Z,1,0,-39,JT100926NoV,Jam Tracks,180,expandableList,Size_1_x_1,,0,,1,track,sid_placeholder_212,Beggin',,,,,,,2024-05-30T13:49:50Z
2026-10-10,v2:/eb373ad5098495f67a5af5c6f4e452837d6cf1025ac97fec470c0729846fb775,[VIRTUAL]1 x Fred Jones for 1500 MtxCurrency,1500,1500,0,0.0,0,2026-10-09T00:00:00Z,2026-10-13T23:59:59.999Z,1,0,-1,ScoobyAll,Scooby-Doo,187,tileGrid,Size_1_x_1,,0,,1,br,Character_OboeThorn,Fred Jones,outfit,epic,,Mystery Inc.,6,5,2025-10-09T08:45:50Z
2026-10-10,v2:/204f10bce8d2d68a28f87d51d6c974b6572b90990b9d56f4b64d2a61c1c3713a,"[VIRTUAL]1 x Poppy Pinns, 1 x Baneful Blaster for -1 MtxCurrency",1200,1200,0,0.0,0,2026-10-09T00:00:00Z,2026-10-15T23:59:59.999Z,1,0,-4,FNM101026,Locker of Horrors,197,tileGrid,Size_1_x_1,,0,,2,br,Character_VagueHex,Pippa Pinns,outfit,epic,,Lost Dolls,7,4,2026-10-01T18:37:28Z
2026-10-10,v2:/204f10bce8d2d68a28f87d51d6c974b6572b90990b9d56f4b64d2a61c1c3713a,"[VIRTUAL]1 x Poppy Pinns, 1 x Baneful Blaster for -1 MtxCurrency",1200,1200,0,0.0,0,2026-10-09T00:00:00Z,2026-10-15T23:59:59.999Z,1,0,-4,FNM101026,Locker of Horrors,197,tileGrid,Size_1_x_1,,0,,2,br,Wrap_VagueHex,Baneful Blaster,wrap,rare,,Lost Dolls,7,4,2026-10-01T18:37:28Z
2026-10-10,v2:/e58e1c0546f30d21afe41ef04645e8ae47f74cdc7ab9a5534a133ed2a52cdec1,[VIRTUAL]1 x FTCU for 500 MtxCurrency,500,500,0,0.0,0,2026-10-01T00:00:00Z,2026-10-31T23:59:59.999Z,1,0,-85,JT100926NoV,Jam Tracks,180,expandableList,Size_1_x_1,,0,,1,track,sid_placeholder_433,FTCU,,,,,,,2024-11-27T14:32:37Z
2026-10-10,v2:/2a2c76d0e77fba94ba8f7c9148f460ce07966d99437fd536df122c92b562e798,[VIRTUAL]1 x Whisker Pack for 300 MtxCurrency,300,300,0,0.0,0,2026-10-05T00:00:00Z,2026-10-11T23:59:59.999Z,1,0,-4,,,,,Size_1_x_1,,0,,1,br,BID_514_NeonCatSpy,Whisker Pack,backpack,epic,,Catssassin,2,2,2020-04-29T06:13:35Z
2026-10-10,v2:/493a1f16f37e2f4c29c29f7d1309d2cff80436652d38011cb1a436233499404d,[VIRTUAL]1 x Welcome to Paradise for 500 MtxCurrency,500,500,0,0.0,0,2026-10-01T00:00:00Z,2026-10-31T23:59:59.999Z,1,0,-83,JT100926NoV,Jam Tracks,180,expandableList,Size_1_x_1,,0,,1,track,sid_placeholder_121,Welcome to Paradise,,,,,,,2024-01-31T00:05:11Z
2026-10-10,v2:/4a5010e6a363a8158b379b176a76bc962bb83f50644f86e136bed9c51773a397,[VIRTUAL]1 x Can't Feel My Face for 500 MtxCurrency,500,500,0,0.0,0,2026-10-01T00:00:00Z,2026-10-31T23:59:59.999Z,1,0,-30,JT100926NoV,Jam Tracks,180,expandableList,Size_1_x_1,,0,,1,track,sid_placeholder_04,Can't Feel My Face,,,,,,,2024-01-09T23:27:41Z
2026-10-10,v2:/d19ad6a09b7fefdcfc6cb7cb50ac54d032f348f6a3f872ed0f06f2e91e76e1e8,[VIRTUAL]1 x Ford Bronco Raptor for 400 MtxCurrency,400,400,0,0.0,0,2026-10-05T00:00:00Z,2026-10-11T23:59:59.999Z,1,0,-1,,,,,Size_3_x_1,,0,,1,car,Wheel_Fbrn,Ford Bronco Raptor,wheel,uncommon,FORD SERIES,,,,2025-06-07T19:00:27Z
2026-10-10,v2:/16038179947e9b00d9454b778a30e44d384aeb28a53fa11c9239c2323a724814,[VIRTUAL]1 x Big Poppa for 500 MtxCurrency,500,500,0,0.0,0,2026-10-01T00:00:00Z,2026-10-31T23:59:59.999Z,1,0,-12,JT100926NoV,Jam Tracks,180,expandableList,Size_1_x_1,,0,,1,track,sid_placeholder_317,Big Poppa,,,,,,,2024-09-12T15:46:51Z
2026-10-10,v2:/81a19197d0e65fa3cba580ea950533deafd8bea9a298bb0876701075b71c398d,[VIRTUAL]1 x Freddy's Coming for 500 MtxCurrency,500,500,0,0.0,0,2026-10-03T00:00:00Z,2026-10-16T23:59:59.999Z,1,0,-4,Freddy2,A Nightmare on Elm Street,193,tileGrid,Size_1_x_1,,0,,1,br,EID_ApronChow,Freddy's Coming,emote,uncommon,,Freddy Krueger,7,4,2026-10-02T13:00:13Z
2026-10-10,v2:/c860cbaf92148de11934dced6d70cfc834243f5528d64b869e19fbe23d459cb8,[VIRTUAL]1 x Rain On Me for 500 MtxCurrency,500,500,0,0.0,0,2026-10-01T00:00:00Z,2026-10-31T23:59:59.999Z,1,0,-70,JT100926NoV,Jam Tracks,180,expandableList,Size_1_x_1,,0,,1,track,sid_placeholder_145,Rain On Me,,,,,,,2024-02-22T09:00:00Z
2026-10-10,v2:/5432818f70adb64eb1a4c5732118a6d805790f5769438c2064093f7331555f62,[VIRTUAL]1 x TBD (SID_Placeholder_303) for 500 MtxCurrency,500,500,0,0.0,0,2026-10-01T00:00:00Z,2026-10-31T23:59:59.999Z,1,0,-97,JT100926NoV,Jam Tracks,180,expandableList,Size_1_x_1,,0,,1,track,sid_placeholder_303,The Pretender,,,,,,,2025-02-14T00:00:00Z
2026-10-10,v2:/c63c6389cf622448f09265c80f090a29e3a21ef7d1a5acdf2f8093c8713c72c9,[VIRTUAL]1 x Call Me Maybe for 500 MtxCurrency,500,500,0,0.0,0,2026-10-01T00:00:00Z,2026-10-31T23:59:59.999Z,1,0,-6,JT100926NoV,Jam Tracks,180,expandableList,Size_1_x_1,,0,,1,track,sid_placeholder_97,Call Me Maybe,,,,,,,2024-03-20T00:05:45Z
2026-10-10,v2:/6f5f8703f61ef87ea00de1851f1cb5dcb241fa923b2af7836c4f2405566c4c90,"[VIRTUAL]1 x Ghost Face's Hunting Knife, 1 x Ghost Face's Kit for 600 MtxCurrency",600,600,0,0.0,0,2026-10-07T00:00:00Z,2026-10-11T23:59:59.999Z,1,0,-3,Scream,Scream,186,tileGrid,Size_1_x_1,,0,,2,br,Pickaxe_PureCereal,Ghost Face's Hunting Knife,pickaxe,rare,,Ghost Face,6,5,2025-10-10T14:25:13Z
2026-10-10,v2:/6f5f8703f61ef87ea00de1851f1cb5dcb241fa923b2af7836c4f2405566c4c90,"[VIRTUAL]1 x Ghost Face's Hunting Knife, 1 x Ghost Face's Kit for 600 MtxCurrency",600,600,0,0.0,0,2026-10-07T00:00:00Z,2026-10-11T23:59:59.999Z,1,0,-3,Scream,Scream,186,tileGrid,Size_1_x_1,,0,,2,br,Backpack_PureCereal,Ghost Face's Kit,backpack,rare,,Ghost Face,6,5,2025-10-10T14:25:13Z
2026-10-10,v2:/5240d5d172375454dde3c597ddbc5a457b0eb84c9960dc0a006d74dfad6d8e8b,[VIRTUAL]1 x Sgt. Sigil for 800 MtxCurrency,800,800,0,0.0,0,2026-10-06T00:00:00Z,2026-10-12T23:59:59.999Z,1,0,-5,NoSweat100626,No Sweat,183,tileGrid,Size_1_x_1,,0,,1,br,CID_443_Athena_Commando_F_BannerB,Sgt. Sigil,outfit,uncommon,,Banner Brigade,1,9,2019-11-20T12:49:57Z
2026-10-10,v2:/6f3c31caaacd9425147a962418132c6a0953ffcfbb40cb5cb1000c85e2254ad8,"[VIRTUAL]1 x Sword of the Daywalker, 1 x Sword of the Daywalker for 800 MtxCurrency",800,800,0,0.0,0,2026-10-10T00:00:00Z,2026-10-13T23:59:59.999Z,1,0,-1,,,,,Size_1_x_1,,0,,2,br,Pickaxe_ID_465_BackspinMale1H_R40E7,Sword of the Daywalker,pickaxe,marvel,MARVEL SERIES,Blade,2,4,2020-09-25T00:00:00Z
2026-10-10,v2:/6f3c31caaacd9425147a962418132c6a0953ffcfbb40cb5cb1000c85e2254ad8,"[VIRTUAL]1 x Sword of the Daywalker, 1 x Sword of the Daywalker for 800 MtxCurrency",800,800,0,0.0,0,2026-10-10T00:00:00Z,2026-10-13T23:59:59.999Z,1,0,-1,,,,,Size_1_x_1,,0,,2,br,BID_615_Backspin_KA0K2,Sword of the Daywalker,backpack,marvel,MARVEL SERIES,Blade,2,4,2020-09-25T00:00:00Z
2026-10-10,v2:/11aca57df3be3b8b40c229b8183855b24e9876580542c8d9dc2080be3ae5e69e,[VIRTUAL]1 x Chill Count for 800 MtxCurrency,800,800,0,0.0,0,2026-10-06T00:00:00Z,2026-10-12T23:59:59.999Z,1,0,-1,NoSweat100626,No Sweat,183,tileGrid,Size_1_x_1,,0,,1,br,CID_673_Athena_Commando_F_ArcticCamo_Slate,Chill Count,outfit,uncommon,,Permafrost,2,1,2020-01-15T09:35:50Z
2026-10-10,v2:/06edb1f58ae8bec2b3843c127d845d21a8b51ce1bf57ea2a374e367fdeb9c770,[VIRTUAL]1 x Noelle's Wand for 800 MtxCurrency,800,800,0,0.0,0,2026-10-04T00:00:00Z,2026-10-13T23:59:59.999Z,1,0,-2,BlackClover2,Black Clover ,194,tileGrid,Size_1_x_1,,0,,1,br,Pickaxe_SlumpAfter,Noelle's Wand,pickaxe,rare,,Black Clover,7,4,2026-10-03T13:00:46Z
2026-10-10,v2:/9041ffca1267e3c7fb49a2a8687876c238dfeb19b5cb515f6d5e400e5c35cf95,[VIRTUAL]1 x Crescent Darts for 500 MtxCurrency,500,500,0,0.0,0,2026-10-10T00:00:00Z,2026-10-13T23:59:59.999Z,1,0,-2,FNMBlade,Marvel,188,tileGrid,Size_2_x_1,,0,,1,br,Pickaxe_ID_784_CroissantMale,Crescent Darts,pickaxe,marvel,MARVEL SERIES,Moon Knight,3,2,2022-04-21T00:00:00Z
2026-10-10,v2:/d8e8247e5a3a6d4b00da27d7552ee8614b5a2facac6c32651a19fc2446778671,[VIRTUAL]1 x Scoobie Slippies for 1000 MtxCurrency,1000,1000,0,0.0,0,2026-10-09T00:00:00Z,2026-10-13T23:59:59.999Z,1,0,-1,ScoobyAll,Scooby-Doo,187,tileGrid,Size_1_x_1,,0,,1,br,Shoes_LeftMuscleDoe,Scoobie Slippies,shoe,uncommon,,Mystery Inc.,6,5,2025-10-11T00:24:36Z
2026-10-10,v2:/dc0af5e82dd187e6df23359ba99bbaa0c32ede9c778402cb18016915265e7b83,[VIRTUAL]1 x Shady Double Saw for 800 MtxCurrency,800,800,0,0.0,0,2026-10-06T00:00:00Z,2026-10-10T23:59:59.999Z,1,0,-2,Eminem1Icon,Eminem,179,tileGrid,Size_1_x_1,,0,,1,br,Pickaxe_HeavyRoar,Shady Double Saw,pickaxe,icon,Icon Series,Eminem,4,OG,2023-11-28T15:26:41Z
2026-10-10,v2:/aa34b769427ef983e15c6d9e966de4906507505b739d1d2a1f2811326c582e5b,[VIRTUAL]1 x Doll Eyes for 500 MtxCurrency,500,500,0,0.0,0,2026-10-09T00:00:00Z,2026-10-15T23:59:59.999Z,1,0,-3,FNM101026,Locker of Horrors,197,tileGrid,Size_1_x_1,,0,,1,br,Wrap_QuaintToy,Doll Eyes,wrap,rare,,Lost Dolls,7,4,2026-10-01T18:37:28Z
2026-10-10,v2:/66b6aebc66193a40dd2b01c7d1dbcee8cd789e5d1c19a882a968fb9a83a160d9,[VIRTUAL]1 x Taming Flame for 400 MtxCurrency,400,400,0,0.0,0,2026-10-10T00:00:00Z,2026-10-16T23:59:59.999Z,1,0,-1,99Nights1,99 Nights In The Forest ,198,tileGrid,Size_1_x_1,,0,,1,br,EID_TerryBroke,Taming Flame,emote,gaminglegends,Gaming Legends Series,99 Nights in the Forest,7,4,2026-10-08T13:00:54Z
2026-10-10,v2:/3879535a9d1733738e0ada446e53acd40ef4aac0d4d57397d99a2b5c71d8d246,[VIRTUAL]1 x Necronomicon Ex-Mortis for 300 MtxCurrency,300,300,0,0.0,0,2026-10-06T00:00:00Z,2026-10-10T23:59:59.999Z,1,0,-2,,,,,Size_4_x_1,,0,,1,br,Backpack_Troops,Necronomicon Ex-Mortis,backpack,epic,,Knowby Cabin Nightmare,3,4,2022-10-18T23:49:57Z
2026-10-10,v2:/08785128fdf0a679528842da63e05e99aea2aa6a4adeba814a5aed5164506f91,[VIRTUAL]1 x TBD (SID_Placeholder_453) for 500 MtxCurrency,500,500,0,0.0,0,2026-10-09T00:00:00Z,2026-10-15T23:59:59.999Z,1,0,-4,JT100926NoV,Jam Tracks,180,tileGrid,Size_1_x_1,,0,,1,track,sid_placeholder_453,MIA,,,,,,,2025-01-16T14:37:22Z
2026-10-10,v2:/96c760cfca90da40ec061a8b7992cd62a958f3fc6cb572391c655ccc06f06dd8,[VIRTUAL]1 x Shivers for 500 MtxCurrency,500,500,0,0.0,0,2026-10-09T00:00:00Z,2026-10-15T23:59:59.999Z,1,0,-3,JT100926NoV,Jam Tracks,180,tileGrid,Size_1_x_1,,0,,1,track,sid_placeholder_160,Shivers,,,,,,,2024-03-05T20:11:31Z
2026-10-10,v2:/1c5b3603cc7aea688602247f93893755705fdfe82236e2d239962d79c2f15f60,[VIRTUAL]1 x Freddy Fazbear's Pizza for 500 MtxCurrency,500,500,0,0.0,0,2026-10-01T00:00:00Z,2026-10-31T23:59:59.999Z,1,0,-4,5Nights,Five Nights at Freddy's,196,tileGrid,Size_1_x_1,,0,,1,br,Wrap_GuardHence,Freddy Fazbear's Pizza,wrap,gaminglegends,Gaming Legends Series,Five Nights at Freddy's,7,4,2026-10-01T08:00:00Z
2026-10-10,v2:/d83488551afa25b5a6000e6434b27cee923ad7f4e87b0c5d7c52875479aaa479,[VIRTUAL]1 x Lil' Mystery Machine for 500 MtxCurrency,500,500,0,0.0,0,2026-10-09T00:00:00Z,2026-10-13T23:59:59.999Z,1,0,-3,ScoobyAll,Scooby-Doo,187,tileGrid,Size_1_x_1,,0,,1,br,EID_OboeThorn,Lil' Mystery Machine,emote,uncommon,,Mystery Inc.,6,5,2025-10-10T14:25:13Z
2026-10-10,v2:/9fcd68686e260a17211ca9eab5b6e951c938a2e28685a071325bfcf94fc4adee,[VIRTUAL]1 x Dayflier for 1200 MtxCurrency,1200,1200,0,0.0,0,2026-10-10T00:00:00Z,2026-10-13T23:59:59.999Z,1,0,-3,FNMBlade,Marvel,188,tileGrid,Size_1_x_1,,0,,1,br,Glider_ID_241_BackspinMale_97LM4,Dayflier,glider,marvel,MARVEL SERIES,Blade,2,4,2020-09-25T00:00:00Z
2026-10-10,v2:/950126979d096fcb602f68aa39c77d1767ed856b81a401daea37765aa865f359,[VIRTUAL]1 x bury a friend for 500 MtxCurrency,500,500,0,0.0,0,2026-10-01T00:00:00Z,2026-10-17T23:59:59.999Z,1,0,-76,JT100926NoV,Jam Tracks,180,expandableList,Size_1_x_1,,0,,1,track,sid_placeholder_381,bury a friend,,,,,,,2024-10-10T13:34:27Z
2026-10-10,v2:/8985d42a53a0dfafc782a074ac72f93337d0c7388253a1674166f9ba149f4945,[VIRTUAL]1 x Crowe Claws for 500 MtxCurrency,500,500,0,0.0,0,2026-10-10T00:00:00Z,2026-10-12T23:59:59.999Z,1,0,-5,FNM101026,Locker of Horrors,197,tileGrid,Size_1_x_1,,0,,1,br,Pickaxe_Nevermore,Crowe Claws,pickaxe,rare,,Queen of Crows,6,5,2025-09-18T13:08:36Z
2026-10-10,v2:/6a1d65396de00cef382d9cd33d00865a740e3f30027ae916b1266a7ce29644a3,[VIRTUAL]1 x TBD (SID_Placeholder_327) for 500 MtxCurrency,500,500,0,0.0,0,2026-10-01T00:00:00Z,2026-10-31T23:59:59.999Z,1,0,-102,JT100926NoV,Jam Tracks,180,expandableList,Size_1_x_1,,0,,1,track,sid_placeholder_327,Last Resort (2020),,,,,,,2025-02-13T17:10:43Z
2026-10-10,v2:/1240a85c2e9149088c92b2c8cf8e2fd5da639cc13ca63d2f6f8f00fd1092e9b6,[VIRTUAL]1 x Disco Ball for 400 MtxCurrency,400,400,0,0.0,0,2026-10-05T00:00:00Z,2026-10-11T23:59:59.999Z,1,0,-2,,,,,Size_1_x_1,,0,,1,br,BID_195_FunkOpsFemale,Disco Ball,backpack,rare,,Fortnite Fever,1,7,2019-11-20T12:50:37Z
2026-10-10,v2:/637fec7dfd2412c6a32bf0fed7c109ee0ad7929ab63de967d5ee8e2b55303208,"[VIRTUAL]1 x Ravage, 1 x Dark Wings, 1 x Dark Feathers for -1 MtxCurrency",2000,2000,0,0.0,0,2026-10-10T00:00:00Z,2026-10-12T23:59:59.999Z,1,0,-5,FNM101026,Locker of Horrors,197,tileGrid,Size_1_x_1,,0,,3,br,CID_194_Athena_Commando_F_RavenQuill,Ravage,outfit,legendary,,Nevermore,1,5,2019-11-20T12:50:18Z
2026-10-10,v2:/637fec7dfd2412c6a32bf0fed7c109ee0ad7929ab63de967d5ee8e2b55303208,"[VIRTUAL]1 x Ravage, 1 x Dark Wings, 1 x Dark Feathers for -1 MtxCurrency",2000,2000,0,0.0,0,2026-10-10T00:00:00Z,2026-10-12T23:59:59.999Z,1,0,-5,FNM101026,Locker of Horrors,197,tileGrid,Size_1_x_1,,0,,3,br,BID_095_RavenQuillFemale,Dark Wings,backpack,legendary,,Nevermore,1,5,2019-11-20T12:50:39Z
2026-10-10,v2:/637fec7dfd2412c6a32bf0fed7c109ee0ad7929ab63de967d5ee8e2b55303208,"[VIRTUAL]1 x Ravage, 1 x Dark Wings, 1 x Dark Feathers for -1 MtxCurrency",2000,2000,0,0.0,0,2026-10-10T00:00:00Z,2026-10-12T23:59:59.999Z,1,0,-5,FNM101026,Locker of Horrors,197,tileGrid,Size_1_x_1,,0,,3,br,Trails_ID_020_RavenQuill,Dark Feathers,contrail,rare,,Nevermore,1,5,2019-11-20T12:51:13Z
2026-10-10,v2:/84c49d9f4d8d5b4e2a9b36248dad93bf2e847e9d86309ed34764f55d19542cad,[VIRTUAL]1 x Chainsaw Hand for 800 MtxCurrency,800,800,0,0.0,0,2026-10-06T00:00:00Z,2026-10-10T23:59:59.999Z,1,0,-2,,,,,Size_4_x_1,,0,,1,br,Pickaxe_Troops,Chainsaw Hand,pickaxe,epic,,Knowby Cabin Nightmare,3,4,2022-10-18T23:49:57Z
2026-10-10,v2:/34ed5bac238f280d9f516f8c662e879098c0d5ec17510c94a8b1bb3e6b4fb172,[VIRTUAL]1 x Search for Clues for 300 MtxCurrency,300,300,0,0.0,0,2026-10-09T00:00:00Z,2026-10-13T23:59:59.999Z,1,0,-4,ScoobyAll,Scooby-Doo,187,tileGrid,Size_1_x_1,,0,,1,br,EID_BaskIsle,Search for Clues,emote,uncommon,,Mystery Inc.,6,5,2025-10-09T08:45:50Z
2026-10-10,v2:/5e8bff6ac2d97e72bf93dacb96d4a4b1b2eefbd4e1faa001d2a938bc620fd6f6,[VIRTUAL]1 x Better Off Alone for 500 MtxCurrency,500,500,0,0.0,0,2026-10-01T00:00:00Z,2026-10-31T23:59:59.999Z,1,0,-33,JT100926NoV,Jam Tracks,180,expandableList,Size_1_x_1,,0,,1,track,sid_placeholder_323,Better Off Alone,,,,,,,2024-09-05T14:24:37Z
2026-10-10,v2:/157b1df898f498ad48f6607a8bc65afddd16f382b9f890e7b281a6cb80438dca,"[VIRTUAL]1 x Iconic Kim Kardashian, 1 x Ring Light To Go, 1 x Kim Kardashian, 1 x Kim's Kit, 1 x Full Beat Brush, 1 x Bag Basher, 1 x Slurp the Internet, 1 x Diamond Drop, 1 x Private Jet for -1 MtxCurrency",5900,3000,2900,0.4915,1,2026-10-08T00:00:00Z,2026-10-12T23:59:59.999Z,1,0,-1,QuicheLorraine,Kim Kardashian,184,tileGrid,Size_2_x_1,,1,Kim Kardashian Bundle,9,br,Character_QuicheLorraineLime,Iconic Kim Kardashian,outfit,icon,Icon Series,,7,1,2025-12-12T10:05:30Z
2026-10-10,v2:/157b1df898f498ad48f6607a8bc65afddd16f382b9f890e7b281a6cb80438dca,"[VIRTUAL]1 x Iconic Kim Kardashian, 1 x Ring Light To Go, 1 x Kim Kardashian, 1 x Kim's Kit, 1 x Full Beat Brush, 1 x Bag Basher, 1 x Slurp the Internet, 1 x Diamond Drop, 1 x Private Jet for -1 MtxCurrency",5900,3000,2900,0.4915,1,2026-10-08T00:00:00Z,2026-10-12T23:59:59.999Z,1,0,-1,QuicheLorraine,Kim Kardashian,184,tileGrid,Size_2_x_1,,1,Kim Kardashian Bundle,9,br,Backpack_QuicheLorraineLime,Ring Light To Go,backpack,icon,Icon Series,Kim Kardashian,7,1,2025-12-12T10:05:30Z
2026-10-10,v2:/157b1df898f498ad48f6607a8bc65afddd16f382b9f890e7b281a6cb80438dca,"[VIRTUAL]1 x Iconic Kim Kardashian, 1 x Ring Light To Go, 1 x Kim Kardashian, 1 x Kim's Kit, 1 x Full Beat Brush, 1 x Bag Basher, 1 x Slurp the Internet, 1 x Diamond Drop, 1 x Private Jet for -1 MtxCurrency",5900,3000,2900,0.4915,1,2026-10-08T00:00:00Z,2026-10-12T23:59:59.999Z,1,0,-1,QuicheLorraine,Kim Kardashian,184,tileGrid,Size_2_x_1,,1,Kim Kardashian Bundle,9,br,Character_QuicheLorraineCrisp,Kim Kardashian,outfit,icon,Icon Series,,7,1,2025-12-12T10:05:30Z
2026-10-10,v2:/157b1df898f498ad48f6607a8bc65afddd16f382b9f890e7b281a6cb80438dca,"[VIRTUAL]1 x Iconic Kim Kardashian, 1 x Ring Light To Go, 1 x Kim Kardashian, 1 x Kim's Kit, 1 x Full Beat Brush, 1 x Bag Basher, 1 x Slurp the Internet, 1 x Diamond Drop, 1 x Private Jet for -1 MtxCurrency",5900,3000,2900,0.4915,1,2026-10-08T00:00:00Z,2026-10-12T23:59:59.999Z,1,0,-1,QuicheLorraine,Kim Kardashian,184,tileGrid,Size_2_x_1,,1,Kim Kardashian Bundle,9,br,Backpack_QuicheLorraineCrisp,Kim's Kit,backpack,icon,Icon Series,Kim Kardashian,7,1,2025-12-12T10:05:30Z
2026-10-10,v2:/157b1df898f498ad48f6607a8bc65afddd16f382b9f890e7b281a6cb80438dca,"[VIRTUAL]1 x Iconic Kim Kardashian, 1 x Ring Light To Go, 1 x Kim Kardashian, 1 x Kim's Kit, 1 x Full Beat Brush, 1 x Bag Basher, 1 x Slurp the Internet, 1 x Diamond Drop, 1 x Private Jet for -1 MtxCurrency",5900,3000,2900,0.4915,1,2026-10-08T00:00:00Z,2026-10-12T23:59:59.999Z,1,0,-1,QuicheLorraine,Kim Kardashian,184,tileGrid,Size_2_x_1,,1,Kim Kardashian Bundle,9,br,Pickaxe_QuicheLorraineCrisp,Full Beat Brush,pickaxe,icon,Icon Series,Kim Kardashian,7,1,2025-12-12T10:05:30Z
2026-10-10,v2:/157b1df898f498ad48f6607a8bc65afddd16f382b9f890e7b281a6cb80438dca,"[VIRTUAL]1 x Iconic Kim Kardashian, 1 x Ring Light To Go, 1 x Kim Kardashian, 1 x Kim's Kit, 1 x Full Beat Brush, 1 x Bag Basher, 1 x Slurp the Internet, 1 x Diamond Drop, 1 x Private Jet for -1 MtxCurrency",5900,3000,2900,0.4915,1,2026-10-08T00:00:00Z,2026-10-12T23:59:59.999Z,1,0,-1,QuicheLorraine,Kim Kardashian,184,tileGrid,Size_2_x_1,,1,Kim Kardashian Bundle,9,br,Pickaxe_QuicheLorraineLime,Bag Basher,pickaxe,icon,Icon Series,Kim Kardashian,7,1,2025-12-12T10:05:30Z
2026-10-10,v2:/157b1df898f498ad48f6607a8bc65afddd16f382b9f890e7b281a6cb80438dca,"[VIRTUAL]1 x Iconic Kim Kardashian, 1 x Ring Light To Go, 1 x Kim Kardashian, 1 x Kim's Kit, 1 x Full Beat Brush, 1 x Bag Basher, 1 x Slurp the Internet, 1 x Diamond Drop, 1 x Private Jet for -1 MtxCurrency",5900,3000,2900,0.4915,1,2026-10-08T00:00:00Z,2026-10-12T23:59:59.999Z,1,0,-1,QuicheLorraine,Kim Kardashian,184,tileGrid,Size_2_x_1,,1,Kim Kardashian Bundle,9,br,EID_QuicheLorraineCrisp,Slurp the Internet,emote,icon,Icon Series,Kim Kardashian,7,1,2025-12-12T10:05:30Z
2026-10-10,v2:/157b1df898f498ad48f6607a8bc65afddd16f382b9f890e7b281a6cb80438dca,"[VIRTUAL]1 x Iconic Kim Kardashian, 1 x Ring Light To Go, 1 x Kim Kardashian, 1 x Kim's Kit, 1 x Full Beat Brush, 1 x Bag Basher, 1 x Slurp the Internet, 1 x Diamond Drop, 1 x Private Jet for -1 MtxCurrency",5900,3000,2900,0.4915,1,2026-10-08T00:00:00Z,2026-10-12T23:59:59.999Z,1,0,-1,QuicheLorraine,Kim Kardashian,184,tileGrid,Size_2_x_1,,1,Kim Kardashian Bundle,9,br,EID_QuicheLorraineLime,Diamond Drop,emote,icon,Icon Series,Kim Kardashian,7,1,2025-12-12T10:05:30Z
2026-10-10,v2:/157b1df898f498ad48f6607a8bc65afddd16f382b9f890e7b281a6cb80438dca,"[VIRTUAL]1 x Iconic Kim Kardashian, 1 x Ring Light To Go, 1 x Kim Kardashian, 1 x Kim's Kit, 1 x Full Beat Brush, 1 x Bag Basher, 1 x Slurp the Internet, 1 x Diamond Drop, 1 x Private Jet for -1 MtxCurrency",5900,3000,2900,0.4915,1,2026-10-08T00:00:00Z,2026-10-12T23:59:59.999Z,1,0,-1,QuicheLorraine,Kim Kardashian,184,tileGrid,Size_2_x_1,,1,Kim Kardashian Bundle,9,br,Glider_QuicheLorraineLime,Private Jet,glider,icon,Icon Series,Kim Kardashian,7,1,2025-12-12T10:05:30Z
2026-10-10,v2:/3c0e47aad1b147cef12908876e9c4cde60f98f9b271b02c61b8744562d7f1e8a,[VIRTUAL]1 x Raven's Stare for 300 MtxCurrency,300,300,0,0.0,0,2026-10-06T00:00:00Z,2026-10-10T23:59:59.999Z,1,0,-3,,,,,Size_2_x_1,,0,,1,br,Backpack_BraveBuild,Raven's Stare,backpack,icon,Icon Series,Eminem,4,OG,2023-11-28T15:26:41Z
2026-10-10,v2:/cf962213017b4ea5e1b3b596cd5f149191c0573058c6e43c94755034c0c72b9d,[VIRTUAL]1 x TBD (SID_Placeholder_791) for 500 MtxCurrency,500,500,0,0.0,0,2026-10-09T00:00:00Z,2026-10-12T23:59:59.999Z,1,0,-4,EsDeeKid,EsDeeKid,185,tileGrid,Size_1_x_1,,0,,1,track,sid_placeholder_791,4 Raws,,,,,,,2026-05-14T19:23:26Z
2026-10-10,v2:/e06cf038e97bae7ea1a84b92103e458c808aad06e030d0fd14f5c1cdbeb6befe,[VIRTUAL]1 x Feathered Flyer for 800 MtxCurrency,800,800,0,0.0,0,2026-10-10T00:00:00Z,2026-10-12T23:59:59.999Z,1,0,-6,FNM101026,Locker of Horrors,197,tileGrid,Size_1_x_1,,0,,1,br,Glider_ID_024_Reaper,Feathered Flyer,glider,rare,,Nevermore,1,3,2019-11-20T12:51:10Z
2026-10-10,v2:/f1170e3b63f53b38d80c17d981c8ea524a95c41a0e7925679eeb78cb7d5f69a2,"[VIRTUAL]1 x Jack the Clown, 1 x Jack the Clown in the Box for -1 MtxCurrency",1500,1500,0,0.0,0,2026-10-06T00:00:00Z,2026-10-12T23:59:59.999Z,1,0,-1,HHNJack2,Halloween Horror Nights ,192,tileGrid,Size_1_x_1,,0,,2,br,Character_WitchValve,Jack the Clown,outfit,epic,,Halloween Horror Nights,7,4,2026-10-05T13:00:42Z
2026-10-10,v2:/f1170e3b63f53b38d80c17d981c8ea524a95c41a0e7925679eeb78cb7d5f69a2,"[VIRTUAL]1 x Jack the Clown, 1 x Jack the Clown in the Box for -1 MtxCurrency",1500,1500,0,0.0,0,2026-10-06T00:00:00Z,2026-10-12T23:59:59.999Z,1,0,-1,HHNJack2,Halloween Horror Nights ,192,tileGrid,Size_1_x_1,,0,,2,br,Backpack_WitchValve,Jack the Clown in the Box,backpack,rare,,Halloween Horror Nights,7,4,2026-10-05T13:00:42Z
2026-10-10,v2:/13321abe2a580914f1ac1d00f0ac0ccfa3a6352abc1e4df31ee5ddb07dd92bd7,"[VIRTUAL]1 x Freddy Fazbear, 1 x Freddy-oke Machine for -1 MtxCurrency",1500,1500,0,0.0,0,2026-10-01T00:00:00Z,2026-10-31T23:59:59.999Z,1,0,-1,5Nights,Five Nights at Freddy's,196,tileGrid,Size_2_x_1,,0,,2,br,Character_GuardHence,Freddy Fazbear,outfit,gaminglegends,Gaming Legends Series,Five Nights at Freddy's,7,4,2026-10-01T08:00:00Z
2026-10-10,v2:/13321abe2a580914f1ac1d00f0ac0ccfa3a6352abc1e4df31ee5ddb07dd92bd7,"[VIRTUAL]1 x Freddy Fazbear, 1 x Freddy-oke Machine for -1 MtxCurrency",1500,1500,0,0.0,0,2026-10-01T00:00:00Z,2026-10-31T23:59:59.999Z,1,0,-1,5Nights,Five Nights at Freddy's,196,tileGrid,Size_2_x_1,,0,,2,br,Backpack_GuardHence,Freddy-oke Machine,backpack,gaminglegends,Gaming Legends Series,Five Nights at Freddy's,7,4,2026-10-01T08:00:00Z
2026-10-10,v2:/3d880fad70589d94851c09d47b2946e895f581ff5b1662d01f0e63645b578e17,[VIRTUAL]1 x CAIRO for 500 MtxCurrency,500,500,0,0.0,0,2026-10-01T00:00:00Z,2026-10-31T23:59:59.999Z,1,0,-55,JT100926NoV,Jam Tracks,180,expandableList,Size_1_x_1,,0,,1,track,sid_placeholder_306,CAIRO,,,,,,,2024-08-16T03:00:00Z
2026-10-10,v2:/4c900ce4183e6218aed09910b83dec59e6c539fd1bda0417d0e8c7249396ccd7,[VIRTUAL]1 x Replay for 500 MtxCurrency,500,500,0,0.0,0,2026-10-01T00:00:00Z,2026-10-31T23:59:59.999Z,1,0,-28,JT100926NoV,Jam Tracks,180,expandableList,Size_1_x_1,,0,,1,track,sid_placeholder_295,Replay,,,,,,,2024-08-22T14:07:17Z
2026-10-10,v2:/25f3141d9012ba7cbe2bbe9bc3bd55a3151cba7b9fbf51f78f577d93f50a6b4d,[VIRTUAL]1 x The Knight for 1500 MtxCurrency,1500,1500,0,0.0,0,2026-10-08T00:00:00Z,2026-10-14T23:59:59.999Z,1,0,-1,HollowKnight,Hollow Knight ,195,tileGrid,Size_2_x_1,This Sidekick includes quests that unlock new items upon completion!,0,,1,br,Companion_PinkySight,The Knight,sidekick,gaminglegends,Gaming Legends Series,Hollow Knight,7,4,2026-10-06T13:00:45Z
2026-10-10,v2:/658c18732129288e9abc0f0efb21f4b5d3287b4cf982469830b8205c854a1d79,"[VIRTUAL]1 x Freddy's Mic, 1 x Freddy's Mic, 1 x Freddy's Mic for 800 MtxCurrency",800,800,0,0.0,0,2026-10-01T00:00:00Z,2026-10-31T23:59:59.999Z,1,0,-1,5Nights,Five Nights at Freddy's,196,tileGrid,Size_1_x_1,,0,,3,br,Backpack_GuardHence_Mic,Freddy's Mic,backpack,rare,,Five Nights at Freddy's,7,4,2026-10-01T08:00:00Z
2026-10-10,v2:/658c18732129288e9abc0f0efb21f4b5d3287b4cf982469830b8205c854a1d79,"[VIRTUAL]1 x Freddy's Mic, 1 x Freddy's Mic, 1 x Freddy's Mic for 800 MtxCurrency",800,800,0,0.0,0,2026-10-01T00:00:00Z,2026-10-31T23:59:59.999Z,1,0,-1,5Nights,Five Nights at Freddy's,196,tileGrid,Size_1_x_1,,0,,3,br,Pickaxe_GuardHence_Mic,Freddy's Mic,pickaxe,rare,,Five Nights at Freddy's,7,4,2026-10-01T08:00:00Z
2026-10-10,v2:/658c18732129288e9abc0f0efb21f4b5d3287b4cf982469830b8205c854a1d79,"[VIRTUAL]1 x Freddy's Mic, 1 x Freddy's Mic, 1 x Freddy's Mic for 800 MtxCurrency",800,800,0,0.0,0,2026-10-01T00:00:00Z,2026-10-31T23:59:59.999Z,1,0,-1,5Nights,Five Nights at Freddy's,196,tileGrid,Size_1_x_1,,0,,3,instrument,Sparks_GuardHence_Mic,Freddy's Mic,mic,common,,,,,2026-10-01T08:00:00Z
2026-10-10,v2:/2b47daa2045b044b3cf5bd2f68a185807c5c68a288a18e17af6ca99462aaa7a0,[VIRTUAL]1 x Iron Beak for 800 MtxCurrency,800,800,0,0.0,0,2026-10-10T00:00:00Z,2026-10-12T23:59:59.999Z,1,0,-2,FNM101026,Locker of Horrors,197,tileGrid,Size_1_x_1,,0,,1,br,Pickaxe_ID_089_RavenQuill,Iron Beak,pickaxe,rare,,Nevermore,1,5,2019-11-20T12:50:56Z
2026-10-10,v2:/2df99836cda0f3ced12b381de5e6d10c84b344b5a29c97b1e57a2b7893e1a2de,[VIRTUAL]1 x Morrigan for 800 MtxCurrency,800,800,0,0.0,0,2026-10-10T00:00:00Z,2026-10-12T23:59:59.999Z,1,0,-4,FNM101026,Locker of Horrors,197,tileGrid,Size_1_x_1,,0,,1,br,Character_Nevermore,Morrigan,outfit,epic,,Queen of Crows,6,5,2025-09-18T13:08:36Z
2026-10-10,v2:/f09e84aa5b5cde91e1176cc05991c838ae43f0fc8fbba67e87288e4f111379ff,[VIRTUAL]1 x Skull and Chains for 500 MtxCurrency,500,500,0,0.0,0,2026-10-08T00:00:00Z,2026-10-10T23:59:59.999Z,1,0,-1,FNM101026,Locker of Horrors,197,tileGrid,Size_1_x_1,,0,,1,br,Wrap_SkillSkull,Skull and Chains,wrap,uncommon,,,5,4,2024-10-01T08:27:32Z
2026-10-10,v2:/edec328d29130f5e001a827c180730894f72f3dd6c33628d5de6d4e84554fae6,[VIRTUAL]1 x Radioactive for 500 MtxCurrency,500,500,0,0.0,0,2026-10-01T00:00:00Z,2026-10-31T23:59:59.999Z,1,0,-31,JT100926NoV,Jam Tracks,180,expandableList,Size_1_x_1,,0,,1,track,sid_placeholder_347,Radioactive,,,,,,,2025-01-02T14:36:01Z
2026-10-10,v2:/ea957928816bbaacab4ea580bb400fd8aecc5f00446500dcbf21ed877f81669f,"[VIRTUAL]1 x Foxy The Pirate, 1 x Foxy's Hook, 1 x Foxy's Side Stage for -1 MtxCurrency",1600,1600,0,0.0,0,2026-10-01T00:00:00Z,2026-10-31T23:59:59.999Z,1,0,-3,5Nights,Five Nights at Freddy's,196,tileGrid,Size_1_x_1,,0,,3,br,Character_JigsawWaste,Foxy The Pirate,outfit,gaminglegends,Gaming Legends Series,Five Nights at Freddy's,7,4,2026-10-01T08:00:00Z
2026-10-10,v2:/ea957928816bbaacab4ea580bb400fd8aecc5f00446500dcbf21ed877f81669f,"[VIRTUAL]1 x Foxy The Pirate, 1 x Foxy's Hook, 1 x Foxy's Side Stage for -1 MtxCurrency",1600,1600,0,0.0,0,2026-10-01T00:00:00Z,2026-10-31T23:59:59.999Z,1,0,-3,5Nights,Five Nights at Freddy's,196,tileGrid,Size_1_x_1,,0,,3,br,Pickaxe_JigsawWaste,Foxy's Hook,pickaxe,gaminglegends,Gaming Legends Series,Five Nights at Freddy's,7,4,2026-10-01T08:00:00Z
2026-10-10,v2:/ea957928816bbaacab4ea580bb400fd8aecc5f00446500dcbf21ed877f81669f,"[VIRTUAL]1 x Foxy The Pirate, 1 x Foxy's Hook, 1 x Foxy's Side Stage for -1 MtxCurrency",1600,1600,0,0.0,0,2026-10-01T00:00:00Z,2026-10-31T23:59:59.999Z,1,0,-3,5Nights,Five Nights at Freddy's,196,tileGrid,Size_1_x_1,,0,,3,br,Backpack_JigsawWaste,Foxy's Side Stage,backpack,gaminglegends,Gaming Legends Series,Five Nights at Freddy's,7,4,2026-10-01T08:00:00Z
2026-10-10,v2:/74bd0621c6b0058cc1adf6786d3fac936c9c61df932f25a1ded1f966dd882a40,"[VIRTUAL]1 x Asta, 1 x Asta's Demon-Slayer Sword, 1 x Asta's Devil Wings, 1 x Asta's Grimoire for -1 MtxCurrency",2000,2000,0,0.0,0,2026-10-04T00:00:00Z,2026-10-13T23:59:59.999Z,1,0,-1,BlackClover2,Black Clover ,194,tileGrid,Size_2_x_1,,0,,4,br,Character_MimicGlean,Asta,outfit,epic,,Black Clover,7,4,2026-10-03T13:00:46Z
2026-10-10,v2:/74bd0621c6b0058cc1adf6786d3fac936c9c61df932f25a1ded1f966dd882a40,"[VIRTUAL]1 x Asta, 1 x Asta's Demon-Slayer Sword, 1 x Asta's Devil Wings, 1 x Asta's Grimoire for -1 MtxCurrency",2000,2000,0,0.0,0,2026-10-04T00:00:00Z,2026-10-13T23:59:59.999Z,1,0,-1,BlackClover2,Black Clover ,194,tileGrid,Size_2_x_1,,0,,4,br,Pickaxe_MimicGlean,Asta's Demon-Slayer Sword,pickaxe,rare,,Black Clover,7,4,2026-10-03T13:00:46Z
2026-10-10,v2:/74bd0621c6b0058cc1adf6786d3fac936c9c61df932f25a1ded1f966dd882a40,"[VIRTUAL]1 x Asta, 1 x Asta's Demon-Slayer Sword, 1 x Asta's Devil Wings, 1 x Asta's Grimoire for -1 MtxCurrency",2000,2000,0,0.0,0,2026-10-04T00:00:00Z,2026-10-13T23:59:59.999Z,1,0,-1,BlackClover2,Black Clover ,194,tileGrid,Size_2_x_1,,0,,4,br,Backpack_MimicGleanIdeal,Asta's Devil Wings,backpack,rare,,Black Clover,7,4,2026-10-03T13:00:46Z
2026-10-10,v2:/74bd0621c6b0058cc1adf6786d3fac936c9c61df932f25a1ded1f966dd882a40,"[VIRTUAL]1 x Asta, 1 x Asta's Demon-Slayer Sword, 1 x Asta's Devil Wings, 1 x Asta's Grimoire for -1 MtxCurrency",2000,2000,0,0.0,0,2026-10-04T00:00:00Z,2026-10-13T23:59:59.999Z,1,0,-1,BlackClover2,Black Clover ,194,tileGrid,Size_2_x_1,,0,,4,br,Backpack_MimicGlean,Asta's Grimoire,backpack,rare,,Black Clover,7,4,2026-10-03T13:00:46Z
2026-10-10,v2:/62bfc5e73f9e081e0c96c287841982d4db7b1b4f8acb1ec1bdd7d94ec57fa974,[VIRTUAL]1 x Ghost Portal for 400 MtxCurrency,400,400,0,0.0,0,2026-10-08T00:00:00Z,2026-10-10T23:59:59.999Z,1,0,-1,,,,,Size_1_x_1,,0,,1,br,BID_105_GhostPortal,Ghost Portal,backpack,epic,,Skull Squad,1,5,2019-11-20T12:50:39Z
2026-10-10,v2:/2bca5ab14319bc49e2af573534e23b4e9988b38e8b8f129462d444d555962d9e,[VIRTUAL]1 x Fennec ZR-F for 400 MtxCurrency,400,400,0,0.0,0,2026-10-07T00:00:00Z,2026-10-13T23:59:59.999Z,1,0,-1,,,,,Size_3_x_1,,0,,1,car,Wheel_ZRF,Fennec ZR-F,wheel,uncommon,,,,,2025-06-24T14:01:49Z
2026-10-10,v2:/bd19344234a822efb43d83bb67a42e50c6c78e6c76f4ce7d35256fbbc68bce3c,[VIRTUAL]1 x PUMA x LAMELO BALL MB.04 'Scooby-Doo' for 1000 MtxCurrency,1000,1000,0,0.0,0,2026-10-09T00:00:00Z,2026-10-13T23:59:59.999Z,1,0,-2,ScoobyAll,Scooby-Doo,187,tileGrid,Size_1_x_1,,0,,1,br,Shoes_PrideOxenReclaim,PUMA x LAMELO BALL MB.04 'Scooby-Doo',shoe,uncommon,,PUMA Shoes,6,5,2025-10-11T00:24:36Z
2026-10-10,v2:/99a6511f7abadb4d207e50c22ef4971225f0b7b6b0841e19c91db73f644f4be0,"[VIRTUAL]1 x Ghost Face, 1 x Ghost Face's Hunting Knife, 1 x Ghost Face's Kit, 1 x Knife Cleaner for -1 MtxCurrency",2400,2000,400,0.1667,1,2026-10-07T00:00:00Z,2026-10-11T23:59:59.999Z,1,0,-1,Scream,Scream,186,tileGrid,Size_1_x_1,,1,Ghost Face Bundle,4,br,Character_PureCereal,Ghost Face,outfit,epic,,Ghost Face,6,5,2025-10-10T14:25:13Z
2026-10-10,v2:/99a6511f7abadb4d207e50c22ef4971225f0b7b6b0841e19c91db73f644f4be0,"[VIRTUAL]1 x Ghost Face, 1 x Ghost Face's Hunting Knife, 1 x Ghost Face's Kit, 1 x Knife Cleaner for -1 MtxCurrency",2400,2000,400,0.1667,1,2026-10-07T00:00:00Z,2026-10-11T23:59:59.999Z,1,0,-1,Scream,Scream,186,tileGrid,Size_1_x_1,,1,Ghost Face Bundle,4,br,Pickaxe_PureCereal,Ghost Face's Hunting Knife,pickaxe,rare,,Ghost Face,6,5,2025-10-10T14:25:13Z
2026-10-10,v2:/99a6511f7abadb4d207e50c22ef4971225f0b7b6b0841e19c91db73f644f4be0,"[VIRTUAL]1 x Ghost Face, 1 x Ghost Face's Hunting Knife, 1 x Ghost Face's Kit, 1 x Knife Cleaner for -1 MtxCurrency",2400,2000,400,0.1667,1,2026-10-07T00:00:00Z,2026-10-11T23:59:59.999Z,1,0,-1,Scream,Scream,186,tileGrid,Size_1_x_1,,1,Ghost Face Bundle,4,br,Backpack_PureCereal,Ghost Face's Kit,backpack,rare,,Ghost Face,6,5,2025-10-10T14:25:13Z
2026-10-10,v2:/99a6511f7abadb4d207e50c22ef4971225f0b7b6b0841e19c91db73f644f4be0,"[VIRTUAL]1 x Ghost Face, 1 x Ghost Face's Hunting Knife, 1 x Ghost Face's Kit, 1 x Knife Cleaner for -1 MtxCurrency",2400,2000,400,0.1667,1,2026-10-07T00:00:00Z,2026-10-11T23:59:59.999Z,1,0,-1,Scream,Scream,186,tileGrid,Size_1_x_1,,1,Ghost Face Bundle,4,br,EID_PureCereal,Knife Cleaner,emote,uncommon,,Ghost Face,6,5,2025-10-10T14:25:13Z
2026-10-10,v2:/9f1153fb41d4841eab63e1568e0c37945b6a49a2c98a6188e6567f368acbf16c,[VIRTUAL]1 x Shaggy's Special for 300 MtxCurrency,300,300,0,0.0,0,2026-10-09T00:00:00Z,2026-10-13T23:59:59.999Z,1,0,-4,ScoobyAll,Scooby-Doo,187,tileGrid,Size_1_x_1,,0,,1,br,EID_FluteLamp,Shaggy's Special,emote,uncommon,,Mystery Inc.,6,5,2025-10-10T14:25:13Z
2026-10-10,v2:/705a703e2987ce42714615a26e7da4f598a95c2f5575ac4222ec80e16adb5e10,[VIRTUAL]1 x TBD (SID_Placeholder_536) for 500 MtxCurrency,500,500,0,0.0,0,2026-10-01T00:00:00Z,2026-10-31T23:59:59.999Z,1,0,-92,JT100926NoV,Jam Tracks,180,expandableList,Size_1_x_1,,0,,1,track,sid_placeholder_536,Taste,,,,,,,2025-04-08T08:00:00Z
2026-10-10,v2:/2eabf862d4a3698efc65d79c7279ac0af60c22fd3dc612c389242818e39ee364,"[VIRTUAL]1 x Kim Kardashian, 1 x Kim's Kit for -1 MtxCurrency",1500,1500,0,0.0,0,2026-10-08T00:00:00Z,2026-10-12T23:59:59.999Z,1,0,-1,QuicheLorraine,Kim Kardashian,184,tileGrid,Size_2_x_1,,1,Kim Kardashian,2,br,Character_QuicheLorraineCrisp,Kim Kardashian,outfit,icon,Icon Series,,7,1,2025-12-12T10:05:30Z
2026-10-10,v2:/2eabf862d4a3698efc65d79c7279ac0af60c22fd3dc612c389242818e39ee364,"[VIRTUAL]1 x Kim Kardashian, 1 x Kim's Kit for -1 MtxCurrency",1500,1500,0,0.0,0,2026-10-08T00:00:00Z,2026-10-12T23:59:59.999Z,1,0,-1,QuicheLorraine,Kim Kardashian,184,tileGrid,Size_2_x_1,,1,Kim Kardashian,2,br,Backpack_QuicheLorraineCrisp,Kim's Kit,backpack,icon,Icon Series,Kim Kardashian,7,1,2025-12-12T10:05:30Z
2026-10-10,v2:/7693d98c2d238f97c9350aaf3edca24df5f977753fbcfa0939edaba8884cb9a1,"[VIRTUAL]1 x The Knight, 1 x Hallownest Grub, 1 x The Knight's Nail for -1 MtxCurrency",2700,2000,700,0.2593,1,2026-10-08T00:00:00Z,2026-10-14T23:59:59.999Z,1,0,-1,HollowKnight,Hollow Knight ,195,billboard,Size_4_x_1,,1,Hollow Knight Bundle,3,br,Companion_PinkySight,The Knight,sidekick,gaminglegends,Gaming Legends Series,Hollow Knight,7,4,2026-10-06T13:00:45Z
2026-10-10,v2:/7693d98c2d238f97c9350aaf3edca24df5f977753fbcfa0939edaba8884cb9a1,"[VIRTUAL]1 x The Knight, 1 x Hallownest Grub, 1 x The Knight's Nail for -1 MtxCurrency",2700,2000,700,0.2593,1,2026-10-08T00:00:00Z,2026-10-14T23:59:59.999Z,1,0,-1,HollowKnight,Hollow Knight ,195,billboard,Size_4_x_1,,1,Hollow Knight Bundle,3,br,Backpack_PinkySight,Hallownest Grub,backpack,gaminglegends,Gaming Legends Series,Hollow Knight,7,4,2026-10-06T13:00:45Z
2026-10-10,v2:/7693d98c2d238f97c9350aaf3edca24df5f977753fbcfa0939edaba8884cb9a1,"[VIRTUAL]1 x The Knight, 1 x Hallownest Grub, 1 x The Knight's Nail for -1 MtxCurrency",2700,2000,700,0.2593,1,2026-10-08T00:00:00Z,2026-10-14T23:59:59.999Z,1,0,-1,HollowKnight,Hollow Knight ,195,billboard,Size_4_x_1,,1,Hollow Knight Bundle,3,br,Pickaxe_PinkySight,The Knight's Nail,pickaxe,gaminglegends,Gaming Legends Series,Hollow Knight,7,4,2026-10-06T13:00:45Z
2026-10-10,v2:/11c0328cd4dc89f4b63a920d7d7fad449787227adcdb56f2575c7cd8bdf4a944,[VIRTUAL]1 x Paint The Town Red for 500 MtxCurrency,500,500,0,0.0,0,2026-10-01T00:00:00Z,2026-10-31T23:59:59.999Z,1,0,-69,JT100926NoV,Jam Tracks,180,expandableList,Size_1_x_1,,0,,1,track,sid_placeholder_191,Paint The Town Red,,,,,,,2024-04-09T15:02:47Z
2026-10-10,v2:/71f935207ac54f87c0441c3daa672379a599120e993c20f011fc4bcd3cfed1e0,[VIRTUAL]1 x Scouse Stepper for 500 MtxCurrency,500,500,0,0.0,0,2026-10-09T00:00:00Z,2026-10-12T23:59:59.999Z,1,0,-4,EsDeeKid,EsDeeKid,185,tileGrid,Size_1_x_1,,0,,1,br,EID_StuffRasp,Scouse Stepper,emote,icon,Icon Series,EsDeeKid,7,2,2026-05-15T13:01:18Z
2026-10-10,v2:/82a1d408c3c73c74608687fb5cc37c2e02d6f6f51ed146c05cf92daf1d141b3b,[VIRTUAL]1 x The Hand of Torment for 800 MtxCurrency,800,800,0,0.0,0,2026-10-10T00:00:00Z,2026-10-16T23:59:59.999Z,1,0,-4,FNM101026,Locker of Horrors,197,tileGrid,Size_1_x_1,,0,,1,br,Pickaxe_PointyTemper,The Hand of Torment,pickaxe,rare,,Demon Dunks,6,1,2025-01-14T09:36:24Z
2026-10-10,v2:/fe6d6e0cf0c1834ef1ed7316e947e6cdfed4f5420fe54f171de4f314c01fdeeb,[VIRTUAL]1 x Tracker for 800 MtxCurrency,800,800,0,0.0,0,2026-10-06T00:00:00Z,2026-10-12T23:59:59.999Z,1,0,-2,BR101026,Loadout Goals ,181,tileGrid,Size_1_x_1,,0,,1,br,CID_009_Athena_Commando_M,Tracker,outfit,uncommon,,,1,1,2019-11-20T12:50:30Z
2026-10-10,v2:/d13976987df592b0b6a9f3703a753a92a96a8f3440f166ab1810aa723b85373b,[VIRTUAL]1 x TBD (SID_Placeholder_759) for 500 MtxCurrency,500,500,0,0.0,0,2026-10-01T00:00:00Z,2026-10-31T23:59:59.999Z,1,0,-91,JT100926NoV,Jam Tracks,180,expandableList,Size_1_x_1,,0,,1,track,sid_placeholder_759,Tribute,,,,,,,2026-03-05T15:30:10Z
2026-10-10,v2:/75ad9bed215435ffc4e37bcef195f4734df8a1429a737ae64aef2a718ce3c5f7,[VIRTUAL]1 x Jiggle Jiggle for 500 MtxCurrency,500,500,0,0.0,0,2026-10-10T00:00:00Z,2026-10-13T23:59:59.999Z,1,0,-3,VV1010261,Max Vibes,190,tileGrid,Size_1_x_1,,0,,1,br,EID_Jiggle,Jiggle Jiggle,emote,icon,Icon Series,,3,3,2022-08-30T14:12:20Z
2026-10-10,v2:/a91bbebf7e2a9f8c74936016ac5860b0c83242143fd412e3037eb1657c1683f8,[VIRTUAL]1 x Private Jet for 800 MtxCurrency,800,800,0,0.0,0,2026-10-08T00:00:00Z,2026-10-12T23:59:59.999Z,1,0,-3,QuicheLorraine,Kim Kardashian,184,tileGrid,Size_1_x_1,,0,,1,br,Glider_QuicheLorraineLime,Private Jet,glider,icon,Icon Series,Kim Kardashian,7,1,2025-12-12T10:05:30Z
2026-10-10,v2:/43884f83fe93b6ef19389d38beaad1087c7d48919cda36fb75377b4d48ea0e71,"[VIRTUAL]1 x Iconic Kim Kardashian, 1 x Ring Light To Go for -1 MtxCurrency",1800,1800,0,0.0,0,2026-10-08T00:00:00Z,2026-10-12T23:59:59.999Z,1,0,-2,QuicheLorraine,Kim Kardashian,184,tileGrid,Size_1_x_1,,1,Iconic Kim Kardashian,2,br,Character_QuicheLorraineLime,Iconic Kim Kardashian,outfit,icon,Icon Series,,7,1,2025-12-12T10:05:30Z
2026-10-10,v2:/43884f83fe93b6ef19389d38beaad1087c7d48919cda36fb75377b4d48ea0e71,"[VIRTUAL]1 x Iconic Kim Kardashian, 1 x Ring Light To Go for -1 MtxCurrency",1800,1800,0,0.0,0,2026-10-08T00:00:00Z,2026-10-12T23:59:59.999Z,1,0,-2,QuicheLorraine,Kim Kardashian,184,tileGrid,Size_1_x_1,,1,Iconic Kim Kardashian,2,br,Backpack_QuicheLorraineLime,Ring Light To Go,backpack,icon,Icon Series,Kim Kardashian,7,1,2025-12-12T10:05:30Z
2026-10-10,v2:/dcbd8aff628731730f3bda27e2f5c2a02db2e64139046f6b31bce33f14c95c48,[VIRTUAL]1 x Beautiful for 500 MtxCurrency,500,500,0,0.0,0,2026-10-01T00:00:00Z,2026-10-31T23:59:59.999Z,1,0,-54,JT100926NoV,Jam Tracks,180,expandableList,Size_1_x_1,,0,,1,track,sid_placeholder_396,Beautiful,,,,,,,2024-11-02T06:00:00Z
2026-10-10,v2:/ea85e3572f7d9fdb8fa652c58a4abe00a679a719e9a563c2ccd56218e2a2436e,[VIRTUAL]1 x Velma Dinkley for 1500 MtxCurrency,1500,1500,0,0.0,0,2026-10-09T00:00:00Z,2026-10-13T23:59:59.999Z,1,0,-1,ScoobyAll,Scooby-Doo,187,tileGrid,Size_1_x_1,,0,,1,br,Character_BaskIsle,Velma Dinkley,outfit,epic,,Mystery Inc.,6,5,2025-10-09T08:45:50Z
2026-10-10,v2:/e5264b42a8a1efa3eb29f859f8da822d10f6ee6ca71b9a3cf23df55969c82a35,[VIRTUAL]1 x TBD (SID_Placeholder_883) for 500 MtxCurrency,500,500,0,0.0,0,2026-10-09T00:00:00Z,2026-10-15T23:59:59.999Z,1,0,-1,JT100926NoV,Jam Tracks,180,tileGrid,Size_1_x_1,,0,,1,track,sid_placeholder_883,OMG,,,,,,,2026-10-06T14:30:35Z
2026-10-10,v2:/a7ffd2f1a4202ea7d4a31b613b0ee8a97959e412ee97fee9c29561b7b42efbcd,[VIRTUAL]1 x Reaction Tank for 200 MtxCurrency,200,200,0,0.0,0,2026-10-06T00:00:00Z,2026-10-12T23:59:59.999Z,1,0,-1,,,,,Size_1_x_1,,0,,1,br,BID_141_StreetOpsFemale,Reaction Tank,backpack,rare,,Counterattack,1,6,2019-11-20T12:50:38Z
2026-10-10,v2:/72bf83c917282d94c8bd68ea1fca46eb2622769757e4704f021c562d28228ef2,[VIRTUAL]1 x Jack's Menacing Mallet for 800 MtxCurrency,800,800,0,0.0,0,2026-10-06T00:00:00Z,2026-10-12T23:59:59.999Z,1,0,-3,HHNJack2,Halloween Horror Nights ,192,tileGrid,Size_1_x_1,,0,,1,br,Pickaxe_WitchValve,Jack the Clown's Menacing Mallet,pickaxe,rare,,Halloween Horror Nights,7,4,2026-10-05T13:00:42Z
2026-10-10,v2:/bfa6392fc5900dce92fc81384de3115682608842ccec686dcccb6c9b09375fcb,[VIRTUAL]1 x Apple for 500 MtxCurrency,500,500,0,0.0,0,2026-10-01T00:00:00Z,2026-10-31T23:59:59.999Z,1,0,-62,JT100926NoV,Jam Tracks,180,expandableList,Size_1_x_1,,0,,1,track,sid_placeholder_331,Apple,,,,,,,2024-09-05T14:24:37Z
2026-10-10,v2:/32ccbbbd7cb83fe9a1399652747b1a865851d1f41f04dbb4fdc72e3a0f3ad3b0,[VIRTUAL]1 x Fuel for 500 MtxCurrency,500,500,0,0.0,0,2026-10-01T00:00:00Z,2026-10-31T23:59:59.999Z,1,0,-19,JT100926NoV,Jam Tracks,180,expandableList,Size_1_x_1,,0,,1,track,sid_placeholder_231,Fuel,,,,,,,2024-05-23T13:34:20Z
2026-10-10,v2:/768bcc8c3d315cc260e4c2840c234b738af7df5558febec85887439097937f1b,[VIRTUAL]1 x Centuries for 500 MtxCurrency,500,500,0,0.0,0,2026-10-01T00:00:00Z,2026-10-31T23:59:59.999Z,1,0,-40,JT100926NoV,Jam Tracks,180,expandableList,Size_1_x_1,,0,,1,track,sid_placeholder_398,Centuries,,,,,,,2024-12-26T14:34:39Z
2026-10-10,v2:/445a06c63ec2408fbab344628e141adc5fc448f66eb56730fc21ed89a6c65620,[VIRTUAL]1 x TBD (SID_Placeholder_505) for 500 MtxCurrency,500,500,0,0.0,0,2026-10-09T00:00:00Z,2026-10-15T23:59:59.999Z,1,0,-3,JT100926NoV,Jam Tracks,180,tileGrid,Size_1_x_1,,0,,1,track,sid_placeholder_505,Livin' La Vida Loca,,,,,,,2025-05-28T00:00:00Z
2026-10-10,v2:/7044ddcff6974712b49f004aeb146afc418d0a28c6df9891b8a362886447021a,[VIRTUAL]1 x bad guy for 500 MtxCurrency,500,500,0,0.0,0,2026-10-01T00:00:00Z,2026-10-31T23:59:59.999Z,1,0,-21,JT100926NoV,Jam Tracks,180,expandableList,Size_1_x_1,,0,,1,track,sid_placeholder_23,bad guy,,,,,,,2023-12-09T15:00:00Z
2026-10-10,v2:/59569c7533e6b3e3fb966841833d434c99a4a8ed881c1800ace519e7dc2a4a00,[VIRTUAL]1 x Tactics Officer for 800 MtxCurrency,800,800,0,0.0,0,2026-10-06T00:00:00Z,2026-10-12T23:59:59.999Z,1,0,-3,NoSweat100626,No Sweat,183,tileGrid,Size_1_x_1,,0,,1,br,CID_075_Athena_Commando_F_Stripe,Tactics Officer,outfit,uncommon,,,1,2,2019-11-20T12:50:27Z
2026-10-10,v2:/e31a1190b61d07a0ade2583f842d8b4aaeafc5fb51fffcfb3eca5dd7a1486c81,"[VIRTUAL]1 x The Deer, 1 x Save the Deer Sack, 1 x Old Axe, 1 x Taming Flame, 1 x The Deer's Eyes for -1 MtxCurrency",2900,2000,900,0.3103,1,2026-10-10T00:00:00Z,2026-10-16T23:59:59.999Z,1,0,-1,99Nights1,99 Nights In The Forest ,198,billboard,Size_4_x_1,,1,99 Nights in the Forest Bundle,5,br,Character_TerryBroke,The Deer,outfit,gaminglegends,Gaming Legends Series,99 Nights in the Forest,7,4,2026-10-08T13:00:54Z
2026-10-10,v2:/e31a1190b61d07a0ade2583f842d8b4aaeafc5fb51fffcfb3eca5dd7a1486c81,"[VIRTUAL]1 x The Deer, 1 x Save the Deer Sack, 1 x Old Axe, 1 x Taming Flame, 1 x The Deer's Eyes for -1 MtxCurrency",2900,2000,900,0.3103,1,2026-10-10T00:00:00Z,2026-10-16T23:59:59.999Z,1,0,-1,99Nights1,99 Nights In The Forest ,198,billboard,Size_4_x_1,,1,99 Nights in the Forest Bundle,5,br,Backpack_TerryBroke,Save the Deer Sack,backpack,gaminglegends,Gaming Legends Series,99 Nights in the Forest,7,4,2026-10-08T13:00:54Z
2026-10-10,v2:/e31a1190b61d07a0ade2583f842d8b4aaeafc5fb51fffcfb3eca5dd7a1486c81,"[VIRTUAL]1 x The Deer, 1 x Save the Deer Sack, 1 x Old Axe, 1 x Taming Flame, 1 x The Deer's Eyes for -1 MtxCurrency",2900,2000,900,0.3103,1,2026-10-10T00:00:00Z,2026-10-16T23:59:59.999Z,1,0,-1,99Nights1,99 Nights In The Forest ,198,billboard,Size_4_x_1,,1,99 Nights in the Forest Bundle,5,br,Pickaxe_TerryBroke,Old Axe,pickaxe,gaminglegends,Gaming Legends Series,99 Nights in the Forest,7,4,2026-10-08T13:00:54Z
2026-10-10,v2:/e31a1190b61d07a0ade2583f842d8b4aaeafc5fb51fffcfb3eca5dd7a1486c81,"[VIRTUAL]1 x The Deer, 1 x Save the Deer Sack, 1 x Old Axe, 1 x Taming Flame, 1 x The Deer's Eyes for -1 MtxCurrency",2900,2000,900,0.3103,1,2026-10-10T00:00:00Z,2026-10-16T23:59:59.999Z,1,0,-1,99Nights1,99 Nights In The Forest ,198,billboard,Size_4_x_1,,1,99 Nights in the Forest Bundle,5,br,EID_TerryBroke,Taming Flame,emote,gaminglegends,Gaming Legends Series,99 Nights in the Forest,7,4,2026-10-08T13:00:54Z
2026-10-10,v2:/e31a1190b61d07a0ade2583f842d8b4aaeafc5fb51fffcfb3eca5dd7a1486c81,"[VIRTUAL]1 x The Deer, 1 x Save the Deer Sack, 1 x Old Axe, 1 x Taming Flame, 1 x The Deer's Eyes for -1 MtxCurrency",2900,2000,900,0.3103,1,2026-10-10T00:00:00Z,2026-10-16T23:59:59.999Z,1,0,-1,99Nights1,99 Nights In The Forest ,198,billboard,Size_4_x_1,,1,99 Nights in the Forest Bundle,5,br,Wrap_TerryBroke,The Deer's Eyes,wrap,gaminglegends,Gaming Legends Series,99 Nights in the Forest,7,4,2026-10-08T13:00:54Z
2026-10-10,v2:/ce45585ee2445787b8eb7c9cd98605a1d69cc52cc786f68a03ff5028c0033b35,[VIRTUAL]1 x Tití Me Preguntó for 500 MtxCurrency,500,500,0,0.0,0,2026-10-01T00:00:00Z,2026-10-31T23:59:59.999Z,1,0,-13,JT100926NoV,Jam Tracks,180,expandableList,Size_1_x_1,,0,,1,track,sid_placeholder_263,Tití Me Preguntó,,,,,,,2024-07-11T15:13:48Z
2026-10-10,v2:/43fd5ccf06f7f702bcd21d94c31bd534bd2f45143c2e5d6169db2da8686c0d72,"[VIRTUAL]1 x The Black Knight, 1 x Black Knight's Helm for 800 MtxCurrency",800,800,0,0.0,0,2026-10-09T00:00:00Z,2026-10-13T23:59:59.999Z,1,0,-2,ScoobyAll,Scooby-Doo,187,tileGrid,Size_1_x_1,Backbling is reactive to eliminations!,0,,2,br,Backpack_OboeThorn,The Black Knight,backpack,rare,,Mystery Inc.,6,5,2025-10-10T14:25:13Z
2026-10-10,v2:/43fd5ccf06f7f702bcd21d94c31bd534bd2f45143c2e5d6169db2da8686c0d72,"[VIRTUAL]1 x The Black Knight, 1 x Black Knight's Helm for 800 MtxCurrency",800,800,0,0.0,0,2026-10-09T00:00:00Z,2026-10-13T23:59:59.999Z,1,0,-2,ScoobyAll,Scooby-Doo,187,tileGrid,Size_1_x_1,Backbling is reactive to eliminations!,0,,2,br,Pickaxe_OboeThorn,Black Knight's Helm,pickaxe,rare,,Mystery Inc.,6,5,2025-10-10T14:25:13Z
2026-10-10,v2:/e7df43dfaaec45745c2a04088ed5644bec6f31ff4547606dd48f2470b203f40e,[VIRTUAL]1 x Boomstick for 400 MtxCurrency,400,400,0,0.0,0,2026-10-06T00:00:00Z,2026-10-10T23:59:59.999Z,1,0,-2,,,,,Size_4_x_1,,0,,1,br,Backpack_TroopsAlt,Boomstick,backpack,epic,,Knowby Cabin Nightmare,3,4,2022-10-18T23:49:57Z
2026-10-10,v2:/9b6cb10d18e3d7d3b749b42f0047951da96747404d6927ace76a1f249c089821,[VIRTUAL]1 x Real Slim Shady for 500 MtxCurrency,500,500,0,0.0,0,2026-10-06T00:00:00Z,2026-10-10T23:59:59.999Z,1,0,-1,Eminem1Icon,Eminem,179,tileGrid,Size_1_x_1,,0,,1,br,EID_HeavyRoarDance,Real Slim Shady,emote,icon,Icon Series,Eminem,4,OG,2023-11-30T00:00:00Z
2026-10-10,v2:/f0dcc6c4b281cdf641ce4aa036c3fae09c3713becd3026fc10a7d2c1eac4995c,[VIRTUAL]1 x Axe 'Bout Me for 500 MtxCurrency,500,500,0,0.0,0,2026-10-06T00:00:00Z,2026-10-10T23:59:59.999Z,1,0,-4,Eminem1Icon,Eminem,179,tileGrid,Size_1_x_1,,0,,1,br,Pickaxe_BraveBuild,Axe 'Bout Me,pickaxe,icon,Icon Series,Eminem,4,OG,2023-11-28T15:26:41Z
2026-10-10,v2:/341922b1fd7436229a7e462e12169716d60aa6e7262bf9f671b7465ca0148c8b,[VIRTUAL]1 x What's My Age Again? for 500 MtxCurrency,500,500,0,0.0,0,2026-10-01T00:00:00Z,2026-10-31T23:59:59.999Z,1,0,-67,JT100926NoV,Jam Tracks,180,expandableList,Size_1_x_1,,0,,1,track,sid_placeholder_19,What's My Age Again?,,,,,,,2024-02-29T00:02:26Z
2026-10-10,v2:/8112295c01bc272c73c90ddf5c9803964f6740a232bc6c10517ee625a01eae9d,"[VIRTUAL]1 x Sunspot, 1 x Nova Snackpack for -1 MtxCurrency",1200,1200,0,0.0,0,2026-10-05T00:00:00Z,2026-10-11T23:59:59.999Z,1,0,-4,BR101026,Loadout Goals ,181,tileGrid,Size_1_x_1,,0,,2,br,Character_SunShine,Sunspot,outfit,rare,,Solar Sweetheart,5,1,2023-12-07T17:39:21Z
2026-10-10,v2:/8112295c01bc272c73c90ddf5c9803964f6740a232bc6c10517ee625a01eae9d,"[VIRTUAL]1 x Sunspot, 1 x Nova Snackpack for -1 MtxCurrency",1200,1200,0,0.0,0,2026-10-05T00:00:00Z,2026-10-11T23:59:59.999Z,1,0,-4,BR101026,Loadout Goals ,181,tileGrid,Size_1_x_1,,0,,2,br,Backpack_SunShine,Nova Snackpack,backpack,rare,,Solar Sweetheart,5,1,2023-12-07T17:39:21Z
2026-10-10,v2:/a46a24fac77aecc06d0c43f9bde5d549897c15724a56170c7aca5c454e866f3f,[VIRTUAL]1 x Applause for 500 MtxCurrency,500,500,0,0.0,0,2026-10-01T00:00:00Z,2026-10-31T23:59:59.999Z,1,0,-73,JT100926NoV,Jam Tracks,180,expandableList,Size_1_x_1,,0,,1,track,sid_placeholder_130,Applause,,,,,,,2024-02-22T09:00:00Z
2026-10-10,v2:/c894cc5e428235c458160c22237bef4393d856ca0844db12015a3792d4afc7db,[VIRTUAL]1 x Dollie's Dark Portrait for 300 MtxCurrency,300,300,0,0.0,0,2026-10-09T00:00:00Z,2026-10-15T23:59:59.999Z,1,0,-2,FNM101026,Locker of Horrors,197,tileGrid,Size_1_x_1,,0,,1,br,Backpack_QuaintToy,Dollie's Dark Portrait,backpack,rare,,Lost Dolls,7,4,2026-10-01T18:37:28Z
2026-10-10,v2:/525d82b23b454c38b8fd0e4f7a0d59d1b66f73d6ede0db3eb1586834abc94898,"[VIRTUAL]1 x Freddy Fazbear, 1 x Freddy-oke Machine, 1 x Foxy The Pirate, 1 x Foxy's Hook, 1 x Foxy's Side Stage, 1 x Chica the Chicken, 1 x Chica Chicake, 1 x Bonnie the Rabbit, 1 x Bonnie's Guitar Case, 1 x The Fazbear Band, 1 x Surveillance Feed Floater, 1 x Freddy Slippers, 1 x Mr. Cupcake, 1 x Freddy's Mic, 1 x Freddy's Mic, 1 x Freddy's Mic, 1 x Bonnie's Blazin' Guitar, 1 x Bonnie's Blazin' Guitar, 1 x Bonnie's Blazin' Guitar, 1 x Freddy Fazbear's Pizza for -1 MtxCurrency",11000,4500,6500,0.5909,1,2026-10-01T00:00:00Z,2026-10-31T23:59:59.999Z,1,0,-1,5Nights,Five Nights at Freddy's,196,tileGrid,Size_4_x_1,,1,Five Nights at Freddy's Bundle,20,br,Character_GuardHence,Freddy Fazbear,outfit,gaminglegends,Gaming Legends Series,Five Nights at Freddy's,7,4,2026-10-01T08:00:00Z
2026-10-10,v2:/525d82b23b454c38b8fd0e4f7a0d59d1b66f73d6ede0db3eb1586834abc94898,"[VIRTUAL]1 x Freddy Fazbear, 1 x Freddy-oke Machine, 1 x Foxy The Pirate, 1 x Foxy's Hook, 1 x Foxy's Side Stage, 1 x Chica the Chicken, 1 x Chica Chicake, 1 x Bonnie the Rabbit, 1 x Bonnie's Guitar Case, 1 x The Fazbear Band, 1 x Surveillance Feed Floater, 1 x Freddy Slippers, 1 x Mr. Cupcake, 1 x Freddy's Mic, 1 x Freddy's Mic, 1 x Freddy's Mic, 1 x Bonnie's Blazin' Guitar, 1 x Bonnie's Blazin' Guitar, 1 x Bonnie's Blazin' Guitar, 1 x Freddy Fazbear's Pizza for -1 MtxCurrency",11000,4500,6500,0.5909,1,2026-10-01T00:00:00Z,2026-10-31T23:59:59.999Z,1,0,-1,5Nights,Five Nights at Freddy's,196,tileGrid,Size_4_x_1,,1,Five Nights at Freddy's Bundle,20,br,Backpack_GuardHence,Freddy-oke Machine,backpack,gaminglegends,Gaming Legends Series,Five Nights at Freddy's,7,4,2026-10-01T08:00:00Z
2026-10-10,v2:/525d82b23b454c38b8fd0e4f7a0d59d1b66f73d6ede0db3eb1586834abc94898,"[VIRTUAL]1 x Freddy Fazbear, 1 x Freddy-oke Machine, 1 x Foxy The Pirate, 1 x Foxy's Hook, 1 x Foxy's Side Stage, 1 x Chica the Chicken, 1 x Chica Chicake, 1 x Bonnie the Rabbit, 1 x Bonnie's Guitar Case, 1 x The Fazbear Band, 1 x Surveillance Feed Floater, 1 x Freddy Slippers, 1 x Mr. Cupcake, 1 x Freddy's Mic, 1 x Freddy's Mic, 1 x Freddy's Mic, 1 x Bonnie's Blazin' Guitar, 1 x Bonnie's Blazin' Guitar, 1 x Bonnie's Blazin' Guitar, 1 x Freddy Fazbear's Pizza for -1 MtxCurrency",11000,4500,6500,0.5909,1,2026-10-01T00:00:00Z,2026-10-31T23:59:59.999Z,1,0,-1,5Nights,Five Nights at Freddy's,196,tileGrid,Size_4_x_1,,1,Five Nights at Freddy's Bundle,20,br,Character_JigsawWaste,Foxy The Pirate,outfit,gaminglegends,Gaming Legends Series,Five Nights at Freddy's,7,4,2026-10-01T08:00:00Z
2026-10-10,v2:/525d82b23b454c38b8fd0e4f7a0d59d1b66f73d6ede0db3eb1586834abc94898,"[VIRTUAL]1 x Freddy Fazbear, 1 x Freddy-oke Machine, 1 x Foxy The Pirate, 1 x Foxy's Hook, 1 x Foxy's Side Stage, 1 x Chica the Chicken, 1 x Chica Chicake, 1 x Bonnie the Rabbit, 1 x Bonnie's Guitar Case, 1 x The Fazbear Band, 1 x Surveillance Feed Floater, 1 x Freddy Slippers, 1 x Mr. Cupcake, 1 x Freddy's Mic, 1 x Freddy's Mic, 1 x Freddy's Mic, 1 x Bonnie's Blazin' Guitar, 1 x Bonnie's Blazin' Guitar, 1 x Bonnie's Blazin' Guitar, 1 x Freddy Fazbear's Pizza for -1 MtxCurrency",11000,4500,6500,0.5909,1,2026-10-01T00:00:00Z,2026-10-31T23:59:59.999Z,1,0,-1,5Nights,Five Nights at Freddy's,196,tileGrid,Size_4_x_1,,1,Five Nights at Freddy's Bundle,20,br,Pickaxe_JigsawWaste,Foxy's Hook,pickaxe,gaminglegends,Gaming Legends Series,Five Nights at Freddy's,7,4,2026-10-01T08:00:00Z
2026-10-10,v2:/525d82b23b454c38b8fd0e4f7a0d59d1b66f73d6ede0db3eb1586834abc94898,"[VIRTUAL]1 x Freddy Fazbear, 1 x Freddy-oke Machine, 1 x Foxy The Pirate, 1 x Foxy's Hook, 1 x Foxy's Side Stage, 1 x Chica the Chicken, 1 x Chica Chicake, 1 x Bonnie the Rabbit, 1 x Bonnie's Guitar Case, 1 x The Fazbear Band, 1 x Surveillance Feed Floater, 1 x Freddy Slippers, 1 x Mr. Cupcake, 1 x Freddy's Mic, 1 x Freddy's Mic, 1 x Freddy's Mic, 1 x Bonnie's Blazin' Guitar, 1 x Bonnie's Blazin' Guitar, 1 x Bonnie's Blazin' Guitar, 1 x Freddy Fazbear's Pizza for -1 MtxCurrency",11000,4500,6500,0.5909,1,2026-10-01T00:00:00Z,2026-10-31T23:59:59.999Z,1,0,-1,5Nights,Five Nights at Freddy's,196,tileGrid,Size_4_x_1,,1,Five Nights at Freddy's Bundle,20,br,Backpack_JigsawWaste,Foxy's Side Stage,backpack,gaminglegends,Gaming Legends Series,Five Nights at Freddy's,7,4,2026-10-01T08:00:00Z
2026-10-10,v2:/525d82b23b454c38b8fd0e4f7a0d59d1b66f73d6ede0db3eb1586834abc94898,"[VIRTUAL]1 x Freddy Fazbear, 1 x Freddy-oke Machine, 1 x Foxy The Pirate, 1 x Foxy's Hook, 1 x Foxy's Side Stage, 1 x Chica the Chicken, 1 x Chica Chicake, 1 x Bonnie the Rabbit, 1 x Bonnie's Guitar Case, 1 x The Fazbear Band, 1 x Surveillance Feed Floater, 1 x Freddy Slippers, 1 x Mr. Cupcake, 1 x Freddy's Mic, 1 x Freddy's Mic, 1 x Freddy's Mic, 1 x Bonnie's Blazin' Guitar, 1 x Bonnie's Blazin' Guitar, 1 x Bonnie's Blazin' Guitar, 1 x Freddy Fazbear's Pizza for -1 MtxCurrency",11000,4500,6500,0.5909,1,2026-10-01T00:00:00Z,2026-10-31T23:59:59.999Z,1,0,-1,5Nights,Five Nights at Freddy's,196,tileGrid,Size_4_x_1,,1,Five Nights at Freddy's Bundle,20,br,Character_SushiAware,Chica the Chicken,outfit,gaminglegends,Gaming Legends Series,Five Nights at Freddy's,7,4,2026-10-01T08:00:00Z
2026-10-10,v2:/525d82b23b454c38b8fd0e4f7a0d59d1b66f73d6ede0db3eb1586834abc94898,"[VIRTUAL]1 x Freddy Fazbear, 1 x Freddy-oke Machine, 1 x Foxy The Pirate, 1 x Foxy's Hook, 1 x Foxy's Side Stage, 1 x Chica the Chicken, 1 x Chica Chicake, 1 x Bonnie the Rabbit, 1 x Bonnie's Guitar Case, 1 x The Fazbear Band, 1 x Surveillance Feed Floater, 1 x Freddy Slippers, 1 x Mr. Cupcake, 1 x Freddy's Mic, 1 x Freddy's Mic, 1 x Freddy's Mic, 1 x Bonnie's Blazin' Guitar, 1 x Bonnie's Blazin' Guitar, 1 x Bonnie's Blazin' Guitar, 1 x Freddy Fazbear's Pizza for -1 MtxCurrency",11000,4500,6500,0.5909,1,2026-10-01T00:00:00Z,2026-10-31T23:59:59.999Z,1,0,-1,5Nights,Five Nights at Freddy's,196,tileGrid,Size_4_x_1,,1,Five Nights at Freddy's Bundle,20,br,Backpack_SushiAware,Chica Chicake,backpack,gaminglegends,Gaming Legends Series,Five Nights at Freddy's,7,4,2026-10-01T08:00:00Z
2026-10-10,v2:/525d82b23b454c38b8fd0e4f7a0d59d1b66f73d6ede0db3eb1586834abc94898,"[VIRTUAL]1 x Freddy Fazbear, 1 x Freddy-oke Machine, 1 x Foxy The Pirate, 1 x Foxy's Hook, 1 x Foxy's Side Stage, 1 x Chica the Chicken, 1 x Chica Chicake, 1 x Bonnie the Rabbit, 1 x Bonnie's Guitar Case, 1 x The Fazbear Band, 1 x Surveillance Feed Floater, 1 x Freddy Slippers, 1 x Mr. Cupcake, 1 x Freddy's Mic, 1 x Freddy's Mic, 1 x Freddy's Mic, 1 x Bonnie's Blazin' Guitar, 1 x Bonnie's Blazin' Guitar, 1 x Bonnie's Blazin' Guitar, 1 x Freddy Fazbear's Pizza for -1 MtxCurrency",11000,4500,6500,0.5909,1,2026-10-01T00:00:00Z,2026-10-31T23:59:59.999Z,1,0,-1,5Nights,Five Nights at Freddy's,196,tileGrid,Size_4_x_1,,1,Five Nights at Freddy's Bundle,20,br,Character_TearErrand,Bonnie the Rabbit,outfit,gaminglegends,Gaming Legends Series,Five Nights at Freddy's,7,4,2026-10-01T08:00:00Z
2026-10-10,v2:/525d82b23b454c38b8fd0e4f7a0d59d1b66f73d6ede0db3eb1586834abc94898,"[VIRTUAL]1 x Freddy Fazbear, 1 x Freddy-oke Machine, 1 x Foxy The Pirate, 1 x Foxy's Hook, 1 x Foxy's Side Stage, 1 x Chica the Chicken, 1 x Chica Chicake, 1 x Bonnie the Rabbit, 1 x Bonnie's Guitar Case, 1 x The Fazbear Band, 1 x Surveillance Feed Floater, 1 x Freddy Slippers, 1 x Mr. Cupcake, 1 x Freddy's Mic, 1 x Freddy's Mic, 1 x Freddy's Mic, 1 x Bonnie's Blazin' Guitar, 1 x Bonnie's Blazin' Guitar, 1 x Bonnie's Blazin' Guitar, 1 x Freddy Fazbear's Pizza for -1 MtxCurrency",11000,4500,6500,0.5909,1,2026-10-01T00:00:00Z,2026-10-31T23:59:59.999Z,1,0,-1,5Nights,Five Nights at Freddy's,196,tileGrid,Size_4_x_1,,1,Five Nights at Freddy's Bundle,20,br,Backpack_TearErrand,Bonnie's Guitar Case,backpack,gaminglegends,Gaming Legends Series,Five Nights at Freddy's,7,4,2026-10-01T08:00:00Z
2026-10-10,v2:/525d82b23b454c38b8fd0e4f7a0d59d1b66f73d6ede0db3eb1586834abc94898,"[VIRTUAL]1 x Freddy Fazbear, 1 x Freddy-oke Machine, 1 x Foxy The Pirate, 1 x Foxy's Hook, 1 x Foxy's Side Stage, 1 x Chica the Chicken, 1 x Chica Chicake, 1 x Bonnie the Rabbit, 1 x Bonnie's Guitar Case, 1 x The Fazbear Band, 1 x Surveillance Feed Floater, 1 x Freddy Slippers, 1 x Mr. Cupcake, 1 x Freddy's Mic, 1 x Freddy's Mic, 1 x Freddy's Mic, 1 x Bonnie's Blazin' Guitar, 1 x Bonnie's Blazin' Guitar, 1 x Bonnie's Blazin' Guitar, 1 x Freddy Fazbear's Pizza for -1 MtxCurrency",11000,4500,6500,0.5909,1,2026-10-01T00:00:00Z,2026-10-31T23:59:59.999Z,1,0,-1,5Nights,Five Nights at Freddy's,196,tileGrid,Size_4_x_1,,1,Five Nights at Freddy's Bundle,20,br,EID_GuardHence,The Fazbear Band,emote,gaminglegends,Gaming Legends Series,Five Nights at Freddy's,7,4,2026-10-01T08:00:00Z
2026-10-10,v2:/525d82b23b454c38b8fd0e4f7a0d59d1b66f73d6ede0db3eb1586834abc94898,"[VIRTUAL]1 x Freddy Fazbear, 1 x Freddy-oke Machine, 1 x Foxy The Pirate, 1 x Foxy's Hook, 1 x Foxy's Side Stage, 1 x Chica the Chicken, 1 x Chica Chicake, 1 x Bonnie the Rabbit, 1 x Bonnie's Guitar Case, 1 x The Fazbear Band, 1 x Surveillance Feed Floater, 1 x Freddy Slippers, 1 x Mr. Cupcake, 1 x Freddy's Mic, 1 x Freddy's Mic, 1 x Freddy's Mic, 1 x Bonnie's Blazin' Guitar, 1 x Bonnie's Blazin' Guitar, 1 x Bonnie's Blazin' Guitar, 1 x Freddy Fazbear's Pizza for -1 MtxCurrency",11000,4500,6500,0.5909,1,2026-10-01T00:00:00Z,2026-10-31T23:59:59.999Z,1,0,-1,5Nights,Five Nights at Freddy's,196,tileGrid,Size_4_x_1,,1,Five Nights at Freddy's Bundle,20,br,EID_TearErrand,Surveillance Feed Floater,emote,gaminglegends,Gaming Legends Series,Five Nights at Freddy's,7,4,2026-10-01T08:00:00Z
2026-10-10,v2:/525d82b23b454c38b8fd0e4f7a0d59d1b66f73d6ede0db3eb1586834abc94898,"[VIRTUAL]1 x Freddy Fazbear, 1 x Freddy-oke Machine, 1 x Foxy The Pirate, 1 x Foxy's Hook, 1 x Foxy's Side Stage, 1 x Chica the Chicken, 1 x Chica Chicake, 1 x Bonnie the Rabbit, 1 x Bonnie's Guitar Case, 1 x The Fazbear Band, 1 x Surveillance Feed Floater, 1 x Freddy Slippers, 1 x Mr. Cupcake, 1 x Freddy's Mic, 1 x Freddy's Mic, 1 x Freddy's Mic, 1 x Bonnie's Blazin' Guitar, 1 x Bonnie's Blazin' Guitar, 1 x Bonnie's Blazin' Guitar, 1 x Freddy Fazbear's Pizza for -1 MtxCurrency",11000,4500,6500,0.5909,1,2026-10-01T00:00:00Z,2026-10-31T23:59:59.999Z,1,0,-1,5Nights,Five Nights at Freddy's,196,tileGrid,Size_4_x_1,,1,Five Nights at Freddy's Bundle,20,br,Shoes_GuardHence,Freddy Slippers,shoe,gaminglegends,Gaming Legends Series,Five Nights at Freddy's,7,4,2026-10-01T08:00:00Z
2026-10-10,v2:/525d82b23b454c38b8fd0e4f7a0d59d1b66f73d6ede0db3eb1586834abc94898,"[VIRTUAL]1 x Freddy Fazbear, 1 x Freddy-oke Machine, 1 x Foxy The Pirate, 1 x Foxy's Hook, 1 x Foxy's Side Stage, 1 x Chica the Chicken, 1 x Chica Chicake, 1 x Bonnie the Rabbit, 1 x Bonnie's Guitar Case, 1 x The Fazbear Band, 1 x Surveillance Feed Floater, 1 x Freddy Slippers, 1 x Mr. Cupcake, 1 x Freddy's Mic, 1 x Freddy's Mic, 1 x Freddy's Mic, 1 x Bonnie's Blazin' Guitar, 1 x Bonnie's Blazin' Guitar, 1 x Bonnie's Blazin' Guitar, 1 x Freddy Fazbear's Pizza for -1 MtxCurrency",11000,4500,6500,0.5909,1,2026-10-01T00:00:00Z,2026-10-31T23:59:59.999Z,1,0,-1,5Nights,Five Nights at Freddy's,196,tileGrid,Size_4_x_1,,1,Five Nights at Freddy's Bundle,20,br,Pickaxe_SushiAware,Mr. Cupcake,pickaxe,gaminglegends,Gaming Legends Series,Five Nights at Freddy's,7,4,2026-10-01T08:00:00Z
2026-10-10,v2:/525d82b23b454c38b8fd0e4f7a0d59d1b66f73d6ede0db3eb1586834abc94898,"[VIRTUAL]1 x Freddy Fazbear, 1 x Freddy-oke Machine, 1 x Foxy The Pirate, 1 x Foxy's Hook, 1 x Foxy's Side Stage, 1 x Chica the Chicken, 1 x Chica Chicake, 1 x Bonnie the Rabbit, 1 x Bonnie's Guitar Case, 1 x The Fazbear Band, 1 x Surveillance Feed Floater, 1 x Freddy Slippers, 1 x Mr. Cupcake, 1 x Freddy's Mic, 1 x Freddy's Mic, 1 x Freddy's Mic, 1 x Bonnie's Blazin' Guitar, 1 x Bonnie's Blazin' Guitar, 1 x Bonnie's Blazin' Guitar, 1 x Freddy Fazbear's Pizza for -1 MtxCurrency",11000,4500,6500,0.5909,1,2026-10-01T00:00:00Z,2026-10-31T23:59:59.999Z,1,0,-1,5Nights,Five Nights at Freddy's,196,tileGrid,Size_4_x_1,,1,Five Nights at Freddy's Bundle,20,br,Backpack_GuardHence_Mic,Freddy's Mic,backpack,rare,,Five Nights at Freddy's,7,4,2026-10-01T08:00:00Z
2026-10-10,v2:/525d82b23b454c38b8fd0e4f7a0d59d1b66f73d6ede0db3eb1586834abc94898,"[VIRTUAL]1 x Freddy Fazbear, 1 x Freddy-oke Machine, 1 x Foxy The Pirate, 1 x Foxy's Hook, 1 x Foxy's Side Stage, 1 x Chica the Chicken, 1 x Chica Chicake, 1 x Bonnie the Rabbit, 1 x Bonnie's Guitar Case, 1 x The Fazbear Band, 1 x Surveillance Feed Floater, 1 x Freddy Slippers, 1 x Mr. Cupcake, 1 x Freddy's Mic, 1 x Freddy's Mic, 1 x Freddy's Mic, 1 x Bonnie's Blazin' Guitar, 1 x Bonnie's Blazin' Guitar, 1 x Bonnie's Blazin' Guitar, 1 x Freddy Fazbear's Pizza for -1 MtxCurrency",11000,4500,6500,0.5909,1,2026-10-01T00:00:00Z,2026-10-31T23:59:59.999Z,1,0,-1,5Nights,Five Nights at Freddy's,196,tileGrid,Size_4_x_1,,1,Five Nights at Freddy's Bundle,20,br,Pickaxe_GuardHence_Mic,Freddy's Mic,pickaxe,rare,,Five Nights at Freddy's,7,4,2026-10-01T08:00:00Z
2026-10-10,v2:/525d82b23b454c38b8fd0e4f7a0d59d1b66f73d6ede0db3eb1586834abc94898,"[VIRTUAL]1 x Freddy Fazbear, 1 x Freddy-oke Machine, 1 x Foxy The Pirate, 1 x Foxy's Hook, 1 x Foxy's Side Stage, 1 x Chica the Chicken, 1 x Chica Chicake, 1 x Bonnie the Rabbit, 1 x Bonnie's Guitar Case, 1 x The Fazbear Band, 1 x Surveillance Feed Floater, 1 x Freddy Slippers, 1 x Mr. Cupcake, 1 x Freddy's Mic, 1 x Freddy's Mic, 1 x Freddy's Mic, 1 x Bonnie's Blazin' Guitar, 1 x Bonnie's Blazin' Guitar, 1 x Bonnie's Blazin' Guitar, 1 x Freddy Fazbear's Pizza for -1 MtxCurrency",11000,4500,6500,0.5909,1,2026-10-01T00:00:00Z,2026-10-31T23:59:59.999Z,1,0,-1,5Nights,Five Nights at Freddy's,196,tileGrid,Size_4_x_1,,1,Five Nights at Freddy's Bundle,20,br,Backpack_TearErrand_Bass,Bonnie's Blazin' Guitar,backpack,rare,,Five Nights at Freddy's,7,4,2026-10-01T08:00:00Z
2026-10-10,v2:/525d82b23b454c38b8fd0e4f7a0d59d1b66f73d6ede0db3eb1586834abc94898,"[VIRTUAL]1 x Freddy Fazbear, 1 x Freddy-oke Machine, 1 x Foxy The Pirate, 1 x Foxy's Hook, 1 x Foxy's Side Stage, 1 x Chica the Chicken, 1 x Chica Chicake, 1 x Bonnie the Rabbit, 1 x Bonnie's Guitar Case, 1 x The Fazbear Band, 1 x Surveillance Feed Floater, 1 x Freddy Slippers, 1 x Mr. Cupcake, 1 x Freddy's Mic, 1 x Freddy's Mic, 1 x Freddy's Mic, 1 x Bonnie's Blazin' Guitar, 1 x Bonnie's Blazin' Guitar, 1 x Bonnie's Blazin' Guitar, 1 x Freddy Fazbear's Pizza for -1 MtxCurrency",11000,4500,6500,0.5909,1,2026-10-01T00:00:00Z,2026-10-31T23:59:59.999Z,1,0,-1,5Nights,Five Nights at Freddy's,196,tileGrid,Size_4_x_1,,1,Five Nights at Freddy's Bundle,20,br,Pickaxe_TearErrand_Bass,Bonnie's Blazin' Guitar,pickaxe,rare,,Five Nights at Freddy's,7,4,2026-10-01T08:00:00Z
2026-10-10,v2:/525d82b23b454c38b8fd0e4f7a0d59d1b66f73d6ede0db3eb1586834abc94898,"[VIRTUAL]1 x Freddy Fazbear, 1 x Freddy-oke Machine, 1 x Foxy The Pirate, 1 x Foxy's Hook, 1 x Foxy's Side Stage, 1 x Chica the Chicken, 1 x Chica Chicake, 1 x Bonnie the Rabbit, 1 x Bonnie's Guitar Case, 1 x The Fazbear Band, 1 x Surveillance Feed Floater, 1 x Freddy Slippers, 1 x Mr. Cupcake, 1 x Freddy's Mic, 1 x Freddy's Mic, 1 x Freddy's Mic, 1 x Bonnie's Blazin' Guitar, 1 x Bonnie's Blazin' Guitar, 1 x Bonnie's Blazin' Guitar, 1 x Freddy Fazbear's Pizza for -1 MtxCurrency",11000,4500,6500,0.5909,1,2026-10-01T00:00:00Z,2026-10-31T23:59:59.999Z,1,0,-1,5Nights,Five Nights at Freddy's,196,tileGrid,Size_4_x_1,,1,Five Nights at Freddy's Bundle,20,br,Wrap_GuardHence,Freddy Fazbear's Pizza,wrap,gaminglegends,Gaming Legends Series,Five Nights at Freddy's,7,4,2026-10-01T08:00:00Z
2026-10-10,v2:/525d82b23b454c38b8fd0e4f7a0d59d1b66f73d6ede0db3eb1586834abc94898,"[VIRTUAL]1 x Freddy Fazbear, 1 x Freddy-oke Machine, 1 x Foxy The Pirate, 1 x Foxy's Hook, 1 x Foxy's Side Stage, 1 x Chica the Chicken, 1 x Chica Chicake, 1 x Bonnie the Rabbit, 1 x Bonnie's Guitar Case, 1 x The Fazbear Band, 1 x Surveillance Feed Floater, 1 x Freddy Slippers, 1 x Mr. Cupcake, 1 x Freddy's Mic, 1 x Freddy's Mic, 1 x Freddy's Mic, 1 x Bonnie's Blazin' Guitar, 1 x Bonnie's Blazin' Guitar, 1 x Bonnie's Blazin' Guitar, 1 x Freddy Fazbear's Pizza for -1 MtxCurrency",11000,4500,6500,0.5909,1,2026-10-01T00:00:00Z,2026-10-31T23:59:59.999Z,1,0,-1,5Nights,Five Nights at Freddy's,196,tileGrid,Size_4_x_1,,1,Five Nights at Freddy's Bundle,20,instrument,Sparks_GuardHence_Mic,Freddy's Mic,mic,common,,,,,2026-10-01T08:00:00Z
2026-10-10,v2:/525d82b23b454c38b8fd0e4f7a0d59d1b66f73d6ede0db3eb1586834abc94898,"[VIRTUAL]1 x Freddy Fazbear, 1 x Freddy-oke Machine, 1 x Foxy The Pirate, 1 x Foxy's Hook, 1 x Foxy's Side Stage, 1 x Chica the Chicken, 1 x Chica Chicake, 1 x Bonnie the Rabbit, 1 x Bonnie's Guitar Case, 1 x The Fazbear Band, 1 x Surveillance Feed Floater, 1 x Freddy Slippers, 1 x Mr. Cupcake, 1 x Freddy's Mic, 1 x Freddy's Mic, 1 x Freddy's Mic, 1 x Bonnie's Blazin' Guitar, 1 x Bonnie's Blazin' Guitar, 1 x Bonnie's Blazin' Guitar, 1 x Freddy Fazbear's Pizza for -1 MtxCurrency",11000,4500,6500,0.5909,1,2026-10-01T00:00:00Z,2026-10-31T23:59:59.999Z,1,0,-1,5Nights,Five Nights at Freddy's,196,tileGrid,Size_4_x_1,,1,Five Nights at Freddy's Bundle,20,instrument,Sparks_TearErrand_Bass,Bonnie's Blazin' Guitar,bass,common,,,,,2026-10-01T08:00:00Z
2026-10-10,v2:/1eeb32d70723400ae8a92afba2906acf74a9d4d2618356567abe58614fceab03,"[VIRTUAL]1 x EsDeeKid, 1 x Canine Claws, 1 x Grimhaul Bag for -1 MtxCurrency",2000,2000,0,0.0,0,2026-10-09T00:00:00Z,2026-10-12T23:59:59.999Z,1,0,-2,EsDeeKid,EsDeeKid,185,tileGrid,Size_1_x_1,,1,EsDeeKid,3,br,Character_StuffRasp,EsDeeKid,outfit,icon,Icon Series,EsDeeKid,7,2,2026-05-15T13:01:18Z
2026-10-10,v2:/1eeb32d70723400ae8a92afba2906acf74a9d4d2618356567abe58614fceab03,"[VIRTUAL]1 x EsDeeKid, 1 x Canine Claws, 1 x Grimhaul Bag for -1 MtxCurrency",2000,2000,0,0.0,0,2026-10-09T00:00:00Z,2026-10-12T23:59:59.999Z,1,0,-2,EsDeeKid,EsDeeKid,185,tileGrid,Size_1_x_1,,1,EsDeeKid,3,br,Pickaxe_StuffRasp,Canine Claws,pickaxe,icon,Icon Series,EsDeeKid,7,2,2026-05-15T13:01:18Z
2026-10-10,v2:/1eeb32d70723400ae8a92afba2906acf74a9d4d2618356567abe58614fceab03,"[VIRTUAL]1 x EsDeeKid, 1 x Canine Claws, 1 x Grimhaul Bag for -1 MtxCurrency",2000,2000,0,0.0,0,2026-10-09T00:00:00Z,2026-10-12T23:59:59.999Z,1,0,-2,EsDeeKid,EsDeeKid,185,tileGrid,Size_1_x_1,,1,EsDeeKid,3,br,Backpack_StuffRasp,Grimhaul Bag,backpack,icon,Icon Series,EsDeeKid,7,2,2026-05-15T13:01:18Z
2026-10-10,v2:/945164c746d0ccb082ca2c3a4bfb5d270f7cb0a06ce7194c9120f743c641124f,"[VIRTUAL]1 x Raven, 1 x Iron Cage, 1 x Ravage, 1 x Dark Wings, 1 x Iron Beak, 1 x Feathered Flyer, 1 x Dark Feathers for -1 MtxCurrency",5600,3000,2600,0.4643,1,2026-10-10T00:00:00Z,2026-10-12T23:59:59.999Z,1,0,-1,FNM101026,Locker of Horrors,197,tileGrid,Size_1_x_1,,1,Nevermore Bundle,7,br,CID_102_Athena_Commando_M_Raven,Raven,outfit,legendary,,Nevermore,1,3,2019-11-20T12:50:25Z
2026-10-10,v2:/945164c746d0ccb082ca2c3a4bfb5d270f7cb0a06ce7194c9120f743c641124f,"[VIRTUAL]1 x Raven, 1 x Iron Cage, 1 x Ravage, 1 x Dark Wings, 1 x Iron Beak, 1 x Feathered Flyer, 1 x Dark Feathers for -1 MtxCurrency",5600,3000,2600,0.4643,1,2026-10-10T00:00:00Z,2026-10-12T23:59:59.999Z,1,0,-1,FNM101026,Locker of Horrors,197,tileGrid,Size_1_x_1,,1,Nevermore Bundle,7,br,BID_036_Raven,Iron Cage,backpack,legendary,,Nevermore,1,3,2019-11-20T12:50:41Z
2026-10-10,v2:/945164c746d0ccb082ca2c3a4bfb5d270f7cb0a06ce7194c9120f743c641124f,"[VIRTUAL]1 x Raven, 1 x Iron Cage, 1 x Ravage, 1 x Dark Wings, 1 x Iron Beak, 1 x Feathered Flyer, 1 x Dark Feathers for -1 MtxCurrency",5600,3000,2600,0.4643,1,2026-10-10T00:00:00Z,2026-10-12T23:59:59.999Z,1,0,-1,FNM101026,Locker of Horrors,197,tileGrid,Size_1_x_1,,1,Nevermore Bundle,7,br,CID_194_Athena_Commando_F_RavenQuill,Ravage,outfit,legendary,,Nevermore,1,5,2019-11-20T12:50:18Z
2026-10-10,v2:/945164c746d0ccb082ca2c3a4bfb5d270f7cb0a06ce7194c9120f743c641124f,"[VIRTUAL]1 x Raven, 1 x Iron Cage, 1 x Ravage, 1 x Dark Wings, 1 x Iron Beak, 1 x Feathered Flyer, 1 x Dark Feathers for -1 MtxCurrency",5600,3000,2600,0.4643,1,2026-10-10T00:00:00Z,2026-10-12T23:59:59.999Z,1,0,-1,FNM101026,Locker of Horrors,197,tileGrid,Size_1_x_1,,1,Nevermore Bundle,7,br,BID_095_RavenQuillFemale,Dark Wings,backpack,legendary,,Nevermore,1,5,2019-11-20T12:50:39Z
2026-10-10,v2:/945164c746d0ccb082ca2c3a4bfb5d270f7cb0a06ce7194c9120f743c641124f,"[VIRTUAL]1 x Raven, 1 x Iron Cage, 1 x Ravage, 1 x Dark Wings, 1 x Iron Beak, 1 x Feathered Flyer, 1 x Dark Feathers for -1 MtxCurrency",5600,3000,2600,0.4643,1,2026-10-10T00:00:00Z,2026-10-12T23:59:59.999Z,1,0,-1,FNM101026,Locker of Horrors,197,tileGrid,Size_1_x_1,,1,Nevermore Bundle,7,br,Pickaxe_ID_089_RavenQuill,Iron Beak,pickaxe,rare,,Nevermore,1,5,2019-11-20T12:50:56Z
2026-10-10,v2:/945164c746d0ccb082ca2c3a4bfb5d270f7cb0a06ce7194c9120f743c641124f,"[VIRTUAL]1 x Raven, 1 x Iron Cage, 1 x Ravage, 1 x Dark Wings, 1 x Iron Beak, 1 x Feathered Flyer, 1 x Dark Feathers for -1 MtxCurrency",5600,3000,2600,0.4643,1,2026-10-10T00:00:00Z,2026-10-12T23:59:59.999Z,1,0,-1,FNM101026,Locker of Horrors,197,tileGrid,Size_1_x_1,,1,Nevermore Bundle,7,br,Glider_ID_024_Reaper,Feathered Flyer,glider,rare,,Nevermore,1,3,2019-11-20T12:51:10Z
2026-10-10,v2:/945164c746d0ccb082ca2c3a4bfb5d270f7cb0a06ce7194c9120f743c641124f,"[VIRTUAL]1 x Raven, 1 x Iron Cage, 1 x Ravage, 1 x Dark Wings, 1 x Iron Beak, 1 x Feathered Flyer, 1 x Dark Feathers for -1 MtxCurrency",5600,3000,2600,0.4643,1,2026-10-10T00:00:00Z,2026-10-12T23:59:59.999Z,1,0,-1,FNM101026,Locker of Horrors,197,tileGrid,Size_1_x_1,,1,Nevermore Bundle,7,br,Trails_ID_020_RavenQuill,Dark Feathers,contrail,rare,,Nevermore,1,5,2019-11-20T12:51:13Z
2026-10-10,v2:/7a56a692b0d7bdd519068c85e835113d16d658ff8e134aa9d6a8d1b464918feb,[VIRTUAL]1 x Lil' Shady Mobile for 800 MtxCurrency,800,800,0,0.0,0,2026-10-06T00:00:00Z,2026-10-10T23:59:59.999Z,1,0,-3,Eminem1Icon,Eminem,179,tileGrid,Size_1_x_1,,0,,1,br,EID_ClayPlug_Graffiti,Lil' Shady Mobile,emote,icon,Icon Series,Eminem,2,Remix,2024-11-05T16:31:13Z
2026-10-10,v2:/84770c1877ebcd14267a11ffb5e772b3988afa2bb8cb3f5d8420f6cf163a5cd7,"[VIRTUAL]1 x Morrigan, 1 x Crowe Claws for -1 MtxCurrency",1300,1000,300,0.2308,1,2026-10-10T00:00:00Z,2026-10-12T23:59:59.999Z,1,0,-3,FNM101026,Locker of Horrors,197,tileGrid,Size_1_x_1,,1,Morrigan Bundle,2,br,Character_Nevermore,Morrigan,outfit,epic,,Queen of Crows,6,5,2025-09-18T13:08:36Z
2026-10-10,v2:/84770c1877ebcd14267a11ffb5e772b3988afa2bb8cb3f5d8420f6cf163a5cd7,"[VIRTUAL]1 x Morrigan, 1 x Crowe Claws for -1 MtxCurrency",1300,1000,300,0.2308,1,2026-10-10T00:00:00Z,2026-10-12T23:59:59.999Z,1,0,-3,FNM101026,Locker of Horrors,197,tileGrid,Size_1_x_1,,1,Morrigan Bundle,2,br,Pickaxe_Nevermore,Crowe Claws,pickaxe,rare,,Queen of Crows,6,5,2025-09-18T13:08:36Z
2026-10-10,v2:/6f527325ceac9ad057feee505fc90f6e0de72b652a868c66053106149b43047c,[VIRTUAL]1 x 7-Ball for 800 MtxCurrency,800,800,0,0.0,0,2026-10-06T00:00:00Z,2026-10-12T23:59:59.999Z,1,0,-2,NoSweat100626,No Sweat,183,tileGrid,Size_1_x_1,,0,,1,br,Character_LuckySeven,7-Ball,outfit,epic,,Lucky Shot,6,5,2025-09-18T13:08:36Z
2026-10-10,v2:/d37f7780b576621542567d27ba04923878b5796bcd8a0a8e37ce66e980fbb979,[VIRTUAL]1 x Nova Snackpack for 400 MtxCurrency,400,400,0,0.0,0,2026-10-05T00:00:00Z,2026-10-11T23:59:59.999Z,1,0,-4,,,,,Size_1_x_1,,0,,1,br,Backpack_SunShine,Nova Snackpack,backpack,rare,,Solar Sweetheart,5,1,2023-12-07T17:39:21Z
2026-10-10,v2:/cbed9b5674774cf35db7ec51f028364afda8cfe7acebadbf2b6f829da90c27fe,"[VIRTUAL]1 x Sakura Shamisen, 1 x Sakura Shamisen, 1 x Sakura Shamisen for 800 MtxCurrency",800,800,0,0.0,0,2026-10-09T00:00:00Z,2026-10-15T23:59:59.999Z,1,0,-4,FNM101026,Locker of Horrors,197,tileGrid,Size_1_x_1,,0,,3,br,Backpack_PaleMaiko_Guitar,Sakura Shamisen,backpack,rare,,Lost Dolls,7,4,2026-10-01T18:37:28Z
2026-10-10,v2:/cbed9b5674774cf35db7ec51f028364afda8cfe7acebadbf2b6f829da90c27fe,"[VIRTUAL]1 x Sakura Shamisen, 1 x Sakura Shamisen, 1 x Sakura Shamisen for 800 MtxCurrency",800,800,0,0.0,0,2026-10-09T00:00:00Z,2026-10-15T23:59:59.999Z,1,0,-4,FNM101026,Locker of Horrors,197,tileGrid,Size_1_x_1,,0,,3,br,Pickaxe_PaleMaiko_Guitar,Sakura Shamisen,pickaxe,rare,,Lost Dolls,7,4,2026-10-01T18:37:28Z
2026-10-10,v2:/cbed9b5674774cf35db7ec51f028364afda8cfe7acebadbf2b6f829da90c27fe,"[VIRTUAL]1 x Sakura Shamisen, 1 x Sakura Shamisen, 1 x Sakura Shamisen for 800 MtxCurrency",800,800,0,0.0,0,2026-10-09T00:00:00Z,2026-10-15T23:59:59.999Z,1,0,-4,FNM101026,Locker of Horrors,197,tileGrid,Size_1_x_1,,0,,3,instrument,Sparks_PaleMaiko_Guitar,Sakura Shamisen,guitar,common,,,,,2026-10-01T17:02:01Z
2026-10-10,v2:/41a245ce425ba0b219d634e3ccc5d8d388bdceefb4b096fb929435f7ca771a4c,[VIRTUAL]1 x Surveillance Feed Floater for 500 MtxCurrency,500,500,0,0.0,0,2026-10-01T00:00:00Z,2026-10-31T23:59:59.999Z,1,0,-3,5Nights,Five Nights at Freddy's,196,tileGrid,Size_1_x_1,,0,,1,br,EID_TearErrand,Surveillance Feed Floater,emote,gaminglegends,Gaming Legends Series,Five Nights at Freddy's,7,4,2026-10-01T08:00:00Z
2026-10-10,v2:/d6c37f9c8ed0722c78c9c0adee0d6e6238ab1f9f503c13b28f74b8fad1dd8e1b,"[VIRTUAL]1 x Dollie, 1 x Doll Eyes for -1 MtxCurrency",1200,1200,0,0.0,0,2026-10-09T00:00:00Z,2026-10-15T23:59:59.999Z,1,0,-1,FNM101026,Locker of Horrors,197,tileGrid,Size_1_x_1,,0,,2,br,Character_QuaintToy,Dollie,outfit,epic,,Lost Dolls,7,4,2026-10-01T18:37:28Z
2026-10-10,v2:/d6c37f9c8ed0722c78c9c0adee0d6e6238ab1f9f503c13b28f74b8fad1dd8e1b,"[VIRTUAL]1 x Dollie, 1 x Doll Eyes for -1 MtxCurrency",1200,1200,0,0.0,0,2026-10-09T00:00:00Z,2026-10-15T23:59:59.999Z,1,0,-1,FNM101026,Locker of Horrors,197,tileGrid,Size_1_x_1,,0,,2,br,Wrap_QuaintToy,Doll Eyes,wrap,rare,,Lost Dolls,7,4,2026-10-01T18:37:28Z
2026-10-10,v2:/20d1f45525620ffe5e85b281506df04103346ae48371c92c69382de1e8fd60be,[VIRTUAL]1 x Skull Sickle for 1200 MtxCurrency,1200,1200,0,0.0,0,2026-10-08T00:00:00Z,2026-10-10T23:59:59.999Z,1,0,-4,FNM101026,Locker of Horrors,197,tileGrid,Size_1_x_1,,0,,1,br,Pickaxe_ID_109_SkullTrooper,Skull Sickle,pickaxe,epic,,Skull Squad,1,6,2019-11-20T12:50:54Z
2026-10-10,v2:/d33abc331261838cc7bc5ef9d53177dcb81fde6db892462d6ff54af86ead1b49,[VIRTUAL]1 x Spirit of Boreas for 500 MtxCurrency,500,500,0,0.0,0,2026-10-04T00:00:00Z,2026-10-13T23:59:59.999Z,1,0,-2,BlackClover2,Black Clover ,194,tileGrid,Size_1_x_1,,0,,1,br,Pickaxe_SwornSnout,Spirit of Boreas,pickaxe,rare,,Black Clover,7,4,2026-10-03T13:00:46Z
2026-10-10,v2:/411cf0a065bd9d29fdfdb711b4af1b1b795c7ab3a3814d15e159e35cc46ef117,[VIRTUAL]1 x Asta's Demon-Slayer Sword for 800 MtxCurrency,800,800,0,0.0,0,2026-10-04T00:00:00Z,2026-10-13T23:59:59.999Z,1,0,-3,BlackClover2,Black Clover ,194,tileGrid,Size_1_x_1,,0,,1,br,Pickaxe_MimicGlean,Asta's Demon-Slayer Sword,pickaxe,rare,,Black Clover,7,4,2026-10-03T13:00:46Z
2026-10-10,v2:/5d1bc00c174db23f2e0d773021c0bf8b0bde0298f6f9ac723e6c47a1d5b20a59,[VIRTUAL]1 x Blank for -1 MtxCurrency,300,300,0,0.0,0,2026-10-04T00:00:00Z,2026-10-13T23:59:59.999Z,1,0,-4,BlackClover2,Black Clover ,194,tileGrid,Size_1_x_1,,1,Anti-Magic Trail,1,car,ID_DriftTrail_LuckyOnyx01,Anti-Magic,drifttrail,uncommon,,,,,2026-10-03T13:00:46Z
2026-10-10,v2:/1e12c0e11469a62e1484e91f454161b7cb757c7368d334981d008d159de4b100,"[VIRTUAL]1 x Disco Diva, 1 x Disco Ball for -1 MtxCurrency",1200,1200,0,0.0,0,2026-10-05T00:00:00Z,2026-10-11T23:59:59.999Z,1,0,-2,BR101026,Loadout Goals ,181,tileGrid,Size_1_x_1,,0,,2,br,CID_312_Athena_Commando_F_FunkOps,Disco Diva,outfit,rare,,Fortnite Fever,1,7,2019-11-20T12:50:09Z
2026-10-10,v2:/1e12c0e11469a62e1484e91f454161b7cb757c7368d334981d008d159de4b100,"[VIRTUAL]1 x Disco Diva, 1 x Disco Ball for -1 MtxCurrency",1200,1200,0,0.0,0,2026-10-05T00:00:00Z,2026-10-11T23:59:59.999Z,1,0,-2,BR101026,Loadout Goals ,181,tileGrid,Size_1_x_1,,0,,2,br,BID_195_FunkOpsFemale,Disco Ball,backpack,rare,,Fortnite Fever,1,7,2019-11-20T12:50:37Z
2026-10-10,v2:/daaa3944cb9c8f950f6ba3fbbe577357858f2d4598f4bdf0754d6b80993e4fa8,[VIRTUAL]1 x Robbery for 500 MtxCurrency,500,500,0,0.0,0,2026-10-01T00:00:00Z,2026-10-31T23:59:59.999Z,1,0,-72,JT100926NoV,Jam Tracks,180,expandableList,Size_1_x_1,,0,,1,track,sid_placeholder_394,Robbery,,,,,,,2024-11-02T07:02:33Z
2026-10-10,v2:/f2318efc29c9c9970b0f491d258a5940f3d07497be4461b0806312f99877c9c1,[VIRTUAL]1 x Too Sweet for 500 MtxCurrency,500,500,0,0.0,0,2026-10-01T00:00:00Z,2026-10-31T23:59:59.999Z,1,0,-44,JT100926NoV,Jam Tracks,180,expandableList,Size_1_x_1,,0,,1,track,sid_placeholder_273,Too Sweet,,,,,,,2024-07-03T14:17:57Z
2026-10-10,v2:/a9beebd528d03e3069b54af3c000a5fe2a000a293d8eaf2e5e85d21ba03dcea3,[VIRTUAL]1 x Slurp the Internet for 300 MtxCurrency,300,300,0,0.0,0,2026-10-08T00:00:00Z,2026-10-12T23:59:59.999Z,1,0,-4,QuicheLorraine,Kim Kardashian,184,tileGrid,Size_1_x_1,,0,,1,br,EID_QuicheLorraineCrisp,Slurp the Internet,emote,icon,Icon Series,Kim Kardashian,7,1,2025-12-12T10:05:30Z
2026-10-10,v2:/86a887f564e957d1c8d8ba572151c0bf643226df0ea6b9a6f6daf5bb15849ea8,[VIRTUAL]1 x TBD (SID_Placeholder_588) for 500 MtxCurrency,500,500,0,0.0,0,2026-10-09T00:00:00Z,2026-10-15T23:59:59.999Z,1,0,-1,JT100926NoV,Jam Tracks,180,tileGrid,Size_1_x_1,,0,,1,track,sid_placeholder_588,redrum,,,,,,,2025-05-14T22:54:05Z
2026-10-10,v2:/515bdbdebe8103c9d6e6eb18c0db2d0c10d0ba361a400b914dc987470e356b1d,[VIRTUAL]1 x It's a Trick! for 500 MtxCurrency,500,500,0,0.0,0,2026-10-06T00:00:00Z,2026-10-10T23:59:59.999Z,1,0,-2,,,,,Size_4_x_1,,0,,1,br,EID_Troops,It's a Trick!,emote,uncommon,,Knowby Cabin Nightmare,3,4,2022-10-18T23:49:57Z
2026-10-10,v2:/e29fd1dd89d9ec0e7dadfe3def42d9121e9ff78db49b7e2cd4d77417847726fc,[VIRTUAL]1 x Daphne's Mystery Locket for 300 MtxCurrency,300,300,0,0.0,0,2026-10-09T00:00:00Z,2026-10-13T23:59:59.999Z,1,0,-2,ScoobyAll,Scooby-Doo,187,tileGrid,Size_1_x_1,Reacts when opening chests!,0,,1,br,Backpack_ArcanaAgate,Daphne's Mystery Locket,backpack,rare,,Mystery Inc.,6,5,2025-10-10T14:25:13Z
2026-10-10,v2:/9d9826b6fc602e685cd91ba91eb2a0110debf409b5d143affc6728facc809d79,[VIRTUAL]1 x Shaggy's Super Sandwich for 600 MtxCurrency,600,600,0,0.0,0,2026-10-09T00:00:00Z,2026-10-13T23:59:59.999Z,1,0,-2,ScoobyAll,Scooby-Doo,187,tileGrid,Size_1_x_1,Sandwich grows taller with each elimination!,0,,1,br,Backpack_FluteLamp,Shaggy's Super Sandwich,backpack,rare,,Mystery Inc.,6,5,2025-10-10T14:25:13Z
2026-10-10,v2:/f479c8c212e180f0a2af4712ba723a5b5528c3e1e0877a6ff710185750d44d8a,[VIRTUAL]1 x TBD (SID_Placeholder_328) for 500 MtxCurrency,500,500,0,0.0,0,2026-10-01T00:00:00Z,2026-10-31T23:59:59.999Z,1,0,-95,JT100926NoV,Jam Tracks,180,expandableList,Size_1_x_1,,0,,1,track,sid_placeholder_328,Lose Control,,,,,,,2025-02-13T17:10:43Z
2026-10-10,v2:/661551b13fad6c5cb987b2b1cb28aa06d4178dda4097b0d2b75261449f57c7f4,"[VIRTUAL]1 x Moon Knight, 1 x Moon Knight's Cloak for -1 MtxCurrency",1500,1500,0,0.0,0,2026-10-10T00:00:00Z,2026-10-13T23:59:59.999Z,1,0,-1,FNMBlade,Marvel,188,tileGrid,Size_2_x_1,,0,,2,br,CID_A_386_Athena_Commando_M_Croissant,Moon Knight,outfit,marvel,MARVEL SERIES,Moon Knight,3,2,2022-04-21T00:00:00Z
2026-10-10,v2:/661551b13fad6c5cb987b2b1cb28aa06d4178dda4097b0d2b75261449f57c7f4,"[VIRTUAL]1 x Moon Knight, 1 x Moon Knight's Cloak for -1 MtxCurrency",1500,1500,0,0.0,0,2026-10-10T00:00:00Z,2026-10-13T23:59:59.999Z,1,0,-1,FNMBlade,Marvel,188,tileGrid,Size_2_x_1,,0,,2,br,BID_989_CroissantMale,Moon Knight's Cloak,backpack,marvel,MARVEL SERIES,Moon Knight,3,2,2022-04-21T00:00:00Z
2026-10-10,v2:/67367a30c562639e5133fc4021deff168ed2836ff45695f0221408cb454aa409,"[VIRTUAL]1 x Rap Boy, 1 x Slim Shady, 1 x Shady Boombox, 1 x Shady Double Saw for -1 MtxCurrency",4200,2500,1700,0.4048,1,2026-10-06T00:00:00Z,2026-10-10T23:59:59.999Z,1,0,-3,Eminem1Icon,Eminem,179,tileGrid,Size_2_x_1,Switch styles with the built-in <highlight>MASK UP</> Transform Emote! <highlight>SHADY BOOMBOX</> reactive to music! <highlight>SHADY DOUBLE SAW</> reactive when hitting weak points!,1,Slim Shady Bundle,4,br,Character_BraveBuildSuper,Rap Boy,outfit,icon,Icon Series,Eminem,4,OG,2023-11-28T15:26:41Z
2026-10-10,v2:/67367a30c562639e5133fc4021deff168ed2836ff45695f0221408cb454aa409,"[VIRTUAL]1 x Rap Boy, 1 x Slim Shady, 1 x Shady Boombox, 1 x Shady Double Saw for -1 MtxCurrency",4200,2500,1700,0.4048,1,2026-10-06T00:00:00Z,2026-10-10T23:59:59.999Z,1,0,-3,Eminem1Icon,Eminem,179,tileGrid,Size_2_x_1,Switch styles with the built-in <highlight>MASK UP</> Transform Emote! <highlight>SHADY BOOMBOX</> reactive to music! <highlight>SHADY DOUBLE SAW</> reactive when hitting weak points!,1,Slim Shady Bundle,4,br,Character_HeavyRoar,Slim Shady,outfit,icon,Icon Series,Eminem,4,OG,2023-11-28T15:26:41Z
2026-10-10,v2:/67367a30c562639e5133fc4021deff168ed2836ff45695f0221408cb454aa409,"[VIRTUAL]1 x Rap Boy, 1 x Slim Shady, 1 x Shady Boombox, 1 x Shady Double Saw for -1 MtxCurrency",4200,2500,1700,0.4048,1,2026-10-06T00:00:00Z,2026-10-10T23:59:59.999Z,1,0,-3,Eminem1Icon,Eminem,179,tileGrid,Size_2_x_1,Switch styles with the built-in <highlight>MASK UP</> Transform Emote! <highlight>SHADY BOOMBOX</> reactive to music! <highlight>SHADY DOUBLE SAW</> reactive when hitting weak points!,1,Slim Shady Bundle,4,br,Backpack_HeavyRoar,Shady Boombox,backpack,icon,Icon Series,Eminem,4,OG,2023-11-28T15:26:41Z
2026-10-10,v2:/67367a30c562639e5133fc4021deff168ed2836ff45695f0221408cb454aa409,"[VIRTUAL]1 x Rap Boy, 1 x Slim Shady, 1 x Shady Boombox, 1 x Shady Double Saw for -1 MtxCurrency",4200,2500,1700,0.4048,1,2026-10-06T00:00:00Z,2026-10-10T23:59:59.999Z,1,0,-3,Eminem1Icon,Eminem,179,tileGrid,Size_2_x_1,Switch styles with the built-in <highlight>MASK UP</> Transform Emote! <highlight>SHADY BOOMBOX</> reactive to music! <highlight>SHADY DOUBLE SAW</> reactive when hitting weak points!,1,Slim Shady Bundle,4,br,Pickaxe_HeavyRoar,Shady Double Saw,pickaxe,icon,Icon Series,Eminem,4,OG,2023-11-28T15:26:41Z
2026-10-10,v2:/2a18c61d0c9ba93d57e44018ec6455e25b4078d6d617e3595ee6c3d023ca61a2,[VIRTUAL]1 x Grinning Ghoul for 400 MtxCurrency,400,400,0,0.0,0,2026-10-08T00:00:00Z,2026-10-10T23:59:59.999Z,1,0,-3,FNM101026,Locker of Horrors,197,tileGrid,Size_1_x_1,,0,,1,br,BID_400_HalloweenAlt,Grinning Ghoul,backpack,rare,,Skull Squad,2,1,2019-11-20T12:51:15Z
2026-10-10,v2:/bdf8d947f4903411f5277190500cd2453dd091a6eed427672da12bc5f663902d,[VIRTUAL]1 x Sparkle Skull for 1200 MtxCurrency,1200,1200,0,0.0,0,2026-10-08T00:00:00Z,2026-10-10T23:59:59.999Z,1,0,-5,FNM101026,Locker of Horrors,197,tileGrid,Size_1_x_1,,0,,1,br,CID_A_173_Athena_Commando_F_PartyTrooperBuffet_55Z8G,Sparkle Skull,outfit,rare,,Skulltimate,2,7,2021-08-04T18:02:52Z
2026-10-10,v2:/421776f2502a97ed95edaa2e8468acd70d5f001d073dc1bf129c168c950b359d,"[VIRTUAL]1 x Mineko, 1 x Glowing Blossom for -1 MtxCurrency",1200,1200,0,0.0,0,2026-10-09T00:00:00Z,2026-10-15T23:59:59.999Z,1,0,-2,FNM101026,Locker of Horrors,197,tileGrid,Size_1_x_1,,0,,2,br,Character_PaleMaiko,Mineko,outfit,epic,,Lost Dolls,7,4,2026-10-01T18:37:28Z
2026-10-10,v2:/421776f2502a97ed95edaa2e8468acd70d5f001d073dc1bf129c168c950b359d,"[VIRTUAL]1 x Mineko, 1 x Glowing Blossom for -1 MtxCurrency",1200,1200,0,0.0,0,2026-10-09T00:00:00Z,2026-10-15T23:59:59.999Z,1,0,-2,FNM101026,Locker of Horrors,197,tileGrid,Size_1_x_1,,0,,2,br,Wrap_PaleMaiko,Glowing Blossom,wrap,rare,,Lost Dolls,7,4,2026-10-01T18:37:28Z
2026-10-10,v2:/c49a1c13719a7269adcc93850de864aaddcf0633e3381cf922b621a6804027ba,[VIRTUAL]1 x Kinesis Core for 200 MtxCurrency,200,200,0,0.0,0,2026-10-10T00:00:00Z,2026-10-10T23:59:59.999Z,1,0,-1,,,,,Size_1_x_1,,0,,1,br,Backpack_BiruFang,Kinesis Core,backpack,rare,,Kinetic Knight,4,3,2023-07-29T05:32:56Z
2026-10-10,v2:/535bbc78a7b2c4bbbcfcadaf246248141a361a6fad4447b89f71aa916bd98d5c,[VIRTUAL]1 x Disease for 500 MtxCurrency,500,500,0,0.0,0,2026-10-01T00:00:00Z,2026-10-31T23:59:59.999Z,1,0,-58,JT100926NoV,Jam Tracks,180,expandableList,Size_1_x_1,,0,,1,track,sid_placeholder_449,Disease,,,,,,,2024-12-12T14:44:23Z
2026-10-10,v2:/bc69ea4114b7e58ed1d80b4483243d8900e2dc0947889faff81e6f0496384750,[VIRTUAL]1 x Woman for 500 MtxCurrency,500,500,0,0.0,0,2026-10-01T00:00:00Z,2026-10-31T23:59:59.999Z,1,0,-48,JT100926NoV,Jam Tracks,180,expandableList,Size_1_x_1,,0,,1,track,sid_placeholder_194,Woman,,,,,,,2024-04-16T20:20:56Z
2026-10-10,v2:/96c6c008f9ebfded9aa43da28c1ea5915a75e5f05228010f46d2f295c4757786,[VIRTUAL]1 x Somebody Told Me for 500 MtxCurrency,500,500,0,0.0,0,2026-10-01T00:00:00Z,2026-10-31T23:59:59.999Z,1,0,-56,JT100926NoV,Jam Tracks,180,expandableList,Size_1_x_1,,0,,1,track,sid_placeholder_339,Somebody Told Me,,,,,,,2024-10-17T13:33:26Z
2026-10-10,v2:/3121669d5f33f012260ed535c99f78f719fbc8a597a43c9aadacda725dc355bd,[VIRTUAL]1 x Me Too for 500 MtxCurrency,500,500,0,0.0,0,2026-10-09T00:00:00Z,2026-10-15T23:59:59.999Z,1,0,-4,JT100926NoV,Jam Tracks,180,tileGrid,Size_1_x_1,,0,,1,track,sid_placeholder_144,Me Too,,,,,,,2024-02-29T00:02:26Z
2026-10-10,v2:/af70d5a4bfa3acba5531961a62e05e35c75bb832038b5aba9e4ea8c408aede8d,[VIRTUAL]1 x Baneful Blaster for 500 MtxCurrency,500,500,0,0.0,0,2026-10-09T00:00:00Z,2026-10-15T23:59:59.999Z,1,0,-3,FNM101026,Locker of Horrors,197,tileGrid,Size_1_x_1,,0,,1,br,Wrap_VagueHex,Baneful Blaster,wrap,rare,,Lost Dolls,7,4,2026-10-01T18:37:28Z
2026-10-10,v2:/024913547b34902acc4b4369f911c9d20dd9b2855da551763d6e8b126c37281a,"[VIRTUAL]1 x Vix, 1 x Whisker Pack for -1 MtxCurrency",1500,1500,0,0.0,0,2026-10-05T00:00:00Z,2026-10-11T23:59:59.999Z,1,0,-4,BR101026,Loadout Goals ,181,tileGrid,Size_1_x_1,Use the <highlight_strong>BUILT-IN EMOTE</> to <highlight_strong>SWITCH STYLES</> in matches!,0,,2,br,CID_751_Athena_Commando_F_NeonCatSpy,Vix,outfit,epic,,Catssassin,2,2,2020-04-29T06:13:35Z
2026-10-10,v2:/024913547b34902acc4b4369f911c9d20dd9b2855da551763d6e8b126c37281a,"[VIRTUAL]1 x Vix, 1 x Whisker Pack for -1 MtxCurrency",1500,1500,0,0.0,0,2026-10-05T00:00:00Z,2026-10-11T23:59:59.999Z,1,0,-4,BR101026,Loadout Goals ,181,tileGrid,Size_1_x_1,Use the <highlight_strong>BUILT-IN EMOTE</> to <highlight_strong>SWITCH STYLES</> in matches!,0,,2,br,BID_514_NeonCatSpy,Whisker Pack,backpack,epic,,Catssassin,2,2,2020-04-29T06:13:35Z
2026-10-10,v2:/dea7cfac64c21a627f4721b3290f4abaf361d5f6f6619c563939949bc3285709,[VIRTUAL]1 x Get Busy for 500 MtxCurrency,500,500,0,0.0,0,2026-10-01T00:00:00Z,2026-11-30T23:59:59.999Z,1,0,-84,JT100926NoV,Jam Tracks,180,expandableList,Size_1_x_1,,0,,1,track,sid_placeholder_294,Get Busy,,,,,,,2024-12-19T21:10:30Z
2026-10-10,v2:/2a4203ff0c07088cb41ec6849d956d5a400b985677941e499a3ef3019b57a00f,[VIRTUAL]1 x Highway Tune for 500 MtxCurrency,500,500,0,0.0,0,2026-10-01T00:00:00Z,2026-10-31T23:59:59.999Z,1,0,-88,JT100926NoV,Jam Tracks,180,expandableList,Size_1_x_1,,0,,1,track,sid_placeholder_95,Highway Tune,,,,,,,2023-12-13T00:00:00Z
2026-10-10,v2:/b724e9dea4c521a3e44aca46ed290e16100b29b09a83daf5239ac25ba50c8a9b,[VIRTUAL]1 x The Deer's Eyes for 500 MtxCurrency,500,500,0,0.0,0,2026-10-10T00:00:00Z,2026-10-16T23:59:59.999Z,1,0,-3,99Nights1,99 Nights In The Forest ,198,tileGrid,Size_1_x_1,,0,,1,br,Wrap_TerryBroke,The Deer's Eyes,wrap,gaminglegends,Gaming Legends Series,99 Nights in the Forest,7,4,2026-10-08T13:00:54Z
2026-10-10,v2:/6e2669d2c801fdd445c626f3a96a92552d5961c8daae3cd148aad39cecd6b56f,[VIRTUAL]1 x Super Freak for 500 MtxCurrency,500,500,0,0.0,0,2026-10-01T00:00:00Z,2026-10-31T23:59:59.999Z,1,0,-35,JT100926NoV,Jam Tracks,180,expandableList,Size_1_x_1,,0,,1,track,sid_placeholder_133,Super Freak,,,,,,,2024-03-26T16:09:20Z
2026-10-10,v2:/d2e109d35af7a41d01a2642ef19a5911ce844305793f77f146575381777fd8c9,[VIRTUAL]1 x Sabotage for 500 MtxCurrency,500,500,0,0.0,0,2026-10-01T00:00:00Z,2026-10-31T23:59:59.999Z,1,0,-99,JT100926NoV,Jam Tracks,180,expandableList,Size_1_x_1,,0,,1,track,sid_placeholder_214,Sabotage,,,,,,,2024-06-06T13:32:50Z
2026-10-10,v2:/621e86e26e263741b69ae9204f09dfd98d4c6b7b4640429df4c830ab4a6c0e0d,[VIRTUAL]1 x Scooberoni Pizza for 300 MtxCurrency,300,300,0,0.0,0,2026-10-09T00:00:00Z,2026-10-13T23:59:59.999Z,1,0,-4,ScoobyAll,Scooby-Doo,187,tileGrid,Size_1_x_1,,0,,1,br,Backpack_LycheeNickel,Scooberoni Pizza,backpack,rare,,Mystery Inc.,6,5,2025-10-10T14:25:13Z
2026-10-10,v2:/42c8e5b49bfc53dc3e725b5a5a84713e3b1980a8166a9142f54c54d0a0329d8d,[VIRTUAL]1 x TBD (SID_Placeholder_520) for 500 MtxCurrency,500,500,0,0.0,0,2026-10-01T00:00:00Z,2026-10-31T23:59:59.999Z,1,0,-43,JT100926NoV,Jam Tracks,180,expandableList,Size_1_x_1,,0,,1,track,sid_placeholder_520,Up From The Bottom,,,,,,,2025-03-28T00:00:00Z
2026-10-10,v2:/f6640f8c64780e3e157682bc1db9f0fa8b2c6ca384b4a718cdcc65ed4932b0de,[VIRTUAL]1 x Stitchy Steppers for 600 MtxCurrency,600,600,0,0.0,0,2026-10-09T00:00:00Z,2026-10-15T23:59:59.999Z,1,0,-4,FNM101026,Locker of Horrors,197,tileGrid,Size_1_x_1,,0,,1,br,Shoes_PatchPump,Stitchy Steppers,shoe,uncommon,,,7,4,2026-10-01T18:37:28Z
2026-10-10,v2:/c50cd8520a847cf022f4d204b49410deeaeafe399ad7c6d8f408852092499c66,[VIRTUAL]1 x TBD (SID_Placeholder_636) for 500 MtxCurrency,500,500,0,0.0,0,2026-10-01T00:00:00Z,2026-10-31T23:59:59.999Z,1,0,-60,JT100926NoV,Jam Tracks,180,expandableList,Size_1_x_1,,0,,1,track,sid_placeholder_636,DARE,,,,,,,2025-08-26T08:00:00Z
2026-10-10,v2:/181f7b1457b7aaf79aa781caa5912d0cdca93622f7bac061a95547f9de349895,[VIRTUAL]1 x Seek & Destroy for 500 MtxCurrency,500,500,0,0.0,0,2026-10-01T00:00:00Z,2026-10-31T23:59:59.999Z,1,0,-24,JT100926NoV,Jam Tracks,180,expandableList,Size_1_x_1,,0,,1,track,sid_placeholder_238,Seek & Destroy,,,,,,,2024-06-20T00:00:00Z
2026-10-10,v2:/c0a308f601e09603177b6a379ceb3349d8652117bb14ef1995e2b460600c4526,[VIRTUAL]1 x Freddy-oke Machine for 300 MtxCurrency,300,300,0,0.0,0,2026-10-01T00:00:00Z,2026-10-31T23:59:59.999Z,1,0,-2,5Nights,Five Nights at Freddy's,196,tileGrid,Size_1_x_1,,0,,1,br,Backpack_GuardHence,Freddy-oke Machine,backpack,gaminglegends,Gaming Legends Series,Five Nights at Freddy's,7,4,2026-10-01T08:00:00Z
2026-10-10,v2:/b9bfa28a039a9a0d8dabbf7829daa9fe1b12f09512b04973661f8ab5fc13a2d3,[VIRTUAL]1 x Crystal Spirit for 300 MtxCurrency,300,300,0,0.0,0,2026-10-06T00:00:00Z,2026-10-12T23:59:59.999Z,1,0,-4,,,,,Size_1_x_1,,0,,1,br,BID_759_DarkElfFemale,Crystal Spirit,backpack,rare,,Fallen Oasis,2,6,2021-05-11T08:22:29Z
2026-10-10,v2:/e0d8424d0e064e769e64bf54fa3fc65a6a9e84374244eb22ab3fceef005e8a30,"[VIRTUAL]1 x Ghoul Trooper, 1 x Bear Brained for -1 MtxCurrency",1500,1500,0,0.0,0,2026-10-05T00:00:00Z,2026-10-15T23:59:59.999Z,1,0,-3,FNM101026,Locker of Horrors,197,tileGrid,Size_1_x_1,,0,,2,br,CID_029_Athena_Commando_F_Halloween,Ghoul Trooper,outfit,epic,,,1,1,2019-11-20T12:50:30Z
2026-10-10,v2:/e0d8424d0e064e769e64bf54fa3fc65a6a9e84374244eb22ab3fceef005e8a30,"[VIRTUAL]1 x Ghoul Trooper, 1 x Bear Brained for -1 MtxCurrency",1500,1500,0,0.0,0,2026-10-05T00:00:00Z,2026-10-15T23:59:59.999Z,1,0,-3,FNM101026,Locker of Horrors,197,tileGrid,Size_1_x_1,,0,,2,br,BID_393_GhoulTrooper,Bear Brained,backpack,uncommon,,,2,1,2019-11-20T12:51:14Z
2026-10-10,v2:/735f42656dcf2a996cef38688bf5de39b35ea819a546b3b40996cc30349e9096,"[VIRTUAL]1 x Raven, 1 x Iron Cage for -1 MtxCurrency",2000,2000,0,0.0,0,2026-10-10T00:00:00Z,2026-10-12T23:59:59.999Z,1,0,-4,FNM101026,Locker of Horrors,197,tileGrid,Size_1_x_1,,0,,2,br,CID_102_Athena_Commando_M_Raven,Raven,outfit,legendary,,Nevermore,1,3,2019-11-20T12:50:25Z
2026-10-10,v2:/735f42656dcf2a996cef38688bf5de39b35ea819a546b3b40996cc30349e9096,"[VIRTUAL]1 x Raven, 1 x Iron Cage for -1 MtxCurrency",2000,2000,0,0.0,0,2026-10-10T00:00:00Z,2026-10-12T23:59:59.999Z,1,0,-4,FNM101026,Locker of Horrors,197,tileGrid,Size_1_x_1,,0,,2,br,BID_036_Raven,Iron Cage,backpack,legendary,,Nevermore,1,3,2019-11-20T12:50:41Z
2026-10-10,v2:/a48d56b08a60cb36f7458193ee30ad3c655e64a9625f4cf7df1018cfaeb4410c,[VIRTUAL]1 x Freddy's Flames for 500 MtxCurrency,500,500,0,0.0,0,2026-10-03T00:00:00Z,2026-10-16T23:59:59.999Z,1,0,-3,Freddy2,A Nightmare on Elm Street,193,tileGrid,Size_1_x_1,,0,,1,br,Wrap_ApronChow,Freddy's Flames,wrap,rare,,Freddy Krueger,7,4,2026-10-02T13:00:13Z
2026-10-10,v2:/472f2f609c68fdeeb4309e5f338d8a4646fe7ec4362bd9b480c0fa628ecce0d4,[VIRTUAL]1 x Lonely Boy for 500 MtxCurrency,500,500,0,0.0,0,2026-10-01T00:00:00Z,2026-10-31T23:59:59.999Z,1,0,-101,JT100926NoV,Jam Tracks,180,expandableList,Size_1_x_1,,0,,1,track,sid_placeholder_379,Lonely Boy,,,,,,,2025-01-02T14:36:01Z
2026-10-10,v2:/1336147fe4fec6723c389f0b97b7d4fce3980d9dc1f6487e2b1d4f714ae2f5ae,[VIRTUAL]1 x Ghost Face for 1500 MtxCurrency,1500,1500,0,0.0,0,2026-10-07T00:00:00Z,2026-10-11T23:59:59.999Z,1,0,-2,Scream,Scream,186,tileGrid,Size_1_x_1,,0,,1,br,Character_PureCereal,Ghost Face,outfit,epic,,Ghost Face,6,5,2025-10-10T14:25:13Z
2026-10-10,v2:/48bbde0343ef4807e76b3979340ab7974b6d686b2cb44593889dd3c5b3e80fbc,[VIRTUAL]1 x Foxy's Side Stage for 300 MtxCurrency,300,300,0,0.0,0,2026-10-01T00:00:00Z,2026-10-31T23:59:59.999Z,1,0,-4,5Nights,Five Nights at Freddy's,196,tileGrid,Size_1_x_1,,0,,1,br,Backpack_JigsawWaste,Foxy's Side Stage,backpack,gaminglegends,Gaming Legends Series,Five Nights at Freddy's,7,4,2026-10-01T08:00:00Z
2026-10-10,v2:/eea7ce6663ae954e042213d4e247336d6c42c59a2c72dcd33ec81d6c3e480c97,[VIRTUAL]1 x Cheap Thrills for 500 MtxCurrency,500,500,0,0.0,0,2026-10-01T00:00:00Z,2026-10-31T23:59:59.999Z,1,0,-61,JT100926NoV,Jam Tracks,180,expandableList,Size_1_x_1,,0,,1,track,sid_placeholder_27,Cheap Thrills,,,,,,,2024-04-30T14:34:03Z
2026-10-10,v2:/d4ffd98f49d79e89936983fe67e963ea6f3da64b8e44f3834afc38d24c4d2046,[VIRTUAL]1 x TBD (SID_Placeholder_620) for 500 MtxCurrency,500,500,0,0.0,0,2026-10-01T00:00:00Z,2026-10-31T23:59:59.999Z,1,0,-77,JT100926NoV,Jam Tracks,180,expandableList,Size_1_x_1,,0,,1,track,sid_placeholder_620,Strobe (Radio Edit),,,,,,,2025-08-06T00:00:00Z
2026-10-10,v2:/51bd33a44cf0e21567d97ac4735a724d26cc4ecb1a46fee9626eb9cf4bca1f8f,[VIRTUAL]1 x Kappa Back-a Pack-a for 400 MtxCurrency,400,400,0,0.0,0,2026-10-10T00:00:00Z,2026-10-16T23:59:59.999Z,1,0,-2,,,,,Size_1_x_1,,0,,1,br,Backpack_PocketScrunchie,Kappa Back-a Pack-a,backpack,rare,,Demonically Cute,6,1,2025-01-14T09:36:24Z
2026-10-10,v2:/e082c8dd27782472b046e091148329581b414e6322c509929ac2f2bc91caaec5,[VIRTUAL]1 x Knife Cleaner for 300 MtxCurrency,300,300,0,0.0,0,2026-10-07T00:00:00Z,2026-10-11T23:59:59.999Z,1,0,-4,Scream,Scream,186,tileGrid,Size_1_x_1,,0,,1,br,EID_PureCereal,Knife Cleaner,emote,uncommon,,Ghost Face,6,5,2025-10-10T14:25:13Z
2026-10-10,v2:/e4289c6d4456fb5ebf0a2e2f13ddeefe1f89b1ed9147ae8c515a668fc9834332,"[VIRTUAL]1 x Noelle, 1 x Noelle's Wand, 1 x Noelle's Grimoire for -1 MtxCurrency",1800,1800,0,0.0,0,2026-10-04T00:00:00Z,2026-10-13T23:59:59.999Z,1,0,-3,BlackClover2,Black Clover ,194,tileGrid,Size_2_x_1,,0,,3,br,Character_SlumpAfter,Noelle,outfit,epic,,Black Clover,7,4,2026-10-03T13:00:46Z
2026-10-10,v2:/e4289c6d4456fb5ebf0a2e2f13ddeefe1f89b1ed9147ae8c515a668fc9834332,"[VIRTUAL]1 x Noelle, 1 x Noelle's Wand, 1 x Noelle's Grimoire for -1 MtxCurrency",1800,1800,0,0.0,0,2026-10-04T00:00:00Z,2026-10-13T23:59:59.999Z,1,0,-3,BlackClover2,Black Clover ,194,tileGrid,Size_2_x_1,,0,,3,br,Pickaxe_SlumpAfter,Noelle's Wand,pickaxe,rare,,Black Clover,7,4,2026-10-03T13:00:46Z
2026-10-10,v2:/e4289c6d4456fb5ebf0a2e2f13ddeefe1f89b1ed9147ae8c515a668fc9834332,"[VIRTUAL]1 x Noelle, 1 x Noelle's Wand, 1 x Noelle's Grimoire for -1 MtxCurrency",1800,1800,0,0.0,0,2026-10-04T00:00:00Z,2026-10-13T23:59:59.999Z,1,0,-3,BlackClover2,Black Clover ,194,tileGrid,Size_2_x_1,,0,,3,br,Backpack_SlumpAfter,Noelle's Grimoire,backpack,rare,,Black Clover,7,4,2026-10-03T13:00:46Z
2026-10-10,v2:/2685bb7aafd3b627d933c7da82b4b44e6358d23c528c98ba3c18d0b35c287aa8,[VIRTUAL]1 x Anti-Magic for 500 MtxCurrency,500,500,0,0.0,0,2026-10-04T00:00:00Z,2026-10-13T23:59:59.999Z,1,0,-2,BlackClover2,Black Clover ,194,tileGrid,Size_1_x_1,,0,,1,br,Wrap_MimicGlean,Anti-Magic,wrap,rare,,Black Clover,7,4,2026-10-03T13:00:46Z
2026-10-10,v2:/187439d0b94b324b512cf1d75c9cbdc89b4356daade0d4bdbe364141b1c130ad,[VIRTUAL]1 x TBD (SID_Placeholder_667) for 500 MtxCurrency,500,500,0,0.0,0,2026-10-09T00:00:00Z,2026-10-13T23:59:59.999Z,1,0,-1,ScoobyAll,Scooby-Doo,187,tileGrid,Size_1_x_1,,0,,1,track,sid_placeholder_667,What's New Scooby-Doo?,,,,,,,2025-10-12T00:00:00Z
2026-10-10,v2:/aff7de1f281cb939e58a937644c4b00af0f28e2696f6f68e03f367d5b6336024,[VIRTUAL]1 x the boy is mine for 500 MtxCurrency,500,500,0,0.0,0,2026-10-01T00:00:00Z,2026-10-31T23:59:59.999Z,1,0,-42,JT100926NoV,Jam Tracks,180,expandableList,Size_1_x_1,,0,,1,track,sid_placeholder_227,the boy is mine,,,,,,,2024-05-30T13:49:50Z
2026-10-10,v2:/f33bb4ce7a408bea1d7ba67583d5fe7aa11804d33f3e59e229724e76ae80e818,[VIRTUAL]1 x Chainsaw Balloon for 300 MtxCurrency,300,300,0,0.0,0,2026-10-06T00:00:00Z,2026-10-12T23:59:59.999Z,1,0,-4,HHNJack2,Halloween Horror Nights ,192,tileGrid,Size_1_x_1,,0,,1,br,EID_WitchValve,A party trick with teeth.,emote,uncommon,,Halloween Horror Nights,7,4,2026-10-05T13:00:42Z
2026-10-10,v2:/2aced9bdee7d05e5f29439d7e5e16a27513a178addaff785579d5f4ea3e8d230,[VIRTUAL]1 x What I Got for 500 MtxCurrency,500,500,0,0.0,0,2026-10-01T00:00:00Z,2026-10-31T23:59:59.999Z,1,0,-93,JT100926NoV,Jam Tracks,180,expandableList,Size_1_x_1,,0,,1,track,sid_placeholder_187,What I Got,,,,,,,2024-04-09T15:02:47Z
2026-10-10,v2:/80e2df47d6f110a06c39814acdc5ce7f3a1e9e722f72888fe94ecc580158fa3f,"[VIRTUAL]1 x Marshall Never More, 1 x Raven's Stare for -1 MtxCurrency",1500,1500,0,0.0,0,2026-10-06T00:00:00Z,2026-10-10T23:59:59.999Z,1,0,-1,Eminem1Icon,Eminem,179,tileGrid,Size_1_x_1,Selectable Styles!,0,,2,br,Character_BraveBuild,Marshall Never More,outfit,icon,Icon Series,Eminem,4,OG,2023-11-28T15:26:41Z
2026-10-10,v2:/80e2df47d6f110a06c39814acdc5ce7f3a1e9e722f72888fe94ecc580158fa3f,"[VIRTUAL]1 x Marshall Never More, 1 x Raven's Stare for -1 MtxCurrency",1500,1500,0,0.0,0,2026-10-06T00:00:00Z,2026-10-10T23:59:59.999Z,1,0,-1,Eminem1Icon,Eminem,179,tileGrid,Size_1_x_1,Selectable Styles!,0,,2,br,Backpack_BraveBuild,Raven's Stare,backpack,icon,Icon Series,Eminem,4,OG,2023-11-28T15:26:41Z
2026-10-10,v2:/e1c6412b43311a31a0d6cdbcb63abe20aa81ca005befdaa349c23b6d7d986889,[VIRTUAL]1 x Heartbreaker for 500 MtxCurrency,500,500,0,0.0,0,2026-10-01T00:00:00Z,2026-10-31T23:59:59.999Z,1,0,-41,JT100926NoV,Jam Tracks,180,expandableList,Size_1_x_1,,0,,1,track,sid_placeholder_83,Heartbreaker,,,,,,,2023-12-21T00:00:00Z
2026-10-10,v2:/e94f98827d971f38d73e07a49a8f7e7f2dffb69ad30d5f746524964b179564bb,[VIRTUAL]1 x Don't You Worry Child for 500 MtxCurrency,500,500,0,0.0,0,2026-10-01T00:00:00Z,2026-11-30T23:59:59.999Z,1,0,-89,JT100926NoV,Jam Tracks,180,expandableList,Size_1_x_1,,0,,1,track,sid_placeholder_176,Don't You Worry Child,,,,,,,2024-04-02T15:03:11Z
2026-10-10,v2:/e99b02df844a66e043d7387ef5509f8c4b1a83df67f9c107bf776a9a2b2dbcde,[VIRTUAL]1 x TBD (SID_Placeholder_491) for 500 MtxCurrency,500,500,0,0.0,0,2026-10-01T00:00:00Z,2026-10-31T23:59:59.999Z,1,0,-94,JT100926NoV,Jam Tracks,180,expandableList,Size_1_x_1,,0,,1,track,sid_placeholder_491,Airplanes,,,,,,,2025-02-20T20:53:36Z
2026-10-10,v2:/c9abe577721c36c620142d6cc2e308fbbdb7f3cc9df0e72d61ba2a19dd30436e,[VIRTUAL]1 x Blank for 400 MtxCurrency,400,400,0,0.0,0,2026-10-04T00:00:00Z,2026-10-13T23:59:59.999Z,1,0,-2,,,,,Size_2_x_1,,0,,1,car,Wheel_RevivalLine02,Nissan GT-R Nismo - Gold,wheel,uncommon,,,,,2026-10-03T13:00:46Z
2026-10-10,v2:/fc2d749c78eaf2f6b867ee2402406aaa47796b16b65382790287c6cf1b561680,[VIRTUAL]1 x TBD (SID_Placeholder_487) for 500 MtxCurrency,500,500,0,0.0,0,2026-10-01T00:00:00Z,2026-10-31T23:59:59.999Z,1,0,-18,JT100926NoV,Jam Tracks,180,expandableList,Size_1_x_1,,0,,1,track,sid_placeholder_487,Beauty and a Beat,,,,,,,2025-01-16T14:37:22Z
2026-10-10,v2:/efcf473c6be7a5e5bbce4d65f4dc706b9b22818fc738b9f4fb0a3083a63c6379,[VIRTUAL]1 x BIRDS OF A FEATHER for 500 MtxCurrency,500,500,0,0.0,0,2026-10-01T00:00:00Z,2026-10-31T23:59:59.999Z,1,0,-20,JT100926NoV,Jam Tracks,180,expandableList,Size_1_x_1,,0,,1,track,sid_placeholder_400,BIRDS OF A FEATHER,,,,,,,2024-12-12T14:44:23Z
2026-10-10,v2:/e9d2cf282858aabbe4457ca70c6d33bb3af28bbbc0675c54d10b6dd7c5a93224,[VIRTUAL]1 x Copines for 500 MtxCurrency,500,500,0,0.0,0,2026-10-08T00:00:00Z,2026-10-11T23:59:59.999Z,1,0,-4,VV1010261,Max Vibes,190,tileGrid,Size_1_x_1,,0,,1,br,EID_Coping,Copines,emote,icon,Icon Series,,3,4,2022-10-06T00:00:00Z
2026-10-10,v2:/b65e52639925b284eab097d5cdd11183292bbbbfafe47e9377fe9d4703bba691,[VIRTUAL]1 x EsDeeKid's Canine for 1500 MtxCurrency,1500,1500,0,0.0,0,2026-10-09T00:00:00Z,2026-10-12T23:59:59.999Z,1,0,-1,EsDeeKid,EsDeeKid,185,tileGrid,Size_1_x_1,This Sidekick includes quests that unlock new items upon completion!,0,,1,br,Companion_PolarBlind,EsDeeKid's Canine,sidekick,icon,Icon Series,EsDeeKid,7,2,2026-05-15T13:01:18Z
2026-10-10,v2:/a328f64cd2737294363bc6184d6bffa869f8734b9eeb4a183b8353b17539c07f,[VIRTUAL]1 x Panda for 500 MtxCurrency,500,500,0,0.0,0,2026-10-01T00:00:00Z,2026-10-31T23:59:59.999Z,1,0,-37,JT100926NoV,Jam Tracks,180,expandableList,Size_1_x_1,,0,,1,track,sid_placeholder_293,Panda,,,,,,,2024-08-09T00:00:00Z
2026-10-10,v2:/6a1c674fe1994f15d55d7911b6b2919b9a273ea318cc1482cc3d6784c2aca7ad,[VIRTUAL]1 x Noelle's Grimoire for 300 MtxCurrency,300,300,0,0.0,0,2026-10-04T00:00:00Z,2026-10-13T23:59:59.999Z,1,0,-1,BlackClover2,Black Clover ,194,tileGrid,Size_1_x_1,,0,,1,br,Backpack_SlumpAfter,Noelle's Grimoire,backpack,rare,,Black Clover,7,4,2026-10-03T13:00:46Z
2026-10-10,v2:/bd94d0be5c636c882db2fe6048138bb06fa6f0b2acc19476bfe2eff00b6bc707,[VIRTUAL]1 x Houdini for 500 MtxCurrency,500,500,0,0.0,0,2026-10-06T00:00:00Z,2026-10-10T23:59:59.999Z,1,0,-4,Eminem1Icon,Eminem,179,tileGrid,Size_1_x_1,,0,,1,br,EID_Incantation,Houdini,emote,icon,Icon Series,,5,3,2024-06-26T00:00:00Z
2026-10-10,v2:/fa3c48c86d87e60e0aaec14cf42cd7b0ce06cecfd3bbfb4caa500b8509994f67,"[VIRTUAL]1 x Nemia, 1 x Kappa Back-a Pack-a for -1 MtxCurrency",1200,1200,0,0.0,0,2026-10-10T00:00:00Z,2026-10-16T23:59:59.999Z,1,0,-2,FNM101026,Locker of Horrors,197,tileGrid,Size_1_x_1,,0,,2,br,Character_PocketScrunchie,Nemia,outfit,epic,,Demonically Cute,6,1,2025-01-14T09:36:24Z
2026-10-10,v2:/fa3c48c86d87e60e0aaec14cf42cd7b0ce06cecfd3bbfb4caa500b8509994f67,"[VIRTUAL]1 x Nemia, 1 x Kappa Back-a Pack-a for -1 MtxCurrency",1200,1200,0,0.0,0,2026-10-10T00:00:00Z,2026-10-16T23:59:59.999Z,1,0,-2,FNM101026,Locker of Horrors,197,tileGrid,Size_1_x_1,,0,,2,br,Backpack_PocketScrunchie,Kappa Back-a Pack-a,backpack,rare,,Demonically Cute,6,1,2025-01-14T09:36:24Z
2026-10-10,v2:/00c7deb1a2b36668843cb8921b2544652d6c033d4337335f8fb4a4f7f24342e3,[VIRTUAL]1 x Iron Cage for 300 MtxCurrency,300,300,0,0.0,0,2026-10-10T00:00:00Z,2026-10-12T23:59:59.999Z,1,0,-1,,,,,Size_1_x_1,,0,,1,br,BID_036_Raven,Iron Cage,backpack,legendary,,Nevermore,1,3,2019-11-20T12:50:41Z
2026-10-10,v2:/b83e86cf69d2d880bee8832a4eb745eeae29b7b2d1ac24ac0e8d2653c716e830,[VIRTUAL]1 x TBD (SID_Placeholder_824) for 500 MtxCurrency,500,500,0,0.0,0,2026-10-01T00:00:00Z,2026-10-31T23:59:59.999Z,1,0,-87,JT100926NoV,Jam Tracks,180,expandableList,Size_1_x_1,,0,,1,track,sid_placeholder_824,"Well, Whatever It Was",,,,,,,2026-07-07T14:30:51Z
2026-10-10,v2:/59fbe12b369f13fb52d49e2daeb33830262fca412cab4c2aafd466a283157396,[VIRTUAL]1 x Backbiter for 300 MtxCurrency,300,300,0,0.0,0,2026-10-05T00:00:00Z,2026-10-15T23:59:59.999Z,1,0,-2,,,,,Size_1_x_1,,0,,1,br,BID_881_ScholarGhoul,Backbiter,backpack,rare,,Oakwitch Academy,2,8,2021-10-12T08:35:19Z
2026-10-10,v2:/6c452194e8f17692331d01fa2398b5fa98744df5ac1346fee19f9da3c3976ca3,"[VIRTUAL]1 x Jack the Clown, 1 x Jack the Clown in the Box, 1 x Jack's Menacing Mallet, 1 x Chainsaw Balloon for -1 MtxCurrency",2600,2000,600,0.2308,1,2026-10-06T00:00:00Z,2026-10-12T23:59:59.999Z,1,0,-1,HHNJack2,Halloween Horror Nights ,192,billboard,Size_4_x_1,,1,Jack the Clown Bundle,4,br,Character_WitchValve,Jack the Clown,outfit,epic,,Halloween Horror Nights,7,4,2026-10-05T13:00:42Z
2026-10-10,v2:/6c452194e8f17692331d01fa2398b5fa98744df5ac1346fee19f9da3c3976ca3,"[VIRTUAL]1 x Jack the Clown, 1 x Jack the Clown in the Box, 1 x Jack's Menacing Mallet, 1 x Chainsaw Balloon for -1 MtxCurrency",2600,2000,600,0.2308,1,2026-10-06T00:00:00Z,2026-10-12T23:59:59.999Z,1,0,-1,HHNJack2,Halloween Horror Nights ,192,billboard,Size_4_x_1,,1,Jack the Clown Bundle,4,br,Backpack_WitchValve,Jack the Clown in the Box,backpack,rare,,Halloween Horror Nights,7,4,2026-10-05T13:00:42Z
2026-10-10,v2:/6c452194e8f17692331d01fa2398b5fa98744df5ac1346fee19f9da3c3976ca3,"[VIRTUAL]1 x Jack the Clown, 1 x Jack the Clown in the Box, 1 x Jack's Menacing Mallet, 1 x Chainsaw Balloon for -1 MtxCurrency",2600,2000,600,0.2308,1,2026-10-06T00:00:00Z,2026-10-12T23:59:59.999Z,1,0,-1,HHNJack2,Halloween Horror Nights ,192,billboard,Size_4_x_1,,1,Jack the Clown Bundle,4,br,Pickaxe_WitchValve,Jack the Clown's Menacing Mallet,pickaxe,rare,,Halloween Horror Nights,7,4,2026-10-05T13:00:42Z
2026-10-10,v2:/6c452194e8f17692331d01fa2398b5fa98744df5ac1346fee19f9da3c3976ca3,"[VIRTUAL]1 x Jack the Clown, 1 x Jack the Clown in the Box, 1 x Jack's Menacing Mallet, 1 x Chainsaw Balloon for -1 MtxCurrency",2600,2000,600,0.2308,1,2026-10-06T00:00:00Z,2026-10-12T23:59:59.999Z,1,0,-1,HHNJack2,Halloween Horror Nights ,192,billboard,Size_4_x_1,,1,Jack the Clown Bundle,4,br,EID_WitchValve,A party trick with teeth.,emote,uncommon,,Halloween Horror Nights,7,4,2026-10-05T13:00:42Z
2026-10-10,v2:/409e7d85d77abd1eed835dc96784d85158863a14c0a6deb2320c200642acce65,[VIRTUAL]1 x Demonic Dunker for 300 MtxCurrency,300,300,0,0.0,0,2026-10-10T00:00:00Z,2026-10-16T23:59:59.999Z,1,0,-3,,,,,Size_1_x_1,,0,,1,br,Backpack_PointyTemper,Demonic Dunker,backpack,rare,,Demon Dunks,6,1,2025-01-14T09:36:24Z
2026-10-10,v2:/e7f034957856ced9c6b2cd813038dfc89e2e68a7dc7a800dd7b859ba28f18585,"[VIRTUAL]1 x Etheria, 1 x Crystal Spirit for -1 MtxCurrency",1200,1200,0,0.0,0,2026-10-06T00:00:00Z,2026-10-12T23:59:59.999Z,1,0,-4,NoSweat100626,No Sweat,183,tileGrid,Size_1_x_1,,0,,2,br,CID_A_091_Athena_Commando_F_DarkElf,Etheria,outfit,rare,,Fallen Oasis,2,6,2021-05-11T08:22:29Z
2026-10-10,v2:/e7f034957856ced9c6b2cd813038dfc89e2e68a7dc7a800dd7b859ba28f18585,"[VIRTUAL]1 x Etheria, 1 x Crystal Spirit for -1 MtxCurrency",1200,1200,0,0.0,0,2026-10-06T00:00:00Z,2026-10-12T23:59:59.999Z,1,0,-4,NoSweat100626,No Sweat,183,tileGrid,Size_1_x_1,,0,,2,br,BID_759_DarkElfFemale,Crystal Spirit,backpack,rare,,Fallen Oasis,2,6,2021-05-11T08:22:29Z
2026-10-10,v2:/6fcc3a9bbc8d07b4bc2c11361aaadb8381290c8ef1b68b5a62ef230e7055b01c,[VIRTUAL]1 x Born This Way for 500 MtxCurrency,500,500,0,0.0,0,2026-10-01T00:00:00Z,2026-10-31T23:59:59.999Z,1,0,-66,JT100926NoV,Jam Tracks,180,expandableList,Size_1_x_1,,0,,1,track,sid_placeholder_126,Born This Way,,,,,,,2024-02-22T09:00:00Z
2026-10-10,v2:/ce5c42fa664ac136fb7855a2eec0a64bc6b9c0f62aa5f63037ad7765f7bbb1a4,[VIRTUAL]1 x Moon Knight's Cloak for 400 MtxCurrency,400,400,0,0.0,0,2026-10-10T00:00:00Z,2026-10-13T23:59:59.999Z,1,0,-1,,,,,Size_2_x_1,,0,,1,br,BID_989_CroissantMale,Moon Knight's Cloak,backpack,marvel,MARVEL SERIES,Moon Knight,3,2,2022-04-21T00:00:00Z
2026-10-10,v2:/6a536636d8518ea50478a75406017323bf9ed889f3fda2ddc8838a26359a3a4e,[VIRTUAL]1 x Spike for 1200 MtxCurrency,1200,1200,0,0.0,0,2026-10-06T00:00:00Z,2026-10-12T23:59:59.999Z,1,0,-3,BR101026,Loadout Goals ,181,tileGrid,Size_1_x_1,This Sidekick includes quests that unlock new items upon completion!,0,,1,br,Companion_DoveSlide,Spike,sidekick,uncommon,,Guard Dog,6,6,2025-11-07T14:02:24Z
