shop_date,offer_id,dev_name,regular_price,final_price,discount_vbucks,discount_pct,is_discounted,in_date,out_date,giftable,refundable,sort_priority,layout_id,layout_name,layout_rank,layout_display_type,tile_size,offer_tag,is_bundle,bundle_name,items_in_offer,item_kind,item_id,item_name,item_type,item_rarity,item_series,item_set,item_intro_chapter,item_intro_season,item_added
2026-09-30,v2:/0825ee2d879ee64ce2a7e363b8b87204b69601912173517a957cc36b3e8fa6a6,[VIRTUAL]1 x Poker Face for 500 MtxCurrency,500,500,0,0.0,0,2026-09-01T00:00:00Z,2026-09-30T23:59:59.999Z,1,0,-40,JT092526,Jam Tracks,177,expandableList,Size_1_x_1,,0,,1,track,sid_placeholder_78,Poker Face,,,,,,,2024-02-22T10:58:10Z
2026-09-30,v2:/204c0cba89da59faecc0d7eb801fc4a359745c83bd44360dee22b3da8be49b66,[VIRTUAL]1 x TBD (SID_Placeholder_906) for 500 MtxCurrency,500,500,0,0.0,0,2026-09-25T00:00:00Z,2026-10-04T23:59:59.999Z,1,0,-3,MadisonBeer,Madison Beer,194,tileGrid,Size_1_x_1,,0,,1,track,sid_placeholder_906,yes baby,,,,,,,2026-09-23T18:01:04Z
2026-09-30,v2:/8c334e1e1bd78d1a349dedab8474e33be6f11d1197e6d8119587caadec5f6485,[VIRTUAL]1 x Sheriff's Duffle for 400 MtxCurrency,400,400,0,0.0,0,2026-09-27T00:00:00Z,2026-09-30T23:59:59.999Z,1,0,-1,,,,,Size_1_x_1,,0,,1,br,BID_863_Tomcat_5V2TZ,Sheriff's Duffle,backpack,epic,,Survivors in Arms,2,8,2021-10-10T00:00:00Z
2026-09-30,v2:/58426149c4844ab9b05a0c902928939fb11e78e8b822c0424571073ce9a19c85,[VIRTUAL]1 x Champion Focus for 1000 MtxCurrency,1000,1000,0,0.0,0,2026-09-23T00:00:00Z,2026-09-30T23:59:59.999Z,1,0,-3,CyberFNCS,FNCS,184,tileGrid,Size_1_x_1,,0,,1,br,Character_CyberFNCS,Champion Focus,outfit,epic,,FNCS,7,4,2026-09-17T16:17:14Z
2026-09-30,v2:/10173d9f4667bea37ba53a91ac615cffdea1440a96f406fa38e2bf7dc5f324b6,[VIRTUAL]1 x Industry Baby for 500 MtxCurrency,500,500,0,0.0,0,2026-09-01T00:00:00Z,2026-09-30T23:59:59.999Z,1,0,-24,JT092526,Jam Tracks,177,expandableList,Size_1_x_1,,0,,1,track,sid_placeholder_09,Industry Baby,,,,,,,2024-11-07T17:50:41Z
2026-09-30,v2:/7cef34c6eb89af4cbcd71a2fa0cf3c330c11e4627b565c9e6cdf84c92b8963f7,"[VIRTUAL]1 x Leon S. Kennedy, 1 x Attaché Case, 1 x Claire Redfield, 1 x R.P.D. Keys, 1 x Leon's Combat Knife, 1 x Umbrella Parasol for -1 MtxCurrency",4000,2100,1900,0.475,1,2026-09-26T00:00:00Z,2026-10-03T23:59:59.999Z,1,0,-1,ResidentEvil,Resident Evil,195,tileGrid,Size_2_x_1,,1,Raccoon City Survivors Bundle,6,br,Character_FallValleyBlink,Leon S. Kennedy,outfit,gaminglegends,Gaming Legends Series,Raccoon City Survivors,4,2,2023-03-17T00:00:00Z
2026-09-30,v2:/7cef34c6eb89af4cbcd71a2fa0cf3c330c11e4627b565c9e6cdf84c92b8963f7,"[VIRTUAL]1 x Leon S. Kennedy, 1 x Attaché Case, 1 x Claire Redfield, 1 x R.P.D. Keys, 1 x Leon's Combat Knife, 1 x Umbrella Parasol for -1 MtxCurrency",4000,2100,1900,0.475,1,2026-09-26T00:00:00Z,2026-10-03T23:59:59.999Z,1,0,-1,ResidentEvil,Resident Evil,195,tileGrid,Size_2_x_1,,1,Raccoon City Survivors Bundle,6,br,Backpack_FallValleyBlink,Attaché Case,backpack,gaminglegends,Gaming Legends Series,Raccoon City Survivors,4,2,2023-03-17T00:00:00Z
2026-09-30,v2:/7cef34c6eb89af4cbcd71a2fa0cf3c330c11e4627b565c9e6cdf84c92b8963f7,"[VIRTUAL]1 x Leon S. Kennedy, 1 x Attaché Case, 1 x Claire Redfield, 1 x R.P.D. Keys, 1 x Leon's Combat Knife, 1 x Umbrella Parasol for -1 MtxCurrency",4000,2100,1900,0.475,1,2026-09-26T00:00:00Z,2026-10-03T23:59:59.999Z,1,0,-1,ResidentEvil,Resident Evil,195,tileGrid,Size_2_x_1,,1,Raccoon City Survivors Bundle,6,br,Character_FallValleyCharge,Claire Redfield,outfit,gaminglegends,Gaming Legends Series,Raccoon City Survivors,4,2,2023-03-17T00:00:00Z
2026-09-30,v2:/7cef34c6eb89af4cbcd71a2fa0cf3c330c11e4627b565c9e6cdf84c92b8963f7,"[VIRTUAL]1 x Leon S. Kennedy, 1 x Attaché Case, 1 x Claire Redfield, 1 x R.P.D. Keys, 1 x Leon's Combat Knife, 1 x Umbrella Parasol for -1 MtxCurrency",4000,2100,1900,0.475,1,2026-09-26T00:00:00Z,2026-10-03T23:59:59.999Z,1,0,-1,ResidentEvil,Resident Evil,195,tileGrid,Size_2_x_1,,1,Raccoon City Survivors Bundle,6,br,Backpack_FallValleyCharge,R.P.D. Keys,backpack,gaminglegends,Gaming Legends Series,Raccoon City Survivors,4,2,2023-03-17T00:00:00Z
2026-09-30,v2:/7cef34c6eb89af4cbcd71a2fa0cf3c330c11e4627b565c9e6cdf84c92b8963f7,"[VIRTUAL]1 x Leon S. Kennedy, 1 x Attaché Case, 1 x Claire Redfield, 1 x R.P.D. Keys, 1 x Leon's Combat Knife, 1 x Umbrella Parasol for -1 MtxCurrency",4000,2100,1900,0.475,1,2026-09-26T00:00:00Z,2026-10-03T23:59:59.999Z,1,0,-1,ResidentEvil,Resident Evil,195,tileGrid,Size_2_x_1,,1,Raccoon City Survivors Bundle,6,br,Pickaxe_FallValleyBlink,Leon's Combat Knife,pickaxe,gaminglegends,Gaming Legends Series,Raccoon City Survivors,4,2,2023-03-17T00:00:00Z
2026-09-30,v2:/7cef34c6eb89af4cbcd71a2fa0cf3c330c11e4627b565c9e6cdf84c92b8963f7,"[VIRTUAL]1 x Leon S. Kennedy, 1 x Attaché Case, 1 x Claire Redfield, 1 x R.P.D. Keys, 1 x Leon's Combat Knife, 1 x Umbrella Parasol for -1 MtxCurrency",4000,2100,1900,0.475,1,2026-09-26T00:00:00Z,2026-10-03T23:59:59.999Z,1,0,-1,ResidentEvil,Resident Evil,195,tileGrid,Size_2_x_1,,1,Raccoon City Survivors Bundle,6,br,Pickaxe_FallValleyCharge,Umbrella Parasol,pickaxe,gaminglegends,Gaming Legends Series,Raccoon City Survivors,4,2,2023-03-17T00:00:00Z
2026-09-30,v2:/f10768d83d921433905b6bf63a84a73a8ef865b73c079102592e4d49bc65372a,"[VIRTUAL]1 x Depth Dealer, 1 x Wavepiercer for -1 MtxCurrency",1200,1200,0,0.0,0,2026-09-28T00:00:00Z,2026-10-01T23:59:59.999Z,1,0,-4,BR093026,Fit Check,185,tileGrid,Size_1_x_1,,0,,2,br,CID_622_Athena_Commando_M_BulletBlue,Depth Dealer,outfit,rare,,Open Water,2,1,2019-11-20T12:51:18Z
2026-09-30,v2:/f10768d83d921433905b6bf63a84a73a8ef865b73c079102592e4d49bc65372a,"[VIRTUAL]1 x Depth Dealer, 1 x Wavepiercer for -1 MtxCurrency",1200,1200,0,0.0,0,2026-09-28T00:00:00Z,2026-10-01T23:59:59.999Z,1,0,-4,BR093026,Fit Check,185,tileGrid,Size_1_x_1,,0,,2,br,BID_418_BulletBlueMale,Wavepiercer,backpack,rare,,Open Water,2,1,2019-11-20T12:51:15Z
2026-09-30,v2:/c5f15bf11f2fd6f2f1083deadbe11199cbd08ed619a4f281b542bba1fd28b3c2,[VIRTUAL]1 x Seven Nation Army for 500 MtxCurrency,500,500,0,0.0,0,2026-09-01T00:00:00Z,2026-09-30T23:59:59.999Z,1,0,-2,JT092526,Jam Tracks,177,expandableList,Size_1_x_1,,0,,1,track,sid_placeholder_36,Seven Nation Army,,,,,,,2023-12-09T15:00:00Z
2026-09-30,v2:/489c8201d2b2352fc1d2079c1da9ce12d49f6f8e752dfd5cfa5eca00b6ecf22c,"[VIRTUAL]1 x Golden Rumi, 1 x Kimbap To Go for -1 MtxCurrency",1500,1500,0,0.0,0,2026-09-27T00:00:00Z,2026-10-01T23:59:59.999Z,1,0,-2,Kpop2Newest,KPop Demon Hunters,183,tileGrid,Size_1_x_1,,1,Golden Rumi,2,br,Character_TurnVortex,Golden Rumi,outfit,icon,Icon Series,KPop Demon Hunters,7,1,2026-02-05T15:01:36Z
2026-09-30,v2:/489c8201d2b2352fc1d2079c1da9ce12d49f6f8e752dfd5cfa5eca00b6ecf22c,"[VIRTUAL]1 x Golden Rumi, 1 x Kimbap To Go for -1 MtxCurrency",1500,1500,0,0.0,0,2026-09-27T00:00:00Z,2026-10-01T23:59:59.999Z,1,0,-2,Kpop2Newest,KPop Demon Hunters,183,tileGrid,Size_1_x_1,,1,Golden Rumi,2,br,Backpack_TurnVortex,Kimbap To Go,backpack,icon,Icon Series,KPop Demon Hunters,7,1,2026-02-05T15:01:36Z
2026-09-30,v2:/bf9adaa9805f5c100ef9cca564983e018949c7f6708e81a23b87a3c2f54bbc12,[VIRTUAL]1 x Buddy Holly for 500 MtxCurrency,500,500,0,0.0,0,2026-09-01T00:00:00Z,2026-09-30T23:59:59.999Z,1,0,-16,JT092526,Jam Tracks,177,expandableList,Size_1_x_1,,0,,1,track,sid_placeholder_25,Buddy Holly,,,,,,,2023-12-14T00:00:00Z
2026-09-30,v2:/610a3addc2c5600ef1aee02dc570734195c057ce115d9f7af2347c190ad75471,"[VIRTUAL]1 x Peregrine TT, 1 x Peregrine TT, 1 x Peregrine TT, 1 x Peregrine TT, 1 x Peregrine TT, 1 x Peregrine TT, 1 x Peregrine TT, 1 x Peregrine TT, 1 x Peregrine TT, 1 x Peregrine TT, 1 x Peregrine TT, 1 x Peregrine TT, 1 x Peregrine TT, 1 x Flames, 1 x Lightning, 1 x Stripes, 1 x Wings for -1 MtxCurrency",1500,1500,0,0.0,0,2026-09-30T00:00:00Z,2026-10-06T23:59:59.999Z,1,0,-1,Peregrine,Peregrine TT,176,tileGrid,Size_3_x_1,Decals in this bundle are restricted to the Peregrine TT car body.,1,Peregrine TT,4,car,CarSkin_SharkFlames,Flames,skin,uncommon,,,,,2024-07-23T08:00:00Z
2026-09-30,v2:/610a3addc2c5600ef1aee02dc570734195c057ce115d9f7af2347c190ad75471,"[VIRTUAL]1 x Peregrine TT, 1 x Peregrine TT, 1 x Peregrine TT, 1 x Peregrine TT, 1 x Peregrine TT, 1 x Peregrine TT, 1 x Peregrine TT, 1 x Peregrine TT, 1 x Peregrine TT, 1 x Peregrine TT, 1 x Peregrine TT, 1 x Peregrine TT, 1 x Peregrine TT, 1 x Flames, 1 x Lightning, 1 x Stripes, 1 x Wings for -1 MtxCurrency",1500,1500,0,0.0,0,2026-09-30T00:00:00Z,2026-10-06T23:59:59.999Z,1,0,-1,Peregrine,Peregrine TT,176,tileGrid,Size_3_x_1,Decals in this bundle are restricted to the Peregrine TT car body.,1,Peregrine TT,4,car,CarSkin_SharkLightning,Lightning,skin,uncommon,,,,,2024-07-23T08:00:00Z
2026-09-30,v2:/610a3addc2c5600ef1aee02dc570734195c057ce115d9f7af2347c190ad75471,"[VIRTUAL]1 x Peregrine TT, 1 x Peregrine TT, 1 x Peregrine TT, 1 x Peregrine TT, 1 x Peregrine TT, 1 x Peregrine TT, 1 x Peregrine TT, 1 x Peregrine TT, 1 x Peregrine TT, 1 x Peregrine TT, 1 x Peregrine TT, 1 x Peregrine TT, 1 x Peregrine TT, 1 x Flames, 1 x Lightning, 1 x Stripes, 1 x Wings for -1 MtxCurrency",1500,1500,0,0.0,0,2026-09-30T00:00:00Z,2026-10-06T23:59:59.999Z,1,0,-1,Peregrine,Peregrine TT,176,tileGrid,Size_3_x_1,Decals in this bundle are restricted to the Peregrine TT car body.,1,Peregrine TT,4,car,CarSkin_SharkStripes,Stripes,skin,uncommon,,,,,2024-07-23T08:00:00Z
2026-09-30,v2:/610a3addc2c5600ef1aee02dc570734195c057ce115d9f7af2347c190ad75471,"[VIRTUAL]1 x Peregrine TT, 1 x Peregrine TT, 1 x Peregrine TT, 1 x Peregrine TT, 1 x Peregrine TT, 1 x Peregrine TT, 1 x Peregrine TT, 1 x Peregrine TT, 1 x Peregrine TT, 1 x Peregrine TT, 1 x Peregrine TT, 1 x Peregrine TT, 1 x Peregrine TT, 1 x Flames, 1 x Lightning, 1 x Stripes, 1 x Wings for -1 MtxCurrency",1500,1500,0,0.0,0,2026-09-30T00:00:00Z,2026-10-06T23:59:59.999Z,1,0,-1,Peregrine,Peregrine TT,176,tileGrid,Size_3_x_1,Decals in this bundle are restricted to the Peregrine TT car body.,1,Peregrine TT,4,car,CarSkin_SharkWings,Wings,skin,uncommon,,,,,2024-07-23T08:00:00Z
2026-09-30,v2:/d0016f5d58f1302595dc1d7038f4fa5e9bb088ffb01e9cbeab523149d99451d3,[VIRTUAL]1 x TBD (SID_Placeholder_696) for 500 MtxCurrency,500,500,0,0.0,0,2026-09-26T00:00:00Z,2026-09-30T23:59:59.999Z,1,0,-4,MTVVMA,Main Stage Moment,179,tileGrid,Size_1_x_1,,0,,1,track,sid_placeholder_696,Rockstar,,,,,,,2025-11-29T19:00:00Z
2026-09-30,v2:/54d4115c24eeba8590d6075b0fb190bbf3f1be997213371bf5cd82a52e04ba1d,[VIRTUAL]1 x TBD (SID_Placeholder_854) for 500 MtxCurrency,500,500,0,0.0,0,2026-09-19T00:00:00Z,2026-10-02T23:59:59.999Z,1,0,-3,IronMouse2,Ironmouse,189,tileGrid,Size_1_x_1,,0,,1,track,sid_placeholder_854,Hell Again,,,,,,,2026-09-16T14:47:03Z
2026-09-30,v2:/e2832c03c482476595d95ff316d8c0c7d235ef9173dad9d7807aedc6d3d0fc0e,[VIRTUAL]1 x Zenia for 800 MtxCurrency,800,800,0,0.0,0,2026-09-29T00:00:00Z,2026-10-05T23:59:59.999Z,1,0,-2,BR093026,Fit Check,185,tileGrid,Size_1_x_1,,0,,1,br,Character_PlaidCarbon,Zenia,outfit,epic,,Rebel Rider,6,2,2025-04-08T08:41:18Z
2026-09-30,v2:/62e59d586b061c21d7bbb7f75fd4b3da0fc150f1736a5dc4a83c87a3f280015a,[VIRTUAL]1 x Madison's OG Pickaxe for 500 MtxCurrency,500,500,0,0.0,0,2026-09-25T00:00:00Z,2026-10-04T23:59:59.999Z,1,0,-4,MadisonBeer,Madison Beer,194,tileGrid,Size_1_x_1,,0,,1,br,Pickaxe_MistTycoonHike,Madison's OG Pickaxe,pickaxe,icon,Icon Series,Madison Beer,7,4,2026-09-24T13:00:55Z
2026-09-30,v2:/fc8d202ac787bb235912e7013acec66a3724088a5de6f96adcd9e84774dc886d,[VIRTUAL]1 x Empty Out Your Pockets for 500 MtxCurrency,500,500,0,0.0,0,2026-09-25T00:00:00Z,2026-10-01T23:59:59.999Z,1,0,-1,JT092526,Jam Tracks,177,tileGrid,Size_1_x_1,,0,,1,track,sid_placeholder_435,Empty Out Your Pockets,,,,,,,2024-12-01T00:00:00Z
2026-09-30,v2:/89174372fdf629e4a6c1309d5fea70a5fdd2b64aba135d8574ae9d30a04cee13,[VIRTUAL]1 x TBD (SID_Placeholder_538) for 500 MtxCurrency,500,500,0,0.0,0,2026-09-01T00:00:00Z,2026-09-30T23:59:59.999Z,1,0,-65,JT092526,Jam Tracks,177,expandableList,Size_1_x_1,,0,,1,track,sid_placeholder_538,Juno,,,,,,,2025-04-08T08:40:23Z
2026-09-30,v2:/51799bd08c583c683cc5e0315c8e084ed2ddfd6f06438159892096560ab9b177,[VIRTUAL]1 x 24K Magic for 500 MtxCurrency,500,500,0,0.0,0,2026-09-01T00:00:00Z,2026-09-30T23:59:59.999Z,1,0,-78,JT092526,Jam Tracks,177,expandableList,Size_1_x_1,,0,,1,track,sid_placeholder_70,24K Magic,,,,,,,2024-06-28T00:00:00Z
2026-09-30,v2:/3b5693bce340d20466f81a93c2482b11a66f65b792507d669b94e710870ea2cf,"[VIRTUAL]1 x Bruno Mars, 1 x Sound Scepter, 1 x Sound Scepter, 1 x Sound Scepter for -1 MtxCurrency",1800,1800,0,0.0,0,2026-09-26T00:00:00Z,2026-09-30T23:59:59.999Z,1,0,-2,MTVVMA,Main Stage Moment,179,tileGrid,Size_1_x_1,Equip the SOUND SCEPTER as a Pickaxe or Back Bling. BRUNO MARS's BLASTOFF style reacts to eliminations!,0,,4,br,CID_A_334_Athena_Commando_M_Sleek_U06KF,Bruno Mars,outfit,icon,Icon Series,Silk Sonic,3,1,2022-02-03T20:18:59Z
2026-09-30,v2:/3b5693bce340d20466f81a93c2482b11a66f65b792507d669b94e710870ea2cf,"[VIRTUAL]1 x Bruno Mars, 1 x Sound Scepter, 1 x Sound Scepter, 1 x Sound Scepter for -1 MtxCurrency",1800,1800,0,0.0,0,2026-09-26T00:00:00Z,2026-09-30T23:59:59.999Z,1,0,-2,MTVVMA,Main Stage Moment,179,tileGrid,Size_1_x_1,Equip the SOUND SCEPTER as a Pickaxe or Back Bling. BRUNO MARS's BLASTOFF style reacts to eliminations!,0,,4,br,BID_944_Sleek_7PFGZ,Sound Scepter,backpack,icon,Icon Series,Silk Sonic,3,1,2022-02-03T20:18:59Z
2026-09-30,v2:/3b5693bce340d20466f81a93c2482b11a66f65b792507d669b94e710870ea2cf,"[VIRTUAL]1 x Bruno Mars, 1 x Sound Scepter, 1 x Sound Scepter, 1 x Sound Scepter for -1 MtxCurrency",1800,1800,0,0.0,0,2026-09-26T00:00:00Z,2026-09-30T23:59:59.999Z,1,0,-2,MTVVMA,Main Stage Moment,179,tileGrid,Size_1_x_1,Equip the SOUND SCEPTER as a Pickaxe or Back Bling. BRUNO MARS's BLASTOFF style reacts to eliminations!,0,,4,br,Pickaxe_ID_745_SleekMale_ECRL0,Sound Scepter,pickaxe,icon,Icon Series,Silk Sonic,3,1,2022-02-03T20:18:59Z
2026-09-30,v2:/3b5693bce340d20466f81a93c2482b11a66f65b792507d669b94e710870ea2cf,"[VIRTUAL]1 x Bruno Mars, 1 x Sound Scepter, 1 x Sound Scepter, 1 x Sound Scepter for -1 MtxCurrency",1800,1800,0,0.0,0,2026-09-26T00:00:00Z,2026-09-30T23:59:59.999Z,1,0,-2,MTVVMA,Main Stage Moment,179,tileGrid,Size_1_x_1,Equip the SOUND SCEPTER as a Pickaxe or Back Bling. BRUNO MARS's BLASTOFF style reacts to eliminations!,0,,4,instrument,Sparks_Mic_Sleek,Sound Scepter,mic,icon,Icon Series,,,,2025-01-14T09:32:50Z
2026-09-30,v2:/70abdb539aff8a442fb1520d60a8144fe8fb37f85c9b321d83b97694c071c174,[VIRTUAL]1 x DÁKITI for 500 MtxCurrency,500,500,0,0.0,0,2026-09-01T00:00:00Z,2026-09-30T23:59:59.999Z,1,0,-67,JT092526,Jam Tracks,177,expandableList,Size_1_x_1,,0,,1,track,sid_placeholder_140,DÁKITI,,,,,,,2024-06-28T00:00:00Z
2026-09-30,v2:/3931a03d2635b42e7ff4e0887a2c23cb3e11dc8599327177342cbc4edf673de1,[VIRTUAL]1 x TBD (SID_Placeholder_482) for 500 MtxCurrency,500,500,0,0.0,0,2026-09-10T00:00:00Z,2026-09-30T23:59:59.999Z,1,0,-69,JT092526,Jam Tracks,177,expandableList,Size_1_x_1,,0,,1,track,sid_placeholder_482,Daisy 2.0,,,,,,,2025-01-14T09:00:00Z
2026-09-30,v2:/80bbcf7a4497294f0c0fc0ff64cbee1ee31a7fe29f687a73d90135beefceb3f1,[VIRTUAL]1 x Heathens for 500 MtxCurrency,500,500,0,0.0,0,2026-09-01T00:00:00Z,2026-09-30T23:59:59.999Z,1,0,-70,JT092526,Jam Tracks,177,expandableList,Size_1_x_1,,0,,1,track,sid_placeholder_200,Heathens,,,,,,,2024-05-14T14:56:14Z
2026-09-30,v2:/1a7a91f69bcca6df02ce04d8bce14a21951433813d1cfc896232b79a5c698cfa,[VIRTUAL]1 x R.P.D. Keys for 300 MtxCurrency,300,300,0,0.0,0,2026-09-26T00:00:00Z,2026-10-03T23:59:59.999Z,1,0,-1,,,,,Size_2_x_1,,0,,1,br,Backpack_FallValleyCharge,R.P.D. Keys,backpack,gaminglegends,Gaming Legends Series,Raccoon City Survivors,4,2,2023-03-17T00:00:00Z
2026-09-30,v2:/c9721f1023b83d772020f9a4cf117bcab214cc495038078b71269a324139691d,[VIRTUAL]1 x Bed Chem for 500 MtxCurrency,500,500,0,0.0,0,2026-09-26T00:00:00Z,2026-09-30T23:59:59.999Z,1,0,-3,MTVVMA,Main Stage Moment,179,tileGrid,Size_1_x_1,,0,,1,br,EID_NeonDream,Bed Chem,emote,icon,Icon Series,,6,3,2025-05-29T10:14:16Z
2026-09-30,v2:/38f7dbdfd9d9ecde39d9222d7cde00d76f46215e7147e74664356d37e2eb7d51,[VIRTUAL]1 x TBD (SID_Placeholder_689) for 500 MtxCurrency,500,500,0,0.0,0,2026-09-25T00:00:00Z,2026-10-01T23:59:59.999Z,1,0,-2,JT092526,Jam Tracks,177,tileGrid,Size_1_x_1,,0,,1,track,sid_placeholder_689,Shelter,,,,,,,2025-10-21T23:05:44Z
2026-09-30,v2:/d128ee91ebac6c30168e0a762e74a86fe6ee3a8f3391a7c947b248c32ee6121e,"[VIRTUAL]1 x Claire Redfield, 1 x R.P.D. Keys for -1 MtxCurrency",1500,1500,0,0.0,0,2026-09-26T00:00:00Z,2026-10-03T23:59:59.999Z,1,0,-3,ResidentEvil,Resident Evil,195,tileGrid,Size_1_x_1,,0,,2,br,Character_FallValleyCharge,Claire Redfield,outfit,gaminglegends,Gaming Legends Series,Raccoon City Survivors,4,2,2023-03-17T00:00:00Z
2026-09-30,v2:/d128ee91ebac6c30168e0a762e74a86fe6ee3a8f3391a7c947b248c32ee6121e,"[VIRTUAL]1 x Claire Redfield, 1 x R.P.D. Keys for -1 MtxCurrency",1500,1500,0,0.0,0,2026-09-26T00:00:00Z,2026-10-03T23:59:59.999Z,1,0,-3,ResidentEvil,Resident Evil,195,tileGrid,Size_1_x_1,,0,,2,br,Backpack_FallValleyCharge,R.P.D. Keys,backpack,gaminglegends,Gaming Legends Series,Raccoon City Survivors,4,2,2023-03-17T00:00:00Z
2026-09-30,v2:/113470101a3fdb460292d2a0e3572e5b64df33bfceb0fe1b00556fb7dd8a3aeb,[VIRTUAL]1 x Cantina Band for 500 MtxCurrency,500,500,0,0.0,0,2026-09-25T00:00:00Z,2026-10-01T23:59:59.999Z,1,0,-4,JT092526,Jam Tracks,177,tileGrid,Size_1_x_1,,0,,1,track,sid_placeholder_198,Cantina Band,,,,,,,2024-05-01T16:44:28Z
2026-09-30,v2:/ed7ceee66ac053d63febf795e11c31bc57f1a252526edce56456f820c6689c2b,[VIRTUAL]1 x Green Herb for 400 MtxCurrency,400,400,0,0.0,0,2026-09-26T00:00:00Z,2026-10-03T23:59:59.999Z,1,0,-2,,,,,Size_2_x_1,,0,,1,br,BID_873_RelishMale_0Q8D9,Green Herb,backpack,gaminglegends,Gaming Legends Series,S.T.A.R.S. Team,2,8,2021-10-24T00:00:00Z
2026-09-30,v2:/8e615ab371edf4a191a1508b49caf512bb2555b834c6ac079173d6192ec6bbec,[VIRTUAL]1 x Isaac for 600 MtxCurrency,600,600,0,0.0,0,2026-09-29T00:00:00Z,2026-10-02T23:59:59.999Z,1,0,-2,TheBindingofIsaac,The Binding of Isaac,188,tileGrid,Size_1_x_1,Isaac cries when you receive damage and gets excited when you open chests!,0,,1,br,Backpack_BasketSuburb,Isaac,backpack,gaminglegends,Gaming Legends Series,Isaac Unbound,6,5,2025-09-12T00:00:00Z
2026-09-30,v2:/187fa8921b3de37d998adbcfaa5cde7fb85c81053390d3ed5c84478acb4a625d,"[VIRTUAL]1 x Nitebeam, 1 x Lumi Core Red for -1 MtxCurrency",1500,1500,0,0.0,0,2026-09-29T00:00:00Z,2026-10-05T23:59:59.999Z,1,0,-4,BR093026,Fit Check,185,tileGrid,Size_1_x_1,,0,,2,br,CID_453_Athena_Commando_F_GlowBro,Nitebeam,outfit,epic,,Stormlight,1,9,2019-11-20T12:49:57Z
2026-09-30,v2:/187fa8921b3de37d998adbcfaa5cde7fb85c81053390d3ed5c84478acb4a625d,"[VIRTUAL]1 x Nitebeam, 1 x Lumi Core Red for -1 MtxCurrency",1500,1500,0,0.0,0,2026-09-29T00:00:00Z,2026-10-05T23:59:59.999Z,1,0,-4,BR093026,Fit Check,185,tileGrid,Size_1_x_1,,0,,2,br,BID_293_GlowBroFemale,Lumi Core Red,backpack,epic,,Stormlight,1,9,2019-11-20T12:50:33Z
2026-09-30,v2:/76ac446e130eb40e3dba9a3d49884a520af4331c8e8f61f74ff1351f0172326d,[VIRTUAL]1 x Give Me Everything for 500 MtxCurrency,500,500,0,0.0,0,2026-09-01T00:00:00Z,2026-09-30T23:59:59.999Z,1,0,-7,JT092526,Jam Tracks,177,expandableList,Size_1_x_1,,0,,1,track,sid_placeholder_249,Give Me Everything,,,,,,,2024-06-06T13:32:50Z
2026-09-30,v2:/c959aeb180ad1f34426c14ca0d43c7d34baf952c127617e0cf29757086d99c50,[VIRTUAL]1 x Party Favor for 300 MtxCurrency,300,300,0,0.0,0,2026-09-30T00:00:00Z,2026-09-30T23:59:59.999Z,1,0,-3,BR093026,Fit Check,185,tileGrid,Size_1_x_1,<highlight>SYNCED EMOTE</>: Set off the <highlight>PARTY FAVOR</> with a friend!,0,,1,br,EID_HolidayCracker,Party Favor,emote,uncommon,,,2,5,2019-11-20T12:48:11Z
2026-09-30,v2:/b179724686942cdfdb4cb13ed92b44da61c1ecbed1957d12be6b704840b3016b,"[VIRTUAL]1 x Phantom Thieves Guitar, 1 x Phantom Thieves Guitar, 1 x Phantom Thieves Guitar for 800 MtxCurrency",800,800,0,0.0,0,2026-09-26T00:00:00Z,2026-10-05T23:59:59.999Z,1,0,-2,Persona5,Persona 5 Royal,193,tileGrid,Size_1_x_1,,0,,3,br,Backpack_CosmicTrellis_Guitar,Phantom Thieves Guitar,backpack,gaminglegends,Gaming Legends Series,Persona 5 Royal,7,4,2026-09-24T16:00:38Z
2026-09-30,v2:/b179724686942cdfdb4cb13ed92b44da61c1ecbed1957d12be6b704840b3016b,"[VIRTUAL]1 x Phantom Thieves Guitar, 1 x Phantom Thieves Guitar, 1 x Phantom Thieves Guitar for 800 MtxCurrency",800,800,0,0.0,0,2026-09-26T00:00:00Z,2026-10-05T23:59:59.999Z,1,0,-2,Persona5,Persona 5 Royal,193,tileGrid,Size_1_x_1,,0,,3,br,Pickaxe_CosmicTrellis_Guitar,Phantom Thieves Guitar,pickaxe,gaminglegends,Gaming Legends Series,Persona 5 Royal,7,4,2026-09-24T16:00:38Z
2026-09-30,v2:/b179724686942cdfdb4cb13ed92b44da61c1ecbed1957d12be6b704840b3016b,"[VIRTUAL]1 x Phantom Thieves Guitar, 1 x Phantom Thieves Guitar, 1 x Phantom Thieves Guitar for 800 MtxCurrency",800,800,0,0.0,0,2026-09-26T00:00:00Z,2026-10-05T23:59:59.999Z,1,0,-2,Persona5,Persona 5 Royal,193,tileGrid,Size_1_x_1,,0,,3,instrument,Sparks_CosmicTrellis_Guitar,Phantom Thieves Guitar,guitar,gaminglegends,Gaming Legends Series,,,,2026-09-24T16:00:38Z
2026-09-30,v2:/820a5ac7e8ab43e3ef4b08a0147ba3c041eef2da94779a2619c2c3df33eb24dd,[VIRTUAL]1 x All Eyez On Me for 500 MtxCurrency,500,500,0,0.0,0,2026-09-01T00:00:00Z,2026-09-30T23:59:59.999Z,1,0,-33,JT092526,Jam Tracks,177,expandableList,Size_1_x_1,,0,,1,track,sid_placeholder_419,All Eyez On Me,,,,,,,2024-11-23T00:00:00Z
2026-09-30,v2:/83c31f3415537cb148f4557116f54f099bcf1f0ac948c11a91249cf479f48784,[VIRTUAL]1 x The Squabble for 300 MtxCurrency,300,300,0,0.0,0,2026-09-28T00:00:00Z,2026-10-01T23:59:59.999Z,1,0,-1,VV093026,Groove Moves,197,tileGrid,Size_1_x_1,,0,,1,br,EID_Trajectory,The Squabble,emote,icon,Icon Series,,5,1,2024-02-29T00:00:00Z
2026-09-30,v2:/5e3fa5d0e84a05c479df7aa661aa5599c465796c99dbf9b9f485b0cf2736525c,[VIRTUAL]1 x TBD (SID_Placeholder_650) for 500 MtxCurrency,500,500,0,0.0,0,2026-09-01T00:00:00Z,2026-09-30T23:59:59.999Z,1,0,-68,JT092526,Jam Tracks,177,expandableList,Size_1_x_1,,0,,1,track,sid_placeholder_650,Rocket Man,,,,,,,2025-10-09T08:44:55Z
2026-09-30,v2:/41f9df88af94457fcbd3eed1fbf9bcf7e8da2a1dc5810aea60a4ea732fb9f5f4,[VIRTUAL]1 x Mom's Knife for 500 MtxCurrency,500,500,0,0.0,0,2026-09-29T00:00:00Z,2026-10-02T23:59:59.999Z,1,0,-4,TheBindingofIsaac,The Binding of Isaac,188,tileGrid,Size_1_x_1,,0,,1,br,Pickaxe_BasketSuburb,Mom's Knife,pickaxe,gaminglegends,Gaming Legends Series,Isaac Unbound,6,5,2025-09-12T00:00:00Z
2026-09-30,v2:/6cd128b3f4023fba893216ea4e3b771fdccd51344ac962ab461f084c0681b9b1,"[VIRTUAL]1 x Caper, 1 x Hamster Overdrive, 1 x Rare Wear, 1 x Rare Drip, 1 x Speed Splat, 1 x Break Point Ultra, 1 x Beat Breaker, 1 x Peel'd Face, 1 x Grim Grin, 1 x Hare-Raising, 1 x Dire Goat, 1 x Neon Payback, 1 x Taxi Attack, 1 x Hearts Aflutter, 1 x Future Goat, 1 x Durrr Face, 1 x Meow Face, 1 x Drift Face for 1200 MtxCurrency",1200,1200,0,0.0,0,2026-09-30T00:00:00Z,2026-10-02T23:59:59.999Z,1,0,-2,BR093026,Fit Check,185,tileGrid,Size_1_x_1,,0,,18,br,Character_Jumpsuit_Scrap_Mutable,Caper,outfit,epic,,Escape Artists,4,4,2023-08-27T00:00:00Z
2026-09-30,v2:/6cd128b3f4023fba893216ea4e3b771fdccd51344ac962ab461f084c0681b9b1,"[VIRTUAL]1 x Caper, 1 x Hamster Overdrive, 1 x Rare Wear, 1 x Rare Drip, 1 x Speed Splat, 1 x Break Point Ultra, 1 x Beat Breaker, 1 x Peel'd Face, 1 x Grim Grin, 1 x Hare-Raising, 1 x Dire Goat, 1 x Neon Payback, 1 x Taxi Attack, 1 x Hearts Aflutter, 1 x Future Goat, 1 x Durrr Face, 1 x Meow Face, 1 x Drift Face for 1200 MtxCurrency",1200,1200,0,0.0,0,2026-09-30T00:00:00Z,2026-10-02T23:59:59.999Z,1,0,-2,BR093026,Fit Check,185,tileGrid,Size_1_x_1,,0,,18,br,Spray_Jumpsuit_13,Hamster Overdrive,spray,uncommon,,Escape Artists,4,4,2023-02-14T10:24:42Z
2026-09-30,v2:/6cd128b3f4023fba893216ea4e3b771fdccd51344ac962ab461f084c0681b9b1,"[VIRTUAL]1 x Caper, 1 x Hamster Overdrive, 1 x Rare Wear, 1 x Rare Drip, 1 x Speed Splat, 1 x Break Point Ultra, 1 x Beat Breaker, 1 x Peel'd Face, 1 x Grim Grin, 1 x Hare-Raising, 1 x Dire Goat, 1 x Neon Payback, 1 x Taxi Attack, 1 x Hearts Aflutter, 1 x Future Goat, 1 x Durrr Face, 1 x Meow Face, 1 x Drift Face for 1200 MtxCurrency",1200,1200,0,0.0,0,2026-09-30T00:00:00Z,2026-10-02T23:59:59.999Z,1,0,-2,BR093026,Fit Check,185,tileGrid,Size_1_x_1,,0,,18,br,Spray_Jumpsuit_17,Rare Wear,spray,uncommon,,Escape Artists,4,4,2023-02-14T10:24:42Z
2026-09-30,v2:/6cd128b3f4023fba893216ea4e3b771fdccd51344ac962ab461f084c0681b9b1,"[VIRTUAL]1 x Caper, 1 x Hamster Overdrive, 1 x Rare Wear, 1 x Rare Drip, 1 x Speed Splat, 1 x Break Point Ultra, 1 x Beat Breaker, 1 x Peel'd Face, 1 x Grim Grin, 1 x Hare-Raising, 1 x Dire Goat, 1 x Neon Payback, 1 x Taxi Attack, 1 x Hearts Aflutter, 1 x Future Goat, 1 x Durrr Face, 1 x Meow Face, 1 x Drift Face for 1200 MtxCurrency",1200,1200,0,0.0,0,2026-09-30T00:00:00Z,2026-10-02T23:59:59.999Z,1,0,-2,BR093026,Fit Check,185,tileGrid,Size_1_x_1,,0,,18,br,Spray_Jumpsuit_18,Rare Drip,spray,uncommon,,Escape Artists,4,4,2023-02-14T10:24:42Z
2026-09-30,v2:/6cd128b3f4023fba893216ea4e3b771fdccd51344ac962ab461f084c0681b9b1,"[VIRTUAL]1 x Caper, 1 x Hamster Overdrive, 1 x Rare Wear, 1 x Rare Drip, 1 x Speed Splat, 1 x Break Point Ultra, 1 x Beat Breaker, 1 x Peel'd Face, 1 x Grim Grin, 1 x Hare-Raising, 1 x Dire Goat, 1 x Neon Payback, 1 x Taxi Attack, 1 x Hearts Aflutter, 1 x Future Goat, 1 x Durrr Face, 1 x Meow Face, 1 x Drift Face for 1200 MtxCurrency",1200,1200,0,0.0,0,2026-09-30T00:00:00Z,2026-10-02T23:59:59.999Z,1,0,-2,BR093026,Fit Check,185,tileGrid,Size_1_x_1,,0,,18,br,Spray_Jumpsuit_19,Speed Splat,spray,uncommon,,Escape Artists,4,4,2023-02-14T10:24:42Z
2026-09-30,v2:/6cd128b3f4023fba893216ea4e3b771fdccd51344ac962ab461f084c0681b9b1,"[VIRTUAL]1 x Caper, 1 x Hamster Overdrive, 1 x Rare Wear, 1 x Rare Drip, 1 x Speed Splat, 1 x Break Point Ultra, 1 x Beat Breaker, 1 x Peel'd Face, 1 x Grim Grin, 1 x Hare-Raising, 1 x Dire Goat, 1 x Neon Payback, 1 x Taxi Attack, 1 x Hearts Aflutter, 1 x Future Goat, 1 x Durrr Face, 1 x Meow Face, 1 x Drift Face for 1200 MtxCurrency",1200,1200,0,0.0,0,2026-09-30T00:00:00Z,2026-10-02T23:59:59.999Z,1,0,-2,BR093026,Fit Check,185,tileGrid,Size_1_x_1,,0,,18,br,Spray_Jumpsuit_38,Break Point Ultra,spray,uncommon,,Escape Artists,4,4,2023-02-14T10:24:42Z
2026-09-30,v2:/6cd128b3f4023fba893216ea4e3b771fdccd51344ac962ab461f084c0681b9b1,"[VIRTUAL]1 x Caper, 1 x Hamster Overdrive, 1 x Rare Wear, 1 x Rare Drip, 1 x Speed Splat, 1 x Break Point Ultra, 1 x Beat Breaker, 1 x Peel'd Face, 1 x Grim Grin, 1 x Hare-Raising, 1 x Dire Goat, 1 x Neon Payback, 1 x Taxi Attack, 1 x Hearts Aflutter, 1 x Future Goat, 1 x Durrr Face, 1 x Meow Face, 1 x Drift Face for 1200 MtxCurrency",1200,1200,0,0.0,0,2026-09-30T00:00:00Z,2026-10-02T23:59:59.999Z,1,0,-2,BR093026,Fit Check,185,tileGrid,Size_1_x_1,,0,,18,br,Spray_Jumpsuit_9,Beat Breaker,spray,uncommon,,Escape Artists,4,4,2023-02-14T10:24:42Z
2026-09-30,v2:/6cd128b3f4023fba893216ea4e3b771fdccd51344ac962ab461f084c0681b9b1,"[VIRTUAL]1 x Caper, 1 x Hamster Overdrive, 1 x Rare Wear, 1 x Rare Drip, 1 x Speed Splat, 1 x Break Point Ultra, 1 x Beat Breaker, 1 x Peel'd Face, 1 x Grim Grin, 1 x Hare-Raising, 1 x Dire Goat, 1 x Neon Payback, 1 x Taxi Attack, 1 x Hearts Aflutter, 1 x Future Goat, 1 x Durrr Face, 1 x Meow Face, 1 x Drift Face for 1200 MtxCurrency",1200,1200,0,0.0,0,2026-09-30T00:00:00Z,2026-10-02T23:59:59.999Z,1,0,-2,BR093026,Fit Check,185,tileGrid,Size_1_x_1,,0,,18,br,Spray_JumpsuitMasks_8,Peel'd Face,spray,uncommon,,Escape Artists,4,4,2023-02-14T10:24:42Z
2026-09-30,v2:/6cd128b3f4023fba893216ea4e3b771fdccd51344ac962ab461f084c0681b9b1,"[VIRTUAL]1 x Caper, 1 x Hamster Overdrive, 1 x Rare Wear, 1 x Rare Drip, 1 x Speed Splat, 1 x Break Point Ultra, 1 x Beat Breaker, 1 x Peel'd Face, 1 x Grim Grin, 1 x Hare-Raising, 1 x Dire Goat, 1 x Neon Payback, 1 x Taxi Attack, 1 x Hearts Aflutter, 1 x Future Goat, 1 x Durrr Face, 1 x Meow Face, 1 x Drift Face for 1200 MtxCurrency",1200,1200,0,0.0,0,2026-09-30T00:00:00Z,2026-10-02T23:59:59.999Z,1,0,-2,BR093026,Fit Check,185,tileGrid,Size_1_x_1,,0,,18,br,Spray_Jumpsuit_22,Grim Grin,spray,uncommon,,Escape Artists,4,4,2023-02-14T10:24:42Z
2026-09-30,v2:/6cd128b3f4023fba893216ea4e3b771fdccd51344ac962ab461f084c0681b9b1,"[VIRTUAL]1 x Caper, 1 x Hamster Overdrive, 1 x Rare Wear, 1 x Rare Drip, 1 x Speed Splat, 1 x Break Point Ultra, 1 x Beat Breaker, 1 x Peel'd Face, 1 x Grim Grin, 1 x Hare-Raising, 1 x Dire Goat, 1 x Neon Payback, 1 x Taxi Attack, 1 x Hearts Aflutter, 1 x Future Goat, 1 x Durrr Face, 1 x Meow Face, 1 x Drift Face for 1200 MtxCurrency",1200,1200,0,0.0,0,2026-09-30T00:00:00Z,2026-10-02T23:59:59.999Z,1,0,-2,BR093026,Fit Check,185,tileGrid,Size_1_x_1,,0,,18,br,Spray_Jumpsuit_14,Hare-Raising,spray,uncommon,,Escape Artists,4,4,2023-02-14T10:24:42Z
2026-09-30,v2:/6cd128b3f4023fba893216ea4e3b771fdccd51344ac962ab461f084c0681b9b1,"[VIRTUAL]1 x Caper, 1 x Hamster Overdrive, 1 x Rare Wear, 1 x Rare Drip, 1 x Speed Splat, 1 x Break Point Ultra, 1 x Beat Breaker, 1 x Peel'd Face, 1 x Grim Grin, 1 x Hare-Raising, 1 x Dire Goat, 1 x Neon Payback, 1 x Taxi Attack, 1 x Hearts Aflutter, 1 x Future Goat, 1 x Durrr Face, 1 x Meow Face, 1 x Drift Face for 1200 MtxCurrency",1200,1200,0,0.0,0,2026-09-30T00:00:00Z,2026-10-02T23:59:59.999Z,1,0,-2,BR093026,Fit Check,185,tileGrid,Size_1_x_1,,0,,18,br,Spray_Jumpsuit_11,Dire Goat,spray,uncommon,,Escape Artists,4,4,2023-02-14T10:24:42Z
2026-09-30,v2:/6cd128b3f4023fba893216ea4e3b771fdccd51344ac962ab461f084c0681b9b1,"[VIRTUAL]1 x Caper, 1 x Hamster Overdrive, 1 x Rare Wear, 1 x Rare Drip, 1 x Speed Splat, 1 x Break Point Ultra, 1 x Beat Breaker, 1 x Peel'd Face, 1 x Grim Grin, 1 x Hare-Raising, 1 x Dire Goat, 1 x Neon Payback, 1 x Taxi Attack, 1 x Hearts Aflutter, 1 x Future Goat, 1 x Durrr Face, 1 x Meow Face, 1 x Drift Face for 1200 MtxCurrency",1200,1200,0,0.0,0,2026-09-30T00:00:00Z,2026-10-02T23:59:59.999Z,1,0,-2,BR093026,Fit Check,185,tileGrid,Size_1_x_1,,0,,18,br,Spray_Jumpsuit_39,Neon Payback,spray,uncommon,,Escape Artists,4,4,2023-02-14T10:24:42Z
2026-09-30,v2:/6cd128b3f4023fba893216ea4e3b771fdccd51344ac962ab461f084c0681b9b1,"[VIRTUAL]1 x Caper, 1 x Hamster Overdrive, 1 x Rare Wear, 1 x Rare Drip, 1 x Speed Splat, 1 x Break Point Ultra, 1 x Beat Breaker, 1 x Peel'd Face, 1 x Grim Grin, 1 x Hare-Raising, 1 x Dire Goat, 1 x Neon Payback, 1 x Taxi Attack, 1 x Hearts Aflutter, 1 x Future Goat, 1 x Durrr Face, 1 x Meow Face, 1 x Drift Face for 1200 MtxCurrency",1200,1200,0,0.0,0,2026-09-30T00:00:00Z,2026-10-02T23:59:59.999Z,1,0,-2,BR093026,Fit Check,185,tileGrid,Size_1_x_1,,0,,18,br,Spray_Jumpsuit_28,Taxi Attack,spray,uncommon,,Escape Artists,4,4,2023-02-14T10:24:42Z
2026-09-30,v2:/6cd128b3f4023fba893216ea4e3b771fdccd51344ac962ab461f084c0681b9b1,"[VIRTUAL]1 x Caper, 1 x Hamster Overdrive, 1 x Rare Wear, 1 x Rare Drip, 1 x Speed Splat, 1 x Break Point Ultra, 1 x Beat Breaker, 1 x Peel'd Face, 1 x Grim Grin, 1 x Hare-Raising, 1 x Dire Goat, 1 x Neon Payback, 1 x Taxi Attack, 1 x Hearts Aflutter, 1 x Future Goat, 1 x Durrr Face, 1 x Meow Face, 1 x Drift Face for 1200 MtxCurrency",1200,1200,0,0.0,0,2026-09-30T00:00:00Z,2026-10-02T23:59:59.999Z,1,0,-2,BR093026,Fit Check,185,tileGrid,Size_1_x_1,,0,,18,br,Spray_Jumpsuit_34,Hearts Aflutter,spray,uncommon,,Escape Artists,4,4,2023-02-14T10:24:42Z
2026-09-30,v2:/6cd128b3f4023fba893216ea4e3b771fdccd51344ac962ab461f084c0681b9b1,"[VIRTUAL]1 x Caper, 1 x Hamster Overdrive, 1 x Rare Wear, 1 x Rare Drip, 1 x Speed Splat, 1 x Break Point Ultra, 1 x Beat Breaker, 1 x Peel'd Face, 1 x Grim Grin, 1 x Hare-Raising, 1 x Dire Goat, 1 x Neon Payback, 1 x Taxi Attack, 1 x Hearts Aflutter, 1 x Future Goat, 1 x Durrr Face, 1 x Meow Face, 1 x Drift Face for 1200 MtxCurrency",1200,1200,0,0.0,0,2026-09-30T00:00:00Z,2026-10-02T23:59:59.999Z,1,0,-2,BR093026,Fit Check,185,tileGrid,Size_1_x_1,,0,,18,br,Spray_Jumpsuit_5,Future Goat,spray,uncommon,,Escape Artists,4,4,2023-02-14T10:24:42Z
2026-09-30,v2:/6cd128b3f4023fba893216ea4e3b771fdccd51344ac962ab461f084c0681b9b1,"[VIRTUAL]1 x Caper, 1 x Hamster Overdrive, 1 x Rare Wear, 1 x Rare Drip, 1 x Speed Splat, 1 x Break Point Ultra, 1 x Beat Breaker, 1 x Peel'd Face, 1 x Grim Grin, 1 x Hare-Raising, 1 x Dire Goat, 1 x Neon Payback, 1 x Taxi Attack, 1 x Hearts Aflutter, 1 x Future Goat, 1 x Durrr Face, 1 x Meow Face, 1 x Drift Face for 1200 MtxCurrency",1200,1200,0,0.0,0,2026-09-30T00:00:00Z,2026-10-02T23:59:59.999Z,1,0,-2,BR093026,Fit Check,185,tileGrid,Size_1_x_1,,0,,18,br,Spray_JumpsuitMasks_2,Durrr Face,spray,uncommon,,Escape Artists,4,4,2023-02-14T10:24:42Z
2026-09-30,v2:/6cd128b3f4023fba893216ea4e3b771fdccd51344ac962ab461f084c0681b9b1,"[VIRTUAL]1 x Caper, 1 x Hamster Overdrive, 1 x Rare Wear, 1 x Rare Drip, 1 x Speed Splat, 1 x Break Point Ultra, 1 x Beat Breaker, 1 x Peel'd Face, 1 x Grim Grin, 1 x Hare-Raising, 1 x Dire Goat, 1 x Neon Payback, 1 x Taxi Attack, 1 x Hearts Aflutter, 1 x Future Goat, 1 x Durrr Face, 1 x Meow Face, 1 x Drift Face for 1200 MtxCurrency",1200,1200,0,0.0,0,2026-09-30T00:00:00Z,2026-10-02T23:59:59.999Z,1,0,-2,BR093026,Fit Check,185,tileGrid,Size_1_x_1,,0,,18,br,Spray_JumpsuitMasks_7,Meow Face,spray,uncommon,,Escape Artists,4,4,2023-02-14T10:24:42Z
2026-09-30,v2:/6cd128b3f4023fba893216ea4e3b771fdccd51344ac962ab461f084c0681b9b1,"[VIRTUAL]1 x Caper, 1 x Hamster Overdrive, 1 x Rare Wear, 1 x Rare Drip, 1 x Speed Splat, 1 x Break Point Ultra, 1 x Beat Breaker, 1 x Peel'd Face, 1 x Grim Grin, 1 x Hare-Raising, 1 x Dire Goat, 1 x Neon Payback, 1 x Taxi Attack, 1 x Hearts Aflutter, 1 x Future Goat, 1 x Durrr Face, 1 x Meow Face, 1 x Drift Face for 1200 MtxCurrency",1200,1200,0,0.0,0,2026-09-30T00:00:00Z,2026-10-02T23:59:59.999Z,1,0,-2,BR093026,Fit Check,185,tileGrid,Size_1_x_1,,0,,18,br,Spray_JumpsuitMasks_5,Drift Face,spray,uncommon,,Escape Artists,4,4,2023-02-14T10:24:42Z
2026-09-30,v2:/fa57ae50a7c8b3e8f46ecf9e85efbcc6dd1b63beb140d538799809557bfdcc3a,[VIRTUAL]1 x The Axe of Champions for 1200 MtxCurrency,1200,1200,0,0.0,0,2026-09-26T00:00:00Z,2026-09-30T23:59:59.999Z,1,0,-1,CyberFNCS,FNCS,184,tileGrid,Size_1_x_1,,0,,1,br,Pickaxe_ID_376_FNCS,The Axe of Champions,pickaxe,epic,,FNCS,2,2,2020-03-17T11:00:47Z
2026-09-30,v2:/136881d8b35940fb76224044fa0e45c4c308be75d6c43b21769baf7a1d0cdc90,[VIRTUAL]1 x American Idiot for 500 MtxCurrency,500,500,0,0.0,0,2026-09-01T00:00:00Z,2026-09-30T23:59:59.999Z,1,0,-99,JT092526,Jam Tracks,177,expandableList,Size_1_x_1,,0,,1,track,sid_placeholder_281,American Idiot,,,,,,,2024-09-20T00:00:00Z
2026-09-30,v2:/704c14f6de6f04a8a8b50491251043869cf8d37e9723ff82b744730e71bc04b1,[VIRTUAL]1 x Saja Boys Light Stick for 500 MtxCurrency,500,500,0,0.0,0,2026-09-27T00:00:00Z,2026-10-01T23:59:59.999Z,1,0,-3,Kpop2Newest,KPop Demon Hunters,183,tileGrid,Size_1_x_1,,0,,1,br,Pickaxe_BountyPond,Saja Boys Light Stick,pickaxe,icon,Icon Series,KPop Demon Hunters,7,1,2026-02-05T15:01:36Z
2026-09-30,v2:/0d131fe60528e4d85ba2097f49e975588326e3765e14d5880a20aac54a8ddd8e,[VIRTUAL]1 x Dylan Faden for 1500 MtxCurrency,1500,1500,0,0.0,0,2026-09-25T00:00:00Z,2026-10-01T23:59:59.999Z,1,0,-1,Resonant,CONTROL Resonant,180,tileGrid,Size_3_x_1,,0,,1,br,Character_NoonDoctor,Dylan Faden,outfit,gaminglegends,Gaming Legends Series,CONTROL Resonant,7,3,2026-08-21T15:01:57Z
2026-09-30,v2:/8400e0933b9213401568710eb4422ff4de01f076dada6cfb12b6e819250b8c18,[VIRTUAL]1 x Better Now for 500 MtxCurrency,500,500,0,0.0,0,2026-09-01T00:00:00Z,2026-09-30T23:59:59.999Z,1,0,-63,JT092526,Jam Tracks,177,expandableList,Size_1_x_1,,0,,1,track,sid_placeholder_203,Better Now,,,,,,,2024-06-06T13:32:50Z
2026-09-30,v2:/db984f1244b78bbfcae0af153cbed3746e6cb4b169120895cc5d23f60d8bc233,[VIRTUAL]1 x Jack's Sled for 1200 MtxCurrency,1200,1200,0,0.0,0,2026-09-28T00:00:00Z,2026-10-01T23:59:59.999Z,1,0,-3,KHNightmare1,Disney,190,tileGrid,Size_1_x_1,,0,,1,br,Glider_PrivateJet,Jack's Sled,glider,epic,,The Pumpkin King,4,4,2023-10-10T11:59:07Z
2026-09-30,v2:/a273e698cca6e279d75aa92ddf44b3f2b627ff9153fd99669f2925d90194ab50,[VIRTUAL]1 x Duke of Flies for 500 MtxCurrency,500,500,0,0.0,0,2026-09-29T00:00:00Z,2026-10-02T23:59:59.999Z,1,0,-3,TheBindingofIsaac,The Binding of Isaac,188,tileGrid,Size_1_x_1,,0,,1,br,EID_BasketSuburb,Duke of Flies,emote,gaminglegends,Gaming Legends Series,Isaac Unbound,6,5,2025-09-12T00:00:00Z
2026-09-30,v2:/1e0f016d3e0fd296b723c41981a6f7932f14137d7bc8e0d3b04cc32a4e5b04e7,[VIRTUAL]1 x Bruno-San for 1500 MtxCurrency,1500,1500,0,0.0,0,2026-09-26T00:00:00Z,2026-09-30T23:59:59.999Z,1,0,-1,MTVVMA,Main Stage Moment,179,tileGrid,Size_1_x_1,,0,,1,br,Character_DryEraseToro,Bruno-San,outfit,icon,Icon Series,Bruno Mars,6,4,2025-06-18T08:00:00Z
2026-09-30,v2:/f1955da658af63d55fe3b20386d9548c6ab302270b3409a54359b936d9ec0515,"[VIRTUAL]1 x Carmen's Microphone, 1 x Carmen's Microphone, 1 x Carmen's Microphone for 800 MtxCurrency",800,800,0,0.0,0,2026-09-26T00:00:00Z,2026-10-05T23:59:59.999Z,1,0,-3,Persona5,Persona 5 Royal,193,tileGrid,Size_1_x_1,,0,,3,br,Backpack_DebitScent_Mic,Carmen's Microphone,backpack,gaminglegends,Gaming Legends Series,Persona 5 Royal,7,4,2026-09-25T13:00:42Z
2026-09-30,v2:/f1955da658af63d55fe3b20386d9548c6ab302270b3409a54359b936d9ec0515,"[VIRTUAL]1 x Carmen's Microphone, 1 x Carmen's Microphone, 1 x Carmen's Microphone for 800 MtxCurrency",800,800,0,0.0,0,2026-09-26T00:00:00Z,2026-10-05T23:59:59.999Z,1,0,-3,Persona5,Persona 5 Royal,193,tileGrid,Size_1_x_1,,0,,3,br,Pickaxe_DebitScent_Mic,Carmen's Microphone,pickaxe,gaminglegends,Gaming Legends Series,Persona 5 Royal,7,4,2026-09-25T13:00:42Z
2026-09-30,v2:/f1955da658af63d55fe3b20386d9548c6ab302270b3409a54359b936d9ec0515,"[VIRTUAL]1 x Carmen's Microphone, 1 x Carmen's Microphone, 1 x Carmen's Microphone for 800 MtxCurrency",800,800,0,0.0,0,2026-09-26T00:00:00Z,2026-10-05T23:59:59.999Z,1,0,-3,Persona5,Persona 5 Royal,193,tileGrid,Size_1_x_1,,0,,3,instrument,Sparks_DebitScent_Mic,Carmen's Microphone,mic,gaminglegends,Gaming Legends Series,,,,2026-09-25T13:00:42Z
2026-09-30,v2:/0b43a4cc8a39bea41e9f884a4b6ffaa04207bae693f7fc5dc1ffd41af382d4ad,[VIRTUAL]1 x TBD (SID_Placeholder_784) for 500 MtxCurrency,500,500,0,0.0,0,2026-09-01T00:00:00Z,2026-09-30T23:59:59.999Z,1,0,-31,JT092526,Jam Tracks,177,expandableList,Size_1_x_1,,0,,1,track,sid_placeholder_784,Into Oblivion,,,,,,,2026-04-21T14:08:43Z
2026-09-30,v2:/5eab5d58a512f14364f1c1be36cb610d51ee82fbc1b2dd555fa9178b8b4e7726,"[VIRTUAL]1 x Oathkeeper & Oblivion, 1 x Oathkeeper & Oblivion for 800 MtxCurrency",800,800,0,0.0,0,2026-09-17T00:00:00Z,2026-10-01T23:59:59.999Z,1,0,-3,KingdomHearts,Kingdom Hearts,191,tileGrid,Size_1_x_1,,0,,2,br,Pickaxe_FaunaPike,Oathkeeper & Oblivion,pickaxe,gaminglegends,Gaming Legends Series,Kingdom Hearts,7,4,2026-09-17T08:00:00Z
2026-09-30,v2:/5eab5d58a512f14364f1c1be36cb610d51ee82fbc1b2dd555fa9178b8b4e7726,"[VIRTUAL]1 x Oathkeeper & Oblivion, 1 x Oathkeeper & Oblivion for 800 MtxCurrency",800,800,0,0.0,0,2026-09-17T00:00:00Z,2026-10-01T23:59:59.999Z,1,0,-3,KingdomHearts,Kingdom Hearts,191,tileGrid,Size_1_x_1,,0,,2,br,Backpack_FaunaPike,Oathkeeper & Oblivion,backpack,gaminglegends,Gaming Legends Series,Kingdom Hearts,7,4,2026-09-17T08:00:00Z
2026-09-30,v2:/b1204fbf47e444561e11f1d56e5f6a9ee578d288217cb2fbee2bcd97411311fe,[VIRTUAL]1 x TBD (SID_Placeholder_742) for 500 MtxCurrency,500,500,0,0.0,0,2026-09-01T00:00:00Z,2026-09-30T23:59:59.999Z,1,0,-13,JT092526,Jam Tracks,177,expandableList,Size_1_x_1,,0,,1,track,sid_placeholder_742,Never Meant,,,,,,,2026-02-04T16:58:53Z
2026-09-30,v2:/21a8d17d8601f05e0ec42827292d214892da30e9befef19cb9fc5a069c069c97,"[VIRTUAL]1 x Sora, 1 x Keyblade, 1 x Keyblade, 1 x Keyblade Flourish for -1 MtxCurrency",1800,1800,0,0.0,0,2026-09-17T00:00:00Z,2026-10-01T23:59:59.999Z,1,0,-1,KingdomHearts,Kingdom Hearts,191,tileGrid,Size_2_x_1,,0,,4,br,Character_SpireTend,Sora,outfit,gaminglegends,Gaming Legends Series,Kingdom Hearts,7,4,2026-09-17T08:00:00Z
2026-09-30,v2:/21a8d17d8601f05e0ec42827292d214892da30e9befef19cb9fc5a069c069c97,"[VIRTUAL]1 x Sora, 1 x Keyblade, 1 x Keyblade, 1 x Keyblade Flourish for -1 MtxCurrency",1800,1800,0,0.0,0,2026-09-17T00:00:00Z,2026-10-01T23:59:59.999Z,1,0,-1,KingdomHearts,Kingdom Hearts,191,tileGrid,Size_2_x_1,,0,,4,br,Pickaxe_SpireTend,Keyblade,pickaxe,gaminglegends,Gaming Legends Series,Kingdom Hearts,7,4,2026-09-17T08:00:00Z
2026-09-30,v2:/21a8d17d8601f05e0ec42827292d214892da30e9befef19cb9fc5a069c069c97,"[VIRTUAL]1 x Sora, 1 x Keyblade, 1 x Keyblade, 1 x Keyblade Flourish for -1 MtxCurrency",1800,1800,0,0.0,0,2026-09-17T00:00:00Z,2026-10-01T23:59:59.999Z,1,0,-1,KingdomHearts,Kingdom Hearts,191,tileGrid,Size_2_x_1,,0,,4,br,Backpack_SpireTend,Keyblade,backpack,gaminglegends,Gaming Legends Series,Kingdom Hearts,7,4,2026-09-17T08:00:00Z
2026-09-30,v2:/21a8d17d8601f05e0ec42827292d214892da30e9befef19cb9fc5a069c069c97,"[VIRTUAL]1 x Sora, 1 x Keyblade, 1 x Keyblade, 1 x Keyblade Flourish for -1 MtxCurrency",1800,1800,0,0.0,0,2026-09-17T00:00:00Z,2026-10-01T23:59:59.999Z,1,0,-1,KingdomHearts,Kingdom Hearts,191,tileGrid,Size_2_x_1,,0,,4,br,EID_SpireTend,Keyblade Flourish,emote,gaminglegends,Gaming Legends Series,Kingdom Hearts,7,4,2026-09-17T08:00:00Z
2026-09-30,v2:/935092869f772d007e74e7e8f573443af7be25b88a8734cef1199a4d2dee8cb1,[VIRTUAL]1 x Bing Bong for 500 MtxCurrency,500,500,0,0.0,0,2026-09-28T00:00:00Z,2026-10-01T23:59:59.999Z,1,0,-3,PEAK,PEAK,181,tileGrid,Size_1_x_1,,0,,1,br,Wrap_TopicProud,Bing Bong,wrap,rare,,PEAK,7,2,2026-03-22T00:00:00Z
2026-09-30,v2:/1740342d830d4e52ca4c0f2a03d0ceae4a0e7f6a90ac763372f5964621b4d9aa,[VIRTUAL]1 x For Whom The Bell Tolls for 500 MtxCurrency,500,500,0,0.0,0,2026-09-25T00:00:00Z,2026-10-01T23:59:59.999Z,1,0,-3,JT092526,Jam Tracks,177,tileGrid,Size_1_x_1,,0,,1,track,sid_placeholder_235,For Whom The Bell Tolls,,,,,,,2024-06-20T00:00:00Z
2026-09-30,v2:/aca2f5e35f58a929b2eac89c88d36c5fd83862ab39509857bb7e72134074f88a,[VIRTUAL]1 x Stressed Out for 500 MtxCurrency,500,500,0,0.0,0,2026-09-01T00:00:00Z,2026-09-30T23:59:59.999Z,1,0,-58,JT092526,Jam Tracks,177,expandableList,Size_1_x_1,,0,,1,track,sid_placeholder_40,Stressed Out,,,,,,,2024-05-14T14:56:14Z
2026-09-30,v2:/459971e599c8dbced59110aa2f291e346d4a9f3df62b48bd6d2f63b8627559f7,[VIRTUAL]1 x MILLION DOLLAR BABY for 500 MtxCurrency,500,500,0,0.0,0,2026-09-01T00:00:00Z,2026-09-30T23:59:59.999Z,1,0,-87,JT092526,Jam Tracks,177,expandableList,Size_1_x_1,,0,,1,track,sid_placeholder_417,MILLION DOLLAR BABY,,,,,,,2024-11-07T17:50:41Z
2026-09-30,v2:/7cdbcb37e7ed5d831062864d9e87de5a1b327fd19d93ae48c04dc4173af5450e,[VIRTUAL]1 x TBD (SID_Placeholder_708) for 500 MtxCurrency,500,500,0,0.0,0,2026-09-01T00:00:00Z,2026-09-30T23:59:59.999Z,1,0,-8,JT092526,Jam Tracks,177,expandableList,Size_1_x_1,,0,,1,track,sid_placeholder_708,Sky,,,,,,,2025-12-11T17:20:09Z
2026-09-30,v2:/6132ebb78fc292378f94ac859b79b3c743d3aef559c3a49c4d3626cb1394dbb4,[VIRTUAL]1 x Welcome To The Jungle for 500 MtxCurrency,500,500,0,0.0,0,2026-09-01T00:00:00Z,2026-09-30T23:59:59.999Z,1,0,-59,JT092526,Jam Tracks,177,expandableList,Size_1_x_1,,0,,1,track,sid_placeholder_272,Welcome To The Jungle,,,,,,,2024-08-09T00:00:00Z
2026-09-30,v2:/a21d35207d1bca9e5bfa8b8dbab7be915be30b8622ed431488eee8625864952f,"[VIRTUAL]1 x Dynamite, The Exploder for 300 MtxCurrency",300,300,0,0.0,0,2026-09-26T00:00:00Z,2026-09-30T23:59:59.999Z,1,0,-2,,,,,Size_1_x_1,,0,,1,br,Backpack_CanineCronutDig,"Dynamite, The Exploder",backpack,icon,Icon Series,"Tyler, The Creator",6,6,2025-11-14T14:44:13Z
2026-09-30,v2:/5dd60762f9b330ff551d578c4282c4b9abeb6b5c800ebbf354c2316777be244f,[VIRTUAL]1 x TBD (SID_Placeholder_905) for 500 MtxCurrency,500,500,0,0.0,0,2026-09-17T00:00:00Z,2026-10-01T23:59:59.999Z,1,0,-4,KingdomHearts,Kingdom Hearts,191,tileGrid,Size_1_x_1,,0,,1,track,sid_placeholder_905,The Other Promise,,,,,,,2026-09-15T14:23:51Z
2026-09-30,v2:/432a32ef9933cfaafe1001a55176b1c061df6cf584165a74a4d62e1f38be9f89,[VIRTUAL]1 x TBD (SID_Placeholder_765) for 500 MtxCurrency,500,500,0,0.0,0,2026-09-01T00:00:00Z,2026-09-30T23:59:59.999Z,1,0,-25,JT092526,Jam Tracks,177,expandableList,Size_1_x_1,,0,,1,track,sid_placeholder_765,From the Start,,,,,,,2026-04-16T08:01:05Z
2026-09-30,v2:/eefaea88793226b771223eb8cfbafd860fa955d0e8c46aa745d1dbd8d0354887,[VIRTUAL]1 x Slurpy Slush'em for 300 MtxCurrency,300,300,0,0.0,0,2026-09-29T00:00:00Z,2026-10-01T23:59:59.999Z,1,0,-1,,,,,Size_2_x_1,,0,,1,br,BID_891_ButterJack,Slurpy Slush'em,backpack,rare,,Multiplex,2,8,2021-10-26T08:26:10Z
2026-09-30,v2:/2f4a3eb4ac7873c10723e3b6384f7db482b8fd84db6e4afbd47df9b3982e0df0,[VIRTUAL]1 x Attaché Case for 300 MtxCurrency,300,300,0,0.0,0,2026-09-26T00:00:00Z,2026-10-03T23:59:59.999Z,1,0,-1,,,,,Size_2_x_1,,0,,1,br,Backpack_FallValleyBlink,Attaché Case,backpack,gaminglegends,Gaming Legends Series,Raccoon City Survivors,4,2,2023-03-17T00:00:00Z
2026-09-30,v2:/a1df42834fc7e1b8d5886ead61fd3ed7e5d1145626ed828d923f02cf3b77b7c9,[VIRTUAL]1 x Champion Surf Witch for 1000 MtxCurrency,1000,1000,0,0.0,0,2026-09-26T00:00:00Z,2026-09-30T23:59:59.999Z,1,0,-2,CyberFNCS,FNCS,184,tileGrid,Size_1_x_1,,0,,1,br,Character_PunkDevilSummerFNCS,Champion Surf Witch,outfit,epic,,FNCS,6,5,2025-08-26T08:18:15Z
2026-09-30,v2:/ccc2348aba7beccf8a4caeace423f3b489c2a30a838e111ef6c1607f3f9878e8,"[VIRTUAL]1 x Chris Redfield, 1 x Green Herb for -1 MtxCurrency",1500,1500,0,0.0,0,2026-09-26T00:00:00Z,2026-10-03T23:59:59.999Z,1,0,-3,ResidentEvil,Resident Evil,195,tileGrid,Size_1_x_1,,0,,2,br,CID_A_221_Athena_Commando_M_Relish_8364H,Chris Redfield,outfit,gaminglegends,Gaming Legends Series,S.T.A.R.S. Team,2,8,2021-10-24T00:00:00Z
2026-09-30,v2:/ccc2348aba7beccf8a4caeace423f3b489c2a30a838e111ef6c1607f3f9878e8,"[VIRTUAL]1 x Chris Redfield, 1 x Green Herb for -1 MtxCurrency",1500,1500,0,0.0,0,2026-09-26T00:00:00Z,2026-10-03T23:59:59.999Z,1,0,-3,ResidentEvil,Resident Evil,195,tileGrid,Size_1_x_1,,0,,2,br,BID_873_RelishMale_0Q8D9,Green Herb,backpack,gaminglegends,Gaming Legends Series,S.T.A.R.S. Team,2,8,2021-10-24T00:00:00Z
2026-09-30,v2:/e081d8cfac2609650149117218a48c189c48cdd1b326a2a95c0281cd7aba29fa,[VIRTUAL]1 x Chaos Explorer for 800 MtxCurrency,800,800,0,0.0,0,2026-09-28T00:00:00Z,2026-10-01T23:59:59.999Z,1,0,-2,BR093026,Fit Check,185,tileGrid,Size_1_x_1,,0,,1,br,Character_MastermindSummer,Chaos Explorer,outfit,uncommon,,Descent's Reckoning,4,3,2023-06-27T12:21:59Z
2026-09-30,v2:/e15571d15b3b77ce5cc0c5ec7234ac4604d952d6eb60c085e592c35a9fb95644,[VIRTUAL]1 x Say So for 500 MtxCurrency,500,500,0,0.0,0,2026-09-01T00:00:00Z,2026-09-30T23:59:59.999Z,1,0,-38,JT092526,Jam Tracks,177,expandableList,Size_1_x_1,,0,,1,track,sid_placeholder_69,Say So,,,,,,,2024-01-31T00:05:11Z
2026-09-30,v2:/127eb23283061a72ef1e9c6b9d624aa6cde4a3111dc124b7146fd97fd71810cd,[VIRTUAL]1 x Take On Me for 500 MtxCurrency,500,500,0,0.0,0,2026-09-01T00:00:00Z,2026-09-30T23:59:59.999Z,1,0,-76,JT092526,Jam Tracks,177,expandableList,Size_1_x_1,,0,,1,track,sid_placeholder_445,Take On Me,,,,,,,2024-12-05T14:58:09Z
2026-09-30,v2:/1c8a40090e4c6f3f174bf47c7db87b036187e854e7640da9b61bc19898a5f58b,[VIRTUAL]1 x Regulate for 500 MtxCurrency,500,500,0,0.0,0,2026-09-01T00:00:00Z,2026-09-30T23:59:59.999Z,1,0,-60,JT092526,Jam Tracks,177,expandableList,Size_1_x_1,,0,,1,track,sid_placeholder_265,Regulate,,,,,,,2024-11-02T06:00:00Z
2026-09-30,v2:/9ee32c0dad8e4b9381edf32998ac2873c4b036657d555f737fa60786d0a19cd6,"[VIRTUAL]1 x Leon S. Kennedy, 1 x Attaché Case for -1 MtxCurrency",1500,1500,0,0.0,0,2026-09-26T00:00:00Z,2026-10-03T23:59:59.999Z,1,0,-1,ResidentEvil,Resident Evil,195,tileGrid,Size_1_x_1,,0,,2,br,Character_FallValleyBlink,Leon S. Kennedy,outfit,gaminglegends,Gaming Legends Series,Raccoon City Survivors,4,2,2023-03-17T00:00:00Z
2026-09-30,v2:/9ee32c0dad8e4b9381edf32998ac2873c4b036657d555f737fa60786d0a19cd6,"[VIRTUAL]1 x Leon S. Kennedy, 1 x Attaché Case for -1 MtxCurrency",1500,1500,0,0.0,0,2026-09-26T00:00:00Z,2026-10-03T23:59:59.999Z,1,0,-1,ResidentEvil,Resident Evil,195,tileGrid,Size_1_x_1,,0,,2,br,Backpack_FallValleyBlink,Attaché Case,backpack,gaminglegends,Gaming Legends Series,Raccoon City Survivors,4,2,2023-03-17T00:00:00Z
2026-09-30,v2:/72c65aeae6531726136b8723d38adb49fd4e3c3eca8e458261f8e865d26a1fcf,[VIRTUAL]1 x Madison's Glam Wrap for 500 MtxCurrency,500,500,0,0.0,0,2026-09-25T00:00:00Z,2026-10-04T23:59:59.999Z,1,0,-1,MadisonBeer,Madison Beer,194,tileGrid,Size_1_x_1,,0,,1,br,Wrap_MistTycoon,Madison's Glam Wrap,wrap,icon,Icon Series,Madison Beer,7,4,2026-09-24T13:00:55Z
2026-09-30,v2:/cb9f0c0b7cee492e757bce633b3bf34363bc81ca4664456f6d02f06b23d450bc,[VIRTUAL]1 x Piggy Smallz for 500 MtxCurrency,500,500,0,0.0,0,2026-09-26T00:00:00Z,2026-09-30T23:59:59.999Z,1,0,-3,,,,,Size_1_x_1,,0,,1,br,BID_818_Buffet_XRF7H,Piggy Smallz,backpack,icon,Icon Series,Ariana Grande,2,7,2021-08-04T18:02:52Z
2026-09-30,v2:/c3ffca61d0a61bd39c4e1fc85d8ffaefd9792b65448f7d5e2df6529c91eba1c2,[VIRTUAL]1 x Starlit for 500 MtxCurrency,500,500,0,0.0,0,2026-09-30T00:00:00Z,2026-10-03T23:59:59.999Z,1,0,-1,VV093026,Groove Moves,197,tileGrid,Size_1_x_1,,0,,1,br,EID_Shimmy,Starlit,emote,icon,Icon Series,,4,4,2023-10-02T00:00:00Z
2026-09-30,v2:/21989bb15bd3ec1595d145d4e4bdff3b7b06677ac20425170fc25d8064b5eb94,[VIRTUAL]1 x HOT DOGGER for 800 MtxCurrency,800,800,0,0.0,0,2026-09-26T00:00:00Z,2026-10-03T23:59:59.999Z,1,0,-2,ResidentEvil,Resident Evil,195,tileGrid,Size_1_x_1,,0,,1,br,Pickaxe_ID_690_RelishFemale_DC74M,HOT DOGGER,pickaxe,gaminglegends,Gaming Legends Series,S.T.A.R.S. Team,2,8,2021-10-24T00:00:00Z
2026-09-30,v2:/a4b671b2ebe050e75f14dd686085ad3cf34b3a8ff68b1c91b0e1797340c2d8e4,[VIRTUAL]1 x TBD (SID_Placeholder_528) for 500 MtxCurrency,500,500,0,0.0,0,2026-09-01T00:00:00Z,2026-09-30T23:59:59.999Z,1,0,-23,JT092526,Jam Tracks,177,expandableList,Size_1_x_1,,0,,1,track,sid_placeholder_528,I Want It That Way,,,,,,,2025-03-06T14:32:03Z
2026-09-30,v2:/05d26446f4cb6fc7038050b8b53d832c18a62e27ddce2d3fbb2b87d99515866a,[VIRTUAL]1 x Pixie for 800 MtxCurrency,800,800,0,0.0,0,2026-09-29T00:00:00Z,2026-09-30T23:59:59.999Z,1,0,-2,BR093026,Fit Check,185,tileGrid,Size_1_x_1,,0,,1,br,Character_BitFight,Pixie,outfit,epic,,Bright Bytes,6,5,2025-08-26T08:18:15Z
2026-09-30,v2:/36a6493f8d35f8f40db87cf2266430d9d89e6515ca890392914aae6ebf3157bb,[VIRTUAL]1 x TBD (SID_Placeholder_537) for 500 MtxCurrency,500,500,0,0.0,0,2026-09-01T00:00:00Z,2026-09-30T23:59:59.999Z,1,0,-29,JT092526,Jam Tracks,177,expandableList,Size_1_x_1,,0,,1,track,sid_placeholder_537,Please Please Please,,,,,,,2025-04-08T08:00:00Z
2026-09-30,v2:/b1dfddea9b14e8cd5d99b24b136e87a4de77e218a0097bb5e9e9e3c29373f09a,[VIRTUAL]1 x Popcorn Tears for 300 MtxCurrency,300,300,0,0.0,0,2026-09-27T00:00:00Z,2026-10-01T23:59:59.999Z,1,0,-2,Kpop2Newest,KPop Demon Hunters,183,tileGrid,Size_1_x_1,,0,,1,br,EID_BountyPond,Popcorn Tears,emote,icon,Icon Series,KPop Demon Hunters,7,1,2026-02-05T15:01:36Z
2026-09-30,v2:/cf4a9f1dfc092e10ca8296609f93043def4d80464bf7a615d2ffd532960abf19,[VIRTUAL]1 x TBD (SID_Placeholder_852) for 500 MtxCurrency,500,500,0,0.0,0,2026-09-19T00:00:00Z,2026-10-02T23:59:59.999Z,1,0,-2,IronMouse2,Ironmouse,189,tileGrid,Size_1_x_1,,0,,1,track,sid_placeholder_852,Meow,,,,,,,2026-09-16T14:45:02Z
2026-09-30,v2:/19e7117e43c63562c29048a8cab7ce19490fead959bc8c9e5632eb7c7b611ac2,"[VIRTUAL]1 x Kernel Poppy, 1 x Slurpy Slush'em, 1 x WHATS POPPIN for -1 MtxCurrency",1700,1500,200,0.1176,1,2026-09-29T00:00:00Z,2026-10-01T23:59:59.999Z,1,0,-1,BR093026,Fit Check,185,tileGrid,Size_2_x_1,,1,WHATS POPPIN Bundle,3,br,CID_A_254_Athena_Commando_M_ButterJack,Kernel Poppy,outfit,rare,,Multiplex,2,8,2021-10-26T08:26:10Z
2026-09-30,v2:/19e7117e43c63562c29048a8cab7ce19490fead959bc8c9e5632eb7c7b611ac2,"[VIRTUAL]1 x Kernel Poppy, 1 x Slurpy Slush'em, 1 x WHATS POPPIN for -1 MtxCurrency",1700,1500,200,0.1176,1,2026-09-29T00:00:00Z,2026-10-01T23:59:59.999Z,1,0,-1,BR093026,Fit Check,185,tileGrid,Size_2_x_1,,1,WHATS POPPIN Bundle,3,br,BID_891_ButterJack,Slurpy Slush'em,backpack,rare,,Multiplex,2,8,2021-10-26T08:26:10Z
2026-09-30,v2:/19e7117e43c63562c29048a8cab7ce19490fead959bc8c9e5632eb7c7b611ac2,"[VIRTUAL]1 x Kernel Poppy, 1 x Slurpy Slush'em, 1 x WHATS POPPIN for -1 MtxCurrency",1700,1500,200,0.1176,1,2026-09-29T00:00:00Z,2026-10-01T23:59:59.999Z,1,0,-1,BR093026,Fit Check,185,tileGrid,Size_2_x_1,,1,WHATS POPPIN Bundle,3,track,sid_placeholder_157,WHATS POPPIN,,,,,,,2024-03-05T20:11:31Z
2026-09-30,v2:/bb4ae9555c904515a71c07032eda0c4c54be5f1e7e5c48046f006945dbfbef52,[VIRTUAL]1 x TBD (SID_Placeholder_508) for 500 MtxCurrency,500,500,0,0.0,0,2026-09-01T00:00:00Z,2026-09-30T23:59:59.999Z,1,0,-82,JT092526,Jam Tracks,177,expandableList,Size_1_x_1,,0,,1,track,sid_placeholder_508,The Way I Are,,,,,,,2025-02-27T16:52:57Z
2026-09-30,v2:/9ef611cabc687054dc9c53c278aa6b78f57908fd1014252be68b09fcdebdbc00,"[VIRTUAL]1 x Michonne, 1 x Michonne's Katana, 1 x Michonne's Katana for -1 MtxCurrency",1800,1800,0,0.0,0,2026-09-27T00:00:00Z,2026-09-30T23:59:59.999Z,1,0,-2,WalkingDead1,The Walking Dead,182,tileGrid,Size_1_x_1,"Outfit Styles include a Built-In Cape! Equip a back-bling on top, but NO CAPES!",0,,3,br,CID_976_Athena_Commando_F_Wombat_0GRTQ,Michonne,outfit,epic,,Survivors in Arms,2,5,2020-12-17T00:00:00Z
2026-09-30,v2:/9ef611cabc687054dc9c53c278aa6b78f57908fd1014252be68b09fcdebdbc00,"[VIRTUAL]1 x Michonne, 1 x Michonne's Katana, 1 x Michonne's Katana for -1 MtxCurrency",1800,1800,0,0.0,0,2026-09-27T00:00:00Z,2026-09-30T23:59:59.999Z,1,0,-2,WalkingDead1,The Walking Dead,182,tileGrid,Size_1_x_1,"Outfit Styles include a Built-In Cape! Equip a back-bling on top, but NO CAPES!",0,,3,br,BID_676_WombatFemale_6PEJZ,Michonne's Katana,backpack,epic,,Survivors in Arms,2,5,2020-12-17T00:00:00Z
2026-09-30,v2:/9ef611cabc687054dc9c53c278aa6b78f57908fd1014252be68b09fcdebdbc00,"[VIRTUAL]1 x Michonne, 1 x Michonne's Katana, 1 x Michonne's Katana for -1 MtxCurrency",1800,1800,0,0.0,0,2026-09-27T00:00:00Z,2026-09-30T23:59:59.999Z,1,0,-2,WalkingDead1,The Walking Dead,182,tileGrid,Size_1_x_1,"Outfit Styles include a Built-In Cape! Equip a back-bling on top, but NO CAPES!",0,,3,br,Pickaxe_ID_532_WombatFemale_CWE2D,Michonne's Katana,pickaxe,epic,,Survivors in Arms,2,5,2020-12-17T00:00:00Z
2026-09-30,v2:/b7f44f1a40a61b3318ba134d263b4665c4bfa65ffa87a0c137dbcc8041e64c3c,[VIRTUAL]1 x Toxic for 500 MtxCurrency,500,500,0,0.0,0,2026-09-01T00:00:00Z,2026-09-30T23:59:59.999Z,1,0,-37,JT092526,Jam Tracks,177,expandableList,Size_1_x_1,,0,,1,track,sid_placeholder_340,Toxic,,,,,,,2024-09-27T00:00:00Z
2026-09-30,v2:/8fea41af653f3a0082cebb55651d8e8faed81e226a918d7c603e438f8208f8dd,[VIRTUAL]1 x TBD (SID_Placeholder_685) for 500 MtxCurrency,500,500,0,0.0,0,2026-09-26T00:00:00Z,2026-09-30T23:59:59.999Z,1,0,-5,MTVVMA,Main Stage Moment,179,tileGrid,Size_1_x_1,,0,,1,track,sid_placeholder_685,EARFQUAKE,,,,,,,2025-11-14T14:43:54Z
2026-09-30,v2:/168a95714fbb036b5668ee0eb2d10c090b4c135bc9581fb433f903a1578c166b,[VIRTUAL]1 x Lumi Core Red for 400 MtxCurrency,400,400,0,0.0,0,2026-09-29T00:00:00Z,2026-10-05T23:59:59.999Z,1,0,-4,,,,,Size_1_x_1,,0,,1,br,BID_293_GlowBroFemale,Lumi Core Red,backpack,epic,,Stormlight,1,9,2019-11-20T12:50:33Z
2026-09-30,v2:/e4bc2cc62b8c52ac4e22ba4130bae0ae6f6a506bd21657659f0c8951542ad587,[VIRTUAL]1 x Killing In The Name for 500 MtxCurrency,500,500,0,0.0,0,2026-09-01T00:00:00Z,2026-09-30T23:59:59.999Z,1,0,-94,JT092526,Jam Tracks,177,expandableList,Size_1_x_1,,0,,1,track,sid_placeholder_202,Killing In The Name,,,,,,,2024-04-30T14:34:03Z
2026-09-30,v2:/8a9bc634929cd71b9025404ab32717f1f637e7d3e68a73efd7b1dac8ee3da1d9,[VIRTUAL]1 x Broccoli for 500 MtxCurrency,500,500,0,0.0,0,2026-09-01T00:00:00Z,2026-09-30T23:59:59.999Z,1,0,-77,JT092526,Jam Tracks,177,expandableList,Size_1_x_1,,0,,1,track,sid_placeholder_284,Broccoli,,,,,,,2024-08-29T13:33:26Z
2026-09-30,v2:/b8c0c8cc4555db958f88f60a6a811ff3e53dba705d0726bae4e7255635a4be49,[VIRTUAL]1 x Rot Iron Trident for 800 MtxCurrency,800,800,0,0.0,0,2026-09-28T00:00:00Z,2026-10-01T23:59:59.999Z,1,0,-1,,,,,Size_2_x_1,,0,,1,br,Pickaxe_BurntBagel,Rot Iron Trident,pickaxe,rare,,The Pumpkin King,5,4,2024-10-12T06:22:57Z
2026-09-30,v2:/96c063ae2c6273467773e05aea3564041b9c505a0a10f5e51846e74b58578092,[VIRTUAL]1 x Blank for 400 MtxCurrency,400,400,0,0.0,0,2026-09-17T00:00:00Z,2026-10-01T23:59:59.999Z,1,0,-1,KingdomHearts,Kingdom Hearts,191,tileGrid,Size_1_x_1,,0,,1,car,Wheel_OpticOrange02,Heartless,wheel,uncommon,,,,,2026-09-17T08:00:00Z
2026-09-30,v2:/48c2b2b7e6d9194623d235d4904fba5f8776022ac04f481b7d619e41fc9fa7fe,[VIRTUAL]1 x Silver Dagger for 500 MtxCurrency,500,500,0,0.0,0,2026-09-26T00:00:00Z,2026-10-05T23:59:59.999Z,1,0,-3,Persona5,Persona 5 Royal,193,tileGrid,Size_1_x_1,,0,,1,br,Pickaxe_CosmicTrellis,Silver Dagger,pickaxe,gaminglegends,Gaming Legends Series,Persona 5 Royal,7,4,2026-09-24T16:00:38Z
2026-09-30,v2:/f421a7a708517c2ce039d72fa2d6dda65aee63011f7118788c89a4e5f21345a8,[VIRTUAL]1 x Morgana (Persona 5) for 1500 MtxCurrency,1500,1500,0,0.0,0,2026-09-26T00:00:00Z,2026-10-05T23:59:59.999Z,1,0,-3,Persona5,Persona 5 Royal,193,tileGrid,Size_1_x_1,,0,,1,br,Companion_ListDizzy,Morgana (P5R),sidekick,gaminglegends,Gaming Legends Series,Persona 5 Royal,7,4,2026-09-25T13:00:42Z
2026-09-30,v2:/bc57d80b3ee7ec352cd03ec028b10be13932530b8e00b32b50e5a56283cf8420,[VIRTUAL]1 x Everybody (Backstreet's Back) for 500 MtxCurrency,500,500,0,0.0,0,2026-09-01T00:00:00Z,2026-09-30T23:59:59.999Z,1,0,-90,JT092526,Jam Tracks,177,expandableList,Size_1_x_1,,0,,1,track,sid_placeholder_432,Everybody (Backstreet's Back),,,,,,,2024-11-27T14:32:37Z
2026-09-30,v2:/07ace9a53fef33a47c133e730c362f289f5bf10f8cf1e0a41967b2b3a64a4c0a,"[VIRTUAL]1 x HOT DOGGER, 1 x Stun Rod, 1 x Brolly Stroll for -1 MtxCurrency",1900,1300,600,0.3158,1,2026-09-26T00:00:00Z,2026-10-03T23:59:59.999Z,1,0,-2,ResidentEvil,Resident Evil,195,tileGrid,Size_2_x_1,,1,S.T.A.R.S. TEAM GEAR BUNDLE,3,br,Pickaxe_ID_690_RelishFemale_DC74M,HOT DOGGER,pickaxe,gaminglegends,Gaming Legends Series,S.T.A.R.S. Team,2,8,2021-10-24T00:00:00Z
2026-09-30,v2:/07ace9a53fef33a47c133e730c362f289f5bf10f8cf1e0a41967b2b3a64a4c0a,"[VIRTUAL]1 x HOT DOGGER, 1 x Stun Rod, 1 x Brolly Stroll for -1 MtxCurrency",1900,1300,600,0.3158,1,2026-09-26T00:00:00Z,2026-10-03T23:59:59.999Z,1,0,-2,ResidentEvil,Resident Evil,195,tileGrid,Size_2_x_1,,1,S.T.A.R.S. TEAM GEAR BUNDLE,3,br,Pickaxe_ID_691_RelishMale_FVCA7,Stun Rod,pickaxe,gaminglegends,Gaming Legends Series,S.T.A.R.S. Team,2,8,2021-10-24T00:00:00Z
2026-09-30,v2:/07ace9a53fef33a47c133e730c362f289f5bf10f8cf1e0a41967b2b3a64a4c0a,"[VIRTUAL]1 x HOT DOGGER, 1 x Stun Rod, 1 x Brolly Stroll for -1 MtxCurrency",1900,1300,600,0.3158,1,2026-09-26T00:00:00Z,2026-10-03T23:59:59.999Z,1,0,-2,ResidentEvil,Resident Evil,195,tileGrid,Size_2_x_1,,1,S.T.A.R.S. TEAM GEAR BUNDLE,3,br,EID_Relish_TNPZI,Brolly Stroll,emote,gaminglegends,Gaming Legends Series,S.T.A.R.S. Team,2,8,2021-10-24T00:00:00Z
2026-09-30,v2:/cc80be1073d2cdc812f36c300fbad8d184f0647e64d25af9c148b119dc0550a9,[VIRTUAL]1 x TBD (SID_Placeholder_930) for 500 MtxCurrency,500,500,0,0.0,0,2026-09-26T00:00:00Z,2026-10-05T23:59:59.999Z,1,0,-4,Persona5,Persona 5 Royal,193,tileGrid,Size_1_x_1,,0,,1,track,sid_placeholder_930,Life Will Change,,,,,,,2026-09-25T13:01:49Z
2026-09-30,v2:/21b66d0ede657f2e32d621e4555198e88abf0c1f3b82869ff978da80e02ebc47,"[VIRTUAL]1 x Decora Ironmouse, 1 x Ironmouse Worm for -1 MtxCurrency",1500,1500,0,0.0,0,2026-09-19T00:00:00Z,2026-10-02T23:59:59.999Z,1,0,-1,IronMouse2,Ironmouse,189,tileGrid,Size_1_x_1,,0,,2,br,Character_FeelUnionMoo,Decora Ironmouse,outfit,epic,,Ironmouse,7,4,2026-09-17T16:17:14Z
2026-09-30,v2:/21b66d0ede657f2e32d621e4555198e88abf0c1f3b82869ff978da80e02ebc47,"[VIRTUAL]1 x Decora Ironmouse, 1 x Ironmouse Worm for -1 MtxCurrency",1500,1500,0,0.0,0,2026-09-19T00:00:00Z,2026-10-02T23:59:59.999Z,1,0,-1,IronMouse2,Ironmouse,189,tileGrid,Size_1_x_1,,0,,2,br,Backpack_FeelUnionMoo,Ironmouse Worm,backpack,rare,,Ironmouse,7,4,2026-09-17T16:17:14Z
2026-09-30,v2:/a5770ce343164772ed968cfb732b354bce2c9f16a438d1a1cc58eda1f85d7347,[VIRTUAL]1 x Black Hole Sun for 500 MtxCurrency,500,500,0,0.0,0,2026-09-01T00:00:00Z,2026-09-30T23:59:59.999Z,1,0,-10,JT092526,Jam Tracks,177,expandableList,Size_1_x_1,,0,,1,track,sid_placeholder_100,Black Hole Sun,,,,,,,2024-02-22T10:58:10Z
2026-09-30,v2:/89d57d8f756466280b1bfbc369cf353e81ff80b4b0dbb7d868851b9b43a83d4f,[VIRTUAL]1 x Sally's Soup Ladle for 800 MtxCurrency,800,800,0,0.0,0,2026-09-28T00:00:00Z,2026-10-01T23:59:59.999Z,1,0,-1,KHNightmare1,Disney,190,tileGrid,Size_1_x_1,,0,,1,br,Pickaxe_HayBrush,Sally's Soup Ladle,pickaxe,rare,,Sewn Sally,5,4,2024-10-12T06:22:57Z
2026-09-30,v2:/94f2fa7ec7a184129906dd3a6471911d162497aab2263b824712151dde755649,[VIRTUAL]1 x Lil' Gummi Ship for 500 MtxCurrency,500,500,0,0.0,0,2026-09-17T00:00:00Z,2026-10-01T23:59:59.999Z,1,0,-4,KingdomHearts,Kingdom Hearts,191,tileGrid,Size_1_x_1,,0,,1,br,EID_SpireTendFlight,Lil' Gummi Ship,emote,gaminglegends,Gaming Legends Series,Kingdom Hearts,7,4,2026-09-17T08:00:00Z
2026-09-30,v2:/a1f8de13ec5e39069fa68c7f4c6be99a6912d5a60177354e601b0a7c0c024363,[VIRTUAL]1 x Rain Check for 500 MtxCurrency,500,500,0,0.0,0,2026-09-26T00:00:00Z,2026-09-30T23:59:59.999Z,1,0,-2,MTVVMA,Main Stage Moment,179,tileGrid,Size_1_x_1,,0,,1,br,EID_PastaSauce,Rain Check,emote,icon,Icon Series,Lady Gaga,5,1,2024-02-22T09:00:00Z
2026-09-30,v2:/468ab1c11c1e1c60ff49ba05b93253797b04fd71994a18ba3a9e31e5ea30a4d1,[VIRTUAL]1 x Panther's Eyes for 500 MtxCurrency,500,500,0,0.0,0,2026-09-26T00:00:00Z,2026-10-05T23:59:59.999Z,1,0,-2,Persona5,Persona 5 Royal,193,tileGrid,Size_1_x_1,,0,,1,br,Wrap_DebitScent,Panther's Eyes,wrap,gaminglegends,Gaming Legends Series,Persona 5 Royal,7,4,2026-09-25T13:00:42Z
2026-09-30,v2:/c4eb3f33d1178fa70e0456be4bb83afc567ffdf178e106e0e8801788e7367299,[VIRTUAL]1 x TBD (SID_Placeholder_706) for 500 MtxCurrency,500,500,0,0.0,0,2026-09-01T00:00:00Z,2026-09-30T23:59:59.999Z,1,0,-20,JT092526,Jam Tracks,177,expandableList,Size_1_x_1,,0,,1,track,sid_placeholder_706,EVIL J0RDAN,,,,,,,2025-12-11T17:20:09Z
2026-09-30,v2:/37c22436cacd6051f8019cde59833dd9a7abadc24fb1daa9432fd0bbf69cd561,[VIRTUAL]1 x Joker's Eyes for 500 MtxCurrency,500,500,0,0.0,0,2026-09-26T00:00:00Z,2026-10-05T23:59:59.999Z,1,0,-1,Persona5,Persona 5 Royal,193,tileGrid,Size_1_x_1,,0,,1,br,Wrap_CosmicTrellis,Joker's Eyes,wrap,gaminglegends,Gaming Legends Series,Persona 5 Royal,7,4,2026-09-25T13:00:42Z
2026-09-30,v2:/c85738b91e57d83d959c29d96919df91b8d3170a387221eaf7c1174544b01bb5,[VIRTUAL]1 x TBD (SID_Placeholder_496) for 500 MtxCurrency,500,500,0,0.0,0,2026-09-01T00:00:00Z,2026-09-30T23:59:59.999Z,1,0,-45,JT092526,Jam Tracks,177,expandableList,Size_1_x_1,,0,,1,track,sid_placeholder_496,Ain't It Fun,,,,,,,2025-03-18T15:58:31Z
2026-09-30,v2:/36c8b394b58d03b5988a566d2706a68df090069919cf465667ee3a609b40285b,[VIRTUAL]1 x The Spins for 500 MtxCurrency,500,500,0,0.0,0,2026-09-01T00:00:00Z,2026-09-30T23:59:59.999Z,1,0,-73,JT092526,Jam Tracks,177,expandableList,Size_1_x_1,,0,,1,track,sid_placeholder_334,The Spins,,,,,,,2024-10-24T14:53:04Z
2026-09-30,v2:/90d9280cc490ae2494dba385efc2146c5ee413fd873fd02b9a19f12528a9c487,[VIRTUAL]1 x I'm Out for 500 MtxCurrency,500,500,0,0.0,0,2026-09-30T00:00:00Z,2026-10-03T23:59:59.999Z,1,0,-4,VV093026,Groove Moves,197,tileGrid,Size_1_x_1,,0,,1,br,EID_Vacant,I'm Out,emote,icon,Icon Series,,5,3,2024-06-11T00:00:00Z
2026-09-30,v2:/043150fd78693158bcacaafb3ade2b3924186587f0dfe96bd37ef33218010084,"[VIRTUAL]1 x Chris Redfield, 1 x Green Herb, 1 x Jill Valentine, 1 x Saving Keystroke, 1 x Survival for -1 MtxCurrency",3000,2100,900,0.3,1,2026-09-26T00:00:00Z,2026-10-03T23:59:59.999Z,1,0,-2,ResidentEvil,Resident Evil,195,tileGrid,Size_2_x_1,,1,S.T.A.R.S. TEAM BUNDLE,5,br,CID_A_221_Athena_Commando_M_Relish_8364H,Chris Redfield,outfit,gaminglegends,Gaming Legends Series,S.T.A.R.S. Team,2,8,2021-10-24T00:00:00Z
2026-09-30,v2:/043150fd78693158bcacaafb3ade2b3924186587f0dfe96bd37ef33218010084,"[VIRTUAL]1 x Chris Redfield, 1 x Green Herb, 1 x Jill Valentine, 1 x Saving Keystroke, 1 x Survival for -1 MtxCurrency",3000,2100,900,0.3,1,2026-09-26T00:00:00Z,2026-10-03T23:59:59.999Z,1,0,-2,ResidentEvil,Resident Evil,195,tileGrid,Size_2_x_1,,1,S.T.A.R.S. TEAM BUNDLE,5,br,BID_873_RelishMale_0Q8D9,Green Herb,backpack,gaminglegends,Gaming Legends Series,S.T.A.R.S. Team,2,8,2021-10-24T00:00:00Z
2026-09-30,v2:/043150fd78693158bcacaafb3ade2b3924186587f0dfe96bd37ef33218010084,"[VIRTUAL]1 x Chris Redfield, 1 x Green Herb, 1 x Jill Valentine, 1 x Saving Keystroke, 1 x Survival for -1 MtxCurrency",3000,2100,900,0.3,1,2026-09-26T00:00:00Z,2026-10-03T23:59:59.999Z,1,0,-2,ResidentEvil,Resident Evil,195,tileGrid,Size_2_x_1,,1,S.T.A.R.S. TEAM BUNDLE,5,br,CID_A_222_Athena_Commando_F_Relish_G6S5T,Jill Valentine,outfit,gaminglegends,Gaming Legends Series,S.T.A.R.S. Team,2,8,2021-10-24T00:00:00Z
2026-09-30,v2:/043150fd78693158bcacaafb3ade2b3924186587f0dfe96bd37ef33218010084,"[VIRTUAL]1 x Chris Redfield, 1 x Green Herb, 1 x Jill Valentine, 1 x Saving Keystroke, 1 x Survival for -1 MtxCurrency",3000,2100,900,0.3,1,2026-09-26T00:00:00Z,2026-10-03T23:59:59.999Z,1,0,-2,ResidentEvil,Resident Evil,195,tileGrid,Size_2_x_1,,1,S.T.A.R.S. TEAM BUNDLE,5,br,BID_874_RelishFemale_I7B41,Saving Keystroke,backpack,gaminglegends,Gaming Legends Series,S.T.A.R.S. Team,2,8,2021-10-24T00:00:00Z
2026-09-30,v2:/043150fd78693158bcacaafb3ade2b3924186587f0dfe96bd37ef33218010084,"[VIRTUAL]1 x Chris Redfield, 1 x Green Herb, 1 x Jill Valentine, 1 x Saving Keystroke, 1 x Survival for -1 MtxCurrency",3000,2100,900,0.3,1,2026-09-26T00:00:00Z,2026-10-03T23:59:59.999Z,1,0,-2,ResidentEvil,Resident Evil,195,tileGrid,Size_2_x_1,,1,S.T.A.R.S. TEAM BUNDLE,5,br,LSID_360_Relish_FRX3N,Survival,loadingscreen,gaminglegends,Gaming Legends Series,S.T.A.R.S. Team,2,8,2021-10-24T00:00:00Z
2026-09-30,v2:/5ba5531b9ebd0a131e1dd8ac45baccb9f780610a3dbb7ccf5ced0dc95fa01e58,[VIRTUAL]1 x King's Parade Horse for 800 MtxCurrency,800,800,0,0.0,0,2026-09-28T00:00:00Z,2026-10-01T23:59:59.999Z,1,0,-2,KHNightmare1,Disney,190,tileGrid,Size_1_x_1,,0,,1,br,Glider_BurntBagel,King's Parade Horse,glider,epic,,The Pumpkin King,5,4,2024-10-12T06:22:57Z
2026-09-30,v2:/47c13500e845401fde490304b61148b867cddfc91fbd3b4b06d49b4e3943375a,"[VIRTUAL]1 x Keyblade, 1 x Keyblade for 800 MtxCurrency",800,800,0,0.0,0,2026-09-17T00:00:00Z,2026-10-01T23:59:59.999Z,1,0,-2,KingdomHearts,Kingdom Hearts,191,tileGrid,Size_1_x_1,,0,,2,br,Pickaxe_SpireTend,Keyblade,pickaxe,gaminglegends,Gaming Legends Series,Kingdom Hearts,7,4,2026-09-17T08:00:00Z
2026-09-30,v2:/47c13500e845401fde490304b61148b867cddfc91fbd3b4b06d49b4e3943375a,"[VIRTUAL]1 x Keyblade, 1 x Keyblade for 800 MtxCurrency",800,800,0,0.0,0,2026-09-17T00:00:00Z,2026-10-01T23:59:59.999Z,1,0,-2,KingdomHearts,Kingdom Hearts,191,tileGrid,Size_1_x_1,,0,,2,br,Backpack_SpireTend,Keyblade,backpack,gaminglegends,Gaming Legends Series,Kingdom Hearts,7,4,2026-09-17T08:00:00Z
2026-09-30,v2:/014e906ae5b45fa5890d80fa5cb92fd3e4f9f804ff6c1476fabf7a01d2644e28,"[VIRTUAL]1 x Isaac, 1 x Mom's Knife, 1 x Duke of Flies for -1 MtxCurrency",1600,1000,600,0.375,1,2026-09-29T00:00:00Z,2026-10-02T23:59:59.999Z,1,0,-1,TheBindingofIsaac,The Binding of Isaac,188,tileGrid,Size_1_x_1,,1,Isaac Unbound Bundle,3,br,Backpack_BasketSuburb,Isaac,backpack,gaminglegends,Gaming Legends Series,Isaac Unbound,6,5,2025-09-12T00:00:00Z
2026-09-30,v2:/014e906ae5b45fa5890d80fa5cb92fd3e4f9f804ff6c1476fabf7a01d2644e28,"[VIRTUAL]1 x Isaac, 1 x Mom's Knife, 1 x Duke of Flies for -1 MtxCurrency",1600,1000,600,0.375,1,2026-09-29T00:00:00Z,2026-10-02T23:59:59.999Z,1,0,-1,TheBindingofIsaac,The Binding of Isaac,188,tileGrid,Size_1_x_1,,1,Isaac Unbound Bundle,3,br,Pickaxe_BasketSuburb,Mom's Knife,pickaxe,gaminglegends,Gaming Legends Series,Isaac Unbound,6,5,2025-09-12T00:00:00Z
2026-09-30,v2:/014e906ae5b45fa5890d80fa5cb92fd3e4f9f804ff6c1476fabf7a01d2644e28,"[VIRTUAL]1 x Isaac, 1 x Mom's Knife, 1 x Duke of Flies for -1 MtxCurrency",1600,1000,600,0.375,1,2026-09-29T00:00:00Z,2026-10-02T23:59:59.999Z,1,0,-1,TheBindingofIsaac,The Binding of Isaac,188,tileGrid,Size_1_x_1,,1,Isaac Unbound Bundle,3,br,EID_BasketSuburb,Duke of Flies,emote,gaminglegends,Gaming Legends Series,Isaac Unbound,6,5,2025-09-12T00:00:00Z
2026-09-30,v2:/4dfc84c5f6ba97e10c9ecf91c65b4c8c3622cff1f4392f3f9cad6aeab9f16ba3,[VIRTUAL]1 x Sussie for 400 MtxCurrency,400,400,0,0.0,0,2026-09-27T00:00:00Z,2026-10-01T23:59:59.999Z,1,0,-4,Kpop2Newest,KPop Demon Hunters,183,tileGrid,Size_1_x_1,,0,,1,br,Backpack_BountyPond,Sussie,backpack,icon,Icon Series,KPop Demon Hunters,7,1,2026-02-05T15:01:36Z
2026-09-30,v2:/aed6d706756c669a6c3d033b3268c74bfec935af8b0bec5ae06f81464a645359,[VIRTUAL]1 x In The End for 500 MtxCurrency,500,500,0,0.0,0,2026-09-01T00:00:00Z,2026-09-30T23:59:59.999Z,1,0,-11,JT092526,Jam Tracks,177,expandableList,Size_1_x_1,,0,,1,track,sid_placeholder_298,In The End,,,,,,,2024-08-29T13:33:26Z
2026-09-30,v2:/142872dd39d551ddf063c42474349828399c777d73786eec672fc8352dd49164,[VIRTUAL]1 x TBD (SID_Placeholder_779) for 500 MtxCurrency,500,500,0,0.0,0,2026-09-01T00:00:00Z,2026-09-30T23:59:59.999Z,1,0,-51,JT092526,Jam Tracks,177,expandableList,Size_1_x_1,,0,,1,track,sid_placeholder_779,back to friends,,,,,,,2026-04-16T08:01:05Z
2026-09-30,v2:/6c7c3358ed6fd8df11f5654810e73e3f9ca5bd3288dab2e2bb66c7528bd54271,[VIRTUAL]1 x Scout's Marshmallow for 800 MtxCurrency,800,800,0,0.0,0,2026-09-28T00:00:00Z,2026-10-01T23:59:59.999Z,1,0,-2,PEAK,PEAK,181,tileGrid,Size_1_x_1,Reactive to weak points!,0,,1,br,Pickaxe_TopicProud,Scout's Marshmallow,pickaxe,gaminglegends,Gaming Legends Series,PEAK,7,2,2026-03-22T00:00:00Z
2026-09-30,v2:/2d371ce5a745334f33757ecce7da10d0269b4e8e5ce49af6178dda3d4b9f6c29,"[VIRTUAL]1 x Joker (Persona 5), 1 x Shujin Academy Backpack, 1 x Silver Dagger, 1 x Panther (P5R), 1 x Carmen's Heart, 1 x Carmen's Heart Flail, 1 x Morgana (Persona 5), 1 x Morgana Slippers, 1 x Panther's Showtime, 1 x Carmen's Microphone, 1 x Carmen's Microphone, 1 x Carmen's Microphone, 1 x Phantom Thieves Guitar, 1 x Phantom Thieves Guitar, 1 x Phantom Thieves Guitar, 1 x TBD (SID_Placeholder_930), 1 x Panther's Eyes, 1 x Joker's Eyes for -1 MtxCurrency",9600,3800,5800,0.6042,1,2026-09-26T00:00:00Z,2026-10-05T23:59:59.999Z,1,0,-1,Persona5,Persona 5 Royal,193,billboard,Size_4_x_1,,1,Persona 5 Royal Bundle,18,br,Character_CosmicTrellis,Joker (P5R),outfit,gaminglegends,Gaming Legends Series,Persona 5 Royal,7,4,2026-09-24T16:00:38Z
2026-09-30,v2:/2d371ce5a745334f33757ecce7da10d0269b4e8e5ce49af6178dda3d4b9f6c29,"[VIRTUAL]1 x Joker (Persona 5), 1 x Shujin Academy Backpack, 1 x Silver Dagger, 1 x Panther (P5R), 1 x Carmen's Heart, 1 x Carmen's Heart Flail, 1 x Morgana (Persona 5), 1 x Morgana Slippers, 1 x Panther's Showtime, 1 x Carmen's Microphone, 1 x Carmen's Microphone, 1 x Carmen's Microphone, 1 x Phantom Thieves Guitar, 1 x Phantom Thieves Guitar, 1 x Phantom Thieves Guitar, 1 x TBD (SID_Placeholder_930), 1 x Panther's Eyes, 1 x Joker's Eyes for -1 MtxCurrency",9600,3800,5800,0.6042,1,2026-09-26T00:00:00Z,2026-10-05T23:59:59.999Z,1,0,-1,Persona5,Persona 5 Royal,193,billboard,Size_4_x_1,,1,Persona 5 Royal Bundle,18,br,Backpack_CosmicTrellis,Shujin Academy Backpack,backpack,gaminglegends,Gaming Legends Series,Persona 5 Royal,7,4,2026-09-24T16:00:38Z
2026-09-30,v2:/2d371ce5a745334f33757ecce7da10d0269b4e8e5ce49af6178dda3d4b9f6c29,"[VIRTUAL]1 x Joker (Persona 5), 1 x Shujin Academy Backpack, 1 x Silver Dagger, 1 x Panther (P5R), 1 x Carmen's Heart, 1 x Carmen's Heart Flail, 1 x Morgana (Persona 5), 1 x Morgana Slippers, 1 x Panther's Showtime, 1 x Carmen's Microphone, 1 x Carmen's Microphone, 1 x Carmen's Microphone, 1 x Phantom Thieves Guitar, 1 x Phantom Thieves Guitar, 1 x Phantom Thieves Guitar, 1 x TBD (SID_Placeholder_930), 1 x Panther's Eyes, 1 x Joker's Eyes for -1 MtxCurrency",9600,3800,5800,0.6042,1,2026-09-26T00:00:00Z,2026-10-05T23:59:59.999Z,1,0,-1,Persona5,Persona 5 Royal,193,billboard,Size_4_x_1,,1,Persona 5 Royal Bundle,18,br,Pickaxe_CosmicTrellis,Silver Dagger,pickaxe,gaminglegends,Gaming Legends Series,Persona 5 Royal,7,4,2026-09-24T16:00:38Z
2026-09-30,v2:/2d371ce5a745334f33757ecce7da10d0269b4e8e5ce49af6178dda3d4b9f6c29,"[VIRTUAL]1 x Joker (Persona 5), 1 x Shujin Academy Backpack, 1 x Silver Dagger, 1 x Panther (P5R), 1 x Carmen's Heart, 1 x Carmen's Heart Flail, 1 x Morgana (Persona 5), 1 x Morgana Slippers, 1 x Panther's Showtime, 1 x Carmen's Microphone, 1 x Carmen's Microphone, 1 x Carmen's Microphone, 1 x Phantom Thieves Guitar, 1 x Phantom Thieves Guitar, 1 x Phantom Thieves Guitar, 1 x TBD (SID_Placeholder_930), 1 x Panther's Eyes, 1 x Joker's Eyes for -1 MtxCurrency",9600,3800,5800,0.6042,1,2026-09-26T00:00:00Z,2026-10-05T23:59:59.999Z,1,0,-1,Persona5,Persona 5 Royal,193,billboard,Size_4_x_1,,1,Persona 5 Royal Bundle,18,br,Character_DebitScent,Panther (P5R),outfit,gaminglegends,Gaming Legends Series,Persona 5 Royal,7,4,2026-09-25T13:00:42Z
2026-09-30,v2:/2d371ce5a745334f33757ecce7da10d0269b4e8e5ce49af6178dda3d4b9f6c29,"[VIRTUAL]1 x Joker (Persona 5), 1 x Shujin Academy Backpack, 1 x Silver Dagger, 1 x Panther (P5R), 1 x Carmen's Heart, 1 x Carmen's Heart Flail, 1 x Morgana (Persona 5), 1 x Morgana Slippers, 1 x Panther's Showtime, 1 x Carmen's Microphone, 1 x Carmen's Microphone, 1 x Carmen's Microphone, 1 x Phantom Thieves Guitar, 1 x Phantom Thieves Guitar, 1 x Phantom Thieves Guitar, 1 x TBD (SID_Placeholder_930), 1 x Panther's Eyes, 1 x Joker's Eyes for -1 MtxCurrency",9600,3800,5800,0.6042,1,2026-09-26T00:00:00Z,2026-10-05T23:59:59.999Z,1,0,-1,Persona5,Persona 5 Royal,193,billboard,Size_4_x_1,,1,Persona 5 Royal Bundle,18,br,Backpack_DebitScent,Carmen's Heart,backpack,gaminglegends,Gaming Legends Series,Persona 5 Royal,7,4,2026-09-25T13:00:42Z
2026-09-30,v2:/2d371ce5a745334f33757ecce7da10d0269b4e8e5ce49af6178dda3d4b9f6c29,"[VIRTUAL]1 x Joker (Persona 5), 1 x Shujin Academy Backpack, 1 x Silver Dagger, 1 x Panther (P5R), 1 x Carmen's Heart, 1 x Carmen's Heart Flail, 1 x Morgana (Persona 5), 1 x Morgana Slippers, 1 x Panther's Showtime, 1 x Carmen's Microphone, 1 x Carmen's Microphone, 1 x Carmen's Microphone, 1 x Phantom Thieves Guitar, 1 x Phantom Thieves Guitar, 1 x Phantom Thieves Guitar, 1 x TBD (SID_Placeholder_930), 1 x Panther's Eyes, 1 x Joker's Eyes for -1 MtxCurrency",9600,3800,5800,0.6042,1,2026-09-26T00:00:00Z,2026-10-05T23:59:59.999Z,1,0,-1,Persona5,Persona 5 Royal,193,billboard,Size_4_x_1,,1,Persona 5 Royal Bundle,18,br,Pickaxe_DebitScent,Carmen's Heart Flail,pickaxe,gaminglegends,Gaming Legends Series,Persona 5 Royal,7,4,2026-09-25T13:00:42Z
2026-09-30,v2:/2d371ce5a745334f33757ecce7da10d0269b4e8e5ce49af6178dda3d4b9f6c29,"[VIRTUAL]1 x Joker (Persona 5), 1 x Shujin Academy Backpack, 1 x Silver Dagger, 1 x Panther (P5R), 1 x Carmen's Heart, 1 x Carmen's Heart Flail, 1 x Morgana (Persona 5), 1 x Morgana Slippers, 1 x Panther's Showtime, 1 x Carmen's Microphone, 1 x Carmen's Microphone, 1 x Carmen's Microphone, 1 x Phantom Thieves Guitar, 1 x Phantom Thieves Guitar, 1 x Phantom Thieves Guitar, 1 x TBD (SID_Placeholder_930), 1 x Panther's Eyes, 1 x Joker's Eyes for -1 MtxCurrency",9600,3800,5800,0.6042,1,2026-09-26T00:00:00Z,2026-10-05T23:59:59.999Z,1,0,-1,Persona5,Persona 5 Royal,193,billboard,Size_4_x_1,,1,Persona 5 Royal Bundle,18,br,Companion_ListDizzy,Morgana (P5R),sidekick,gaminglegends,Gaming Legends Series,Persona 5 Royal,7,4,2026-09-25T13:00:42Z
2026-09-30,v2:/2d371ce5a745334f33757ecce7da10d0269b4e8e5ce49af6178dda3d4b9f6c29,"[VIRTUAL]1 x Joker (Persona 5), 1 x Shujin Academy Backpack, 1 x Silver Dagger, 1 x Panther (P5R), 1 x Carmen's Heart, 1 x Carmen's Heart Flail, 1 x Morgana (Persona 5), 1 x Morgana Slippers, 1 x Panther's Showtime, 1 x Carmen's Microphone, 1 x Carmen's Microphone, 1 x Carmen's Microphone, 1 x Phantom Thieves Guitar, 1 x Phantom Thieves Guitar, 1 x Phantom Thieves Guitar, 1 x TBD (SID_Placeholder_930), 1 x Panther's Eyes, 1 x Joker's Eyes for -1 MtxCurrency",9600,3800,5800,0.6042,1,2026-09-26T00:00:00Z,2026-10-05T23:59:59.999Z,1,0,-1,Persona5,Persona 5 Royal,193,billboard,Size_4_x_1,,1,Persona 5 Royal Bundle,18,br,Shoes_Cosmictrelliswand,Morgana Slippers,shoe,gaminglegends,Gaming Legends Series,Persona 5 Royal,7,4,2026-09-17T16:17:14Z
2026-09-30,v2:/2d371ce5a745334f33757ecce7da10d0269b4e8e5ce49af6178dda3d4b9f6c29,"[VIRTUAL]1 x Joker (Persona 5), 1 x Shujin Academy Backpack, 1 x Silver Dagger, 1 x Panther (P5R), 1 x Carmen's Heart, 1 x Carmen's Heart Flail, 1 x Morgana (Persona 5), 1 x Morgana Slippers, 1 x Panther's Showtime, 1 x Carmen's Microphone, 1 x Carmen's Microphone, 1 x Carmen's Microphone, 1 x Phantom Thieves Guitar, 1 x Phantom Thieves Guitar, 1 x Phantom Thieves Guitar, 1 x TBD (SID_Placeholder_930), 1 x Panther's Eyes, 1 x Joker's Eyes for -1 MtxCurrency",9600,3800,5800,0.6042,1,2026-09-26T00:00:00Z,2026-10-05T23:59:59.999Z,1,0,-1,Persona5,Persona 5 Royal,193,billboard,Size_4_x_1,,1,Persona 5 Royal Bundle,18,br,EID_DebitScent,Panther's Showtime,emote,gaminglegends,Gaming Legends Series,Persona 5 Royal,7,4,2026-09-25T13:00:42Z
2026-09-30,v2:/2d371ce5a745334f33757ecce7da10d0269b4e8e5ce49af6178dda3d4b9f6c29,"[VIRTUAL]1 x Joker (Persona 5), 1 x Shujin Academy Backpack, 1 x Silver Dagger, 1 x Panther (P5R), 1 x Carmen's Heart, 1 x Carmen's Heart Flail, 1 x Morgana (Persona 5), 1 x Morgana Slippers, 1 x Panther's Showtime, 1 x Carmen's Microphone, 1 x Carmen's Microphone, 1 x Carmen's Microphone, 1 x Phantom Thieves Guitar, 1 x Phantom Thieves Guitar, 1 x Phantom Thieves Guitar, 1 x TBD (SID_Placeholder_930), 1 x Panther's Eyes, 1 x Joker's Eyes for -1 MtxCurrency",9600,3800,5800,0.6042,1,2026-09-26T00:00:00Z,2026-10-05T23:59:59.999Z,1,0,-1,Persona5,Persona 5 Royal,193,billboard,Size_4_x_1,,1,Persona 5 Royal Bundle,18,br,Backpack_DebitScent_Mic,Carmen's Microphone,backpack,gaminglegends,Gaming Legends Series,Persona 5 Royal,7,4,2026-09-25T13:00:42Z
2026-09-30,v2:/2d371ce5a745334f33757ecce7da10d0269b4e8e5ce49af6178dda3d4b9f6c29,"[VIRTUAL]1 x Joker (Persona 5), 1 x Shujin Academy Backpack, 1 x Silver Dagger, 1 x Panther (P5R), 1 x Carmen's Heart, 1 x Carmen's Heart Flail, 1 x Morgana (Persona 5), 1 x Morgana Slippers, 1 x Panther's Showtime, 1 x Carmen's Microphone, 1 x Carmen's Microphone, 1 x Carmen's Microphone, 1 x Phantom Thieves Guitar, 1 x Phantom Thieves Guitar, 1 x Phantom Thieves Guitar, 1 x TBD (SID_Placeholder_930), 1 x Panther's Eyes, 1 x Joker's Eyes for -1 MtxCurrency",9600,3800,5800,0.6042,1,2026-09-26T00:00:00Z,2026-10-05T23:59:59.999Z,1,0,-1,Persona5,Persona 5 Royal,193,billboard,Size_4_x_1,,1,Persona 5 Royal Bundle,18,br,Pickaxe_DebitScent_Mic,Carmen's Microphone,pickaxe,gaminglegends,Gaming Legends Series,Persona 5 Royal,7,4,2026-09-25T13:00:42Z
2026-09-30,v2:/2d371ce5a745334f33757ecce7da10d0269b4e8e5ce49af6178dda3d4b9f6c29,"[VIRTUAL]1 x Joker (Persona 5), 1 x Shujin Academy Backpack, 1 x Silver Dagger, 1 x Panther (P5R), 1 x Carmen's Heart, 1 x Carmen's Heart Flail, 1 x Morgana (Persona 5), 1 x Morgana Slippers, 1 x Panther's Showtime, 1 x Carmen's Microphone, 1 x Carmen's Microphone, 1 x Carmen's Microphone, 1 x Phantom Thieves Guitar, 1 x Phantom Thieves Guitar, 1 x Phantom Thieves Guitar, 1 x TBD (SID_Placeholder_930), 1 x Panther's Eyes, 1 x Joker's Eyes for -1 MtxCurrency",9600,3800,5800,0.6042,1,2026-09-26T00:00:00Z,2026-10-05T23:59:59.999Z,1,0,-1,Persona5,Persona 5 Royal,193,billboard,Size_4_x_1,,1,Persona 5 Royal Bundle,18,br,Backpack_CosmicTrellis_Guitar,Phantom Thieves Guitar,backpack,gaminglegends,Gaming Legends Series,Persona 5 Royal,7,4,2026-09-24T16:00:38Z
2026-09-30,v2:/2d371ce5a745334f33757ecce7da10d0269b4e8e5ce49af6178dda3d4b9f6c29,"[VIRTUAL]1 x Joker (Persona 5), 1 x Shujin Academy Backpack, 1 x Silver Dagger, 1 x Panther (P5R), 1 x Carmen's Heart, 1 x Carmen's Heart Flail, 1 x Morgana (Persona 5), 1 x Morgana Slippers, 1 x Panther's Showtime, 1 x Carmen's Microphone, 1 x Carmen's Microphone, 1 x Carmen's Microphone, 1 x Phantom Thieves Guitar, 1 x Phantom Thieves Guitar, 1 x Phantom Thieves Guitar, 1 x TBD (SID_Placeholder_930), 1 x Panther's Eyes, 1 x Joker's Eyes for -1 MtxCurrency",9600,3800,5800,0.6042,1,2026-09-26T00:00:00Z,2026-10-05T23:59:59.999Z,1,0,-1,Persona5,Persona 5 Royal,193,billboard,Size_4_x_1,,1,Persona 5 Royal Bundle,18,br,Pickaxe_CosmicTrellis_Guitar,Phantom Thieves Guitar,pickaxe,gaminglegends,Gaming Legends Series,Persona 5 Royal,7,4,2026-09-24T16:00:38Z
2026-09-30,v2:/2d371ce5a745334f33757ecce7da10d0269b4e8e5ce49af6178dda3d4b9f6c29,"[VIRTUAL]1 x Joker (Persona 5), 1 x Shujin Academy Backpack, 1 x Silver Dagger, 1 x Panther (P5R), 1 x Carmen's Heart, 1 x Carmen's Heart Flail, 1 x Morgana (Persona 5), 1 x Morgana Slippers, 1 x Panther's Showtime, 1 x Carmen's Microphone, 1 x Carmen's Microphone, 1 x Carmen's Microphone, 1 x Phantom Thieves Guitar, 1 x Phantom Thieves Guitar, 1 x Phantom Thieves Guitar, 1 x TBD (SID_Placeholder_930), 1 x Panther's Eyes, 1 x Joker's Eyes for -1 MtxCurrency",9600,3800,5800,0.6042,1,2026-09-26T00:00:00Z,2026-10-05T23:59:59.999Z,1,0,-1,Persona5,Persona 5 Royal,193,billboard,Size_4_x_1,,1,Persona 5 Royal Bundle,18,br,Wrap_DebitScent,Panther's Eyes,wrap,gaminglegends,Gaming Legends Series,Persona 5 Royal,7,4,2026-09-25T13:00:42Z
2026-09-30,v2:/2d371ce5a745334f33757ecce7da10d0269b4e8e5ce49af6178dda3d4b9f6c29,"[VIRTUAL]1 x Joker (Persona 5), 1 x Shujin Academy Backpack, 1 x Silver Dagger, 1 x Panther (P5R), 1 x Carmen's Heart, 1 x Carmen's Heart Flail, 1 x Morgana (Persona 5), 1 x Morgana Slippers, 1 x Panther's Showtime, 1 x Carmen's Microphone, 1 x Carmen's Microphone, 1 x Carmen's Microphone, 1 x Phantom Thieves Guitar, 1 x Phantom Thieves Guitar, 1 x Phantom Thieves Guitar, 1 x TBD (SID_Placeholder_930), 1 x Panther's Eyes, 1 x Joker's Eyes for -1 MtxCurrency",9600,3800,5800,0.6042,1,2026-09-26T00:00:00Z,2026-10-05T23:59:59.999Z,1,0,-1,Persona5,Persona 5 Royal,193,billboard,Size_4_x_1,,1,Persona 5 Royal Bundle,18,br,Wrap_CosmicTrellis,Joker's Eyes,wrap,gaminglegends,Gaming Legends Series,Persona 5 Royal,7,4,2026-09-25T13:00:42Z
2026-09-30,v2:/2d371ce5a745334f33757ecce7da10d0269b4e8e5ce49af6178dda3d4b9f6c29,"[VIRTUAL]1 x Joker (Persona 5), 1 x Shujin Academy Backpack, 1 x Silver Dagger, 1 x Panther (P5R), 1 x Carmen's Heart, 1 x Carmen's Heart Flail, 1 x Morgana (Persona 5), 1 x Morgana Slippers, 1 x Panther's Showtime, 1 x Carmen's Microphone, 1 x Carmen's Microphone, 1 x Carmen's Microphone, 1 x Phantom Thieves Guitar, 1 x Phantom Thieves Guitar, 1 x Phantom Thieves Guitar, 1 x TBD (SID_Placeholder_930), 1 x Panther's Eyes, 1 x Joker's Eyes for -1 MtxCurrency",9600,3800,5800,0.6042,1,2026-09-26T00:00:00Z,2026-10-05T23:59:59.999Z,1,0,-1,Persona5,Persona 5 Royal,193,billboard,Size_4_x_1,,1,Persona 5 Royal Bundle,18,track,sid_placeholder_930,Life Will Change,,,,,,,2026-09-25T13:01:49Z
2026-09-30,v2:/2d371ce5a745334f33757ecce7da10d0269b4e8e5ce49af6178dda3d4b9f6c29,"[VIRTUAL]1 x Joker (Persona 5), 1 x Shujin Academy Backpack, 1 x Silver Dagger, 1 x Panther (P5R), 1 x Carmen's Heart, 1 x Carmen's Heart Flail, 1 x Morgana (Persona 5), 1 x Morgana Slippers, 1 x Panther's Showtime, 1 x Carmen's Microphone, 1 x Carmen's Microphone, 1 x Carmen's Microphone, 1 x Phantom Thieves Guitar, 1 x Phantom Thieves Guitar, 1 x Phantom Thieves Guitar, 1 x TBD (SID_Placeholder_930), 1 x Panther's Eyes, 1 x Joker's Eyes for -1 MtxCurrency",9600,3800,5800,0.6042,1,2026-09-26T00:00:00Z,2026-10-05T23:59:59.999Z,1,0,-1,Persona5,Persona 5 Royal,193,billboard,Size_4_x_1,,1,Persona 5 Royal Bundle,18,instrument,Sparks_DebitScent_Mic,Carmen's Microphone,mic,gaminglegends,Gaming Legends Series,,,,2026-09-25T13:00:42Z
2026-09-30,v2:/2d371ce5a745334f33757ecce7da10d0269b4e8e5ce49af6178dda3d4b9f6c29,"[VIRTUAL]1 x Joker (Persona 5), 1 x Shujin Academy Backpack, 1 x Silver Dagger, 1 x Panther (P5R), 1 x Carmen's Heart, 1 x Carmen's Heart Flail, 1 x Morgana (Persona 5), 1 x Morgana Slippers, 1 x Panther's Showtime, 1 x Carmen's Microphone, 1 x Carmen's Microphone, 1 x Carmen's Microphone, 1 x Phantom Thieves Guitar, 1 x Phantom Thieves Guitar, 1 x Phantom Thieves Guitar, 1 x TBD (SID_Placeholder_930), 1 x Panther's Eyes, 1 x Joker's Eyes for -1 MtxCurrency",9600,3800,5800,0.6042,1,2026-09-26T00:00:00Z,2026-10-05T23:59:59.999Z,1,0,-1,Persona5,Persona 5 Royal,193,billboard,Size_4_x_1,,1,Persona 5 Royal Bundle,18,instrument,Sparks_CosmicTrellis_Guitar,Phantom Thieves Guitar,guitar,gaminglegends,Gaming Legends Series,,,,2026-09-24T16:00:38Z
2026-09-30,v2:/ee7b4105f44ef4de9c8ca179de7af0e6b848cb516688b54d932e7c76d5682fb2,[VIRTUAL]1 x FNCS Scythe for 500 MtxCurrency,500,500,0,0.0,0,2026-09-23T00:00:00Z,2026-09-30T23:59:59.999Z,1,0,-2,CyberFNCS,FNCS,184,tileGrid,Size_1_x_1,,0,,1,br,Pickaxe_FNCS_42,FNCS Scythe,pickaxe,uncommon,,Final Reckoning,7,4,2026-09-17T16:17:14Z
2026-09-30,v2:/2facef0398f34d007b8339f5a358221fd1c73fca5fc563e55d538199daedd27e,[VIRTUAL]1 x Walker Club for 500 MtxCurrency,500,500,0,0.0,0,2026-09-27T00:00:00Z,2026-09-30T23:59:59.999Z,1,0,-4,WalkingDead1,The Walking Dead,182,tileGrid,Size_1_x_1,,0,,1,br,Pickaxe_ID_680_TomcatMale_LOSMX,Walker Club,pickaxe,uncommon,,Survivors in Arms,2,8,2021-10-10T00:00:00Z
2026-09-30,v2:/4babd74eb87d11933c62fcedc1581bbce8240cb0529e212958b4856576420ea0,[VIRTUAL]1 x TBD (SID_Placeholder_299) for 500 MtxCurrency,500,500,0,0.0,0,2026-09-01T00:00:00Z,2026-09-30T23:59:59.999Z,1,0,-36,JT092526,Jam Tracks,177,expandableList,Size_1_x_1,,0,,1,track,sid_placeholder_299,I Write Sins Not Tragedies,,,,,,,2025-01-23T15:05:07Z
2026-09-30,v2:/c4badd51ba6b067cfe1c2fd7484aac3c121a7751526444e2a647dffa45881224,[VIRTUAL]1 x Wavepiercer for 300 MtxCurrency,300,300,0,0.0,0,2026-09-28T00:00:00Z,2026-10-01T23:59:59.999Z,1,0,-4,,,,,Size_1_x_1,,0,,1,br,BID_418_BulletBlueMale,Wavepiercer,backpack,rare,,Open Water,2,1,2019-11-20T12:51:15Z
2026-09-30,v2:/2b241acb203db5f67c90d9978d5328c08652e2ebc9179269117cb4ccc3cb7881,"[VIRTUAL]1 x Pumpkin King, 1 x Sally, 1 x Worm's Wort, 1 x Sally's Soup Ladle, 1 x King's Parade Horse, 1 x Town Signpost, 1 x Rot Iron Trident, 1 x BOO!, 1 x I Am the Pumpkin King, 1 x Banner Icon, 1 x This is Halloween Town for -1 MtxCurrency",5100,3400,1700,0.3333,1,2026-09-28T00:00:00Z,2026-10-01T23:59:59.999Z,1,0,-1,KHNightmare1,Disney,190,tileGrid,Size_2_x_1,,1,Pumpkin King & Sally Bundle,10,br,Character_BurntBagel,Pumpkin King,outfit,epic,,The Pumpkin King,5,4,2024-10-12T06:22:57Z
2026-09-30,v2:/2b241acb203db5f67c90d9978d5328c08652e2ebc9179269117cb4ccc3cb7881,"[VIRTUAL]1 x Pumpkin King, 1 x Sally, 1 x Worm's Wort, 1 x Sally's Soup Ladle, 1 x King's Parade Horse, 1 x Town Signpost, 1 x Rot Iron Trident, 1 x BOO!, 1 x I Am the Pumpkin King, 1 x Banner Icon, 1 x This is Halloween Town for -1 MtxCurrency",5100,3400,1700,0.3333,1,2026-09-28T00:00:00Z,2026-10-01T23:59:59.999Z,1,0,-1,KHNightmare1,Disney,190,tileGrid,Size_2_x_1,,1,Pumpkin King & Sally Bundle,10,br,Character_HayBrush,Sally,outfit,epic,,Sewn Sally,5,4,2024-10-12T06:22:57Z
2026-09-30,v2:/2b241acb203db5f67c90d9978d5328c08652e2ebc9179269117cb4ccc3cb7881,"[VIRTUAL]1 x Pumpkin King, 1 x Sally, 1 x Worm's Wort, 1 x Sally's Soup Ladle, 1 x King's Parade Horse, 1 x Town Signpost, 1 x Rot Iron Trident, 1 x BOO!, 1 x I Am the Pumpkin King, 1 x Banner Icon, 1 x This is Halloween Town for -1 MtxCurrency",5100,3400,1700,0.3333,1,2026-09-28T00:00:00Z,2026-10-01T23:59:59.999Z,1,0,-1,KHNightmare1,Disney,190,tileGrid,Size_2_x_1,,1,Pumpkin King & Sally Bundle,10,br,Backpack_HayBrush,Worm's Wort,backpack,rare,,Sewn Sally,5,4,2024-10-12T06:22:57Z
2026-09-30,v2:/2b241acb203db5f67c90d9978d5328c08652e2ebc9179269117cb4ccc3cb7881,"[VIRTUAL]1 x Pumpkin King, 1 x Sally, 1 x Worm's Wort, 1 x Sally's Soup Ladle, 1 x King's Parade Horse, 1 x Town Signpost, 1 x Rot Iron Trident, 1 x BOO!, 1 x I Am the Pumpkin King, 1 x Banner Icon, 1 x This is Halloween Town for -1 MtxCurrency",5100,3400,1700,0.3333,1,2026-09-28T00:00:00Z,2026-10-01T23:59:59.999Z,1,0,-1,KHNightmare1,Disney,190,tileGrid,Size_2_x_1,,1,Pumpkin King & Sally Bundle,10,br,Pickaxe_HayBrush,Sally's Soup Ladle,pickaxe,rare,,Sewn Sally,5,4,2024-10-12T06:22:57Z
2026-09-30,v2:/2b241acb203db5f67c90d9978d5328c08652e2ebc9179269117cb4ccc3cb7881,"[VIRTUAL]1 x Pumpkin King, 1 x Sally, 1 x Worm's Wort, 1 x Sally's Soup Ladle, 1 x King's Parade Horse, 1 x Town Signpost, 1 x Rot Iron Trident, 1 x BOO!, 1 x I Am the Pumpkin King, 1 x Banner Icon, 1 x This is Halloween Town for -1 MtxCurrency",5100,3400,1700,0.3333,1,2026-09-28T00:00:00Z,2026-10-01T23:59:59.999Z,1,0,-1,KHNightmare1,Disney,190,tileGrid,Size_2_x_1,,1,Pumpkin King & Sally Bundle,10,br,Glider_BurntBagel,King's Parade Horse,glider,epic,,The Pumpkin King,5,4,2024-10-12T06:22:57Z
2026-09-30,v2:/2b241acb203db5f67c90d9978d5328c08652e2ebc9179269117cb4ccc3cb7881,"[VIRTUAL]1 x Pumpkin King, 1 x Sally, 1 x Worm's Wort, 1 x Sally's Soup Ladle, 1 x King's Parade Horse, 1 x Town Signpost, 1 x Rot Iron Trident, 1 x BOO!, 1 x I Am the Pumpkin King, 1 x Banner Icon, 1 x This is Halloween Town for -1 MtxCurrency",5100,3400,1700,0.3333,1,2026-09-28T00:00:00Z,2026-10-01T23:59:59.999Z,1,0,-1,KHNightmare1,Disney,190,tileGrid,Size_2_x_1,,1,Pumpkin King & Sally Bundle,10,br,Backpack_BurntBagel,Town Signpost,backpack,rare,,The Pumpkin King,5,4,2024-10-12T06:22:57Z
2026-09-30,v2:/2b241acb203db5f67c90d9978d5328c08652e2ebc9179269117cb4ccc3cb7881,"[VIRTUAL]1 x Pumpkin King, 1 x Sally, 1 x Worm's Wort, 1 x Sally's Soup Ladle, 1 x King's Parade Horse, 1 x Town Signpost, 1 x Rot Iron Trident, 1 x BOO!, 1 x I Am the Pumpkin King, 1 x Banner Icon, 1 x This is Halloween Town for -1 MtxCurrency",5100,3400,1700,0.3333,1,2026-09-28T00:00:00Z,2026-10-01T23:59:59.999Z,1,0,-1,KHNightmare1,Disney,190,tileGrid,Size_2_x_1,,1,Pumpkin King & Sally Bundle,10,br,Pickaxe_BurntBagel,Rot Iron Trident,pickaxe,rare,,The Pumpkin King,5,4,2024-10-12T06:22:57Z
2026-09-30,v2:/2b241acb203db5f67c90d9978d5328c08652e2ebc9179269117cb4ccc3cb7881,"[VIRTUAL]1 x Pumpkin King, 1 x Sally, 1 x Worm's Wort, 1 x Sally's Soup Ladle, 1 x King's Parade Horse, 1 x Town Signpost, 1 x Rot Iron Trident, 1 x BOO!, 1 x I Am the Pumpkin King, 1 x Banner Icon, 1 x This is Halloween Town for -1 MtxCurrency",5100,3400,1700,0.3333,1,2026-09-28T00:00:00Z,2026-10-01T23:59:59.999Z,1,0,-1,KHNightmare1,Disney,190,tileGrid,Size_2_x_1,,1,Pumpkin King & Sally Bundle,10,br,EID_BurntBagel,BOO!,emote,uncommon,,The Pumpkin King,5,4,2024-10-12T06:22:57Z
2026-09-30,v2:/2b241acb203db5f67c90d9978d5328c08652e2ebc9179269117cb4ccc3cb7881,"[VIRTUAL]1 x Pumpkin King, 1 x Sally, 1 x Worm's Wort, 1 x Sally's Soup Ladle, 1 x King's Parade Horse, 1 x Town Signpost, 1 x Rot Iron Trident, 1 x BOO!, 1 x I Am the Pumpkin King, 1 x Banner Icon, 1 x This is Halloween Town for -1 MtxCurrency",5100,3400,1700,0.3333,1,2026-09-28T00:00:00Z,2026-10-01T23:59:59.999Z,1,0,-1,KHNightmare1,Disney,190,tileGrid,Size_2_x_1,,1,Pumpkin King & Sally Bundle,10,br,Spray_BurntBagel,I Am the Pumpkin King,spray,uncommon,,The Pumpkin King,5,4,2024-10-12T06:22:57Z
2026-09-30,v2:/2b241acb203db5f67c90d9978d5328c08652e2ebc9179269117cb4ccc3cb7881,"[VIRTUAL]1 x Pumpkin King, 1 x Sally, 1 x Worm's Wort, 1 x Sally's Soup Ladle, 1 x King's Parade Horse, 1 x Town Signpost, 1 x Rot Iron Trident, 1 x BOO!, 1 x I Am the Pumpkin King, 1 x Banner Icon, 1 x This is Halloween Town for -1 MtxCurrency",5100,3400,1700,0.3333,1,2026-09-28T00:00:00Z,2026-10-01T23:59:59.999Z,1,0,-1,KHNightmare1,Disney,190,tileGrid,Size_2_x_1,,1,Pumpkin King & Sally Bundle,10,br,Spray_BurntBagel2,This is Halloween Town,spray,uncommon,,The Pumpkin King,5,4,2024-10-12T06:22:57Z
2026-09-30,v2:/7a1f6ea61e86946e4830e0b7e5aa9fba8ac491b48d8c316278ea17ab430030d5,[VIRTUAL]1 x Carry on Wayward Son for 500 MtxCurrency,500,500,0,0.0,0,2026-09-01T00:00:00Z,2026-09-30T23:59:59.999Z,1,0,-43,JT092526,Jam Tracks,177,expandableList,Size_1_x_1,,0,,1,track,sid_placeholder_11,Carry on Wayward Son,,,,,,,2024-03-20T00:05:45Z
2026-09-30,v2:/cba396da5a046fcace24ec9d12ada8979ce208ee18f1ee017805dec40761038a,[VIRTUAL]1 x TBD (SID_Placeholder_904) for 500 MtxCurrency,500,500,0,0.0,0,2026-09-17T00:00:00Z,2026-10-01T23:59:59.999Z,1,0,-3,KingdomHearts,Kingdom Hearts,191,tileGrid,Size_1_x_1,,0,,1,track,sid_placeholder_904,Dearly Beloved,,,,,,,2026-09-15T14:22:50Z
2026-09-30,v2:/cbef140b7b16aacced7ab4d590dc8842e0bfb3c78bd62012df288fa1a26ba16b,"[VIRTUAL]1 x Pixie, 1 x Skelly Bitz, 1 x Byte Bashers for -1 MtxCurrency",1900,1200,700,0.3684,1,2026-09-29T00:00:00Z,2026-09-30T23:59:59.999Z,1,0,-1,BR093026,Fit Check,185,tileGrid,Size_1_x_1,,1,Bright Bytes Bundle,3,br,Character_BitFight,Pixie,outfit,epic,,Bright Bytes,6,5,2025-08-26T08:18:15Z
2026-09-30,v2:/cbef140b7b16aacced7ab4d590dc8842e0bfb3c78bd62012df288fa1a26ba16b,"[VIRTUAL]1 x Pixie, 1 x Skelly Bitz, 1 x Byte Bashers for -1 MtxCurrency",1900,1200,700,0.3684,1,2026-09-29T00:00:00Z,2026-09-30T23:59:59.999Z,1,0,-1,BR093026,Fit Check,185,tileGrid,Size_1_x_1,,1,Bright Bytes Bundle,3,br,Backpack_BitFight,Skelly Bitz,backpack,rare,,Bright Bytes,6,5,2025-08-26T08:18:15Z
2026-09-30,v2:/cbef140b7b16aacced7ab4d590dc8842e0bfb3c78bd62012df288fa1a26ba16b,"[VIRTUAL]1 x Pixie, 1 x Skelly Bitz, 1 x Byte Bashers for -1 MtxCurrency",1900,1200,700,0.3684,1,2026-09-29T00:00:00Z,2026-09-30T23:59:59.999Z,1,0,-1,BR093026,Fit Check,185,tileGrid,Size_1_x_1,,1,Bright Bytes Bundle,3,br,Pickaxe_BitFight,Byte Bashers,pickaxe,rare,,Bright Bytes,6,5,2025-08-26T08:18:15Z
2026-09-30,v2:/2e937c5003f45740083b8dc13d7d7686b8e874998dc84715bf243b8b4e4ff6d2,[VIRTUAL]1 x Crashing Satellite for 800 MtxCurrency,800,800,0,0.0,0,2026-09-27T00:00:00Z,2026-09-30T23:59:59.999Z,1,0,-3,WalkingDead1,The Walking Dead,182,tileGrid,Size_1_x_1,,0,,1,br,Glider_ID_318_Wombat_1MQMN,Crashing Satellite,glider,rare,,Survivors in Arms,2,8,2021-10-10T00:00:00Z
2026-09-30,v2:/3509df43725f18fc96a6a401ffdc56e503e0cbb603df6d03bcb6a6cf28748e7f,[VIRTUAL]1 x Blinding Lights for 500 MtxCurrency,500,500,0,0.0,0,2026-09-01T00:00:00Z,2026-09-30T23:59:59.999Z,1,0,-28,JT092526,Jam Tracks,177,expandableList,Size_1_x_1,,0,,1,track,sid_placeholder_93,Blinding Lights,,,,,,,2024-01-05T21:55:08Z
2026-09-30,v2:/0bf7aecccb7fb82e20b6e385586bf43c1625d0bc1b2a1f33e94f2c03e473701f,[VIRTUAL]1 x TBD (SID_Placeholder_391) for 500 MtxCurrency,500,500,0,0.0,0,2026-09-01T00:00:00Z,2026-09-30T23:59:59.999Z,1,0,-80,JT092526,Jam Tracks,177,expandableList,Size_1_x_1,,0,,1,track,sid_placeholder_391,Locked Out Of Heaven,,,,,,,2025-07-16T00:00:48Z
2026-09-30,v2:/b26c5fa14a8a11b8d7f6b3f24ddc26c59cfa115b40676e88f6950ec404782557,[VIRTUAL]1 x Ironmouse's Blade of Love for 800 MtxCurrency,800,800,0,0.0,0,2026-09-19T00:00:00Z,2026-10-02T23:59:59.999Z,1,0,-2,IronMouse2,Ironmouse,189,tileGrid,Size_1_x_1,,0,,1,br,Pickaxe_FeelUnionSki,Ironmouse's Blade of Love,pickaxe,rare,,Ironmouse,7,4,2026-09-17T16:17:14Z
2026-09-30,v2:/8be647278239e6b82ae12b17ed16553c1f9579486d2dc3ae1674cd814884bc4b,[VIRTUAL]1 x Louis Plushie for 400 MtxCurrency,400,400,0,0.0,0,2026-09-26T00:00:00Z,2026-09-30T23:59:59.999Z,1,0,-1,,,,,Size_1_x_1,,0,,1,br,Backpack_ChimeCurlCorn,Louis Plushie,backpack,icon,Icon Series,LISA,7,1,2025-11-29T19:00:00Z
2026-09-30,v2:/3c8411b88395ebbbb3fcb3b04aee572e9e4962002c2c2909418e5592373b84d6,[VIRTUAL]1 x Plastic Patroller for 800 MtxCurrency,800,800,0,0.0,0,2026-09-29T00:00:00Z,2026-10-05T23:59:59.999Z,1,0,-2,NS092926,No Sweat,186,tileGrid,Size_1_x_1,,0,,1,br,CID_435_Athena_Commando_M_MunitionsExpertGreenPlastic,Plastic Patroller,outfit,uncommon,,Toy Soldier,1,9,2019-11-20T12:49:58Z
2026-09-30,v2:/b35994c86a3a512a7a6e2ddad85e3d4817710930b97085900cc2feeb646d35e0,[VIRTUAL]1 x Hell Again for 500 MtxCurrency,500,500,0,0.0,0,2026-09-19T00:00:00Z,2026-10-02T23:59:59.999Z,1,0,-3,IronMouse2,Ironmouse,189,tileGrid,Size_1_x_1,,0,,1,br,EID_FeelUnionMoo,Hell Again,emote,uncommon,,Ironmouse,7,4,2026-09-17T16:17:14Z
2026-09-30,v2:/b41b7134f0c2e3adde3bad83d9a09aa3a931d93c568c925d5f88034dba29ee08,"[VIRTUAL]1 x Madison's Mic, 1 x Madison's Mic, 1 x Madison's Mic for 800 MtxCurrency",800,800,0,0.0,0,2026-09-25T00:00:00Z,2026-10-04T23:59:59.999Z,1,0,-2,MadisonBeer,Madison Beer,194,tileGrid,Size_1_x_1,,0,,3,br,Backpack_MistTycoon_Mic,Madison's Mic,backpack,icon,Icon Series,Madison Beer,7,4,2026-09-24T13:00:55Z
2026-09-30,v2:/b41b7134f0c2e3adde3bad83d9a09aa3a931d93c568c925d5f88034dba29ee08,"[VIRTUAL]1 x Madison's Mic, 1 x Madison's Mic, 1 x Madison's Mic for 800 MtxCurrency",800,800,0,0.0,0,2026-09-25T00:00:00Z,2026-10-04T23:59:59.999Z,1,0,-2,MadisonBeer,Madison Beer,194,tileGrid,Size_1_x_1,,0,,3,br,Pickaxe_MistTycoon_Mic,Madison's Mic,pickaxe,icon,Icon Series,Madison Beer,7,4,2026-09-24T13:00:55Z
2026-09-30,v2:/b41b7134f0c2e3adde3bad83d9a09aa3a931d93c568c925d5f88034dba29ee08,"[VIRTUAL]1 x Madison's Mic, 1 x Madison's Mic, 1 x Madison's Mic for 800 MtxCurrency",800,800,0,0.0,0,2026-09-25T00:00:00Z,2026-10-04T23:59:59.999Z,1,0,-2,MadisonBeer,Madison Beer,194,tileGrid,Size_1_x_1,,0,,3,instrument,Sparks_MistTycoon_Mic,Madison's Mic,mic,icon,Icon Series,,,,2026-09-24T13:00:55Z
2026-09-30,v2:/cb23ad32b614e614a781eea400a64fa1228ba27cc8fbac6749877129b612362e,[VIRTUAL]1 x Ain't No Rest For The Wicked for 500 MtxCurrency,500,500,0,0.0,0,2026-09-01T00:00:00Z,2026-09-30T23:59:59.999Z,1,0,-66,JT092526,Jam Tracks,177,expandableList,Size_1_x_1,,0,,1,track,sid_placeholder_296,Ain't No Rest For The Wicked,,,,,,,2024-08-09T00:00:00Z
2026-09-30,v2:/6cd2c6a3f9b1ae287081241a86f60670943e31705d55cc879108fd6617b224d5,"[VIRTUAL]1 x Alias, 1 x Caper, 1 x Heartline, 1 x Beat Breaker, 1 x Rare Wear, 1 x Hamster Bold, 1 x Peace Bear, 1 x No More, 1 x Break Point Ultra, 1 x Rare Drip, 1 x Kiss Off, 1 x Break Point Freestyle, 1 x Speed Splat, 1 x Hamster Overdrive, 1 x Neo Revolution, 1 x Peel'd Face, 1 x Fishy Face, 1 x Crack'd Face, 1 x Skull & Crossbears, 1 x Fort Future, 1 x Royale Rep, 1 x Sharp Duck, 1 x Fortunate, 1 x All Time Drip, 1 x Hamster Cabbie, 1 x Tomato Face, 1 x Cuddle Face, 1 x Skull Face, 1 x Grim Grin, 1 x Hare-Raising, 1 x Dire Goat, 1 x Neon Payback, 1 x Taxi Attack, 1 x Hearts Aflutter, 1 x Future Goat, 1 x Durrr Face, 1 x Meow Face, 1 x Drift Face for -1 MtxCurrency",2400,1800,600,0.25,1,2026-09-30T00:00:00Z,2026-10-02T23:59:59.999Z,1,0,-1,BR093026,Fit Check,185,tileGrid,Size_2_x_1,,1,Escape Artists Bundle,38,br,Character_Jumpsuit_Mutable,Alias,outfit,epic,,Escape Artists,4,4,2023-08-27T00:00:00Z
2026-09-30,v2:/6cd2c6a3f9b1ae287081241a86f60670943e31705d55cc879108fd6617b224d5,"[VIRTUAL]1 x Alias, 1 x Caper, 1 x Heartline, 1 x Beat Breaker, 1 x Rare Wear, 1 x Hamster Bold, 1 x Peace Bear, 1 x No More, 1 x Break Point Ultra, 1 x Rare Drip, 1 x Kiss Off, 1 x Break Point Freestyle, 1 x Speed Splat, 1 x Hamster Overdrive, 1 x Neo Revolution, 1 x Peel'd Face, 1 x Fishy Face, 1 x Crack'd Face, 1 x Skull & Crossbears, 1 x Fort Future, 1 x Royale Rep, 1 x Sharp Duck, 1 x Fortunate, 1 x All Time Drip, 1 x Hamster Cabbie, 1 x Tomato Face, 1 x Cuddle Face, 1 x Skull Face, 1 x Grim Grin, 1 x Hare-Raising, 1 x Dire Goat, 1 x Neon Payback, 1 x Taxi Attack, 1 x Hearts Aflutter, 1 x Future Goat, 1 x Durrr Face, 1 x Meow Face, 1 x Drift Face for -1 MtxCurrency",2400,1800,600,0.25,1,2026-09-30T00:00:00Z,2026-10-02T23:59:59.999Z,1,0,-1,BR093026,Fit Check,185,tileGrid,Size_2_x_1,,1,Escape Artists Bundle,38,br,Character_Jumpsuit_Scrap_Mutable,Caper,outfit,epic,,Escape Artists,4,4,2023-08-27T00:00:00Z
2026-09-30,v2:/6cd2c6a3f9b1ae287081241a86f60670943e31705d55cc879108fd6617b224d5,"[VIRTUAL]1 x Alias, 1 x Caper, 1 x Heartline, 1 x Beat Breaker, 1 x Rare Wear, 1 x Hamster Bold, 1 x Peace Bear, 1 x No More, 1 x Break Point Ultra, 1 x Rare Drip, 1 x Kiss Off, 1 x Break Point Freestyle, 1 x Speed Splat, 1 x Hamster Overdrive, 1 x Neo Revolution, 1 x Peel'd Face, 1 x Fishy Face, 1 x Crack'd Face, 1 x Skull & Crossbears, 1 x Fort Future, 1 x Royale Rep, 1 x Sharp Duck, 1 x Fortunate, 1 x All Time Drip, 1 x Hamster Cabbie, 1 x Tomato Face, 1 x Cuddle Face, 1 x Skull Face, 1 x Grim Grin, 1 x Hare-Raising, 1 x Dire Goat, 1 x Neon Payback, 1 x Taxi Attack, 1 x Hearts Aflutter, 1 x Future Goat, 1 x Durrr Face, 1 x Meow Face, 1 x Drift Face for -1 MtxCurrency",2400,1800,600,0.25,1,2026-09-30T00:00:00Z,2026-10-02T23:59:59.999Z,1,0,-1,BR093026,Fit Check,185,tileGrid,Size_2_x_1,,1,Escape Artists Bundle,38,br,Spray_Jumpsuit_1,Heartline,spray,uncommon,,Escape Artists,4,4,2023-02-14T10:24:42Z
2026-09-30,v2:/6cd2c6a3f9b1ae287081241a86f60670943e31705d55cc879108fd6617b224d5,"[VIRTUAL]1 x Alias, 1 x Caper, 1 x Heartline, 1 x Beat Breaker, 1 x Rare Wear, 1 x Hamster Bold, 1 x Peace Bear, 1 x No More, 1 x Break Point Ultra, 1 x Rare Drip, 1 x Kiss Off, 1 x Break Point Freestyle, 1 x Speed Splat, 1 x Hamster Overdrive, 1 x Neo Revolution, 1 x Peel'd Face, 1 x Fishy Face, 1 x Crack'd Face, 1 x Skull & Crossbears, 1 x Fort Future, 1 x Royale Rep, 1 x Sharp Duck, 1 x Fortunate, 1 x All Time Drip, 1 x Hamster Cabbie, 1 x Tomato Face, 1 x Cuddle Face, 1 x Skull Face, 1 x Grim Grin, 1 x Hare-Raising, 1 x Dire Goat, 1 x Neon Payback, 1 x Taxi Attack, 1 x Hearts Aflutter, 1 x Future Goat, 1 x Durrr Face, 1 x Meow Face, 1 x Drift Face for -1 MtxCurrency",2400,1800,600,0.25,1,2026-09-30T00:00:00Z,2026-10-02T23:59:59.999Z,1,0,-1,BR093026,Fit Check,185,tileGrid,Size_2_x_1,,1,Escape Artists Bundle,38,br,Spray_Jumpsuit_9,Beat Breaker,spray,uncommon,,Escape Artists,4,4,2023-02-14T10:24:42Z
2026-09-30,v2:/6cd2c6a3f9b1ae287081241a86f60670943e31705d55cc879108fd6617b224d5,"[VIRTUAL]1 x Alias, 1 x Caper, 1 x Heartline, 1 x Beat Breaker, 1 x Rare Wear, 1 x Hamster Bold, 1 x Peace Bear, 1 x No More, 1 x Break Point Ultra, 1 x Rare Drip, 1 x Kiss Off, 1 x Break Point Freestyle, 1 x Speed Splat, 1 x Hamster Overdrive, 1 x Neo Revolution, 1 x Peel'd Face, 1 x Fishy Face, 1 x Crack'd Face, 1 x Skull & Crossbears, 1 x Fort Future, 1 x Royale Rep, 1 x Sharp Duck, 1 x Fortunate, 1 x All Time Drip, 1 x Hamster Cabbie, 1 x Tomato Face, 1 x Cuddle Face, 1 x Skull Face, 1 x Grim Grin, 1 x Hare-Raising, 1 x Dire Goat, 1 x Neon Payback, 1 x Taxi Attack, 1 x Hearts Aflutter, 1 x Future Goat, 1 x Durrr Face, 1 x Meow Face, 1 x Drift Face for -1 MtxCurrency",2400,1800,600,0.25,1,2026-09-30T00:00:00Z,2026-10-02T23:59:59.999Z,1,0,-1,BR093026,Fit Check,185,tileGrid,Size_2_x_1,,1,Escape Artists Bundle,38,br,Spray_Jumpsuit_17,Rare Wear,spray,uncommon,,Escape Artists,4,4,2023-02-14T10:24:42Z
2026-09-30,v2:/6cd2c6a3f9b1ae287081241a86f60670943e31705d55cc879108fd6617b224d5,"[VIRTUAL]1 x Alias, 1 x Caper, 1 x Heartline, 1 x Beat Breaker, 1 x Rare Wear, 1 x Hamster Bold, 1 x Peace Bear, 1 x No More, 1 x Break Point Ultra, 1 x Rare Drip, 1 x Kiss Off, 1 x Break Point Freestyle, 1 x Speed Splat, 1 x Hamster Overdrive, 1 x Neo Revolution, 1 x Peel'd Face, 1 x Fishy Face, 1 x Crack'd Face, 1 x Skull & Crossbears, 1 x Fort Future, 1 x Royale Rep, 1 x Sharp Duck, 1 x Fortunate, 1 x All Time Drip, 1 x Hamster Cabbie, 1 x Tomato Face, 1 x Cuddle Face, 1 x Skull Face, 1 x Grim Grin, 1 x Hare-Raising, 1 x Dire Goat, 1 x Neon Payback, 1 x Taxi Attack, 1 x Hearts Aflutter, 1 x Future Goat, 1 x Durrr Face, 1 x Meow Face, 1 x Drift Face for -1 MtxCurrency",2400,1800,600,0.25,1,2026-09-30T00:00:00Z,2026-10-02T23:59:59.999Z,1,0,-1,BR093026,Fit Check,185,tileGrid,Size_2_x_1,,1,Escape Artists Bundle,38,br,Spray_Jumpsuit_4,Hamster Bold,spray,uncommon,,Escape Artists,4,4,2023-02-14T10:24:42Z
2026-09-30,v2:/6cd2c6a3f9b1ae287081241a86f60670943e31705d55cc879108fd6617b224d5,"[VIRTUAL]1 x Alias, 1 x Caper, 1 x Heartline, 1 x Beat Breaker, 1 x Rare Wear, 1 x Hamster Bold, 1 x Peace Bear, 1 x No More, 1 x Break Point Ultra, 1 x Rare Drip, 1 x Kiss Off, 1 x Break Point Freestyle, 1 x Speed Splat, 1 x Hamster Overdrive, 1 x Neo Revolution, 1 x Peel'd Face, 1 x Fishy Face, 1 x Crack'd Face, 1 x Skull & Crossbears, 1 x Fort Future, 1 x Royale Rep, 1 x Sharp Duck, 1 x Fortunate, 1 x All Time Drip, 1 x Hamster Cabbie, 1 x Tomato Face, 1 x Cuddle Face, 1 x Skull Face, 1 x Grim Grin, 1 x Hare-Raising, 1 x Dire Goat, 1 x Neon Payback, 1 x Taxi Attack, 1 x Hearts Aflutter, 1 x Future Goat, 1 x Durrr Face, 1 x Meow Face, 1 x Drift Face for -1 MtxCurrency",2400,1800,600,0.25,1,2026-09-30T00:00:00Z,2026-10-02T23:59:59.999Z,1,0,-1,BR093026,Fit Check,185,tileGrid,Size_2_x_1,,1,Escape Artists Bundle,38,br,Spray_Jumpsuit_16,Peace Bear,spray,uncommon,,Escape Artists,4,4,2023-02-14T10:24:42Z
2026-09-30,v2:/6cd2c6a3f9b1ae287081241a86f60670943e31705d55cc879108fd6617b224d5,"[VIRTUAL]1 x Alias, 1 x Caper, 1 x Heartline, 1 x Beat Breaker, 1 x Rare Wear, 1 x Hamster Bold, 1 x Peace Bear, 1 x No More, 1 x Break Point Ultra, 1 x Rare Drip, 1 x Kiss Off, 1 x Break Point Freestyle, 1 x Speed Splat, 1 x Hamster Overdrive, 1 x Neo Revolution, 1 x Peel'd Face, 1 x Fishy Face, 1 x Crack'd Face, 1 x Skull & Crossbears, 1 x Fort Future, 1 x Royale Rep, 1 x Sharp Duck, 1 x Fortunate, 1 x All Time Drip, 1 x Hamster Cabbie, 1 x Tomato Face, 1 x Cuddle Face, 1 x Skull Face, 1 x Grim Grin, 1 x Hare-Raising, 1 x Dire Goat, 1 x Neon Payback, 1 x Taxi Attack, 1 x Hearts Aflutter, 1 x Future Goat, 1 x Durrr Face, 1 x Meow Face, 1 x Drift Face for -1 MtxCurrency",2400,1800,600,0.25,1,2026-09-30T00:00:00Z,2026-10-02T23:59:59.999Z,1,0,-1,BR093026,Fit Check,185,tileGrid,Size_2_x_1,,1,Escape Artists Bundle,38,br,Spray_Jumpsuit_20,No More,spray,uncommon,,Escape Artists,4,4,2023-02-14T10:24:42Z
2026-09-30,v2:/6cd2c6a3f9b1ae287081241a86f60670943e31705d55cc879108fd6617b224d5,"[VIRTUAL]1 x Alias, 1 x Caper, 1 x Heartline, 1 x Beat Breaker, 1 x Rare Wear, 1 x Hamster Bold, 1 x Peace Bear, 1 x No More, 1 x Break Point Ultra, 1 x Rare Drip, 1 x Kiss Off, 1 x Break Point Freestyle, 1 x Speed Splat, 1 x Hamster Overdrive, 1 x Neo Revolution, 1 x Peel'd Face, 1 x Fishy Face, 1 x Crack'd Face, 1 x Skull & Crossbears, 1 x Fort Future, 1 x Royale Rep, 1 x Sharp Duck, 1 x Fortunate, 1 x All Time Drip, 1 x Hamster Cabbie, 1 x Tomato Face, 1 x Cuddle Face, 1 x Skull Face, 1 x Grim Grin, 1 x Hare-Raising, 1 x Dire Goat, 1 x Neon Payback, 1 x Taxi Attack, 1 x Hearts Aflutter, 1 x Future Goat, 1 x Durrr Face, 1 x Meow Face, 1 x Drift Face for -1 MtxCurrency",2400,1800,600,0.25,1,2026-09-30T00:00:00Z,2026-10-02T23:59:59.999Z,1,0,-1,BR093026,Fit Check,185,tileGrid,Size_2_x_1,,1,Escape Artists Bundle,38,br,Spray_Jumpsuit_38,Break Point Ultra,spray,uncommon,,Escape Artists,4,4,2023-02-14T10:24:42Z
2026-09-30,v2:/6cd2c6a3f9b1ae287081241a86f60670943e31705d55cc879108fd6617b224d5,"[VIRTUAL]1 x Alias, 1 x Caper, 1 x Heartline, 1 x Beat Breaker, 1 x Rare Wear, 1 x Hamster Bold, 1 x Peace Bear, 1 x No More, 1 x Break Point Ultra, 1 x Rare Drip, 1 x Kiss Off, 1 x Break Point Freestyle, 1 x Speed Splat, 1 x Hamster Overdrive, 1 x Neo Revolution, 1 x Peel'd Face, 1 x Fishy Face, 1 x Crack'd Face, 1 x Skull & Crossbears, 1 x Fort Future, 1 x Royale Rep, 1 x Sharp Duck, 1 x Fortunate, 1 x All Time Drip, 1 x Hamster Cabbie, 1 x Tomato Face, 1 x Cuddle Face, 1 x Skull Face, 1 x Grim Grin, 1 x Hare-Raising, 1 x Dire Goat, 1 x Neon Payback, 1 x Taxi Attack, 1 x Hearts Aflutter, 1 x Future Goat, 1 x Durrr Face, 1 x Meow Face, 1 x Drift Face for -1 MtxCurrency",2400,1800,600,0.25,1,2026-09-30T00:00:00Z,2026-10-02T23:59:59.999Z,1,0,-1,BR093026,Fit Check,185,tileGrid,Size_2_x_1,,1,Escape Artists Bundle,38,br,Spray_Jumpsuit_18,Rare Drip,spray,uncommon,,Escape Artists,4,4,2023-02-14T10:24:42Z
2026-09-30,v2:/6cd2c6a3f9b1ae287081241a86f60670943e31705d55cc879108fd6617b224d5,"[VIRTUAL]1 x Alias, 1 x Caper, 1 x Heartline, 1 x Beat Breaker, 1 x Rare Wear, 1 x Hamster Bold, 1 x Peace Bear, 1 x No More, 1 x Break Point Ultra, 1 x Rare Drip, 1 x Kiss Off, 1 x Break Point Freestyle, 1 x Speed Splat, 1 x Hamster Overdrive, 1 x Neo Revolution, 1 x Peel'd Face, 1 x Fishy Face, 1 x Crack'd Face, 1 x Skull & Crossbears, 1 x Fort Future, 1 x Royale Rep, 1 x Sharp Duck, 1 x Fortunate, 1 x All Time Drip, 1 x Hamster Cabbie, 1 x Tomato Face, 1 x Cuddle Face, 1 x Skull Face, 1 x Grim Grin, 1 x Hare-Raising, 1 x Dire Goat, 1 x Neon Payback, 1 x Taxi Attack, 1 x Hearts Aflutter, 1 x Future Goat, 1 x Durrr Face, 1 x Meow Face, 1 x Drift Face for -1 MtxCurrency",2400,1800,600,0.25,1,2026-09-30T00:00:00Z,2026-10-02T23:59:59.999Z,1,0,-1,BR093026,Fit Check,185,tileGrid,Size_2_x_1,,1,Escape Artists Bundle,38,br,Spray_Jumpsuit_21,Kiss Off,spray,uncommon,,Escape Artists,4,4,2023-02-14T10:24:42Z
2026-09-30,v2:/6cd2c6a3f9b1ae287081241a86f60670943e31705d55cc879108fd6617b224d5,"[VIRTUAL]1 x Alias, 1 x Caper, 1 x Heartline, 1 x Beat Breaker, 1 x Rare Wear, 1 x Hamster Bold, 1 x Peace Bear, 1 x No More, 1 x Break Point Ultra, 1 x Rare Drip, 1 x Kiss Off, 1 x Break Point Freestyle, 1 x Speed Splat, 1 x Hamster Overdrive, 1 x Neo Revolution, 1 x Peel'd Face, 1 x Fishy Face, 1 x Crack'd Face, 1 x Skull & Crossbears, 1 x Fort Future, 1 x Royale Rep, 1 x Sharp Duck, 1 x Fortunate, 1 x All Time Drip, 1 x Hamster Cabbie, 1 x Tomato Face, 1 x Cuddle Face, 1 x Skull Face, 1 x Grim Grin, 1 x Hare-Raising, 1 x Dire Goat, 1 x Neon Payback, 1 x Taxi Attack, 1 x Hearts Aflutter, 1 x Future Goat, 1 x Durrr Face, 1 x Meow Face, 1 x Drift Face for -1 MtxCurrency",2400,1800,600,0.25,1,2026-09-30T00:00:00Z,2026-10-02T23:59:59.999Z,1,0,-1,BR093026,Fit Check,185,tileGrid,Size_2_x_1,,1,Escape Artists Bundle,38,br,Spray_Jumpsuit_3,Break Point Freestyle,spray,uncommon,,Escape Artists,4,4,2023-02-14T10:24:42Z
2026-09-30,v2:/6cd2c6a3f9b1ae287081241a86f60670943e31705d55cc879108fd6617b224d5,"[VIRTUAL]1 x Alias, 1 x Caper, 1 x Heartline, 1 x Beat Breaker, 1 x Rare Wear, 1 x Hamster Bold, 1 x Peace Bear, 1 x No More, 1 x Break Point Ultra, 1 x Rare Drip, 1 x Kiss Off, 1 x Break Point Freestyle, 1 x Speed Splat, 1 x Hamster Overdrive, 1 x Neo Revolution, 1 x Peel'd Face, 1 x Fishy Face, 1 x Crack'd Face, 1 x Skull & Crossbears, 1 x Fort Future, 1 x Royale Rep, 1 x Sharp Duck, 1 x Fortunate, 1 x All Time Drip, 1 x Hamster Cabbie, 1 x Tomato Face, 1 x Cuddle Face, 1 x Skull Face, 1 x Grim Grin, 1 x Hare-Raising, 1 x Dire Goat, 1 x Neon Payback, 1 x Taxi Attack, 1 x Hearts Aflutter, 1 x Future Goat, 1 x Durrr Face, 1 x Meow Face, 1 x Drift Face for -1 MtxCurrency",2400,1800,600,0.25,1,2026-09-30T00:00:00Z,2026-10-02T23:59:59.999Z,1,0,-1,BR093026,Fit Check,185,tileGrid,Size_2_x_1,,1,Escape Artists Bundle,38,br,Spray_Jumpsuit_19,Speed Splat,spray,uncommon,,Escape Artists,4,4,2023-02-14T10:24:42Z
2026-09-30,v2:/6cd2c6a3f9b1ae287081241a86f60670943e31705d55cc879108fd6617b224d5,"[VIRTUAL]1 x Alias, 1 x Caper, 1 x Heartline, 1 x Beat Breaker, 1 x Rare Wear, 1 x Hamster Bold, 1 x Peace Bear, 1 x No More, 1 x Break Point Ultra, 1 x Rare Drip, 1 x Kiss Off, 1 x Break Point Freestyle, 1 x Speed Splat, 1 x Hamster Overdrive, 1 x Neo Revolution, 1 x Peel'd Face, 1 x Fishy Face, 1 x Crack'd Face, 1 x Skull & Crossbears, 1 x Fort Future, 1 x Royale Rep, 1 x Sharp Duck, 1 x Fortunate, 1 x All Time Drip, 1 x Hamster Cabbie, 1 x Tomato Face, 1 x Cuddle Face, 1 x Skull Face, 1 x Grim Grin, 1 x Hare-Raising, 1 x Dire Goat, 1 x Neon Payback, 1 x Taxi Attack, 1 x Hearts Aflutter, 1 x Future Goat, 1 x Durrr Face, 1 x Meow Face, 1 x Drift Face for -1 MtxCurrency",2400,1800,600,0.25,1,2026-09-30T00:00:00Z,2026-10-02T23:59:59.999Z,1,0,-1,BR093026,Fit Check,185,tileGrid,Size_2_x_1,,1,Escape Artists Bundle,38,br,Spray_Jumpsuit_13,Hamster Overdrive,spray,uncommon,,Escape Artists,4,4,2023-02-14T10:24:42Z
2026-09-30,v2:/6cd2c6a3f9b1ae287081241a86f60670943e31705d55cc879108fd6617b224d5,"[VIRTUAL]1 x Alias, 1 x Caper, 1 x Heartline, 1 x Beat Breaker, 1 x Rare Wear, 1 x Hamster Bold, 1 x Peace Bear, 1 x No More, 1 x Break Point Ultra, 1 x Rare Drip, 1 x Kiss Off, 1 x Break Point Freestyle, 1 x Speed Splat, 1 x Hamster Overdrive, 1 x Neo Revolution, 1 x Peel'd Face, 1 x Fishy Face, 1 x Crack'd Face, 1 x Skull & Crossbears, 1 x Fort Future, 1 x Royale Rep, 1 x Sharp Duck, 1 x Fortunate, 1 x All Time Drip, 1 x Hamster Cabbie, 1 x Tomato Face, 1 x Cuddle Face, 1 x Skull Face, 1 x Grim Grin, 1 x Hare-Raising, 1 x Dire Goat, 1 x Neon Payback, 1 x Taxi Attack, 1 x Hearts Aflutter, 1 x Future Goat, 1 x Durrr Face, 1 x Meow Face, 1 x Drift Face for -1 MtxCurrency",2400,1800,600,0.25,1,2026-09-30T00:00:00Z,2026-10-02T23:59:59.999Z,1,0,-1,BR093026,Fit Check,185,tileGrid,Size_2_x_1,,1,Escape Artists Bundle,38,br,Spray_Jumpsuit_32,Neo Revolution,spray,uncommon,,Escape Artists,4,4,2023-02-14T10:24:42Z
2026-09-30,v2:/6cd2c6a3f9b1ae287081241a86f60670943e31705d55cc879108fd6617b224d5,"[VIRTUAL]1 x Alias, 1 x Caper, 1 x Heartline, 1 x Beat Breaker, 1 x Rare Wear, 1 x Hamster Bold, 1 x Peace Bear, 1 x No More, 1 x Break Point Ultra, 1 x Rare Drip, 1 x Kiss Off, 1 x Break Point Freestyle, 1 x Speed Splat, 1 x Hamster Overdrive, 1 x Neo Revolution, 1 x Peel'd Face, 1 x Fishy Face, 1 x Crack'd Face, 1 x Skull & Crossbears, 1 x Fort Future, 1 x Royale Rep, 1 x Sharp Duck, 1 x Fortunate, 1 x All Time Drip, 1 x Hamster Cabbie, 1 x Tomato Face, 1 x Cuddle Face, 1 x Skull Face, 1 x Grim Grin, 1 x Hare-Raising, 1 x Dire Goat, 1 x Neon Payback, 1 x Taxi Attack, 1 x Hearts Aflutter, 1 x Future Goat, 1 x Durrr Face, 1 x Meow Face, 1 x Drift Face for -1 MtxCurrency",2400,1800,600,0.25,1,2026-09-30T00:00:00Z,2026-10-02T23:59:59.999Z,1,0,-1,BR093026,Fit Check,185,tileGrid,Size_2_x_1,,1,Escape Artists Bundle,38,br,Spray_JumpsuitMasks_8,Peel'd Face,spray,uncommon,,Escape Artists,4,4,2023-02-14T10:24:42Z
2026-09-30,v2:/6cd2c6a3f9b1ae287081241a86f60670943e31705d55cc879108fd6617b224d5,"[VIRTUAL]1 x Alias, 1 x Caper, 1 x Heartline, 1 x Beat Breaker, 1 x Rare Wear, 1 x Hamster Bold, 1 x Peace Bear, 1 x No More, 1 x Break Point Ultra, 1 x Rare Drip, 1 x Kiss Off, 1 x Break Point Freestyle, 1 x Speed Splat, 1 x Hamster Overdrive, 1 x Neo Revolution, 1 x Peel'd Face, 1 x Fishy Face, 1 x Crack'd Face, 1 x Skull & Crossbears, 1 x Fort Future, 1 x Royale Rep, 1 x Sharp Duck, 1 x Fortunate, 1 x All Time Drip, 1 x Hamster Cabbie, 1 x Tomato Face, 1 x Cuddle Face, 1 x Skull Face, 1 x Grim Grin, 1 x Hare-Raising, 1 x Dire Goat, 1 x Neon Payback, 1 x Taxi Attack, 1 x Hearts Aflutter, 1 x Future Goat, 1 x Durrr Face, 1 x Meow Face, 1 x Drift Face for -1 MtxCurrency",2400,1800,600,0.25,1,2026-09-30T00:00:00Z,2026-10-02T23:59:59.999Z,1,0,-1,BR093026,Fit Check,185,tileGrid,Size_2_x_1,,1,Escape Artists Bundle,38,br,Spray_JumpsuitMasks_4,Fishy Face,spray,uncommon,,Escape Artists,4,4,2023-02-14T10:24:42Z
2026-09-30,v2:/6cd2c6a3f9b1ae287081241a86f60670943e31705d55cc879108fd6617b224d5,"[VIRTUAL]1 x Alias, 1 x Caper, 1 x Heartline, 1 x Beat Breaker, 1 x Rare Wear, 1 x Hamster Bold, 1 x Peace Bear, 1 x No More, 1 x Break Point Ultra, 1 x Rare Drip, 1 x Kiss Off, 1 x Break Point Freestyle, 1 x Speed Splat, 1 x Hamster Overdrive, 1 x Neo Revolution, 1 x Peel'd Face, 1 x Fishy Face, 1 x Crack'd Face, 1 x Skull & Crossbears, 1 x Fort Future, 1 x Royale Rep, 1 x Sharp Duck, 1 x Fortunate, 1 x All Time Drip, 1 x Hamster Cabbie, 1 x Tomato Face, 1 x Cuddle Face, 1 x Skull Face, 1 x Grim Grin, 1 x Hare-Raising, 1 x Dire Goat, 1 x Neon Payback, 1 x Taxi Attack, 1 x Hearts Aflutter, 1 x Future Goat, 1 x Durrr Face, 1 x Meow Face, 1 x Drift Face for -1 MtxCurrency",2400,1800,600,0.25,1,2026-09-30T00:00:00Z,2026-10-02T23:59:59.999Z,1,0,-1,BR093026,Fit Check,185,tileGrid,Size_2_x_1,,1,Escape Artists Bundle,38,br,Spray_JumpsuitMasks_6,Crack'd Face,spray,uncommon,,Escape Artists,4,4,2023-02-14T10:24:42Z
2026-09-30,v2:/6cd2c6a3f9b1ae287081241a86f60670943e31705d55cc879108fd6617b224d5,"[VIRTUAL]1 x Alias, 1 x Caper, 1 x Heartline, 1 x Beat Breaker, 1 x Rare Wear, 1 x Hamster Bold, 1 x Peace Bear, 1 x No More, 1 x Break Point Ultra, 1 x Rare Drip, 1 x Kiss Off, 1 x Break Point Freestyle, 1 x Speed Splat, 1 x Hamster Overdrive, 1 x Neo Revolution, 1 x Peel'd Face, 1 x Fishy Face, 1 x Crack'd Face, 1 x Skull & Crossbears, 1 x Fort Future, 1 x Royale Rep, 1 x Sharp Duck, 1 x Fortunate, 1 x All Time Drip, 1 x Hamster Cabbie, 1 x Tomato Face, 1 x Cuddle Face, 1 x Skull Face, 1 x Grim Grin, 1 x Hare-Raising, 1 x Dire Goat, 1 x Neon Payback, 1 x Taxi Attack, 1 x Hearts Aflutter, 1 x Future Goat, 1 x Durrr Face, 1 x Meow Face, 1 x Drift Face for -1 MtxCurrency",2400,1800,600,0.25,1,2026-09-30T00:00:00Z,2026-10-02T23:59:59.999Z,1,0,-1,BR093026,Fit Check,185,tileGrid,Size_2_x_1,,1,Escape Artists Bundle,38,br,Spray_Jumpsuit_7,Skull & Crossbears,spray,uncommon,,Escape Artists,4,4,2023-02-14T10:24:42Z
2026-09-30,v2:/6cd2c6a3f9b1ae287081241a86f60670943e31705d55cc879108fd6617b224d5,"[VIRTUAL]1 x Alias, 1 x Caper, 1 x Heartline, 1 x Beat Breaker, 1 x Rare Wear, 1 x Hamster Bold, 1 x Peace Bear, 1 x No More, 1 x Break Point Ultra, 1 x Rare Drip, 1 x Kiss Off, 1 x Break Point Freestyle, 1 x Speed Splat, 1 x Hamster Overdrive, 1 x Neo Revolution, 1 x Peel'd Face, 1 x Fishy Face, 1 x Crack'd Face, 1 x Skull & Crossbears, 1 x Fort Future, 1 x Royale Rep, 1 x Sharp Duck, 1 x Fortunate, 1 x All Time Drip, 1 x Hamster Cabbie, 1 x Tomato Face, 1 x Cuddle Face, 1 x Skull Face, 1 x Grim Grin, 1 x Hare-Raising, 1 x Dire Goat, 1 x Neon Payback, 1 x Taxi Attack, 1 x Hearts Aflutter, 1 x Future Goat, 1 x Durrr Face, 1 x Meow Face, 1 x Drift Face for -1 MtxCurrency",2400,1800,600,0.25,1,2026-09-30T00:00:00Z,2026-10-02T23:59:59.999Z,1,0,-1,BR093026,Fit Check,185,tileGrid,Size_2_x_1,,1,Escape Artists Bundle,38,br,Spray_Jumpsuit_2,Fort Future,spray,uncommon,,Escape Artists,4,4,2023-02-14T10:24:42Z
2026-09-30,v2:/6cd2c6a3f9b1ae287081241a86f60670943e31705d55cc879108fd6617b224d5,"[VIRTUAL]1 x Alias, 1 x Caper, 1 x Heartline, 1 x Beat Breaker, 1 x Rare Wear, 1 x Hamster Bold, 1 x Peace Bear, 1 x No More, 1 x Break Point Ultra, 1 x Rare Drip, 1 x Kiss Off, 1 x Break Point Freestyle, 1 x Speed Splat, 1 x Hamster Overdrive, 1 x Neo Revolution, 1 x Peel'd Face, 1 x Fishy Face, 1 x Crack'd Face, 1 x Skull & Crossbears, 1 x Fort Future, 1 x Royale Rep, 1 x Sharp Duck, 1 x Fortunate, 1 x All Time Drip, 1 x Hamster Cabbie, 1 x Tomato Face, 1 x Cuddle Face, 1 x Skull Face, 1 x Grim Grin, 1 x Hare-Raising, 1 x Dire Goat, 1 x Neon Payback, 1 x Taxi Attack, 1 x Hearts Aflutter, 1 x Future Goat, 1 x Durrr Face, 1 x Meow Face, 1 x Drift Face for -1 MtxCurrency",2400,1800,600,0.25,1,2026-09-30T00:00:00Z,2026-10-02T23:59:59.999Z,1,0,-1,BR093026,Fit Check,185,tileGrid,Size_2_x_1,,1,Escape Artists Bundle,38,br,Spray_Jumpsuit_8,Royale Rep,spray,uncommon,,Escape Artists,4,4,2023-02-14T10:24:42Z
2026-09-30,v2:/6cd2c6a3f9b1ae287081241a86f60670943e31705d55cc879108fd6617b224d5,"[VIRTUAL]1 x Alias, 1 x Caper, 1 x Heartline, 1 x Beat Breaker, 1 x Rare Wear, 1 x Hamster Bold, 1 x Peace Bear, 1 x No More, 1 x Break Point Ultra, 1 x Rare Drip, 1 x Kiss Off, 1 x Break Point Freestyle, 1 x Speed Splat, 1 x Hamster Overdrive, 1 x Neo Revolution, 1 x Peel'd Face, 1 x Fishy Face, 1 x Crack'd Face, 1 x Skull & Crossbears, 1 x Fort Future, 1 x Royale Rep, 1 x Sharp Duck, 1 x Fortunate, 1 x All Time Drip, 1 x Hamster Cabbie, 1 x Tomato Face, 1 x Cuddle Face, 1 x Skull Face, 1 x Grim Grin, 1 x Hare-Raising, 1 x Dire Goat, 1 x Neon Payback, 1 x Taxi Attack, 1 x Hearts Aflutter, 1 x Future Goat, 1 x Durrr Face, 1 x Meow Face, 1 x Drift Face for -1 MtxCurrency",2400,1800,600,0.25,1,2026-09-30T00:00:00Z,2026-10-02T23:59:59.999Z,1,0,-1,BR093026,Fit Check,185,tileGrid,Size_2_x_1,,1,Escape Artists Bundle,38,br,Spray_Jumpsuit_6,Sharp Duck,spray,uncommon,,Escape Artists,4,4,2023-02-14T10:24:42Z
2026-09-30,v2:/6cd2c6a3f9b1ae287081241a86f60670943e31705d55cc879108fd6617b224d5,"[VIRTUAL]1 x Alias, 1 x Caper, 1 x Heartline, 1 x Beat Breaker, 1 x Rare Wear, 1 x Hamster Bold, 1 x Peace Bear, 1 x No More, 1 x Break Point Ultra, 1 x Rare Drip, 1 x Kiss Off, 1 x Break Point Freestyle, 1 x Speed Splat, 1 x Hamster Overdrive, 1 x Neo Revolution, 1 x Peel'd Face, 1 x Fishy Face, 1 x Crack'd Face, 1 x Skull & Crossbears, 1 x Fort Future, 1 x Royale Rep, 1 x Sharp Duck, 1 x Fortunate, 1 x All Time Drip, 1 x Hamster Cabbie, 1 x Tomato Face, 1 x Cuddle Face, 1 x Skull Face, 1 x Grim Grin, 1 x Hare-Raising, 1 x Dire Goat, 1 x Neon Payback, 1 x Taxi Attack, 1 x Hearts Aflutter, 1 x Future Goat, 1 x Durrr Face, 1 x Meow Face, 1 x Drift Face for -1 MtxCurrency",2400,1800,600,0.25,1,2026-09-30T00:00:00Z,2026-10-02T23:59:59.999Z,1,0,-1,BR093026,Fit Check,185,tileGrid,Size_2_x_1,,1,Escape Artists Bundle,38,br,Spray_Jumpsuit_31,Fortunate,spray,uncommon,,Escape Artists,4,4,2023-02-14T10:24:42Z
2026-09-30,v2:/6cd2c6a3f9b1ae287081241a86f60670943e31705d55cc879108fd6617b224d5,"[VIRTUAL]1 x Alias, 1 x Caper, 1 x Heartline, 1 x Beat Breaker, 1 x Rare Wear, 1 x Hamster Bold, 1 x Peace Bear, 1 x No More, 1 x Break Point Ultra, 1 x Rare Drip, 1 x Kiss Off, 1 x Break Point Freestyle, 1 x Speed Splat, 1 x Hamster Overdrive, 1 x Neo Revolution, 1 x Peel'd Face, 1 x Fishy Face, 1 x Crack'd Face, 1 x Skull & Crossbears, 1 x Fort Future, 1 x Royale Rep, 1 x Sharp Duck, 1 x Fortunate, 1 x All Time Drip, 1 x Hamster Cabbie, 1 x Tomato Face, 1 x Cuddle Face, 1 x Skull Face, 1 x Grim Grin, 1 x Hare-Raising, 1 x Dire Goat, 1 x Neon Payback, 1 x Taxi Attack, 1 x Hearts Aflutter, 1 x Future Goat, 1 x Durrr Face, 1 x Meow Face, 1 x Drift Face for -1 MtxCurrency",2400,1800,600,0.25,1,2026-09-30T00:00:00Z,2026-10-02T23:59:59.999Z,1,0,-1,BR093026,Fit Check,185,tileGrid,Size_2_x_1,,1,Escape Artists Bundle,38,br,Spray_Jumpsuit_29,All Time Drip,spray,uncommon,,Escape Artists,4,4,2023-02-14T10:24:42Z
2026-09-30,v2:/6cd2c6a3f9b1ae287081241a86f60670943e31705d55cc879108fd6617b224d5,"[VIRTUAL]1 x Alias, 1 x Caper, 1 x Heartline, 1 x Beat Breaker, 1 x Rare Wear, 1 x Hamster Bold, 1 x Peace Bear, 1 x No More, 1 x Break Point Ultra, 1 x Rare Drip, 1 x Kiss Off, 1 x Break Point Freestyle, 1 x Speed Splat, 1 x Hamster Overdrive, 1 x Neo Revolution, 1 x Peel'd Face, 1 x Fishy Face, 1 x Crack'd Face, 1 x Skull & Crossbears, 1 x Fort Future, 1 x Royale Rep, 1 x Sharp Duck, 1 x Fortunate, 1 x All Time Drip, 1 x Hamster Cabbie, 1 x Tomato Face, 1 x Cuddle Face, 1 x Skull Face, 1 x Grim Grin, 1 x Hare-Raising, 1 x Dire Goat, 1 x Neon Payback, 1 x Taxi Attack, 1 x Hearts Aflutter, 1 x Future Goat, 1 x Durrr Face, 1 x Meow Face, 1 x Drift Face for -1 MtxCurrency",2400,1800,600,0.25,1,2026-09-30T00:00:00Z,2026-10-02T23:59:59.999Z,1,0,-1,BR093026,Fit Check,185,tileGrid,Size_2_x_1,,1,Escape Artists Bundle,38,br,Spray_Jumpsuit_27,Hamster Cabbie,spray,uncommon,,Escape Artists,4,4,2023-02-14T10:24:42Z
2026-09-30,v2:/6cd2c6a3f9b1ae287081241a86f60670943e31705d55cc879108fd6617b224d5,"[VIRTUAL]1 x Alias, 1 x Caper, 1 x Heartline, 1 x Beat Breaker, 1 x Rare Wear, 1 x Hamster Bold, 1 x Peace Bear, 1 x No More, 1 x Break Point Ultra, 1 x Rare Drip, 1 x Kiss Off, 1 x Break Point Freestyle, 1 x Speed Splat, 1 x Hamster Overdrive, 1 x Neo Revolution, 1 x Peel'd Face, 1 x Fishy Face, 1 x Crack'd Face, 1 x Skull & Crossbears, 1 x Fort Future, 1 x Royale Rep, 1 x Sharp Duck, 1 x Fortunate, 1 x All Time Drip, 1 x Hamster Cabbie, 1 x Tomato Face, 1 x Cuddle Face, 1 x Skull Face, 1 x Grim Grin, 1 x Hare-Raising, 1 x Dire Goat, 1 x Neon Payback, 1 x Taxi Attack, 1 x Hearts Aflutter, 1 x Future Goat, 1 x Durrr Face, 1 x Meow Face, 1 x Drift Face for -1 MtxCurrency",2400,1800,600,0.25,1,2026-09-30T00:00:00Z,2026-10-02T23:59:59.999Z,1,0,-1,BR093026,Fit Check,185,tileGrid,Size_2_x_1,,1,Escape Artists Bundle,38,br,Spray_JumpsuitMasks_1,Tomato Face,spray,uncommon,,Escape Artists,4,4,2023-02-14T10:24:42Z
2026-09-30,v2:/6cd2c6a3f9b1ae287081241a86f60670943e31705d55cc879108fd6617b224d5,"[VIRTUAL]1 x Alias, 1 x Caper, 1 x Heartline, 1 x Beat Breaker, 1 x Rare Wear, 1 x Hamster Bold, 1 x Peace Bear, 1 x No More, 1 x Break Point Ultra, 1 x Rare Drip, 1 x Kiss Off, 1 x Break Point Freestyle, 1 x Speed Splat, 1 x Hamster Overdrive, 1 x Neo Revolution, 1 x Peel'd Face, 1 x Fishy Face, 1 x Crack'd Face, 1 x Skull & Crossbears, 1 x Fort Future, 1 x Royale Rep, 1 x Sharp Duck, 1 x Fortunate, 1 x All Time Drip, 1 x Hamster Cabbie, 1 x Tomato Face, 1 x Cuddle Face, 1 x Skull Face, 1 x Grim Grin, 1 x Hare-Raising, 1 x Dire Goat, 1 x Neon Payback, 1 x Taxi Attack, 1 x Hearts Aflutter, 1 x Future Goat, 1 x Durrr Face, 1 x Meow Face, 1 x Drift Face for -1 MtxCurrency",2400,1800,600,0.25,1,2026-09-30T00:00:00Z,2026-10-02T23:59:59.999Z,1,0,-1,BR093026,Fit Check,185,tileGrid,Size_2_x_1,,1,Escape Artists Bundle,38,br,Spray_JumpsuitMasks_9,Cuddle Face,spray,uncommon,,Escape Artists,4,4,2023-02-14T10:24:42Z
2026-09-30,v2:/6cd2c6a3f9b1ae287081241a86f60670943e31705d55cc879108fd6617b224d5,"[VIRTUAL]1 x Alias, 1 x Caper, 1 x Heartline, 1 x Beat Breaker, 1 x Rare Wear, 1 x Hamster Bold, 1 x Peace Bear, 1 x No More, 1 x Break Point Ultra, 1 x Rare Drip, 1 x Kiss Off, 1 x Break Point Freestyle, 1 x Speed Splat, 1 x Hamster Overdrive, 1 x Neo Revolution, 1 x Peel'd Face, 1 x Fishy Face, 1 x Crack'd Face, 1 x Skull & Crossbears, 1 x Fort Future, 1 x Royale Rep, 1 x Sharp Duck, 1 x Fortunate, 1 x All Time Drip, 1 x Hamster Cabbie, 1 x Tomato Face, 1 x Cuddle Face, 1 x Skull Face, 1 x Grim Grin, 1 x Hare-Raising, 1 x Dire Goat, 1 x Neon Payback, 1 x Taxi Attack, 1 x Hearts Aflutter, 1 x Future Goat, 1 x Durrr Face, 1 x Meow Face, 1 x Drift Face for -1 MtxCurrency",2400,1800,600,0.25,1,2026-09-30T00:00:00Z,2026-10-02T23:59:59.999Z,1,0,-1,BR093026,Fit Check,185,tileGrid,Size_2_x_1,,1,Escape Artists Bundle,38,br,Spray_JumpsuitMasks_3,Skull Face,spray,uncommon,,Escape Artists,4,4,2023-02-14T10:24:42Z
2026-09-30,v2:/6cd2c6a3f9b1ae287081241a86f60670943e31705d55cc879108fd6617b224d5,"[VIRTUAL]1 x Alias, 1 x Caper, 1 x Heartline, 1 x Beat Breaker, 1 x Rare Wear, 1 x Hamster Bold, 1 x Peace Bear, 1 x No More, 1 x Break Point Ultra, 1 x Rare Drip, 1 x Kiss Off, 1 x Break Point Freestyle, 1 x Speed Splat, 1 x Hamster Overdrive, 1 x Neo Revolution, 1 x Peel'd Face, 1 x Fishy Face, 1 x Crack'd Face, 1 x Skull & Crossbears, 1 x Fort Future, 1 x Royale Rep, 1 x Sharp Duck, 1 x Fortunate, 1 x All Time Drip, 1 x Hamster Cabbie, 1 x Tomato Face, 1 x Cuddle Face, 1 x Skull Face, 1 x Grim Grin, 1 x Hare-Raising, 1 x Dire Goat, 1 x Neon Payback, 1 x Taxi Attack, 1 x Hearts Aflutter, 1 x Future Goat, 1 x Durrr Face, 1 x Meow Face, 1 x Drift Face for -1 MtxCurrency",2400,1800,600,0.25,1,2026-09-30T00:00:00Z,2026-10-02T23:59:59.999Z,1,0,-1,BR093026,Fit Check,185,tileGrid,Size_2_x_1,,1,Escape Artists Bundle,38,br,Spray_Jumpsuit_22,Grim Grin,spray,uncommon,,Escape Artists,4,4,2023-02-14T10:24:42Z
2026-09-30,v2:/6cd2c6a3f9b1ae287081241a86f60670943e31705d55cc879108fd6617b224d5,"[VIRTUAL]1 x Alias, 1 x Caper, 1 x Heartline, 1 x Beat Breaker, 1 x Rare Wear, 1 x Hamster Bold, 1 x Peace Bear, 1 x No More, 1 x Break Point Ultra, 1 x Rare Drip, 1 x Kiss Off, 1 x Break Point Freestyle, 1 x Speed Splat, 1 x Hamster Overdrive, 1 x Neo Revolution, 1 x Peel'd Face, 1 x Fishy Face, 1 x Crack'd Face, 1 x Skull & Crossbears, 1 x Fort Future, 1 x Royale Rep, 1 x Sharp Duck, 1 x Fortunate, 1 x All Time Drip, 1 x Hamster Cabbie, 1 x Tomato Face, 1 x Cuddle Face, 1 x Skull Face, 1 x Grim Grin, 1 x Hare-Raising, 1 x Dire Goat, 1 x Neon Payback, 1 x Taxi Attack, 1 x Hearts Aflutter, 1 x Future Goat, 1 x Durrr Face, 1 x Meow Face, 1 x Drift Face for -1 MtxCurrency",2400,1800,600,0.25,1,2026-09-30T00:00:00Z,2026-10-02T23:59:59.999Z,1,0,-1,BR093026,Fit Check,185,tileGrid,Size_2_x_1,,1,Escape Artists Bundle,38,br,Spray_Jumpsuit_14,Hare-Raising,spray,uncommon,,Escape Artists,4,4,2023-02-14T10:24:42Z
2026-09-30,v2:/6cd2c6a3f9b1ae287081241a86f60670943e31705d55cc879108fd6617b224d5,"[VIRTUAL]1 x Alias, 1 x Caper, 1 x Heartline, 1 x Beat Breaker, 1 x Rare Wear, 1 x Hamster Bold, 1 x Peace Bear, 1 x No More, 1 x Break Point Ultra, 1 x Rare Drip, 1 x Kiss Off, 1 x Break Point Freestyle, 1 x Speed Splat, 1 x Hamster Overdrive, 1 x Neo Revolution, 1 x Peel'd Face, 1 x Fishy Face, 1 x Crack'd Face, 1 x Skull & Crossbears, 1 x Fort Future, 1 x Royale Rep, 1 x Sharp Duck, 1 x Fortunate, 1 x All Time Drip, 1 x Hamster Cabbie, 1 x Tomato Face, 1 x Cuddle Face, 1 x Skull Face, 1 x Grim Grin, 1 x Hare-Raising, 1 x Dire Goat, 1 x Neon Payback, 1 x Taxi Attack, 1 x Hearts Aflutter, 1 x Future Goat, 1 x Durrr Face, 1 x Meow Face, 1 x Drift Face for -1 MtxCurrency",2400,1800,600,0.25,1,2026-09-30T00:00:00Z,2026-10-02T23:59:59.999Z,1,0,-1,BR093026,Fit Check,185,tileGrid,Size_2_x_1,,1,Escape Artists Bundle,38,br,Spray_Jumpsuit_11,Dire Goat,spray,uncommon,,Escape Artists,4,4,2023-02-14T10:24:42Z
2026-09-30,v2:/6cd2c6a3f9b1ae287081241a86f60670943e31705d55cc879108fd6617b224d5,"[VIRTUAL]1 x Alias, 1 x Caper, 1 x Heartline, 1 x Beat Breaker, 1 x Rare Wear, 1 x Hamster Bold, 1 x Peace Bear, 1 x No More, 1 x Break Point Ultra, 1 x Rare Drip, 1 x Kiss Off, 1 x Break Point Freestyle, 1 x Speed Splat, 1 x Hamster Overdrive, 1 x Neo Revolution, 1 x Peel'd Face, 1 x Fishy Face, 1 x Crack'd Face, 1 x Skull & Crossbears, 1 x Fort Future, 1 x Royale Rep, 1 x Sharp Duck, 1 x Fortunate, 1 x All Time Drip, 1 x Hamster Cabbie, 1 x Tomato Face, 1 x Cuddle Face, 1 x Skull Face, 1 x Grim Grin, 1 x Hare-Raising, 1 x Dire Goat, 1 x Neon Payback, 1 x Taxi Attack, 1 x Hearts Aflutter, 1 x Future Goat, 1 x Durrr Face, 1 x Meow Face, 1 x Drift Face for -1 MtxCurrency",2400,1800,600,0.25,1,2026-09-30T00:00:00Z,2026-10-02T23:59:59.999Z,1,0,-1,BR093026,Fit Check,185,tileGrid,Size_2_x_1,,1,Escape Artists Bundle,38,br,Spray_Jumpsuit_39,Neon Payback,spray,uncommon,,Escape Artists,4,4,2023-02-14T10:24:42Z
2026-09-30,v2:/6cd2c6a3f9b1ae287081241a86f60670943e31705d55cc879108fd6617b224d5,"[VIRTUAL]1 x Alias, 1 x Caper, 1 x Heartline, 1 x Beat Breaker, 1 x Rare Wear, 1 x Hamster Bold, 1 x Peace Bear, 1 x No More, 1 x Break Point Ultra, 1 x Rare Drip, 1 x Kiss Off, 1 x Break Point Freestyle, 1 x Speed Splat, 1 x Hamster Overdrive, 1 x Neo Revolution, 1 x Peel'd Face, 1 x Fishy Face, 1 x Crack'd Face, 1 x Skull & Crossbears, 1 x Fort Future, 1 x Royale Rep, 1 x Sharp Duck, 1 x Fortunate, 1 x All Time Drip, 1 x Hamster Cabbie, 1 x Tomato Face, 1 x Cuddle Face, 1 x Skull Face, 1 x Grim Grin, 1 x Hare-Raising, 1 x Dire Goat, 1 x Neon Payback, 1 x Taxi Attack, 1 x Hearts Aflutter, 1 x Future Goat, 1 x Durrr Face, 1 x Meow Face, 1 x Drift Face for -1 MtxCurrency",2400,1800,600,0.25,1,2026-09-30T00:00:00Z,2026-10-02T23:59:59.999Z,1,0,-1,BR093026,Fit Check,185,tileGrid,Size_2_x_1,,1,Escape Artists Bundle,38,br,Spray_Jumpsuit_28,Taxi Attack,spray,uncommon,,Escape Artists,4,4,2023-02-14T10:24:42Z
2026-09-30,v2:/6cd2c6a3f9b1ae287081241a86f60670943e31705d55cc879108fd6617b224d5,"[VIRTUAL]1 x Alias, 1 x Caper, 1 x Heartline, 1 x Beat Breaker, 1 x Rare Wear, 1 x Hamster Bold, 1 x Peace Bear, 1 x No More, 1 x Break Point Ultra, 1 x Rare Drip, 1 x Kiss Off, 1 x Break Point Freestyle, 1 x Speed Splat, 1 x Hamster Overdrive, 1 x Neo Revolution, 1 x Peel'd Face, 1 x Fishy Face, 1 x Crack'd Face, 1 x Skull & Crossbears, 1 x Fort Future, 1 x Royale Rep, 1 x Sharp Duck, 1 x Fortunate, 1 x All Time Drip, 1 x Hamster Cabbie, 1 x Tomato Face, 1 x Cuddle Face, 1 x Skull Face, 1 x Grim Grin, 1 x Hare-Raising, 1 x Dire Goat, 1 x Neon Payback, 1 x Taxi Attack, 1 x Hearts Aflutter, 1 x Future Goat, 1 x Durrr Face, 1 x Meow Face, 1 x Drift Face for -1 MtxCurrency",2400,1800,600,0.25,1,2026-09-30T00:00:00Z,2026-10-02T23:59:59.999Z,1,0,-1,BR093026,Fit Check,185,tileGrid,Size_2_x_1,,1,Escape Artists Bundle,38,br,Spray_Jumpsuit_34,Hearts Aflutter,spray,uncommon,,Escape Artists,4,4,2023-02-14T10:24:42Z
2026-09-30,v2:/6cd2c6a3f9b1ae287081241a86f60670943e31705d55cc879108fd6617b224d5,"[VIRTUAL]1 x Alias, 1 x Caper, 1 x Heartline, 1 x Beat Breaker, 1 x Rare Wear, 1 x Hamster Bold, 1 x Peace Bear, 1 x No More, 1 x Break Point Ultra, 1 x Rare Drip, 1 x Kiss Off, 1 x Break Point Freestyle, 1 x Speed Splat, 1 x Hamster Overdrive, 1 x Neo Revolution, 1 x Peel'd Face, 1 x Fishy Face, 1 x Crack'd Face, 1 x Skull & Crossbears, 1 x Fort Future, 1 x Royale Rep, 1 x Sharp Duck, 1 x Fortunate, 1 x All Time Drip, 1 x Hamster Cabbie, 1 x Tomato Face, 1 x Cuddle Face, 1 x Skull Face, 1 x Grim Grin, 1 x Hare-Raising, 1 x Dire Goat, 1 x Neon Payback, 1 x Taxi Attack, 1 x Hearts Aflutter, 1 x Future Goat, 1 x Durrr Face, 1 x Meow Face, 1 x Drift Face for -1 MtxCurrency",2400,1800,600,0.25,1,2026-09-30T00:00:00Z,2026-10-02T23:59:59.999Z,1,0,-1,BR093026,Fit Check,185,tileGrid,Size_2_x_1,,1,Escape Artists Bundle,38,br,Spray_Jumpsuit_5,Future Goat,spray,uncommon,,Escape Artists,4,4,2023-02-14T10:24:42Z
2026-09-30,v2:/6cd2c6a3f9b1ae287081241a86f60670943e31705d55cc879108fd6617b224d5,"[VIRTUAL]1 x Alias, 1 x Caper, 1 x Heartline, 1 x Beat Breaker, 1 x Rare Wear, 1 x Hamster Bold, 1 x Peace Bear, 1 x No More, 1 x Break Point Ultra, 1 x Rare Drip, 1 x Kiss Off, 1 x Break Point Freestyle, 1 x Speed Splat, 1 x Hamster Overdrive, 1 x Neo Revolution, 1 x Peel'd Face, 1 x Fishy Face, 1 x Crack'd Face, 1 x Skull & Crossbears, 1 x Fort Future, 1 x Royale Rep, 1 x Sharp Duck, 1 x Fortunate, 1 x All Time Drip, 1 x Hamster Cabbie, 1 x Tomato Face, 1 x Cuddle Face, 1 x Skull Face, 1 x Grim Grin, 1 x Hare-Raising, 1 x Dire Goat, 1 x Neon Payback, 1 x Taxi Attack, 1 x Hearts Aflutter, 1 x Future Goat, 1 x Durrr Face, 1 x Meow Face, 1 x Drift Face for -1 MtxCurrency",2400,1800,600,0.25,1,2026-09-30T00:00:00Z,2026-10-02T23:59:59.999Z,1,0,-1,BR093026,Fit Check,185,tileGrid,Size_2_x_1,,1,Escape Artists Bundle,38,br,Spray_JumpsuitMasks_2,Durrr Face,spray,uncommon,,Escape Artists,4,4,2023-02-14T10:24:42Z
2026-09-30,v2:/6cd2c6a3f9b1ae287081241a86f60670943e31705d55cc879108fd6617b224d5,"[VIRTUAL]1 x Alias, 1 x Caper, 1 x Heartline, 1 x Beat Breaker, 1 x Rare Wear, 1 x Hamster Bold, 1 x Peace Bear, 1 x No More, 1 x Break Point Ultra, 1 x Rare Drip, 1 x Kiss Off, 1 x Break Point Freestyle, 1 x Speed Splat, 1 x Hamster Overdrive, 1 x Neo Revolution, 1 x Peel'd Face, 1 x Fishy Face, 1 x Crack'd Face, 1 x Skull & Crossbears, 1 x Fort Future, 1 x Royale Rep, 1 x Sharp Duck, 1 x Fortunate, 1 x All Time Drip, 1 x Hamster Cabbie, 1 x Tomato Face, 1 x Cuddle Face, 1 x Skull Face, 1 x Grim Grin, 1 x Hare-Raising, 1 x Dire Goat, 1 x Neon Payback, 1 x Taxi Attack, 1 x Hearts Aflutter, 1 x Future Goat, 1 x Durrr Face, 1 x Meow Face, 1 x Drift Face for -1 MtxCurrency",2400,1800,600,0.25,1,2026-09-30T00:00:00Z,2026-10-02T23:59:59.999Z,1,0,-1,BR093026,Fit Check,185,tileGrid,Size_2_x_1,,1,Escape Artists Bundle,38,br,Spray_JumpsuitMasks_7,Meow Face,spray,uncommon,,Escape Artists,4,4,2023-02-14T10:24:42Z
2026-09-30,v2:/6cd2c6a3f9b1ae287081241a86f60670943e31705d55cc879108fd6617b224d5,"[VIRTUAL]1 x Alias, 1 x Caper, 1 x Heartline, 1 x Beat Breaker, 1 x Rare Wear, 1 x Hamster Bold, 1 x Peace Bear, 1 x No More, 1 x Break Point Ultra, 1 x Rare Drip, 1 x Kiss Off, 1 x Break Point Freestyle, 1 x Speed Splat, 1 x Hamster Overdrive, 1 x Neo Revolution, 1 x Peel'd Face, 1 x Fishy Face, 1 x Crack'd Face, 1 x Skull & Crossbears, 1 x Fort Future, 1 x Royale Rep, 1 x Sharp Duck, 1 x Fortunate, 1 x All Time Drip, 1 x Hamster Cabbie, 1 x Tomato Face, 1 x Cuddle Face, 1 x Skull Face, 1 x Grim Grin, 1 x Hare-Raising, 1 x Dire Goat, 1 x Neon Payback, 1 x Taxi Attack, 1 x Hearts Aflutter, 1 x Future Goat, 1 x Durrr Face, 1 x Meow Face, 1 x Drift Face for -1 MtxCurrency",2400,1800,600,0.25,1,2026-09-30T00:00:00Z,2026-10-02T23:59:59.999Z,1,0,-1,BR093026,Fit Check,185,tileGrid,Size_2_x_1,,1,Escape Artists Bundle,38,br,Spray_JumpsuitMasks_5,Drift Face,spray,uncommon,,Escape Artists,4,4,2023-02-14T10:24:42Z
2026-09-30,v2:/4a4f415a0a75cdd695bb3ea541d3a50827f6e16a42e23d7a5b6787a97683e52e,[VIRTUAL]1 x Kryptonite for 500 MtxCurrency,500,500,0,0.0,0,2026-09-01T00:00:00Z,2026-09-30T23:59:59.999Z,1,0,-86,JT092526,Jam Tracks,177,expandableList,Size_1_x_1,,0,,1,track,sid_placeholder_300,Kryptonite,,,,,,,2024-12-26T14:34:39Z
2026-09-30,v2:/c75f6dde5b0d8e1e647b33295b2f20c431eb41b1791b203df4ad5077a49b3b06,[VIRTUAL]1 x Zero for 600 MtxCurrency,600,600,0,0.0,0,2026-09-28T00:00:00Z,2026-10-01T23:59:59.999Z,1,0,-3,,,,,Size_2_x_1,,0,,1,br,Backpack_PrivateJet,Zero,backpack,epic,,The Pumpkin King,4,4,2023-10-10T11:59:07Z
2026-09-30,v2:/e50857ed0104ef4cbbfc958f7b1499d32c5c560a5b04608b7fa2d95e2be07515,[VIRTUAL]1 x Aura for 800 MtxCurrency,800,800,0,0.0,0,2026-09-29T00:00:00Z,2026-10-05T23:59:59.999Z,1,0,-4,NS092926,No Sweat,186,tileGrid,Size_1_x_1,,0,,1,br,CID_397_Athena_Commando_F_TreasureHunterFashion,Aura,outfit,uncommon,,,1,8,2019-11-20T12:50:02Z
2026-09-30,v2:/a9eca3874d62a0122b6fec0c92986dbd17fdbfbbfe36a9cd401bbe9f960f01ae,"[VIRTUAL]1 x Ironmouse, 1 x Ironmouse's Blade of Love for -1 MtxCurrency",1800,1800,0,0.0,0,2026-09-19T00:00:00Z,2026-10-02T23:59:59.999Z,1,0,-1,IronMouse2,Ironmouse,189,tileGrid,Size_1_x_1,,0,,2,br,Character_FeelUnionSki,Ironmouse,outfit,epic,,Ironmouse,7,4,2026-09-17T16:17:14Z
2026-09-30,v2:/a9eca3874d62a0122b6fec0c92986dbd17fdbfbbfe36a9cd401bbe9f960f01ae,"[VIRTUAL]1 x Ironmouse, 1 x Ironmouse's Blade of Love for -1 MtxCurrency",1800,1800,0,0.0,0,2026-09-19T00:00:00Z,2026-10-02T23:59:59.999Z,1,0,-1,IronMouse2,Ironmouse,189,tileGrid,Size_1_x_1,,0,,2,br,Pickaxe_FeelUnionSki,Ironmouse's Blade of Love,pickaxe,rare,,Ironmouse,7,4,2026-09-17T16:17:14Z
2026-09-30,v2:/559f8cfe2f4427924d143702ab568c7971531fdc5f58eeb51c40111327a5ddc2,"[VIRTUAL]1 x PEAK Scout, 1 x Peak Pack for -1 MtxCurrency",2000,2000,0,0.0,0,2026-09-28T00:00:00Z,2026-10-01T23:59:59.999Z,1,0,-1,PEAK,PEAK,181,tileGrid,Size_2_x_1,Outfit is customizable!,1,PEAK Scout,2,br,Character_TopicProud,PEAK Scout,outfit,gaminglegends,Gaming Legends Series,PEAK,7,2,2026-03-22T00:00:00Z
2026-09-30,v2:/559f8cfe2f4427924d143702ab568c7971531fdc5f58eeb51c40111327a5ddc2,"[VIRTUAL]1 x PEAK Scout, 1 x Peak Pack for -1 MtxCurrency",2000,2000,0,0.0,0,2026-09-28T00:00:00Z,2026-10-01T23:59:59.999Z,1,0,-1,PEAK,PEAK,181,tileGrid,Size_2_x_1,Outfit is customizable!,1,PEAK Scout,2,br,Backpack_TopicProud,Peak Pack,backpack,gaminglegends,Gaming Legends Series,PEAK,7,2,2026-03-22T00:00:00Z
2026-09-30,v2:/a12f42696cf2f6443391db6485e0664519cd65e0425aeafba47a81e9ab3f3f0e,"[VIRTUAL]1 x Jinu, 1 x Sussie for -1 MtxCurrency",1500,1500,0,0.0,0,2026-09-27T00:00:00Z,2026-10-01T23:59:59.999Z,1,0,-3,Kpop2Newest,KPop Demon Hunters,183,tileGrid,Size_1_x_1,,1,Jinu,2,br,Character_BountyPond,Jinu,outfit,icon,Icon Series,KPop Demon Hunters,7,1,2026-02-05T15:01:36Z
2026-09-30,v2:/a12f42696cf2f6443391db6485e0664519cd65e0425aeafba47a81e9ab3f3f0e,"[VIRTUAL]1 x Jinu, 1 x Sussie for -1 MtxCurrency",1500,1500,0,0.0,0,2026-09-27T00:00:00Z,2026-10-01T23:59:59.999Z,1,0,-3,Kpop2Newest,KPop Demon Hunters,183,tileGrid,Size_1_x_1,,1,Jinu,2,br,Backpack_BountyPond,Sussie,backpack,icon,Icon Series,KPop Demon Hunters,7,1,2026-02-05T15:01:36Z
2026-09-30,v2:/f46f8f54febfd3040c6dc2d7643938c8a4eea05e111d2858bb364112745e290a,[VIRTUAL]1 x Firestarter for 400 MtxCurrency,400,400,0,0.0,0,2026-09-29T00:00:00Z,2026-10-05T23:59:59.999Z,1,0,-3,,,,,Size_1_x_1,,0,,1,br,BID_545_RenegadeRaiderFire,Firestarter,backpack,lava,Lava Series,Renegade Flame,2,3,2020-06-28T00:00:00Z
2026-09-30,v2:/d85a17a3bba69f34ba3b24aeb9c16cdc46005b84662db1a2324c4d39f693556a,[VIRTUAL]1 x Umbra Nyte for 1200 MtxCurrency,1200,1200,0,0.0,0,2026-09-28T00:00:00Z,2026-10-01T23:59:59.999Z,1,0,-2,BR093026,Fit Check,185,tileGrid,Size_1_x_1,,0,,1,br,Character_NobleSpear,Umbra Nyte,outfit,epic,,Supernova Academy,6,4,2025-07-29T08:28:45Z
2026-09-30,v2:/9bc79f34f90bd8df384deef03df52917574de26391aaba8513ce9ce572d1138b,"[VIRTUAL]1 x CHROMAKOPIAN, 1 x Dynamite, The Exploder for -1 MtxCurrency",1500,1500,0,0.0,0,2026-09-26T00:00:00Z,2026-09-30T23:59:59.999Z,1,0,-2,MTVVMA,Main Stage Moment,179,tileGrid,Size_1_x_1,,1,CHROMAKOPIAN,2,br,Character_CanineCronutDig,CHROMAKOPIAN,outfit,icon,Icon Series,"Tyler, The Creator",6,6,2025-11-14T14:44:13Z
2026-09-30,v2:/9bc79f34f90bd8df384deef03df52917574de26391aaba8513ce9ce572d1138b,"[VIRTUAL]1 x CHROMAKOPIAN, 1 x Dynamite, The Exploder for -1 MtxCurrency",1500,1500,0,0.0,0,2026-09-26T00:00:00Z,2026-09-30T23:59:59.999Z,1,0,-2,MTVVMA,Main Stage Moment,179,tileGrid,Size_1_x_1,,1,CHROMAKOPIAN,2,br,Backpack_CanineCronutDig,"Dynamite, The Exploder",backpack,icon,Icon Series,"Tyler, The Creator",6,6,2025-11-14T14:44:13Z
2026-09-30,v2:/d496ce4e3d6fd06f3548b2aa31cf98e3481f1763556a4ed4516c3e69696d58ac,[VIRTUAL]1 x Wherever I May Roam for 500 MtxCurrency,500,500,0,0.0,0,2026-09-25T00:00:00Z,2026-10-01T23:59:59.999Z,1,0,-3,JT092526,Jam Tracks,177,tileGrid,Size_1_x_1,,0,,1,track,sid_placeholder_234,Wherever I May Roam,,,,,,,2024-06-13T08:00:00Z
2026-09-30,v2:/033c1e357d437bf53c3c8949af4d251e4beb6bd57b9b68fb9c4edfc19cf63d56,[VIRTUAL]1 x Hey Ya! for 500 MtxCurrency,500,500,0,0.0,0,2026-09-01T00:00:00Z,2026-09-30T23:59:59.999Z,1,0,-84,JT092526,Jam Tracks,177,expandableList,Size_1_x_1,,0,,1,track,sid_placeholder_283,Hey Ya!,,,,,,,2024-11-27T14:32:37Z
2026-09-30,v2:/0fdeb96be61492cf0a1bdae53143f4b3350488ce2da7dcdcefee0dcdd97347d7,[VIRTUAL]1 x Panther's Showtime for 400 MtxCurrency,400,400,0,0.0,0,2026-09-26T00:00:00Z,2026-10-05T23:59:59.999Z,1,0,-1,Persona5,Persona 5 Royal,193,tileGrid,Size_1_x_1,,0,,1,br,EID_DebitScent,Panther's Showtime,emote,gaminglegends,Gaming Legends Series,Persona 5 Royal,7,4,2026-09-25T13:00:42Z
2026-09-30,v2:/429f1a0ad11a1e84e608c838fa8c6a8613ea8e1383d1e2608a2fad72669d1158,"[VIRTUAL]1 x Daryl's Knives, 1 x Hunting Quiver for 800 MtxCurrency",800,800,0,0.0,0,2026-09-27T00:00:00Z,2026-09-30T23:59:59.999Z,1,0,-1,,,,,Size_2_x_1,,0,,2,br,Pickaxe_ID_533_WombatMale_L7QPQ,Daryl's Knives,pickaxe,epic,,Survivors in Arms,2,5,2020-12-17T00:00:00Z
2026-09-30,v2:/429f1a0ad11a1e84e608c838fa8c6a8613ea8e1383d1e2608a2fad72669d1158,"[VIRTUAL]1 x Daryl's Knives, 1 x Hunting Quiver for 800 MtxCurrency",800,800,0,0.0,0,2026-09-27T00:00:00Z,2026-09-30T23:59:59.999Z,1,0,-1,,,,,Size_2_x_1,,0,,2,br,BID_675_WombatMale_X18U5,Hunting Quiver,backpack,epic,,Survivors in Arms,2,5,2020-12-17T00:00:00Z
2026-09-30,v2:/0835674d182e7b8759ce9e992a742c738ed052184965b14078785fac0610cb8a,"[VIRTUAL]1 x Soul Eater, 1 x Soul Eater for 800 MtxCurrency",800,800,0,0.0,0,2026-09-17T00:00:00Z,2026-10-01T23:59:59.999Z,1,0,-2,KingdomHearts,Kingdom Hearts,191,tileGrid,Size_1_x_1,,0,,2,br,Pickaxe_VealCadet,Soul Eater,pickaxe,gaminglegends,Gaming Legends Series,Kingdom Hearts,7,4,2026-09-17T08:00:00Z
2026-09-30,v2:/0835674d182e7b8759ce9e992a742c738ed052184965b14078785fac0610cb8a,"[VIRTUAL]1 x Soul Eater, 1 x Soul Eater for 800 MtxCurrency",800,800,0,0.0,0,2026-09-17T00:00:00Z,2026-10-01T23:59:59.999Z,1,0,-2,KingdomHearts,Kingdom Hearts,191,tileGrid,Size_1_x_1,,0,,2,br,Backpack_VealCadet,Soul Eater,backpack,gaminglegends,Gaming Legends Series,Kingdom Hearts,7,4,2026-09-17T08:00:00Z
2026-09-30,v2:/c17feb90c1c1390707b008780fbccd31859cdf03960582beca59d6f39c393f11,[VIRTUAL]1 x Kimbap To Go for 300 MtxCurrency,300,300,0,0.0,0,2026-09-27T00:00:00Z,2026-10-01T23:59:59.999Z,1,0,-1,Kpop2Newest,KPop Demon Hunters,183,tileGrid,Size_1_x_1,,0,,1,br,Backpack_TurnVortex,Kimbap To Go,backpack,icon,Icon Series,KPop Demon Hunters,7,1,2026-02-05T15:01:36Z
2026-09-30,v2:/7b8b4726996bac3729a05561bd6565cc0313ff46a9996b74c8818078951f3b3d,[VIRTUAL]1 x Made You Look for 500 MtxCurrency,500,500,0,0.0,0,2026-09-28T00:00:00Z,2026-10-01T23:59:59.999Z,1,0,-3,VV093026,Groove Moves,197,tileGrid,Size_1_x_1,,0,,1,br,EID_DoubleTake,Made You Look,emote,icon,Icon Series,,4,2,2023-04-10T00:00:00Z
2026-09-30,v2:/4ae38e1efff226c878b882107831e7daabd70fca67171d59dfddc0baa46e163d,[VIRTUAL]1 x TBD (SID_Placeholder_598) for 500 MtxCurrency,500,500,0,0.0,0,2026-09-25T00:00:00Z,2026-10-04T23:59:59.999Z,1,0,-3,MadisonBeer,Madison Beer,194,tileGrid,Size_1_x_1,,0,,1,track,sid_placeholder_598,Make You Mine,,,,,,,2025-05-14T22:54:05Z
2026-09-30,v2:/872907d5cb29fa2d21d503c53d21b9df382929bbe42e6d1fe08a8294a5fea095,"[VIRTUAL]1 x Rick Grimes, 1 x Sheriff's Duffle for -1 MtxCurrency",1500,1500,0,0.0,0,2026-09-27T00:00:00Z,2026-09-30T23:59:59.999Z,1,0,-2,WalkingDead1,The Walking Dead,182,tileGrid,Size_1_x_1,,0,,2,br,CID_A_212_Athena_Commando_M_Tomcat_M1Z6G,Rick Grimes,outfit,epic,,Survivors in Arms,2,8,2021-10-10T00:00:00Z
2026-09-30,v2:/872907d5cb29fa2d21d503c53d21b9df382929bbe42e6d1fe08a8294a5fea095,"[VIRTUAL]1 x Rick Grimes, 1 x Sheriff's Duffle for -1 MtxCurrency",1500,1500,0,0.0,0,2026-09-27T00:00:00Z,2026-09-30T23:59:59.999Z,1,0,-2,WalkingDead1,The Walking Dead,182,tileGrid,Size_1_x_1,,0,,2,br,BID_863_Tomcat_5V2TZ,Sheriff's Duffle,backpack,epic,,Survivors in Arms,2,8,2021-10-10T00:00:00Z
2026-09-30,v2:/b799295520e503608639d53db49c9d3fd1a98b82e3cf399f6f9e57a2699c52e9,[VIRTUAL]1 x Nightmare for 500 MtxCurrency,500,500,0,0.0,0,2026-09-01T00:00:00Z,2026-09-30T23:59:59.999Z,1,0,-55,JT092526,Jam Tracks,177,expandableList,Size_1_x_1,,0,,1,track,sid_placeholder_301,Nightmare,,,,,,,2024-10-17T13:33:26Z
2026-09-30,v2:/95fc32b65727dca17b8ac6ae1eb5a3009ac3b5e61bb7f9af1382979a6095624d,[VIRTUAL]1 x Ironmouse Worm for 500 MtxCurrency,500,500,0,0.0,0,2026-09-19T00:00:00Z,2026-10-02T23:59:59.999Z,1,0,-2,IronMouse2,Ironmouse,189,tileGrid,Size_1_x_1,,0,,1,br,Backpack_FeelUnionMoo,Ironmouse Worm,backpack,rare,,Ironmouse,7,4,2026-09-17T16:17:14Z
2026-09-30,v2:/c15d11e8f12bd70aa199371a0a28e6e69a6405c74a64b4c52187578b6a9c728e,[VIRTUAL]1 x Bubi for 500 MtxCurrency,500,500,0,0.0,0,2026-09-19T00:00:00Z,2026-10-02T23:59:59.999Z,1,0,-3,IronMouse2,Ironmouse,189,tileGrid,Size_1_x_1,,0,,1,br,Backpack_FeelUnionSki,Bubi,backpack,rare,,Ironmouse,7,4,2026-09-17T16:17:14Z
2026-09-30,v2:/494634ca8a1ee99499d4b5f9dbefe0c8be2dc595f8f2ba66f729738414243d45,[VIRTUAL]1 x Just Dance for 500 MtxCurrency,500,500,0,0.0,0,2026-09-01T00:00:00Z,2026-09-30T23:59:59.999Z,1,0,-53,JT092526,Jam Tracks,177,expandableList,Size_1_x_1,,0,,1,track,sid_placeholder_80,Just Dance,,,,,,,2024-02-22T09:00:00Z
2026-09-30,v2:/f1d4a7ea84475d08d950f713e01c0271a16a3995f1301c834002990bda159b67,[VIRTUAL]1 x TBD (SID_Placeholder_722) for 500 MtxCurrency,500,500,0,0.0,0,2026-09-01T00:00:00Z,2026-09-30T23:59:59.999Z,1,0,-96,JT092526,Jam Tracks,177,expandableList,Size_1_x_1,,0,,1,track,sid_placeholder_722,future base,,,,,,,2026-01-13T19:59:54Z
2026-09-30,v2:/cf2f952b10258214166d065211198afe6915b7f7cd71a43c8629f3fae1c6c59a,[VIRTUAL]1 x I Had Some Help for 500 MtxCurrency,500,500,0,0.0,0,2026-09-01T00:00:00Z,2026-09-30T23:59:59.999Z,1,0,-6,JT092526,Jam Tracks,177,expandableList,Size_1_x_1,,0,,1,track,sid_placeholder_248,I Had Some Help,,,,,,,2024-06-06T13:32:50Z
2026-09-30,v2:/f469f19949db83916d87186b78fd0c9ceb1f8433bc39806d22579fa8ab56ab72,[VIRTUAL]1 x CrazyBoy for 500 MtxCurrency,500,500,0,0.0,0,2026-09-30T00:00:00Z,2026-10-03T23:59:59.999Z,1,0,-2,VV093026,Groove Moves,197,tileGrid,Size_1_x_1,,0,,1,br,EID_KingEagle,CrazyBoy,emote,icon,Icon Series,,2,2,2020-04-15T06:13:43Z
2026-09-30,v2:/ee269da236c61023039258f6ef4d72abbf9384ce3d2eed417e0b21e4e79b0b64,[VIRTUAL]1 x Surf Slasher for 500 MtxCurrency,500,500,0,0.0,0,2026-09-26T00:00:00Z,2026-09-30T23:59:59.999Z,1,0,-3,CyberFNCS,FNCS,184,tileGrid,Size_1_x_1,,0,,1,br,Pickaxe_SharpDresserFNCS,Surf Slasher,pickaxe,rare,,FNCS,6,5,2025-08-26T08:18:15Z
2026-09-30,v2:/9726928ac9ffc7a56ed88b7cdcdd477d1029a3688d9599b2284fc60475187c22,"[VIRTUAL]1 x Kairi, 1 x Destiny's Embrace, 1 x Destiny's Embrace for -1 MtxCurrency",1600,1600,0,0.0,0,2026-09-17T00:00:00Z,2026-10-01T23:59:59.999Z,1,0,-4,KingdomHearts,Kingdom Hearts,191,tileGrid,Size_1_x_1,,0,,3,br,Character_WaningCacti,Kairi,outfit,gaminglegends,Gaming Legends Series,Kingdom Hearts,7,4,2026-09-17T08:00:00Z
2026-09-30,v2:/9726928ac9ffc7a56ed88b7cdcdd477d1029a3688d9599b2284fc60475187c22,"[VIRTUAL]1 x Kairi, 1 x Destiny's Embrace, 1 x Destiny's Embrace for -1 MtxCurrency",1600,1600,0,0.0,0,2026-09-17T00:00:00Z,2026-10-01T23:59:59.999Z,1,0,-4,KingdomHearts,Kingdom Hearts,191,tileGrid,Size_1_x_1,,0,,3,br,Pickaxe_WaningCacti,Destiny's Embrace,pickaxe,gaminglegends,Gaming Legends Series,Kingdom Hearts,7,4,2026-09-17T08:00:00Z
2026-09-30,v2:/9726928ac9ffc7a56ed88b7cdcdd477d1029a3688d9599b2284fc60475187c22,"[VIRTUAL]1 x Kairi, 1 x Destiny's Embrace, 1 x Destiny's Embrace for -1 MtxCurrency",1600,1600,0,0.0,0,2026-09-17T00:00:00Z,2026-10-01T23:59:59.999Z,1,0,-4,KingdomHearts,Kingdom Hearts,191,tileGrid,Size_1_x_1,,0,,3,br,Backpack_WaningCacti,Destiny's Embrace,backpack,gaminglegends,Gaming Legends Series,Kingdom Hearts,7,4,2026-09-17T08:00:00Z
2026-09-30,v2:/394bce355bfeedfacacc21331eab0a3a004b70d6c32a5d6365b62562bef7c6ce,[VIRTUAL]1 x TBD (SID_Placeholder_555) for 500 MtxCurrency,500,500,0,0.0,0,2026-09-25T00:00:00Z,2026-10-01T23:59:59.999Z,1,0,-4,JT092526,Jam Tracks,177,tileGrid,Size_1_x_1,,0,,1,track,sid_placeholder_555,Lapti Nek (Jabba's Palace),,,,,,,2025-05-02T13:15:03Z
2026-09-30,v2:/e24304411d160e0ee4d57946f0dfbfd9d87971829c565c39143484aeda84c538,[VIRTUAL]1 x Carmen's Heart Flail for 500 MtxCurrency,500,500,0,0.0,0,2026-09-26T00:00:00Z,2026-10-05T23:59:59.999Z,1,0,-3,Persona5,Persona 5 Royal,193,tileGrid,Size_1_x_1,,0,,1,br,Pickaxe_DebitScent,Carmen's Heart Flail,pickaxe,gaminglegends,Gaming Legends Series,Persona 5 Royal,7,4,2026-09-25T13:00:42Z
2026-09-30,v2:/f6561092570ce7a7f5cb02b838c1d1c199aed3f873e5d26564b78481a8745491,[VIRTUAL]1 x SexyBack for 500 MtxCurrency,500,500,0,0.0,0,2026-09-01T00:00:00Z,2026-09-30T23:59:59.999Z,1,0,-39,JT092526,Jam Tracks,177,expandableList,Size_1_x_1,,0,,1,track,sid_placeholder_342,SexyBack,,,,,,,2024-09-27T00:00:00Z
2026-09-30,v2:/1f0f4d39bb88c086ae28226a5ec0916f0aadbeff34d9625bfd25035f33b457c3,[VIRTUAL]1 x TBD (SID_Placeholder_455) for 500 MtxCurrency,500,500,0,0.0,0,2026-09-01T00:00:00Z,2026-09-30T23:59:59.999Z,1,0,-71,JT092526,Jam Tracks,177,expandableList,Size_1_x_1,,0,,1,track,sid_placeholder_455,IDOL,,,,,,,2025-02-06T21:54:35Z
2026-09-30,v2:/9ba76a0b918546f669d6121b5ac04d5682e79aec161ef5193423b5ee766470b0,"[VIRTUAL]1 x Sound Scepter, 1 x Sound Scepter, 1 x Sound Scepter for 800 MtxCurrency",800,800,0,0.0,0,2026-09-26T00:00:00Z,2026-09-30T23:59:59.999Z,1,0,-2,,,,,Size_1_x_1,,0,,3,br,BID_944_Sleek_7PFGZ,Sound Scepter,backpack,icon,Icon Series,Silk Sonic,3,1,2022-02-03T20:18:59Z
2026-09-30,v2:/9ba76a0b918546f669d6121b5ac04d5682e79aec161ef5193423b5ee766470b0,"[VIRTUAL]1 x Sound Scepter, 1 x Sound Scepter, 1 x Sound Scepter for 800 MtxCurrency",800,800,0,0.0,0,2026-09-26T00:00:00Z,2026-09-30T23:59:59.999Z,1,0,-2,,,,,Size_1_x_1,,0,,3,br,Pickaxe_ID_745_SleekMale_ECRL0,Sound Scepter,pickaxe,icon,Icon Series,Silk Sonic,3,1,2022-02-03T20:18:59Z
2026-09-30,v2:/9ba76a0b918546f669d6121b5ac04d5682e79aec161ef5193423b5ee766470b0,"[VIRTUAL]1 x Sound Scepter, 1 x Sound Scepter, 1 x Sound Scepter for 800 MtxCurrency",800,800,0,0.0,0,2026-09-26T00:00:00Z,2026-09-30T23:59:59.999Z,1,0,-2,,,,,Size_1_x_1,,0,,3,instrument,Sparks_Mic_Sleek,Sound Scepter,mic,icon,Icon Series,,,,2025-01-14T09:32:50Z
2026-09-30,v2:/0367a053767a076b6f5099bdfae11a7d2a49cdc5352a560fcd3f3f7a03d7de27,[VIRTUAL]1 x Brolly Stroll for 300 MtxCurrency,300,300,0,0.0,0,2026-09-26T00:00:00Z,2026-10-03T23:59:59.999Z,1,0,-3,ResidentEvil,Resident Evil,195,tileGrid,Size_1_x_1,,0,,1,br,EID_Relish_TNPZI,Brolly Stroll,emote,gaminglegends,Gaming Legends Series,S.T.A.R.S. Team,2,8,2021-10-24T00:00:00Z
2026-09-30,v2:/55b98cb6404066d84c5f30ec2dfa1482b9fde09b9865f2ba31dff1958a786f02,[VIRTUAL]1 x TBD (SID_Placeholder_908) for 500 MtxCurrency,500,500,0,0.0,0,2026-09-25T00:00:00Z,2026-10-04T23:59:59.999Z,1,0,-1,MadisonBeer,Madison Beer,194,tileGrid,Size_1_x_1,,0,,1,track,sid_placeholder_908,complexity,,,,,,,2026-09-23T18:01:04Z
2026-09-30,v2:/4b81058798e46288ef59b783edaa49eace7aa1f288587ca83f1900436961ae50,"[VIRTUAL]1 x Decora Ironmouse, 1 x Ironmouse Worm, 1 x Ironmouse, 1 x Ironmouse's Blade of Love, 1 x Bubi, 1 x Cry For Me, 1 x Hell Again, 1 x Mouse Mode, 1 x Ironmouse's Bubi Mic, 1 x Ironmouse's Bubi Mic, 1 x Ironmouse's Bubi Mic, 1 x TBD (SID_Placeholder_852), 1 x TBD (SID_Placeholder_854), 1 x TBD (SID_Placeholder_858), 1 x Headstones and an Ironmouse for -1 MtxCurrency",7600,3400,4200,0.5526,1,2026-09-19T00:00:00Z,2026-10-02T23:59:59.999Z,1,0,-2,IronMouse2,Ironmouse,189,tileGrid,Size_4_x_1,,1,Ironmouse Bundle,15,br,Character_FeelUnionMoo,Decora Ironmouse,outfit,epic,,Ironmouse,7,4,2026-09-17T16:17:14Z
2026-09-30,v2:/4b81058798e46288ef59b783edaa49eace7aa1f288587ca83f1900436961ae50,"[VIRTUAL]1 x Decora Ironmouse, 1 x Ironmouse Worm, 1 x Ironmouse, 1 x Ironmouse's Blade of Love, 1 x Bubi, 1 x Cry For Me, 1 x Hell Again, 1 x Mouse Mode, 1 x Ironmouse's Bubi Mic, 1 x Ironmouse's Bubi Mic, 1 x Ironmouse's Bubi Mic, 1 x TBD (SID_Placeholder_852), 1 x TBD (SID_Placeholder_854), 1 x TBD (SID_Placeholder_858), 1 x Headstones and an Ironmouse for -1 MtxCurrency",7600,3400,4200,0.5526,1,2026-09-19T00:00:00Z,2026-10-02T23:59:59.999Z,1,0,-2,IronMouse2,Ironmouse,189,tileGrid,Size_4_x_1,,1,Ironmouse Bundle,15,br,Backpack_FeelUnionMoo,Ironmouse Worm,backpack,rare,,Ironmouse,7,4,2026-09-17T16:17:14Z
2026-09-30,v2:/4b81058798e46288ef59b783edaa49eace7aa1f288587ca83f1900436961ae50,"[VIRTUAL]1 x Decora Ironmouse, 1 x Ironmouse Worm, 1 x Ironmouse, 1 x Ironmouse's Blade of Love, 1 x Bubi, 1 x Cry For Me, 1 x Hell Again, 1 x Mouse Mode, 1 x Ironmouse's Bubi Mic, 1 x Ironmouse's Bubi Mic, 1 x Ironmouse's Bubi Mic, 1 x TBD (SID_Placeholder_852), 1 x TBD (SID_Placeholder_854), 1 x TBD (SID_Placeholder_858), 1 x Headstones and an Ironmouse for -1 MtxCurrency",7600,3400,4200,0.5526,1,2026-09-19T00:00:00Z,2026-10-02T23:59:59.999Z,1,0,-2,IronMouse2,Ironmouse,189,tileGrid,Size_4_x_1,,1,Ironmouse Bundle,15,br,Character_FeelUnionSki,Ironmouse,outfit,epic,,Ironmouse,7,4,2026-09-17T16:17:14Z
2026-09-30,v2:/4b81058798e46288ef59b783edaa49eace7aa1f288587ca83f1900436961ae50,"[VIRTUAL]1 x Decora Ironmouse, 1 x Ironmouse Worm, 1 x Ironmouse, 1 x Ironmouse's Blade of Love, 1 x Bubi, 1 x Cry For Me, 1 x Hell Again, 1 x Mouse Mode, 1 x Ironmouse's Bubi Mic, 1 x Ironmouse's Bubi Mic, 1 x Ironmouse's Bubi Mic, 1 x TBD (SID_Placeholder_852), 1 x TBD (SID_Placeholder_854), 1 x TBD (SID_Placeholder_858), 1 x Headstones and an Ironmouse for -1 MtxCurrency",7600,3400,4200,0.5526,1,2026-09-19T00:00:00Z,2026-10-02T23:59:59.999Z,1,0,-2,IronMouse2,Ironmouse,189,tileGrid,Size_4_x_1,,1,Ironmouse Bundle,15,br,Pickaxe_FeelUnionSki,Ironmouse's Blade of Love,pickaxe,rare,,Ironmouse,7,4,2026-09-17T16:17:14Z
2026-09-30,v2:/4b81058798e46288ef59b783edaa49eace7aa1f288587ca83f1900436961ae50,"[VIRTUAL]1 x Decora Ironmouse, 1 x Ironmouse Worm, 1 x Ironmouse, 1 x Ironmouse's Blade of Love, 1 x Bubi, 1 x Cry For Me, 1 x Hell Again, 1 x Mouse Mode, 1 x Ironmouse's Bubi Mic, 1 x Ironmouse's Bubi Mic, 1 x Ironmouse's Bubi Mic, 1 x TBD (SID_Placeholder_852), 1 x TBD (SID_Placeholder_854), 1 x TBD (SID_Placeholder_858), 1 x Headstones and an Ironmouse for -1 MtxCurrency",7600,3400,4200,0.5526,1,2026-09-19T00:00:00Z,2026-10-02T23:59:59.999Z,1,0,-2,IronMouse2,Ironmouse,189,tileGrid,Size_4_x_1,,1,Ironmouse Bundle,15,br,Backpack_FeelUnionSki,Bubi,backpack,rare,,Ironmouse,7,4,2026-09-17T16:17:14Z
2026-09-30,v2:/4b81058798e46288ef59b783edaa49eace7aa1f288587ca83f1900436961ae50,"[VIRTUAL]1 x Decora Ironmouse, 1 x Ironmouse Worm, 1 x Ironmouse, 1 x Ironmouse's Blade of Love, 1 x Bubi, 1 x Cry For Me, 1 x Hell Again, 1 x Mouse Mode, 1 x Ironmouse's Bubi Mic, 1 x Ironmouse's Bubi Mic, 1 x Ironmouse's Bubi Mic, 1 x TBD (SID_Placeholder_852), 1 x TBD (SID_Placeholder_854), 1 x TBD (SID_Placeholder_858), 1 x Headstones and an Ironmouse for -1 MtxCurrency",7600,3400,4200,0.5526,1,2026-09-19T00:00:00Z,2026-10-02T23:59:59.999Z,1,0,-2,IronMouse2,Ironmouse,189,tileGrid,Size_4_x_1,,1,Ironmouse Bundle,15,br,EID_FeelUnionSki,Cry For Me,emote,uncommon,,Ironmouse,7,4,2026-09-17T16:17:14Z
2026-09-30,v2:/4b81058798e46288ef59b783edaa49eace7aa1f288587ca83f1900436961ae50,"[VIRTUAL]1 x Decora Ironmouse, 1 x Ironmouse Worm, 1 x Ironmouse, 1 x Ironmouse's Blade of Love, 1 x Bubi, 1 x Cry For Me, 1 x Hell Again, 1 x Mouse Mode, 1 x Ironmouse's Bubi Mic, 1 x Ironmouse's Bubi Mic, 1 x Ironmouse's Bubi Mic, 1 x TBD (SID_Placeholder_852), 1 x TBD (SID_Placeholder_854), 1 x TBD (SID_Placeholder_858), 1 x Headstones and an Ironmouse for -1 MtxCurrency",7600,3400,4200,0.5526,1,2026-09-19T00:00:00Z,2026-10-02T23:59:59.999Z,1,0,-2,IronMouse2,Ironmouse,189,tileGrid,Size_4_x_1,,1,Ironmouse Bundle,15,br,EID_FeelUnionMoo,Hell Again,emote,uncommon,,Ironmouse,7,4,2026-09-17T16:17:14Z
2026-09-30,v2:/4b81058798e46288ef59b783edaa49eace7aa1f288587ca83f1900436961ae50,"[VIRTUAL]1 x Decora Ironmouse, 1 x Ironmouse Worm, 1 x Ironmouse, 1 x Ironmouse's Blade of Love, 1 x Bubi, 1 x Cry For Me, 1 x Hell Again, 1 x Mouse Mode, 1 x Ironmouse's Bubi Mic, 1 x Ironmouse's Bubi Mic, 1 x Ironmouse's Bubi Mic, 1 x TBD (SID_Placeholder_852), 1 x TBD (SID_Placeholder_854), 1 x TBD (SID_Placeholder_858), 1 x Headstones and an Ironmouse for -1 MtxCurrency",7600,3400,4200,0.5526,1,2026-09-19T00:00:00Z,2026-10-02T23:59:59.999Z,1,0,-2,IronMouse2,Ironmouse,189,tileGrid,Size_4_x_1,,1,Ironmouse Bundle,15,br,Wrap_FeelUnion,Mouse Mode,wrap,rare,,Ironmouse,7,4,2026-09-17T16:17:14Z
2026-09-30,v2:/4b81058798e46288ef59b783edaa49eace7aa1f288587ca83f1900436961ae50,"[VIRTUAL]1 x Decora Ironmouse, 1 x Ironmouse Worm, 1 x Ironmouse, 1 x Ironmouse's Blade of Love, 1 x Bubi, 1 x Cry For Me, 1 x Hell Again, 1 x Mouse Mode, 1 x Ironmouse's Bubi Mic, 1 x Ironmouse's Bubi Mic, 1 x Ironmouse's Bubi Mic, 1 x TBD (SID_Placeholder_852), 1 x TBD (SID_Placeholder_854), 1 x TBD (SID_Placeholder_858), 1 x Headstones and an Ironmouse for -1 MtxCurrency",7600,3400,4200,0.5526,1,2026-09-19T00:00:00Z,2026-10-02T23:59:59.999Z,1,0,-2,IronMouse2,Ironmouse,189,tileGrid,Size_4_x_1,,1,Ironmouse Bundle,15,br,Pickaxe_FeelUnionMoo_Mic,Ironmouse's Bubi Mic,pickaxe,rare,,Ironmouse,7,4,2026-09-17T16:17:14Z
2026-09-30,v2:/4b81058798e46288ef59b783edaa49eace7aa1f288587ca83f1900436961ae50,"[VIRTUAL]1 x Decora Ironmouse, 1 x Ironmouse Worm, 1 x Ironmouse, 1 x Ironmouse's Blade of Love, 1 x Bubi, 1 x Cry For Me, 1 x Hell Again, 1 x Mouse Mode, 1 x Ironmouse's Bubi Mic, 1 x Ironmouse's Bubi Mic, 1 x Ironmouse's Bubi Mic, 1 x TBD (SID_Placeholder_852), 1 x TBD (SID_Placeholder_854), 1 x TBD (SID_Placeholder_858), 1 x Headstones and an Ironmouse for -1 MtxCurrency",7600,3400,4200,0.5526,1,2026-09-19T00:00:00Z,2026-10-02T23:59:59.999Z,1,0,-2,IronMouse2,Ironmouse,189,tileGrid,Size_4_x_1,,1,Ironmouse Bundle,15,br,Backpack_FeelUnionMoo_Mic,Ironmouse's Bubi Mic,backpack,rare,,Ironmouse,7,4,2026-09-17T16:17:14Z
2026-09-30,v2:/4b81058798e46288ef59b783edaa49eace7aa1f288587ca83f1900436961ae50,"[VIRTUAL]1 x Decora Ironmouse, 1 x Ironmouse Worm, 1 x Ironmouse, 1 x Ironmouse's Blade of Love, 1 x Bubi, 1 x Cry For Me, 1 x Hell Again, 1 x Mouse Mode, 1 x Ironmouse's Bubi Mic, 1 x Ironmouse's Bubi Mic, 1 x Ironmouse's Bubi Mic, 1 x TBD (SID_Placeholder_852), 1 x TBD (SID_Placeholder_854), 1 x TBD (SID_Placeholder_858), 1 x Headstones and an Ironmouse for -1 MtxCurrency",7600,3400,4200,0.5526,1,2026-09-19T00:00:00Z,2026-10-02T23:59:59.999Z,1,0,-2,IronMouse2,Ironmouse,189,tileGrid,Size_4_x_1,,1,Ironmouse Bundle,15,br,LoadingScreen_FeelUnionKeyArt,Headstones and an Ironmouse,loadingscreen,uncommon,,Ironmouse,7,4,2026-09-17T16:17:14Z
2026-09-30,v2:/4b81058798e46288ef59b783edaa49eace7aa1f288587ca83f1900436961ae50,"[VIRTUAL]1 x Decora Ironmouse, 1 x Ironmouse Worm, 1 x Ironmouse, 1 x Ironmouse's Blade of Love, 1 x Bubi, 1 x Cry For Me, 1 x Hell Again, 1 x Mouse Mode, 1 x Ironmouse's Bubi Mic, 1 x Ironmouse's Bubi Mic, 1 x Ironmouse's Bubi Mic, 1 x TBD (SID_Placeholder_852), 1 x TBD (SID_Placeholder_854), 1 x TBD (SID_Placeholder_858), 1 x Headstones and an Ironmouse for -1 MtxCurrency",7600,3400,4200,0.5526,1,2026-09-19T00:00:00Z,2026-10-02T23:59:59.999Z,1,0,-2,IronMouse2,Ironmouse,189,tileGrid,Size_4_x_1,,1,Ironmouse Bundle,15,track,sid_placeholder_852,Meow,,,,,,,2026-09-16T14:45:02Z
2026-09-30,v2:/4b81058798e46288ef59b783edaa49eace7aa1f288587ca83f1900436961ae50,"[VIRTUAL]1 x Decora Ironmouse, 1 x Ironmouse Worm, 1 x Ironmouse, 1 x Ironmouse's Blade of Love, 1 x Bubi, 1 x Cry For Me, 1 x Hell Again, 1 x Mouse Mode, 1 x Ironmouse's Bubi Mic, 1 x Ironmouse's Bubi Mic, 1 x Ironmouse's Bubi Mic, 1 x TBD (SID_Placeholder_852), 1 x TBD (SID_Placeholder_854), 1 x TBD (SID_Placeholder_858), 1 x Headstones and an Ironmouse for -1 MtxCurrency",7600,3400,4200,0.5526,1,2026-09-19T00:00:00Z,2026-10-02T23:59:59.999Z,1,0,-2,IronMouse2,Ironmouse,189,tileGrid,Size_4_x_1,,1,Ironmouse Bundle,15,track,sid_placeholder_854,Hell Again,,,,,,,2026-09-16T14:47:03Z
2026-09-30,v2:/4b81058798e46288ef59b783edaa49eace7aa1f288587ca83f1900436961ae50,"[VIRTUAL]1 x Decora Ironmouse, 1 x Ironmouse Worm, 1 x Ironmouse, 1 x Ironmouse's Blade of Love, 1 x Bubi, 1 x Cry For Me, 1 x Hell Again, 1 x Mouse Mode, 1 x Ironmouse's Bubi Mic, 1 x Ironmouse's Bubi Mic, 1 x Ironmouse's Bubi Mic, 1 x TBD (SID_Placeholder_852), 1 x TBD (SID_Placeholder_854), 1 x TBD (SID_Placeholder_858), 1 x Headstones and an Ironmouse for -1 MtxCurrency",7600,3400,4200,0.5526,1,2026-09-19T00:00:00Z,2026-10-02T23:59:59.999Z,1,0,-2,IronMouse2,Ironmouse,189,tileGrid,Size_4_x_1,,1,Ironmouse Bundle,15,track,sid_placeholder_858,Cry For Me (Wa Wa Wa),,,,,,,2026-09-16T14:46:03Z
2026-09-30,v2:/4b81058798e46288ef59b783edaa49eace7aa1f288587ca83f1900436961ae50,"[VIRTUAL]1 x Decora Ironmouse, 1 x Ironmouse Worm, 1 x Ironmouse, 1 x Ironmouse's Blade of Love, 1 x Bubi, 1 x Cry For Me, 1 x Hell Again, 1 x Mouse Mode, 1 x Ironmouse's Bubi Mic, 1 x Ironmouse's Bubi Mic, 1 x Ironmouse's Bubi Mic, 1 x TBD (SID_Placeholder_852), 1 x TBD (SID_Placeholder_854), 1 x TBD (SID_Placeholder_858), 1 x Headstones and an Ironmouse for -1 MtxCurrency",7600,3400,4200,0.5526,1,2026-09-19T00:00:00Z,2026-10-02T23:59:59.999Z,1,0,-2,IronMouse2,Ironmouse,189,tileGrid,Size_4_x_1,,1,Ironmouse Bundle,15,instrument,Sparks_FeelUnionMoo_Mic,Ironmouse's Bubi Mic,mic,common,,,,,2026-09-17T16:17:14Z
2026-09-30,v2:/10b9652fe76e5b49566321c21a04d6dc0395f008805d9353f521e4607e4cda3f,"[VIRTUAL]1 x Make You Mine Madison, 1 x Madison's OG Pickaxe for -1 MtxCurrency",1500,1500,0,0.0,0,2026-09-25T00:00:00Z,2026-10-04T23:59:59.999Z,1,0,-1,MadisonBeer,Madison Beer,194,tileGrid,Size_2_x_1,,0,,2,br,Character_MistTycoonHike,Make You Mine Madison,outfit,icon,Icon Series,Madison Beer,7,4,2026-09-23T16:31:22Z
2026-09-30,v2:/10b9652fe76e5b49566321c21a04d6dc0395f008805d9353f521e4607e4cda3f,"[VIRTUAL]1 x Make You Mine Madison, 1 x Madison's OG Pickaxe for -1 MtxCurrency",1500,1500,0,0.0,0,2026-09-25T00:00:00Z,2026-10-04T23:59:59.999Z,1,0,-1,MadisonBeer,Madison Beer,194,tileGrid,Size_2_x_1,,0,,2,br,Pickaxe_MistTycoonHike,Madison's OG Pickaxe,pickaxe,icon,Icon Series,Madison Beer,7,4,2026-09-24T13:00:55Z
2026-09-30,v2:/34f2bc16fef4b9d95789f6c945f9632d7658f64125ae5d6ce665fbd1942d1091,[VIRTUAL]1 x TBD (SID_Placeholder_697) for 500 MtxCurrency,500,500,0,0.0,0,2026-09-01T00:00:00Z,2026-09-30T23:59:59.999Z,1,0,-14,JT092526,Jam Tracks,177,expandableList,Size_1_x_1,,0,,1,track,sid_placeholder_697,New Woman,,,,,,,2025-11-29T19:00:00Z
2026-09-30,v2:/962741dcd4458763af26557c1566dd6dd31f83e5648a0a330ad74436857fc0f7,[VIRTUAL]1 x Caffeinated for 500 MtxCurrency,500,500,0,0.0,0,2026-09-26T00:00:00Z,2026-09-30T23:59:59.999Z,1,0,-2,MTVVMA,Main Stage Moment,179,tileGrid,Size_1_x_1,,0,,1,br,EID_Caffeine,Caffeinated,emote,icon,Icon Series,,5,4,2024-10-17T00:00:00Z
2026-09-30,v2:/92dd6980e2741374c4c3a723367215ff59b5549a05bac2dc82e6d251fd46b145,[VIRTUAL]1 x TBD (SID_Placeholder_795) for 500 MtxCurrency,500,500,0,0.0,0,2026-09-01T00:00:00Z,2026-09-30T23:59:59.999Z,1,0,-12,JT092526,Jam Tracks,177,expandableList,Size_1_x_1,,0,,1,track,sid_placeholder_795,I'll Believe in Anything,,,,,,,2026-05-19T14:12:36Z
2026-09-30,v2:/3afd858ea1432d8e469383f85202c81c5d64081e8f13536e242f13e45f4e6dc6,[VIRTUAL]1 x Ancient Hunter's Seok-jang for 500 MtxCurrency,500,500,0,0.0,0,2026-09-27T00:00:00Z,2026-10-01T23:59:59.999Z,1,0,-4,Kpop2Newest,KPop Demon Hunters,183,tileGrid,Size_1_x_1,,0,,1,br,Pickaxe_LowerDrop,Ancient Hunter's Seok-jang,pickaxe,icon,Icon Series,KPop Demon Hunters,7,1,2026-02-05T15:01:36Z
2026-09-30,v2:/b55729f141723dc14049db7408a21ca175b40e2bb3fd09163809d49c2e5b998d,[VIRTUAL]1 x Cry For Me for 500 MtxCurrency,500,500,0,0.0,0,2026-09-19T00:00:00Z,2026-10-02T23:59:59.999Z,1,0,-4,IronMouse2,Ironmouse,189,tileGrid,Size_1_x_1,,0,,1,br,EID_FeelUnionSki,Cry For Me,emote,uncommon,,Ironmouse,7,4,2026-09-17T16:17:14Z
2026-09-30,v2:/05112a186d2775ce68c59cf1a8f4c71d4b376840ba29f6fc5f8da34e4339b31f,[VIRTUAL]1 x all red for 400 MtxCurrency,400,400,0,0.0,0,2026-09-30T00:00:00Z,2026-10-03T23:59:59.999Z,1,0,-3,VV093026,Groove Moves,197,tileGrid,Size_1_x_1,,0,,1,br,EID_IcedOut,all red,emote,icon,Icon Series,,6,2,2025-04-15T00:00:00Z
2026-09-30,v2:/b2ae71969097358b7caf23b14a8213a9d6828ee8575e57960487ae6bccc22be0,[VIRTUAL]1 x Mini Tyler for 400 MtxCurrency,400,400,0,0.0,0,2026-09-26T00:00:00Z,2026-09-30T23:59:59.999Z,1,0,-1,,,,,Size_1_x_1,,0,,1,br,Backpack_CanineCronutMix,Mini Tyler,backpack,icon,Icon Series,"Tyler, The Creator",6,6,2025-11-14T14:44:13Z
2026-09-30,v2:/56bbd03268c00787fc55fdf680251891ed53beed29d4bc898908fc14445ccbeb,[VIRTUAL]1 x HUNTR/X Light Stick for 400 MtxCurrency,400,400,0,0.0,0,2026-09-27T00:00:00Z,2026-10-01T23:59:59.999Z,1,0,-2,Kpop2Newest,KPop Demon Hunters,183,tileGrid,Size_1_x_1,,0,,1,br,Backpack_HybridBoot,HUNTR/X Light Stick,backpack,icon,Icon Series,KPop Demon Hunters,7,1,2026-02-05T15:01:36Z
2026-09-30,v2:/ac44efffd72ec97414ef06d9b014c13eb659f8490594ed8733fe8ffbfdbb2711,"[VIRTUAL]1 x Dummy, 1 x Wrong Turn for -1 MtxCurrency",1200,1200,0,0.0,0,2026-09-29T00:00:00Z,2026-10-05T23:59:59.999Z,1,0,-1,NS092926,No Sweat,186,tileGrid,Size_1_x_1,,0,,2,br,CID_795_Athena_Commando_M_Dummeez,Dummy,outfit,rare,,Dummy Brigade,2,3,2020-07-21T08:17:24Z
2026-09-30,v2:/ac44efffd72ec97414ef06d9b014c13eb659f8490594ed8733fe8ffbfdbb2711,"[VIRTUAL]1 x Dummy, 1 x Wrong Turn for -1 MtxCurrency",1200,1200,0,0.0,0,2026-09-29T00:00:00Z,2026-10-05T23:59:59.999Z,1,0,-1,NS092926,No Sweat,186,tileGrid,Size_1_x_1,,0,,2,br,BID_549_Dummeez,Wrong Turn,backpack,rare,,Dummy Brigade,2,3,2020-07-21T08:17:24Z
2026-09-30,v2:/b23ed5773996162f223d116b25a6f513420613acbb09d9e24f6d954502f609f2,"[VIRTUAL]1 x Jack Skellington, 1 x Zero, 1 x Peppermint Parasol, 1 x Jack's Sled, 1 x Lock, Shock and Barrel's Tub for -1 MtxCurrency",4000,2600,1400,0.35,1,2026-09-28T00:00:00Z,2026-10-01T23:59:59.999Z,1,0,-3,KHNightmare1,Disney,190,tileGrid,Size_2_x_1,Bundle includes  <highlight>JACK SKELLINGTON</>! Additional style included!,1,Jack Skellington Bundle,5,br,Character_PrivateJet,Jack Skellington,outfit,epic,,The Pumpkin King,4,4,2023-10-10T11:59:07Z
2026-09-30,v2:/b23ed5773996162f223d116b25a6f513420613acbb09d9e24f6d954502f609f2,"[VIRTUAL]1 x Jack Skellington, 1 x Zero, 1 x Peppermint Parasol, 1 x Jack's Sled, 1 x Lock, Shock and Barrel's Tub for -1 MtxCurrency",4000,2600,1400,0.35,1,2026-09-28T00:00:00Z,2026-10-01T23:59:59.999Z,1,0,-3,KHNightmare1,Disney,190,tileGrid,Size_2_x_1,Bundle includes  <highlight>JACK SKELLINGTON</>! Additional style included!,1,Jack Skellington Bundle,5,br,Backpack_PrivateJet,Zero,backpack,epic,,The Pumpkin King,4,4,2023-10-10T11:59:07Z
2026-09-30,v2:/b23ed5773996162f223d116b25a6f513420613acbb09d9e24f6d954502f609f2,"[VIRTUAL]1 x Jack Skellington, 1 x Zero, 1 x Peppermint Parasol, 1 x Jack's Sled, 1 x Lock, Shock and Barrel's Tub for -1 MtxCurrency",4000,2600,1400,0.35,1,2026-09-28T00:00:00Z,2026-10-01T23:59:59.999Z,1,0,-3,KHNightmare1,Disney,190,tileGrid,Size_2_x_1,Bundle includes  <highlight>JACK SKELLINGTON</>! Additional style included!,1,Jack Skellington Bundle,5,br,Pickaxe_PrivateJet,Peppermint Parasol,pickaxe,rare,,The Pumpkin King,4,4,2023-10-10T11:59:07Z
2026-09-30,v2:/b23ed5773996162f223d116b25a6f513420613acbb09d9e24f6d954502f609f2,"[VIRTUAL]1 x Jack Skellington, 1 x Zero, 1 x Peppermint Parasol, 1 x Jack's Sled, 1 x Lock, Shock and Barrel's Tub for -1 MtxCurrency",4000,2600,1400,0.35,1,2026-09-28T00:00:00Z,2026-10-01T23:59:59.999Z,1,0,-3,KHNightmare1,Disney,190,tileGrid,Size_2_x_1,Bundle includes  <highlight>JACK SKELLINGTON</>! Additional style included!,1,Jack Skellington Bundle,5,br,Glider_PrivateJet,Jack's Sled,glider,epic,,The Pumpkin King,4,4,2023-10-10T11:59:07Z
2026-09-30,v2:/b23ed5773996162f223d116b25a6f513420613acbb09d9e24f6d954502f609f2,"[VIRTUAL]1 x Jack Skellington, 1 x Zero, 1 x Peppermint Parasol, 1 x Jack's Sled, 1 x Lock, Shock and Barrel's Tub for -1 MtxCurrency",4000,2600,1400,0.35,1,2026-09-28T00:00:00Z,2026-10-01T23:59:59.999Z,1,0,-3,KHNightmare1,Disney,190,tileGrid,Size_2_x_1,Bundle includes  <highlight>JACK SKELLINGTON</>! Additional style included!,1,Jack Skellington Bundle,5,br,EID_PrivateJet,"Lock, Shock and Barrel's Tub",emote,rare,,The Pumpkin King,4,4,2023-10-24T00:00:00Z
2026-09-30,v2:/c850386d042d93f3eb08eefb8fa97c1c5d6da64a8822cfff328276efc272c7a4,[VIRTUAL]1 x Skelly Bitz for 300 MtxCurrency,300,300,0,0.0,0,2026-09-29T00:00:00Z,2026-09-30T23:59:59.999Z,1,0,-3,BR093026,Fit Check,185,tileGrid,Size_1_x_1,,0,,1,br,Backpack_BitFight,Skelly Bitz,backpack,rare,,Bright Bytes,6,5,2025-08-26T08:18:15Z
2026-09-30,v2:/84f5159ddd0e1e1eb2f56cf05c4ecc42b1feca97a993316c495e97ea1069a677,[VIRTUAL]1 x TBD (SID_Placeholder_686) for 500 MtxCurrency,500,500,0,0.0,0,2026-09-01T00:00:00Z,2026-09-30T23:59:59.999Z,1,0,-26,JT092526,Jam Tracks,177,expandableList,Size_1_x_1,,0,,1,track,sid_placeholder_686,Ring Ring Ring,,,,,,,2025-11-14T14:43:54Z
2026-09-30,v2:/63b788efa2ba999343f12dff49db2f8b1bcf8f4ce2e7d76ec163f5f314fc6bc6,[VIRTUAL]1 x TBD (SID_Placeholder_506) for 500 MtxCurrency,500,500,0,0.0,0,2026-09-01T00:00:00Z,2026-09-30T23:59:59.999Z,1,0,-75,JT092526,Jam Tracks,177,expandableList,Size_1_x_1,,0,,1,track,sid_placeholder_506,Pumped Up Kicks,,,,,,,2025-03-06T14:32:03Z
2026-09-30,v2:/3b2a5e833c2832b631d84ca500bfa40c5a5881086273c088dd1126b0e45ebc6a,[VIRTUAL]1 x TBD (SID_Placeholder_907) for 500 MtxCurrency,500,500,0,0.0,0,2026-09-25T00:00:00Z,2026-10-04T23:59:59.999Z,1,0,-4,MadisonBeer,Madison Beer,194,tileGrid,Size_1_x_1,,0,,1,track,sid_placeholder_907,bittersweet,,,,,,,2026-09-23T18:01:04Z
2026-09-30,v2:/b783a2211d7734d35f1fb5bb86667a6fd73303462d9f809ff8bfa14f8c3e047b,[VIRTUAL]1 x Byte Bashers for 800 MtxCurrency,800,800,0,0.0,0,2026-09-29T00:00:00Z,2026-09-30T23:59:59.999Z,1,0,-4,BR093026,Fit Check,185,tileGrid,Size_1_x_1,,0,,1,br,Pickaxe_BitFight,Byte Bashers,pickaxe,rare,,Bright Bytes,6,5,2025-08-26T08:18:15Z
2026-09-30,v2:/43a3f20a01a28febf18886d8b704896e90fa866a105c42a819fca8f5371b9213,[VIRTUAL]1 x Focused Emblem for 200 MtxCurrency,200,200,0,0.0,0,2026-09-23T00:00:00Z,2026-09-30T23:59:59.999Z,1,0,-1,CyberFNCS,FNCS,184,tileGrid,Size_1_x_1,,0,,1,br,Backpack_CyberFNCS,Focused Emblem,backpack,rare,,FNCS,7,4,2026-09-17T16:17:14Z
2026-09-30,v2:/f3521f3661460e020b3ed6ecae658b1034036b892fea1d39d83b23c818384571,"[VIRTUAL]1 x Kernel Poppy, 1 x Slurpy Slush'em for -1 MtxCurrency",1200,1200,0,0.0,0,2026-09-29T00:00:00Z,2026-10-01T23:59:59.999Z,1,0,-2,BR093026,Fit Check,185,tileGrid,Size_1_x_1,,0,,2,br,CID_A_254_Athena_Commando_M_ButterJack,Kernel Poppy,outfit,rare,,Multiplex,2,8,2021-10-26T08:26:10Z
2026-09-30,v2:/f3521f3661460e020b3ed6ecae658b1034036b892fea1d39d83b23c818384571,"[VIRTUAL]1 x Kernel Poppy, 1 x Slurpy Slush'em for -1 MtxCurrency",1200,1200,0,0.0,0,2026-09-29T00:00:00Z,2026-10-01T23:59:59.999Z,1,0,-2,BR093026,Fit Check,185,tileGrid,Size_1_x_1,,0,,2,br,BID_891_ButterJack,Slurpy Slush'em,backpack,rare,,Multiplex,2,8,2021-10-26T08:26:10Z
2026-09-30,v2:/b0d2315e68aee8781e9445baa4c9e9f32a976bfbbc2d3c61c7adfe8bf5fe793e,"[VIRTUAL]1 x PEAK Scout, 1 x Peak Pack, 1 x Scout's Marshmallow, 1 x Bing Bong for -1 MtxCurrency",3300,2500,800,0.2424,1,2026-09-28T00:00:00Z,2026-10-01T23:59:59.999Z,1,0,-1,PEAK,PEAK,181,tileGrid,Size_3_x_1,,1,PEAK Bundle,4,br,Character_TopicProud,PEAK Scout,outfit,gaminglegends,Gaming Legends Series,PEAK,7,2,2026-03-22T00:00:00Z
2026-09-30,v2:/b0d2315e68aee8781e9445baa4c9e9f32a976bfbbc2d3c61c7adfe8bf5fe793e,"[VIRTUAL]1 x PEAK Scout, 1 x Peak Pack, 1 x Scout's Marshmallow, 1 x Bing Bong for -1 MtxCurrency",3300,2500,800,0.2424,1,2026-09-28T00:00:00Z,2026-10-01T23:59:59.999Z,1,0,-1,PEAK,PEAK,181,tileGrid,Size_3_x_1,,1,PEAK Bundle,4,br,Backpack_TopicProud,Peak Pack,backpack,gaminglegends,Gaming Legends Series,PEAK,7,2,2026-03-22T00:00:00Z
2026-09-30,v2:/b0d2315e68aee8781e9445baa4c9e9f32a976bfbbc2d3c61c7adfe8bf5fe793e,"[VIRTUAL]1 x PEAK Scout, 1 x Peak Pack, 1 x Scout's Marshmallow, 1 x Bing Bong for -1 MtxCurrency",3300,2500,800,0.2424,1,2026-09-28T00:00:00Z,2026-10-01T23:59:59.999Z,1,0,-1,PEAK,PEAK,181,tileGrid,Size_3_x_1,,1,PEAK Bundle,4,br,Pickaxe_TopicProud,Scout's Marshmallow,pickaxe,gaminglegends,Gaming Legends Series,PEAK,7,2,2026-03-22T00:00:00Z
2026-09-30,v2:/b0d2315e68aee8781e9445baa4c9e9f32a976bfbbc2d3c61c7adfe8bf5fe793e,"[VIRTUAL]1 x PEAK Scout, 1 x Peak Pack, 1 x Scout's Marshmallow, 1 x Bing Bong for -1 MtxCurrency",3300,2500,800,0.2424,1,2026-09-28T00:00:00Z,2026-10-01T23:59:59.999Z,1,0,-1,PEAK,PEAK,181,tileGrid,Size_3_x_1,,1,PEAK Bundle,4,br,Wrap_TopicProud,Bing Bong,wrap,rare,,PEAK,7,2,2026-03-22T00:00:00Z
2026-09-30,v2:/b1da53edc4186858dd65effbac472dad6fc75d86f39887e1f9123db2c2808585,[VIRTUAL]1 x Glumbo for 300 MtxCurrency,300,300,0,0.0,0,2026-09-29T00:00:00Z,2026-10-05T23:59:59.999Z,1,0,-2,,,,,Size_1_x_1,,0,,1,br,BID_743_Accumulate,Glumbo,backpack,epic,,Marked Man,2,6,2021-04-13T08:51:15Z
2026-09-30,v2:/88cca8b4835564e0609c13770b1133685a6a60a3e91be2e0407807fbb9197a05,[VIRTUAL]1 x Nothing Else Matters for 500 MtxCurrency,500,500,0,0.0,0,2026-09-01T00:00:00Z,2026-09-30T23:59:59.999Z,1,0,-72,JT092526,Jam Tracks,177,expandableList,Size_1_x_1,,0,,1,track,sid_placeholder_237,Nothing Else Matters,,,,,,,2024-06-20T00:00:00Z
2026-09-30,v2:/189a21578027809123fa275d6447f4427bfe701ef1cd8023954570a6279b97d5,[VIRTUAL]1 x TBD (SID_Placeholder_744) for 500 MtxCurrency,500,500,0,0.0,0,2026-09-01T00:00:00Z,2026-09-30T23:59:59.999Z,1,0,-83,JT092526,Jam Tracks,177,expandableList,Size_1_x_1,,0,,1,track,sid_placeholder_744,Just Pretend,,,,,,,2026-02-11T04:45:25Z
2026-09-30,v2:/0e4eb5d38447bbc87ff52b3ac69c892365a4fbf7a2b6d58fa4a6a3df988ca702,[VIRTUAL]1 x Lux Æterna for 500 MtxCurrency,500,500,0,0.0,0,2026-09-01T00:00:00Z,2026-09-30T23:59:59.999Z,1,0,-88,JT092526,Jam Tracks,177,expandableList,Size_1_x_1,,0,,1,track,sid_placeholder_236,Lux Æterna,,,,,,,2024-06-20T00:00:00Z
2026-09-30,v2:/60144e9e23b167e2d7c9e36802e36591380af9671e7eb795af175d9c9aea54cc,[VIRTUAL]1 x Thought I Was Dead for 500 MtxCurrency,500,500,0,0.0,0,2026-09-26T00:00:00Z,2026-09-30T23:59:59.999Z,1,0,-4,MTVVMA,Main Stage Moment,179,tileGrid,Size_1_x_1,,0,,1,br,EID_CanineCronutMix,Thought I Was Dead,emote,icon,Icon Series,"Tyler, The Creator",,,2025-11-14T14:44:13Z
2026-09-30,v2:/e9f5c53ceccb2b573ae7f910c88798b5cc75d763fce188dafa26290c04aac2e5,[VIRTUAL]1 x Umbrella Parasol for 500 MtxCurrency,500,500,0,0.0,0,2026-09-26T00:00:00Z,2026-10-03T23:59:59.999Z,1,0,-4,ResidentEvil,Resident Evil,195,tileGrid,Size_1_x_1,,0,,1,br,Pickaxe_FallValleyCharge,Umbrella Parasol,pickaxe,gaminglegends,Gaming Legends Series,Raccoon City Survivors,4,2,2023-03-17T00:00:00Z
2026-09-30,v2:/5d4f5e9ab2d5135a9f80a1ca97bbe8c7cf003238050bf1bb2f6cbabfc6fcd4c6,[VIRTUAL]1 x TBD (SID_Placeholder_775) for 500 MtxCurrency,500,500,0,0.0,0,2026-09-01T00:00:00Z,2026-09-30T23:59:59.999Z,1,0,-79,JT092526,Jam Tracks,177,expandableList,Size_1_x_1,,0,,1,track,sid_placeholder_775,A Thousand Miles,,,,,,,2026-04-16T08:01:05Z
2026-09-30,v2:/0f60d4763965ed4b74b6d1e864fb32661c9bb590f385f714df576f377cd316ab,[VIRTUAL]1 x TBD (SID_Placeholder_594) for 500 MtxCurrency,500,500,0,0.0,0,2026-09-01T00:00:00Z,2026-09-30T23:59:59.999Z,1,0,-32,JT092526,Jam Tracks,177,expandableList,Size_1_x_1,,0,,1,track,sid_placeholder_594,Sunflower - Spider-Man: Into the Spider-Verse,,,,,,,2025-06-04T00:24:13Z
2026-09-30,v2:/e97838df00fca21076a237fbb1bd4259862b9f7479feb08ffcfe8d86a3fa32f8,[VIRTUAL]1 x Bobomi for 1200 MtxCurrency,1200,1200,0,0.0,0,2026-09-29T00:00:00Z,2026-10-05T23:59:59.999Z,1,0,-1,BR093026,Fit Check,185,tileGrid,Size_1_x_1,,0,,1,br,Companion_TapiTime,Bobomi,sidekick,uncommon,,Bobom Buddy,7,3,2026-07-16T08:32:04Z
2026-09-30,v2:/c1d2393eb404f342cc4b13cf4760e55e6b6fbab56422550783bc24b9ee3f26ae,[VIRTUAL]1 x The Diary Of Jane for 500 MtxCurrency,500,500,0,0.0,0,2026-09-01T00:00:00Z,2026-09-30T23:59:59.999Z,1,0,-48,JT092526,Jam Tracks,177,expandableList,Size_1_x_1,,0,,1,track,sid_placeholder_451,The Diary Of Jane,,,,,,,2024-12-19T21:10:30Z
2026-09-30,v2:/4e803ce94403432c7bd1b334801b215e244123ef17964ca1bdce509efda6d480,"[VIRTUAL]1 x Destiny's Embrace, 1 x Destiny's Embrace for 800 MtxCurrency",800,800,0,0.0,0,2026-09-17T00:00:00Z,2026-10-01T23:59:59.999Z,1,0,-1,KingdomHearts,Kingdom Hearts,191,tileGrid,Size_1_x_1,,0,,2,br,Pickaxe_WaningCacti,Destiny's Embrace,pickaxe,gaminglegends,Gaming Legends Series,Kingdom Hearts,7,4,2026-09-17T08:00:00Z
2026-09-30,v2:/4e803ce94403432c7bd1b334801b215e244123ef17964ca1bdce509efda6d480,"[VIRTUAL]1 x Destiny's Embrace, 1 x Destiny's Embrace for 800 MtxCurrency",800,800,0,0.0,0,2026-09-17T00:00:00Z,2026-10-01T23:59:59.999Z,1,0,-1,KingdomHearts,Kingdom Hearts,191,tileGrid,Size_1_x_1,,0,,2,br,Backpack_WaningCacti,Destiny's Embrace,backpack,gaminglegends,Gaming Legends Series,Kingdom Hearts,7,4,2026-09-17T08:00:00Z
2026-09-30,v2:/de32b663a49070f6515c84e34b7470ff90f250512ea288d09b334281a832428b,[VIRTUAL]1 x TBD (SID_Placeholder_607) for 500 MtxCurrency,500,500,0,0.0,0,2026-09-25T00:00:00Z,2026-10-01T23:59:59.999Z,1,0,-2,JT092526,Jam Tracks,177,tileGrid,Size_1_x_1,,0,,1,track,sid_placeholder_607,Ghosts 'n' Stuff,,,,,,,2025-08-06T00:00:00Z
2026-09-30,v2:/61e52ba8ed7f1ed95e38550997a152a7035544318dde09bdf4b753d65b4c0a75,"[VIRTUAL]1 x Sora, 1 x Keyblade, 1 x Keyblade, 1 x Keyblade Flourish, 1 x Riku, 1 x Soul Eater, 1 x Soul Eater, 1 x Roxas, 1 x Oathkeeper & Oblivion, 1 x Oathkeeper & Oblivion, 1 x Kairi, 1 x Destiny's Embrace, 1 x Destiny's Embrace, 1 x Lil' Gummi Ship, 1 x Shadow Steppers, 1 x Sea-Salt Ice Cream, 1 x Arpeggio, 1 x Arpeggio, 1 x Arpeggio, 1 x TBD (SID_Placeholder_904), 1 x TBD (SID_Placeholder_905), 1 x The Heart of All Worlds for -1 MtxCurrency",10300,4500,5800,0.5631,1,2026-09-17T00:00:00Z,2026-10-01T23:59:59.999Z,1,0,-1,KingdomHearts,Kingdom Hearts,191,tileGrid,Size_4_x_1,,1,KINGDOM HEARTS Bundle,22,br,Character_SpireTend,Sora,outfit,gaminglegends,Gaming Legends Series,Kingdom Hearts,7,4,2026-09-17T08:00:00Z
2026-09-30,v2:/61e52ba8ed7f1ed95e38550997a152a7035544318dde09bdf4b753d65b4c0a75,"[VIRTUAL]1 x Sora, 1 x Keyblade, 1 x Keyblade, 1 x Keyblade Flourish, 1 x Riku, 1 x Soul Eater, 1 x Soul Eater, 1 x Roxas, 1 x Oathkeeper & Oblivion, 1 x Oathkeeper & Oblivion, 1 x Kairi, 1 x Destiny's Embrace, 1 x Destiny's Embrace, 1 x Lil' Gummi Ship, 1 x Shadow Steppers, 1 x Sea-Salt Ice Cream, 1 x Arpeggio, 1 x Arpeggio, 1 x Arpeggio, 1 x TBD (SID_Placeholder_904), 1 x TBD (SID_Placeholder_905), 1 x The Heart of All Worlds for -1 MtxCurrency",10300,4500,5800,0.5631,1,2026-09-17T00:00:00Z,2026-10-01T23:59:59.999Z,1,0,-1,KingdomHearts,Kingdom Hearts,191,tileGrid,Size_4_x_1,,1,KINGDOM HEARTS Bundle,22,br,Pickaxe_SpireTend,Keyblade,pickaxe,gaminglegends,Gaming Legends Series,Kingdom Hearts,7,4,2026-09-17T08:00:00Z
2026-09-30,v2:/61e52ba8ed7f1ed95e38550997a152a7035544318dde09bdf4b753d65b4c0a75,"[VIRTUAL]1 x Sora, 1 x Keyblade, 1 x Keyblade, 1 x Keyblade Flourish, 1 x Riku, 1 x Soul Eater, 1 x Soul Eater, 1 x Roxas, 1 x Oathkeeper & Oblivion, 1 x Oathkeeper & Oblivion, 1 x Kairi, 1 x Destiny's Embrace, 1 x Destiny's Embrace, 1 x Lil' Gummi Ship, 1 x Shadow Steppers, 1 x Sea-Salt Ice Cream, 1 x Arpeggio, 1 x Arpeggio, 1 x Arpeggio, 1 x TBD (SID_Placeholder_904), 1 x TBD (SID_Placeholder_905), 1 x The Heart of All Worlds for -1 MtxCurrency",10300,4500,5800,0.5631,1,2026-09-17T00:00:00Z,2026-10-01T23:59:59.999Z,1,0,-1,KingdomHearts,Kingdom Hearts,191,tileGrid,Size_4_x_1,,1,KINGDOM HEARTS Bundle,22,br,Backpack_SpireTend,Keyblade,backpack,gaminglegends,Gaming Legends Series,Kingdom Hearts,7,4,2026-09-17T08:00:00Z
2026-09-30,v2:/61e52ba8ed7f1ed95e38550997a152a7035544318dde09bdf4b753d65b4c0a75,"[VIRTUAL]1 x Sora, 1 x Keyblade, 1 x Keyblade, 1 x Keyblade Flourish, 1 x Riku, 1 x Soul Eater, 1 x Soul Eater, 1 x Roxas, 1 x Oathkeeper & Oblivion, 1 x Oathkeeper & Oblivion, 1 x Kairi, 1 x Destiny's Embrace, 1 x Destiny's Embrace, 1 x Lil' Gummi Ship, 1 x Shadow Steppers, 1 x Sea-Salt Ice Cream, 1 x Arpeggio, 1 x Arpeggio, 1 x Arpeggio, 1 x TBD (SID_Placeholder_904), 1 x TBD (SID_Placeholder_905), 1 x The Heart of All Worlds for -1 MtxCurrency",10300,4500,5800,0.5631,1,2026-09-17T00:00:00Z,2026-10-01T23:59:59.999Z,1,0,-1,KingdomHearts,Kingdom Hearts,191,tileGrid,Size_4_x_1,,1,KINGDOM HEARTS Bundle,22,br,EID_SpireTend,Keyblade Flourish,emote,gaminglegends,Gaming Legends Series,Kingdom Hearts,7,4,2026-09-17T08:00:00Z
2026-09-30,v2:/61e52ba8ed7f1ed95e38550997a152a7035544318dde09bdf4b753d65b4c0a75,"[VIRTUAL]1 x Sora, 1 x Keyblade, 1 x Keyblade, 1 x Keyblade Flourish, 1 x Riku, 1 x Soul Eater, 1 x Soul Eater, 1 x Roxas, 1 x Oathkeeper & Oblivion, 1 x Oathkeeper & Oblivion, 1 x Kairi, 1 x Destiny's Embrace, 1 x Destiny's Embrace, 1 x Lil' Gummi Ship, 1 x Shadow Steppers, 1 x Sea-Salt Ice Cream, 1 x Arpeggio, 1 x Arpeggio, 1 x Arpeggio, 1 x TBD (SID_Placeholder_904), 1 x TBD (SID_Placeholder_905), 1 x The Heart of All Worlds for -1 MtxCurrency",10300,4500,5800,0.5631,1,2026-09-17T00:00:00Z,2026-10-01T23:59:59.999Z,1,0,-1,KingdomHearts,Kingdom Hearts,191,tileGrid,Size_4_x_1,,1,KINGDOM HEARTS Bundle,22,br,Character_VealCadet,Riku,outfit,gaminglegends,Gaming Legends Series,Kingdom Hearts,7,4,2026-09-17T08:00:00Z
2026-09-30,v2:/61e52ba8ed7f1ed95e38550997a152a7035544318dde09bdf4b753d65b4c0a75,"[VIRTUAL]1 x Sora, 1 x Keyblade, 1 x Keyblade, 1 x Keyblade Flourish, 1 x Riku, 1 x Soul Eater, 1 x Soul Eater, 1 x Roxas, 1 x Oathkeeper & Oblivion, 1 x Oathkeeper & Oblivion, 1 x Kairi, 1 x Destiny's Embrace, 1 x Destiny's Embrace, 1 x Lil' Gummi Ship, 1 x Shadow Steppers, 1 x Sea-Salt Ice Cream, 1 x Arpeggio, 1 x Arpeggio, 1 x Arpeggio, 1 x TBD (SID_Placeholder_904), 1 x TBD (SID_Placeholder_905), 1 x The Heart of All Worlds for -1 MtxCurrency",10300,4500,5800,0.5631,1,2026-09-17T00:00:00Z,2026-10-01T23:59:59.999Z,1,0,-1,KingdomHearts,Kingdom Hearts,191,tileGrid,Size_4_x_1,,1,KINGDOM HEARTS Bundle,22,br,Pickaxe_VealCadet,Soul Eater,pickaxe,gaminglegends,Gaming Legends Series,Kingdom Hearts,7,4,2026-09-17T08:00:00Z
2026-09-30,v2:/61e52ba8ed7f1ed95e38550997a152a7035544318dde09bdf4b753d65b4c0a75,"[VIRTUAL]1 x Sora, 1 x Keyblade, 1 x Keyblade, 1 x Keyblade Flourish, 1 x Riku, 1 x Soul Eater, 1 x Soul Eater, 1 x Roxas, 1 x Oathkeeper & Oblivion, 1 x Oathkeeper & Oblivion, 1 x Kairi, 1 x Destiny's Embrace, 1 x Destiny's Embrace, 1 x Lil' Gummi Ship, 1 x Shadow Steppers, 1 x Sea-Salt Ice Cream, 1 x Arpeggio, 1 x Arpeggio, 1 x Arpeggio, 1 x TBD (SID_Placeholder_904), 1 x TBD (SID_Placeholder_905), 1 x The Heart of All Worlds for -1 MtxCurrency",10300,4500,5800,0.5631,1,2026-09-17T00:00:00Z,2026-10-01T23:59:59.999Z,1,0,-1,KingdomHearts,Kingdom Hearts,191,tileGrid,Size_4_x_1,,1,KINGDOM HEARTS Bundle,22,br,Backpack_VealCadet,Soul Eater,backpack,gaminglegends,Gaming Legends Series,Kingdom Hearts,7,4,2026-09-17T08:00:00Z
2026-09-30,v2:/61e52ba8ed7f1ed95e38550997a152a7035544318dde09bdf4b753d65b4c0a75,"[VIRTUAL]1 x Sora, 1 x Keyblade, 1 x Keyblade, 1 x Keyblade Flourish, 1 x Riku, 1 x Soul Eater, 1 x Soul Eater, 1 x Roxas, 1 x Oathkeeper & Oblivion, 1 x Oathkeeper & Oblivion, 1 x Kairi, 1 x Destiny's Embrace, 1 x Destiny's Embrace, 1 x Lil' Gummi Ship, 1 x Shadow Steppers, 1 x Sea-Salt Ice Cream, 1 x Arpeggio, 1 x Arpeggio, 1 x Arpeggio, 1 x TBD (SID_Placeholder_904), 1 x TBD (SID_Placeholder_905), 1 x The Heart of All Worlds for -1 MtxCurrency",10300,4500,5800,0.5631,1,2026-09-17T00:00:00Z,2026-10-01T23:59:59.999Z,1,0,-1,KingdomHearts,Kingdom Hearts,191,tileGrid,Size_4_x_1,,1,KINGDOM HEARTS Bundle,22,br,Character_FaunaPike,Roxas,outfit,gaminglegends,Gaming Legends Series,Kingdom Hearts,7,4,2026-09-17T08:00:00Z
2026-09-30,v2:/61e52ba8ed7f1ed95e38550997a152a7035544318dde09bdf4b753d65b4c0a75,"[VIRTUAL]1 x Sora, 1 x Keyblade, 1 x Keyblade, 1 x Keyblade Flourish, 1 x Riku, 1 x Soul Eater, 1 x Soul Eater, 1 x Roxas, 1 x Oathkeeper & Oblivion, 1 x Oathkeeper & Oblivion, 1 x Kairi, 1 x Destiny's Embrace, 1 x Destiny's Embrace, 1 x Lil' Gummi Ship, 1 x Shadow Steppers, 1 x Sea-Salt Ice Cream, 1 x Arpeggio, 1 x Arpeggio, 1 x Arpeggio, 1 x TBD (SID_Placeholder_904), 1 x TBD (SID_Placeholder_905), 1 x The Heart of All Worlds for -1 MtxCurrency",10300,4500,5800,0.5631,1,2026-09-17T00:00:00Z,2026-10-01T23:59:59.999Z,1,0,-1,KingdomHearts,Kingdom Hearts,191,tileGrid,Size_4_x_1,,1,KINGDOM HEARTS Bundle,22,br,Pickaxe_FaunaPike,Oathkeeper & Oblivion,pickaxe,gaminglegends,Gaming Legends Series,Kingdom Hearts,7,4,2026-09-17T08:00:00Z
2026-09-30,v2:/61e52ba8ed7f1ed95e38550997a152a7035544318dde09bdf4b753d65b4c0a75,"[VIRTUAL]1 x Sora, 1 x Keyblade, 1 x Keyblade, 1 x Keyblade Flourish, 1 x Riku, 1 x Soul Eater, 1 x Soul Eater, 1 x Roxas, 1 x Oathkeeper & Oblivion, 1 x Oathkeeper & Oblivion, 1 x Kairi, 1 x Destiny's Embrace, 1 x Destiny's Embrace, 1 x Lil' Gummi Ship, 1 x Shadow Steppers, 1 x Sea-Salt Ice Cream, 1 x Arpeggio, 1 x Arpeggio, 1 x Arpeggio, 1 x TBD (SID_Placeholder_904), 1 x TBD (SID_Placeholder_905), 1 x The Heart of All Worlds for -1 MtxCurrency",10300,4500,5800,0.5631,1,2026-09-17T00:00:00Z,2026-10-01T23:59:59.999Z,1,0,-1,KingdomHearts,Kingdom Hearts,191,tileGrid,Size_4_x_1,,1,KINGDOM HEARTS Bundle,22,br,Backpack_FaunaPike,Oathkeeper & Oblivion,backpack,gaminglegends,Gaming Legends Series,Kingdom Hearts,7,4,2026-09-17T08:00:00Z
2026-09-30,v2:/61e52ba8ed7f1ed95e38550997a152a7035544318dde09bdf4b753d65b4c0a75,"[VIRTUAL]1 x Sora, 1 x Keyblade, 1 x Keyblade, 1 x Keyblade Flourish, 1 x Riku, 1 x Soul Eater, 1 x Soul Eater, 1 x Roxas, 1 x Oathkeeper & Oblivion, 1 x Oathkeeper & Oblivion, 1 x Kairi, 1 x Destiny's Embrace, 1 x Destiny's Embrace, 1 x Lil' Gummi Ship, 1 x Shadow Steppers, 1 x Sea-Salt Ice Cream, 1 x Arpeggio, 1 x Arpeggio, 1 x Arpeggio, 1 x TBD (SID_Placeholder_904), 1 x TBD (SID_Placeholder_905), 1 x The Heart of All Worlds for -1 MtxCurrency",10300,4500,5800,0.5631,1,2026-09-17T00:00:00Z,2026-10-01T23:59:59.999Z,1,0,-1,KingdomHearts,Kingdom Hearts,191,tileGrid,Size_4_x_1,,1,KINGDOM HEARTS Bundle,22,br,Character_WaningCacti,Kairi,outfit,gaminglegends,Gaming Legends Series,Kingdom Hearts,7,4,2026-09-17T08:00:00Z
2026-09-30,v2:/61e52ba8ed7f1ed95e38550997a152a7035544318dde09bdf4b753d65b4c0a75,"[VIRTUAL]1 x Sora, 1 x Keyblade, 1 x Keyblade, 1 x Keyblade Flourish, 1 x Riku, 1 x Soul Eater, 1 x Soul Eater, 1 x Roxas, 1 x Oathkeeper & Oblivion, 1 x Oathkeeper & Oblivion, 1 x Kairi, 1 x Destiny's Embrace, 1 x Destiny's Embrace, 1 x Lil' Gummi Ship, 1 x Shadow Steppers, 1 x Sea-Salt Ice Cream, 1 x Arpeggio, 1 x Arpeggio, 1 x Arpeggio, 1 x TBD (SID_Placeholder_904), 1 x TBD (SID_Placeholder_905), 1 x The Heart of All Worlds for -1 MtxCurrency",10300,4500,5800,0.5631,1,2026-09-17T00:00:00Z,2026-10-01T23:59:59.999Z,1,0,-1,KingdomHearts,Kingdom Hearts,191,tileGrid,Size_4_x_1,,1,KINGDOM HEARTS Bundle,22,br,Pickaxe_WaningCacti,Destiny's Embrace,pickaxe,gaminglegends,Gaming Legends Series,Kingdom Hearts,7,4,2026-09-17T08:00:00Z
2026-09-30,v2:/61e52ba8ed7f1ed95e38550997a152a7035544318dde09bdf4b753d65b4c0a75,"[VIRTUAL]1 x Sora, 1 x Keyblade, 1 x Keyblade, 1 x Keyblade Flourish, 1 x Riku, 1 x Soul Eater, 1 x Soul Eater, 1 x Roxas, 1 x Oathkeeper & Oblivion, 1 x Oathkeeper & Oblivion, 1 x Kairi, 1 x Destiny's Embrace, 1 x Destiny's Embrace, 1 x Lil' Gummi Ship, 1 x Shadow Steppers, 1 x Sea-Salt Ice Cream, 1 x Arpeggio, 1 x Arpeggio, 1 x Arpeggio, 1 x TBD (SID_Placeholder_904), 1 x TBD (SID_Placeholder_905), 1 x The Heart of All Worlds for -1 MtxCurrency",10300,4500,5800,0.5631,1,2026-09-17T00:00:00Z,2026-10-01T23:59:59.999Z,1,0,-1,KingdomHearts,Kingdom Hearts,191,tileGrid,Size_4_x_1,,1,KINGDOM HEARTS Bundle,22,br,Backpack_WaningCacti,Destiny's Embrace,backpack,gaminglegends,Gaming Legends Series,Kingdom Hearts,7,4,2026-09-17T08:00:00Z
2026-09-30,v2:/61e52ba8ed7f1ed95e38550997a152a7035544318dde09bdf4b753d65b4c0a75,"[VIRTUAL]1 x Sora, 1 x Keyblade, 1 x Keyblade, 1 x Keyblade Flourish, 1 x Riku, 1 x Soul Eater, 1 x Soul Eater, 1 x Roxas, 1 x Oathkeeper & Oblivion, 1 x Oathkeeper & Oblivion, 1 x Kairi, 1 x Destiny's Embrace, 1 x Destiny's Embrace, 1 x Lil' Gummi Ship, 1 x Shadow Steppers, 1 x Sea-Salt Ice Cream, 1 x Arpeggio, 1 x Arpeggio, 1 x Arpeggio, 1 x TBD (SID_Placeholder_904), 1 x TBD (SID_Placeholder_905), 1 x The Heart of All Worlds for -1 MtxCurrency",10300,4500,5800,0.5631,1,2026-09-17T00:00:00Z,2026-10-01T23:59:59.999Z,1,0,-1,KingdomHearts,Kingdom Hearts,191,tileGrid,Size_4_x_1,,1,KINGDOM HEARTS Bundle,22,br,EID_SpireTendFlight,Lil' Gummi Ship,emote,gaminglegends,Gaming Legends Series,Kingdom Hearts,7,4,2026-09-17T08:00:00Z
2026-09-30,v2:/61e52ba8ed7f1ed95e38550997a152a7035544318dde09bdf4b753d65b4c0a75,"[VIRTUAL]1 x Sora, 1 x Keyblade, 1 x Keyblade, 1 x Keyblade Flourish, 1 x Riku, 1 x Soul Eater, 1 x Soul Eater, 1 x Roxas, 1 x Oathkeeper & Oblivion, 1 x Oathkeeper & Oblivion, 1 x Kairi, 1 x Destiny's Embrace, 1 x Destiny's Embrace, 1 x Lil' Gummi Ship, 1 x Shadow Steppers, 1 x Sea-Salt Ice Cream, 1 x Arpeggio, 1 x Arpeggio, 1 x Arpeggio, 1 x TBD (SID_Placeholder_904), 1 x TBD (SID_Placeholder_905), 1 x The Heart of All Worlds for -1 MtxCurrency",10300,4500,5800,0.5631,1,2026-09-17T00:00:00Z,2026-10-01T23:59:59.999Z,1,0,-1,KingdomHearts,Kingdom Hearts,191,tileGrid,Size_4_x_1,,1,KINGDOM HEARTS Bundle,22,br,Shoes_SpireTendBeen,Shadow Steppers,shoe,gaminglegends,Gaming Legends Series,Kingdom Hearts,7,4,2026-09-17T08:00:00Z
2026-09-30,v2:/61e52ba8ed7f1ed95e38550997a152a7035544318dde09bdf4b753d65b4c0a75,"[VIRTUAL]1 x Sora, 1 x Keyblade, 1 x Keyblade, 1 x Keyblade Flourish, 1 x Riku, 1 x Soul Eater, 1 x Soul Eater, 1 x Roxas, 1 x Oathkeeper & Oblivion, 1 x Oathkeeper & Oblivion, 1 x Kairi, 1 x Destiny's Embrace, 1 x Destiny's Embrace, 1 x Lil' Gummi Ship, 1 x Shadow Steppers, 1 x Sea-Salt Ice Cream, 1 x Arpeggio, 1 x Arpeggio, 1 x Arpeggio, 1 x TBD (SID_Placeholder_904), 1 x TBD (SID_Placeholder_905), 1 x The Heart of All Worlds for -1 MtxCurrency",10300,4500,5800,0.5631,1,2026-09-17T00:00:00Z,2026-10-01T23:59:59.999Z,1,0,-1,KingdomHearts,Kingdom Hearts,191,tileGrid,Size_4_x_1,,1,KINGDOM HEARTS Bundle,22,br,Backpack_SpireTendFlair,Sea-Salt Ice Cream,backpack,gaminglegends,Gaming Legends Series,Kingdom Hearts,7,4,2026-09-17T08:00:00Z
2026-09-30,v2:/61e52ba8ed7f1ed95e38550997a152a7035544318dde09bdf4b753d65b4c0a75,"[VIRTUAL]1 x Sora, 1 x Keyblade, 1 x Keyblade, 1 x Keyblade Flourish, 1 x Riku, 1 x Soul Eater, 1 x Soul Eater, 1 x Roxas, 1 x Oathkeeper & Oblivion, 1 x Oathkeeper & Oblivion, 1 x Kairi, 1 x Destiny's Embrace, 1 x Destiny's Embrace, 1 x Lil' Gummi Ship, 1 x Shadow Steppers, 1 x Sea-Salt Ice Cream, 1 x Arpeggio, 1 x Arpeggio, 1 x Arpeggio, 1 x TBD (SID_Placeholder_904), 1 x TBD (SID_Placeholder_905), 1 x The Heart of All Worlds for -1 MtxCurrency",10300,4500,5800,0.5631,1,2026-09-17T00:00:00Z,2026-10-01T23:59:59.999Z,1,0,-1,KingdomHearts,Kingdom Hearts,191,tileGrid,Size_4_x_1,,1,KINGDOM HEARTS Bundle,22,br,Backpack_FaunaPike_Guitar,Arpeggio,backpack,gaminglegends,Gaming Legends Series,Kingdom Hearts,7,4,2026-09-17T08:00:00Z
2026-09-30,v2:/61e52ba8ed7f1ed95e38550997a152a7035544318dde09bdf4b753d65b4c0a75,"[VIRTUAL]1 x Sora, 1 x Keyblade, 1 x Keyblade, 1 x Keyblade Flourish, 1 x Riku, 1 x Soul Eater, 1 x Soul Eater, 1 x Roxas, 1 x Oathkeeper & Oblivion, 1 x Oathkeeper & Oblivion, 1 x Kairi, 1 x Destiny's Embrace, 1 x Destiny's Embrace, 1 x Lil' Gummi Ship, 1 x Shadow Steppers, 1 x Sea-Salt Ice Cream, 1 x Arpeggio, 1 x Arpeggio, 1 x Arpeggio, 1 x TBD (SID_Placeholder_904), 1 x TBD (SID_Placeholder_905), 1 x The Heart of All Worlds for -1 MtxCurrency",10300,4500,5800,0.5631,1,2026-09-17T00:00:00Z,2026-10-01T23:59:59.999Z,1,0,-1,KingdomHearts,Kingdom Hearts,191,tileGrid,Size_4_x_1,,1,KINGDOM HEARTS Bundle,22,br,Pickaxe_FaunaPike_Guitar,Arpeggio,pickaxe,gaminglegends,Gaming Legends Series,Kingdom Hearts,7,4,2026-09-17T08:00:00Z
2026-09-30,v2:/61e52ba8ed7f1ed95e38550997a152a7035544318dde09bdf4b753d65b4c0a75,"[VIRTUAL]1 x Sora, 1 x Keyblade, 1 x Keyblade, 1 x Keyblade Flourish, 1 x Riku, 1 x Soul Eater, 1 x Soul Eater, 1 x Roxas, 1 x Oathkeeper & Oblivion, 1 x Oathkeeper & Oblivion, 1 x Kairi, 1 x Destiny's Embrace, 1 x Destiny's Embrace, 1 x Lil' Gummi Ship, 1 x Shadow Steppers, 1 x Sea-Salt Ice Cream, 1 x Arpeggio, 1 x Arpeggio, 1 x Arpeggio, 1 x TBD (SID_Placeholder_904), 1 x TBD (SID_Placeholder_905), 1 x The Heart of All Worlds for -1 MtxCurrency",10300,4500,5800,0.5631,1,2026-09-17T00:00:00Z,2026-10-01T23:59:59.999Z,1,0,-1,KingdomHearts,Kingdom Hearts,191,tileGrid,Size_4_x_1,,1,KINGDOM HEARTS Bundle,22,br,LoadingScreen_SpireTendKeyArt,The Heart of All Worlds,loadingscreen,uncommon,,Kingdom Hearts,7,4,2026-09-17T08:00:00Z
2026-09-30,v2:/61e52ba8ed7f1ed95e38550997a152a7035544318dde09bdf4b753d65b4c0a75,"[VIRTUAL]1 x Sora, 1 x Keyblade, 1 x Keyblade, 1 x Keyblade Flourish, 1 x Riku, 1 x Soul Eater, 1 x Soul Eater, 1 x Roxas, 1 x Oathkeeper & Oblivion, 1 x Oathkeeper & Oblivion, 1 x Kairi, 1 x Destiny's Embrace, 1 x Destiny's Embrace, 1 x Lil' Gummi Ship, 1 x Shadow Steppers, 1 x Sea-Salt Ice Cream, 1 x Arpeggio, 1 x Arpeggio, 1 x Arpeggio, 1 x TBD (SID_Placeholder_904), 1 x TBD (SID_Placeholder_905), 1 x The Heart of All Worlds for -1 MtxCurrency",10300,4500,5800,0.5631,1,2026-09-17T00:00:00Z,2026-10-01T23:59:59.999Z,1,0,-1,KingdomHearts,Kingdom Hearts,191,tileGrid,Size_4_x_1,,1,KINGDOM HEARTS Bundle,22,track,sid_placeholder_904,Dearly Beloved,,,,,,,2026-09-15T14:22:50Z
2026-09-30,v2:/61e52ba8ed7f1ed95e38550997a152a7035544318dde09bdf4b753d65b4c0a75,"[VIRTUAL]1 x Sora, 1 x Keyblade, 1 x Keyblade, 1 x Keyblade Flourish, 1 x Riku, 1 x Soul Eater, 1 x Soul Eater, 1 x Roxas, 1 x Oathkeeper & Oblivion, 1 x Oathkeeper & Oblivion, 1 x Kairi, 1 x Destiny's Embrace, 1 x Destiny's Embrace, 1 x Lil' Gummi Ship, 1 x Shadow Steppers, 1 x Sea-Salt Ice Cream, 1 x Arpeggio, 1 x Arpeggio, 1 x Arpeggio, 1 x TBD (SID_Placeholder_904), 1 x TBD (SID_Placeholder_905), 1 x The Heart of All Worlds for -1 MtxCurrency",10300,4500,5800,0.5631,1,2026-09-17T00:00:00Z,2026-10-01T23:59:59.999Z,1,0,-1,KingdomHearts,Kingdom Hearts,191,tileGrid,Size_4_x_1,,1,KINGDOM HEARTS Bundle,22,track,sid_placeholder_905,The Other Promise,,,,,,,2026-09-15T14:23:51Z
2026-09-30,v2:/61e52ba8ed7f1ed95e38550997a152a7035544318dde09bdf4b753d65b4c0a75,"[VIRTUAL]1 x Sora, 1 x Keyblade, 1 x Keyblade, 1 x Keyblade Flourish, 1 x Riku, 1 x Soul Eater, 1 x Soul Eater, 1 x Roxas, 1 x Oathkeeper & Oblivion, 1 x Oathkeeper & Oblivion, 1 x Kairi, 1 x Destiny's Embrace, 1 x Destiny's Embrace, 1 x Lil' Gummi Ship, 1 x Shadow Steppers, 1 x Sea-Salt Ice Cream, 1 x Arpeggio, 1 x Arpeggio, 1 x Arpeggio, 1 x TBD (SID_Placeholder_904), 1 x TBD (SID_Placeholder_905), 1 x The Heart of All Worlds for -1 MtxCurrency",10300,4500,5800,0.5631,1,2026-09-17T00:00:00Z,2026-10-01T23:59:59.999Z,1,0,-1,KingdomHearts,Kingdom Hearts,191,tileGrid,Size_4_x_1,,1,KINGDOM HEARTS Bundle,22,instrument,Sparks_FaunaPike_Guitar,Arpeggio,guitar,gaminglegends,Gaming Legends Series,,,,2026-09-17T08:00:00Z
2026-09-30,v2:/dfdeac072121ab792fbdcd43a9ec27485dfe5872e09475a6901b7920191a6145,[VIRTUAL]1 x The Final Countdown for 500 MtxCurrency,500,500,0,0.0,0,2026-09-01T00:00:00Z,2026-09-30T23:59:59.999Z,1,0,-81,JT092526,Jam Tracks,177,expandableList,Size_1_x_1,,0,,1,track,sid_placeholder_261,The Final Countdown,,,,,,,2024-07-26T00:00:00Z
2026-09-30,v2:/a2eba4dd16ec8d6e6e69546e0e5ca1763bbd65756f3d96c08e6eb56522ae938a,"[VIRTUAL]1 x Grimey, 1 x Glumbo for -1 MtxCurrency",1500,1500,0,0.0,0,2026-09-29T00:00:00Z,2026-10-05T23:59:59.999Z,1,0,-2,NS092926,No Sweat,186,tileGrid,Size_1_x_1,Reactive: Souls of fallen enemies appear on the outfit!,0,,2,br,CID_A_069_Athena_Commando_M_Accumulate,Grimey,outfit,epic,,Marked Man,2,6,2021-04-13T08:51:15Z
2026-09-30,v2:/a2eba4dd16ec8d6e6e69546e0e5ca1763bbd65756f3d96c08e6eb56522ae938a,"[VIRTUAL]1 x Grimey, 1 x Glumbo for -1 MtxCurrency",1500,1500,0,0.0,0,2026-09-29T00:00:00Z,2026-10-05T23:59:59.999Z,1,0,-2,NS092926,No Sweat,186,tileGrid,Size_1_x_1,Reactive: Souls of fallen enemies appear on the outfit!,0,,2,br,BID_743_Accumulate,Glumbo,backpack,epic,,Marked Man,2,6,2021-04-13T08:51:15Z
2026-09-30,v2:/a076c5767c5ffd87b76027c2d55def5bfdb5bcf43605e5d0e98737cf43400ce4,[VIRTUAL]1 x Grace Ashcroft for 1500 MtxCurrency,1500,1500,0,0.0,0,2026-09-26T00:00:00Z,2026-10-03T23:59:59.999Z,1,0,-1,ResidentEvil,Resident Evil,195,tileGrid,Size_1_x_1,,0,,1,br,Character_GongFiddle,Grace Ashcroft,outfit,gaminglegends,Gaming Legends Series,Requiem for the Past,7,1,2026-02-27T05:01:16Z
2026-09-30,v2:/c2ebaf0fd2826fbdada6e8e67dbe0ca1bc5f5130ec77c6766bd71afc19bded0d,[VIRTUAL]1 x Stone Gryphon for 1200 MtxCurrency,1200,1200,0,0.0,0,2026-09-27T00:00:00Z,2026-10-03T23:59:59.999Z,1,0,-1,FND093026,Front Page,192,tileGrid,Size_1_x_1,,0,,1,br,Companion_RockCrest,Stone Gryphon,sidekick,uncommon,,Feathered Sentry,7,4,2026-09-17T16:17:14Z
2026-09-30,v2:/4ed845707a26afad79c80258fc30cb696d7511549b384178fbd296c09a5adf44,[VIRTUAL]1 x Blank for 400 MtxCurrency,400,400,0,0.0,0,2026-09-26T00:00:00Z,2026-10-05T23:59:59.999Z,1,0,-1,,,,,Size_3_x_1,,0,,1,car,Wheel_UmbraGenesis01,Mona Car,wheel,uncommon,,,,,2026-09-25T13:00:42Z
2026-09-30,v2:/a0802e18b0e76800bb0df99a5c591a0c8a0e968c18d1b145c703d93b48077ab3,[VIRTUAL]1 x TBD (SID_Placeholder_595) for 500 MtxCurrency,500,500,0,0.0,0,2026-09-25T00:00:00Z,2026-10-01T23:59:59.999Z,1,0,-3,JT092526,Jam Tracks,177,tileGrid,Size_1_x_1,,0,,1,track,sid_placeholder_595,Smells Like Teen Spirit,,,,,,,2025-06-04T00:24:13Z
2026-09-30,v2:/3162278ac3ca3b0a8f2d09861575f17e6765d1e50c505333c2fede0648e65db8,[VIRTUAL]1 x Crank That (Soulja Boy) for 500 MtxCurrency,500,500,0,0.0,0,2026-09-01T00:00:00Z,2026-09-30T23:59:59.999Z,1,0,-46,JT092526,Jam Tracks,177,expandableList,Size_1_x_1,,0,,1,track,sid_placeholder_382,Crank That (Soulja Boy),,,,,,,2024-11-02T07:02:33Z
2026-09-30,v2:/c67c6ce454692604be0fd3de043b1e87e52fdb8db2532017a14670f768018504,[VIRTUAL]1 x Barbarian for 500 MtxCurrency,500,500,0,0.0,0,2026-09-01T00:00:00Z,2026-09-30T23:59:59.999Z,1,0,-89,JT092526,Jam Tracks,177,expandableList,Size_1_x_1,,0,,1,track,sid_placeholder_430,Barbarian,,,,,,,2024-12-01T01:00:00Z
2026-09-30,v2:/f3fac1d2eda67b53f3a3a5950acaec9ba1b906986754bc9b04e7242f95302422,[VIRTUAL]1 x Laser Scan for 500 MtxCurrency,500,500,0,0.0,0,2026-09-23T00:00:00Z,2026-09-30T23:59:59.999Z,1,0,-4,CyberFNCS,FNCS,184,tileGrid,Size_1_x_1,,0,,1,br,EID_ScanEvade,Laser Scan,emote,uncommon,,,7,4,2026-09-03T15:24:18Z
2026-09-30,v2:/77b0c496fe702ec3f768ef8151c866c18cc516aea120ce6d9cdfa70da536efc8,"[VIRTUAL]1 x Golden Mira, 1 x HUNTR/X Logo for -1 MtxCurrency",1500,1500,0,0.0,0,2026-09-27T00:00:00Z,2026-10-01T23:59:59.999Z,1,0,-4,Kpop2Newest,KPop Demon Hunters,183,tileGrid,Size_1_x_1,,1,Golden Mira,2,br,Character_LowerDrop,Golden Mira,outfit,icon,Icon Series,KPop Demon Hunters,7,1,2026-02-05T15:01:36Z
2026-09-30,v2:/77b0c496fe702ec3f768ef8151c866c18cc516aea120ce6d9cdfa70da536efc8,"[VIRTUAL]1 x Golden Mira, 1 x HUNTR/X Logo for -1 MtxCurrency",1500,1500,0,0.0,0,2026-09-27T00:00:00Z,2026-10-01T23:59:59.999Z,1,0,-4,Kpop2Newest,KPop Demon Hunters,183,tileGrid,Size_1_x_1,,1,Golden Mira,2,br,Backpack_LowerDrop,HUNTR/X Logo,backpack,icon,Icon Series,KPop Demon Hunters,7,1,2026-02-05T15:01:36Z
2026-09-30,v2:/f63c03ef4dc2d0e35bcff7d86b16ca4837dfe1fa2c3414011bf8524b33d5f4d2,[VIRTUAL]1 x HUNTR/X Logo for 400 MtxCurrency,400,400,0,0.0,0,2026-09-27T00:00:00Z,2026-10-01T23:59:59.999Z,1,0,-3,Kpop2Newest,KPop Demon Hunters,183,tileGrid,Size_1_x_1,,0,,1,br,Backpack_LowerDrop,HUNTR/X Logo,backpack,icon,Icon Series,KPop Demon Hunters,7,1,2026-02-05T15:01:36Z
2026-09-30,v2:/ef9238fe573ada549d7d8acae2327052c66eae7b2edb8c60430d50ec83544ab5,[VIRTUAL]1 x TBD (SID_Placeholder_596) for 500 MtxCurrency,500,500,0,0.0,0,2026-09-26T00:00:00Z,2026-10-31T23:59:59.999Z,1,0,-4,MTVVMA,Main Stage Moment,179,tileGrid,Size_1_x_1,,0,,1,track,sid_placeholder_596,Bonde Do Brunão,,,,,,,2025-06-18T08:00:00Z
2026-09-30,v2:/c237bcef51597918f7e502d084cc98902a12ac0d9bc335ce134139b94d7544ce,[VIRTUAL]1 x Kiss Me More for 500 MtxCurrency,500,500,0,0.0,0,2026-09-01T00:00:00Z,2026-09-30T23:59:59.999Z,1,0,-47,JT092526,Jam Tracks,177,expandableList,Size_1_x_1,,0,,1,track,sid_placeholder_168,Kiss Me More,,,,,,,2024-05-07T14:47:23Z
2026-09-30,v2:/d4c52d5f168f6e4b8efc445d561fa33fb27a2e63c4c782e3fffaa5f4ad208d2a,"[VIRTUAL]1 x Roxas, 1 x Oathkeeper & Oblivion, 1 x Oathkeeper & Oblivion for -1 MtxCurrency",1600,1600,0,0.0,0,2026-09-17T00:00:00Z,2026-10-01T23:59:59.999Z,1,0,-2,KingdomHearts,Kingdom Hearts,191,tileGrid,Size_1_x_1,,0,,3,br,Character_FaunaPike,Roxas,outfit,gaminglegends,Gaming Legends Series,Kingdom Hearts,7,4,2026-09-17T08:00:00Z
2026-09-30,v2:/d4c52d5f168f6e4b8efc445d561fa33fb27a2e63c4c782e3fffaa5f4ad208d2a,"[VIRTUAL]1 x Roxas, 1 x Oathkeeper & Oblivion, 1 x Oathkeeper & Oblivion for -1 MtxCurrency",1600,1600,0,0.0,0,2026-09-17T00:00:00Z,2026-10-01T23:59:59.999Z,1,0,-2,KingdomHearts,Kingdom Hearts,191,tileGrid,Size_1_x_1,,0,,3,br,Pickaxe_FaunaPike,Oathkeeper & Oblivion,pickaxe,gaminglegends,Gaming Legends Series,Kingdom Hearts,7,4,2026-09-17T08:00:00Z
2026-09-30,v2:/d4c52d5f168f6e4b8efc445d561fa33fb27a2e63c4c782e3fffaa5f4ad208d2a,"[VIRTUAL]1 x Roxas, 1 x Oathkeeper & Oblivion, 1 x Oathkeeper & Oblivion for -1 MtxCurrency",1600,1600,0,0.0,0,2026-09-17T00:00:00Z,2026-10-01T23:59:59.999Z,1,0,-2,KingdomHearts,Kingdom Hearts,191,tileGrid,Size_1_x_1,,0,,3,br,Backpack_FaunaPike,Oathkeeper & Oblivion,backpack,gaminglegends,Gaming Legends Series,Kingdom Hearts,7,4,2026-09-17T08:00:00Z
2026-09-30,v2:/ec4289b05d538b44ddd9e91deb8c9ff06d9fad4e9b26963d545f405170369b60,"[VIRTUAL]1 x Daryl Dixon, 1 x Hunting Quiver, 1 x Daryl's Knives for -1 MtxCurrency",1800,1800,0,0.0,0,2026-09-27T00:00:00Z,2026-09-30T23:59:59.999Z,1,0,-3,WalkingDead1,The Walking Dead,182,tileGrid,Size_1_x_1,"Outfit Styles include a Built-In Cape! Equip a back-bling on top, but NO CAPES!",0,,3,br,CID_977_Athena_Commando_M_Wombat_R7Q8K,Daryl Dixon,outfit,epic,,Survivors in Arms,2,5,2020-12-17T00:00:00Z
2026-09-30,v2:/ec4289b05d538b44ddd9e91deb8c9ff06d9fad4e9b26963d545f405170369b60,"[VIRTUAL]1 x Daryl Dixon, 1 x Hunting Quiver, 1 x Daryl's Knives for -1 MtxCurrency",1800,1800,0,0.0,0,2026-09-27T00:00:00Z,2026-09-30T23:59:59.999Z,1,0,-3,WalkingDead1,The Walking Dead,182,tileGrid,Size_1_x_1,"Outfit Styles include a Built-In Cape! Equip a back-bling on top, but NO CAPES!",0,,3,br,BID_675_WombatMale_X18U5,Hunting Quiver,backpack,epic,,Survivors in Arms,2,5,2020-12-17T00:00:00Z
2026-09-30,v2:/ec4289b05d538b44ddd9e91deb8c9ff06d9fad4e9b26963d545f405170369b60,"[VIRTUAL]1 x Daryl Dixon, 1 x Hunting Quiver, 1 x Daryl's Knives for -1 MtxCurrency",1800,1800,0,0.0,0,2026-09-27T00:00:00Z,2026-09-30T23:59:59.999Z,1,0,-3,WalkingDead1,The Walking Dead,182,tileGrid,Size_1_x_1,"Outfit Styles include a Built-In Cape! Equip a back-bling on top, but NO CAPES!",0,,3,br,Pickaxe_ID_533_WombatMale_L7QPQ,Daryl's Knives,pickaxe,epic,,Survivors in Arms,2,5,2020-12-17T00:00:00Z
2026-09-30,v2:/b810b5fd25611a8f1e45017e618e37c08cd905e3fa9b3dfa37f64a7477e072da,"[VIRTUAL]1 x Rosy Rift Goddess Ariana, 1 x Rift Ribbon for -1 MtxCurrency",1500,1500,0,0.0,0,2026-09-26T00:00:00Z,2026-09-30T23:59:59.999Z,1,0,-1,MTVVMA,Main Stage Moment,179,tileGrid,Size_1_x_1,,0,,2,br,Character_RareDelightSail,Rosy Rift Goddess Ariana,outfit,icon,Icon Series,Ariana Grande,5,3,2024-05-31T00:00:00Z
2026-09-30,v2:/b810b5fd25611a8f1e45017e618e37c08cd905e3fa9b3dfa37f64a7477e072da,"[VIRTUAL]1 x Rosy Rift Goddess Ariana, 1 x Rift Ribbon for -1 MtxCurrency",1500,1500,0,0.0,0,2026-09-26T00:00:00Z,2026-09-30T23:59:59.999Z,1,0,-1,MTVVMA,Main Stage Moment,179,tileGrid,Size_1_x_1,,0,,2,br,Backpack_RareDelight,Rift Ribbon,backpack,icon,Icon Series,Ariana Grande,5,3,2024-05-31T00:00:00Z
2026-09-30,v2:/4022673e6125b7d052c33072eb71569d4b416bde4b54d84128cea42ad91605bf,[VIRTUAL]1 x TBD (SID_Placeholder_497) for 500 MtxCurrency,500,500,0,0.0,0,2026-09-01T00:00:00Z,2026-09-30T23:59:59.999Z,1,0,-92,JT092526,Jam Tracks,177,expandableList,Size_1_x_1,,0,,1,track,sid_placeholder_497,Still Into You,,,,,,,2025-03-18T15:58:31Z
2026-09-30,v2:/3a455aee9b728aceb7cd509105717676f1ce6b705178a0ddc9eeb64ba76d1ac7,"[VIRTUAL]1 x Alias, 1 x Heartline, 1 x Peace Bear, 1 x Kiss Off, 1 x Break Point Freestyle, 1 x Neo Revolution, 1 x Hamster Bold, 1 x Crack'd Face, 1 x Skull & Crossbears, 1 x Fort Future, 1 x Royale Rep, 1 x Sharp Duck, 1 x Fortunate, 1 x All Time Drip, 1 x Hamster Cabbie, 1 x Tomato Face, 1 x Cuddle Face, 1 x Skull Face for 1200 MtxCurrency",1200,1200,0,0.0,0,2026-09-30T00:00:00Z,2026-10-02T23:59:59.999Z,1,0,-3,BR093026,Fit Check,185,tileGrid,Size_1_x_1,,0,,18,br,Character_Jumpsuit_Mutable,Alias,outfit,epic,,Escape Artists,4,4,2023-08-27T00:00:00Z
2026-09-30,v2:/3a455aee9b728aceb7cd509105717676f1ce6b705178a0ddc9eeb64ba76d1ac7,"[VIRTUAL]1 x Alias, 1 x Heartline, 1 x Peace Bear, 1 x Kiss Off, 1 x Break Point Freestyle, 1 x Neo Revolution, 1 x Hamster Bold, 1 x Crack'd Face, 1 x Skull & Crossbears, 1 x Fort Future, 1 x Royale Rep, 1 x Sharp Duck, 1 x Fortunate, 1 x All Time Drip, 1 x Hamster Cabbie, 1 x Tomato Face, 1 x Cuddle Face, 1 x Skull Face for 1200 MtxCurrency",1200,1200,0,0.0,0,2026-09-30T00:00:00Z,2026-10-02T23:59:59.999Z,1,0,-3,BR093026,Fit Check,185,tileGrid,Size_1_x_1,,0,,18,br,Spray_Jumpsuit_1,Heartline,spray,uncommon,,Escape Artists,4,4,2023-02-14T10:24:42Z
2026-09-30,v2:/3a455aee9b728aceb7cd509105717676f1ce6b705178a0ddc9eeb64ba76d1ac7,"[VIRTUAL]1 x Alias, 1 x Heartline, 1 x Peace Bear, 1 x Kiss Off, 1 x Break Point Freestyle, 1 x Neo Revolution, 1 x Hamster Bold, 1 x Crack'd Face, 1 x Skull & Crossbears, 1 x Fort Future, 1 x Royale Rep, 1 x Sharp Duck, 1 x Fortunate, 1 x All Time Drip, 1 x Hamster Cabbie, 1 x Tomato Face, 1 x Cuddle Face, 1 x Skull Face for 1200 MtxCurrency",1200,1200,0,0.0,0,2026-09-30T00:00:00Z,2026-10-02T23:59:59.999Z,1,0,-3,BR093026,Fit Check,185,tileGrid,Size_1_x_1,,0,,18,br,Spray_Jumpsuit_16,Peace Bear,spray,uncommon,,Escape Artists,4,4,2023-02-14T10:24:42Z
2026-09-30,v2:/3a455aee9b728aceb7cd509105717676f1ce6b705178a0ddc9eeb64ba76d1ac7,"[VIRTUAL]1 x Alias, 1 x Heartline, 1 x Peace Bear, 1 x Kiss Off, 1 x Break Point Freestyle, 1 x Neo Revolution, 1 x Hamster Bold, 1 x Crack'd Face, 1 x Skull & Crossbears, 1 x Fort Future, 1 x Royale Rep, 1 x Sharp Duck, 1 x Fortunate, 1 x All Time Drip, 1 x Hamster Cabbie, 1 x Tomato Face, 1 x Cuddle Face, 1 x Skull Face for 1200 MtxCurrency",1200,1200,0,0.0,0,2026-09-30T00:00:00Z,2026-10-02T23:59:59.999Z,1,0,-3,BR093026,Fit Check,185,tileGrid,Size_1_x_1,,0,,18,br,Spray_Jumpsuit_21,Kiss Off,spray,uncommon,,Escape Artists,4,4,2023-02-14T10:24:42Z
2026-09-30,v2:/3a455aee9b728aceb7cd509105717676f1ce6b705178a0ddc9eeb64ba76d1ac7,"[VIRTUAL]1 x Alias, 1 x Heartline, 1 x Peace Bear, 1 x Kiss Off, 1 x Break Point Freestyle, 1 x Neo Revolution, 1 x Hamster Bold, 1 x Crack'd Face, 1 x Skull & Crossbears, 1 x Fort Future, 1 x Royale Rep, 1 x Sharp Duck, 1 x Fortunate, 1 x All Time Drip, 1 x Hamster Cabbie, 1 x Tomato Face, 1 x Cuddle Face, 1 x Skull Face for 1200 MtxCurrency",1200,1200,0,0.0,0,2026-09-30T00:00:00Z,2026-10-02T23:59:59.999Z,1,0,-3,BR093026,Fit Check,185,tileGrid,Size_1_x_1,,0,,18,br,Spray_Jumpsuit_3,Break Point Freestyle,spray,uncommon,,Escape Artists,4,4,2023-02-14T10:24:42Z
2026-09-30,v2:/3a455aee9b728aceb7cd509105717676f1ce6b705178a0ddc9eeb64ba76d1ac7,"[VIRTUAL]1 x Alias, 1 x Heartline, 1 x Peace Bear, 1 x Kiss Off, 1 x Break Point Freestyle, 1 x Neo Revolution, 1 x Hamster Bold, 1 x Crack'd Face, 1 x Skull & Crossbears, 1 x Fort Future, 1 x Royale Rep, 1 x Sharp Duck, 1 x Fortunate, 1 x All Time Drip, 1 x Hamster Cabbie, 1 x Tomato Face, 1 x Cuddle Face, 1 x Skull Face for 1200 MtxCurrency",1200,1200,0,0.0,0,2026-09-30T00:00:00Z,2026-10-02T23:59:59.999Z,1,0,-3,BR093026,Fit Check,185,tileGrid,Size_1_x_1,,0,,18,br,Spray_Jumpsuit_32,Neo Revolution,spray,uncommon,,Escape Artists,4,4,2023-02-14T10:24:42Z
2026-09-30,v2:/3a455aee9b728aceb7cd509105717676f1ce6b705178a0ddc9eeb64ba76d1ac7,"[VIRTUAL]1 x Alias, 1 x Heartline, 1 x Peace Bear, 1 x Kiss Off, 1 x Break Point Freestyle, 1 x Neo Revolution, 1 x Hamster Bold, 1 x Crack'd Face, 1 x Skull & Crossbears, 1 x Fort Future, 1 x Royale Rep, 1 x Sharp Duck, 1 x Fortunate, 1 x All Time Drip, 1 x Hamster Cabbie, 1 x Tomato Face, 1 x Cuddle Face, 1 x Skull Face for 1200 MtxCurrency",1200,1200,0,0.0,0,2026-09-30T00:00:00Z,2026-10-02T23:59:59.999Z,1,0,-3,BR093026,Fit Check,185,tileGrid,Size_1_x_1,,0,,18,br,Spray_Jumpsuit_4,Hamster Bold,spray,uncommon,,Escape Artists,4,4,2023-02-14T10:24:42Z
2026-09-30,v2:/3a455aee9b728aceb7cd509105717676f1ce6b705178a0ddc9eeb64ba76d1ac7,"[VIRTUAL]1 x Alias, 1 x Heartline, 1 x Peace Bear, 1 x Kiss Off, 1 x Break Point Freestyle, 1 x Neo Revolution, 1 x Hamster Bold, 1 x Crack'd Face, 1 x Skull & Crossbears, 1 x Fort Future, 1 x Royale Rep, 1 x Sharp Duck, 1 x Fortunate, 1 x All Time Drip, 1 x Hamster Cabbie, 1 x Tomato Face, 1 x Cuddle Face, 1 x Skull Face for 1200 MtxCurrency",1200,1200,0,0.0,0,2026-09-30T00:00:00Z,2026-10-02T23:59:59.999Z,1,0,-3,BR093026,Fit Check,185,tileGrid,Size_1_x_1,,0,,18,br,Spray_JumpsuitMasks_6,Crack'd Face,spray,uncommon,,Escape Artists,4,4,2023-02-14T10:24:42Z
2026-09-30,v2:/3a455aee9b728aceb7cd509105717676f1ce6b705178a0ddc9eeb64ba76d1ac7,"[VIRTUAL]1 x Alias, 1 x Heartline, 1 x Peace Bear, 1 x Kiss Off, 1 x Break Point Freestyle, 1 x Neo Revolution, 1 x Hamster Bold, 1 x Crack'd Face, 1 x Skull & Crossbears, 1 x Fort Future, 1 x Royale Rep, 1 x Sharp Duck, 1 x Fortunate, 1 x All Time Drip, 1 x Hamster Cabbie, 1 x Tomato Face, 1 x Cuddle Face, 1 x Skull Face for 1200 MtxCurrency",1200,1200,0,0.0,0,2026-09-30T00:00:00Z,2026-10-02T23:59:59.999Z,1,0,-3,BR093026,Fit Check,185,tileGrid,Size_1_x_1,,0,,18,br,Spray_Jumpsuit_7,Skull & Crossbears,spray,uncommon,,Escape Artists,4,4,2023-02-14T10:24:42Z
2026-09-30,v2:/3a455aee9b728aceb7cd509105717676f1ce6b705178a0ddc9eeb64ba76d1ac7,"[VIRTUAL]1 x Alias, 1 x Heartline, 1 x Peace Bear, 1 x Kiss Off, 1 x Break Point Freestyle, 1 x Neo Revolution, 1 x Hamster Bold, 1 x Crack'd Face, 1 x Skull & Crossbears, 1 x Fort Future, 1 x Royale Rep, 1 x Sharp Duck, 1 x Fortunate, 1 x All Time Drip, 1 x Hamster Cabbie, 1 x Tomato Face, 1 x Cuddle Face, 1 x Skull Face for 1200 MtxCurrency",1200,1200,0,0.0,0,2026-09-30T00:00:00Z,2026-10-02T23:59:59.999Z,1,0,-3,BR093026,Fit Check,185,tileGrid,Size_1_x_1,,0,,18,br,Spray_Jumpsuit_2,Fort Future,spray,uncommon,,Escape Artists,4,4,2023-02-14T10:24:42Z
2026-09-30,v2:/3a455aee9b728aceb7cd509105717676f1ce6b705178a0ddc9eeb64ba76d1ac7,"[VIRTUAL]1 x Alias, 1 x Heartline, 1 x Peace Bear, 1 x Kiss Off, 1 x Break Point Freestyle, 1 x Neo Revolution, 1 x Hamster Bold, 1 x Crack'd Face, 1 x Skull & Crossbears, 1 x Fort Future, 1 x Royale Rep, 1 x Sharp Duck, 1 x Fortunate, 1 x All Time Drip, 1 x Hamster Cabbie, 1 x Tomato Face, 1 x Cuddle Face, 1 x Skull Face for 1200 MtxCurrency",1200,1200,0,0.0,0,2026-09-30T00:00:00Z,2026-10-02T23:59:59.999Z,1,0,-3,BR093026,Fit Check,185,tileGrid,Size_1_x_1,,0,,18,br,Spray_Jumpsuit_8,Royale Rep,spray,uncommon,,Escape Artists,4,4,2023-02-14T10:24:42Z
2026-09-30,v2:/3a455aee9b728aceb7cd509105717676f1ce6b705178a0ddc9eeb64ba76d1ac7,"[VIRTUAL]1 x Alias, 1 x Heartline, 1 x Peace Bear, 1 x Kiss Off, 1 x Break Point Freestyle, 1 x Neo Revolution, 1 x Hamster Bold, 1 x Crack'd Face, 1 x Skull & Crossbears, 1 x Fort Future, 1 x Royale Rep, 1 x Sharp Duck, 1 x Fortunate, 1 x All Time Drip, 1 x Hamster Cabbie, 1 x Tomato Face, 1 x Cuddle Face, 1 x Skull Face for 1200 MtxCurrency",1200,1200,0,0.0,0,2026-09-30T00:00:00Z,2026-10-02T23:59:59.999Z,1,0,-3,BR093026,Fit Check,185,tileGrid,Size_1_x_1,,0,,18,br,Spray_Jumpsuit_6,Sharp Duck,spray,uncommon,,Escape Artists,4,4,2023-02-14T10:24:42Z
2026-09-30,v2:/3a455aee9b728aceb7cd509105717676f1ce6b705178a0ddc9eeb64ba76d1ac7,"[VIRTUAL]1 x Alias, 1 x Heartline, 1 x Peace Bear, 1 x Kiss Off, 1 x Break Point Freestyle, 1 x Neo Revolution, 1 x Hamster Bold, 1 x Crack'd Face, 1 x Skull & Crossbears, 1 x Fort Future, 1 x Royale Rep, 1 x Sharp Duck, 1 x Fortunate, 1 x All Time Drip, 1 x Hamster Cabbie, 1 x Tomato Face, 1 x Cuddle Face, 1 x Skull Face for 1200 MtxCurrency",1200,1200,0,0.0,0,2026-09-30T00:00:00Z,2026-10-02T23:59:59.999Z,1,0,-3,BR093026,Fit Check,185,tileGrid,Size_1_x_1,,0,,18,br,Spray_Jumpsuit_31,Fortunate,spray,uncommon,,Escape Artists,4,4,2023-02-14T10:24:42Z
2026-09-30,v2:/3a455aee9b728aceb7cd509105717676f1ce6b705178a0ddc9eeb64ba76d1ac7,"[VIRTUAL]1 x Alias, 1 x Heartline, 1 x Peace Bear, 1 x Kiss Off, 1 x Break Point Freestyle, 1 x Neo Revolution, 1 x Hamster Bold, 1 x Crack'd Face, 1 x Skull & Crossbears, 1 x Fort Future, 1 x Royale Rep, 1 x Sharp Duck, 1 x Fortunate, 1 x All Time Drip, 1 x Hamster Cabbie, 1 x Tomato Face, 1 x Cuddle Face, 1 x Skull Face for 1200 MtxCurrency",1200,1200,0,0.0,0,2026-09-30T00:00:00Z,2026-10-02T23:59:59.999Z,1,0,-3,BR093026,Fit Check,185,tileGrid,Size_1_x_1,,0,,18,br,Spray_Jumpsuit_29,All Time Drip,spray,uncommon,,Escape Artists,4,4,2023-02-14T10:24:42Z
2026-09-30,v2:/3a455aee9b728aceb7cd509105717676f1ce6b705178a0ddc9eeb64ba76d1ac7,"[VIRTUAL]1 x Alias, 1 x Heartline, 1 x Peace Bear, 1 x Kiss Off, 1 x Break Point Freestyle, 1 x Neo Revolution, 1 x Hamster Bold, 1 x Crack'd Face, 1 x Skull & Crossbears, 1 x Fort Future, 1 x Royale Rep, 1 x Sharp Duck, 1 x Fortunate, 1 x All Time Drip, 1 x Hamster Cabbie, 1 x Tomato Face, 1 x Cuddle Face, 1 x Skull Face for 1200 MtxCurrency",1200,1200,0,0.0,0,2026-09-30T00:00:00Z,2026-10-02T23:59:59.999Z,1,0,-3,BR093026,Fit Check,185,tileGrid,Size_1_x_1,,0,,18,br,Spray_Jumpsuit_27,Hamster Cabbie,spray,uncommon,,Escape Artists,4,4,2023-02-14T10:24:42Z
2026-09-30,v2:/3a455aee9b728aceb7cd509105717676f1ce6b705178a0ddc9eeb64ba76d1ac7,"[VIRTUAL]1 x Alias, 1 x Heartline, 1 x Peace Bear, 1 x Kiss Off, 1 x Break Point Freestyle, 1 x Neo Revolution, 1 x Hamster Bold, 1 x Crack'd Face, 1 x Skull & Crossbears, 1 x Fort Future, 1 x Royale Rep, 1 x Sharp Duck, 1 x Fortunate, 1 x All Time Drip, 1 x Hamster Cabbie, 1 x Tomato Face, 1 x Cuddle Face, 1 x Skull Face for 1200 MtxCurrency",1200,1200,0,0.0,0,2026-09-30T00:00:00Z,2026-10-02T23:59:59.999Z,1,0,-3,BR093026,Fit Check,185,tileGrid,Size_1_x_1,,0,,18,br,Spray_JumpsuitMasks_1,Tomato Face,spray,uncommon,,Escape Artists,4,4,2023-02-14T10:24:42Z
2026-09-30,v2:/3a455aee9b728aceb7cd509105717676f1ce6b705178a0ddc9eeb64ba76d1ac7,"[VIRTUAL]1 x Alias, 1 x Heartline, 1 x Peace Bear, 1 x Kiss Off, 1 x Break Point Freestyle, 1 x Neo Revolution, 1 x Hamster Bold, 1 x Crack'd Face, 1 x Skull & Crossbears, 1 x Fort Future, 1 x Royale Rep, 1 x Sharp Duck, 1 x Fortunate, 1 x All Time Drip, 1 x Hamster Cabbie, 1 x Tomato Face, 1 x Cuddle Face, 1 x Skull Face for 1200 MtxCurrency",1200,1200,0,0.0,0,2026-09-30T00:00:00Z,2026-10-02T23:59:59.999Z,1,0,-3,BR093026,Fit Check,185,tileGrid,Size_1_x_1,,0,,18,br,Spray_JumpsuitMasks_9,Cuddle Face,spray,uncommon,,Escape Artists,4,4,2023-02-14T10:24:42Z
2026-09-30,v2:/3a455aee9b728aceb7cd509105717676f1ce6b705178a0ddc9eeb64ba76d1ac7,"[VIRTUAL]1 x Alias, 1 x Heartline, 1 x Peace Bear, 1 x Kiss Off, 1 x Break Point Freestyle, 1 x Neo Revolution, 1 x Hamster Bold, 1 x Crack'd Face, 1 x Skull & Crossbears, 1 x Fort Future, 1 x Royale Rep, 1 x Sharp Duck, 1 x Fortunate, 1 x All Time Drip, 1 x Hamster Cabbie, 1 x Tomato Face, 1 x Cuddle Face, 1 x Skull Face for 1200 MtxCurrency",1200,1200,0,0.0,0,2026-09-30T00:00:00Z,2026-10-02T23:59:59.999Z,1,0,-3,BR093026,Fit Check,185,tileGrid,Size_1_x_1,,0,,18,br,Spray_JumpsuitMasks_3,Skull Face,spray,uncommon,,Escape Artists,4,4,2023-02-14T10:24:42Z
2026-09-30,v2:/67761add679c1899bd56234da6b301302507a228f25e7f0fbb040b41adad6a5b,[VIRTUAL]1 x TBD (SID_Placeholder_823) for 500 MtxCurrency,500,500,0,0.0,0,2026-09-01T00:00:00Z,2026-09-30T23:59:59.999Z,1,0,-19,JT092526,Jam Tracks,177,expandableList,Size_1_x_1,,0,,1,track,sid_placeholder_823,He Gets Me So High,,,,,,,2026-06-16T14:07:21Z
2026-09-30,v2:/d892bcf1af09aa4010e0e58a12817db8bec2fd2111cbe63399af402d02ee4b08,"[VIRTUAL]1 x Sally, 1 x Worm's Wort for -1 MtxCurrency",1500,1500,0,0.0,0,2026-09-28T00:00:00Z,2026-10-01T23:59:59.999Z,1,0,-3,KHNightmare1,Disney,190,tileGrid,Size_1_x_1,,0,,2,br,Character_HayBrush,Sally,outfit,epic,,Sewn Sally,5,4,2024-10-12T06:22:57Z
2026-09-30,v2:/d892bcf1af09aa4010e0e58a12817db8bec2fd2111cbe63399af402d02ee4b08,"[VIRTUAL]1 x Sally, 1 x Worm's Wort for -1 MtxCurrency",1500,1500,0,0.0,0,2026-09-28T00:00:00Z,2026-10-01T23:59:59.999Z,1,0,-3,KHNightmare1,Disney,190,tileGrid,Size_1_x_1,,0,,2,br,Backpack_HayBrush,Worm's Wort,backpack,rare,,Sewn Sally,5,4,2024-10-12T06:22:57Z
2026-09-30,v2:/4ebf1334d3daa35a3bf879f88120030e1d7e434d0e896531407e22dea7f2c23f,[VIRTUAL]1 x The Search for 500 MtxCurrency,500,500,0,0.0,0,2026-09-01T00:00:00Z,2026-09-30T23:59:59.999Z,1,0,-1,JT092526,Jam Tracks,177,expandableList,Size_1_x_1,,0,,1,track,sid_placeholder_56,The Search,,,,,,,2023-12-11T00:00:00Z
2026-09-30,v2:/c36d459c0694d62e9532b659063e23adb43a4165c1928ff60c55bb3a48972a15,"[VIRTUAL]1 x Tyler, The Creator, 1 x Mini Tyler for -1 MtxCurrency",1500,1500,0,0.0,0,2026-09-26T00:00:00Z,2026-09-30T23:59:59.999Z,1,0,-1,MTVVMA,Main Stage Moment,179,tileGrid,Size_1_x_1,,1,"Tyler, The Creator",2,br,Character_CanineCronutMix,"Tyler, The Creator",outfit,icon,Icon Series,"Tyler, The Creator",6,6,2025-11-14T14:44:13Z
2026-09-30,v2:/c36d459c0694d62e9532b659063e23adb43a4165c1928ff60c55bb3a48972a15,"[VIRTUAL]1 x Tyler, The Creator, 1 x Mini Tyler for -1 MtxCurrency",1500,1500,0,0.0,0,2026-09-26T00:00:00Z,2026-09-30T23:59:59.999Z,1,0,-1,MTVVMA,Main Stage Moment,179,tileGrid,Size_1_x_1,,1,"Tyler, The Creator",2,br,Backpack_CanineCronutMix,Mini Tyler,backpack,icon,Icon Series,"Tyler, The Creator",6,6,2025-11-14T14:44:13Z
2026-09-30,v2:/3f6ba5bce5f2e51537c0b2406d38bd535f5a564262210aca066ad7425918c9e9,[VIRTUAL]1 x Mogul Ski Bag for 300 MtxCurrency,300,300,0,0.0,0,2026-09-29T00:00:00Z,2026-10-05T23:59:59.999Z,1,0,-1,,,,,Size_1_x_1,,0,,1,br,BID_014_SkiGirl,Mogul Ski Bag,backpack,epic,,Winter Ski,1,3,2019-11-20T12:50:41Z
2026-09-30,v2:/7d44ab041e93a26fe0eba2e0e54db5a9d4dc214083023a2d12a25e8a70743d0b,[VIRTUAL]1 x Hollaback Girl for 500 MtxCurrency,500,500,0,0.0,0,2026-09-01T00:00:00Z,2026-09-30T23:59:59.999Z,1,0,-17,JT092526,Jam Tracks,177,expandableList,Size_1_x_1,,0,,1,track,sid_placeholder_259,Hollaback Girl,,,,,,,2024-07-03T14:17:57Z
2026-09-30,v2:/aed2bf9f4178d97a46f8b35fc5670b88c759aa8bf1a974282b57fe248741a987,[VIRTUAL]1 x Before I Forget for 500 MtxCurrency,500,500,0,0.0,0,2026-09-25T00:00:00Z,2026-10-01T23:59:59.999Z,1,0,-2,JT092526,Jam Tracks,177,tileGrid,Size_1_x_1,,0,,1,track,sid_placeholder_210,Before I Forget,,,,,,,2024-05-07T14:47:23Z
2026-09-30,v2:/1d323b9cc7a818bfaadb9a8a0ca15015ed5823131dfbe0ddbe7c89eb7dae308a,[VIRTUAL]1 x TBD (SID_Placeholder_796) for 500 MtxCurrency,500,500,0,0.0,0,2026-09-01T00:00:00Z,2026-09-30T23:59:59.999Z,1,0,-42,JT092526,Jam Tracks,177,expandableList,Size_1_x_1,,0,,1,track,sid_placeholder_796,Snow on The Bluff,,,,,,,2026-05-26T14:09:46Z
2026-09-30,v2:/d86ecfe34b39eda18b9d10eec582d67c9a73b9d5186623d43910c27f93d63f2c,[VIRTUAL]1 x Starships for 500 MtxCurrency,500,500,0,0.0,0,2026-09-01T00:00:00Z,2026-09-30T23:59:59.999Z,1,0,-64,JT092526,Jam Tracks,177,expandableList,Size_1_x_1,,0,,1,track,sid_placeholder_53,Starships,,,,,,,2024-05-07T14:47:23Z
2026-09-30,v2:/47b28913ef5af74994166084c95f1b7af54635d9b0f31eceacac76393e01b12b,[VIRTUAL]1 x My Songs Know What You Did In The Dark (Light Em Up) for 500 MtxCurrency,500,500,0,0.0,0,2026-09-01T00:00:00Z,2026-09-30T23:59:59.999Z,1,0,-57,JT092526,Jam Tracks,177,expandableList,Size_1_x_1,,0,,1,track,sid_placeholder_90,My Songs Know What You Did In The Dark (Light Em Up),,,,,,,2024-01-05T21:55:08Z
2026-09-30,v2:/bdcbe5537b45013b801981cdc60960c2a70b1142e69dab8a9a3bbe86321652c4,[VIRTUAL]1 x i for 500 MtxCurrency,500,500,0,0.0,0,2026-09-01T00:00:00Z,2026-09-30T23:59:59.999Z,1,0,-44,JT092526,Jam Tracks,177,expandableList,Size_1_x_1,,0,,1,track,sid_placeholder_110,i,,,,,,,2023-12-09T15:00:00Z
2026-09-30,v2:/75666324a5d3d58f529325205be03d64727fe70410818292dcb52652da4d93ce,[VIRTUAL]1 x XO Tour Llif3  for 500 MtxCurrency,500,500,0,0.0,0,2026-09-01T00:00:00Z,2026-09-30T23:59:59.999Z,1,0,-21,JT092526,Jam Tracks,177,expandableList,Size_1_x_1,,0,,1,track,sid_placeholder_184,XO Tour Llif3,,,,,,,2024-04-16T20:20:56Z
2026-09-30,v2:/fa44b1971250321932296dd0b7e42935524a81a08a4e359afeca910a0a519c3c,[VIRTUAL]1 x Black Beatles for 500 MtxCurrency,500,500,0,0.0,0,2026-09-01T00:00:00Z,2026-09-30T23:59:59.999Z,1,0,-3,JT092526,Jam Tracks,177,expandableList,Size_1_x_1,,0,,1,track,sid_placeholder_291,Black Beatles,,,,,,,2024-08-09T02:00:00Z
2026-09-30,v2:/49a13a2d98bfedc4aeaebef7c9b048aaae9c7eb989871e86182e5d3a86b31737,[VIRTUAL]1 x Party Rock Anthem for 500 MtxCurrency,500,500,0,0.0,0,2026-09-01T00:00:00Z,2026-09-30T23:59:59.999Z,1,0,-9,JT092526,Jam Tracks,177,expandableList,Size_1_x_1,,0,,1,track,sid_placeholder_10,Party Rock Anthem,,,,,,,2023-12-11T00:00:00Z
2026-09-30,v2:/22b21648e7495b6cd23470acd14d6e1994b29820005960779368a0f91915d5e0,[VIRTUAL]1 x adidas Ultraboost 1.0 x Fortnite 'Victory Crown Black' for 1000 MtxCurrency,1000,1000,0,0.0,0,2026-09-28T00:00:00Z,2026-10-04T23:59:59.999Z,1,0,-1,BR093026,Fit Check,185,tileGrid,Size_1_x_1,,0,,1,br,Shoes_EnergyBuryCayenne,adidas Ultraboost 1.0 x Fortnite 'Victory Crown Black',shoe,uncommon,,adidas Shoes,6,2,2025-03-02T00:00:00Z
2026-09-30,v2:/bf2baf128d06401c2c5fb86557ac8ba8273717f624520fd7fe349f5df74347be,[VIRTUAL]1 x Loyal Shield for 300 MtxCurrency,300,300,0,0.0,0,2026-09-27T00:00:00Z,2026-10-03T23:59:59.999Z,1,0,-2,,,,,Size_1_x_1,,0,,1,br,BID_133_GuanYu,Loyal Shield,backpack,epic,,Guan Yu,1,6,2019-11-20T12:50:38Z
2026-09-30,v2:/c41d7e97684dd2b7215acdfbd52e30dcefe3090f91f5269c8f58d8748fd16e9e,[VIRTUAL]1 x The Diamond for 800 MtxCurrency,800,800,0,0.0,0,2026-09-30T00:00:00Z,2026-09-30T23:59:59.999Z,1,0,-1,BR093026,Fit Check,185,tileGrid,Size_1_x_1,,0,,1,br,Character_HastyBandit,The Diamond,outfit,epic,,Eternal Diamond,6,2,2025-02-21T12:17:00Z
2026-09-30,v2:/76b855f3c8e4c18081d0fef71b7c5b6bda46fd4572ace46c456620762e06e19c,[VIRTUAL]1 x TBD (SID_Placeholder_546) for 500 MtxCurrency,500,500,0,0.0,0,2026-09-01T00:00:00Z,2026-09-30T23:59:59.999Z,1,0,-100,JT092526,Jam Tracks,177,expandableList,Size_1_x_1,,0,,1,track,sid_placeholder_546,Through the Fire and Flames,,,,,,,2025-03-15T00:10:15Z
2026-09-30,v2:/ee04f4814e50b10f7b3be7d450498b7484f7df8bafc04ba58fcbb2553d3884a7,[VIRTUAL]1 x Fade to Black for 500 MtxCurrency,500,500,0,0.0,0,2026-09-01T00:00:00Z,2026-09-30T23:59:59.999Z,1,0,-5,JT092526,Jam Tracks,177,expandableList,Size_1_x_1,,0,,1,track,sid_placeholder_240,Fade to Black,,,,,,,2024-08-01T19:28:39Z
2026-09-30,v2:/0dd61ecfd397b29f963532245ad50cfa5348043cf4265c2b3a5f13c0d6021c9d,[VIRTUAL]1 x TBD (SID_Placeholder_724) for 500 MtxCurrency,500,500,0,0.0,0,2026-09-01T00:00:00Z,2026-09-30T23:59:59.999Z,1,0,-95,JT092526,Jam Tracks,177,expandableList,Size_1_x_1,,0,,1,track,sid_placeholder_724,mirai,,,,,,,2026-01-13T19:59:54Z
2026-09-30,v2:/b5e87563cb7a821ff08d826fba28dc452b49d77a39343bd7bd52d093187e2855,[VIRTUAL]1 x TBD (SID_Placeholder_628) for 500 MtxCurrency,500,500,0,0.0,0,2026-09-25T00:00:00Z,2026-10-01T23:59:59.999Z,1,0,-4,JT092526,Jam Tracks,177,tileGrid,Size_1_x_1,,0,,1,track,sid_placeholder_628,Gimme Chocolate!!,,,,,,,2025-08-22T00:00:00Z
2026-09-30,v2:/c11c95800d7714700c7148e435e18c537be74e1a45a0efc1550a8d256eea2d05,[VIRTUAL]1 x Bad Romance for 500 MtxCurrency,500,500,0,0.0,0,2026-09-01T00:00:00Z,2026-09-30T23:59:59.999Z,1,0,-4,JT092526,Jam Tracks,177,expandableList,Size_1_x_1,,0,,1,track,sid_placeholder_24,Bad Romance,,,,,,,2023-12-09T15:00:00Z
2026-09-30,v2:/62d00fbc973a39eb39538791ff7600a829f2af60cb950865b76ce16d6759f79d,[VIRTUAL]1 x Mouse Mode for 500 MtxCurrency,500,500,0,0.0,0,2026-09-19T00:00:00Z,2026-10-02T23:59:59.999Z,1,0,-4,IronMouse2,Ironmouse,189,tileGrid,Size_1_x_1,,0,,1,br,Wrap_FeelUnion,Mouse Mode,wrap,rare,,Ironmouse,7,4,2026-09-17T16:17:14Z
2026-09-30,v2:/6d6edec65685f456f644651f1d4b82e8dfac06e1fe9ac80a9d1d3c017882a8da,"[VIRTUAL]1 x Michonne's Katana, 1 x Michonne's Katana for 800 MtxCurrency",800,800,0,0.0,0,2026-09-27T00:00:00Z,2026-09-30T23:59:59.999Z,1,0,-1,,,,,Size_2_x_1,,0,,2,br,Pickaxe_ID_532_WombatFemale_CWE2D,Michonne's Katana,pickaxe,epic,,Survivors in Arms,2,5,2020-12-17T00:00:00Z
2026-09-30,v2:/6d6edec65685f456f644651f1d4b82e8dfac06e1fe9ac80a9d1d3c017882a8da,"[VIRTUAL]1 x Michonne's Katana, 1 x Michonne's Katana for 800 MtxCurrency",800,800,0,0.0,0,2026-09-27T00:00:00Z,2026-09-30T23:59:59.999Z,1,0,-1,,,,,Size_2_x_1,,0,,2,br,BID_676_WombatFemale_6PEJZ,Michonne's Katana,backpack,epic,,Survivors in Arms,2,5,2020-12-17T00:00:00Z
2026-09-30,v2:/ed35613be1dc6a2dbabd4723fc89645fa53f3b61a7f486ac247a9ff9cbed560a,"[VIRTUAL]1 x Sugar, We're Goin Down for 500 MtxCurrency",500,500,0,0.0,0,2026-09-01T00:00:00Z,2026-09-30T23:59:59.999Z,1,0,-93,JT092526,Jam Tracks,177,expandableList,Size_1_x_1,,0,,1,track,sid_placeholder_388,"Sugar, We're Goin Down",,,,,,,2024-12-26T14:34:39Z
2026-09-30,v2:/e2b062d1ecddfc51a9d16682688cc7caaa9a6efa66ab69734c32e8ca9b0e1f68,"[VIRTUAL]1 x Pumpkin King, 1 x Town Signpost, 1 x Rot Iron Trident, 1 x BOO!, 1 x I Am the Pumpkin King, 1 x Banner Icon for -1 MtxCurrency",2000,2000,0,0.0,0,2026-09-28T00:00:00Z,2026-10-01T23:59:59.999Z,1,0,-2,KHNightmare1,Disney,190,tileGrid,Size_1_x_1,,1,Pumpkin King,5,br,Character_BurntBagel,Pumpkin King,outfit,epic,,The Pumpkin King,5,4,2024-10-12T06:22:57Z
2026-09-30,v2:/e2b062d1ecddfc51a9d16682688cc7caaa9a6efa66ab69734c32e8ca9b0e1f68,"[VIRTUAL]1 x Pumpkin King, 1 x Town Signpost, 1 x Rot Iron Trident, 1 x BOO!, 1 x I Am the Pumpkin King, 1 x Banner Icon for -1 MtxCurrency",2000,2000,0,0.0,0,2026-09-28T00:00:00Z,2026-10-01T23:59:59.999Z,1,0,-2,KHNightmare1,Disney,190,tileGrid,Size_1_x_1,,1,Pumpkin King,5,br,Backpack_BurntBagel,Town Signpost,backpack,rare,,The Pumpkin King,5,4,2024-10-12T06:22:57Z
2026-09-30,v2:/e2b062d1ecddfc51a9d16682688cc7caaa9a6efa66ab69734c32e8ca9b0e1f68,"[VIRTUAL]1 x Pumpkin King, 1 x Town Signpost, 1 x Rot Iron Trident, 1 x BOO!, 1 x I Am the Pumpkin King, 1 x Banner Icon for -1 MtxCurrency",2000,2000,0,0.0,0,2026-09-28T00:00:00Z,2026-10-01T23:59:59.999Z,1,0,-2,KHNightmare1,Disney,190,tileGrid,Size_1_x_1,,1,Pumpkin King,5,br,Pickaxe_BurntBagel,Rot Iron Trident,pickaxe,rare,,The Pumpkin King,5,4,2024-10-12T06:22:57Z
2026-09-30,v2:/e2b062d1ecddfc51a9d16682688cc7caaa9a6efa66ab69734c32e8ca9b0e1f68,"[VIRTUAL]1 x Pumpkin King, 1 x Town Signpost, 1 x Rot Iron Trident, 1 x BOO!, 1 x I Am the Pumpkin King, 1 x Banner Icon for -1 MtxCurrency",2000,2000,0,0.0,0,2026-09-28T00:00:00Z,2026-10-01T23:59:59.999Z,1,0,-2,KHNightmare1,Disney,190,tileGrid,Size_1_x_1,,1,Pumpkin King,5,br,EID_BurntBagel,BOO!,emote,uncommon,,The Pumpkin King,5,4,2024-10-12T06:22:57Z
2026-09-30,v2:/e2b062d1ecddfc51a9d16682688cc7caaa9a6efa66ab69734c32e8ca9b0e1f68,"[VIRTUAL]1 x Pumpkin King, 1 x Town Signpost, 1 x Rot Iron Trident, 1 x BOO!, 1 x I Am the Pumpkin King, 1 x Banner Icon for -1 MtxCurrency",2000,2000,0,0.0,0,2026-09-28T00:00:00Z,2026-10-01T23:59:59.999Z,1,0,-2,KHNightmare1,Disney,190,tileGrid,Size_1_x_1,,1,Pumpkin King,5,br,Spray_BurntBagel,I Am the Pumpkin King,spray,uncommon,,The Pumpkin King,5,4,2024-10-12T06:22:57Z
2026-09-30,v2:/74b53779f39cd96b543d9cbd9308d02e3673da3cb41c5179f4862370b4967785,[VIRTUAL]1 x Witch Champion for 500 MtxCurrency,500,500,0,0.0,0,2026-09-26T00:00:00Z,2026-09-30T23:59:59.999Z,1,0,-4,CyberFNCS,FNCS,184,tileGrid,Size_1_x_1,,0,,1,br,Wrap_PunkDevilSummerFNCS,Witch Champion,wrap,rare,,FNCS,6,5,2025-08-26T08:18:15Z
2026-09-30,v2:/6f716a3be9bd20f99e40bfb2a903f2e70eb697710ceeefc452ef8b31f7d37e4a,[VIRTUAL]1 x Boy's A Liar Pt. 2 for 500 MtxCurrency,500,500,0,0.0,0,2026-09-01T00:00:00Z,2026-09-30T23:59:59.999Z,1,0,-27,JT092526,Jam Tracks,177,expandableList,Size_1_x_1,,0,,1,track,sid_placeholder_169,Boy's A Liar Pt. 2,,,,,,,2024-04-09T15:02:47Z
2026-09-30,v2:/79ca06682198bd9040fe2389dd46703fbb97c7e1662e25a28608adf4ce6a4a2a,[VIRTUAL]1 x Closer for 500 MtxCurrency,500,500,0,0.0,0,2026-09-01T00:00:00Z,2026-09-30T23:59:59.999Z,1,0,-91,JT092526,Jam Tracks,177,expandableList,Size_1_x_1,,0,,1,track,sid_placeholder_62,Closer,,,,,,,2024-02-29T00:02:26Z
2026-09-30,v2:/78d0623a2aa0da35c590f979885f24eab79b6fa165de6db472c9acda79686ca3,[VIRTUAL]1 x Swag Shuffle for 500 MtxCurrency,500,500,0,0.0,0,2026-09-28T00:00:00Z,2026-10-01T23:59:59.999Z,1,0,-4,VV093026,Groove Moves,197,tileGrid,Size_1_x_1,,0,,1,br,EID_Obstruct,Swag Shuffle,emote,icon,Icon Series,,5,2,2024-05-07T00:00:00Z
2026-09-30,v2:/9726d802f737b7178dd4e36291063d2959747fee179de51801d91815b1ade3aa,[VIRTUAL]1 x Yes Baby for 500 MtxCurrency,500,500,0,0.0,0,2026-09-25T00:00:00Z,2026-10-04T23:59:59.999Z,1,0,-2,MadisonBeer,Madison Beer,194,tileGrid,Size_1_x_1,,0,,1,br,EID_MistTycoonHike,Yes Baby,emote,icon,Icon Series,Madison Beer,7,4,2026-09-23T16:31:22Z
2026-09-30,v2:/09fcc331c9e5ea91fb79e4c77aebb8c55db9f6f633eabf26463666d48c7642b6,[VIRTUAL]1 x MONTERO (Call Me By Your Name) for 500 MtxCurrency,500,500,0,0.0,0,2026-09-01T00:00:00Z,2026-09-30T23:59:59.999Z,1,0,-74,JT092526,Jam Tracks,177,expandableList,Size_1_x_1,,0,,1,track,sid_placeholder_286,MONTERO (Call Me By Your Name),,,,,,,2024-10-24T14:53:04Z
2026-09-30,v2:/4348172e6e5515bee6b3f799962d19d5d4eb9346f490f945c4a3dd611768b753,[VIRTUAL]1 x TBD (SID_Placeholder_692) for 500 MtxCurrency,500,500,0,0.0,0,2026-09-26T00:00:00Z,2026-09-30T23:59:59.999Z,1,0,-4,MTVVMA,Main Stage Moment,179,tileGrid,Size_1_x_1,,0,,1,track,sid_placeholder_692,Manchild,,,,,,,2025-12-18T08:52:11Z
2026-09-30,v2:/c97a944075778be34d88cbf0c70a7a2c568e2e2e4afec3dda837ff6db5070901,[VIRTUAL]1 x TBD (SID_Placeholder_539) for 500 MtxCurrency,500,500,0,0.0,0,2026-09-25T00:00:00Z,2026-10-01T23:59:59.999Z,1,0,-3,JT092526,Jam Tracks,177,tileGrid,Size_1_x_1,,0,,1,track,sid_placeholder_539,The Imperial March (Darth Vader's Theme),,,,,,,2025-05-02T13:15:03Z
2026-09-30,v2:/bf190e34091c672ea3804c6c53c186f0a710f341f57e5b246a3182249d406b59,"[VIRTUAL]1 x Jill Valentine, 1 x Saving Keystroke for -1 MtxCurrency",1500,1500,0,0.0,0,2026-09-26T00:00:00Z,2026-10-03T23:59:59.999Z,1,0,-1,ResidentEvil,Resident Evil,195,tileGrid,Size_1_x_1,,0,,2,br,CID_A_222_Athena_Commando_F_Relish_G6S5T,Jill Valentine,outfit,gaminglegends,Gaming Legends Series,S.T.A.R.S. Team,2,8,2021-10-24T00:00:00Z
2026-09-30,v2:/bf190e34091c672ea3804c6c53c186f0a710f341f57e5b246a3182249d406b59,"[VIRTUAL]1 x Jill Valentine, 1 x Saving Keystroke for -1 MtxCurrency",1500,1500,0,0.0,0,2026-09-26T00:00:00Z,2026-10-03T23:59:59.999Z,1,0,-1,ResidentEvil,Resident Evil,195,tileGrid,Size_1_x_1,,0,,2,br,BID_874_RelishFemale_I7B41,Saving Keystroke,backpack,gaminglegends,Gaming Legends Series,S.T.A.R.S. Team,2,8,2021-10-24T00:00:00Z
2026-09-30,v2:/625d09ee392cb436878bf6a1acf63d79ccde24bc4e17e0e85e8885b0ea9ef94b,"[VIRTUAL]1 x yes, and? for 500 MtxCurrency",500,500,0,0.0,0,2026-09-26T00:00:00Z,2026-10-31T23:59:59.999Z,1,0,-4,MTVVMA,Main Stage Moment,179,tileGrid,Size_1_x_1,,0,,1,track,sid_placeholder_226,"yes, and?",,,,,,,2024-05-30T13:49:50Z
2026-09-30,v2:/25611fb5a48b160eda5a9834fc3c06d271e9c5239753fb6982cb9a01d77010f6,[VIRTUAL]1 x Saving Keystroke for 400 MtxCurrency,400,400,0,0.0,0,2026-09-26T00:00:00Z,2026-10-03T23:59:59.999Z,1,0,-2,,,,,Size_2_x_1,,0,,1,br,BID_874_RelishFemale_I7B41,Saving Keystroke,backpack,gaminglegends,Gaming Legends Series,S.T.A.R.S. Team,2,8,2021-10-24T00:00:00Z
2026-09-30,v2:/8ed030142a07d672e9c88c465ca2d0715fc519ce3b52ea073d3f8f77bff67b59,"[VIRTUAL]1 x Lock, Shock and Barrel's Tub for 500 MtxCurrency",500,500,0,0.0,0,2026-09-28T00:00:00Z,2026-10-01T23:59:59.999Z,1,0,-4,KHNightmare1,Disney,190,tileGrid,Size_1_x_1,,0,,1,br,EID_PrivateJet,"Lock, Shock and Barrel's Tub",emote,rare,,The Pumpkin King,4,4,2023-10-24T00:00:00Z
2026-09-30,v2:/8eac4b88199f11b7f942d5a51d430f60baf480839af4b4335ee83b7c0e6e2740,[VIRTUAL]1 x UltraViolet Pulse for 1000 MtxCurrency,1000,1000,0,0.0,0,2026-09-28T00:00:00Z,2026-10-04T23:59:59.999Z,1,0,-1,BR093026,Fit Check,185,tileGrid,Size_1_x_1,Reactive to music!,0,,1,br,Shoes_GroovyGlow,UltraViolet Pulse,shoe,uncommon,,,6,2,2025-04-11T00:00:00Z
2026-09-30,v2:/0bae63397030590e4e73dfd3b0767b707121b06c915afadd8c0d987c4847945a,[VIRTUAL]1 x Champion's Focus for 500 MtxCurrency,500,500,0,0.0,0,2026-09-23T00:00:00Z,2026-09-30T23:59:59.999Z,1,0,-5,CyberFNCS,FNCS,184,tileGrid,Size_1_x_1,,0,,1,br,Wrap_CyberFNCS,Champion's Focus,wrap,rare,,FNCS,7,4,2026-09-17T16:17:14Z
2026-09-30,v2:/36a56d4ce1b570d96151af89ecce95a8044c0e38ae13a4f513e2a80f8e4a791e,[VIRTUAL]1 x Shadow Steppers for 1000 MtxCurrency,1000,1000,0,0.0,0,2026-09-17T00:00:00Z,2026-10-01T23:59:59.999Z,1,0,-2,KingdomHearts,Kingdom Hearts,191,tileGrid,Size_1_x_1,,0,,1,br,Shoes_SpireTendBeen,Shadow Steppers,shoe,gaminglegends,Gaming Legends Series,Kingdom Hearts,7,4,2026-09-17T08:00:00Z
2026-09-30,v2:/00b7c6c9c9c0ecc301b88d77f964447b4393b9ef1c2a50b28e372ab1fcd11b0c,"[VIRTUAL]1 x Golden Zoey, 1 x HUNTR/X Light Stick for -1 MtxCurrency",1500,1500,0,0.0,0,2026-09-27T00:00:00Z,2026-10-01T23:59:59.999Z,1,0,-1,Kpop2Newest,KPop Demon Hunters,183,tileGrid,Size_1_x_1,,1,Golden Zoey,2,br,Character_HybridBoot,Golden Zoey,outfit,icon,Icon Series,KPop Demon Hunters,7,1,2026-02-05T15:01:36Z
2026-09-30,v2:/00b7c6c9c9c0ecc301b88d77f964447b4393b9ef1c2a50b28e372ab1fcd11b0c,"[VIRTUAL]1 x Golden Zoey, 1 x HUNTR/X Light Stick for -1 MtxCurrency",1500,1500,0,0.0,0,2026-09-27T00:00:00Z,2026-10-01T23:59:59.999Z,1,0,-1,Kpop2Newest,KPop Demon Hunters,183,tileGrid,Size_1_x_1,,1,Golden Zoey,2,br,Backpack_HybridBoot,HUNTR/X Light Stick,backpack,icon,Icon Series,KPop Demon Hunters,7,1,2026-02-05T15:01:36Z
2026-09-30,v2:/86cb6ba2fda1027f458ffcb5fe096e87a66a581b1cf6f6826554535026f23027,[VIRTUAL]1 x Town Signpost for 300 MtxCurrency,300,300,0,0.0,0,2026-09-28T00:00:00Z,2026-10-01T23:59:59.999Z,1,0,-1,,,,,Size_2_x_1,,0,,1,br,Backpack_BurntBagel,Town Signpost,backpack,rare,,The Pumpkin King,5,4,2024-10-12T06:22:57Z
2026-09-30,v2:/f0741a4504ca7381574dbbcf21074caac3ded111bf1d6ddd13861c0962bc7d63,[VIRTUAL]1 x Unsainted for 500 MtxCurrency,500,500,0,0.0,0,2026-09-01T00:00:00Z,2026-09-30T23:59:59.999Z,1,0,-62,JT092526,Jam Tracks,177,expandableList,Size_1_x_1,,0,,1,track,sid_placeholder_266,Unsainted,,,,,,,2024-07-26T00:00:00Z
2026-09-30,v2:/f556abd0b8f2e54699db9f689a81300dd4b63c217ce2917a982ba325644dd46f,[VIRTUAL]1 x Peak Pack for 300 MtxCurrency,300,300,0,0.0,0,2026-09-28T00:00:00Z,2026-10-01T23:59:59.999Z,1,0,-2,PEAK,PEAK,181,tileGrid,Size_1_x_1,,0,,1,br,Backpack_TopicProud,Peak Pack,backpack,gaminglegends,Gaming Legends Series,PEAK,7,2,2026-03-22T00:00:00Z
2026-09-30,v2:/582e4e8e2a42ade269c91f2d5a4700aaa4dc22f871a6697c89810815a1933da4,[VIRTUAL]1 x TBD (SID_Placeholder_587) for 500 MtxCurrency,500,500,0,0.0,0,2026-09-01T00:00:00Z,2026-09-30T23:59:59.999Z,1,0,-50,JT092526,Jam Tracks,177,expandableList,Size_1_x_1,,0,,1,track,sid_placeholder_587,Dream On,,,,,,,2025-05-14T00:00:00Z
2026-09-30,v2:/dd3880a9d1517ff7f1bdd80fe94a65ca6290aec640cbd1700e328db5ea0da31a,[VIRTUAL]1 x Leon's Combat Knife for 500 MtxCurrency,500,500,0,0.0,0,2026-09-26T00:00:00Z,2026-10-03T23:59:59.999Z,1,0,-2,ResidentEvil,Resident Evil,195,tileGrid,Size_1_x_1,,0,,1,br,Pickaxe_FallValleyBlink,Leon's Combat Knife,pickaxe,gaminglegends,Gaming Legends Series,Raccoon City Survivors,4,2,2023-03-17T00:00:00Z
2026-09-30,v2:/78144589ab8957bdffb7e9653e07b3916e105f34216fbd753d8a4de7c796db4a,[VIRTUAL]1 x Ancient Hunter's Ssang-geum for 500 MtxCurrency,500,500,0,0.0,0,2026-09-27T00:00:00Z,2026-10-01T23:59:59.999Z,1,0,-1,Kpop2Newest,KPop Demon Hunters,183,tileGrid,Size_1_x_1,,0,,1,br,Pickaxe_TurnVortex,Ancient Hunter's Ssang-geum,pickaxe,icon,Icon Series,KPop Demon Hunters,7,1,2026-02-05T15:01:36Z
2026-09-30,v2:/96e708b95b49c507edccfe9376c29dfdf48ac2f8aaca6ba37ee41339b5b502fa,[VIRTUAL]1 x TBD (SID_Placeholder_558) for 500 MtxCurrency,500,500,0,0.0,0,2026-09-25T00:00:00Z,2026-10-01T23:59:59.999Z,1,0,-1,JT092526,Jam Tracks,177,tileGrid,Size_1_x_1,,0,,1,track,sid_placeholder_558,Gasolina,,,,,,,2025-04-01T17:23:52Z
2026-09-30,v2:/0f3adad3d3dbc604a97e23fc5069bbe6db3a0d31f93781c87ee033d664abc3dd,[VIRTUAL]1 x Peppermint Parasol for 800 MtxCurrency,800,800,0,0.0,0,2026-09-28T00:00:00Z,2026-10-01T23:59:59.999Z,1,0,-2,KHNightmare1,Disney,190,tileGrid,Size_1_x_1,,0,,1,br,Pickaxe_PrivateJet,Peppermint Parasol,pickaxe,rare,,The Pumpkin King,4,4,2023-10-10T11:59:07Z
2026-09-30,v2:/1e6a37f31d70f38f06f48e50483a58efb6b70ddbd646212bc9febc843c80d3a9,"[VIRTUAL]1 x Champion Focus, 1 x Focused Emblem, 1 x Laser Scan, 1 x FNCS Scythe, 1 x Champion's Focus for -1 MtxCurrency",2700,1600,1100,0.4074,1,2026-09-23T00:00:00Z,2026-09-30T23:59:59.999Z,1,0,-2,CyberFNCS,FNCS,184,tileGrid,Size_3_x_1,,1,FNCS Global Championship 2026 Bundle,5,br,Character_CyberFNCS,Champion Focus,outfit,epic,,FNCS,7,4,2026-09-17T16:17:14Z
2026-09-30,v2:/1e6a37f31d70f38f06f48e50483a58efb6b70ddbd646212bc9febc843c80d3a9,"[VIRTUAL]1 x Champion Focus, 1 x Focused Emblem, 1 x Laser Scan, 1 x FNCS Scythe, 1 x Champion's Focus for -1 MtxCurrency",2700,1600,1100,0.4074,1,2026-09-23T00:00:00Z,2026-09-30T23:59:59.999Z,1,0,-2,CyberFNCS,FNCS,184,tileGrid,Size_3_x_1,,1,FNCS Global Championship 2026 Bundle,5,br,Backpack_CyberFNCS,Focused Emblem,backpack,rare,,FNCS,7,4,2026-09-17T16:17:14Z
2026-09-30,v2:/1e6a37f31d70f38f06f48e50483a58efb6b70ddbd646212bc9febc843c80d3a9,"[VIRTUAL]1 x Champion Focus, 1 x Focused Emblem, 1 x Laser Scan, 1 x FNCS Scythe, 1 x Champion's Focus for -1 MtxCurrency",2700,1600,1100,0.4074,1,2026-09-23T00:00:00Z,2026-09-30T23:59:59.999Z,1,0,-2,CyberFNCS,FNCS,184,tileGrid,Size_3_x_1,,1,FNCS Global Championship 2026 Bundle,5,br,EID_ScanEvade,Laser Scan,emote,uncommon,,,7,4,2026-09-03T15:24:18Z
2026-09-30,v2:/1e6a37f31d70f38f06f48e50483a58efb6b70ddbd646212bc9febc843c80d3a9,"[VIRTUAL]1 x Champion Focus, 1 x Focused Emblem, 1 x Laser Scan, 1 x FNCS Scythe, 1 x Champion's Focus for -1 MtxCurrency",2700,1600,1100,0.4074,1,2026-09-23T00:00:00Z,2026-09-30T23:59:59.999Z,1,0,-2,CyberFNCS,FNCS,184,tileGrid,Size_3_x_1,,1,FNCS Global Championship 2026 Bundle,5,br,Pickaxe_FNCS_42,FNCS Scythe,pickaxe,uncommon,,Final Reckoning,7,4,2026-09-17T16:17:14Z
2026-09-30,v2:/1e6a37f31d70f38f06f48e50483a58efb6b70ddbd646212bc9febc843c80d3a9,"[VIRTUAL]1 x Champion Focus, 1 x Focused Emblem, 1 x Laser Scan, 1 x FNCS Scythe, 1 x Champion's Focus for -1 MtxCurrency",2700,1600,1100,0.4074,1,2026-09-23T00:00:00Z,2026-09-30T23:59:59.999Z,1,0,-2,CyberFNCS,FNCS,184,tileGrid,Size_3_x_1,,1,FNCS Global Championship 2026 Bundle,5,br,Wrap_CyberFNCS,Champion's Focus,wrap,rare,,FNCS,7,4,2026-09-17T16:17:14Z
2026-09-30,v2:/aa8958ee9f11862b7e81accadc6a2b1b74d9f65112782f28d3463af09482f45f,"[VIRTUAL]1 x LISA, 1 x Louis Plushie for -1 MtxCurrency",1500,1500,0,0.0,0,2026-09-26T00:00:00Z,2026-09-30T23:59:59.999Z,1,0,-1,MTVVMA,Main Stage Moment,179,tileGrid,Size_1_x_1,,1,LISA,2,br,Character_ChimeCurlCorn,LISA,outfit,icon,Icon Series,LISA,7,1,2025-11-29T19:00:00Z
2026-09-30,v2:/aa8958ee9f11862b7e81accadc6a2b1b74d9f65112782f28d3463af09482f45f,"[VIRTUAL]1 x LISA, 1 x Louis Plushie for -1 MtxCurrency",1500,1500,0,0.0,0,2026-09-26T00:00:00Z,2026-09-30T23:59:59.999Z,1,0,-1,MTVVMA,Main Stage Moment,179,tileGrid,Size_1_x_1,,1,LISA,2,br,Backpack_ChimeCurlCorn,Louis Plushie,backpack,icon,Icon Series,LISA,7,1,2025-11-29T19:00:00Z
2026-09-30,v2:/17388aed87eab2a6e650d086b5d7d06326692ee88357ab4715fbf45e903f33cd,[VIRTUAL]1 x Happier Than Ever - Edit for 500 MtxCurrency,500,500,0,0.0,0,2026-09-01T00:00:00Z,2026-09-30T23:59:59.999Z,1,0,-34,JT092526,Jam Tracks,177,expandableList,Size_1_x_1,,0,,1,track,sid_placeholder_171,Happier Than Ever - Edit,,,,,,,2024-04-23T00:00:00Z
2026-09-30,v2:/e7f919b8b16debe4e071de261acfb2adcc3b41809d09f7b498b33d2bb6255ea0,[VIRTUAL]1 x Shujin Academy Backpack for 300 MtxCurrency,300,300,0,0.0,0,2026-09-26T00:00:00Z,2026-10-05T23:59:59.999Z,1,0,-2,Persona5,Persona 5 Royal,193,tileGrid,Size_1_x_1,,0,,1,br,Backpack_CosmicTrellis,Shujin Academy Backpack,backpack,gaminglegends,Gaming Legends Series,Persona 5 Royal,7,4,2026-09-24T16:00:38Z
2026-09-30,v2:/82d92985fa4b3fb646ecc342a2ee1287dd40fab97faf513e272008745f365da6,"[VIRTUAL]1 x Guan Yu, 1 x Loyal Shield for -1 MtxCurrency",1500,1500,0,0.0,0,2026-09-27T00:00:00Z,2026-10-03T23:59:59.999Z,1,0,-2,FND093026,Front Page,192,tileGrid,Size_1_x_1,,0,,2,br,CID_247_Athena_Commando_M_GuanYu,Guan Yu,outfit,epic,,Guan Yu,1,6,2019-11-20T12:50:14Z
2026-09-30,v2:/82d92985fa4b3fb646ecc342a2ee1287dd40fab97faf513e272008745f365da6,"[VIRTUAL]1 x Guan Yu, 1 x Loyal Shield for -1 MtxCurrency",1500,1500,0,0.0,0,2026-09-27T00:00:00Z,2026-10-03T23:59:59.999Z,1,0,-2,FND093026,Front Page,192,tileGrid,Size_1_x_1,,0,,2,br,BID_133_GuanYu,Loyal Shield,backpack,epic,,Guan Yu,1,6,2019-11-20T12:50:38Z
2026-09-30,v2:/52078d8c222347df807e4693dd6b492ea1594e80ff080fa01eec6e9a210ea8b1,"[VIRTUAL]1 x Ironmouse's Bubi Mic, 1 x Ironmouse's Bubi Mic, 1 x Ironmouse's Bubi Mic for 800 MtxCurrency",800,800,0,0.0,0,2026-09-19T00:00:00Z,2026-10-02T23:59:59.999Z,1,0,-1,IronMouse2,Ironmouse,189,tileGrid,Size_1_x_1,,0,,3,br,Backpack_FeelUnionMoo_Mic,Ironmouse's Bubi Mic,backpack,rare,,Ironmouse,7,4,2026-09-17T16:17:14Z
2026-09-30,v2:/52078d8c222347df807e4693dd6b492ea1594e80ff080fa01eec6e9a210ea8b1,"[VIRTUAL]1 x Ironmouse's Bubi Mic, 1 x Ironmouse's Bubi Mic, 1 x Ironmouse's Bubi Mic for 800 MtxCurrency",800,800,0,0.0,0,2026-09-19T00:00:00Z,2026-10-02T23:59:59.999Z,1,0,-1,IronMouse2,Ironmouse,189,tileGrid,Size_1_x_1,,0,,3,br,Pickaxe_FeelUnionMoo_Mic,Ironmouse's Bubi Mic,pickaxe,rare,,Ironmouse,7,4,2026-09-17T16:17:14Z
2026-09-30,v2:/52078d8c222347df807e4693dd6b492ea1594e80ff080fa01eec6e9a210ea8b1,"[VIRTUAL]1 x Ironmouse's Bubi Mic, 1 x Ironmouse's Bubi Mic, 1 x Ironmouse's Bubi Mic for 800 MtxCurrency",800,800,0,0.0,0,2026-09-19T00:00:00Z,2026-10-02T23:59:59.999Z,1,0,-1,IronMouse2,Ironmouse,189,tileGrid,Size_1_x_1,,0,,3,instrument,Sparks_FeelUnionMoo_Mic,Ironmouse's Bubi Mic,mic,common,,,,,2026-09-17T16:17:14Z
2026-09-30,v2:/8e9f7448a24de3d12810bdd1a066487f9fe244a441531fdb1b761becb994896e,[VIRTUAL]1 x Dirty Little Secret for 500 MtxCurrency,500,500,0,0.0,0,2026-09-01T00:00:00Z,2026-09-30T23:59:59.999Z,1,0,-18,JT092526,Jam Tracks,177,expandableList,Size_1_x_1,,0,,1,track,sid_placeholder_82,Dirty Little Secret,,,,,,,2023-12-12T00:00:00Z
2026-09-30,v2:/76b9756490dc4f96492954cbf1de30406aefd7ebe50bd14fa81b92151e346725,[VIRTUAL]1 x Walk Em Down for 500 MtxCurrency,500,500,0,0.0,0,2026-09-01T00:00:00Z,2026-09-30T23:59:59.999Z,1,0,-56,JT092526,Jam Tracks,177,expandableList,Size_1_x_1,,0,,1,track,sid_placeholder_269,Walk Em Down,,,,,,,2024-07-18T13:57:48Z
2026-09-30,v2:/e34100e237f8250228622af4b3579c93dc9099d7dede06e3912b98eac4a1d1f2,[VIRTUAL]1 x Sabrina Carpenter for 1200 MtxCurrency,1200,1200,0,0.0,0,2026-09-26T00:00:00Z,2026-09-30T23:59:59.999Z,1,0,-1,MTVVMA,Main Stage Moment,179,tileGrid,Size_1_x_1,,0,,1,br,Character_DimeBlanketKnot,Sabrina Carpenter,outfit,icon,Icon Series,Sabrina Carpenter,6,2,2025-04-08T08:41:18Z
2026-09-30,v2:/a210f0a0b4c37eb18d90282f8d699469cb6227c040665508a5f33a9e8aa47893,[VIRTUAL]1 x What Is Love for 500 MtxCurrency,500,500,0,0.0,0,2026-09-25T00:00:00Z,2026-10-01T23:59:59.999Z,1,0,-2,JT092526,Jam Tracks,177,tileGrid,Size_1_x_1,,0,,1,track,sid_placeholder_112,What Is Love,,,,,,,2024-02-07T00:17:22Z
2026-09-30,v2:/ef2f56268ead000885988c4ab83a7ab6fbd1e58329f8d35a0738e1e6ab5e5daf,[VIRTUAL]1 x WHATS POPPIN for 500 MtxCurrency,500,500,0,0.0,0,2026-09-29T00:00:00Z,2026-10-01T23:59:59.999Z,1,0,-3,BR093026,Fit Check,185,tileGrid,Size_1_x_1,,0,,1,track,sid_placeholder_157,WHATS POPPIN,,,,,,,2024-03-05T20:11:31Z
2026-09-30,v2:/9d35bf601495f9c6fe0ae15d2d6b54afd36c8397ad47e8a3c67584ea8eee0f38,"[VIRTUAL]1 x Waypoint, 1 x Signal Hub for -1 MtxCurrency",1200,1200,0,0.0,0,2026-09-29T00:00:00Z,2026-10-05T23:59:59.999Z,1,0,-4,NS092926,No Sweat,186,tileGrid,Size_1_x_1,,0,,2,br,CID_290_Athena_Commando_F_BlueBadass,Waypoint,outfit,rare,,Waypoint,1,7,2019-11-20T12:50:11Z
2026-09-30,v2:/9d35bf601495f9c6fe0ae15d2d6b54afd36c8397ad47e8a3c67584ea8eee0f38,"[VIRTUAL]1 x Waypoint, 1 x Signal Hub for -1 MtxCurrency",1200,1200,0,0.0,0,2026-09-29T00:00:00Z,2026-10-05T23:59:59.999Z,1,0,-4,NS092926,No Sweat,186,tileGrid,Size_1_x_1,,0,,2,br,BID_165_BlueBadassFemale,Signal Hub,backpack,rare,,Waypoint,1,7,2019-11-20T12:50:37Z
2026-09-30,v2:/7aa36f5965d06b6321c827775aef700752b01cf9083da1785f9799fe9fdbef76,[VIRTUAL]1 x Sweet Child O' Mine for 500 MtxCurrency,500,500,0,0.0,0,2026-09-01T00:00:00Z,2026-09-30T23:59:59.999Z,1,0,-52,JT092526,Jam Tracks,177,expandableList,Size_1_x_1,,0,,1,track,sid_placeholder_271,Sweet Child O' Mine,,,,,,,2024-08-09T00:00:00Z
2026-09-30,v2:/062b2cfa1073a9d616344d59e569dc517ddff17d31e4d6a5b5cde4f6940b4451,"[VIRTUAL]1 x Joker (Persona 5), 1 x Shujin Academy Backpack, 1 x Silver Dagger for -1 MtxCurrency",1800,1800,0,0.0,0,2026-09-26T00:00:00Z,2026-10-05T23:59:59.999Z,1,0,-1,Persona5,Persona 5 Royal,193,tileGrid,Size_2_x_1,,0,,3,br,Character_CosmicTrellis,Joker (P5R),outfit,gaminglegends,Gaming Legends Series,Persona 5 Royal,7,4,2026-09-24T16:00:38Z
2026-09-30,v2:/062b2cfa1073a9d616344d59e569dc517ddff17d31e4d6a5b5cde4f6940b4451,"[VIRTUAL]1 x Joker (Persona 5), 1 x Shujin Academy Backpack, 1 x Silver Dagger for -1 MtxCurrency",1800,1800,0,0.0,0,2026-09-26T00:00:00Z,2026-10-05T23:59:59.999Z,1,0,-1,Persona5,Persona 5 Royal,193,tileGrid,Size_2_x_1,,0,,3,br,Backpack_CosmicTrellis,Shujin Academy Backpack,backpack,gaminglegends,Gaming Legends Series,Persona 5 Royal,7,4,2026-09-24T16:00:38Z
2026-09-30,v2:/062b2cfa1073a9d616344d59e569dc517ddff17d31e4d6a5b5cde4f6940b4451,"[VIRTUAL]1 x Joker (Persona 5), 1 x Shujin Academy Backpack, 1 x Silver Dagger for -1 MtxCurrency",1800,1800,0,0.0,0,2026-09-26T00:00:00Z,2026-10-05T23:59:59.999Z,1,0,-1,Persona5,Persona 5 Royal,193,tileGrid,Size_2_x_1,,0,,3,br,Pickaxe_CosmicTrellis,Silver Dagger,pickaxe,gaminglegends,Gaming Legends Series,Persona 5 Royal,7,4,2026-09-24T16:00:38Z
2026-09-30,v2:/d55963fbb01744386f776c41e0a21c514a2cbb895adf3ae2aff43f0e5b152628,[VIRTUAL]1 x 15 MINUTES for 500 MtxCurrency,500,500,0,0.0,0,2026-09-25T00:00:00Z,2026-10-04T23:59:59.999Z,1,0,-4,MadisonBeer,Madison Beer,194,tileGrid,Size_1_x_1,,0,,1,br,EID_GreatEscape,15 MINUTES,emote,icon,Icon Series,,6,3,2025-05-16T08:50:37Z
2026-09-30,v2:/7ef77db5960d6925ed8c41a6497eca3f9f80375ef718704a9cebcdcb231878c2,[VIRTUAL]1 x Keyblade Flourish for 300 MtxCurrency,300,300,0,0.0,0,2026-09-17T00:00:00Z,2026-10-01T23:59:59.999Z,1,0,-3,KingdomHearts,Kingdom Hearts,191,tileGrid,Size_1_x_1,,0,,1,br,EID_SpireTend,Keyblade Flourish,emote,gaminglegends,Gaming Legends Series,Kingdom Hearts,7,4,2026-09-17T08:00:00Z
2026-09-30,v2:/1f96f688832e846cd1ba28ed8a320b295e78b2c08ad5ffc43084c9bf6a4d83ba,"[VIRTUAL]1 x Golden Zoey, 1 x HUNTR/X Light Stick, 1 x Golden Mira, 1 x HUNTR/X Logo, 1 x Popcorn Tears, 1 x Battle of the Bows, 1 x Ancient Hunter's Gak-gung, 1 x Ancient Hunter's Seok-jang for -1 MtxCurrency",4600,2500,2100,0.4565,1,2026-09-27T00:00:00Z,2026-10-01T23:59:59.999Z,1,0,-3,Kpop2Newest,KPop Demon Hunters,183,tileGrid,Size_1_x_1,,1,Zoey & Mira Bundle,8,br,Character_HybridBoot,Golden Zoey,outfit,icon,Icon Series,KPop Demon Hunters,7,1,2026-02-05T15:01:36Z
2026-09-30,v2:/1f96f688832e846cd1ba28ed8a320b295e78b2c08ad5ffc43084c9bf6a4d83ba,"[VIRTUAL]1 x Golden Zoey, 1 x HUNTR/X Light Stick, 1 x Golden Mira, 1 x HUNTR/X Logo, 1 x Popcorn Tears, 1 x Battle of the Bows, 1 x Ancient Hunter's Gak-gung, 1 x Ancient Hunter's Seok-jang for -1 MtxCurrency",4600,2500,2100,0.4565,1,2026-09-27T00:00:00Z,2026-10-01T23:59:59.999Z,1,0,-3,Kpop2Newest,KPop Demon Hunters,183,tileGrid,Size_1_x_1,,1,Zoey & Mira Bundle,8,br,Backpack_HybridBoot,HUNTR/X Light Stick,backpack,icon,Icon Series,KPop Demon Hunters,7,1,2026-02-05T15:01:36Z
2026-09-30,v2:/1f96f688832e846cd1ba28ed8a320b295e78b2c08ad5ffc43084c9bf6a4d83ba,"[VIRTUAL]1 x Golden Zoey, 1 x HUNTR/X Light Stick, 1 x Golden Mira, 1 x HUNTR/X Logo, 1 x Popcorn Tears, 1 x Battle of the Bows, 1 x Ancient Hunter's Gak-gung, 1 x Ancient Hunter's Seok-jang for -1 MtxCurrency",4600,2500,2100,0.4565,1,2026-09-27T00:00:00Z,2026-10-01T23:59:59.999Z,1,0,-3,Kpop2Newest,KPop Demon Hunters,183,tileGrid,Size_1_x_1,,1,Zoey & Mira Bundle,8,br,Character_LowerDrop,Golden Mira,outfit,icon,Icon Series,KPop Demon Hunters,7,1,2026-02-05T15:01:36Z
2026-09-30,v2:/1f96f688832e846cd1ba28ed8a320b295e78b2c08ad5ffc43084c9bf6a4d83ba,"[VIRTUAL]1 x Golden Zoey, 1 x HUNTR/X Light Stick, 1 x Golden Mira, 1 x HUNTR/X Logo, 1 x Popcorn Tears, 1 x Battle of the Bows, 1 x Ancient Hunter's Gak-gung, 1 x Ancient Hunter's Seok-jang for -1 MtxCurrency",4600,2500,2100,0.4565,1,2026-09-27T00:00:00Z,2026-10-01T23:59:59.999Z,1,0,-3,Kpop2Newest,KPop Demon Hunters,183,tileGrid,Size_1_x_1,,1,Zoey & Mira Bundle,8,br,Backpack_LowerDrop,HUNTR/X Logo,backpack,icon,Icon Series,KPop Demon Hunters,7,1,2026-02-05T15:01:36Z
2026-09-30,v2:/1f96f688832e846cd1ba28ed8a320b295e78b2c08ad5ffc43084c9bf6a4d83ba,"[VIRTUAL]1 x Golden Zoey, 1 x HUNTR/X Light Stick, 1 x Golden Mira, 1 x HUNTR/X Logo, 1 x Popcorn Tears, 1 x Battle of the Bows, 1 x Ancient Hunter's Gak-gung, 1 x Ancient Hunter's Seok-jang for -1 MtxCurrency",4600,2500,2100,0.4565,1,2026-09-27T00:00:00Z,2026-10-01T23:59:59.999Z,1,0,-3,Kpop2Newest,KPop Demon Hunters,183,tileGrid,Size_1_x_1,,1,Zoey & Mira Bundle,8,br,EID_BountyPond,Popcorn Tears,emote,icon,Icon Series,KPop Demon Hunters,7,1,2026-02-05T15:01:36Z
2026-09-30,v2:/1f96f688832e846cd1ba28ed8a320b295e78b2c08ad5ffc43084c9bf6a4d83ba,"[VIRTUAL]1 x Golden Zoey, 1 x HUNTR/X Light Stick, 1 x Golden Mira, 1 x HUNTR/X Logo, 1 x Popcorn Tears, 1 x Battle of the Bows, 1 x Ancient Hunter's Gak-gung, 1 x Ancient Hunter's Seok-jang for -1 MtxCurrency",4600,2500,2100,0.4565,1,2026-09-27T00:00:00Z,2026-10-01T23:59:59.999Z,1,0,-3,Kpop2Newest,KPop Demon Hunters,183,tileGrid,Size_1_x_1,,1,Zoey & Mira Bundle,8,br,EID_TurnVortex,Battle of the Bows,emote,icon,Icon Series,KPop Demon Hunters,7,1,2026-02-05T15:01:36Z
2026-09-30,v2:/1f96f688832e846cd1ba28ed8a320b295e78b2c08ad5ffc43084c9bf6a4d83ba,"[VIRTUAL]1 x Golden Zoey, 1 x HUNTR/X Light Stick, 1 x Golden Mira, 1 x HUNTR/X Logo, 1 x Popcorn Tears, 1 x Battle of the Bows, 1 x Ancient Hunter's Gak-gung, 1 x Ancient Hunter's Seok-jang for -1 MtxCurrency",4600,2500,2100,0.4565,1,2026-09-27T00:00:00Z,2026-10-01T23:59:59.999Z,1,0,-3,Kpop2Newest,KPop Demon Hunters,183,tileGrid,Size_1_x_1,,1,Zoey & Mira Bundle,8,br,Pickaxe_HybridBoot,Ancient Hunter's Gak-gung,pickaxe,icon,Icon Series,KPop Demon Hunters,7,1,2026-02-05T15:01:36Z
2026-09-30,v2:/1f96f688832e846cd1ba28ed8a320b295e78b2c08ad5ffc43084c9bf6a4d83ba,"[VIRTUAL]1 x Golden Zoey, 1 x HUNTR/X Light Stick, 1 x Golden Mira, 1 x HUNTR/X Logo, 1 x Popcorn Tears, 1 x Battle of the Bows, 1 x Ancient Hunter's Gak-gung, 1 x Ancient Hunter's Seok-jang for -1 MtxCurrency",4600,2500,2100,0.4565,1,2026-09-27T00:00:00Z,2026-10-01T23:59:59.999Z,1,0,-3,Kpop2Newest,KPop Demon Hunters,183,tileGrid,Size_1_x_1,,1,Zoey & Mira Bundle,8,br,Pickaxe_LowerDrop,Ancient Hunter's Seok-jang,pickaxe,icon,Icon Series,KPop Demon Hunters,7,1,2026-02-05T15:01:36Z
2026-09-30,v2:/e540dc29a50afd50c25aa8dc5677bcfd90b8f465ca4764719577272bc4e6ea88,[VIRTUAL]1 x BOO! for 300 MtxCurrency,300,300,0,0.0,0,2026-09-28T00:00:00Z,2026-10-01T23:59:59.999Z,1,0,-1,,,,,Size_2_x_1,,0,,1,br,EID_BurntBagel,BOO!,emote,uncommon,,The Pumpkin King,5,4,2024-10-12T06:22:57Z
2026-09-30,v2:/7e6617519885358b63d9804aa1f298482bd1400702bf02cd2df7c67bdbbaca93,[VIRTUAL]1 x Rad Rat for 1200 MtxCurrency,1200,1200,0,0.0,0,2026-09-29T00:00:00Z,2026-10-05T23:59:59.999Z,1,0,-1,FND093026,Front Page,192,tileGrid,Size_1_x_1,,0,,1,br,Companion_NibbleMoss,Rad Rat,sidekick,uncommon,,Totally Rat-ical,7,4,2026-09-17T16:17:14Z
2026-09-30,v2:/ad4148234379f28a2cc6b154d3a500fdb86f8b8ee69f183c7913982ce216119d,[VIRTUAL]1 x B.R.U.T.E. Gunner for 800 MtxCurrency,800,800,0,0.0,0,2026-09-29T00:00:00Z,2026-10-05T23:59:59.999Z,1,0,-3,NS092926,No Sweat,186,tileGrid,Size_1_x_1,,0,,1,br,CID_495_Athena_Commando_F_MechPilotShark,B.R.U.T.E. Gunner,outfit,uncommon,,B.R.U.T.E. Squad,1,X,2019-11-20T12:49:52Z
2026-09-30,v2:/fd9ffc9e64042fd812694eb36725191578d9eac7774f3bcd98e27f2447822816,[VIRTUAL]1 x Ark'ana for 1200 MtxCurrency,1200,1200,0,0.0,0,2026-09-27T00:00:00Z,2026-10-03T23:59:59.999Z,1,0,-4,FND093026,Front Page,192,tileGrid,Size_1_x_1,,0,,1,br,Character_OmegaAngel,Ark'ana,outfit,epic,,Wings of Anarchy,6,2,2025-02-21T12:17:00Z
2026-09-30,v2:/30ee451b70c2afab5d9e3651a6bdf7e61fb38eeb764ac5bf149a23b061816124,[VIRTUAL]1 x Mookie & Maple Plushies for 500 MtxCurrency,500,500,0,0.0,0,2026-09-25T00:00:00Z,2026-10-04T23:59:59.999Z,1,0,-3,MadisonBeer,Madison Beer,194,tileGrid,Size_1_x_1,,0,,1,br,Backpack_MistTycoonHike,Mookie & Maple Plushies,backpack,icon,Icon Series,Madison Beer,7,4,2026-09-23T16:31:22Z
2026-09-30,v2:/cf44eb6c4ed422bf7f1a6c04a668e5727b2af77f360eae07af51c6d98308adfe,[VIRTUAL]1 x Paradise City for 500 MtxCurrency,500,500,0,0.0,0,2026-09-01T00:00:00Z,2026-09-30T23:59:59.999Z,1,0,-98,JT092526,Jam Tracks,177,expandableList,Size_1_x_1,,0,,1,track,sid_placeholder_270,Paradise City,,,,,,,2024-08-09T00:00:00Z
2026-09-30,v2:/39744e635d37cb76f3d276a3a65ca86a1ce00524070a645e1850e5ec8ea5aaca,[VIRTUAL]1 x Ryker for 1200 MtxCurrency,1200,1200,0,0.0,0,2026-09-29T00:00:00Z,2026-10-05T23:59:59.999Z,1,0,-5,FND093026,Front Page,192,tileGrid,Size_1_x_1,Ryker gets graffiti outline on eliminations!,0,,1,br,Character_LoneDice,Ryker,outfit,epic,,18K,6,2,2025-03-11T08:32:47Z
2026-09-30,v2:/24c69fab297434c9055f34930c54a7a61c5d83b4d04d93bb6b270d59819fd2e9,[VIRTUAL]1 x Rift Ribbon for 400 MtxCurrency,400,400,0,0.0,0,2026-09-26T00:00:00Z,2026-09-30T23:59:59.999Z,1,0,-1,,,,,Size_1_x_1,,0,,1,br,Backpack_RareDelight,Rift Ribbon,backpack,icon,Icon Series,Ariana Grande,5,3,2024-05-31T00:00:00Z
2026-09-30,v2:/e6207ab88d2e63fc052e018cf7782c63f5a344080dd523c3805f8c9e714d89b8,[VIRTUAL]1 x Bittersweet for 500 MtxCurrency,500,500,0,0.0,0,2026-09-25T00:00:00Z,2026-10-04T23:59:59.999Z,1,0,-1,MadisonBeer,Madison Beer,194,tileGrid,Size_1_x_1,,0,,1,br,EID_MistTycoonLife,Bittersweet,emote,icon,Icon Series,Madison Beer,7,4,2026-09-23T16:31:22Z
2026-09-30,v2:/f030b047bb84892eda33c37a83d41c28fd643d51de32884042f4d40b2e10e0dd,[VIRTUAL]1 x Barrel & Booty for 400 MtxCurrency,400,400,0,0.0,0,2026-09-30T00:00:00Z,2026-09-30T23:59:59.999Z,1,0,-2,,,,,Size_1_x_1,,0,,1,br,BID_238_Pirate02Male,Barrel & Booty,backpack,rare,,Scallywags,1,8,2019-11-20T12:50:35Z
2026-09-30,v2:/e460f2f049e452cb3da7a14731be1e5071b88f3e49feb18673e9a301097f3775,[VIRTUAL]1 x Worm's Wort for 400 MtxCurrency,400,400,0,0.0,0,2026-09-28T00:00:00Z,2026-10-01T23:59:59.999Z,1,0,-1,,,,,Size_2_x_1,,0,,1,br,Backpack_HayBrush,Worm's Wort,backpack,rare,,Sewn Sally,5,4,2024-10-12T06:22:57Z
2026-09-30,v2:/afb5691ad324a2cdd81ea7e3df904c52c23b97939bb53fd377762923673ac93c,[VIRTUAL]1 x TBD (SID_Placeholder_488) for 500 MtxCurrency,500,500,0,0.0,0,2026-09-01T00:00:00Z,2026-09-30T23:59:59.999Z,1,0,-30,JT092526,Jam Tracks,177,expandableList,Size_1_x_1,,0,,1,track,sid_placeholder_488,No Scrubs,,,,,,,2025-01-23T15:05:07Z
2026-09-30,v2:/d696a260d6b29c049785a1397be210c72049ba3efbb0346e9fb3981749da836b,[VIRTUAL]1 x TBD (SID_Placeholder_495) for 500 MtxCurrency,500,500,0,0.0,0,2026-09-01T00:00:00Z,2026-09-30T23:59:59.999Z,1,0,-22,JT092526,Jam Tracks,177,expandableList,Size_1_x_1,,0,,1,track,sid_placeholder_495,Bling-Bang-Bang-Born,,,,,,,2025-02-13T17:10:43Z
2026-09-30,v2:/fbd48c77d32077fd6027087aa71bd16f48ac0fbd39d0bbed75b69b07ee5b0126,[VIRTUAL]1 x Wrong Turn for 200 MtxCurrency,200,200,0,0.0,0,2026-09-29T00:00:00Z,2026-10-05T23:59:59.999Z,1,0,-1,,,,,Size_1_x_1,,0,,1,br,BID_549_Dummeez,Wrong Turn,backpack,rare,,Dummy Brigade,2,3,2020-07-21T08:17:24Z
2026-09-30,v2:/e71874b0ad762abd299c2aa12f90ac230c7fccb133987310f5d652c54b74b85a,[VIRTUAL]1 x Lowridin' Wheelies for 600 MtxCurrency,600,600,0,0.0,0,2026-09-28T00:00:00Z,2026-10-04T23:59:59.999Z,1,0,-3,BR093026,Fit Check,185,tileGrid,Size_1_x_1,,0,,1,br,Shoes_ChromeBounce,Lowridin' Wheelies,shoe,uncommon,,,7,1,2025-12-02T00:00:00Z
2026-09-30,v2:/fbf5e605033c367ac9e93c1e60e9f91920386a1555769b264c61be814889d29e,[VIRTUAL]1 x TBD (SID_Placeholder_179) for 500 MtxCurrency,500,500,0,0.0,0,2026-09-25T00:00:00Z,2026-10-01T23:59:59.999Z,1,0,-4,JT092526,Jam Tracks,177,tileGrid,Size_1_x_1,,0,,1,track,sid_placeholder_179,Yoru Ni Kakeru,,,,,,,2025-02-06T21:54:35Z
2026-09-30,v2:/4e9167854c7856be6b529f44c413256dd897b7251eb10fe4d6ce118ee9e0787c,[VIRTUAL]1 x Mine for 500 MtxCurrency,500,500,0,0.0,0,2026-09-25T00:00:00Z,2026-10-04T23:59:59.999Z,1,0,-2,MadisonBeer,Madison Beer,194,tileGrid,Size_1_x_1,,0,,1,br,EID_Melody,Mine,emote,icon,Icon Series,,5,3,2024-07-24T00:00:00Z
2026-09-30,v2:/21c9b5cdca609bc02453c26e42f6860d280046c6978329a1d78d42410f3a8d38,"[VIRTUAL]1 x Mogul Master, 1 x Mogul Ski Bag for -1 MtxCurrency",1500,1500,0,0.0,0,2026-09-29T00:00:00Z,2026-10-05T23:59:59.999Z,1,0,-1,NS092926,No Sweat,186,tileGrid,Size_1_x_1,,0,,2,br,CID_061_Athena_Commando_F_SkiGirl,Mogul Master,outfit,epic,,Winter Ski,1,2,2019-11-20T12:50:28Z
2026-09-30,v2:/21c9b5cdca609bc02453c26e42f6860d280046c6978329a1d78d42410f3a8d38,"[VIRTUAL]1 x Mogul Master, 1 x Mogul Ski Bag for -1 MtxCurrency",1500,1500,0,0.0,0,2026-09-29T00:00:00Z,2026-10-05T23:59:59.999Z,1,0,-1,NS092926,No Sweat,186,tileGrid,Size_1_x_1,,0,,2,br,BID_014_SkiGirl,Mogul Ski Bag,backpack,epic,,Winter Ski,1,3,2019-11-20T12:50:41Z
2026-09-30,v2:/c2eec06ee67d68805492bd349e2f8d3d17a9871ee52f4325c8fc0d72a62f4811,[VIRTUAL]1 x Sexy And I Know It for 500 MtxCurrency,500,500,0,0.0,0,2026-09-01T00:00:00Z,2026-09-30T23:59:59.999Z,1,0,-97,JT092526,Jam Tracks,177,expandableList,Size_1_x_1,,0,,1,track,sid_placeholder_260,Sexy And I Know It,,,,,,,2024-07-03T14:17:57Z
2026-09-30,v2:/bededfd2d02a53fb71bce1f25d811a8e2509b93de14437fa043545ee0a7bf817,[VIRTUAL]1 x TBD (SID_Placeholder_490) for 500 MtxCurrency,500,500,0,0.0,0,2026-09-01T00:00:00Z,2026-09-30T23:59:59.999Z,1,0,-61,JT092526,Jam Tracks,177,expandableList,Size_1_x_1,,0,,1,track,sid_placeholder_490,Party Like A Rock Star,,,,,,,2025-01-30T16:27:14Z
2026-09-30,v2:/515391125b33363964cde0183f581f24f5147622b5e038c2157423a2e03e129b,[VIRTUAL]1 x The Unforgiven for 500 MtxCurrency,500,500,0,0.0,0,2026-09-01T00:00:00Z,2026-09-30T23:59:59.999Z,1,0,-85,JT092526,Jam Tracks,177,expandableList,Size_1_x_1,,0,,1,track,sid_placeholder_228,The Unforgiven,,,,,,,2024-06-13T08:00:00Z
2026-09-30,v2:/fc6965f41addabda7cfc897b6126dd26de8b36c0b23b44fbaf9da4771ded5a1c,[VIRTUAL]1 x Battle of the Bows for 300 MtxCurrency,300,300,0,0.0,0,2026-09-27T00:00:00Z,2026-10-01T23:59:59.999Z,1,0,-5,Kpop2Newest,KPop Demon Hunters,183,tileGrid,Size_1_x_1,,0,,1,br,EID_TurnVortex,Battle of the Bows,emote,icon,Icon Series,KPop Demon Hunters,7,1,2026-02-05T15:01:36Z
2026-09-30,v2:/c793d6e78aeb4c9e70e691b661fd0ad195d28522c373bd79b32931f1fc65e962,"[VIRTUAL]1 x Jack Skellington, 1 x Zero for -1 MtxCurrency",1500,1500,0,0.0,0,2026-09-28T00:00:00Z,2026-10-01T23:59:59.999Z,1,0,-1,KHNightmare1,Disney,190,tileGrid,Size_1_x_1,Built-in emote!,0,,2,br,Character_PrivateJet,Jack Skellington,outfit,epic,,The Pumpkin King,4,4,2023-10-10T11:59:07Z
2026-09-30,v2:/c793d6e78aeb4c9e70e691b661fd0ad195d28522c373bd79b32931f1fc65e962,"[VIRTUAL]1 x Jack Skellington, 1 x Zero for -1 MtxCurrency",1500,1500,0,0.0,0,2026-09-28T00:00:00Z,2026-10-01T23:59:59.999Z,1,0,-1,KHNightmare1,Disney,190,tileGrid,Size_1_x_1,Built-in emote!,0,,2,br,Backpack_PrivateJet,Zero,backpack,epic,,The Pumpkin King,4,4,2023-10-10T11:59:07Z
2026-09-30,v2:/c7523de2b8194a426beb607d9d2acd970050f5ec7dedd604bfb369cb9e38a31b,"[VIRTUAL]1 x Blaze, 1 x Firestarter for -1 MtxCurrency",1500,1500,0,0.0,0,2026-09-29T00:00:00Z,2026-10-05T23:59:59.999Z,1,0,-3,NS092926,No Sweat,186,tileGrid,Size_1_x_1,,0,,2,br,CID_784_Athena_Commando_F_RenegadeRaiderFire,Blaze,outfit,lava,Lava Series,Renegade Flame,2,3,2020-06-28T00:00:00Z
2026-09-30,v2:/c7523de2b8194a426beb607d9d2acd970050f5ec7dedd604bfb369cb9e38a31b,"[VIRTUAL]1 x Blaze, 1 x Firestarter for -1 MtxCurrency",1500,1500,0,0.0,0,2026-09-29T00:00:00Z,2026-10-05T23:59:59.999Z,1,0,-3,NS092926,No Sweat,186,tileGrid,Size_1_x_1,,0,,2,br,BID_545_RenegadeRaiderFire,Firestarter,backpack,lava,Lava Series,Renegade Flame,2,3,2020-06-28T00:00:00Z
2026-09-30,v2:/e5f876b7355b79d76c7cd7d4a9b4e0e14a0062469e401f8b9f92b0f272053191,"[VIRTUAL]1 x Michonne, 1 x Michonne's Katana, 1 x Michonne's Katana, 1 x Daryl Dixon, 1 x Hunting Quiver, 1 x Daryl's Knives for -1 MtxCurrency",3600,2500,1100,0.3056,1,2026-09-27T00:00:00Z,2026-09-30T23:59:59.999Z,1,0,-1,WalkingDead1,The Walking Dead,182,tileGrid,Size_2_x_1,"Outfit Styles include a Built-In Cape! Equip a back-bling on top, but NO CAPES!",1,Survivors In Arms,6,br,CID_976_Athena_Commando_F_Wombat_0GRTQ,Michonne,outfit,epic,,Survivors in Arms,2,5,2020-12-17T00:00:00Z
2026-09-30,v2:/e5f876b7355b79d76c7cd7d4a9b4e0e14a0062469e401f8b9f92b0f272053191,"[VIRTUAL]1 x Michonne, 1 x Michonne's Katana, 1 x Michonne's Katana, 1 x Daryl Dixon, 1 x Hunting Quiver, 1 x Daryl's Knives for -1 MtxCurrency",3600,2500,1100,0.3056,1,2026-09-27T00:00:00Z,2026-09-30T23:59:59.999Z,1,0,-1,WalkingDead1,The Walking Dead,182,tileGrid,Size_2_x_1,"Outfit Styles include a Built-In Cape! Equip a back-bling on top, but NO CAPES!",1,Survivors In Arms,6,br,BID_676_WombatFemale_6PEJZ,Michonne's Katana,backpack,epic,,Survivors in Arms,2,5,2020-12-17T00:00:00Z
2026-09-30,v2:/e5f876b7355b79d76c7cd7d4a9b4e0e14a0062469e401f8b9f92b0f272053191,"[VIRTUAL]1 x Michonne, 1 x Michonne's Katana, 1 x Michonne's Katana, 1 x Daryl Dixon, 1 x Hunting Quiver, 1 x Daryl's Knives for -1 MtxCurrency",3600,2500,1100,0.3056,1,2026-09-27T00:00:00Z,2026-09-30T23:59:59.999Z,1,0,-1,WalkingDead1,The Walking Dead,182,tileGrid,Size_2_x_1,"Outfit Styles include a Built-In Cape! Equip a back-bling on top, but NO CAPES!",1,Survivors In Arms,6,br,Pickaxe_ID_532_WombatFemale_CWE2D,Michonne's Katana,pickaxe,epic,,Survivors in Arms,2,5,2020-12-17T00:00:00Z
2026-09-30,v2:/e5f876b7355b79d76c7cd7d4a9b4e0e14a0062469e401f8b9f92b0f272053191,"[VIRTUAL]1 x Michonne, 1 x Michonne's Katana, 1 x Michonne's Katana, 1 x Daryl Dixon, 1 x Hunting Quiver, 1 x Daryl's Knives for -1 MtxCurrency",3600,2500,1100,0.3056,1,2026-09-27T00:00:00Z,2026-09-30T23:59:59.999Z,1,0,-1,WalkingDead1,The Walking Dead,182,tileGrid,Size_2_x_1,"Outfit Styles include a Built-In Cape! Equip a back-bling on top, but NO CAPES!",1,Survivors In Arms,6,br,CID_977_Athena_Commando_M_Wombat_R7Q8K,Daryl Dixon,outfit,epic,,Survivors in Arms,2,5,2020-12-17T00:00:00Z
2026-09-30,v2:/e5f876b7355b79d76c7cd7d4a9b4e0e14a0062469e401f8b9f92b0f272053191,"[VIRTUAL]1 x Michonne, 1 x Michonne's Katana, 1 x Michonne's Katana, 1 x Daryl Dixon, 1 x Hunting Quiver, 1 x Daryl's Knives for -1 MtxCurrency",3600,2500,1100,0.3056,1,2026-09-27T00:00:00Z,2026-09-30T23:59:59.999Z,1,0,-1,WalkingDead1,The Walking Dead,182,tileGrid,Size_2_x_1,"Outfit Styles include a Built-In Cape! Equip a back-bling on top, but NO CAPES!",1,Survivors In Arms,6,br,BID_675_WombatMale_X18U5,Hunting Quiver,backpack,epic,,Survivors in Arms,2,5,2020-12-17T00:00:00Z
2026-09-30,v2:/e5f876b7355b79d76c7cd7d4a9b4e0e14a0062469e401f8b9f92b0f272053191,"[VIRTUAL]1 x Michonne, 1 x Michonne's Katana, 1 x Michonne's Katana, 1 x Daryl Dixon, 1 x Hunting Quiver, 1 x Daryl's Knives for -1 MtxCurrency",3600,2500,1100,0.3056,1,2026-09-27T00:00:00Z,2026-09-30T23:59:59.999Z,1,0,-1,WalkingDead1,The Walking Dead,182,tileGrid,Size_2_x_1,"Outfit Styles include a Built-In Cape! Equip a back-bling on top, but NO CAPES!",1,Survivors In Arms,6,br,Pickaxe_ID_533_WombatMale_L7QPQ,Daryl's Knives,pickaxe,epic,,Survivors in Arms,2,5,2020-12-17T00:00:00Z
2026-09-30,v2:/286aa1ddb38e6a9a5dedfb0a406294dfa4dd07deeda15d1c7e768bf186d1265b,"[VIRTUAL]1 x Jinu, 1 x Sussie, 1 x Golden Rumi, 1 x Kimbap To Go, 1 x Saja Boys Light Stick, 1 x Ancient Hunter's Ssang-geum for -1 MtxCurrency",4000,2500,1500,0.375,1,2026-09-27T00:00:00Z,2026-10-01T23:59:59.999Z,1,0,-1,Kpop2Newest,KPop Demon Hunters,183,tileGrid,Size_1_x_1,,1,Rumi & Jinu Bundle,6,br,Character_BountyPond,Jinu,outfit,icon,Icon Series,KPop Demon Hunters,7,1,2026-02-05T15:01:36Z
2026-09-30,v2:/286aa1ddb38e6a9a5dedfb0a406294dfa4dd07deeda15d1c7e768bf186d1265b,"[VIRTUAL]1 x Jinu, 1 x Sussie, 1 x Golden Rumi, 1 x Kimbap To Go, 1 x Saja Boys Light Stick, 1 x Ancient Hunter's Ssang-geum for -1 MtxCurrency",4000,2500,1500,0.375,1,2026-09-27T00:00:00Z,2026-10-01T23:59:59.999Z,1,0,-1,Kpop2Newest,KPop Demon Hunters,183,tileGrid,Size_1_x_1,,1,Rumi & Jinu Bundle,6,br,Backpack_BountyPond,Sussie,backpack,icon,Icon Series,KPop Demon Hunters,7,1,2026-02-05T15:01:36Z
2026-09-30,v2:/286aa1ddb38e6a9a5dedfb0a406294dfa4dd07deeda15d1c7e768bf186d1265b,"[VIRTUAL]1 x Jinu, 1 x Sussie, 1 x Golden Rumi, 1 x Kimbap To Go, 1 x Saja Boys Light Stick, 1 x Ancient Hunter's Ssang-geum for -1 MtxCurrency",4000,2500,1500,0.375,1,2026-09-27T00:00:00Z,2026-10-01T23:59:59.999Z,1,0,-1,Kpop2Newest,KPop Demon Hunters,183,tileGrid,Size_1_x_1,,1,Rumi & Jinu Bundle,6,br,Character_TurnVortex,Golden Rumi,outfit,icon,Icon Series,KPop Demon Hunters,7,1,2026-02-05T15:01:36Z
2026-09-30,v2:/286aa1ddb38e6a9a5dedfb0a406294dfa4dd07deeda15d1c7e768bf186d1265b,"[VIRTUAL]1 x Jinu, 1 x Sussie, 1 x Golden Rumi, 1 x Kimbap To Go, 1 x Saja Boys Light Stick, 1 x Ancient Hunter's Ssang-geum for -1 MtxCurrency",4000,2500,1500,0.375,1,2026-09-27T00:00:00Z,2026-10-01T23:59:59.999Z,1,0,-1,Kpop2Newest,KPop Demon Hunters,183,tileGrid,Size_1_x_1,,1,Rumi & Jinu Bundle,6,br,Backpack_TurnVortex,Kimbap To Go,backpack,icon,Icon Series,KPop Demon Hunters,7,1,2026-02-05T15:01:36Z
2026-09-30,v2:/286aa1ddb38e6a9a5dedfb0a406294dfa4dd07deeda15d1c7e768bf186d1265b,"[VIRTUAL]1 x Jinu, 1 x Sussie, 1 x Golden Rumi, 1 x Kimbap To Go, 1 x Saja Boys Light Stick, 1 x Ancient Hunter's Ssang-geum for -1 MtxCurrency",4000,2500,1500,0.375,1,2026-09-27T00:00:00Z,2026-10-01T23:59:59.999Z,1,0,-1,Kpop2Newest,KPop Demon Hunters,183,tileGrid,Size_1_x_1,,1,Rumi & Jinu Bundle,6,br,Pickaxe_BountyPond,Saja Boys Light Stick,pickaxe,icon,Icon Series,KPop Demon Hunters,7,1,2026-02-05T15:01:36Z
2026-09-30,v2:/286aa1ddb38e6a9a5dedfb0a406294dfa4dd07deeda15d1c7e768bf186d1265b,"[VIRTUAL]1 x Jinu, 1 x Sussie, 1 x Golden Rumi, 1 x Kimbap To Go, 1 x Saja Boys Light Stick, 1 x Ancient Hunter's Ssang-geum for -1 MtxCurrency",4000,2500,1500,0.375,1,2026-09-27T00:00:00Z,2026-10-01T23:59:59.999Z,1,0,-1,Kpop2Newest,KPop Demon Hunters,183,tileGrid,Size_1_x_1,,1,Rumi & Jinu Bundle,6,br,Pickaxe_TurnVortex,Ancient Hunter's Ssang-geum,pickaxe,icon,Icon Series,KPop Demon Hunters,7,1,2026-02-05T15:01:36Z
2026-09-30,v2:/b5a8f75d7187367c68ca93067deb99a23c28e035832f478767f794e73ae3f1cf,[VIRTUAL]1 x Madison's Angel Wings for 500 MtxCurrency,500,500,0,0.0,0,2026-09-25T00:00:00Z,2026-10-04T23:59:59.999Z,1,0,-3,MadisonBeer,Madison Beer,194,tileGrid,Size_1_x_1,,0,,1,br,Backpack_MistTycoonLife,Madison's Angel Wings,backpack,icon,Icon Series,Madison Beer,7,4,2026-09-23T16:31:22Z
2026-09-30,v2:/854847f9b89261e739a22998a66de1944a78fc8d1e5adc0b39d3d4dfb3eb2a7e,[VIRTUAL]1 x Bonde do Brunão for 400 MtxCurrency,400,400,0,0.0,0,2026-09-26T00:00:00Z,2026-09-30T23:59:59.999Z,1,0,-3,MTVVMA,Main Stage Moment,179,tileGrid,Size_1_x_1,,0,,1,br,EID_DryEraseToro,Bonde do Brunão,emote,icon,Icon Series,Bruno Mars,6,4,2025-06-18T08:00:00Z
2026-09-30,v2:/a158233c2b78048d702be5481c7047d96d42d38f44350f4e3ec5cbc279938406,[VIRTUAL]1 x Nike Air Baltoro for 800 MtxCurrency,800,800,0,0.0,0,2026-09-28T00:00:00Z,2026-10-04T23:59:59.999Z,1,0,-3,BR093026,Fit Check,185,tileGrid,Size_1_x_1,,0,,1,br,Shoes_UmamiGlintOchre,Nike Air Baltoro,shoe,uncommon,,NIKE Shoes,6,2,2025-02-23T00:00:00Z
2026-09-30,v2:/d9f23cd3d8479982f89e75cf8aadb6bd34db434289521a98431cb1d370b303f1,[VIRTUAL]1 x Armed And Dangerous for 500 MtxCurrency,500,500,0,0.0,0,2026-09-01T00:00:00Z,2026-09-30T23:59:59.999Z,1,0,-35,JT092526,Jam Tracks,177,expandableList,Size_1_x_1,,0,,1,track,sid_placeholder_428,Armed And Dangerous,,,,,,,2024-11-21T14:39:11Z
2026-09-30,v2:/72db2d38d41fc4191d92bb13db2200487a20b0f884434e807c7fba4fe9846442,[VIRTUAL]1 x Pompeii for 500 MtxCurrency,500,500,0,0.0,0,2026-09-01T00:00:00Z,2026-09-30T23:59:59.999Z,1,0,-15,JT092526,Jam Tracks,177,expandableList,Size_1_x_1,,0,,1,track,sid_placeholder_113,Pompeii,,,,,,,2024-01-16T20:57:57Z
2026-09-30,v2:/aa7f6afc4103ed9feca3abc08008f6bae1cc47f460ef7841f6799f452c2da723,[VIRTUAL]1 x Fission Blade for 500 MtxCurrency,500,500,0,0.0,0,2026-09-29T00:00:00Z,2026-10-05T23:59:59.999Z,1,0,-3,FND093026,Front Page,192,tileGrid,Size_1_x_1,,0,,1,br,Pickaxe_ToxicStorm,Fission Blade,pickaxe,rare,,Nuclear Fusion,6,2,2025-03-25T17:24:52Z
2026-09-30,v2:/de1abf7856e13c660f1dab861560c19c50c3e4220a5b7c00f9cdb0fd27eeff14,[VIRTUAL]1 x Street Striker for 1200 MtxCurrency,1200,1200,0,0.0,0,2026-09-28T00:00:00Z,2026-10-01T23:59:59.999Z,1,0,-4,BR093026,Fit Check,185,tileGrid,Size_1_x_1,,0,,1,br,CID_541_Athena_Commando_M_GraffitiGold,Street Striker,outfit,rare,,,1,X,2019-11-20T12:49:49Z
2026-09-30,v2:/dbc24d489619ace59ae6efa074d320447030f0727e4d03f882b6efba13052ec1,[VIRTUAL]1 x Morgana Slippers for 1000 MtxCurrency,1000,1000,0,0.0,0,2026-09-26T00:00:00Z,2026-10-05T23:59:59.999Z,1,0,-4,Persona5,Persona 5 Royal,193,tileGrid,Size_1_x_1,,0,,1,br,Shoes_Cosmictrelliswand,Morgana Slippers,shoe,gaminglegends,Gaming Legends Series,Persona 5 Royal,7,4,2026-09-17T16:17:14Z
2026-09-30,v2:/67f8bec431854caff71eaaa5045784c65912f4fefc56f5f8c0857b864bad6a68,[VIRTUAL]1 x Guandao for 800 MtxCurrency,800,800,0,0.0,0,2026-09-27T00:00:00Z,2026-10-03T23:59:59.999Z,1,0,-3,FND093026,Front Page,192,tileGrid,Size_1_x_1,,0,,1,br,Pickaxe_ID_112_GuanYu,Guandao,pickaxe,rare,,Guan Yu,1,6,2019-11-20T12:50:55Z
2026-09-30,v2:/d1adcc2b884092797124ed5256371973e3edeb866aa3934a8c96232109f863aa,[VIRTUAL]1 x Signal Hub for 200 MtxCurrency,200,200,0,0.0,0,2026-09-29T00:00:00Z,2026-10-05T23:59:59.999Z,1,0,-4,,,,,Size_1_x_1,,0,,1,br,BID_165_BlueBadassFemale,Signal Hub,backpack,rare,,Waypoint,1,7,2019-11-20T12:50:37Z
2026-09-30,v2:/559a46757aa88666c41d9405ff282a2fc62954509a6758cbfdc356b9e091c8bd,[VIRTUAL]1 x Rockstar for 500 MtxCurrency,500,500,0,0.0,0,2026-09-26T00:00:00Z,2026-09-30T23:59:59.999Z,1,0,-3,MTVVMA,Main Stage Moment,179,tileGrid,Size_1_x_1,,0,,1,br,EID_ChimeCurlTell,Rockstar,emote,icon,Icon Series,LISA,7,1,2025-11-29T19:00:00Z
2026-09-30,v2:/2f05a52e3f07f1c335687718fc54822d692aced2cb048b1cfe2afa91337405ef,[VIRTUAL]1 x Dimensional for 500 MtxCurrency,500,500,0,0.0,0,2026-09-28T00:00:00Z,2026-10-01T23:59:59.999Z,1,0,-2,VV093026,Groove Moves,197,tileGrid,Size_1_x_1,,0,,1,br,EID_Dimension,Dimensional,emote,icon,Icon Series,,5,4,2024-10-03T00:00:00Z
2026-09-30,v2:/ba59a25a496d5d6e0256985ad0ab0e0ca36f738c3986b48279082717852bd823,[VIRTUAL]1 x Blank for 400 MtxCurrency,400,400,0,0.0,0,2026-09-17T00:00:00Z,2026-10-01T23:59:59.999Z,1,0,-2,,,,,Size_2_x_1,,0,,1,car,Wheel_OpticOrange01,Gummi Ship,wheel,uncommon,,,,,2026-09-17T08:00:00Z
2026-09-30,v2:/4d1766c9453d5cde45e889f56c163295f052489a4e3d236e928abe03136824b1,"[VIRTUAL]1 x Satin Angel Madison, 1 x Madison's Angel Wings for -1 MtxCurrency",1500,1500,0,0.0,0,2026-09-25T00:00:00Z,2026-10-04T23:59:59.999Z,1,0,-2,MadisonBeer,Madison Beer,194,tileGrid,Size_1_x_1,,0,,2,br,Character_MistTycoonLife,Satin Angel Madison,outfit,icon,Icon Series,Madison Beer,7,4,2026-09-23T16:31:22Z
2026-09-30,v2:/4d1766c9453d5cde45e889f56c163295f052489a4e3d236e928abe03136824b1,"[VIRTUAL]1 x Satin Angel Madison, 1 x Madison's Angel Wings for -1 MtxCurrency",1500,1500,0,0.0,0,2026-09-25T00:00:00Z,2026-10-04T23:59:59.999Z,1,0,-2,MadisonBeer,Madison Beer,194,tileGrid,Size_1_x_1,,0,,2,br,Backpack_MistTycoonLife,Madison's Angel Wings,backpack,icon,Icon Series,Madison Beer,7,4,2026-09-23T16:31:22Z
2026-09-30,v2:/851b5a7c96c908711b9845283b8a3c12fa7b68704b434e1de36e95826ff2d939,[VIRTUAL]1 x Toxic Fusion for 800 MtxCurrency,800,800,0,0.0,0,2026-09-29T00:00:00Z,2026-10-05T23:59:59.999Z,1,0,-2,FND093026,Front Page,192,tileGrid,Size_1_x_1,,0,,1,br,Character_ToxicStorm,Toxic Fusion,outfit,epic,,Nuclear Fusion,6,2,2025-03-25T17:24:52Z
2026-09-30,v2:/0a7c4d1c71dc4b42b1aa534145f48a8ba26c98a8943e4f3eccf7d5276edd3ce0,"[VIRTUAL]1 x Make You Mine Madison, 1 x Madison's OG Pickaxe, 1 x Satin Angel Madison, 1 x Madison's Angel Wings, 1 x Mookie & Maple Plushies, 1 x Bittersweet, 1 x Yes Baby, 1 x Madison's Mic, 1 x Madison's Mic, 1 x Madison's Mic, 1 x Madison's Glam Wrap, 1 x Rooftop Madison, 1 x TBD (SID_Placeholder_906), 1 x TBD (SID_Placeholder_907) for -1 MtxCurrency",6800,3400,3400,0.5,1,2026-09-25T00:00:00Z,2026-10-04T23:59:59.999Z,1,0,-1,MadisonBeer,Madison Beer,194,billboard,Size_4_x_1,,1,Madison Beer Bundle,14,br,Character_MistTycoonHike,Make You Mine Madison,outfit,icon,Icon Series,Madison Beer,7,4,2026-09-23T16:31:22Z
2026-09-30,v2:/0a7c4d1c71dc4b42b1aa534145f48a8ba26c98a8943e4f3eccf7d5276edd3ce0,"[VIRTUAL]1 x Make You Mine Madison, 1 x Madison's OG Pickaxe, 1 x Satin Angel Madison, 1 x Madison's Angel Wings, 1 x Mookie & Maple Plushies, 1 x Bittersweet, 1 x Yes Baby, 1 x Madison's Mic, 1 x Madison's Mic, 1 x Madison's Mic, 1 x Madison's Glam Wrap, 1 x Rooftop Madison, 1 x TBD (SID_Placeholder_906), 1 x TBD (SID_Placeholder_907) for -1 MtxCurrency",6800,3400,3400,0.5,1,2026-09-25T00:00:00Z,2026-10-04T23:59:59.999Z,1,0,-1,MadisonBeer,Madison Beer,194,billboard,Size_4_x_1,,1,Madison Beer Bundle,14,br,Pickaxe_MistTycoonHike,Madison's OG Pickaxe,pickaxe,icon,Icon Series,Madison Beer,7,4,2026-09-24T13:00:55Z
2026-09-30,v2:/0a7c4d1c71dc4b42b1aa534145f48a8ba26c98a8943e4f3eccf7d5276edd3ce0,"[VIRTUAL]1 x Make You Mine Madison, 1 x Madison's OG Pickaxe, 1 x Satin Angel Madison, 1 x Madison's Angel Wings, 1 x Mookie & Maple Plushies, 1 x Bittersweet, 1 x Yes Baby, 1 x Madison's Mic, 1 x Madison's Mic, 1 x Madison's Mic, 1 x Madison's Glam Wrap, 1 x Rooftop Madison, 1 x TBD (SID_Placeholder_906), 1 x TBD (SID_Placeholder_907) for -1 MtxCurrency",6800,3400,3400,0.5,1,2026-09-25T00:00:00Z,2026-10-04T23:59:59.999Z,1,0,-1,MadisonBeer,Madison Beer,194,billboard,Size_4_x_1,,1,Madison Beer Bundle,14,br,Character_MistTycoonLife,Satin Angel Madison,outfit,icon,Icon Series,Madison Beer,7,4,2026-09-23T16:31:22Z
2026-09-30,v2:/0a7c4d1c71dc4b42b1aa534145f48a8ba26c98a8943e4f3eccf7d5276edd3ce0,"[VIRTUAL]1 x Make You Mine Madison, 1 x Madison's OG Pickaxe, 1 x Satin Angel Madison, 1 x Madison's Angel Wings, 1 x Mookie & Maple Plushies, 1 x Bittersweet, 1 x Yes Baby, 1 x Madison's Mic, 1 x Madison's Mic, 1 x Madison's Mic, 1 x Madison's Glam Wrap, 1 x Rooftop Madison, 1 x TBD (SID_Placeholder_906), 1 x TBD (SID_Placeholder_907) for -1 MtxCurrency",6800,3400,3400,0.5,1,2026-09-25T00:00:00Z,2026-10-04T23:59:59.999Z,1,0,-1,MadisonBeer,Madison Beer,194,billboard,Size_4_x_1,,1,Madison Beer Bundle,14,br,Backpack_MistTycoonLife,Madison's Angel Wings,backpack,icon,Icon Series,Madison Beer,7,4,2026-09-23T16:31:22Z
2026-09-30,v2:/0a7c4d1c71dc4b42b1aa534145f48a8ba26c98a8943e4f3eccf7d5276edd3ce0,"[VIRTUAL]1 x Make You Mine Madison, 1 x Madison's OG Pickaxe, 1 x Satin Angel Madison, 1 x Madison's Angel Wings, 1 x Mookie & Maple Plushies, 1 x Bittersweet, 1 x Yes Baby, 1 x Madison's Mic, 1 x Madison's Mic, 1 x Madison's Mic, 1 x Madison's Glam Wrap, 1 x Rooftop Madison, 1 x TBD (SID_Placeholder_906), 1 x TBD (SID_Placeholder_907) for -1 MtxCurrency",6800,3400,3400,0.5,1,2026-09-25T00:00:00Z,2026-10-04T23:59:59.999Z,1,0,-1,MadisonBeer,Madison Beer,194,billboard,Size_4_x_1,,1,Madison Beer Bundle,14,br,Backpack_MistTycoonHike,Mookie & Maple Plushies,backpack,icon,Icon Series,Madison Beer,7,4,2026-09-23T16:31:22Z
2026-09-30,v2:/0a7c4d1c71dc4b42b1aa534145f48a8ba26c98a8943e4f3eccf7d5276edd3ce0,"[VIRTUAL]1 x Make You Mine Madison, 1 x Madison's OG Pickaxe, 1 x Satin Angel Madison, 1 x Madison's Angel Wings, 1 x Mookie & Maple Plushies, 1 x Bittersweet, 1 x Yes Baby, 1 x Madison's Mic, 1 x Madison's Mic, 1 x Madison's Mic, 1 x Madison's Glam Wrap, 1 x Rooftop Madison, 1 x TBD (SID_Placeholder_906), 1 x TBD (SID_Placeholder_907) for -1 MtxCurrency",6800,3400,3400,0.5,1,2026-09-25T00:00:00Z,2026-10-04T23:59:59.999Z,1,0,-1,MadisonBeer,Madison Beer,194,billboard,Size_4_x_1,,1,Madison Beer Bundle,14,br,EID_MistTycoonLife,Bittersweet,emote,icon,Icon Series,Madison Beer,7,4,2026-09-23T16:31:22Z
2026-09-30,v2:/0a7c4d1c71dc4b42b1aa534145f48a8ba26c98a8943e4f3eccf7d5276edd3ce0,"[VIRTUAL]1 x Make You Mine Madison, 1 x Madison's OG Pickaxe, 1 x Satin Angel Madison, 1 x Madison's Angel Wings, 1 x Mookie & Maple Plushies, 1 x Bittersweet, 1 x Yes Baby, 1 x Madison's Mic, 1 x Madison's Mic, 1 x Madison's Mic, 1 x Madison's Glam Wrap, 1 x Rooftop Madison, 1 x TBD (SID_Placeholder_906), 1 x TBD (SID_Placeholder_907) for -1 MtxCurrency",6800,3400,3400,0.5,1,2026-09-25T00:00:00Z,2026-10-04T23:59:59.999Z,1,0,-1,MadisonBeer,Madison Beer,194,billboard,Size_4_x_1,,1,Madison Beer Bundle,14,br,EID_MistTycoonHike,Yes Baby,emote,icon,Icon Series,Madison Beer,7,4,2026-09-23T16:31:22Z
2026-09-30,v2:/0a7c4d1c71dc4b42b1aa534145f48a8ba26c98a8943e4f3eccf7d5276edd3ce0,"[VIRTUAL]1 x Make You Mine Madison, 1 x Madison's OG Pickaxe, 1 x Satin Angel Madison, 1 x Madison's Angel Wings, 1 x Mookie & Maple Plushies, 1 x Bittersweet, 1 x Yes Baby, 1 x Madison's Mic, 1 x Madison's Mic, 1 x Madison's Mic, 1 x Madison's Glam Wrap, 1 x Rooftop Madison, 1 x TBD (SID_Placeholder_906), 1 x TBD (SID_Placeholder_907) for -1 MtxCurrency",6800,3400,3400,0.5,1,2026-09-25T00:00:00Z,2026-10-04T23:59:59.999Z,1,0,-1,MadisonBeer,Madison Beer,194,billboard,Size_4_x_1,,1,Madison Beer Bundle,14,br,Pickaxe_MistTycoon_Mic,Madison's Mic,pickaxe,icon,Icon Series,Madison Beer,7,4,2026-09-24T13:00:55Z
2026-09-30,v2:/0a7c4d1c71dc4b42b1aa534145f48a8ba26c98a8943e4f3eccf7d5276edd3ce0,"[VIRTUAL]1 x Make You Mine Madison, 1 x Madison's OG Pickaxe, 1 x Satin Angel Madison, 1 x Madison's Angel Wings, 1 x Mookie & Maple Plushies, 1 x Bittersweet, 1 x Yes Baby, 1 x Madison's Mic, 1 x Madison's Mic, 1 x Madison's Mic, 1 x Madison's Glam Wrap, 1 x Rooftop Madison, 1 x TBD (SID_Placeholder_906), 1 x TBD (SID_Placeholder_907) for -1 MtxCurrency",6800,3400,3400,0.5,1,2026-09-25T00:00:00Z,2026-10-04T23:59:59.999Z,1,0,-1,MadisonBeer,Madison Beer,194,billboard,Size_4_x_1,,1,Madison Beer Bundle,14,br,Backpack_MistTycoon_Mic,Madison's Mic,backpack,icon,Icon Series,Madison Beer,7,4,2026-09-24T13:00:55Z
2026-09-30,v2:/0a7c4d1c71dc4b42b1aa534145f48a8ba26c98a8943e4f3eccf7d5276edd3ce0,"[VIRTUAL]1 x Make You Mine Madison, 1 x Madison's OG Pickaxe, 1 x Satin Angel Madison, 1 x Madison's Angel Wings, 1 x Mookie & Maple Plushies, 1 x Bittersweet, 1 x Yes Baby, 1 x Madison's Mic, 1 x Madison's Mic, 1 x Madison's Mic, 1 x Madison's Glam Wrap, 1 x Rooftop Madison, 1 x TBD (SID_Placeholder_906), 1 x TBD (SID_Placeholder_907) for -1 MtxCurrency",6800,3400,3400,0.5,1,2026-09-25T00:00:00Z,2026-10-04T23:59:59.999Z,1,0,-1,MadisonBeer,Madison Beer,194,billboard,Size_4_x_1,,1,Madison Beer Bundle,14,br,Wrap_MistTycoon,Madison's Glam Wrap,wrap,icon,Icon Series,Madison Beer,7,4,2026-09-24T13:00:55Z
2026-09-30,v2:/0a7c4d1c71dc4b42b1aa534145f48a8ba26c98a8943e4f3eccf7d5276edd3ce0,"[VIRTUAL]1 x Make You Mine Madison, 1 x Madison's OG Pickaxe, 1 x Satin Angel Madison, 1 x Madison's Angel Wings, 1 x Mookie & Maple Plushies, 1 x Bittersweet, 1 x Yes Baby, 1 x Madison's Mic, 1 x Madison's Mic, 1 x Madison's Mic, 1 x Madison's Glam Wrap, 1 x Rooftop Madison, 1 x TBD (SID_Placeholder_906), 1 x TBD (SID_Placeholder_907) for -1 MtxCurrency",6800,3400,3400,0.5,1,2026-09-25T00:00:00Z,2026-10-04T23:59:59.999Z,1,0,-1,MadisonBeer,Madison Beer,194,billboard,Size_4_x_1,,1,Madison Beer Bundle,14,br,LoadingScreen_MistTycoonKeyArt,Rooftop Madison,loadingscreen,icon,Icon Series,Madison Beer,7,4,2026-09-24T13:00:55Z
2026-09-30,v2:/0a7c4d1c71dc4b42b1aa534145f48a8ba26c98a8943e4f3eccf7d5276edd3ce0,"[VIRTUAL]1 x Make You Mine Madison, 1 x Madison's OG Pickaxe, 1 x Satin Angel Madison, 1 x Madison's Angel Wings, 1 x Mookie & Maple Plushies, 1 x Bittersweet, 1 x Yes Baby, 1 x Madison's Mic, 1 x Madison's Mic, 1 x Madison's Mic, 1 x Madison's Glam Wrap, 1 x Rooftop Madison, 1 x TBD (SID_Placeholder_906), 1 x TBD (SID_Placeholder_907) for -1 MtxCurrency",6800,3400,3400,0.5,1,2026-09-25T00:00:00Z,2026-10-04T23:59:59.999Z,1,0,-1,MadisonBeer,Madison Beer,194,billboard,Size_4_x_1,,1,Madison Beer Bundle,14,track,sid_placeholder_906,yes baby,,,,,,,2026-09-23T18:01:04Z
2026-09-30,v2:/0a7c4d1c71dc4b42b1aa534145f48a8ba26c98a8943e4f3eccf7d5276edd3ce0,"[VIRTUAL]1 x Make You Mine Madison, 1 x Madison's OG Pickaxe, 1 x Satin Angel Madison, 1 x Madison's Angel Wings, 1 x Mookie & Maple Plushies, 1 x Bittersweet, 1 x Yes Baby, 1 x Madison's Mic, 1 x Madison's Mic, 1 x Madison's Mic, 1 x Madison's Glam Wrap, 1 x Rooftop Madison, 1 x TBD (SID_Placeholder_906), 1 x TBD (SID_Placeholder_907) for -1 MtxCurrency",6800,3400,3400,0.5,1,2026-09-25T00:00:00Z,2026-10-04T23:59:59.999Z,1,0,-1,MadisonBeer,Madison Beer,194,billboard,Size_4_x_1,,1,Madison Beer Bundle,14,track,sid_placeholder_907,bittersweet,,,,,,,2026-09-23T18:01:04Z
2026-09-30,v2:/0a7c4d1c71dc4b42b1aa534145f48a8ba26c98a8943e4f3eccf7d5276edd3ce0,"[VIRTUAL]1 x Make You Mine Madison, 1 x Madison's OG Pickaxe, 1 x Satin Angel Madison, 1 x Madison's Angel Wings, 1 x Mookie & Maple Plushies, 1 x Bittersweet, 1 x Yes Baby, 1 x Madison's Mic, 1 x Madison's Mic, 1 x Madison's Mic, 1 x Madison's Glam Wrap, 1 x Rooftop Madison, 1 x TBD (SID_Placeholder_906), 1 x TBD (SID_Placeholder_907) for -1 MtxCurrency",6800,3400,3400,0.5,1,2026-09-25T00:00:00Z,2026-10-04T23:59:59.999Z,1,0,-1,MadisonBeer,Madison Beer,194,billboard,Size_4_x_1,,1,Madison Beer Bundle,14,instrument,Sparks_MistTycoon_Mic,Madison's Mic,mic,icon,Icon Series,,,,2026-09-24T13:00:55Z
2026-09-30,v2:/f1919886beb07b514ce44663be8067a1c7f250dd28998fa8bb15485c29a66731,[VIRTUAL]1 x Sea-Salt Ice Cream for 400 MtxCurrency,400,400,0,0.0,0,2026-09-17T00:00:00Z,2026-10-01T23:59:59.999Z,1,0,-3,KingdomHearts,Kingdom Hearts,191,tileGrid,Size_1_x_1,,0,,1,br,Backpack_SpireTendFlair,Sea-Salt Ice Cream,backpack,gaminglegends,Gaming Legends Series,Kingdom Hearts,7,4,2026-09-17T08:00:00Z
2026-09-30,v2:/b9a62f7e7b339c78902684b30d060353266d713ff59f374230f0cdc10178a58f,[VIRTUAL]1 x Buckle Up for 500 MtxCurrency,500,500,0,0.0,0,2026-09-30T00:00:00Z,2026-09-30T23:59:59.999Z,1,0,-4,BR093026,Fit Check,185,tileGrid,Size_1_x_1,,0,,1,br,EID_LineDance,Buckle Up,emote,rare,,,2,3,2020-07-21T08:17:24Z
2026-09-30,v2:/2c86449cf109734f382026e4706910da65712fcd74155be353f1120cf16897cc,"[VIRTUAL]1 x Riku, 1 x Soul Eater, 1 x Soul Eater for -1 MtxCurrency",1600,1600,0,0.0,0,2026-09-17T00:00:00Z,2026-10-01T23:59:59.999Z,1,0,-1,KingdomHearts,Kingdom Hearts,191,tileGrid,Size_1_x_1,,0,,3,br,Character_VealCadet,Riku,outfit,gaminglegends,Gaming Legends Series,Kingdom Hearts,7,4,2026-09-17T08:00:00Z
2026-09-30,v2:/2c86449cf109734f382026e4706910da65712fcd74155be353f1120cf16897cc,"[VIRTUAL]1 x Riku, 1 x Soul Eater, 1 x Soul Eater for -1 MtxCurrency",1600,1600,0,0.0,0,2026-09-17T00:00:00Z,2026-10-01T23:59:59.999Z,1,0,-1,KingdomHearts,Kingdom Hearts,191,tileGrid,Size_1_x_1,,0,,3,br,Pickaxe_VealCadet,Soul Eater,pickaxe,gaminglegends,Gaming Legends Series,Kingdom Hearts,7,4,2026-09-17T08:00:00Z
2026-09-30,v2:/2c86449cf109734f382026e4706910da65712fcd74155be353f1120cf16897cc,"[VIRTUAL]1 x Riku, 1 x Soul Eater, 1 x Soul Eater for -1 MtxCurrency",1600,1600,0,0.0,0,2026-09-17T00:00:00Z,2026-10-01T23:59:59.999Z,1,0,-1,KingdomHearts,Kingdom Hearts,191,tileGrid,Size_1_x_1,,0,,3,br,Backpack_VealCadet,Soul Eater,backpack,gaminglegends,Gaming Legends Series,Kingdom Hearts,7,4,2026-09-17T08:00:00Z
2026-09-30,v2:/2477079e9fcbe407fcb45bbe8dd339d6bf0e2ec630d53d763df24f55a3b6205a,"[VIRTUAL]1 x Arpeggio, 1 x Arpeggio, 1 x Arpeggio for 800 MtxCurrency",800,800,0,0.0,0,2026-09-17T00:00:00Z,2026-10-01T23:59:59.999Z,1,0,-1,KingdomHearts,Kingdom Hearts,191,tileGrid,Size_1_x_1,,0,,3,br,Backpack_FaunaPike_Guitar,Arpeggio,backpack,gaminglegends,Gaming Legends Series,Kingdom Hearts,7,4,2026-09-17T08:00:00Z
2026-09-30,v2:/2477079e9fcbe407fcb45bbe8dd339d6bf0e2ec630d53d763df24f55a3b6205a,"[VIRTUAL]1 x Arpeggio, 1 x Arpeggio, 1 x Arpeggio for 800 MtxCurrency",800,800,0,0.0,0,2026-09-17T00:00:00Z,2026-10-01T23:59:59.999Z,1,0,-1,KingdomHearts,Kingdom Hearts,191,tileGrid,Size_1_x_1,,0,,3,br,Pickaxe_FaunaPike_Guitar,Arpeggio,pickaxe,gaminglegends,Gaming Legends Series,Kingdom Hearts,7,4,2026-09-17T08:00:00Z
2026-09-30,v2:/2477079e9fcbe407fcb45bbe8dd339d6bf0e2ec630d53d763df24f55a3b6205a,"[VIRTUAL]1 x Arpeggio, 1 x Arpeggio, 1 x Arpeggio for 800 MtxCurrency",800,800,0,0.0,0,2026-09-17T00:00:00Z,2026-10-01T23:59:59.999Z,1,0,-1,KingdomHearts,Kingdom Hearts,191,tileGrid,Size_1_x_1,,0,,3,instrument,Sparks_FaunaPike_Guitar,Arpeggio,guitar,gaminglegends,Gaming Legends Series,,,,2026-09-17T08:00:00Z
2026-09-30,v2:/79e7ddb6963ef95a6a21c69fb8afa5f8362a5a3216a25c8889584c5def1d5b88,[VIRTUAL]1 x TBD (SID_Placeholder_941) for 500 MtxCurrency,500,500,0,0.0,0,2026-09-25T00:00:00Z,2026-10-01T23:59:59.999Z,1,0,-1,JT092526,Jam Tracks,177,tileGrid,Size_1_x_1,,0,,1,track,sid_placeholder_941,Green Hill Zone: Act 2 - Normal,,,,,,,2026-09-22T14:10:54Z
2026-09-30,v2:/735006270ae2f665a8c9510f55ac2cd2baf97775c6352a73308d2fe718577c6b,"[VIRTUAL]1 x Sea Wolf, 1 x Barrel & Booty for -1 MtxCurrency",1200,1200,0,0.0,0,2026-09-30T00:00:00Z,2026-09-30T23:59:59.999Z,1,0,-2,BR093026,Fit Check,185,tileGrid,Size_1_x_1,,0,,2,br,CID_373_Athena_Commando_M_Pirate01,Sea Wolf,outfit,rare,,Scallywags,1,8,2019-11-20T12:50:04Z
2026-09-30,v2:/735006270ae2f665a8c9510f55ac2cd2baf97775c6352a73308d2fe718577c6b,"[VIRTUAL]1 x Sea Wolf, 1 x Barrel & Booty for -1 MtxCurrency",1200,1200,0,0.0,0,2026-09-30T00:00:00Z,2026-09-30T23:59:59.999Z,1,0,-2,BR093026,Fit Check,185,tileGrid,Size_1_x_1,,0,,2,br,BID_238_Pirate02Male,Barrel & Booty,backpack,rare,,Scallywags,1,8,2019-11-20T12:50:35Z
2026-09-30,v2:/552ec82adf138bf1c3b08a46faacb41216c9f89c20856644f0c3996c217f8df7,[VIRTUAL]1 x Drop It Like It's Hot for 500 MtxCurrency,500,500,0,0.0,0,2026-09-25T00:00:00Z,2026-10-01T23:59:59.999Z,1,0,-1,JT092526,Jam Tracks,177,tileGrid,Size_1_x_1,,0,,1,track,sid_placeholder_387,Drop It Like It's Hot,,,,,,,2024-11-02T06:00:00Z
2026-09-30,v2:/f803a447537d42bbc777ee2795c90411e6726c2c9c0562774366ed9561eb1b68,"[VIRTUAL]1 x Blank, 1 x Blank, 1 x Blank, 1 x Blank, 1 x Blank for -1 MtxCurrency",2000,2000,0,0.0,0,2026-09-17T00:00:00Z,2026-10-01T23:59:59.999Z,1,0,-2,KingdomHearts,Kingdom Hearts,191,tileGrid,Size_2_x_1,,1,KINGDOM HEARTS Gummi Ship,5,car,CarBody_OpticOrange,Gummi Ship,body,common,,,,,2026-09-17T08:00:00Z
2026-09-30,v2:/f803a447537d42bbc777ee2795c90411e6726c2c9c0562774366ed9561eb1b68,"[VIRTUAL]1 x Blank, 1 x Blank, 1 x Blank, 1 x Blank, 1 x Blank for -1 MtxCurrency",2000,2000,0,0.0,0,2026-09-17T00:00:00Z,2026-10-01T23:59:59.999Z,1,0,-2,KingdomHearts,Kingdom Hearts,191,tileGrid,Size_2_x_1,,1,KINGDOM HEARTS Gummi Ship,5,car,CarSkin_OpticOrange01,Classic,skin,uncommon,,,,,2026-09-17T08:00:00Z
2026-09-30,v2:/f803a447537d42bbc777ee2795c90411e6726c2c9c0562774366ed9561eb1b68,"[VIRTUAL]1 x Blank, 1 x Blank, 1 x Blank, 1 x Blank, 1 x Blank for -1 MtxCurrency",2000,2000,0,0.0,0,2026-09-17T00:00:00Z,2026-10-01T23:59:59.999Z,1,0,-2,KingdomHearts,Kingdom Hearts,191,tileGrid,Size_2_x_1,,1,KINGDOM HEARTS Gummi Ship,5,car,CarSkin_OpticOrange02,Magic,skin,uncommon,,,,,2026-09-17T08:00:00Z
2026-09-30,v2:/f803a447537d42bbc777ee2795c90411e6726c2c9c0562774366ed9561eb1b68,"[VIRTUAL]1 x Blank, 1 x Blank, 1 x Blank, 1 x Blank, 1 x Blank for -1 MtxCurrency",2000,2000,0,0.0,0,2026-09-17T00:00:00Z,2026-10-01T23:59:59.999Z,1,0,-2,KingdomHearts,Kingdom Hearts,191,tileGrid,Size_2_x_1,,1,KINGDOM HEARTS Gummi Ship,5,car,CarSkin_OpticOrange03,Heartless,skin,uncommon,,,,,2026-09-17T08:00:00Z
2026-09-30,v2:/f803a447537d42bbc777ee2795c90411e6726c2c9c0562774366ed9561eb1b68,"[VIRTUAL]1 x Blank, 1 x Blank, 1 x Blank, 1 x Blank, 1 x Blank for -1 MtxCurrency",2000,2000,0,0.0,0,2026-09-17T00:00:00Z,2026-10-01T23:59:59.999Z,1,0,-2,KingdomHearts,Kingdom Hearts,191,tileGrid,Size_2_x_1,,1,KINGDOM HEARTS Gummi Ship,5,car,Wheel_OpticOrange01,Gummi Ship,wheel,uncommon,,,,,2026-09-17T08:00:00Z
2026-09-30,v2:/388545934fc11d001cbccd0a843bc611868350cce5b7408545d4894fcf59d03a,[VIRTUAL]1 x Ancient Hunter's Gak-gung for 500 MtxCurrency,500,500,0,0.0,0,2026-09-27T00:00:00Z,2026-10-01T23:59:59.999Z,1,0,-2,Kpop2Newest,KPop Demon Hunters,183,tileGrid,Size_1_x_1,,0,,1,br,Pickaxe_HybridBoot,Ancient Hunter's Gak-gung,pickaxe,icon,Icon Series,KPop Demon Hunters,7,1,2026-02-05T15:01:36Z
2026-09-30,v2:/494a321fb03f438edb50dd700c1650aee48721ae028d9b6a40a187f7c3f7c871,[VIRTUAL]1 x TBD (SID_Placeholder_786) for 500 MtxCurrency,500,500,0,0.0,0,2026-09-01T00:00:00Z,2026-09-30T23:59:59.999Z,1,0,-41,JT092526,Jam Tracks,177,expandableList,Size_1_x_1,,0,,1,track,sid_placeholder_786,NEVER ENOUGH,,,,,,,2026-04-28T14:30:14Z
2026-09-30,v2:/dd930a6e56afdb86b628272b66ccfe1835227185aec7aa862cf360ce741d3f5f,[VIRTUAL]1 x TBD (SID_Placeholder_858) for 500 MtxCurrency,500,500,0,0.0,0,2026-09-19T00:00:00Z,2026-10-02T23:59:59.999Z,1,0,-4,IronMouse2,Ironmouse,189,tileGrid,Size_1_x_1,,0,,1,track,sid_placeholder_858,Cry For Me (Wa Wa Wa),,,,,,,2026-09-16T14:46:03Z
2026-09-30,v2:/c6c0d15db0c320357a429ea8ea4e430bb1b88c50b5b8e425349e4923f5ffea49,"[VIRTUAL]1 x Rick Grimes, 1 x Sheriff's Duffle, 1 x Walker Club, 1 x Crashing Satellite for -1 MtxCurrency",2800,1900,900,0.3214,1,2026-09-27T00:00:00Z,2026-09-30T23:59:59.999Z,1,0,-1,WalkingDead1,The Walking Dead,182,tileGrid,Size_1_x_1,,1,Rick Grimes Bundle,4,br,CID_A_212_Athena_Commando_M_Tomcat_M1Z6G,Rick Grimes,outfit,epic,,Survivors in Arms,2,8,2021-10-10T00:00:00Z
2026-09-30,v2:/c6c0d15db0c320357a429ea8ea4e430bb1b88c50b5b8e425349e4923f5ffea49,"[VIRTUAL]1 x Rick Grimes, 1 x Sheriff's Duffle, 1 x Walker Club, 1 x Crashing Satellite for -1 MtxCurrency",2800,1900,900,0.3214,1,2026-09-27T00:00:00Z,2026-09-30T23:59:59.999Z,1,0,-1,WalkingDead1,The Walking Dead,182,tileGrid,Size_1_x_1,,1,Rick Grimes Bundle,4,br,BID_863_Tomcat_5V2TZ,Sheriff's Duffle,backpack,epic,,Survivors in Arms,2,8,2021-10-10T00:00:00Z
2026-09-30,v2:/c6c0d15db0c320357a429ea8ea4e430bb1b88c50b5b8e425349e4923f5ffea49,"[VIRTUAL]1 x Rick Grimes, 1 x Sheriff's Duffle, 1 x Walker Club, 1 x Crashing Satellite for -1 MtxCurrency",2800,1900,900,0.3214,1,2026-09-27T00:00:00Z,2026-09-30T23:59:59.999Z,1,0,-1,WalkingDead1,The Walking Dead,182,tileGrid,Size_1_x_1,,1,Rick Grimes Bundle,4,br,Pickaxe_ID_680_TomcatMale_LOSMX,Walker Club,pickaxe,uncommon,,Survivors in Arms,2,8,2021-10-10T00:00:00Z
2026-09-30,v2:/c6c0d15db0c320357a429ea8ea4e430bb1b88c50b5b8e425349e4923f5ffea49,"[VIRTUAL]1 x Rick Grimes, 1 x Sheriff's Duffle, 1 x Walker Club, 1 x Crashing Satellite for -1 MtxCurrency",2800,1900,900,0.3214,1,2026-09-27T00:00:00Z,2026-09-30T23:59:59.999Z,1,0,-1,WalkingDead1,The Walking Dead,182,tileGrid,Size_1_x_1,,1,Rick Grimes Bundle,4,br,Glider_ID_318_Wombat_1MQMN,Crashing Satellite,glider,rare,,Survivors in Arms,2,8,2021-10-10T00:00:00Z
2026-09-30,v2:/3994998dfeb9b2623d8b42d0297242d36332a036a5157282ce9d20b91f18b630,[VIRTUAL]1 x Stun Rod for 800 MtxCurrency,800,800,0,0.0,0,2026-09-26T00:00:00Z,2026-10-03T23:59:59.999Z,1,0,-4,ResidentEvil,Resident Evil,195,tileGrid,Size_1_x_1,,0,,1,br,Pickaxe_ID_691_RelishMale_FVCA7,Stun Rod,pickaxe,gaminglegends,Gaming Legends Series,S.T.A.R.S. Team,2,8,2021-10-24T00:00:00Z
2026-09-30,v2:/2b03290010d6bcb073b2741d8cc5b0258dc9a0241298d8f0bd0b7e969111d396,[VIRTUAL]1 x FUTW for 500 MtxCurrency,500,500,0,0.0,0,2026-09-26T00:00:00Z,2026-09-30T23:59:59.999Z,1,0,-2,MTVVMA,Main Stage Moment,179,tileGrid,Size_1_x_1,,0,,1,br,EID_ChimeCurlCorn,FUTW,emote,icon,Icon Series,LISA,7,1,2025-11-29T19:00:00Z
2026-09-30,v2:/bce863907a0e9aff8bb5fc29cbad75831b20dffe1b568b17841b7486678d6a9d,[VIRTUAL]1 x Oxytocin for 500 MtxCurrency,500,500,0,0.0,0,2026-09-01T00:00:00Z,2026-09-30T23:59:59.999Z,1,0,-49,JT092526,Jam Tracks,177,expandableList,Size_1_x_1,,0,,1,track,sid_placeholder_174,Oxytocin,,,,,,,2024-04-23T08:25:19Z
2026-09-30,v2:/4bb5ee7c0263532a044136553051c78c4807ba986a4f591ead72bf9e88dc5dda,"[VIRTUAL]1 x Blank, 1 x Blank, 1 x Blank, 1 x Blank, 1 x Blank for -1 MtxCurrency",2400,2400,0,0.0,0,2026-09-26T00:00:00Z,2026-10-05T23:59:59.999Z,1,0,-1,Persona5,Persona 5 Royal,193,tileGrid,Size_3_x_1,,1,Mona Car,5,car,CarBody_UmbraGenesis,Mona Car,body,uncommon,,,,,2026-09-25T13:00:42Z
2026-09-30,v2:/4bb5ee7c0263532a044136553051c78c4807ba986a4f591ead72bf9e88dc5dda,"[VIRTUAL]1 x Blank, 1 x Blank, 1 x Blank, 1 x Blank, 1 x Blank for -1 MtxCurrency",2400,2400,0,0.0,0,2026-09-26T00:00:00Z,2026-10-05T23:59:59.999Z,1,0,-1,Persona5,Persona 5 Royal,193,tileGrid,Size_3_x_1,,1,Mona Car,5,car,CarSkin_UmbraGenesis01,Mona Car,skin,uncommon,,,,,2026-09-25T13:00:42Z
2026-09-30,v2:/4bb5ee7c0263532a044136553051c78c4807ba986a4f591ead72bf9e88dc5dda,"[VIRTUAL]1 x Blank, 1 x Blank, 1 x Blank, 1 x Blank, 1 x Blank for -1 MtxCurrency",2400,2400,0,0.0,0,2026-09-26T00:00:00Z,2026-10-05T23:59:59.999Z,1,0,-1,Persona5,Persona 5 Royal,193,tileGrid,Size_3_x_1,,1,Mona Car,5,car,CarSkin_Umbragenesis02,Joker (P5R),skin,uncommon,,,,,2026-09-25T13:00:42Z
2026-09-30,v2:/4bb5ee7c0263532a044136553051c78c4807ba986a4f591ead72bf9e88dc5dda,"[VIRTUAL]1 x Blank, 1 x Blank, 1 x Blank, 1 x Blank, 1 x Blank for -1 MtxCurrency",2400,2400,0,0.0,0,2026-09-26T00:00:00Z,2026-10-05T23:59:59.999Z,1,0,-1,Persona5,Persona 5 Royal,193,tileGrid,Size_3_x_1,,1,Mona Car,5,car,CarSkin_UmbraGenesis03,Panther (P5R),skin,uncommon,,,,,2026-09-25T13:00:42Z
2026-09-30,v2:/4bb5ee7c0263532a044136553051c78c4807ba986a4f591ead72bf9e88dc5dda,"[VIRTUAL]1 x Blank, 1 x Blank, 1 x Blank, 1 x Blank, 1 x Blank for -1 MtxCurrency",2400,2400,0,0.0,0,2026-09-26T00:00:00Z,2026-10-05T23:59:59.999Z,1,0,-1,Persona5,Persona 5 Royal,193,tileGrid,Size_3_x_1,,1,Mona Car,5,car,Wheel_UmbraGenesis01,Mona Car,wheel,uncommon,,,,,2026-09-25T13:00:42Z
2026-09-30,v2:/e9ffe7a082ad112d5bedc9065f4cb344fe59055581e1d5331346353b95d1107e,[VIRTUAL]1 x CHIHIRO for 500 MtxCurrency,500,500,0,0.0,0,2026-09-01T00:00:00Z,2026-09-30T23:59:59.999Z,1,0,-54,JT092526,Jam Tracks,177,expandableList,Size_1_x_1,,0,,1,track,sid_placeholder_218,CHIHIRO,,,,,,,2024-05-17T18:21:48Z
2026-09-30,v2:/3efeaf56535ec2ea557de807d8cc8c3378821ac551846dca00e6f2df9262a3af,"[VIRTUAL]1 x Panther (P5R), 1 x Carmen's Heart, 1 x Carmen's Heart Flail for -1 MtxCurrency",1800,1800,0,0.0,0,2026-09-26T00:00:00Z,2026-10-05T23:59:59.999Z,1,0,-1,Persona5,Persona 5 Royal,193,tileGrid,Size_2_x_1,,0,,3,br,Character_DebitScent,Panther (P5R),outfit,gaminglegends,Gaming Legends Series,Persona 5 Royal,7,4,2026-09-25T13:00:42Z
2026-09-30,v2:/3efeaf56535ec2ea557de807d8cc8c3378821ac551846dca00e6f2df9262a3af,"[VIRTUAL]1 x Panther (P5R), 1 x Carmen's Heart, 1 x Carmen's Heart Flail for -1 MtxCurrency",1800,1800,0,0.0,0,2026-09-26T00:00:00Z,2026-10-05T23:59:59.999Z,1,0,-1,Persona5,Persona 5 Royal,193,tileGrid,Size_2_x_1,,0,,3,br,Backpack_DebitScent,Carmen's Heart,backpack,gaminglegends,Gaming Legends Series,Persona 5 Royal,7,4,2026-09-25T13:00:42Z
2026-09-30,v2:/3efeaf56535ec2ea557de807d8cc8c3378821ac551846dca00e6f2df9262a3af,"[VIRTUAL]1 x Panther (P5R), 1 x Carmen's Heart, 1 x Carmen's Heart Flail for -1 MtxCurrency",1800,1800,0,0.0,0,2026-09-26T00:00:00Z,2026-10-05T23:59:59.999Z,1,0,-1,Persona5,Persona 5 Royal,193,tileGrid,Size_2_x_1,,0,,3,br,Pickaxe_DebitScent,Carmen's Heart Flail,pickaxe,gaminglegends,Gaming Legends Series,Persona 5 Royal,7,4,2026-09-25T13:00:42Z
2026-09-30,v2:/a0a31a83b79adbb9198fae98d72198f4b1e243b1f2b6ce3e3f27ae9fde9b4ce9,[VIRTUAL]1 x Carmen's Heart for 300 MtxCurrency,300,300,0,0.0,0,2026-09-26T00:00:00Z,2026-10-05T23:59:59.999Z,1,0,-2,Persona5,Persona 5 Royal,193,tileGrid,Size_1_x_1,,0,,1,br,Backpack_DebitScent,Carmen's Heart,backpack,gaminglegends,Gaming Legends Series,Persona 5 Royal,7,4,2026-09-25T13:00:42Z
2026-09-30,v2:/4ef37d2afeb2f3947e4b942715bb85def46ef96df9a2d11517c9a136b09b8a41,"[VIRTUAL]1 x Ariana Grande, 1 x Piggy Smallz for -1 MtxCurrency",2000,2000,0,0.0,0,2026-09-26T00:00:00Z,2026-09-30T23:59:59.999Z,1,0,-3,MTVVMA,Main Stage Moment,179,tileGrid,Size_1_x_1,,0,,2,br,CID_A_158_Athena_Commando_F_Buffet_YC20H,Ariana Grande,outfit,icon,Icon Series,Ariana Grande,2,7,2021-08-04T18:02:52Z
2026-09-30,v2:/4ef37d2afeb2f3947e4b942715bb85def46ef96df9a2d11517c9a136b09b8a41,"[VIRTUAL]1 x Ariana Grande, 1 x Piggy Smallz for -1 MtxCurrency",2000,2000,0,0.0,0,2026-09-26T00:00:00Z,2026-09-30T23:59:59.999Z,1,0,-3,MTVVMA,Main Stage Moment,179,tileGrid,Size_1_x_1,,0,,2,br,BID_818_Buffet_XRF7H,Piggy Smallz,backpack,icon,Icon Series,Ariana Grande,2,7,2021-08-04T18:02:52Z
2026-09-30,v2:/e6e9711971284adaba42ebed062ad3da7a369a1e5d60d6d7477e246ec3bcb00f,[VIRTUAL]1 x The Best Cat for 1200 MtxCurrency,1200,1200,0,0.0,0,2026-09-29T00:00:00Z,2026-10-05T23:59:59.999Z,1,0,-3,BR093026,Fit Check,185,tileGrid,Size_1_x_1,This Sidekick includes quests that unlock new items upon completion!,0,,1,br,Companion_FlourCut,The Best Cat,sidekick,uncommon,,Feline Friend,7,1,2025-11-29T20:57:37Z
