shop_date,offer_id,dev_name,regular_price,final_price,discount_vbucks,discount_pct,is_discounted,in_date,out_date,giftable,refundable,sort_priority,layout_id,layout_name,layout_rank,layout_display_type,tile_size,offer_tag,is_bundle,bundle_name,items_in_offer,item_kind,item_id,item_name,item_type,item_rarity,item_series,item_set,item_intro_chapter,item_intro_season,item_added
2026-10-01,v2:/204c0cba89da59faecc0d7eb801fc4a359745c83bd44360dee22b3da8be49b66,[VIRTUAL]1 x TBD (SID_Placeholder_906) for 500 MtxCurrency,500,500,0,0.0,0,2026-09-25T00:00:00Z,2026-10-04T23:59:59.999Z,1,0,-3,MadisonBeer,Madison Beer,194,tileGrid,Size_1_x_1,,0,,1,track,sid_placeholder_906,yes baby,,,,,,,2026-09-23T18:01:04Z
2026-10-01,v2:/7cef34c6eb89af4cbcd71a2fa0cf3c330c11e4627b565c9e6cdf84c92b8963f7,"[VIRTUAL]1 x Leon S. Kennedy, 1 x Attaché Case, 1 x Claire Redfield, 1 x R.P.D. Keys, 1 x Leon's Combat Knife, 1 x Umbrella Parasol for -1 MtxCurrency",4000,2100,1900,0.475,1,2026-09-26T00:00:00Z,2026-10-03T23:59:59.999Z,1,0,-1,ResidentEvil,Resident Evil,190,tileGrid,Size_2_x_1,,1,Raccoon City Survivors Bundle,6,br,Character_FallValleyBlink,Leon S. Kennedy,outfit,gaminglegends,Gaming Legends Series,Raccoon City Survivors,4,2,2023-03-17T00:00:00Z
2026-10-01,v2:/7cef34c6eb89af4cbcd71a2fa0cf3c330c11e4627b565c9e6cdf84c92b8963f7,"[VIRTUAL]1 x Leon S. Kennedy, 1 x Attaché Case, 1 x Claire Redfield, 1 x R.P.D. Keys, 1 x Leon's Combat Knife, 1 x Umbrella Parasol for -1 MtxCurrency",4000,2100,1900,0.475,1,2026-09-26T00:00:00Z,2026-10-03T23:59:59.999Z,1,0,-1,ResidentEvil,Resident Evil,190,tileGrid,Size_2_x_1,,1,Raccoon City Survivors Bundle,6,br,Backpack_FallValleyBlink,Attaché Case,backpack,gaminglegends,Gaming Legends Series,Raccoon City Survivors,4,2,2023-03-17T00:00:00Z
2026-10-01,v2:/7cef34c6eb89af4cbcd71a2fa0cf3c330c11e4627b565c9e6cdf84c92b8963f7,"[VIRTUAL]1 x Leon S. Kennedy, 1 x Attaché Case, 1 x Claire Redfield, 1 x R.P.D. Keys, 1 x Leon's Combat Knife, 1 x Umbrella Parasol for -1 MtxCurrency",4000,2100,1900,0.475,1,2026-09-26T00:00:00Z,2026-10-03T23:59:59.999Z,1,0,-1,ResidentEvil,Resident Evil,190,tileGrid,Size_2_x_1,,1,Raccoon City Survivors Bundle,6,br,Character_FallValleyCharge,Claire Redfield,outfit,gaminglegends,Gaming Legends Series,Raccoon City Survivors,4,2,2023-03-17T00:00:00Z
2026-10-01,v2:/7cef34c6eb89af4cbcd71a2fa0cf3c330c11e4627b565c9e6cdf84c92b8963f7,"[VIRTUAL]1 x Leon S. Kennedy, 1 x Attaché Case, 1 x Claire Redfield, 1 x R.P.D. Keys, 1 x Leon's Combat Knife, 1 x Umbrella Parasol for -1 MtxCurrency",4000,2100,1900,0.475,1,2026-09-26T00:00:00Z,2026-10-03T23:59:59.999Z,1,0,-1,ResidentEvil,Resident Evil,190,tileGrid,Size_2_x_1,,1,Raccoon City Survivors Bundle,6,br,Backpack_FallValleyCharge,R.P.D. Keys,backpack,gaminglegends,Gaming Legends Series,Raccoon City Survivors,4,2,2023-03-17T00:00:00Z
2026-10-01,v2:/7cef34c6eb89af4cbcd71a2fa0cf3c330c11e4627b565c9e6cdf84c92b8963f7,"[VIRTUAL]1 x Leon S. Kennedy, 1 x Attaché Case, 1 x Claire Redfield, 1 x R.P.D. Keys, 1 x Leon's Combat Knife, 1 x Umbrella Parasol for -1 MtxCurrency",4000,2100,1900,0.475,1,2026-09-26T00:00:00Z,2026-10-03T23:59:59.999Z,1,0,-1,ResidentEvil,Resident Evil,190,tileGrid,Size_2_x_1,,1,Raccoon City Survivors Bundle,6,br,Pickaxe_FallValleyBlink,Leon's Combat Knife,pickaxe,gaminglegends,Gaming Legends Series,Raccoon City Survivors,4,2,2023-03-17T00:00:00Z
2026-10-01,v2:/7cef34c6eb89af4cbcd71a2fa0cf3c330c11e4627b565c9e6cdf84c92b8963f7,"[VIRTUAL]1 x Leon S. Kennedy, 1 x Attaché Case, 1 x Claire Redfield, 1 x R.P.D. Keys, 1 x Leon's Combat Knife, 1 x Umbrella Parasol for -1 MtxCurrency",4000,2100,1900,0.475,1,2026-09-26T00:00:00Z,2026-10-03T23:59:59.999Z,1,0,-1,ResidentEvil,Resident Evil,190,tileGrid,Size_2_x_1,,1,Raccoon City Survivors Bundle,6,br,Pickaxe_FallValleyCharge,Umbrella Parasol,pickaxe,gaminglegends,Gaming Legends Series,Raccoon City Survivors,4,2,2023-03-17T00:00:00Z
2026-10-01,v2:/f10768d83d921433905b6bf63a84a73a8ef865b73c079102592e4d49bc65372a,"[VIRTUAL]1 x Depth Dealer, 1 x Wavepiercer for -1 MtxCurrency",1200,1200,0,0.0,0,2026-09-28T00:00:00Z,2026-10-01T23:59:59.999Z,1,0,-4,BR100126,Fit Check,185,tileGrid,Size_1_x_1,,0,,2,br,CID_622_Athena_Commando_M_BulletBlue,Depth Dealer,outfit,rare,,Open Water,2,1,2019-11-20T12:51:18Z
2026-10-01,v2:/f10768d83d921433905b6bf63a84a73a8ef865b73c079102592e4d49bc65372a,"[VIRTUAL]1 x Depth Dealer, 1 x Wavepiercer for -1 MtxCurrency",1200,1200,0,0.0,0,2026-09-28T00:00:00Z,2026-10-01T23:59:59.999Z,1,0,-4,BR100126,Fit Check,185,tileGrid,Size_1_x_1,,0,,2,br,BID_418_BulletBlueMale,Wavepiercer,backpack,rare,,Open Water,2,1,2019-11-20T12:51:15Z
2026-10-01,v2:/489c8201d2b2352fc1d2079c1da9ce12d49f6f8e752dfd5cfa5eca00b6ecf22c,"[VIRTUAL]1 x Golden Rumi, 1 x Kimbap To Go for -1 MtxCurrency",1500,1500,0,0.0,0,2026-09-27T00:00:00Z,2026-10-01T23:59:59.999Z,1,0,-2,Kpop2Newest,KPop Demon Hunters,183,tileGrid,Size_1_x_1,,1,Golden Rumi,2,br,Character_TurnVortex,Golden Rumi,outfit,icon,Icon Series,KPop Demon Hunters,7,1,2026-02-05T15:01:36Z
2026-10-01,v2:/489c8201d2b2352fc1d2079c1da9ce12d49f6f8e752dfd5cfa5eca00b6ecf22c,"[VIRTUAL]1 x Golden Rumi, 1 x Kimbap To Go for -1 MtxCurrency",1500,1500,0,0.0,0,2026-09-27T00:00:00Z,2026-10-01T23:59:59.999Z,1,0,-2,Kpop2Newest,KPop Demon Hunters,183,tileGrid,Size_1_x_1,,1,Golden Rumi,2,br,Backpack_TurnVortex,Kimbap To Go,backpack,icon,Icon Series,KPop Demon Hunters,7,1,2026-02-05T15:01:36Z
2026-10-01,v2:/610a3addc2c5600ef1aee02dc570734195c057ce115d9f7af2347c190ad75471,"[VIRTUAL]1 x Peregrine TT, 1 x Peregrine TT, 1 x Peregrine TT, 1 x Peregrine TT, 1 x Peregrine TT, 1 x Peregrine TT, 1 x Peregrine TT, 1 x Peregrine TT, 1 x Peregrine TT, 1 x Peregrine TT, 1 x Peregrine TT, 1 x Peregrine TT, 1 x Peregrine TT, 1 x Flames, 1 x Lightning, 1 x Stripes, 1 x Wings for -1 MtxCurrency",1500,1500,0,0.0,0,2026-09-30T00:00:00Z,2026-10-06T23:59:59.999Z,1,0,-1,Peregrine,Peregrine TT,178,tileGrid,Size_3_x_1,Decals in this bundle are restricted to the Peregrine TT car body.,1,Peregrine TT,4,car,CarSkin_SharkFlames,Flames,skin,uncommon,,,,,2024-07-23T08:00:00Z
2026-10-01,v2:/610a3addc2c5600ef1aee02dc570734195c057ce115d9f7af2347c190ad75471,"[VIRTUAL]1 x Peregrine TT, 1 x Peregrine TT, 1 x Peregrine TT, 1 x Peregrine TT, 1 x Peregrine TT, 1 x Peregrine TT, 1 x Peregrine TT, 1 x Peregrine TT, 1 x Peregrine TT, 1 x Peregrine TT, 1 x Peregrine TT, 1 x Peregrine TT, 1 x Peregrine TT, 1 x Flames, 1 x Lightning, 1 x Stripes, 1 x Wings for -1 MtxCurrency",1500,1500,0,0.0,0,2026-09-30T00:00:00Z,2026-10-06T23:59:59.999Z,1,0,-1,Peregrine,Peregrine TT,178,tileGrid,Size_3_x_1,Decals in this bundle are restricted to the Peregrine TT car body.,1,Peregrine TT,4,car,CarSkin_SharkLightning,Lightning,skin,uncommon,,,,,2024-07-23T08:00:00Z
2026-10-01,v2:/610a3addc2c5600ef1aee02dc570734195c057ce115d9f7af2347c190ad75471,"[VIRTUAL]1 x Peregrine TT, 1 x Peregrine TT, 1 x Peregrine TT, 1 x Peregrine TT, 1 x Peregrine TT, 1 x Peregrine TT, 1 x Peregrine TT, 1 x Peregrine TT, 1 x Peregrine TT, 1 x Peregrine TT, 1 x Peregrine TT, 1 x Peregrine TT, 1 x Peregrine TT, 1 x Flames, 1 x Lightning, 1 x Stripes, 1 x Wings for -1 MtxCurrency",1500,1500,0,0.0,0,2026-09-30T00:00:00Z,2026-10-06T23:59:59.999Z,1,0,-1,Peregrine,Peregrine TT,178,tileGrid,Size_3_x_1,Decals in this bundle are restricted to the Peregrine TT car body.,1,Peregrine TT,4,car,CarSkin_SharkStripes,Stripes,skin,uncommon,,,,,2024-07-23T08:00:00Z
2026-10-01,v2:/610a3addc2c5600ef1aee02dc570734195c057ce115d9f7af2347c190ad75471,"[VIRTUAL]1 x Peregrine TT, 1 x Peregrine TT, 1 x Peregrine TT, 1 x Peregrine TT, 1 x Peregrine TT, 1 x Peregrine TT, 1 x Peregrine TT, 1 x Peregrine TT, 1 x Peregrine TT, 1 x Peregrine TT, 1 x Peregrine TT, 1 x Peregrine TT, 1 x Peregrine TT, 1 x Flames, 1 x Lightning, 1 x Stripes, 1 x Wings for -1 MtxCurrency",1500,1500,0,0.0,0,2026-09-30T00:00:00Z,2026-10-06T23:59:59.999Z,1,0,-1,Peregrine,Peregrine TT,178,tileGrid,Size_3_x_1,Decals in this bundle are restricted to the Peregrine TT car body.,1,Peregrine TT,4,car,CarSkin_SharkWings,Wings,skin,uncommon,,,,,2024-07-23T08:00:00Z
2026-10-01,v2:/393ac18cf5f93fd91509b177563d27f3bccfb5fb8834a5fbb2527702a456f1e0,[VIRTUAL]1 x Robbery for 500 MtxCurrency,500,500,0,0.0,0,2026-10-01T00:00:00Z,2026-10-31T23:59:59.999Z,1,0,-68,JT100126,Jam Tracks,179,expandableList,Size_1_x_1,,0,,1,track,sid_placeholder_394,Robbery,,,,,,,2024-11-02T07:02:33Z
2026-10-01,v2:/8ab2563fa65a60d31f68435f054063bf6b666632da3c342f3e509bba77d0c9e6,[VIRTUAL]1 x Eh Crown for 800 MtxCurrency,800,800,0,0.0,0,2026-10-01T00:00:00Z,2026-10-03T23:59:59.999Z,1,0,-1,NickEh30noicon,Nick Eh 30,197,tileGrid,Size_1_x_1,,0,,1,br,Pickaxe_WeaveHarbor,Eh Crown,pickaxe,icon,Icon Series,Nick Eh 30,5,3,2024-06-15T20:50:31Z
2026-10-01,v2:/54d4115c24eeba8590d6075b0fb190bbf3f1be997213371bf5cd82a52e04ba1d,[VIRTUAL]1 x TBD (SID_Placeholder_854) for 500 MtxCurrency,500,500,0,0.0,0,2026-09-19T00:00:00Z,2026-10-02T23:59:59.999Z,1,0,-3,IronMouse2,Ironmouse,189,tileGrid,Size_1_x_1,,0,,1,track,sid_placeholder_854,Hell Again,,,,,,,2026-09-16T14:47:03Z
2026-10-01,v2:/e2832c03c482476595d95ff316d8c0c7d235ef9173dad9d7807aedc6d3d0fc0e,[VIRTUAL]1 x Zenia for 800 MtxCurrency,800,800,0,0.0,0,2026-09-29T00:00:00Z,2026-10-05T23:59:59.999Z,1,0,-2,BR100126,Fit Check,185,tileGrid,Size_1_x_1,,0,,1,br,Character_PlaidCarbon,Zenia,outfit,epic,,Rebel Rider,6,2,2025-04-08T08:41:18Z
2026-10-01,v2:/62e59d586b061c21d7bbb7f75fd4b3da0fc150f1736a5dc4a83c87a3f280015a,[VIRTUAL]1 x Madison's OG Pickaxe for 500 MtxCurrency,500,500,0,0.0,0,2026-09-25T00:00:00Z,2026-10-04T23:59:59.999Z,1,0,-4,MadisonBeer,Madison Beer,194,tileGrid,Size_1_x_1,,0,,1,br,Pickaxe_MistTycoonHike,Madison's OG Pickaxe,pickaxe,icon,Icon Series,Madison Beer,7,4,2026-09-24T13:00:55Z
2026-10-01,v2:/fc8d202ac787bb235912e7013acec66a3724088a5de6f96adcd9e84774dc886d,[VIRTUAL]1 x Empty Out Your Pockets for 500 MtxCurrency,500,500,0,0.0,0,2026-09-25T00:00:00Z,2026-10-01T23:59:59.999Z,1,0,-1,JT100126,Jam Tracks,179,tileGrid,Size_1_x_1,,0,,1,track,sid_placeholder_435,Empty Out Your Pockets,,,,,,,2024-12-01T00:00:00Z
2026-10-01,v2:/d389e4ff0805c1b6c7c7accfd50ba307ea8cabae756eb864b6c9d8c4956f21d7,[VIRTUAL]1 x Beautiful for 500 MtxCurrency,500,500,0,0.0,0,2026-10-01T00:00:00Z,2026-10-31T23:59:59.999Z,1,0,-50,JT100126,Jam Tracks,179,expandableList,Size_1_x_1,,0,,1,track,sid_placeholder_396,Beautiful,,,,,,,2024-11-02T06:00:00Z
2026-10-01,v2:/6f7d743a7d05de6615228bd9ea80cae64e6d1d70129b58f170ce6a31318c58bf,[VIRTUAL]1 x Centuries for 500 MtxCurrency,500,500,0,0.0,0,2026-10-01T00:00:00Z,2026-10-31T23:59:59.999Z,1,0,-36,JT100126,Jam Tracks,179,expandableList,Size_1_x_1,,0,,1,track,sid_placeholder_398,Centuries,,,,,,,2024-12-26T14:34:39Z
2026-10-01,v2:/c77e4c13f565ce2cbea5f97998d7e5b9c7b37a7433e64126f92e79cb12278d8b,[VIRTUAL]1 x Born This Way for 500 MtxCurrency,500,500,0,0.0,0,2026-10-01T00:00:00Z,2026-10-31T23:59:59.999Z,1,0,-62,JT100126,Jam Tracks,179,expandableList,Size_1_x_1,,0,,1,track,sid_placeholder_126,Born This Way,,,,,,,2024-02-22T09:00:00Z
2026-10-01,v2:/57ec7e29cf071574d8a6ae89ab678a50d0c33b35c982a2100bafa42072acdb1e,[VIRTUAL]1 x TBD (SID_Placeholder_579) for 500 MtxCurrency,500,500,0,0.0,0,2026-10-01T00:00:00Z,2026-10-31T23:59:59.999Z,1,0,-21,JT100126,Jam Tracks,179,expandableList,Size_1_x_1,,0,,1,track,sid_placeholder_579,Seven,,,,,,,2025-06-10T17:01:18Z
2026-10-01,v2:/1a7a91f69bcca6df02ce04d8bce14a21951433813d1cfc896232b79a5c698cfa,[VIRTUAL]1 x R.P.D. Keys for 300 MtxCurrency,300,300,0,0.0,0,2026-09-26T00:00:00Z,2026-10-03T23:59:59.999Z,1,0,-1,,,,,Size_2_x_1,,0,,1,br,Backpack_FallValleyCharge,R.P.D. Keys,backpack,gaminglegends,Gaming Legends Series,Raccoon City Survivors,4,2,2023-03-17T00:00:00Z
2026-10-01,v2:/38f7dbdfd9d9ecde39d9222d7cde00d76f46215e7147e74664356d37e2eb7d51,[VIRTUAL]1 x TBD (SID_Placeholder_689) for 500 MtxCurrency,500,500,0,0.0,0,2026-09-25T00:00:00Z,2026-10-01T23:59:59.999Z,1,0,-2,JT100126,Jam Tracks,179,tileGrid,Size_1_x_1,,0,,1,track,sid_placeholder_689,Shelter,,,,,,,2025-10-21T23:05:44Z
2026-10-01,v2:/d128ee91ebac6c30168e0a762e74a86fe6ee3a8f3391a7c947b248c32ee6121e,"[VIRTUAL]1 x Claire Redfield, 1 x R.P.D. Keys for -1 MtxCurrency",1500,1500,0,0.0,0,2026-09-26T00:00:00Z,2026-10-03T23:59:59.999Z,1,0,-3,ResidentEvil,Resident Evil,190,tileGrid,Size_1_x_1,,0,,2,br,Character_FallValleyCharge,Claire Redfield,outfit,gaminglegends,Gaming Legends Series,Raccoon City Survivors,4,2,2023-03-17T00:00:00Z
2026-10-01,v2:/d128ee91ebac6c30168e0a762e74a86fe6ee3a8f3391a7c947b248c32ee6121e,"[VIRTUAL]1 x Claire Redfield, 1 x R.P.D. Keys for -1 MtxCurrency",1500,1500,0,0.0,0,2026-09-26T00:00:00Z,2026-10-03T23:59:59.999Z,1,0,-3,ResidentEvil,Resident Evil,190,tileGrid,Size_1_x_1,,0,,2,br,Backpack_FallValleyCharge,R.P.D. Keys,backpack,gaminglegends,Gaming Legends Series,Raccoon City Survivors,4,2,2023-03-17T00:00:00Z
2026-10-01,v2:/1bdd91f1a9c077ed8649b30abd884837445cb00a5dc4f1e268d362355bb1e343,[VIRTUAL]1 x Beggin' for 500 MtxCurrency,500,500,0,0.0,0,2026-10-01T00:00:00Z,2026-10-31T23:59:59.999Z,1,0,-35,JT100126,Jam Tracks,179,expandableList,Size_1_x_1,,0,,1,track,sid_placeholder_212,Beggin',,,,,,,2024-05-30T13:49:50Z
2026-10-01,v2:/113470101a3fdb460292d2a0e3572e5b64df33bfceb0fe1b00556fb7dd8a3aeb,[VIRTUAL]1 x Cantina Band for 500 MtxCurrency,500,500,0,0.0,0,2026-09-25T00:00:00Z,2026-10-01T23:59:59.999Z,1,0,-4,JT100126,Jam Tracks,179,tileGrid,Size_1_x_1,,0,,1,track,sid_placeholder_198,Cantina Band,,,,,,,2024-05-01T16:44:28Z
2026-10-01,v2:/ed7ceee66ac053d63febf795e11c31bc57f1a252526edce56456f820c6689c2b,[VIRTUAL]1 x Green Herb for 400 MtxCurrency,400,400,0,0.0,0,2026-09-26T00:00:00Z,2026-10-03T23:59:59.999Z,1,0,-2,,,,,Size_2_x_1,,0,,1,br,BID_873_RelishMale_0Q8D9,Green Herb,backpack,gaminglegends,Gaming Legends Series,S.T.A.R.S. Team,2,8,2021-10-24T00:00:00Z
2026-10-01,v2:/8e615ab371edf4a191a1508b49caf512bb2555b834c6ac079173d6192ec6bbec,[VIRTUAL]1 x Isaac for 600 MtxCurrency,600,600,0,0.0,0,2026-09-29T00:00:00Z,2026-10-02T23:59:59.999Z,1,0,-2,TheBindingofIsaac,The Binding of Isaac,184,tileGrid,Size_1_x_1,Isaac cries when you receive damage and gets excited when you open chests!,0,,1,br,Backpack_BasketSuburb,Isaac,backpack,gaminglegends,Gaming Legends Series,Isaac Unbound,6,5,2025-09-12T00:00:00Z
2026-10-01,v2:/187fa8921b3de37d998adbcfaa5cde7fb85c81053390d3ed5c84478acb4a625d,"[VIRTUAL]1 x Nitebeam, 1 x Lumi Core Red for -1 MtxCurrency",1500,1500,0,0.0,0,2026-09-29T00:00:00Z,2026-10-05T23:59:59.999Z,1,0,-4,BR100126,Fit Check,185,tileGrid,Size_1_x_1,,0,,2,br,CID_453_Athena_Commando_F_GlowBro,Nitebeam,outfit,epic,,Stormlight,1,9,2019-11-20T12:49:57Z
2026-10-01,v2:/187fa8921b3de37d998adbcfaa5cde7fb85c81053390d3ed5c84478acb4a625d,"[VIRTUAL]1 x Nitebeam, 1 x Lumi Core Red for -1 MtxCurrency",1500,1500,0,0.0,0,2026-09-29T00:00:00Z,2026-10-05T23:59:59.999Z,1,0,-4,BR100126,Fit Check,185,tileGrid,Size_1_x_1,,0,,2,br,BID_293_GlowBroFemale,Lumi Core Red,backpack,epic,,Stormlight,1,9,2019-11-20T12:50:33Z
2026-10-01,v2:/b179724686942cdfdb4cb13ed92b44da61c1ecbed1957d12be6b704840b3016b,"[VIRTUAL]1 x Phantom Thieves Guitar, 1 x Phantom Thieves Guitar, 1 x Phantom Thieves Guitar for 800 MtxCurrency",800,800,0,0.0,0,2026-09-26T00:00:00Z,2026-10-05T23:59:59.999Z,1,0,-2,Persona5,Persona 5 Royal,191,tileGrid,Size_1_x_1,,0,,3,br,Backpack_CosmicTrellis_Guitar,Phantom Thieves Guitar,backpack,gaminglegends,Gaming Legends Series,Persona 5 Royal,7,4,2026-09-24T16:00:38Z
2026-10-01,v2:/b179724686942cdfdb4cb13ed92b44da61c1ecbed1957d12be6b704840b3016b,"[VIRTUAL]1 x Phantom Thieves Guitar, 1 x Phantom Thieves Guitar, 1 x Phantom Thieves Guitar for 800 MtxCurrency",800,800,0,0.0,0,2026-09-26T00:00:00Z,2026-10-05T23:59:59.999Z,1,0,-2,Persona5,Persona 5 Royal,191,tileGrid,Size_1_x_1,,0,,3,br,Pickaxe_CosmicTrellis_Guitar,Phantom Thieves Guitar,pickaxe,gaminglegends,Gaming Legends Series,Persona 5 Royal,7,4,2026-09-24T16:00:38Z
2026-10-01,v2:/b179724686942cdfdb4cb13ed92b44da61c1ecbed1957d12be6b704840b3016b,"[VIRTUAL]1 x Phantom Thieves Guitar, 1 x Phantom Thieves Guitar, 1 x Phantom Thieves Guitar for 800 MtxCurrency",800,800,0,0.0,0,2026-09-26T00:00:00Z,2026-10-05T23:59:59.999Z,1,0,-2,Persona5,Persona 5 Royal,191,tileGrid,Size_1_x_1,,0,,3,instrument,Sparks_CosmicTrellis_Guitar,Phantom Thieves Guitar,guitar,gaminglegends,Gaming Legends Series,,,,2026-09-24T16:00:38Z
2026-10-01,v2:/83c31f3415537cb148f4557116f54f099bcf1f0ac948c11a91249cf479f48784,[VIRTUAL]1 x The Squabble for 300 MtxCurrency,300,300,0,0.0,0,2026-09-28T00:00:00Z,2026-10-01T23:59:59.999Z,1,0,-1,VV093026,Groove Moves,195,tileGrid,Size_1_x_1,,0,,1,br,EID_Trajectory,The Squabble,emote,icon,Icon Series,,5,1,2024-02-29T00:00:00Z
2026-10-01,v2:/41f9df88af94457fcbd3eed1fbf9bcf7e8da2a1dc5810aea60a4ea732fb9f5f4,[VIRTUAL]1 x Mom's Knife for 500 MtxCurrency,500,500,0,0.0,0,2026-09-29T00:00:00Z,2026-10-02T23:59:59.999Z,1,0,-4,TheBindingofIsaac,The Binding of Isaac,184,tileGrid,Size_1_x_1,,0,,1,br,Pickaxe_BasketSuburb,Mom's Knife,pickaxe,gaminglegends,Gaming Legends Series,Isaac Unbound,6,5,2025-09-12T00:00:00Z
2026-10-01,v2:/8bdffa2ca691016fea566f57c43233ece9947ea9519ed0b6764e6e2db1b64baf,[VIRTUAL]1 x Toona Can for 200 MtxCurrency,200,200,0,0.0,0,2026-10-01T00:00:00Z,2026-10-01T23:59:59.999Z,1,0,-1,,,,,Size_1_x_1,,0,,1,br,BID_745_BuffCatComic_AB1AX,Toona Can,backpack,rare,,Inkville Gang,2,6,2021-05-07T00:00:00Z
2026-10-01,v2:/6cd128b3f4023fba893216ea4e3b771fdccd51344ac962ab461f084c0681b9b1,"[VIRTUAL]1 x Caper, 1 x Hamster Overdrive, 1 x Rare Wear, 1 x Rare Drip, 1 x Speed Splat, 1 x Break Point Ultra, 1 x Beat Breaker, 1 x Peel'd Face, 1 x Grim Grin, 1 x Hare-Raising, 1 x Dire Goat, 1 x Neon Payback, 1 x Taxi Attack, 1 x Hearts Aflutter, 1 x Future Goat, 1 x Durrr Face, 1 x Meow Face, 1 x Drift Face for 1200 MtxCurrency",1200,1200,0,0.0,0,2026-09-30T00:00:00Z,2026-10-02T23:59:59.999Z,1,0,-2,BR100126,Fit Check,185,tileGrid,Size_1_x_1,,0,,18,br,Character_Jumpsuit_Scrap_Mutable,Caper,outfit,epic,,Escape Artists,4,4,2023-08-27T00:00:00Z
2026-10-01,v2:/6cd128b3f4023fba893216ea4e3b771fdccd51344ac962ab461f084c0681b9b1,"[VIRTUAL]1 x Caper, 1 x Hamster Overdrive, 1 x Rare Wear, 1 x Rare Drip, 1 x Speed Splat, 1 x Break Point Ultra, 1 x Beat Breaker, 1 x Peel'd Face, 1 x Grim Grin, 1 x Hare-Raising, 1 x Dire Goat, 1 x Neon Payback, 1 x Taxi Attack, 1 x Hearts Aflutter, 1 x Future Goat, 1 x Durrr Face, 1 x Meow Face, 1 x Drift Face for 1200 MtxCurrency",1200,1200,0,0.0,0,2026-09-30T00:00:00Z,2026-10-02T23:59:59.999Z,1,0,-2,BR100126,Fit Check,185,tileGrid,Size_1_x_1,,0,,18,br,Spray_Jumpsuit_13,Hamster Overdrive,spray,uncommon,,Escape Artists,4,4,2023-02-14T10:24:42Z
2026-10-01,v2:/6cd128b3f4023fba893216ea4e3b771fdccd51344ac962ab461f084c0681b9b1,"[VIRTUAL]1 x Caper, 1 x Hamster Overdrive, 1 x Rare Wear, 1 x Rare Drip, 1 x Speed Splat, 1 x Break Point Ultra, 1 x Beat Breaker, 1 x Peel'd Face, 1 x Grim Grin, 1 x Hare-Raising, 1 x Dire Goat, 1 x Neon Payback, 1 x Taxi Attack, 1 x Hearts Aflutter, 1 x Future Goat, 1 x Durrr Face, 1 x Meow Face, 1 x Drift Face for 1200 MtxCurrency",1200,1200,0,0.0,0,2026-09-30T00:00:00Z,2026-10-02T23:59:59.999Z,1,0,-2,BR100126,Fit Check,185,tileGrid,Size_1_x_1,,0,,18,br,Spray_Jumpsuit_17,Rare Wear,spray,uncommon,,Escape Artists,4,4,2023-02-14T10:24:42Z
2026-10-01,v2:/6cd128b3f4023fba893216ea4e3b771fdccd51344ac962ab461f084c0681b9b1,"[VIRTUAL]1 x Caper, 1 x Hamster Overdrive, 1 x Rare Wear, 1 x Rare Drip, 1 x Speed Splat, 1 x Break Point Ultra, 1 x Beat Breaker, 1 x Peel'd Face, 1 x Grim Grin, 1 x Hare-Raising, 1 x Dire Goat, 1 x Neon Payback, 1 x Taxi Attack, 1 x Hearts Aflutter, 1 x Future Goat, 1 x Durrr Face, 1 x Meow Face, 1 x Drift Face for 1200 MtxCurrency",1200,1200,0,0.0,0,2026-09-30T00:00:00Z,2026-10-02T23:59:59.999Z,1,0,-2,BR100126,Fit Check,185,tileGrid,Size_1_x_1,,0,,18,br,Spray_Jumpsuit_18,Rare Drip,spray,uncommon,,Escape Artists,4,4,2023-02-14T10:24:42Z
2026-10-01,v2:/6cd128b3f4023fba893216ea4e3b771fdccd51344ac962ab461f084c0681b9b1,"[VIRTUAL]1 x Caper, 1 x Hamster Overdrive, 1 x Rare Wear, 1 x Rare Drip, 1 x Speed Splat, 1 x Break Point Ultra, 1 x Beat Breaker, 1 x Peel'd Face, 1 x Grim Grin, 1 x Hare-Raising, 1 x Dire Goat, 1 x Neon Payback, 1 x Taxi Attack, 1 x Hearts Aflutter, 1 x Future Goat, 1 x Durrr Face, 1 x Meow Face, 1 x Drift Face for 1200 MtxCurrency",1200,1200,0,0.0,0,2026-09-30T00:00:00Z,2026-10-02T23:59:59.999Z,1,0,-2,BR100126,Fit Check,185,tileGrid,Size_1_x_1,,0,,18,br,Spray_Jumpsuit_19,Speed Splat,spray,uncommon,,Escape Artists,4,4,2023-02-14T10:24:42Z
2026-10-01,v2:/6cd128b3f4023fba893216ea4e3b771fdccd51344ac962ab461f084c0681b9b1,"[VIRTUAL]1 x Caper, 1 x Hamster Overdrive, 1 x Rare Wear, 1 x Rare Drip, 1 x Speed Splat, 1 x Break Point Ultra, 1 x Beat Breaker, 1 x Peel'd Face, 1 x Grim Grin, 1 x Hare-Raising, 1 x Dire Goat, 1 x Neon Payback, 1 x Taxi Attack, 1 x Hearts Aflutter, 1 x Future Goat, 1 x Durrr Face, 1 x Meow Face, 1 x Drift Face for 1200 MtxCurrency",1200,1200,0,0.0,0,2026-09-30T00:00:00Z,2026-10-02T23:59:59.999Z,1,0,-2,BR100126,Fit Check,185,tileGrid,Size_1_x_1,,0,,18,br,Spray_Jumpsuit_38,Break Point Ultra,spray,uncommon,,Escape Artists,4,4,2023-02-14T10:24:42Z
2026-10-01,v2:/6cd128b3f4023fba893216ea4e3b771fdccd51344ac962ab461f084c0681b9b1,"[VIRTUAL]1 x Caper, 1 x Hamster Overdrive, 1 x Rare Wear, 1 x Rare Drip, 1 x Speed Splat, 1 x Break Point Ultra, 1 x Beat Breaker, 1 x Peel'd Face, 1 x Grim Grin, 1 x Hare-Raising, 1 x Dire Goat, 1 x Neon Payback, 1 x Taxi Attack, 1 x Hearts Aflutter, 1 x Future Goat, 1 x Durrr Face, 1 x Meow Face, 1 x Drift Face for 1200 MtxCurrency",1200,1200,0,0.0,0,2026-09-30T00:00:00Z,2026-10-02T23:59:59.999Z,1,0,-2,BR100126,Fit Check,185,tileGrid,Size_1_x_1,,0,,18,br,Spray_Jumpsuit_9,Beat Breaker,spray,uncommon,,Escape Artists,4,4,2023-02-14T10:24:42Z
2026-10-01,v2:/6cd128b3f4023fba893216ea4e3b771fdccd51344ac962ab461f084c0681b9b1,"[VIRTUAL]1 x Caper, 1 x Hamster Overdrive, 1 x Rare Wear, 1 x Rare Drip, 1 x Speed Splat, 1 x Break Point Ultra, 1 x Beat Breaker, 1 x Peel'd Face, 1 x Grim Grin, 1 x Hare-Raising, 1 x Dire Goat, 1 x Neon Payback, 1 x Taxi Attack, 1 x Hearts Aflutter, 1 x Future Goat, 1 x Durrr Face, 1 x Meow Face, 1 x Drift Face for 1200 MtxCurrency",1200,1200,0,0.0,0,2026-09-30T00:00:00Z,2026-10-02T23:59:59.999Z,1,0,-2,BR100126,Fit Check,185,tileGrid,Size_1_x_1,,0,,18,br,Spray_JumpsuitMasks_8,Peel'd Face,spray,uncommon,,Escape Artists,4,4,2023-02-14T10:24:42Z
2026-10-01,v2:/6cd128b3f4023fba893216ea4e3b771fdccd51344ac962ab461f084c0681b9b1,"[VIRTUAL]1 x Caper, 1 x Hamster Overdrive, 1 x Rare Wear, 1 x Rare Drip, 1 x Speed Splat, 1 x Break Point Ultra, 1 x Beat Breaker, 1 x Peel'd Face, 1 x Grim Grin, 1 x Hare-Raising, 1 x Dire Goat, 1 x Neon Payback, 1 x Taxi Attack, 1 x Hearts Aflutter, 1 x Future Goat, 1 x Durrr Face, 1 x Meow Face, 1 x Drift Face for 1200 MtxCurrency",1200,1200,0,0.0,0,2026-09-30T00:00:00Z,2026-10-02T23:59:59.999Z,1,0,-2,BR100126,Fit Check,185,tileGrid,Size_1_x_1,,0,,18,br,Spray_Jumpsuit_22,Grim Grin,spray,uncommon,,Escape Artists,4,4,2023-02-14T10:24:42Z
2026-10-01,v2:/6cd128b3f4023fba893216ea4e3b771fdccd51344ac962ab461f084c0681b9b1,"[VIRTUAL]1 x Caper, 1 x Hamster Overdrive, 1 x Rare Wear, 1 x Rare Drip, 1 x Speed Splat, 1 x Break Point Ultra, 1 x Beat Breaker, 1 x Peel'd Face, 1 x Grim Grin, 1 x Hare-Raising, 1 x Dire Goat, 1 x Neon Payback, 1 x Taxi Attack, 1 x Hearts Aflutter, 1 x Future Goat, 1 x Durrr Face, 1 x Meow Face, 1 x Drift Face for 1200 MtxCurrency",1200,1200,0,0.0,0,2026-09-30T00:00:00Z,2026-10-02T23:59:59.999Z,1,0,-2,BR100126,Fit Check,185,tileGrid,Size_1_x_1,,0,,18,br,Spray_Jumpsuit_14,Hare-Raising,spray,uncommon,,Escape Artists,4,4,2023-02-14T10:24:42Z
2026-10-01,v2:/6cd128b3f4023fba893216ea4e3b771fdccd51344ac962ab461f084c0681b9b1,"[VIRTUAL]1 x Caper, 1 x Hamster Overdrive, 1 x Rare Wear, 1 x Rare Drip, 1 x Speed Splat, 1 x Break Point Ultra, 1 x Beat Breaker, 1 x Peel'd Face, 1 x Grim Grin, 1 x Hare-Raising, 1 x Dire Goat, 1 x Neon Payback, 1 x Taxi Attack, 1 x Hearts Aflutter, 1 x Future Goat, 1 x Durrr Face, 1 x Meow Face, 1 x Drift Face for 1200 MtxCurrency",1200,1200,0,0.0,0,2026-09-30T00:00:00Z,2026-10-02T23:59:59.999Z,1,0,-2,BR100126,Fit Check,185,tileGrid,Size_1_x_1,,0,,18,br,Spray_Jumpsuit_11,Dire Goat,spray,uncommon,,Escape Artists,4,4,2023-02-14T10:24:42Z
2026-10-01,v2:/6cd128b3f4023fba893216ea4e3b771fdccd51344ac962ab461f084c0681b9b1,"[VIRTUAL]1 x Caper, 1 x Hamster Overdrive, 1 x Rare Wear, 1 x Rare Drip, 1 x Speed Splat, 1 x Break Point Ultra, 1 x Beat Breaker, 1 x Peel'd Face, 1 x Grim Grin, 1 x Hare-Raising, 1 x Dire Goat, 1 x Neon Payback, 1 x Taxi Attack, 1 x Hearts Aflutter, 1 x Future Goat, 1 x Durrr Face, 1 x Meow Face, 1 x Drift Face for 1200 MtxCurrency",1200,1200,0,0.0,0,2026-09-30T00:00:00Z,2026-10-02T23:59:59.999Z,1,0,-2,BR100126,Fit Check,185,tileGrid,Size_1_x_1,,0,,18,br,Spray_Jumpsuit_39,Neon Payback,spray,uncommon,,Escape Artists,4,4,2023-02-14T10:24:42Z
2026-10-01,v2:/6cd128b3f4023fba893216ea4e3b771fdccd51344ac962ab461f084c0681b9b1,"[VIRTUAL]1 x Caper, 1 x Hamster Overdrive, 1 x Rare Wear, 1 x Rare Drip, 1 x Speed Splat, 1 x Break Point Ultra, 1 x Beat Breaker, 1 x Peel'd Face, 1 x Grim Grin, 1 x Hare-Raising, 1 x Dire Goat, 1 x Neon Payback, 1 x Taxi Attack, 1 x Hearts Aflutter, 1 x Future Goat, 1 x Durrr Face, 1 x Meow Face, 1 x Drift Face for 1200 MtxCurrency",1200,1200,0,0.0,0,2026-09-30T00:00:00Z,2026-10-02T23:59:59.999Z,1,0,-2,BR100126,Fit Check,185,tileGrid,Size_1_x_1,,0,,18,br,Spray_Jumpsuit_28,Taxi Attack,spray,uncommon,,Escape Artists,4,4,2023-02-14T10:24:42Z
2026-10-01,v2:/6cd128b3f4023fba893216ea4e3b771fdccd51344ac962ab461f084c0681b9b1,"[VIRTUAL]1 x Caper, 1 x Hamster Overdrive, 1 x Rare Wear, 1 x Rare Drip, 1 x Speed Splat, 1 x Break Point Ultra, 1 x Beat Breaker, 1 x Peel'd Face, 1 x Grim Grin, 1 x Hare-Raising, 1 x Dire Goat, 1 x Neon Payback, 1 x Taxi Attack, 1 x Hearts Aflutter, 1 x Future Goat, 1 x Durrr Face, 1 x Meow Face, 1 x Drift Face for 1200 MtxCurrency",1200,1200,0,0.0,0,2026-09-30T00:00:00Z,2026-10-02T23:59:59.999Z,1,0,-2,BR100126,Fit Check,185,tileGrid,Size_1_x_1,,0,,18,br,Spray_Jumpsuit_34,Hearts Aflutter,spray,uncommon,,Escape Artists,4,4,2023-02-14T10:24:42Z
2026-10-01,v2:/6cd128b3f4023fba893216ea4e3b771fdccd51344ac962ab461f084c0681b9b1,"[VIRTUAL]1 x Caper, 1 x Hamster Overdrive, 1 x Rare Wear, 1 x Rare Drip, 1 x Speed Splat, 1 x Break Point Ultra, 1 x Beat Breaker, 1 x Peel'd Face, 1 x Grim Grin, 1 x Hare-Raising, 1 x Dire Goat, 1 x Neon Payback, 1 x Taxi Attack, 1 x Hearts Aflutter, 1 x Future Goat, 1 x Durrr Face, 1 x Meow Face, 1 x Drift Face for 1200 MtxCurrency",1200,1200,0,0.0,0,2026-09-30T00:00:00Z,2026-10-02T23:59:59.999Z,1,0,-2,BR100126,Fit Check,185,tileGrid,Size_1_x_1,,0,,18,br,Spray_Jumpsuit_5,Future Goat,spray,uncommon,,Escape Artists,4,4,2023-02-14T10:24:42Z
2026-10-01,v2:/6cd128b3f4023fba893216ea4e3b771fdccd51344ac962ab461f084c0681b9b1,"[VIRTUAL]1 x Caper, 1 x Hamster Overdrive, 1 x Rare Wear, 1 x Rare Drip, 1 x Speed Splat, 1 x Break Point Ultra, 1 x Beat Breaker, 1 x Peel'd Face, 1 x Grim Grin, 1 x Hare-Raising, 1 x Dire Goat, 1 x Neon Payback, 1 x Taxi Attack, 1 x Hearts Aflutter, 1 x Future Goat, 1 x Durrr Face, 1 x Meow Face, 1 x Drift Face for 1200 MtxCurrency",1200,1200,0,0.0,0,2026-09-30T00:00:00Z,2026-10-02T23:59:59.999Z,1,0,-2,BR100126,Fit Check,185,tileGrid,Size_1_x_1,,0,,18,br,Spray_JumpsuitMasks_2,Durrr Face,spray,uncommon,,Escape Artists,4,4,2023-02-14T10:24:42Z
2026-10-01,v2:/6cd128b3f4023fba893216ea4e3b771fdccd51344ac962ab461f084c0681b9b1,"[VIRTUAL]1 x Caper, 1 x Hamster Overdrive, 1 x Rare Wear, 1 x Rare Drip, 1 x Speed Splat, 1 x Break Point Ultra, 1 x Beat Breaker, 1 x Peel'd Face, 1 x Grim Grin, 1 x Hare-Raising, 1 x Dire Goat, 1 x Neon Payback, 1 x Taxi Attack, 1 x Hearts Aflutter, 1 x Future Goat, 1 x Durrr Face, 1 x Meow Face, 1 x Drift Face for 1200 MtxCurrency",1200,1200,0,0.0,0,2026-09-30T00:00:00Z,2026-10-02T23:59:59.999Z,1,0,-2,BR100126,Fit Check,185,tileGrid,Size_1_x_1,,0,,18,br,Spray_JumpsuitMasks_7,Meow Face,spray,uncommon,,Escape Artists,4,4,2023-02-14T10:24:42Z
2026-10-01,v2:/6cd128b3f4023fba893216ea4e3b771fdccd51344ac962ab461f084c0681b9b1,"[VIRTUAL]1 x Caper, 1 x Hamster Overdrive, 1 x Rare Wear, 1 x Rare Drip, 1 x Speed Splat, 1 x Break Point Ultra, 1 x Beat Breaker, 1 x Peel'd Face, 1 x Grim Grin, 1 x Hare-Raising, 1 x Dire Goat, 1 x Neon Payback, 1 x Taxi Attack, 1 x Hearts Aflutter, 1 x Future Goat, 1 x Durrr Face, 1 x Meow Face, 1 x Drift Face for 1200 MtxCurrency",1200,1200,0,0.0,0,2026-09-30T00:00:00Z,2026-10-02T23:59:59.999Z,1,0,-2,BR100126,Fit Check,185,tileGrid,Size_1_x_1,,0,,18,br,Spray_JumpsuitMasks_5,Drift Face,spray,uncommon,,Escape Artists,4,4,2023-02-14T10:24:42Z
2026-10-01,v2:/704c14f6de6f04a8a8b50491251043869cf8d37e9723ff82b744730e71bc04b1,[VIRTUAL]1 x Saja Boys Light Stick for 500 MtxCurrency,500,500,0,0.0,0,2026-09-27T00:00:00Z,2026-10-01T23:59:59.999Z,1,0,-3,Kpop2Newest,KPop Demon Hunters,183,tileGrid,Size_1_x_1,,0,,1,br,Pickaxe_BountyPond,Saja Boys Light Stick,pickaxe,icon,Icon Series,KPop Demon Hunters,7,1,2026-02-05T15:01:36Z
2026-10-01,v2:/0d131fe60528e4d85ba2097f49e975588326e3765e14d5880a20aac54a8ddd8e,[VIRTUAL]1 x Dylan Faden for 1500 MtxCurrency,1500,1500,0,0.0,0,2026-09-25T00:00:00Z,2026-10-01T23:59:59.999Z,1,0,-1,Resonant,CONTROL Resonant,181,tileGrid,Size_3_x_1,,0,,1,br,Character_NoonDoctor,Dylan Faden,outfit,gaminglegends,Gaming Legends Series,CONTROL Resonant,7,3,2026-08-21T15:01:57Z
2026-10-01,v2:/ff3a255bf47b5441a6b1d3ef96eb2ae468f5555ab457692083b4120f5fdea9da,[VIRTUAL]1 x Demons for 500 MtxCurrency,500,500,0,0.0,0,2026-10-01T00:00:00Z,2026-10-31T23:59:59.999Z,1,0,-75,JT100126,Jam Tracks,179,expandableList,Size_1_x_1,,0,,1,track,sid_placeholder_349,Demons,,,,,,,2025-01-02T14:36:01Z
2026-10-01,v2:/db984f1244b78bbfcae0af153cbed3746e6cb4b169120895cc5d23f60d8bc233,[VIRTUAL]1 x Jack's Sled for 1200 MtxCurrency,1200,1200,0,0.0,0,2026-09-28T00:00:00Z,2026-10-01T23:59:59.999Z,1,0,-3,KHNightmare1,Disney,192,tileGrid,Size_1_x_1,,0,,1,br,Glider_PrivateJet,Jack's Sled,glider,epic,,The Pumpkin King,4,4,2023-10-10T11:59:07Z
2026-10-01,v2:/a273e698cca6e279d75aa92ddf44b3f2b627ff9153fd99669f2925d90194ab50,[VIRTUAL]1 x Duke of Flies for 500 MtxCurrency,500,500,0,0.0,0,2026-09-29T00:00:00Z,2026-10-02T23:59:59.999Z,1,0,-3,TheBindingofIsaac,The Binding of Isaac,184,tileGrid,Size_1_x_1,,0,,1,br,EID_BasketSuburb,Duke of Flies,emote,gaminglegends,Gaming Legends Series,Isaac Unbound,6,5,2025-09-12T00:00:00Z
2026-10-01,v2:/106aaac1a78490bf7145e33dc0d385ee03f74597b75d3bac835771faf4e2e44a,[VIRTUAL]1 x Blue Wave for 300 MtxCurrency,300,300,0,0.0,0,2026-10-01T00:00:00Z,2026-10-01T23:59:59.999Z,1,0,-1,,,,,Size_1_x_1,,0,,1,br,BID_464_MartialArtist,Blue Wave,backpack,rare,,Wise Warrior,2,1,2020-01-15T09:35:49Z
2026-10-01,v2:/f1955da658af63d55fe3b20386d9548c6ab302270b3409a54359b936d9ec0515,"[VIRTUAL]1 x Carmen's Microphone, 1 x Carmen's Microphone, 1 x Carmen's Microphone for 800 MtxCurrency",800,800,0,0.0,0,2026-09-26T00:00:00Z,2026-10-05T23:59:59.999Z,1,0,-3,Persona5,Persona 5 Royal,191,tileGrid,Size_1_x_1,,0,,3,br,Backpack_DebitScent_Mic,Carmen's Microphone,backpack,gaminglegends,Gaming Legends Series,Persona 5 Royal,7,4,2026-09-25T13:00:42Z
2026-10-01,v2:/f1955da658af63d55fe3b20386d9548c6ab302270b3409a54359b936d9ec0515,"[VIRTUAL]1 x Carmen's Microphone, 1 x Carmen's Microphone, 1 x Carmen's Microphone for 800 MtxCurrency",800,800,0,0.0,0,2026-09-26T00:00:00Z,2026-10-05T23:59:59.999Z,1,0,-3,Persona5,Persona 5 Royal,191,tileGrid,Size_1_x_1,,0,,3,br,Pickaxe_DebitScent_Mic,Carmen's Microphone,pickaxe,gaminglegends,Gaming Legends Series,Persona 5 Royal,7,4,2026-09-25T13:00:42Z
2026-10-01,v2:/f1955da658af63d55fe3b20386d9548c6ab302270b3409a54359b936d9ec0515,"[VIRTUAL]1 x Carmen's Microphone, 1 x Carmen's Microphone, 1 x Carmen's Microphone for 800 MtxCurrency",800,800,0,0.0,0,2026-09-26T00:00:00Z,2026-10-05T23:59:59.999Z,1,0,-3,Persona5,Persona 5 Royal,191,tileGrid,Size_1_x_1,,0,,3,instrument,Sparks_DebitScent_Mic,Carmen's Microphone,mic,gaminglegends,Gaming Legends Series,,,,2026-09-25T13:00:42Z
2026-10-01,v2:/5eab5d58a512f14364f1c1be36cb610d51ee82fbc1b2dd555fa9178b8b4e7726,"[VIRTUAL]1 x Oathkeeper & Oblivion, 1 x Oathkeeper & Oblivion for 800 MtxCurrency",800,800,0,0.0,0,2026-09-17T00:00:00Z,2026-10-01T23:59:59.999Z,1,0,-3,KingdomHearts,Kingdom Hearts,193,tileGrid,Size_1_x_1,,0,,2,br,Pickaxe_FaunaPike,Oathkeeper & Oblivion,pickaxe,gaminglegends,Gaming Legends Series,Kingdom Hearts,7,4,2026-09-17T08:00:00Z
2026-10-01,v2:/5eab5d58a512f14364f1c1be36cb610d51ee82fbc1b2dd555fa9178b8b4e7726,"[VIRTUAL]1 x Oathkeeper & Oblivion, 1 x Oathkeeper & Oblivion for 800 MtxCurrency",800,800,0,0.0,0,2026-09-17T00:00:00Z,2026-10-01T23:59:59.999Z,1,0,-3,KingdomHearts,Kingdom Hearts,193,tileGrid,Size_1_x_1,,0,,2,br,Backpack_FaunaPike,Oathkeeper & Oblivion,backpack,gaminglegends,Gaming Legends Series,Kingdom Hearts,7,4,2026-09-17T08:00:00Z
2026-10-01,v2:/50cb675bb612739a780df842f54b8d01f360aca951f1a57b5a2845e7ea650100,[VIRTUAL]1 x TBD (SID_Placeholder_491) for 500 MtxCurrency,500,500,0,0.0,0,2026-10-01T00:00:00Z,2026-10-31T23:59:59.999Z,1,0,-90,JT100126,Jam Tracks,179,expandableList,Size_1_x_1,,0,,1,track,sid_placeholder_491,Airplanes,,,,,,,2025-02-20T20:53:36Z
2026-10-01,v2:/21a8d17d8601f05e0ec42827292d214892da30e9befef19cb9fc5a069c069c97,"[VIRTUAL]1 x Sora, 1 x Keyblade, 1 x Keyblade, 1 x Keyblade Flourish for -1 MtxCurrency",1800,1800,0,0.0,0,2026-09-17T00:00:00Z,2026-10-01T23:59:59.999Z,1,0,-1,KingdomHearts,Kingdom Hearts,193,tileGrid,Size_2_x_1,,0,,4,br,Character_SpireTend,Sora,outfit,gaminglegends,Gaming Legends Series,Kingdom Hearts,7,4,2026-09-17T08:00:00Z
2026-10-01,v2:/21a8d17d8601f05e0ec42827292d214892da30e9befef19cb9fc5a069c069c97,"[VIRTUAL]1 x Sora, 1 x Keyblade, 1 x Keyblade, 1 x Keyblade Flourish for -1 MtxCurrency",1800,1800,0,0.0,0,2026-09-17T00:00:00Z,2026-10-01T23:59:59.999Z,1,0,-1,KingdomHearts,Kingdom Hearts,193,tileGrid,Size_2_x_1,,0,,4,br,Pickaxe_SpireTend,Keyblade,pickaxe,gaminglegends,Gaming Legends Series,Kingdom Hearts,7,4,2026-09-17T08:00:00Z
2026-10-01,v2:/21a8d17d8601f05e0ec42827292d214892da30e9befef19cb9fc5a069c069c97,"[VIRTUAL]1 x Sora, 1 x Keyblade, 1 x Keyblade, 1 x Keyblade Flourish for -1 MtxCurrency",1800,1800,0,0.0,0,2026-09-17T00:00:00Z,2026-10-01T23:59:59.999Z,1,0,-1,KingdomHearts,Kingdom Hearts,193,tileGrid,Size_2_x_1,,0,,4,br,Backpack_SpireTend,Keyblade,backpack,gaminglegends,Gaming Legends Series,Kingdom Hearts,7,4,2026-09-17T08:00:00Z
2026-10-01,v2:/21a8d17d8601f05e0ec42827292d214892da30e9befef19cb9fc5a069c069c97,"[VIRTUAL]1 x Sora, 1 x Keyblade, 1 x Keyblade, 1 x Keyblade Flourish for -1 MtxCurrency",1800,1800,0,0.0,0,2026-09-17T00:00:00Z,2026-10-01T23:59:59.999Z,1,0,-1,KingdomHearts,Kingdom Hearts,193,tileGrid,Size_2_x_1,,0,,4,br,EID_SpireTend,Keyblade Flourish,emote,gaminglegends,Gaming Legends Series,Kingdom Hearts,7,4,2026-09-17T08:00:00Z
2026-10-01,v2:/935092869f772d007e74e7e8f573443af7be25b88a8734cef1199a4d2dee8cb1,[VIRTUAL]1 x Bing Bong for 500 MtxCurrency,500,500,0,0.0,0,2026-09-28T00:00:00Z,2026-10-01T23:59:59.999Z,1,0,-3,PEAK,PEAK,182,tileGrid,Size_1_x_1,,0,,1,br,Wrap_TopicProud,Bing Bong,wrap,rare,,PEAK,7,2,2026-03-22T00:00:00Z
2026-10-01,v2:/1740342d830d4e52ca4c0f2a03d0ceae4a0e7f6a90ac763372f5964621b4d9aa,[VIRTUAL]1 x For Whom The Bell Tolls for 500 MtxCurrency,500,500,0,0.0,0,2026-09-25T00:00:00Z,2026-10-01T23:59:59.999Z,1,0,-3,JT100126,Jam Tracks,179,tileGrid,Size_1_x_1,,0,,1,track,sid_placeholder_235,For Whom The Bell Tolls,,,,,,,2024-06-20T00:00:00Z
2026-10-01,v2:/24324bc0d1b0eddb911cf5ff1a36c479bcc2d29eab33c8b26528ead1dd2f2d84,[VIRTUAL]1 x TBD (SID_Placeholder_666) for 500 MtxCurrency,500,500,0,0.0,0,2026-10-01T00:00:00Z,2026-10-31T23:59:59.999Z,1,0,-99,JT100126,Jam Tracks,179,expandableList,Size_1_x_1,,0,,1,track,sid_placeholder_666,AAAHH MEN!,,,,,,,2025-10-09T08:00:00Z
2026-10-01,v2:/5dd60762f9b330ff551d578c4282c4b9abeb6b5c800ebbf354c2316777be244f,[VIRTUAL]1 x TBD (SID_Placeholder_905) for 500 MtxCurrency,500,500,0,0.0,0,2026-09-17T00:00:00Z,2026-10-01T23:59:59.999Z,1,0,-4,KingdomHearts,Kingdom Hearts,193,tileGrid,Size_1_x_1,,0,,1,track,sid_placeholder_905,The Other Promise,,,,,,,2026-09-15T14:23:51Z
2026-10-01,v2:/6be7eaa2c85cc814f63a46a681d8d2efc35f97deeb8409a3ce2117e5703ac168,[VIRTUAL]1 x Driver for 500 MtxCurrency,500,500,0,0.0,0,2026-10-01T00:00:00Z,2026-10-01T23:59:59.999Z,1,0,-3,BR100126,Fit Check,185,tileGrid,Size_1_x_1,,0,,1,br,Pickaxe_ID_190_GolfClub,Driver,pickaxe,uncommon,,Teed Off,1,8,2019-11-20T12:50:49Z
2026-10-01,v2:/eefaea88793226b771223eb8cfbafd860fa955d0e8c46aa745d1dbd8d0354887,[VIRTUAL]1 x Slurpy Slush'em for 300 MtxCurrency,300,300,0,0.0,0,2026-09-29T00:00:00Z,2026-10-01T23:59:59.999Z,1,0,-1,,,,,Size_2_x_1,,0,,1,br,BID_891_ButterJack,Slurpy Slush'em,backpack,rare,,Multiplex,2,8,2021-10-26T08:26:10Z
2026-10-01,v2:/2f4a3eb4ac7873c10723e3b6384f7db482b8fd84db6e4afbd47df9b3982e0df0,[VIRTUAL]1 x Attaché Case for 300 MtxCurrency,300,300,0,0.0,0,2026-09-26T00:00:00Z,2026-10-03T23:59:59.999Z,1,0,-1,,,,,Size_2_x_1,,0,,1,br,Backpack_FallValleyBlink,Attaché Case,backpack,gaminglegends,Gaming Legends Series,Raccoon City Survivors,4,2,2023-03-17T00:00:00Z
2026-10-01,v2:/ccc2348aba7beccf8a4caeace423f3b489c2a30a838e111ef6c1607f3f9878e8,"[VIRTUAL]1 x Chris Redfield, 1 x Green Herb for -1 MtxCurrency",1500,1500,0,0.0,0,2026-09-26T00:00:00Z,2026-10-03T23:59:59.999Z,1,0,-3,ResidentEvil,Resident Evil,190,tileGrid,Size_1_x_1,,0,,2,br,CID_A_221_Athena_Commando_M_Relish_8364H,Chris Redfield,outfit,gaminglegends,Gaming Legends Series,S.T.A.R.S. Team,2,8,2021-10-24T00:00:00Z
2026-10-01,v2:/ccc2348aba7beccf8a4caeace423f3b489c2a30a838e111ef6c1607f3f9878e8,"[VIRTUAL]1 x Chris Redfield, 1 x Green Herb for -1 MtxCurrency",1500,1500,0,0.0,0,2026-09-26T00:00:00Z,2026-10-03T23:59:59.999Z,1,0,-3,ResidentEvil,Resident Evil,190,tileGrid,Size_1_x_1,,0,,2,br,BID_873_RelishMale_0Q8D9,Green Herb,backpack,gaminglegends,Gaming Legends Series,S.T.A.R.S. Team,2,8,2021-10-24T00:00:00Z
2026-10-01,v2:/e081d8cfac2609650149117218a48c189c48cdd1b326a2a95c0281cd7aba29fa,[VIRTUAL]1 x Chaos Explorer for 800 MtxCurrency,800,800,0,0.0,0,2026-09-28T00:00:00Z,2026-10-01T23:59:59.999Z,1,0,-2,BR100126,Fit Check,185,tileGrid,Size_1_x_1,,0,,1,br,Character_MastermindSummer,Chaos Explorer,outfit,uncommon,,Descent's Reckoning,4,3,2023-06-27T12:21:59Z
2026-10-01,v2:/9ee32c0dad8e4b9381edf32998ac2873c4b036657d555f737fa60786d0a19cd6,"[VIRTUAL]1 x Leon S. Kennedy, 1 x Attaché Case for -1 MtxCurrency",1500,1500,0,0.0,0,2026-09-26T00:00:00Z,2026-10-03T23:59:59.999Z,1,0,-1,ResidentEvil,Resident Evil,190,tileGrid,Size_1_x_1,,0,,2,br,Character_FallValleyBlink,Leon S. Kennedy,outfit,gaminglegends,Gaming Legends Series,Raccoon City Survivors,4,2,2023-03-17T00:00:00Z
2026-10-01,v2:/9ee32c0dad8e4b9381edf32998ac2873c4b036657d555f737fa60786d0a19cd6,"[VIRTUAL]1 x Leon S. Kennedy, 1 x Attaché Case for -1 MtxCurrency",1500,1500,0,0.0,0,2026-09-26T00:00:00Z,2026-10-03T23:59:59.999Z,1,0,-1,ResidentEvil,Resident Evil,190,tileGrid,Size_1_x_1,,0,,2,br,Backpack_FallValleyBlink,Attaché Case,backpack,gaminglegends,Gaming Legends Series,Raccoon City Survivors,4,2,2023-03-17T00:00:00Z
2026-10-01,v2:/72c65aeae6531726136b8723d38adb49fd4e3c3eca8e458261f8e865d26a1fcf,[VIRTUAL]1 x Madison's Glam Wrap for 500 MtxCurrency,500,500,0,0.0,0,2026-09-25T00:00:00Z,2026-10-04T23:59:59.999Z,1,0,-1,MadisonBeer,Madison Beer,194,tileGrid,Size_1_x_1,,0,,1,br,Wrap_MistTycoon,Madison's Glam Wrap,wrap,icon,Icon Series,Madison Beer,7,4,2026-09-24T13:00:55Z
2026-10-01,v2:/c3ffca61d0a61bd39c4e1fc85d8ffaefd9792b65448f7d5e2df6529c91eba1c2,[VIRTUAL]1 x Starlit for 500 MtxCurrency,500,500,0,0.0,0,2026-09-30T00:00:00Z,2026-10-03T23:59:59.999Z,1,0,-1,VV093026,Groove Moves,195,tileGrid,Size_1_x_1,,0,,1,br,EID_Shimmy,Starlit,emote,icon,Icon Series,,4,4,2023-10-02T00:00:00Z
2026-10-01,v2:/72b3479251086c514cf6a74b8ef2261dabaeed3178b333cd1f6473d6d03dbfef,[VIRTUAL]1 x What I Got for 500 MtxCurrency,500,500,0,0.0,0,2026-10-01T00:00:00Z,2026-10-31T23:59:59.999Z,1,0,-89,JT100126,Jam Tracks,179,expandableList,Size_1_x_1,,0,,1,track,sid_placeholder_187,What I Got,,,,,,,2024-04-09T15:02:47Z
2026-10-01,v2:/21989bb15bd3ec1595d145d4e4bdff3b7b06677ac20425170fc25d8064b5eb94,[VIRTUAL]1 x HOT DOGGER for 800 MtxCurrency,800,800,0,0.0,0,2026-09-26T00:00:00Z,2026-10-03T23:59:59.999Z,1,0,-2,ResidentEvil,Resident Evil,190,tileGrid,Size_1_x_1,,0,,1,br,Pickaxe_ID_690_RelishFemale_DC74M,HOT DOGGER,pickaxe,gaminglegends,Gaming Legends Series,S.T.A.R.S. Team,2,8,2021-10-24T00:00:00Z
2026-10-01,v2:/31518230005c5b1b988184e87731fec4afcc94d8817fcc9cf166021e805fbeb2,[VIRTUAL]1 x The Hand That Feeds for 500 MtxCurrency,500,500,0,0.0,0,2026-10-01T00:00:00Z,2026-10-31T23:59:59.999Z,1,0,-42,JT100126,Jam Tracks,179,expandableList,Size_1_x_1,,0,,1,track,sid_placeholder_68,The Hand That Feeds,,,,,,,2023-12-15T00:00:00Z
2026-10-01,v2:/4999d6cd0b2c2e9bda684868dd3b88d8f30f46a2a7814159961c296632323652,[VIRTUAL]1 x Let You Down for 500 MtxCurrency,500,500,0,0.0,0,2026-10-01T00:00:00Z,2026-10-31T23:59:59.999Z,1,0,-12,JT100126,Jam Tracks,179,expandableList,Size_1_x_1,,0,,1,track,sid_placeholder_268,Let You Down,,,,,,,2024-07-18T13:57:48Z
2026-10-01,v2:/b1dfddea9b14e8cd5d99b24b136e87a4de77e218a0097bb5e9e9e3c29373f09a,[VIRTUAL]1 x Popcorn Tears for 300 MtxCurrency,300,300,0,0.0,0,2026-09-27T00:00:00Z,2026-10-01T23:59:59.999Z,1,0,-2,Kpop2Newest,KPop Demon Hunters,183,tileGrid,Size_1_x_1,,0,,1,br,EID_BountyPond,Popcorn Tears,emote,icon,Icon Series,KPop Demon Hunters,7,1,2026-02-05T15:01:36Z
2026-10-01,v2:/884d63dc9dbf99dff2125e0dc9dbee2bbee1e81823503e738caa8b025d8a440c,[VIRTUAL]1 x Never Back Down for 300 MtxCurrency,300,300,0,0.0,0,2026-10-01T00:00:00Z,2026-10-03T23:59:59.999Z,1,0,-1,,,,,Size_2_x_1,,0,,1,br,Backpack_WeaveHarbor,Never Back Down,backpack,icon,Icon Series,Nick Eh 30,5,3,2024-06-15T20:50:31Z
2026-10-01,v2:/cf4a9f1dfc092e10ca8296609f93043def4d80464bf7a615d2ffd532960abf19,[VIRTUAL]1 x TBD (SID_Placeholder_852) for 500 MtxCurrency,500,500,0,0.0,0,2026-09-19T00:00:00Z,2026-10-02T23:59:59.999Z,1,0,-2,IronMouse2,Ironmouse,189,tileGrid,Size_1_x_1,,0,,1,track,sid_placeholder_852,Meow,,,,,,,2026-09-16T14:45:02Z
2026-10-01,v2:/19e7117e43c63562c29048a8cab7ce19490fead959bc8c9e5632eb7c7b611ac2,"[VIRTUAL]1 x Kernel Poppy, 1 x Slurpy Slush'em, 1 x WHATS POPPIN for -1 MtxCurrency",1700,1500,200,0.1176,1,2026-09-29T00:00:00Z,2026-10-01T23:59:59.999Z,1,0,-1,BR100126,Fit Check,185,tileGrid,Size_2_x_1,,1,WHATS POPPIN Bundle,3,br,CID_A_254_Athena_Commando_M_ButterJack,Kernel Poppy,outfit,rare,,Multiplex,2,8,2021-10-26T08:26:10Z
2026-10-01,v2:/19e7117e43c63562c29048a8cab7ce19490fead959bc8c9e5632eb7c7b611ac2,"[VIRTUAL]1 x Kernel Poppy, 1 x Slurpy Slush'em, 1 x WHATS POPPIN for -1 MtxCurrency",1700,1500,200,0.1176,1,2026-09-29T00:00:00Z,2026-10-01T23:59:59.999Z,1,0,-1,BR100126,Fit Check,185,tileGrid,Size_2_x_1,,1,WHATS POPPIN Bundle,3,br,BID_891_ButterJack,Slurpy Slush'em,backpack,rare,,Multiplex,2,8,2021-10-26T08:26:10Z
2026-10-01,v2:/19e7117e43c63562c29048a8cab7ce19490fead959bc8c9e5632eb7c7b611ac2,"[VIRTUAL]1 x Kernel Poppy, 1 x Slurpy Slush'em, 1 x WHATS POPPIN for -1 MtxCurrency",1700,1500,200,0.1176,1,2026-09-29T00:00:00Z,2026-10-01T23:59:59.999Z,1,0,-1,BR100126,Fit Check,185,tileGrid,Size_2_x_1,,1,WHATS POPPIN Bundle,3,track,sid_placeholder_157,WHATS POPPIN,,,,,,,2024-03-05T20:11:31Z
2026-10-01,v2:/b0328f27efb9692fcdf771c015bca87160a2f48826a738b9701e789a2f489e41,[VIRTUAL]1 x Call Me Maybe for 500 MtxCurrency,500,500,0,0.0,0,2026-10-01T00:00:00Z,2026-10-31T23:59:59.999Z,1,0,-2,JT100126,Jam Tracks,179,expandableList,Size_1_x_1,,0,,1,track,sid_placeholder_97,Call Me Maybe,,,,,,,2024-03-20T00:05:45Z
2026-10-01,v2:/168a95714fbb036b5668ee0eb2d10c090b4c135bc9581fb433f903a1578c166b,[VIRTUAL]1 x Lumi Core Red for 400 MtxCurrency,400,400,0,0.0,0,2026-09-29T00:00:00Z,2026-10-05T23:59:59.999Z,1,0,-4,,,,,Size_1_x_1,,0,,1,br,BID_293_GlowBroFemale,Lumi Core Red,backpack,epic,,Stormlight,1,9,2019-11-20T12:50:33Z
2026-10-01,v2:/86eda674bdb88cb62f534f948fff9a92d1bcfe30cad227297729aa9b3b718621,[VIRTUAL]1 x Highway Tune for 500 MtxCurrency,500,500,0,0.0,0,2026-10-01T00:00:00Z,2026-10-31T23:59:59.999Z,1,0,-84,JT100126,Jam Tracks,179,expandableList,Size_1_x_1,,0,,1,track,sid_placeholder_95,Highway Tune,,,,,,,2023-12-13T00:00:00Z
2026-10-01,v2:/b8c0c8cc4555db958f88f60a6a811ff3e53dba705d0726bae4e7255635a4be49,[VIRTUAL]1 x Rot Iron Trident for 800 MtxCurrency,800,800,0,0.0,0,2026-09-28T00:00:00Z,2026-10-01T23:59:59.999Z,1,0,-1,,,,,Size_2_x_1,,0,,1,br,Pickaxe_BurntBagel,Rot Iron Trident,pickaxe,rare,,The Pumpkin King,5,4,2024-10-12T06:22:57Z
2026-10-01,v2:/96c063ae2c6273467773e05aea3564041b9c505a0a10f5e51846e74b58578092,[VIRTUAL]1 x Blank for 400 MtxCurrency,400,400,0,0.0,0,2026-09-17T00:00:00Z,2026-10-01T23:59:59.999Z,1,0,-1,KingdomHearts,Kingdom Hearts,193,tileGrid,Size_1_x_1,,0,,1,car,Wheel_OpticOrange02,Heartless,wheel,uncommon,,,,,2026-09-17T08:00:00Z
2026-10-01,v2:/48c2b2b7e6d9194623d235d4904fba5f8776022ac04f481b7d619e41fc9fa7fe,[VIRTUAL]1 x Silver Dagger for 500 MtxCurrency,500,500,0,0.0,0,2026-09-26T00:00:00Z,2026-10-05T23:59:59.999Z,1,0,-3,Persona5,Persona 5 Royal,191,tileGrid,Size_1_x_1,,0,,1,br,Pickaxe_CosmicTrellis,Silver Dagger,pickaxe,gaminglegends,Gaming Legends Series,Persona 5 Royal,7,4,2026-09-24T16:00:38Z
2026-10-01,v2:/f421a7a708517c2ce039d72fa2d6dda65aee63011f7118788c89a4e5f21345a8,[VIRTUAL]1 x Morgana (Persona 5) for 1500 MtxCurrency,1500,1500,0,0.0,0,2026-09-26T00:00:00Z,2026-10-05T23:59:59.999Z,1,0,-3,Persona5,Persona 5 Royal,191,tileGrid,Size_1_x_1,,0,,1,br,Companion_ListDizzy,Morgana (P5R),sidekick,gaminglegends,Gaming Legends Series,Persona 5 Royal,7,4,2026-09-25T13:00:42Z
2026-10-01,v2:/cf40626eb8f95194e695e2e3016ec1b5bb843504cd2a553f80d3533ede1017ae,[VIRTUAL]1 x Star Wand for 800 MtxCurrency,800,800,0,0.0,0,2026-10-01T00:00:00Z,2026-10-01T23:59:59.999Z,1,0,-4,BR100126,Fit Check,185,tileGrid,Size_1_x_1,,0,,1,br,Pickaxe_ID_179_StarWand,Star Wand,pickaxe,rare,,,1,8,2019-11-20T12:50:49Z
2026-10-01,v2:/bc5096fa4596369de963eef3d696f5ad92cc1d21366bffe2568b63e20a7de2ad,[VIRTUAL]1 x This Is How We Do It for 500 MtxCurrency,500,500,0,0.0,0,2026-10-01T00:00:00Z,2026-10-31T23:59:59.999Z,1,0,-78,JT100126,Jam Tracks,179,expandableList,Size_1_x_1,,0,,1,track,sid_placeholder_213,This Is How We Do It,,,,,,,2024-04-30T14:34:03Z
2026-10-01,v2:/07ace9a53fef33a47c133e730c362f289f5bf10f8cf1e0a41967b2b3a64a4c0a,"[VIRTUAL]1 x HOT DOGGER, 1 x Stun Rod, 1 x Brolly Stroll for -1 MtxCurrency",1900,1300,600,0.3158,1,2026-09-26T00:00:00Z,2026-10-03T23:59:59.999Z,1,0,-2,ResidentEvil,Resident Evil,190,tileGrid,Size_2_x_1,,1,S.T.A.R.S. TEAM GEAR BUNDLE,3,br,Pickaxe_ID_690_RelishFemale_DC74M,HOT DOGGER,pickaxe,gaminglegends,Gaming Legends Series,S.T.A.R.S. Team,2,8,2021-10-24T00:00:00Z
2026-10-01,v2:/07ace9a53fef33a47c133e730c362f289f5bf10f8cf1e0a41967b2b3a64a4c0a,"[VIRTUAL]1 x HOT DOGGER, 1 x Stun Rod, 1 x Brolly Stroll for -1 MtxCurrency",1900,1300,600,0.3158,1,2026-09-26T00:00:00Z,2026-10-03T23:59:59.999Z,1,0,-2,ResidentEvil,Resident Evil,190,tileGrid,Size_2_x_1,,1,S.T.A.R.S. TEAM GEAR BUNDLE,3,br,Pickaxe_ID_691_RelishMale_FVCA7,Stun Rod,pickaxe,gaminglegends,Gaming Legends Series,S.T.A.R.S. Team,2,8,2021-10-24T00:00:00Z
2026-10-01,v2:/07ace9a53fef33a47c133e730c362f289f5bf10f8cf1e0a41967b2b3a64a4c0a,"[VIRTUAL]1 x HOT DOGGER, 1 x Stun Rod, 1 x Brolly Stroll for -1 MtxCurrency",1900,1300,600,0.3158,1,2026-09-26T00:00:00Z,2026-10-03T23:59:59.999Z,1,0,-2,ResidentEvil,Resident Evil,190,tileGrid,Size_2_x_1,,1,S.T.A.R.S. TEAM GEAR BUNDLE,3,br,EID_Relish_TNPZI,Brolly Stroll,emote,gaminglegends,Gaming Legends Series,S.T.A.R.S. Team,2,8,2021-10-24T00:00:00Z
2026-10-01,v2:/cc80be1073d2cdc812f36c300fbad8d184f0647e64d25af9c148b119dc0550a9,[VIRTUAL]1 x TBD (SID_Placeholder_930) for 500 MtxCurrency,500,500,0,0.0,0,2026-09-26T00:00:00Z,2026-10-05T23:59:59.999Z,1,0,-4,Persona5,Persona 5 Royal,191,tileGrid,Size_1_x_1,,0,,1,track,sid_placeholder_930,Life Will Change,,,,,,,2026-09-25T13:01:49Z
2026-10-01,v2:/21b66d0ede657f2e32d621e4555198e88abf0c1f3b82869ff978da80e02ebc47,"[VIRTUAL]1 x Decora Ironmouse, 1 x Ironmouse Worm for -1 MtxCurrency",1500,1500,0,0.0,0,2026-09-19T00:00:00Z,2026-10-02T23:59:59.999Z,1,0,-1,IronMouse2,Ironmouse,189,tileGrid,Size_1_x_1,,0,,2,br,Character_FeelUnionMoo,Decora Ironmouse,outfit,epic,,Ironmouse,7,4,2026-09-17T16:17:14Z
2026-10-01,v2:/21b66d0ede657f2e32d621e4555198e88abf0c1f3b82869ff978da80e02ebc47,"[VIRTUAL]1 x Decora Ironmouse, 1 x Ironmouse Worm for -1 MtxCurrency",1500,1500,0,0.0,0,2026-09-19T00:00:00Z,2026-10-02T23:59:59.999Z,1,0,-1,IronMouse2,Ironmouse,189,tileGrid,Size_1_x_1,,0,,2,br,Backpack_FeelUnionMoo,Ironmouse Worm,backpack,rare,,Ironmouse,7,4,2026-09-17T16:17:14Z
2026-10-01,v2:/a985f323950483900dbd6dc63f88e4c06bca948a3dfa67dd013403665938755e,[VIRTUAL]1 x Ice Breaker for 500 MtxCurrency,500,500,0,0.0,0,2026-10-01T00:00:00Z,2026-10-01T23:59:59.999Z,1,0,-2,BR100126,Fit Check,185,tileGrid,Size_1_x_1,,0,,1,br,Pickaxe_ID_014_WinterCamo,Ice Breaker,pickaxe,uncommon,,Arctic Command,1,1,2019-11-20T12:50:59Z
2026-10-01,v2:/89d57d8f756466280b1bfbc369cf353e81ff80b4b0dbb7d868851b9b43a83d4f,[VIRTUAL]1 x Sally's Soup Ladle for 800 MtxCurrency,800,800,0,0.0,0,2026-09-28T00:00:00Z,2026-10-01T23:59:59.999Z,1,0,-1,KHNightmare1,Disney,192,tileGrid,Size_1_x_1,,0,,1,br,Pickaxe_HayBrush,Sally's Soup Ladle,pickaxe,rare,,Sewn Sally,5,4,2024-10-12T06:22:57Z
2026-10-01,v2:/94f2fa7ec7a184129906dd3a6471911d162497aab2263b824712151dde755649,[VIRTUAL]1 x Lil' Gummi Ship for 500 MtxCurrency,500,500,0,0.0,0,2026-09-17T00:00:00Z,2026-10-01T23:59:59.999Z,1,0,-4,KingdomHearts,Kingdom Hearts,193,tileGrid,Size_1_x_1,,0,,1,br,EID_SpireTendFlight,Lil' Gummi Ship,emote,gaminglegends,Gaming Legends Series,Kingdom Hearts,7,4,2026-09-17T08:00:00Z
2026-10-01,v2:/468ab1c11c1e1c60ff49ba05b93253797b04fd71994a18ba3a9e31e5ea30a4d1,[VIRTUAL]1 x Panther's Eyes for 500 MtxCurrency,500,500,0,0.0,0,2026-09-26T00:00:00Z,2026-10-05T23:59:59.999Z,1,0,-2,Persona5,Persona 5 Royal,191,tileGrid,Size_1_x_1,,0,,1,br,Wrap_DebitScent,Panther's Eyes,wrap,gaminglegends,Gaming Legends Series,Persona 5 Royal,7,4,2026-09-25T13:00:42Z
2026-10-01,v2:/6adf43b10892bab6dd8045908509c85ddfa6494093f93cbf8a59e327092b883b,[VIRTUAL]1 x TBD (SID_Placeholder_559) for 500 MtxCurrency,500,500,0,0.0,0,2026-10-01T00:00:00Z,2026-10-31T23:59:59.999Z,1,0,-10,JT100126,Jam Tracks,179,expandableList,Size_1_x_1,,0,,1,track,sid_placeholder_559,APT.,,,,,,,2025-06-18T08:00:00Z
2026-10-01,v2:/25bfa8509ae5b31151cd3c459c04d2db200d9fcba2da2a8d7b28eb1286eaba9b,[VIRTUAL]1 x Flowers for 500 MtxCurrency,500,500,0,0.0,0,2026-10-01T00:00:00Z,2026-10-31T23:59:59.999Z,1,0,-94,JT100126,Jam Tracks,179,expandableList,Size_1_x_1,,0,,1,track,sid_placeholder_125,Flowers,,,,,,,2024-02-02T00:00:00Z
2026-10-01,v2:/3ecf50f5dfdefaeeda629ad7d919961b06d9bb51e75320c7d4cd64e361a364da,[VIRTUAL]1 x Notorious Thugs for 500 MtxCurrency,500,500,0,0.0,0,2026-10-01T00:00:00Z,2026-10-31T23:59:59.999Z,1,0,-43,JT100126,Jam Tracks,179,expandableList,Size_1_x_1,,0,,1,track,sid_placeholder_316,Notorious Thugs,,,,,,,2024-09-12T15:46:51Z
2026-10-01,v2:/136c5dd1309aeb8bfa267e043baa67f9398664beb182aa3f86a1eab49b375ff8,[VIRTUAL]1 x TBD (SID_Placeholder_824) for 500 MtxCurrency,500,500,0,0.0,0,2026-10-01T00:00:00Z,2026-10-31T23:59:59.999Z,1,0,-83,JT100126,Jam Tracks,179,expandableList,Size_1_x_1,,0,,1,track,sid_placeholder_824,"Well, Whatever It Was",,,,,,,2026-07-07T14:30:51Z
2026-10-01,v2:/37c22436cacd6051f8019cde59833dd9a7abadc24fb1daa9432fd0bbf69cd561,[VIRTUAL]1 x Joker's Eyes for 500 MtxCurrency,500,500,0,0.0,0,2026-09-26T00:00:00Z,2026-10-05T23:59:59.999Z,1,0,-1,Persona5,Persona 5 Royal,191,tileGrid,Size_1_x_1,,0,,1,br,Wrap_CosmicTrellis,Joker's Eyes,wrap,gaminglegends,Gaming Legends Series,Persona 5 Royal,7,4,2026-09-25T13:00:42Z
2026-10-01,v2:/90d9280cc490ae2494dba385efc2146c5ee413fd873fd02b9a19f12528a9c487,[VIRTUAL]1 x I'm Out for 500 MtxCurrency,500,500,0,0.0,0,2026-09-30T00:00:00Z,2026-10-03T23:59:59.999Z,1,0,-4,VV093026,Groove Moves,195,tileGrid,Size_1_x_1,,0,,1,br,EID_Vacant,I'm Out,emote,icon,Icon Series,,5,3,2024-06-11T00:00:00Z
2026-10-01,v2:/ce514dda98e14d095592ec3977d0d14cc2ac3cd364629414fc24be243ebdf91a,[VIRTUAL]1 x Day 'N' Nite for 500 MtxCurrency,500,500,0,0.0,0,2026-10-01T00:00:00Z,2026-10-31T23:59:59.999Z,1,0,-1,JT100126,Jam Tracks,179,expandableList,Size_1_x_1,,0,,1,track,sid_placeholder_292,Day 'N' Nite,,,,,,,2024-08-09T00:00:00Z
2026-10-01,v2:/043150fd78693158bcacaafb3ade2b3924186587f0dfe96bd37ef33218010084,"[VIRTUAL]1 x Chris Redfield, 1 x Green Herb, 1 x Jill Valentine, 1 x Saving Keystroke, 1 x Survival for -1 MtxCurrency",3000,2100,900,0.3,1,2026-09-26T00:00:00Z,2026-10-03T23:59:59.999Z,1,0,-2,ResidentEvil,Resident Evil,190,tileGrid,Size_2_x_1,,1,S.T.A.R.S. TEAM BUNDLE,5,br,CID_A_221_Athena_Commando_M_Relish_8364H,Chris Redfield,outfit,gaminglegends,Gaming Legends Series,S.T.A.R.S. Team,2,8,2021-10-24T00:00:00Z
2026-10-01,v2:/043150fd78693158bcacaafb3ade2b3924186587f0dfe96bd37ef33218010084,"[VIRTUAL]1 x Chris Redfield, 1 x Green Herb, 1 x Jill Valentine, 1 x Saving Keystroke, 1 x Survival for -1 MtxCurrency",3000,2100,900,0.3,1,2026-09-26T00:00:00Z,2026-10-03T23:59:59.999Z,1,0,-2,ResidentEvil,Resident Evil,190,tileGrid,Size_2_x_1,,1,S.T.A.R.S. TEAM BUNDLE,5,br,BID_873_RelishMale_0Q8D9,Green Herb,backpack,gaminglegends,Gaming Legends Series,S.T.A.R.S. Team,2,8,2021-10-24T00:00:00Z
2026-10-01,v2:/043150fd78693158bcacaafb3ade2b3924186587f0dfe96bd37ef33218010084,"[VIRTUAL]1 x Chris Redfield, 1 x Green Herb, 1 x Jill Valentine, 1 x Saving Keystroke, 1 x Survival for -1 MtxCurrency",3000,2100,900,0.3,1,2026-09-26T00:00:00Z,2026-10-03T23:59:59.999Z,1,0,-2,ResidentEvil,Resident Evil,190,tileGrid,Size_2_x_1,,1,S.T.A.R.S. TEAM BUNDLE,5,br,CID_A_222_Athena_Commando_F_Relish_G6S5T,Jill Valentine,outfit,gaminglegends,Gaming Legends Series,S.T.A.R.S. Team,2,8,2021-10-24T00:00:00Z
2026-10-01,v2:/043150fd78693158bcacaafb3ade2b3924186587f0dfe96bd37ef33218010084,"[VIRTUAL]1 x Chris Redfield, 1 x Green Herb, 1 x Jill Valentine, 1 x Saving Keystroke, 1 x Survival for -1 MtxCurrency",3000,2100,900,0.3,1,2026-09-26T00:00:00Z,2026-10-03T23:59:59.999Z,1,0,-2,ResidentEvil,Resident Evil,190,tileGrid,Size_2_x_1,,1,S.T.A.R.S. TEAM BUNDLE,5,br,BID_874_RelishFemale_I7B41,Saving Keystroke,backpack,gaminglegends,Gaming Legends Series,S.T.A.R.S. Team,2,8,2021-10-24T00:00:00Z
2026-10-01,v2:/043150fd78693158bcacaafb3ade2b3924186587f0dfe96bd37ef33218010084,"[VIRTUAL]1 x Chris Redfield, 1 x Green Herb, 1 x Jill Valentine, 1 x Saving Keystroke, 1 x Survival for -1 MtxCurrency",3000,2100,900,0.3,1,2026-09-26T00:00:00Z,2026-10-03T23:59:59.999Z,1,0,-2,ResidentEvil,Resident Evil,190,tileGrid,Size_2_x_1,,1,S.T.A.R.S. TEAM BUNDLE,5,br,LSID_360_Relish_FRX3N,Survival,loadingscreen,gaminglegends,Gaming Legends Series,S.T.A.R.S. Team,2,8,2021-10-24T00:00:00Z
2026-10-01,v2:/5ba5531b9ebd0a131e1dd8ac45baccb9f780610a3dbb7ccf5ced0dc95fa01e58,[VIRTUAL]1 x King's Parade Horse for 800 MtxCurrency,800,800,0,0.0,0,2026-09-28T00:00:00Z,2026-10-01T23:59:59.999Z,1,0,-2,KHNightmare1,Disney,192,tileGrid,Size_1_x_1,,0,,1,br,Glider_BurntBagel,King's Parade Horse,glider,epic,,The Pumpkin King,5,4,2024-10-12T06:22:57Z
2026-10-01,v2:/ffa45fb968458e23b2f9dd6c3ffb87ce57ae15aee25dc51f16793580656fef2f,[VIRTUAL]1 x Seek & Destroy for 500 MtxCurrency,500,500,0,0.0,0,2026-10-01T00:00:00Z,2026-10-31T23:59:59.999Z,1,0,-20,JT100126,Jam Tracks,179,expandableList,Size_1_x_1,,0,,1,track,sid_placeholder_238,Seek & Destroy,,,,,,,2024-06-20T00:00:00Z
2026-10-01,v2:/25a464990b4078636b5f672b4d49f9a06ee36bcdd6d14890411a533ff25405ba,[VIRTUAL]1 x Applause for 500 MtxCurrency,500,500,0,0.0,0,2026-10-01T00:00:00Z,2026-10-31T23:59:59.999Z,1,0,-69,JT100126,Jam Tracks,179,expandableList,Size_1_x_1,,0,,1,track,sid_placeholder_130,Applause,,,,,,,2024-02-22T09:00:00Z
2026-10-01,v2:/47c13500e845401fde490304b61148b867cddfc91fbd3b4b06d49b4e3943375a,"[VIRTUAL]1 x Keyblade, 1 x Keyblade for 800 MtxCurrency",800,800,0,0.0,0,2026-09-17T00:00:00Z,2026-10-01T23:59:59.999Z,1,0,-2,KingdomHearts,Kingdom Hearts,193,tileGrid,Size_1_x_1,,0,,2,br,Pickaxe_SpireTend,Keyblade,pickaxe,gaminglegends,Gaming Legends Series,Kingdom Hearts,7,4,2026-09-17T08:00:00Z
2026-10-01,v2:/47c13500e845401fde490304b61148b867cddfc91fbd3b4b06d49b4e3943375a,"[VIRTUAL]1 x Keyblade, 1 x Keyblade for 800 MtxCurrency",800,800,0,0.0,0,2026-09-17T00:00:00Z,2026-10-01T23:59:59.999Z,1,0,-2,KingdomHearts,Kingdom Hearts,193,tileGrid,Size_1_x_1,,0,,2,br,Backpack_SpireTend,Keyblade,backpack,gaminglegends,Gaming Legends Series,Kingdom Hearts,7,4,2026-09-17T08:00:00Z
2026-10-01,v2:/014e906ae5b45fa5890d80fa5cb92fd3e4f9f804ff6c1476fabf7a01d2644e28,"[VIRTUAL]1 x Isaac, 1 x Mom's Knife, 1 x Duke of Flies for -1 MtxCurrency",1600,1000,600,0.375,1,2026-09-29T00:00:00Z,2026-10-02T23:59:59.999Z,1,0,-1,TheBindingofIsaac,The Binding of Isaac,184,tileGrid,Size_1_x_1,,1,Isaac Unbound Bundle,3,br,Backpack_BasketSuburb,Isaac,backpack,gaminglegends,Gaming Legends Series,Isaac Unbound,6,5,2025-09-12T00:00:00Z
2026-10-01,v2:/014e906ae5b45fa5890d80fa5cb92fd3e4f9f804ff6c1476fabf7a01d2644e28,"[VIRTUAL]1 x Isaac, 1 x Mom's Knife, 1 x Duke of Flies for -1 MtxCurrency",1600,1000,600,0.375,1,2026-09-29T00:00:00Z,2026-10-02T23:59:59.999Z,1,0,-1,TheBindingofIsaac,The Binding of Isaac,184,tileGrid,Size_1_x_1,,1,Isaac Unbound Bundle,3,br,Pickaxe_BasketSuburb,Mom's Knife,pickaxe,gaminglegends,Gaming Legends Series,Isaac Unbound,6,5,2025-09-12T00:00:00Z
2026-10-01,v2:/014e906ae5b45fa5890d80fa5cb92fd3e4f9f804ff6c1476fabf7a01d2644e28,"[VIRTUAL]1 x Isaac, 1 x Mom's Knife, 1 x Duke of Flies for -1 MtxCurrency",1600,1000,600,0.375,1,2026-09-29T00:00:00Z,2026-10-02T23:59:59.999Z,1,0,-1,TheBindingofIsaac,The Binding of Isaac,184,tileGrid,Size_1_x_1,,1,Isaac Unbound Bundle,3,br,EID_BasketSuburb,Duke of Flies,emote,gaminglegends,Gaming Legends Series,Isaac Unbound,6,5,2025-09-12T00:00:00Z
2026-10-01,v2:/4dfc84c5f6ba97e10c9ecf91c65b4c8c3622cff1f4392f3f9cad6aeab9f16ba3,[VIRTUAL]1 x Sussie for 400 MtxCurrency,400,400,0,0.0,0,2026-09-27T00:00:00Z,2026-10-01T23:59:59.999Z,1,0,-4,Kpop2Newest,KPop Demon Hunters,183,tileGrid,Size_1_x_1,,0,,1,br,Backpack_BountyPond,Sussie,backpack,icon,Icon Series,KPop Demon Hunters,7,1,2026-02-05T15:01:36Z
2026-10-01,v2:/6c7c3358ed6fd8df11f5654810e73e3f9ca5bd3288dab2e2bb66c7528bd54271,[VIRTUAL]1 x Scout's Marshmallow for 800 MtxCurrency,800,800,0,0.0,0,2026-09-28T00:00:00Z,2026-10-01T23:59:59.999Z,1,0,-2,PEAK,PEAK,182,tileGrid,Size_1_x_1,Reactive to weak points!,0,,1,br,Pickaxe_TopicProud,Scout's Marshmallow,pickaxe,gaminglegends,Gaming Legends Series,PEAK,7,2,2026-03-22T00:00:00Z
2026-10-01,v2:/2d371ce5a745334f33757ecce7da10d0269b4e8e5ce49af6178dda3d4b9f6c29,"[VIRTUAL]1 x Joker (Persona 5), 1 x Shujin Academy Backpack, 1 x Silver Dagger, 1 x Panther (P5R), 1 x Carmen's Heart, 1 x Carmen's Heart Flail, 1 x Morgana (Persona 5), 1 x Morgana Slippers, 1 x Panther's Showtime, 1 x Carmen's Microphone, 1 x Carmen's Microphone, 1 x Carmen's Microphone, 1 x Phantom Thieves Guitar, 1 x Phantom Thieves Guitar, 1 x Phantom Thieves Guitar, 1 x TBD (SID_Placeholder_930), 1 x Panther's Eyes, 1 x Joker's Eyes for -1 MtxCurrency",9600,3800,5800,0.6042,1,2026-09-26T00:00:00Z,2026-10-05T23:59:59.999Z,1,0,-1,Persona5,Persona 5 Royal,191,billboard,Size_4_x_1,,1,Persona 5 Royal Bundle,18,br,Character_CosmicTrellis,Joker (P5R),outfit,gaminglegends,Gaming Legends Series,Persona 5 Royal,7,4,2026-09-24T16:00:38Z
2026-10-01,v2:/2d371ce5a745334f33757ecce7da10d0269b4e8e5ce49af6178dda3d4b9f6c29,"[VIRTUAL]1 x Joker (Persona 5), 1 x Shujin Academy Backpack, 1 x Silver Dagger, 1 x Panther (P5R), 1 x Carmen's Heart, 1 x Carmen's Heart Flail, 1 x Morgana (Persona 5), 1 x Morgana Slippers, 1 x Panther's Showtime, 1 x Carmen's Microphone, 1 x Carmen's Microphone, 1 x Carmen's Microphone, 1 x Phantom Thieves Guitar, 1 x Phantom Thieves Guitar, 1 x Phantom Thieves Guitar, 1 x TBD (SID_Placeholder_930), 1 x Panther's Eyes, 1 x Joker's Eyes for -1 MtxCurrency",9600,3800,5800,0.6042,1,2026-09-26T00:00:00Z,2026-10-05T23:59:59.999Z,1,0,-1,Persona5,Persona 5 Royal,191,billboard,Size_4_x_1,,1,Persona 5 Royal Bundle,18,br,Backpack_CosmicTrellis,Shujin Academy Backpack,backpack,gaminglegends,Gaming Legends Series,Persona 5 Royal,7,4,2026-09-24T16:00:38Z
2026-10-01,v2:/2d371ce5a745334f33757ecce7da10d0269b4e8e5ce49af6178dda3d4b9f6c29,"[VIRTUAL]1 x Joker (Persona 5), 1 x Shujin Academy Backpack, 1 x Silver Dagger, 1 x Panther (P5R), 1 x Carmen's Heart, 1 x Carmen's Heart Flail, 1 x Morgana (Persona 5), 1 x Morgana Slippers, 1 x Panther's Showtime, 1 x Carmen's Microphone, 1 x Carmen's Microphone, 1 x Carmen's Microphone, 1 x Phantom Thieves Guitar, 1 x Phantom Thieves Guitar, 1 x Phantom Thieves Guitar, 1 x TBD (SID_Placeholder_930), 1 x Panther's Eyes, 1 x Joker's Eyes for -1 MtxCurrency",9600,3800,5800,0.6042,1,2026-09-26T00:00:00Z,2026-10-05T23:59:59.999Z,1,0,-1,Persona5,Persona 5 Royal,191,billboard,Size_4_x_1,,1,Persona 5 Royal Bundle,18,br,Pickaxe_CosmicTrellis,Silver Dagger,pickaxe,gaminglegends,Gaming Legends Series,Persona 5 Royal,7,4,2026-09-24T16:00:38Z
2026-10-01,v2:/2d371ce5a745334f33757ecce7da10d0269b4e8e5ce49af6178dda3d4b9f6c29,"[VIRTUAL]1 x Joker (Persona 5), 1 x Shujin Academy Backpack, 1 x Silver Dagger, 1 x Panther (P5R), 1 x Carmen's Heart, 1 x Carmen's Heart Flail, 1 x Morgana (Persona 5), 1 x Morgana Slippers, 1 x Panther's Showtime, 1 x Carmen's Microphone, 1 x Carmen's Microphone, 1 x Carmen's Microphone, 1 x Phantom Thieves Guitar, 1 x Phantom Thieves Guitar, 1 x Phantom Thieves Guitar, 1 x TBD (SID_Placeholder_930), 1 x Panther's Eyes, 1 x Joker's Eyes for -1 MtxCurrency",9600,3800,5800,0.6042,1,2026-09-26T00:00:00Z,2026-10-05T23:59:59.999Z,1,0,-1,Persona5,Persona 5 Royal,191,billboard,Size_4_x_1,,1,Persona 5 Royal Bundle,18,br,Character_DebitScent,Panther (P5R),outfit,gaminglegends,Gaming Legends Series,Persona 5 Royal,7,4,2026-09-25T13:00:42Z
2026-10-01,v2:/2d371ce5a745334f33757ecce7da10d0269b4e8e5ce49af6178dda3d4b9f6c29,"[VIRTUAL]1 x Joker (Persona 5), 1 x Shujin Academy Backpack, 1 x Silver Dagger, 1 x Panther (P5R), 1 x Carmen's Heart, 1 x Carmen's Heart Flail, 1 x Morgana (Persona 5), 1 x Morgana Slippers, 1 x Panther's Showtime, 1 x Carmen's Microphone, 1 x Carmen's Microphone, 1 x Carmen's Microphone, 1 x Phantom Thieves Guitar, 1 x Phantom Thieves Guitar, 1 x Phantom Thieves Guitar, 1 x TBD (SID_Placeholder_930), 1 x Panther's Eyes, 1 x Joker's Eyes for -1 MtxCurrency",9600,3800,5800,0.6042,1,2026-09-26T00:00:00Z,2026-10-05T23:59:59.999Z,1,0,-1,Persona5,Persona 5 Royal,191,billboard,Size_4_x_1,,1,Persona 5 Royal Bundle,18,br,Backpack_DebitScent,Carmen's Heart,backpack,gaminglegends,Gaming Legends Series,Persona 5 Royal,7,4,2026-09-25T13:00:42Z
2026-10-01,v2:/2d371ce5a745334f33757ecce7da10d0269b4e8e5ce49af6178dda3d4b9f6c29,"[VIRTUAL]1 x Joker (Persona 5), 1 x Shujin Academy Backpack, 1 x Silver Dagger, 1 x Panther (P5R), 1 x Carmen's Heart, 1 x Carmen's Heart Flail, 1 x Morgana (Persona 5), 1 x Morgana Slippers, 1 x Panther's Showtime, 1 x Carmen's Microphone, 1 x Carmen's Microphone, 1 x Carmen's Microphone, 1 x Phantom Thieves Guitar, 1 x Phantom Thieves Guitar, 1 x Phantom Thieves Guitar, 1 x TBD (SID_Placeholder_930), 1 x Panther's Eyes, 1 x Joker's Eyes for -1 MtxCurrency",9600,3800,5800,0.6042,1,2026-09-26T00:00:00Z,2026-10-05T23:59:59.999Z,1,0,-1,Persona5,Persona 5 Royal,191,billboard,Size_4_x_1,,1,Persona 5 Royal Bundle,18,br,Pickaxe_DebitScent,Carmen's Heart Flail,pickaxe,gaminglegends,Gaming Legends Series,Persona 5 Royal,7,4,2026-09-25T13:00:42Z
2026-10-01,v2:/2d371ce5a745334f33757ecce7da10d0269b4e8e5ce49af6178dda3d4b9f6c29,"[VIRTUAL]1 x Joker (Persona 5), 1 x Shujin Academy Backpack, 1 x Silver Dagger, 1 x Panther (P5R), 1 x Carmen's Heart, 1 x Carmen's Heart Flail, 1 x Morgana (Persona 5), 1 x Morgana Slippers, 1 x Panther's Showtime, 1 x Carmen's Microphone, 1 x Carmen's Microphone, 1 x Carmen's Microphone, 1 x Phantom Thieves Guitar, 1 x Phantom Thieves Guitar, 1 x Phantom Thieves Guitar, 1 x TBD (SID_Placeholder_930), 1 x Panther's Eyes, 1 x Joker's Eyes for -1 MtxCurrency",9600,3800,5800,0.6042,1,2026-09-26T00:00:00Z,2026-10-05T23:59:59.999Z,1,0,-1,Persona5,Persona 5 Royal,191,billboard,Size_4_x_1,,1,Persona 5 Royal Bundle,18,br,Companion_ListDizzy,Morgana (P5R),sidekick,gaminglegends,Gaming Legends Series,Persona 5 Royal,7,4,2026-09-25T13:00:42Z
2026-10-01,v2:/2d371ce5a745334f33757ecce7da10d0269b4e8e5ce49af6178dda3d4b9f6c29,"[VIRTUAL]1 x Joker (Persona 5), 1 x Shujin Academy Backpack, 1 x Silver Dagger, 1 x Panther (P5R), 1 x Carmen's Heart, 1 x Carmen's Heart Flail, 1 x Morgana (Persona 5), 1 x Morgana Slippers, 1 x Panther's Showtime, 1 x Carmen's Microphone, 1 x Carmen's Microphone, 1 x Carmen's Microphone, 1 x Phantom Thieves Guitar, 1 x Phantom Thieves Guitar, 1 x Phantom Thieves Guitar, 1 x TBD (SID_Placeholder_930), 1 x Panther's Eyes, 1 x Joker's Eyes for -1 MtxCurrency",9600,3800,5800,0.6042,1,2026-09-26T00:00:00Z,2026-10-05T23:59:59.999Z,1,0,-1,Persona5,Persona 5 Royal,191,billboard,Size_4_x_1,,1,Persona 5 Royal Bundle,18,br,Shoes_Cosmictrelliswand,Morgana Slippers,shoe,gaminglegends,Gaming Legends Series,Persona 5 Royal,7,4,2026-09-17T16:17:14Z
2026-10-01,v2:/2d371ce5a745334f33757ecce7da10d0269b4e8e5ce49af6178dda3d4b9f6c29,"[VIRTUAL]1 x Joker (Persona 5), 1 x Shujin Academy Backpack, 1 x Silver Dagger, 1 x Panther (P5R), 1 x Carmen's Heart, 1 x Carmen's Heart Flail, 1 x Morgana (Persona 5), 1 x Morgana Slippers, 1 x Panther's Showtime, 1 x Carmen's Microphone, 1 x Carmen's Microphone, 1 x Carmen's Microphone, 1 x Phantom Thieves Guitar, 1 x Phantom Thieves Guitar, 1 x Phantom Thieves Guitar, 1 x TBD (SID_Placeholder_930), 1 x Panther's Eyes, 1 x Joker's Eyes for -1 MtxCurrency",9600,3800,5800,0.6042,1,2026-09-26T00:00:00Z,2026-10-05T23:59:59.999Z,1,0,-1,Persona5,Persona 5 Royal,191,billboard,Size_4_x_1,,1,Persona 5 Royal Bundle,18,br,EID_DebitScent,Panther's Showtime,emote,gaminglegends,Gaming Legends Series,Persona 5 Royal,7,4,2026-09-25T13:00:42Z
2026-10-01,v2:/2d371ce5a745334f33757ecce7da10d0269b4e8e5ce49af6178dda3d4b9f6c29,"[VIRTUAL]1 x Joker (Persona 5), 1 x Shujin Academy Backpack, 1 x Silver Dagger, 1 x Panther (P5R), 1 x Carmen's Heart, 1 x Carmen's Heart Flail, 1 x Morgana (Persona 5), 1 x Morgana Slippers, 1 x Panther's Showtime, 1 x Carmen's Microphone, 1 x Carmen's Microphone, 1 x Carmen's Microphone, 1 x Phantom Thieves Guitar, 1 x Phantom Thieves Guitar, 1 x Phantom Thieves Guitar, 1 x TBD (SID_Placeholder_930), 1 x Panther's Eyes, 1 x Joker's Eyes for -1 MtxCurrency",9600,3800,5800,0.6042,1,2026-09-26T00:00:00Z,2026-10-05T23:59:59.999Z,1,0,-1,Persona5,Persona 5 Royal,191,billboard,Size_4_x_1,,1,Persona 5 Royal Bundle,18,br,Backpack_DebitScent_Mic,Carmen's Microphone,backpack,gaminglegends,Gaming Legends Series,Persona 5 Royal,7,4,2026-09-25T13:00:42Z
2026-10-01,v2:/2d371ce5a745334f33757ecce7da10d0269b4e8e5ce49af6178dda3d4b9f6c29,"[VIRTUAL]1 x Joker (Persona 5), 1 x Shujin Academy Backpack, 1 x Silver Dagger, 1 x Panther (P5R), 1 x Carmen's Heart, 1 x Carmen's Heart Flail, 1 x Morgana (Persona 5), 1 x Morgana Slippers, 1 x Panther's Showtime, 1 x Carmen's Microphone, 1 x Carmen's Microphone, 1 x Carmen's Microphone, 1 x Phantom Thieves Guitar, 1 x Phantom Thieves Guitar, 1 x Phantom Thieves Guitar, 1 x TBD (SID_Placeholder_930), 1 x Panther's Eyes, 1 x Joker's Eyes for -1 MtxCurrency",9600,3800,5800,0.6042,1,2026-09-26T00:00:00Z,2026-10-05T23:59:59.999Z,1,0,-1,Persona5,Persona 5 Royal,191,billboard,Size_4_x_1,,1,Persona 5 Royal Bundle,18,br,Pickaxe_DebitScent_Mic,Carmen's Microphone,pickaxe,gaminglegends,Gaming Legends Series,Persona 5 Royal,7,4,2026-09-25T13:00:42Z
2026-10-01,v2:/2d371ce5a745334f33757ecce7da10d0269b4e8e5ce49af6178dda3d4b9f6c29,"[VIRTUAL]1 x Joker (Persona 5), 1 x Shujin Academy Backpack, 1 x Silver Dagger, 1 x Panther (P5R), 1 x Carmen's Heart, 1 x Carmen's Heart Flail, 1 x Morgana (Persona 5), 1 x Morgana Slippers, 1 x Panther's Showtime, 1 x Carmen's Microphone, 1 x Carmen's Microphone, 1 x Carmen's Microphone, 1 x Phantom Thieves Guitar, 1 x Phantom Thieves Guitar, 1 x Phantom Thieves Guitar, 1 x TBD (SID_Placeholder_930), 1 x Panther's Eyes, 1 x Joker's Eyes for -1 MtxCurrency",9600,3800,5800,0.6042,1,2026-09-26T00:00:00Z,2026-10-05T23:59:59.999Z,1,0,-1,Persona5,Persona 5 Royal,191,billboard,Size_4_x_1,,1,Persona 5 Royal Bundle,18,br,Backpack_CosmicTrellis_Guitar,Phantom Thieves Guitar,backpack,gaminglegends,Gaming Legends Series,Persona 5 Royal,7,4,2026-09-24T16:00:38Z
2026-10-01,v2:/2d371ce5a745334f33757ecce7da10d0269b4e8e5ce49af6178dda3d4b9f6c29,"[VIRTUAL]1 x Joker (Persona 5), 1 x Shujin Academy Backpack, 1 x Silver Dagger, 1 x Panther (P5R), 1 x Carmen's Heart, 1 x Carmen's Heart Flail, 1 x Morgana (Persona 5), 1 x Morgana Slippers, 1 x Panther's Showtime, 1 x Carmen's Microphone, 1 x Carmen's Microphone, 1 x Carmen's Microphone, 1 x Phantom Thieves Guitar, 1 x Phantom Thieves Guitar, 1 x Phantom Thieves Guitar, 1 x TBD (SID_Placeholder_930), 1 x Panther's Eyes, 1 x Joker's Eyes for -1 MtxCurrency",9600,3800,5800,0.6042,1,2026-09-26T00:00:00Z,2026-10-05T23:59:59.999Z,1,0,-1,Persona5,Persona 5 Royal,191,billboard,Size_4_x_1,,1,Persona 5 Royal Bundle,18,br,Pickaxe_CosmicTrellis_Guitar,Phantom Thieves Guitar,pickaxe,gaminglegends,Gaming Legends Series,Persona 5 Royal,7,4,2026-09-24T16:00:38Z
2026-10-01,v2:/2d371ce5a745334f33757ecce7da10d0269b4e8e5ce49af6178dda3d4b9f6c29,"[VIRTUAL]1 x Joker (Persona 5), 1 x Shujin Academy Backpack, 1 x Silver Dagger, 1 x Panther (P5R), 1 x Carmen's Heart, 1 x Carmen's Heart Flail, 1 x Morgana (Persona 5), 1 x Morgana Slippers, 1 x Panther's Showtime, 1 x Carmen's Microphone, 1 x Carmen's Microphone, 1 x Carmen's Microphone, 1 x Phantom Thieves Guitar, 1 x Phantom Thieves Guitar, 1 x Phantom Thieves Guitar, 1 x TBD (SID_Placeholder_930), 1 x Panther's Eyes, 1 x Joker's Eyes for -1 MtxCurrency",9600,3800,5800,0.6042,1,2026-09-26T00:00:00Z,2026-10-05T23:59:59.999Z,1,0,-1,Persona5,Persona 5 Royal,191,billboard,Size_4_x_1,,1,Persona 5 Royal Bundle,18,br,Wrap_DebitScent,Panther's Eyes,wrap,gaminglegends,Gaming Legends Series,Persona 5 Royal,7,4,2026-09-25T13:00:42Z
2026-10-01,v2:/2d371ce5a745334f33757ecce7da10d0269b4e8e5ce49af6178dda3d4b9f6c29,"[VIRTUAL]1 x Joker (Persona 5), 1 x Shujin Academy Backpack, 1 x Silver Dagger, 1 x Panther (P5R), 1 x Carmen's Heart, 1 x Carmen's Heart Flail, 1 x Morgana (Persona 5), 1 x Morgana Slippers, 1 x Panther's Showtime, 1 x Carmen's Microphone, 1 x Carmen's Microphone, 1 x Carmen's Microphone, 1 x Phantom Thieves Guitar, 1 x Phantom Thieves Guitar, 1 x Phantom Thieves Guitar, 1 x TBD (SID_Placeholder_930), 1 x Panther's Eyes, 1 x Joker's Eyes for -1 MtxCurrency",9600,3800,5800,0.6042,1,2026-09-26T00:00:00Z,2026-10-05T23:59:59.999Z,1,0,-1,Persona5,Persona 5 Royal,191,billboard,Size_4_x_1,,1,Persona 5 Royal Bundle,18,br,Wrap_CosmicTrellis,Joker's Eyes,wrap,gaminglegends,Gaming Legends Series,Persona 5 Royal,7,4,2026-09-25T13:00:42Z
2026-10-01,v2:/2d371ce5a745334f33757ecce7da10d0269b4e8e5ce49af6178dda3d4b9f6c29,"[VIRTUAL]1 x Joker (Persona 5), 1 x Shujin Academy Backpack, 1 x Silver Dagger, 1 x Panther (P5R), 1 x Carmen's Heart, 1 x Carmen's Heart Flail, 1 x Morgana (Persona 5), 1 x Morgana Slippers, 1 x Panther's Showtime, 1 x Carmen's Microphone, 1 x Carmen's Microphone, 1 x Carmen's Microphone, 1 x Phantom Thieves Guitar, 1 x Phantom Thieves Guitar, 1 x Phantom Thieves Guitar, 1 x TBD (SID_Placeholder_930), 1 x Panther's Eyes, 1 x Joker's Eyes for -1 MtxCurrency",9600,3800,5800,0.6042,1,2026-09-26T00:00:00Z,2026-10-05T23:59:59.999Z,1,0,-1,Persona5,Persona 5 Royal,191,billboard,Size_4_x_1,,1,Persona 5 Royal Bundle,18,track,sid_placeholder_930,Life Will Change,,,,,,,2026-09-25T13:01:49Z
2026-10-01,v2:/2d371ce5a745334f33757ecce7da10d0269b4e8e5ce49af6178dda3d4b9f6c29,"[VIRTUAL]1 x Joker (Persona 5), 1 x Shujin Academy Backpack, 1 x Silver Dagger, 1 x Panther (P5R), 1 x Carmen's Heart, 1 x Carmen's Heart Flail, 1 x Morgana (Persona 5), 1 x Morgana Slippers, 1 x Panther's Showtime, 1 x Carmen's Microphone, 1 x Carmen's Microphone, 1 x Carmen's Microphone, 1 x Phantom Thieves Guitar, 1 x Phantom Thieves Guitar, 1 x Phantom Thieves Guitar, 1 x TBD (SID_Placeholder_930), 1 x Panther's Eyes, 1 x Joker's Eyes for -1 MtxCurrency",9600,3800,5800,0.6042,1,2026-09-26T00:00:00Z,2026-10-05T23:59:59.999Z,1,0,-1,Persona5,Persona 5 Royal,191,billboard,Size_4_x_1,,1,Persona 5 Royal Bundle,18,instrument,Sparks_DebitScent_Mic,Carmen's Microphone,mic,gaminglegends,Gaming Legends Series,,,,2026-09-25T13:00:42Z
2026-10-01,v2:/2d371ce5a745334f33757ecce7da10d0269b4e8e5ce49af6178dda3d4b9f6c29,"[VIRTUAL]1 x Joker (Persona 5), 1 x Shujin Academy Backpack, 1 x Silver Dagger, 1 x Panther (P5R), 1 x Carmen's Heart, 1 x Carmen's Heart Flail, 1 x Morgana (Persona 5), 1 x Morgana Slippers, 1 x Panther's Showtime, 1 x Carmen's Microphone, 1 x Carmen's Microphone, 1 x Carmen's Microphone, 1 x Phantom Thieves Guitar, 1 x Phantom Thieves Guitar, 1 x Phantom Thieves Guitar, 1 x TBD (SID_Placeholder_930), 1 x Panther's Eyes, 1 x Joker's Eyes for -1 MtxCurrency",9600,3800,5800,0.6042,1,2026-09-26T00:00:00Z,2026-10-05T23:59:59.999Z,1,0,-1,Persona5,Persona 5 Royal,191,billboard,Size_4_x_1,,1,Persona 5 Royal Bundle,18,instrument,Sparks_CosmicTrellis_Guitar,Phantom Thieves Guitar,guitar,gaminglegends,Gaming Legends Series,,,,2026-09-24T16:00:38Z
2026-10-01,v2:/8f47a6c3357f0a5cff58de70da476716fdc2f753ecda429a8715a5723d60eab7,[VIRTUAL]1 x For The Night for 500 MtxCurrency,500,500,0,0.0,0,2026-10-01T00:00:00Z,2026-10-31T23:59:59.999Z,1,0,-32,JT100126,Jam Tracks,179,expandableList,Size_1_x_1,,0,,1,track,sid_placeholder_413,For The Night,,,,,,,2024-11-07T17:50:41Z
2026-10-01,v2:/c4badd51ba6b067cfe1c2fd7484aac3c121a7751526444e2a647dffa45881224,[VIRTUAL]1 x Wavepiercer for 300 MtxCurrency,300,300,0,0.0,0,2026-09-28T00:00:00Z,2026-10-01T23:59:59.999Z,1,0,-4,,,,,Size_1_x_1,,0,,1,br,BID_418_BulletBlueMale,Wavepiercer,backpack,rare,,Open Water,2,1,2019-11-20T12:51:15Z
2026-10-01,v2:/3e02566e6518926b3865d040c85813c9ac77ac503717db4f90b6be2aa5d3db7b,[VIRTUAL]1 x Paint The Town Red for 500 MtxCurrency,500,500,0,0.0,0,2026-10-01T00:00:00Z,2026-10-31T23:59:59.999Z,1,0,-65,JT100126,Jam Tracks,179,expandableList,Size_1_x_1,,0,,1,track,sid_placeholder_191,Paint The Town Red,,,,,,,2024-04-09T15:02:47Z
2026-10-01,v2:/2b241acb203db5f67c90d9978d5328c08652e2ebc9179269117cb4ccc3cb7881,"[VIRTUAL]1 x Pumpkin King, 1 x Sally, 1 x Worm's Wort, 1 x Sally's Soup Ladle, 1 x King's Parade Horse, 1 x Town Signpost, 1 x Rot Iron Trident, 1 x BOO!, 1 x I Am the Pumpkin King, 1 x Banner Icon, 1 x This is Halloween Town for -1 MtxCurrency",5100,3400,1700,0.3333,1,2026-09-28T00:00:00Z,2026-10-01T23:59:59.999Z,1,0,-1,KHNightmare1,Disney,192,tileGrid,Size_2_x_1,,1,Pumpkin King & Sally Bundle,10,br,Character_BurntBagel,Pumpkin King,outfit,epic,,The Pumpkin King,5,4,2024-10-12T06:22:57Z
2026-10-01,v2:/2b241acb203db5f67c90d9978d5328c08652e2ebc9179269117cb4ccc3cb7881,"[VIRTUAL]1 x Pumpkin King, 1 x Sally, 1 x Worm's Wort, 1 x Sally's Soup Ladle, 1 x King's Parade Horse, 1 x Town Signpost, 1 x Rot Iron Trident, 1 x BOO!, 1 x I Am the Pumpkin King, 1 x Banner Icon, 1 x This is Halloween Town for -1 MtxCurrency",5100,3400,1700,0.3333,1,2026-09-28T00:00:00Z,2026-10-01T23:59:59.999Z,1,0,-1,KHNightmare1,Disney,192,tileGrid,Size_2_x_1,,1,Pumpkin King & Sally Bundle,10,br,Character_HayBrush,Sally,outfit,epic,,Sewn Sally,5,4,2024-10-12T06:22:57Z
2026-10-01,v2:/2b241acb203db5f67c90d9978d5328c08652e2ebc9179269117cb4ccc3cb7881,"[VIRTUAL]1 x Pumpkin King, 1 x Sally, 1 x Worm's Wort, 1 x Sally's Soup Ladle, 1 x King's Parade Horse, 1 x Town Signpost, 1 x Rot Iron Trident, 1 x BOO!, 1 x I Am the Pumpkin King, 1 x Banner Icon, 1 x This is Halloween Town for -1 MtxCurrency",5100,3400,1700,0.3333,1,2026-09-28T00:00:00Z,2026-10-01T23:59:59.999Z,1,0,-1,KHNightmare1,Disney,192,tileGrid,Size_2_x_1,,1,Pumpkin King & Sally Bundle,10,br,Backpack_HayBrush,Worm's Wort,backpack,rare,,Sewn Sally,5,4,2024-10-12T06:22:57Z
2026-10-01,v2:/2b241acb203db5f67c90d9978d5328c08652e2ebc9179269117cb4ccc3cb7881,"[VIRTUAL]1 x Pumpkin King, 1 x Sally, 1 x Worm's Wort, 1 x Sally's Soup Ladle, 1 x King's Parade Horse, 1 x Town Signpost, 1 x Rot Iron Trident, 1 x BOO!, 1 x I Am the Pumpkin King, 1 x Banner Icon, 1 x This is Halloween Town for -1 MtxCurrency",5100,3400,1700,0.3333,1,2026-09-28T00:00:00Z,2026-10-01T23:59:59.999Z,1,0,-1,KHNightmare1,Disney,192,tileGrid,Size_2_x_1,,1,Pumpkin King & Sally Bundle,10,br,Pickaxe_HayBrush,Sally's Soup Ladle,pickaxe,rare,,Sewn Sally,5,4,2024-10-12T06:22:57Z
2026-10-01,v2:/2b241acb203db5f67c90d9978d5328c08652e2ebc9179269117cb4ccc3cb7881,"[VIRTUAL]1 x Pumpkin King, 1 x Sally, 1 x Worm's Wort, 1 x Sally's Soup Ladle, 1 x King's Parade Horse, 1 x Town Signpost, 1 x Rot Iron Trident, 1 x BOO!, 1 x I Am the Pumpkin King, 1 x Banner Icon, 1 x This is Halloween Town for -1 MtxCurrency",5100,3400,1700,0.3333,1,2026-09-28T00:00:00Z,2026-10-01T23:59:59.999Z,1,0,-1,KHNightmare1,Disney,192,tileGrid,Size_2_x_1,,1,Pumpkin King & Sally Bundle,10,br,Glider_BurntBagel,King's Parade Horse,glider,epic,,The Pumpkin King,5,4,2024-10-12T06:22:57Z
2026-10-01,v2:/2b241acb203db5f67c90d9978d5328c08652e2ebc9179269117cb4ccc3cb7881,"[VIRTUAL]1 x Pumpkin King, 1 x Sally, 1 x Worm's Wort, 1 x Sally's Soup Ladle, 1 x King's Parade Horse, 1 x Town Signpost, 1 x Rot Iron Trident, 1 x BOO!, 1 x I Am the Pumpkin King, 1 x Banner Icon, 1 x This is Halloween Town for -1 MtxCurrency",5100,3400,1700,0.3333,1,2026-09-28T00:00:00Z,2026-10-01T23:59:59.999Z,1,0,-1,KHNightmare1,Disney,192,tileGrid,Size_2_x_1,,1,Pumpkin King & Sally Bundle,10,br,Backpack_BurntBagel,Town Signpost,backpack,rare,,The Pumpkin King,5,4,2024-10-12T06:22:57Z
2026-10-01,v2:/2b241acb203db5f67c90d9978d5328c08652e2ebc9179269117cb4ccc3cb7881,"[VIRTUAL]1 x Pumpkin King, 1 x Sally, 1 x Worm's Wort, 1 x Sally's Soup Ladle, 1 x King's Parade Horse, 1 x Town Signpost, 1 x Rot Iron Trident, 1 x BOO!, 1 x I Am the Pumpkin King, 1 x Banner Icon, 1 x This is Halloween Town for -1 MtxCurrency",5100,3400,1700,0.3333,1,2026-09-28T00:00:00Z,2026-10-01T23:59:59.999Z,1,0,-1,KHNightmare1,Disney,192,tileGrid,Size_2_x_1,,1,Pumpkin King & Sally Bundle,10,br,Pickaxe_BurntBagel,Rot Iron Trident,pickaxe,rare,,The Pumpkin King,5,4,2024-10-12T06:22:57Z
2026-10-01,v2:/2b241acb203db5f67c90d9978d5328c08652e2ebc9179269117cb4ccc3cb7881,"[VIRTUAL]1 x Pumpkin King, 1 x Sally, 1 x Worm's Wort, 1 x Sally's Soup Ladle, 1 x King's Parade Horse, 1 x Town Signpost, 1 x Rot Iron Trident, 1 x BOO!, 1 x I Am the Pumpkin King, 1 x Banner Icon, 1 x This is Halloween Town for -1 MtxCurrency",5100,3400,1700,0.3333,1,2026-09-28T00:00:00Z,2026-10-01T23:59:59.999Z,1,0,-1,KHNightmare1,Disney,192,tileGrid,Size_2_x_1,,1,Pumpkin King & Sally Bundle,10,br,EID_BurntBagel,BOO!,emote,uncommon,,The Pumpkin King,5,4,2024-10-12T06:22:57Z
2026-10-01,v2:/2b241acb203db5f67c90d9978d5328c08652e2ebc9179269117cb4ccc3cb7881,"[VIRTUAL]1 x Pumpkin King, 1 x Sally, 1 x Worm's Wort, 1 x Sally's Soup Ladle, 1 x King's Parade Horse, 1 x Town Signpost, 1 x Rot Iron Trident, 1 x BOO!, 1 x I Am the Pumpkin King, 1 x Banner Icon, 1 x This is Halloween Town for -1 MtxCurrency",5100,3400,1700,0.3333,1,2026-09-28T00:00:00Z,2026-10-01T23:59:59.999Z,1,0,-1,KHNightmare1,Disney,192,tileGrid,Size_2_x_1,,1,Pumpkin King & Sally Bundle,10,br,Spray_BurntBagel,I Am the Pumpkin King,spray,uncommon,,The Pumpkin King,5,4,2024-10-12T06:22:57Z
2026-10-01,v2:/2b241acb203db5f67c90d9978d5328c08652e2ebc9179269117cb4ccc3cb7881,"[VIRTUAL]1 x Pumpkin King, 1 x Sally, 1 x Worm's Wort, 1 x Sally's Soup Ladle, 1 x King's Parade Horse, 1 x Town Signpost, 1 x Rot Iron Trident, 1 x BOO!, 1 x I Am the Pumpkin King, 1 x Banner Icon, 1 x This is Halloween Town for -1 MtxCurrency",5100,3400,1700,0.3333,1,2026-09-28T00:00:00Z,2026-10-01T23:59:59.999Z,1,0,-1,KHNightmare1,Disney,192,tileGrid,Size_2_x_1,,1,Pumpkin King & Sally Bundle,10,br,Spray_BurntBagel2,This is Halloween Town,spray,uncommon,,The Pumpkin King,5,4,2024-10-12T06:22:57Z
2026-10-01,v2:/a1e5776761a846af7f2c77215b30184d86d8f9d398576a3a0ee50e81630e4c19,[VIRTUAL]1 x Circles for 500 MtxCurrency,500,500,0,0.0,0,2026-10-01T00:00:00Z,2026-10-31T23:59:59.999Z,1,0,-6,JT100126,Jam Tracks,179,expandableList,Size_1_x_1,,0,,1,track,sid_placeholder_205,Circles,,,,,,,2024-06-06T13:32:50Z
2026-10-01,v2:/b93f2bcb7d8087ee1e770cd5035e8af34290597067aeb28b21cc95346dfb1892,[VIRTUAL]1 x TBD (SID_Placeholder_327) for 500 MtxCurrency,500,500,0,0.0,0,2026-10-01T00:00:00Z,2026-10-31T23:59:59.999Z,1,0,-98,JT100126,Jam Tracks,179,expandableList,Size_1_x_1,,0,,1,track,sid_placeholder_327,Last Resort (2020),,,,,,,2025-02-13T17:10:43Z
2026-10-01,v2:/cba396da5a046fcace24ec9d12ada8979ce208ee18f1ee017805dec40761038a,[VIRTUAL]1 x TBD (SID_Placeholder_904) for 500 MtxCurrency,500,500,0,0.0,0,2026-09-17T00:00:00Z,2026-10-01T23:59:59.999Z,1,0,-3,KingdomHearts,Kingdom Hearts,193,tileGrid,Size_1_x_1,,0,,1,track,sid_placeholder_904,Dearly Beloved,,,,,,,2026-09-15T14:22:50Z
2026-10-01,v2:/834cd4edd38651dde0fa7ef1d4c480c17418cba947d8b1d01e455b5f67ead610,[VIRTUAL]1 x TBD (SID_Placeholder_748) for 500 MtxCurrency,500,500,0,0.0,0,2026-10-01T00:00:00Z,2026-10-31T23:59:59.999Z,1,0,-67,JT100126,Jam Tracks,179,expandableList,Size_1_x_1,,0,,1,track,sid_placeholder_748,Shy Girl,,,,,,,2026-03-05T15:30:10Z
2026-10-01,v2:/5e4902e3c2d3600f00451f11bdec368eacd6885af06bb9d8ce93b3aa4ed7b787,[VIRTUAL]1 x Get Busy for 500 MtxCurrency,500,500,0,0.0,0,2026-10-01T00:00:00Z,2026-11-05T23:59:59.999Z,1,0,-80,JT100126,Jam Tracks,179,expandableList,Size_1_x_1,,0,,1,track,sid_placeholder_294,Get Busy,,,,,,,2024-12-19T21:10:30Z
2026-10-01,v2:/b26c5fa14a8a11b8d7f6b3f24ddc26c59cfa115b40676e88f6950ec404782557,[VIRTUAL]1 x Ironmouse's Blade of Love for 800 MtxCurrency,800,800,0,0.0,0,2026-09-19T00:00:00Z,2026-10-02T23:59:59.999Z,1,0,-2,IronMouse2,Ironmouse,189,tileGrid,Size_1_x_1,,0,,1,br,Pickaxe_FeelUnionSki,Ironmouse's Blade of Love,pickaxe,rare,,Ironmouse,7,4,2026-09-17T16:17:14Z
2026-10-01,v2:/3c8411b88395ebbbb3fcb3b04aee572e9e4962002c2c2909418e5592373b84d6,[VIRTUAL]1 x Plastic Patroller for 800 MtxCurrency,800,800,0,0.0,0,2026-09-29T00:00:00Z,2026-10-05T23:59:59.999Z,1,0,-2,NS092926,No Sweat,186,tileGrid,Size_1_x_1,,0,,1,br,CID_435_Athena_Commando_M_MunitionsExpertGreenPlastic,Plastic Patroller,outfit,uncommon,,Toy Soldier,1,9,2019-11-20T12:49:58Z
2026-10-01,v2:/b35994c86a3a512a7a6e2ddad85e3d4817710930b97085900cc2feeb646d35e0,[VIRTUAL]1 x Hell Again for 500 MtxCurrency,500,500,0,0.0,0,2026-09-19T00:00:00Z,2026-10-02T23:59:59.999Z,1,0,-3,IronMouse2,Ironmouse,189,tileGrid,Size_1_x_1,,0,,1,br,EID_FeelUnionMoo,Hell Again,emote,uncommon,,Ironmouse,7,4,2026-09-17T16:17:14Z
2026-10-01,v2:/2a45c01c57209580c9446c963f5b2c172e40279efc2bddb7d905b1f7005c348a,[VIRTUAL]1 x Big Poppa for 500 MtxCurrency,500,500,0,0.0,0,2026-10-01T00:00:00Z,2026-10-31T23:59:59.999Z,1,0,-8,JT100126,Jam Tracks,179,expandableList,Size_1_x_1,,0,,1,track,sid_placeholder_317,Big Poppa,,,,,,,2024-09-12T15:46:51Z
2026-10-01,v2:/b41b7134f0c2e3adde3bad83d9a09aa3a931d93c568c925d5f88034dba29ee08,"[VIRTUAL]1 x Madison's Mic, 1 x Madison's Mic, 1 x Madison's Mic for 800 MtxCurrency",800,800,0,0.0,0,2026-09-25T00:00:00Z,2026-10-04T23:59:59.999Z,1,0,-2,MadisonBeer,Madison Beer,194,tileGrid,Size_1_x_1,,0,,3,br,Backpack_MistTycoon_Mic,Madison's Mic,backpack,icon,Icon Series,Madison Beer,7,4,2026-09-24T13:00:55Z
2026-10-01,v2:/b41b7134f0c2e3adde3bad83d9a09aa3a931d93c568c925d5f88034dba29ee08,"[VIRTUAL]1 x Madison's Mic, 1 x Madison's Mic, 1 x Madison's Mic for 800 MtxCurrency",800,800,0,0.0,0,2026-09-25T00:00:00Z,2026-10-04T23:59:59.999Z,1,0,-2,MadisonBeer,Madison Beer,194,tileGrid,Size_1_x_1,,0,,3,br,Pickaxe_MistTycoon_Mic,Madison's Mic,pickaxe,icon,Icon Series,Madison Beer,7,4,2026-09-24T13:00:55Z
2026-10-01,v2:/b41b7134f0c2e3adde3bad83d9a09aa3a931d93c568c925d5f88034dba29ee08,"[VIRTUAL]1 x Madison's Mic, 1 x Madison's Mic, 1 x Madison's Mic for 800 MtxCurrency",800,800,0,0.0,0,2026-09-25T00:00:00Z,2026-10-04T23:59:59.999Z,1,0,-2,MadisonBeer,Madison Beer,194,tileGrid,Size_1_x_1,,0,,3,instrument,Sparks_MistTycoon_Mic,Madison's Mic,mic,icon,Icon Series,,,,2026-09-24T13:00:55Z
2026-10-01,v2:/ea0662afdad1e1decf327dc3f72b1ca3dc46b2fe349af2658eb7291da3028b67,[VIRTUAL]1 x TBD (SID_Placeholder_403) for 500 MtxCurrency,500,500,0,0.0,0,2026-10-01T00:00:00Z,2026-10-31T23:59:59.999Z,1,0,-60,JT100126,Jam Tracks,179,expandableList,Size_1_x_1,,0,,1,track,sid_placeholder_403,Californication,,,,,,,2025-01-09T17:40:48Z
2026-10-01,v2:/737e0c9484bac69d43c4e8732fe7f5fb228502b103c0746d1666cef73746bd39,[VIRTUAL]1 x I Think I'm OKAY for 500 MtxCurrency,500,500,0,0.0,0,2026-10-01T00:00:00Z,2026-10-31T23:59:59.999Z,1,0,-70,JT100126,Jam Tracks,179,expandableList,Size_1_x_1,,0,,1,track,sid_placeholder_86,I Think I'm OKAY,,,,,,,2024-03-20T00:05:45Z
2026-10-01,v2:/6cd2c6a3f9b1ae287081241a86f60670943e31705d55cc879108fd6617b224d5,"[VIRTUAL]1 x Alias, 1 x Caper, 1 x Heartline, 1 x Beat Breaker, 1 x Rare Wear, 1 x Hamster Bold, 1 x Peace Bear, 1 x No More, 1 x Break Point Ultra, 1 x Rare Drip, 1 x Kiss Off, 1 x Break Point Freestyle, 1 x Speed Splat, 1 x Hamster Overdrive, 1 x Neo Revolution, 1 x Peel'd Face, 1 x Fishy Face, 1 x Crack'd Face, 1 x Skull & Crossbears, 1 x Fort Future, 1 x Royale Rep, 1 x Sharp Duck, 1 x Fortunate, 1 x All Time Drip, 1 x Hamster Cabbie, 1 x Tomato Face, 1 x Cuddle Face, 1 x Skull Face, 1 x Grim Grin, 1 x Hare-Raising, 1 x Dire Goat, 1 x Neon Payback, 1 x Taxi Attack, 1 x Hearts Aflutter, 1 x Future Goat, 1 x Durrr Face, 1 x Meow Face, 1 x Drift Face for -1 MtxCurrency",2400,1800,600,0.25,1,2026-09-30T00:00:00Z,2026-10-02T23:59:59.999Z,1,0,-1,BR100126,Fit Check,185,tileGrid,Size_2_x_1,,1,Escape Artists Bundle,38,br,Character_Jumpsuit_Mutable,Alias,outfit,epic,,Escape Artists,4,4,2023-08-27T00:00:00Z
2026-10-01,v2:/6cd2c6a3f9b1ae287081241a86f60670943e31705d55cc879108fd6617b224d5,"[VIRTUAL]1 x Alias, 1 x Caper, 1 x Heartline, 1 x Beat Breaker, 1 x Rare Wear, 1 x Hamster Bold, 1 x Peace Bear, 1 x No More, 1 x Break Point Ultra, 1 x Rare Drip, 1 x Kiss Off, 1 x Break Point Freestyle, 1 x Speed Splat, 1 x Hamster Overdrive, 1 x Neo Revolution, 1 x Peel'd Face, 1 x Fishy Face, 1 x Crack'd Face, 1 x Skull & Crossbears, 1 x Fort Future, 1 x Royale Rep, 1 x Sharp Duck, 1 x Fortunate, 1 x All Time Drip, 1 x Hamster Cabbie, 1 x Tomato Face, 1 x Cuddle Face, 1 x Skull Face, 1 x Grim Grin, 1 x Hare-Raising, 1 x Dire Goat, 1 x Neon Payback, 1 x Taxi Attack, 1 x Hearts Aflutter, 1 x Future Goat, 1 x Durrr Face, 1 x Meow Face, 1 x Drift Face for -1 MtxCurrency",2400,1800,600,0.25,1,2026-09-30T00:00:00Z,2026-10-02T23:59:59.999Z,1,0,-1,BR100126,Fit Check,185,tileGrid,Size_2_x_1,,1,Escape Artists Bundle,38,br,Character_Jumpsuit_Scrap_Mutable,Caper,outfit,epic,,Escape Artists,4,4,2023-08-27T00:00:00Z
2026-10-01,v2:/6cd2c6a3f9b1ae287081241a86f60670943e31705d55cc879108fd6617b224d5,"[VIRTUAL]1 x Alias, 1 x Caper, 1 x Heartline, 1 x Beat Breaker, 1 x Rare Wear, 1 x Hamster Bold, 1 x Peace Bear, 1 x No More, 1 x Break Point Ultra, 1 x Rare Drip, 1 x Kiss Off, 1 x Break Point Freestyle, 1 x Speed Splat, 1 x Hamster Overdrive, 1 x Neo Revolution, 1 x Peel'd Face, 1 x Fishy Face, 1 x Crack'd Face, 1 x Skull & Crossbears, 1 x Fort Future, 1 x Royale Rep, 1 x Sharp Duck, 1 x Fortunate, 1 x All Time Drip, 1 x Hamster Cabbie, 1 x Tomato Face, 1 x Cuddle Face, 1 x Skull Face, 1 x Grim Grin, 1 x Hare-Raising, 1 x Dire Goat, 1 x Neon Payback, 1 x Taxi Attack, 1 x Hearts Aflutter, 1 x Future Goat, 1 x Durrr Face, 1 x Meow Face, 1 x Drift Face for -1 MtxCurrency",2400,1800,600,0.25,1,2026-09-30T00:00:00Z,2026-10-02T23:59:59.999Z,1,0,-1,BR100126,Fit Check,185,tileGrid,Size_2_x_1,,1,Escape Artists Bundle,38,br,Spray_Jumpsuit_1,Heartline,spray,uncommon,,Escape Artists,4,4,2023-02-14T10:24:42Z
2026-10-01,v2:/6cd2c6a3f9b1ae287081241a86f60670943e31705d55cc879108fd6617b224d5,"[VIRTUAL]1 x Alias, 1 x Caper, 1 x Heartline, 1 x Beat Breaker, 1 x Rare Wear, 1 x Hamster Bold, 1 x Peace Bear, 1 x No More, 1 x Break Point Ultra, 1 x Rare Drip, 1 x Kiss Off, 1 x Break Point Freestyle, 1 x Speed Splat, 1 x Hamster Overdrive, 1 x Neo Revolution, 1 x Peel'd Face, 1 x Fishy Face, 1 x Crack'd Face, 1 x Skull & Crossbears, 1 x Fort Future, 1 x Royale Rep, 1 x Sharp Duck, 1 x Fortunate, 1 x All Time Drip, 1 x Hamster Cabbie, 1 x Tomato Face, 1 x Cuddle Face, 1 x Skull Face, 1 x Grim Grin, 1 x Hare-Raising, 1 x Dire Goat, 1 x Neon Payback, 1 x Taxi Attack, 1 x Hearts Aflutter, 1 x Future Goat, 1 x Durrr Face, 1 x Meow Face, 1 x Drift Face for -1 MtxCurrency",2400,1800,600,0.25,1,2026-09-30T00:00:00Z,2026-10-02T23:59:59.999Z,1,0,-1,BR100126,Fit Check,185,tileGrid,Size_2_x_1,,1,Escape Artists Bundle,38,br,Spray_Jumpsuit_9,Beat Breaker,spray,uncommon,,Escape Artists,4,4,2023-02-14T10:24:42Z
2026-10-01,v2:/6cd2c6a3f9b1ae287081241a86f60670943e31705d55cc879108fd6617b224d5,"[VIRTUAL]1 x Alias, 1 x Caper, 1 x Heartline, 1 x Beat Breaker, 1 x Rare Wear, 1 x Hamster Bold, 1 x Peace Bear, 1 x No More, 1 x Break Point Ultra, 1 x Rare Drip, 1 x Kiss Off, 1 x Break Point Freestyle, 1 x Speed Splat, 1 x Hamster Overdrive, 1 x Neo Revolution, 1 x Peel'd Face, 1 x Fishy Face, 1 x Crack'd Face, 1 x Skull & Crossbears, 1 x Fort Future, 1 x Royale Rep, 1 x Sharp Duck, 1 x Fortunate, 1 x All Time Drip, 1 x Hamster Cabbie, 1 x Tomato Face, 1 x Cuddle Face, 1 x Skull Face, 1 x Grim Grin, 1 x Hare-Raising, 1 x Dire Goat, 1 x Neon Payback, 1 x Taxi Attack, 1 x Hearts Aflutter, 1 x Future Goat, 1 x Durrr Face, 1 x Meow Face, 1 x Drift Face for -1 MtxCurrency",2400,1800,600,0.25,1,2026-09-30T00:00:00Z,2026-10-02T23:59:59.999Z,1,0,-1,BR100126,Fit Check,185,tileGrid,Size_2_x_1,,1,Escape Artists Bundle,38,br,Spray_Jumpsuit_17,Rare Wear,spray,uncommon,,Escape Artists,4,4,2023-02-14T10:24:42Z
2026-10-01,v2:/6cd2c6a3f9b1ae287081241a86f60670943e31705d55cc879108fd6617b224d5,"[VIRTUAL]1 x Alias, 1 x Caper, 1 x Heartline, 1 x Beat Breaker, 1 x Rare Wear, 1 x Hamster Bold, 1 x Peace Bear, 1 x No More, 1 x Break Point Ultra, 1 x Rare Drip, 1 x Kiss Off, 1 x Break Point Freestyle, 1 x Speed Splat, 1 x Hamster Overdrive, 1 x Neo Revolution, 1 x Peel'd Face, 1 x Fishy Face, 1 x Crack'd Face, 1 x Skull & Crossbears, 1 x Fort Future, 1 x Royale Rep, 1 x Sharp Duck, 1 x Fortunate, 1 x All Time Drip, 1 x Hamster Cabbie, 1 x Tomato Face, 1 x Cuddle Face, 1 x Skull Face, 1 x Grim Grin, 1 x Hare-Raising, 1 x Dire Goat, 1 x Neon Payback, 1 x Taxi Attack, 1 x Hearts Aflutter, 1 x Future Goat, 1 x Durrr Face, 1 x Meow Face, 1 x Drift Face for -1 MtxCurrency",2400,1800,600,0.25,1,2026-09-30T00:00:00Z,2026-10-02T23:59:59.999Z,1,0,-1,BR100126,Fit Check,185,tileGrid,Size_2_x_1,,1,Escape Artists Bundle,38,br,Spray_Jumpsuit_4,Hamster Bold,spray,uncommon,,Escape Artists,4,4,2023-02-14T10:24:42Z
2026-10-01,v2:/6cd2c6a3f9b1ae287081241a86f60670943e31705d55cc879108fd6617b224d5,"[VIRTUAL]1 x Alias, 1 x Caper, 1 x Heartline, 1 x Beat Breaker, 1 x Rare Wear, 1 x Hamster Bold, 1 x Peace Bear, 1 x No More, 1 x Break Point Ultra, 1 x Rare Drip, 1 x Kiss Off, 1 x Break Point Freestyle, 1 x Speed Splat, 1 x Hamster Overdrive, 1 x Neo Revolution, 1 x Peel'd Face, 1 x Fishy Face, 1 x Crack'd Face, 1 x Skull & Crossbears, 1 x Fort Future, 1 x Royale Rep, 1 x Sharp Duck, 1 x Fortunate, 1 x All Time Drip, 1 x Hamster Cabbie, 1 x Tomato Face, 1 x Cuddle Face, 1 x Skull Face, 1 x Grim Grin, 1 x Hare-Raising, 1 x Dire Goat, 1 x Neon Payback, 1 x Taxi Attack, 1 x Hearts Aflutter, 1 x Future Goat, 1 x Durrr Face, 1 x Meow Face, 1 x Drift Face for -1 MtxCurrency",2400,1800,600,0.25,1,2026-09-30T00:00:00Z,2026-10-02T23:59:59.999Z,1,0,-1,BR100126,Fit Check,185,tileGrid,Size_2_x_1,,1,Escape Artists Bundle,38,br,Spray_Jumpsuit_16,Peace Bear,spray,uncommon,,Escape Artists,4,4,2023-02-14T10:24:42Z
2026-10-01,v2:/6cd2c6a3f9b1ae287081241a86f60670943e31705d55cc879108fd6617b224d5,"[VIRTUAL]1 x Alias, 1 x Caper, 1 x Heartline, 1 x Beat Breaker, 1 x Rare Wear, 1 x Hamster Bold, 1 x Peace Bear, 1 x No More, 1 x Break Point Ultra, 1 x Rare Drip, 1 x Kiss Off, 1 x Break Point Freestyle, 1 x Speed Splat, 1 x Hamster Overdrive, 1 x Neo Revolution, 1 x Peel'd Face, 1 x Fishy Face, 1 x Crack'd Face, 1 x Skull & Crossbears, 1 x Fort Future, 1 x Royale Rep, 1 x Sharp Duck, 1 x Fortunate, 1 x All Time Drip, 1 x Hamster Cabbie, 1 x Tomato Face, 1 x Cuddle Face, 1 x Skull Face, 1 x Grim Grin, 1 x Hare-Raising, 1 x Dire Goat, 1 x Neon Payback, 1 x Taxi Attack, 1 x Hearts Aflutter, 1 x Future Goat, 1 x Durrr Face, 1 x Meow Face, 1 x Drift Face for -1 MtxCurrency",2400,1800,600,0.25,1,2026-09-30T00:00:00Z,2026-10-02T23:59:59.999Z,1,0,-1,BR100126,Fit Check,185,tileGrid,Size_2_x_1,,1,Escape Artists Bundle,38,br,Spray_Jumpsuit_20,No More,spray,uncommon,,Escape Artists,4,4,2023-02-14T10:24:42Z
2026-10-01,v2:/6cd2c6a3f9b1ae287081241a86f60670943e31705d55cc879108fd6617b224d5,"[VIRTUAL]1 x Alias, 1 x Caper, 1 x Heartline, 1 x Beat Breaker, 1 x Rare Wear, 1 x Hamster Bold, 1 x Peace Bear, 1 x No More, 1 x Break Point Ultra, 1 x Rare Drip, 1 x Kiss Off, 1 x Break Point Freestyle, 1 x Speed Splat, 1 x Hamster Overdrive, 1 x Neo Revolution, 1 x Peel'd Face, 1 x Fishy Face, 1 x Crack'd Face, 1 x Skull & Crossbears, 1 x Fort Future, 1 x Royale Rep, 1 x Sharp Duck, 1 x Fortunate, 1 x All Time Drip, 1 x Hamster Cabbie, 1 x Tomato Face, 1 x Cuddle Face, 1 x Skull Face, 1 x Grim Grin, 1 x Hare-Raising, 1 x Dire Goat, 1 x Neon Payback, 1 x Taxi Attack, 1 x Hearts Aflutter, 1 x Future Goat, 1 x Durrr Face, 1 x Meow Face, 1 x Drift Face for -1 MtxCurrency",2400,1800,600,0.25,1,2026-09-30T00:00:00Z,2026-10-02T23:59:59.999Z,1,0,-1,BR100126,Fit Check,185,tileGrid,Size_2_x_1,,1,Escape Artists Bundle,38,br,Spray_Jumpsuit_38,Break Point Ultra,spray,uncommon,,Escape Artists,4,4,2023-02-14T10:24:42Z
2026-10-01,v2:/6cd2c6a3f9b1ae287081241a86f60670943e31705d55cc879108fd6617b224d5,"[VIRTUAL]1 x Alias, 1 x Caper, 1 x Heartline, 1 x Beat Breaker, 1 x Rare Wear, 1 x Hamster Bold, 1 x Peace Bear, 1 x No More, 1 x Break Point Ultra, 1 x Rare Drip, 1 x Kiss Off, 1 x Break Point Freestyle, 1 x Speed Splat, 1 x Hamster Overdrive, 1 x Neo Revolution, 1 x Peel'd Face, 1 x Fishy Face, 1 x Crack'd Face, 1 x Skull & Crossbears, 1 x Fort Future, 1 x Royale Rep, 1 x Sharp Duck, 1 x Fortunate, 1 x All Time Drip, 1 x Hamster Cabbie, 1 x Tomato Face, 1 x Cuddle Face, 1 x Skull Face, 1 x Grim Grin, 1 x Hare-Raising, 1 x Dire Goat, 1 x Neon Payback, 1 x Taxi Attack, 1 x Hearts Aflutter, 1 x Future Goat, 1 x Durrr Face, 1 x Meow Face, 1 x Drift Face for -1 MtxCurrency",2400,1800,600,0.25,1,2026-09-30T00:00:00Z,2026-10-02T23:59:59.999Z,1,0,-1,BR100126,Fit Check,185,tileGrid,Size_2_x_1,,1,Escape Artists Bundle,38,br,Spray_Jumpsuit_18,Rare Drip,spray,uncommon,,Escape Artists,4,4,2023-02-14T10:24:42Z
2026-10-01,v2:/6cd2c6a3f9b1ae287081241a86f60670943e31705d55cc879108fd6617b224d5,"[VIRTUAL]1 x Alias, 1 x Caper, 1 x Heartline, 1 x Beat Breaker, 1 x Rare Wear, 1 x Hamster Bold, 1 x Peace Bear, 1 x No More, 1 x Break Point Ultra, 1 x Rare Drip, 1 x Kiss Off, 1 x Break Point Freestyle, 1 x Speed Splat, 1 x Hamster Overdrive, 1 x Neo Revolution, 1 x Peel'd Face, 1 x Fishy Face, 1 x Crack'd Face, 1 x Skull & Crossbears, 1 x Fort Future, 1 x Royale Rep, 1 x Sharp Duck, 1 x Fortunate, 1 x All Time Drip, 1 x Hamster Cabbie, 1 x Tomato Face, 1 x Cuddle Face, 1 x Skull Face, 1 x Grim Grin, 1 x Hare-Raising, 1 x Dire Goat, 1 x Neon Payback, 1 x Taxi Attack, 1 x Hearts Aflutter, 1 x Future Goat, 1 x Durrr Face, 1 x Meow Face, 1 x Drift Face for -1 MtxCurrency",2400,1800,600,0.25,1,2026-09-30T00:00:00Z,2026-10-02T23:59:59.999Z,1,0,-1,BR100126,Fit Check,185,tileGrid,Size_2_x_1,,1,Escape Artists Bundle,38,br,Spray_Jumpsuit_21,Kiss Off,spray,uncommon,,Escape Artists,4,4,2023-02-14T10:24:42Z
2026-10-01,v2:/6cd2c6a3f9b1ae287081241a86f60670943e31705d55cc879108fd6617b224d5,"[VIRTUAL]1 x Alias, 1 x Caper, 1 x Heartline, 1 x Beat Breaker, 1 x Rare Wear, 1 x Hamster Bold, 1 x Peace Bear, 1 x No More, 1 x Break Point Ultra, 1 x Rare Drip, 1 x Kiss Off, 1 x Break Point Freestyle, 1 x Speed Splat, 1 x Hamster Overdrive, 1 x Neo Revolution, 1 x Peel'd Face, 1 x Fishy Face, 1 x Crack'd Face, 1 x Skull & Crossbears, 1 x Fort Future, 1 x Royale Rep, 1 x Sharp Duck, 1 x Fortunate, 1 x All Time Drip, 1 x Hamster Cabbie, 1 x Tomato Face, 1 x Cuddle Face, 1 x Skull Face, 1 x Grim Grin, 1 x Hare-Raising, 1 x Dire Goat, 1 x Neon Payback, 1 x Taxi Attack, 1 x Hearts Aflutter, 1 x Future Goat, 1 x Durrr Face, 1 x Meow Face, 1 x Drift Face for -1 MtxCurrency",2400,1800,600,0.25,1,2026-09-30T00:00:00Z,2026-10-02T23:59:59.999Z,1,0,-1,BR100126,Fit Check,185,tileGrid,Size_2_x_1,,1,Escape Artists Bundle,38,br,Spray_Jumpsuit_3,Break Point Freestyle,spray,uncommon,,Escape Artists,4,4,2023-02-14T10:24:42Z
2026-10-01,v2:/6cd2c6a3f9b1ae287081241a86f60670943e31705d55cc879108fd6617b224d5,"[VIRTUAL]1 x Alias, 1 x Caper, 1 x Heartline, 1 x Beat Breaker, 1 x Rare Wear, 1 x Hamster Bold, 1 x Peace Bear, 1 x No More, 1 x Break Point Ultra, 1 x Rare Drip, 1 x Kiss Off, 1 x Break Point Freestyle, 1 x Speed Splat, 1 x Hamster Overdrive, 1 x Neo Revolution, 1 x Peel'd Face, 1 x Fishy Face, 1 x Crack'd Face, 1 x Skull & Crossbears, 1 x Fort Future, 1 x Royale Rep, 1 x Sharp Duck, 1 x Fortunate, 1 x All Time Drip, 1 x Hamster Cabbie, 1 x Tomato Face, 1 x Cuddle Face, 1 x Skull Face, 1 x Grim Grin, 1 x Hare-Raising, 1 x Dire Goat, 1 x Neon Payback, 1 x Taxi Attack, 1 x Hearts Aflutter, 1 x Future Goat, 1 x Durrr Face, 1 x Meow Face, 1 x Drift Face for -1 MtxCurrency",2400,1800,600,0.25,1,2026-09-30T00:00:00Z,2026-10-02T23:59:59.999Z,1,0,-1,BR100126,Fit Check,185,tileGrid,Size_2_x_1,,1,Escape Artists Bundle,38,br,Spray_Jumpsuit_19,Speed Splat,spray,uncommon,,Escape Artists,4,4,2023-02-14T10:24:42Z
2026-10-01,v2:/6cd2c6a3f9b1ae287081241a86f60670943e31705d55cc879108fd6617b224d5,"[VIRTUAL]1 x Alias, 1 x Caper, 1 x Heartline, 1 x Beat Breaker, 1 x Rare Wear, 1 x Hamster Bold, 1 x Peace Bear, 1 x No More, 1 x Break Point Ultra, 1 x Rare Drip, 1 x Kiss Off, 1 x Break Point Freestyle, 1 x Speed Splat, 1 x Hamster Overdrive, 1 x Neo Revolution, 1 x Peel'd Face, 1 x Fishy Face, 1 x Crack'd Face, 1 x Skull & Crossbears, 1 x Fort Future, 1 x Royale Rep, 1 x Sharp Duck, 1 x Fortunate, 1 x All Time Drip, 1 x Hamster Cabbie, 1 x Tomato Face, 1 x Cuddle Face, 1 x Skull Face, 1 x Grim Grin, 1 x Hare-Raising, 1 x Dire Goat, 1 x Neon Payback, 1 x Taxi Attack, 1 x Hearts Aflutter, 1 x Future Goat, 1 x Durrr Face, 1 x Meow Face, 1 x Drift Face for -1 MtxCurrency",2400,1800,600,0.25,1,2026-09-30T00:00:00Z,2026-10-02T23:59:59.999Z,1,0,-1,BR100126,Fit Check,185,tileGrid,Size_2_x_1,,1,Escape Artists Bundle,38,br,Spray_Jumpsuit_13,Hamster Overdrive,spray,uncommon,,Escape Artists,4,4,2023-02-14T10:24:42Z
2026-10-01,v2:/6cd2c6a3f9b1ae287081241a86f60670943e31705d55cc879108fd6617b224d5,"[VIRTUAL]1 x Alias, 1 x Caper, 1 x Heartline, 1 x Beat Breaker, 1 x Rare Wear, 1 x Hamster Bold, 1 x Peace Bear, 1 x No More, 1 x Break Point Ultra, 1 x Rare Drip, 1 x Kiss Off, 1 x Break Point Freestyle, 1 x Speed Splat, 1 x Hamster Overdrive, 1 x Neo Revolution, 1 x Peel'd Face, 1 x Fishy Face, 1 x Crack'd Face, 1 x Skull & Crossbears, 1 x Fort Future, 1 x Royale Rep, 1 x Sharp Duck, 1 x Fortunate, 1 x All Time Drip, 1 x Hamster Cabbie, 1 x Tomato Face, 1 x Cuddle Face, 1 x Skull Face, 1 x Grim Grin, 1 x Hare-Raising, 1 x Dire Goat, 1 x Neon Payback, 1 x Taxi Attack, 1 x Hearts Aflutter, 1 x Future Goat, 1 x Durrr Face, 1 x Meow Face, 1 x Drift Face for -1 MtxCurrency",2400,1800,600,0.25,1,2026-09-30T00:00:00Z,2026-10-02T23:59:59.999Z,1,0,-1,BR100126,Fit Check,185,tileGrid,Size_2_x_1,,1,Escape Artists Bundle,38,br,Spray_Jumpsuit_32,Neo Revolution,spray,uncommon,,Escape Artists,4,4,2023-02-14T10:24:42Z
2026-10-01,v2:/6cd2c6a3f9b1ae287081241a86f60670943e31705d55cc879108fd6617b224d5,"[VIRTUAL]1 x Alias, 1 x Caper, 1 x Heartline, 1 x Beat Breaker, 1 x Rare Wear, 1 x Hamster Bold, 1 x Peace Bear, 1 x No More, 1 x Break Point Ultra, 1 x Rare Drip, 1 x Kiss Off, 1 x Break Point Freestyle, 1 x Speed Splat, 1 x Hamster Overdrive, 1 x Neo Revolution, 1 x Peel'd Face, 1 x Fishy Face, 1 x Crack'd Face, 1 x Skull & Crossbears, 1 x Fort Future, 1 x Royale Rep, 1 x Sharp Duck, 1 x Fortunate, 1 x All Time Drip, 1 x Hamster Cabbie, 1 x Tomato Face, 1 x Cuddle Face, 1 x Skull Face, 1 x Grim Grin, 1 x Hare-Raising, 1 x Dire Goat, 1 x Neon Payback, 1 x Taxi Attack, 1 x Hearts Aflutter, 1 x Future Goat, 1 x Durrr Face, 1 x Meow Face, 1 x Drift Face for -1 MtxCurrency",2400,1800,600,0.25,1,2026-09-30T00:00:00Z,2026-10-02T23:59:59.999Z,1,0,-1,BR100126,Fit Check,185,tileGrid,Size_2_x_1,,1,Escape Artists Bundle,38,br,Spray_JumpsuitMasks_8,Peel'd Face,spray,uncommon,,Escape Artists,4,4,2023-02-14T10:24:42Z
2026-10-01,v2:/6cd2c6a3f9b1ae287081241a86f60670943e31705d55cc879108fd6617b224d5,"[VIRTUAL]1 x Alias, 1 x Caper, 1 x Heartline, 1 x Beat Breaker, 1 x Rare Wear, 1 x Hamster Bold, 1 x Peace Bear, 1 x No More, 1 x Break Point Ultra, 1 x Rare Drip, 1 x Kiss Off, 1 x Break Point Freestyle, 1 x Speed Splat, 1 x Hamster Overdrive, 1 x Neo Revolution, 1 x Peel'd Face, 1 x Fishy Face, 1 x Crack'd Face, 1 x Skull & Crossbears, 1 x Fort Future, 1 x Royale Rep, 1 x Sharp Duck, 1 x Fortunate, 1 x All Time Drip, 1 x Hamster Cabbie, 1 x Tomato Face, 1 x Cuddle Face, 1 x Skull Face, 1 x Grim Grin, 1 x Hare-Raising, 1 x Dire Goat, 1 x Neon Payback, 1 x Taxi Attack, 1 x Hearts Aflutter, 1 x Future Goat, 1 x Durrr Face, 1 x Meow Face, 1 x Drift Face for -1 MtxCurrency",2400,1800,600,0.25,1,2026-09-30T00:00:00Z,2026-10-02T23:59:59.999Z,1,0,-1,BR100126,Fit Check,185,tileGrid,Size_2_x_1,,1,Escape Artists Bundle,38,br,Spray_JumpsuitMasks_4,Fishy Face,spray,uncommon,,Escape Artists,4,4,2023-02-14T10:24:42Z
2026-10-01,v2:/6cd2c6a3f9b1ae287081241a86f60670943e31705d55cc879108fd6617b224d5,"[VIRTUAL]1 x Alias, 1 x Caper, 1 x Heartline, 1 x Beat Breaker, 1 x Rare Wear, 1 x Hamster Bold, 1 x Peace Bear, 1 x No More, 1 x Break Point Ultra, 1 x Rare Drip, 1 x Kiss Off, 1 x Break Point Freestyle, 1 x Speed Splat, 1 x Hamster Overdrive, 1 x Neo Revolution, 1 x Peel'd Face, 1 x Fishy Face, 1 x Crack'd Face, 1 x Skull & Crossbears, 1 x Fort Future, 1 x Royale Rep, 1 x Sharp Duck, 1 x Fortunate, 1 x All Time Drip, 1 x Hamster Cabbie, 1 x Tomato Face, 1 x Cuddle Face, 1 x Skull Face, 1 x Grim Grin, 1 x Hare-Raising, 1 x Dire Goat, 1 x Neon Payback, 1 x Taxi Attack, 1 x Hearts Aflutter, 1 x Future Goat, 1 x Durrr Face, 1 x Meow Face, 1 x Drift Face for -1 MtxCurrency",2400,1800,600,0.25,1,2026-09-30T00:00:00Z,2026-10-02T23:59:59.999Z,1,0,-1,BR100126,Fit Check,185,tileGrid,Size_2_x_1,,1,Escape Artists Bundle,38,br,Spray_JumpsuitMasks_6,Crack'd Face,spray,uncommon,,Escape Artists,4,4,2023-02-14T10:24:42Z
2026-10-01,v2:/6cd2c6a3f9b1ae287081241a86f60670943e31705d55cc879108fd6617b224d5,"[VIRTUAL]1 x Alias, 1 x Caper, 1 x Heartline, 1 x Beat Breaker, 1 x Rare Wear, 1 x Hamster Bold, 1 x Peace Bear, 1 x No More, 1 x Break Point Ultra, 1 x Rare Drip, 1 x Kiss Off, 1 x Break Point Freestyle, 1 x Speed Splat, 1 x Hamster Overdrive, 1 x Neo Revolution, 1 x Peel'd Face, 1 x Fishy Face, 1 x Crack'd Face, 1 x Skull & Crossbears, 1 x Fort Future, 1 x Royale Rep, 1 x Sharp Duck, 1 x Fortunate, 1 x All Time Drip, 1 x Hamster Cabbie, 1 x Tomato Face, 1 x Cuddle Face, 1 x Skull Face, 1 x Grim Grin, 1 x Hare-Raising, 1 x Dire Goat, 1 x Neon Payback, 1 x Taxi Attack, 1 x Hearts Aflutter, 1 x Future Goat, 1 x Durrr Face, 1 x Meow Face, 1 x Drift Face for -1 MtxCurrency",2400,1800,600,0.25,1,2026-09-30T00:00:00Z,2026-10-02T23:59:59.999Z,1,0,-1,BR100126,Fit Check,185,tileGrid,Size_2_x_1,,1,Escape Artists Bundle,38,br,Spray_Jumpsuit_7,Skull & Crossbears,spray,uncommon,,Escape Artists,4,4,2023-02-14T10:24:42Z
2026-10-01,v2:/6cd2c6a3f9b1ae287081241a86f60670943e31705d55cc879108fd6617b224d5,"[VIRTUAL]1 x Alias, 1 x Caper, 1 x Heartline, 1 x Beat Breaker, 1 x Rare Wear, 1 x Hamster Bold, 1 x Peace Bear, 1 x No More, 1 x Break Point Ultra, 1 x Rare Drip, 1 x Kiss Off, 1 x Break Point Freestyle, 1 x Speed Splat, 1 x Hamster Overdrive, 1 x Neo Revolution, 1 x Peel'd Face, 1 x Fishy Face, 1 x Crack'd Face, 1 x Skull & Crossbears, 1 x Fort Future, 1 x Royale Rep, 1 x Sharp Duck, 1 x Fortunate, 1 x All Time Drip, 1 x Hamster Cabbie, 1 x Tomato Face, 1 x Cuddle Face, 1 x Skull Face, 1 x Grim Grin, 1 x Hare-Raising, 1 x Dire Goat, 1 x Neon Payback, 1 x Taxi Attack, 1 x Hearts Aflutter, 1 x Future Goat, 1 x Durrr Face, 1 x Meow Face, 1 x Drift Face for -1 MtxCurrency",2400,1800,600,0.25,1,2026-09-30T00:00:00Z,2026-10-02T23:59:59.999Z,1,0,-1,BR100126,Fit Check,185,tileGrid,Size_2_x_1,,1,Escape Artists Bundle,38,br,Spray_Jumpsuit_2,Fort Future,spray,uncommon,,Escape Artists,4,4,2023-02-14T10:24:42Z
2026-10-01,v2:/6cd2c6a3f9b1ae287081241a86f60670943e31705d55cc879108fd6617b224d5,"[VIRTUAL]1 x Alias, 1 x Caper, 1 x Heartline, 1 x Beat Breaker, 1 x Rare Wear, 1 x Hamster Bold, 1 x Peace Bear, 1 x No More, 1 x Break Point Ultra, 1 x Rare Drip, 1 x Kiss Off, 1 x Break Point Freestyle, 1 x Speed Splat, 1 x Hamster Overdrive, 1 x Neo Revolution, 1 x Peel'd Face, 1 x Fishy Face, 1 x Crack'd Face, 1 x Skull & Crossbears, 1 x Fort Future, 1 x Royale Rep, 1 x Sharp Duck, 1 x Fortunate, 1 x All Time Drip, 1 x Hamster Cabbie, 1 x Tomato Face, 1 x Cuddle Face, 1 x Skull Face, 1 x Grim Grin, 1 x Hare-Raising, 1 x Dire Goat, 1 x Neon Payback, 1 x Taxi Attack, 1 x Hearts Aflutter, 1 x Future Goat, 1 x Durrr Face, 1 x Meow Face, 1 x Drift Face for -1 MtxCurrency",2400,1800,600,0.25,1,2026-09-30T00:00:00Z,2026-10-02T23:59:59.999Z,1,0,-1,BR100126,Fit Check,185,tileGrid,Size_2_x_1,,1,Escape Artists Bundle,38,br,Spray_Jumpsuit_8,Royale Rep,spray,uncommon,,Escape Artists,4,4,2023-02-14T10:24:42Z
2026-10-01,v2:/6cd2c6a3f9b1ae287081241a86f60670943e31705d55cc879108fd6617b224d5,"[VIRTUAL]1 x Alias, 1 x Caper, 1 x Heartline, 1 x Beat Breaker, 1 x Rare Wear, 1 x Hamster Bold, 1 x Peace Bear, 1 x No More, 1 x Break Point Ultra, 1 x Rare Drip, 1 x Kiss Off, 1 x Break Point Freestyle, 1 x Speed Splat, 1 x Hamster Overdrive, 1 x Neo Revolution, 1 x Peel'd Face, 1 x Fishy Face, 1 x Crack'd Face, 1 x Skull & Crossbears, 1 x Fort Future, 1 x Royale Rep, 1 x Sharp Duck, 1 x Fortunate, 1 x All Time Drip, 1 x Hamster Cabbie, 1 x Tomato Face, 1 x Cuddle Face, 1 x Skull Face, 1 x Grim Grin, 1 x Hare-Raising, 1 x Dire Goat, 1 x Neon Payback, 1 x Taxi Attack, 1 x Hearts Aflutter, 1 x Future Goat, 1 x Durrr Face, 1 x Meow Face, 1 x Drift Face for -1 MtxCurrency",2400,1800,600,0.25,1,2026-09-30T00:00:00Z,2026-10-02T23:59:59.999Z,1,0,-1,BR100126,Fit Check,185,tileGrid,Size_2_x_1,,1,Escape Artists Bundle,38,br,Spray_Jumpsuit_6,Sharp Duck,spray,uncommon,,Escape Artists,4,4,2023-02-14T10:24:42Z
2026-10-01,v2:/6cd2c6a3f9b1ae287081241a86f60670943e31705d55cc879108fd6617b224d5,"[VIRTUAL]1 x Alias, 1 x Caper, 1 x Heartline, 1 x Beat Breaker, 1 x Rare Wear, 1 x Hamster Bold, 1 x Peace Bear, 1 x No More, 1 x Break Point Ultra, 1 x Rare Drip, 1 x Kiss Off, 1 x Break Point Freestyle, 1 x Speed Splat, 1 x Hamster Overdrive, 1 x Neo Revolution, 1 x Peel'd Face, 1 x Fishy Face, 1 x Crack'd Face, 1 x Skull & Crossbears, 1 x Fort Future, 1 x Royale Rep, 1 x Sharp Duck, 1 x Fortunate, 1 x All Time Drip, 1 x Hamster Cabbie, 1 x Tomato Face, 1 x Cuddle Face, 1 x Skull Face, 1 x Grim Grin, 1 x Hare-Raising, 1 x Dire Goat, 1 x Neon Payback, 1 x Taxi Attack, 1 x Hearts Aflutter, 1 x Future Goat, 1 x Durrr Face, 1 x Meow Face, 1 x Drift Face for -1 MtxCurrency",2400,1800,600,0.25,1,2026-09-30T00:00:00Z,2026-10-02T23:59:59.999Z,1,0,-1,BR100126,Fit Check,185,tileGrid,Size_2_x_1,,1,Escape Artists Bundle,38,br,Spray_Jumpsuit_31,Fortunate,spray,uncommon,,Escape Artists,4,4,2023-02-14T10:24:42Z
2026-10-01,v2:/6cd2c6a3f9b1ae287081241a86f60670943e31705d55cc879108fd6617b224d5,"[VIRTUAL]1 x Alias, 1 x Caper, 1 x Heartline, 1 x Beat Breaker, 1 x Rare Wear, 1 x Hamster Bold, 1 x Peace Bear, 1 x No More, 1 x Break Point Ultra, 1 x Rare Drip, 1 x Kiss Off, 1 x Break Point Freestyle, 1 x Speed Splat, 1 x Hamster Overdrive, 1 x Neo Revolution, 1 x Peel'd Face, 1 x Fishy Face, 1 x Crack'd Face, 1 x Skull & Crossbears, 1 x Fort Future, 1 x Royale Rep, 1 x Sharp Duck, 1 x Fortunate, 1 x All Time Drip, 1 x Hamster Cabbie, 1 x Tomato Face, 1 x Cuddle Face, 1 x Skull Face, 1 x Grim Grin, 1 x Hare-Raising, 1 x Dire Goat, 1 x Neon Payback, 1 x Taxi Attack, 1 x Hearts Aflutter, 1 x Future Goat, 1 x Durrr Face, 1 x Meow Face, 1 x Drift Face for -1 MtxCurrency",2400,1800,600,0.25,1,2026-09-30T00:00:00Z,2026-10-02T23:59:59.999Z,1,0,-1,BR100126,Fit Check,185,tileGrid,Size_2_x_1,,1,Escape Artists Bundle,38,br,Spray_Jumpsuit_29,All Time Drip,spray,uncommon,,Escape Artists,4,4,2023-02-14T10:24:42Z
2026-10-01,v2:/6cd2c6a3f9b1ae287081241a86f60670943e31705d55cc879108fd6617b224d5,"[VIRTUAL]1 x Alias, 1 x Caper, 1 x Heartline, 1 x Beat Breaker, 1 x Rare Wear, 1 x Hamster Bold, 1 x Peace Bear, 1 x No More, 1 x Break Point Ultra, 1 x Rare Drip, 1 x Kiss Off, 1 x Break Point Freestyle, 1 x Speed Splat, 1 x Hamster Overdrive, 1 x Neo Revolution, 1 x Peel'd Face, 1 x Fishy Face, 1 x Crack'd Face, 1 x Skull & Crossbears, 1 x Fort Future, 1 x Royale Rep, 1 x Sharp Duck, 1 x Fortunate, 1 x All Time Drip, 1 x Hamster Cabbie, 1 x Tomato Face, 1 x Cuddle Face, 1 x Skull Face, 1 x Grim Grin, 1 x Hare-Raising, 1 x Dire Goat, 1 x Neon Payback, 1 x Taxi Attack, 1 x Hearts Aflutter, 1 x Future Goat, 1 x Durrr Face, 1 x Meow Face, 1 x Drift Face for -1 MtxCurrency",2400,1800,600,0.25,1,2026-09-30T00:00:00Z,2026-10-02T23:59:59.999Z,1,0,-1,BR100126,Fit Check,185,tileGrid,Size_2_x_1,,1,Escape Artists Bundle,38,br,Spray_Jumpsuit_27,Hamster Cabbie,spray,uncommon,,Escape Artists,4,4,2023-02-14T10:24:42Z
2026-10-01,v2:/6cd2c6a3f9b1ae287081241a86f60670943e31705d55cc879108fd6617b224d5,"[VIRTUAL]1 x Alias, 1 x Caper, 1 x Heartline, 1 x Beat Breaker, 1 x Rare Wear, 1 x Hamster Bold, 1 x Peace Bear, 1 x No More, 1 x Break Point Ultra, 1 x Rare Drip, 1 x Kiss Off, 1 x Break Point Freestyle, 1 x Speed Splat, 1 x Hamster Overdrive, 1 x Neo Revolution, 1 x Peel'd Face, 1 x Fishy Face, 1 x Crack'd Face, 1 x Skull & Crossbears, 1 x Fort Future, 1 x Royale Rep, 1 x Sharp Duck, 1 x Fortunate, 1 x All Time Drip, 1 x Hamster Cabbie, 1 x Tomato Face, 1 x Cuddle Face, 1 x Skull Face, 1 x Grim Grin, 1 x Hare-Raising, 1 x Dire Goat, 1 x Neon Payback, 1 x Taxi Attack, 1 x Hearts Aflutter, 1 x Future Goat, 1 x Durrr Face, 1 x Meow Face, 1 x Drift Face for -1 MtxCurrency",2400,1800,600,0.25,1,2026-09-30T00:00:00Z,2026-10-02T23:59:59.999Z,1,0,-1,BR100126,Fit Check,185,tileGrid,Size_2_x_1,,1,Escape Artists Bundle,38,br,Spray_JumpsuitMasks_1,Tomato Face,spray,uncommon,,Escape Artists,4,4,2023-02-14T10:24:42Z
2026-10-01,v2:/6cd2c6a3f9b1ae287081241a86f60670943e31705d55cc879108fd6617b224d5,"[VIRTUAL]1 x Alias, 1 x Caper, 1 x Heartline, 1 x Beat Breaker, 1 x Rare Wear, 1 x Hamster Bold, 1 x Peace Bear, 1 x No More, 1 x Break Point Ultra, 1 x Rare Drip, 1 x Kiss Off, 1 x Break Point Freestyle, 1 x Speed Splat, 1 x Hamster Overdrive, 1 x Neo Revolution, 1 x Peel'd Face, 1 x Fishy Face, 1 x Crack'd Face, 1 x Skull & Crossbears, 1 x Fort Future, 1 x Royale Rep, 1 x Sharp Duck, 1 x Fortunate, 1 x All Time Drip, 1 x Hamster Cabbie, 1 x Tomato Face, 1 x Cuddle Face, 1 x Skull Face, 1 x Grim Grin, 1 x Hare-Raising, 1 x Dire Goat, 1 x Neon Payback, 1 x Taxi Attack, 1 x Hearts Aflutter, 1 x Future Goat, 1 x Durrr Face, 1 x Meow Face, 1 x Drift Face for -1 MtxCurrency",2400,1800,600,0.25,1,2026-09-30T00:00:00Z,2026-10-02T23:59:59.999Z,1,0,-1,BR100126,Fit Check,185,tileGrid,Size_2_x_1,,1,Escape Artists Bundle,38,br,Spray_JumpsuitMasks_9,Cuddle Face,spray,uncommon,,Escape Artists,4,4,2023-02-14T10:24:42Z
2026-10-01,v2:/6cd2c6a3f9b1ae287081241a86f60670943e31705d55cc879108fd6617b224d5,"[VIRTUAL]1 x Alias, 1 x Caper, 1 x Heartline, 1 x Beat Breaker, 1 x Rare Wear, 1 x Hamster Bold, 1 x Peace Bear, 1 x No More, 1 x Break Point Ultra, 1 x Rare Drip, 1 x Kiss Off, 1 x Break Point Freestyle, 1 x Speed Splat, 1 x Hamster Overdrive, 1 x Neo Revolution, 1 x Peel'd Face, 1 x Fishy Face, 1 x Crack'd Face, 1 x Skull & Crossbears, 1 x Fort Future, 1 x Royale Rep, 1 x Sharp Duck, 1 x Fortunate, 1 x All Time Drip, 1 x Hamster Cabbie, 1 x Tomato Face, 1 x Cuddle Face, 1 x Skull Face, 1 x Grim Grin, 1 x Hare-Raising, 1 x Dire Goat, 1 x Neon Payback, 1 x Taxi Attack, 1 x Hearts Aflutter, 1 x Future Goat, 1 x Durrr Face, 1 x Meow Face, 1 x Drift Face for -1 MtxCurrency",2400,1800,600,0.25,1,2026-09-30T00:00:00Z,2026-10-02T23:59:59.999Z,1,0,-1,BR100126,Fit Check,185,tileGrid,Size_2_x_1,,1,Escape Artists Bundle,38,br,Spray_JumpsuitMasks_3,Skull Face,spray,uncommon,,Escape Artists,4,4,2023-02-14T10:24:42Z
2026-10-01,v2:/6cd2c6a3f9b1ae287081241a86f60670943e31705d55cc879108fd6617b224d5,"[VIRTUAL]1 x Alias, 1 x Caper, 1 x Heartline, 1 x Beat Breaker, 1 x Rare Wear, 1 x Hamster Bold, 1 x Peace Bear, 1 x No More, 1 x Break Point Ultra, 1 x Rare Drip, 1 x Kiss Off, 1 x Break Point Freestyle, 1 x Speed Splat, 1 x Hamster Overdrive, 1 x Neo Revolution, 1 x Peel'd Face, 1 x Fishy Face, 1 x Crack'd Face, 1 x Skull & Crossbears, 1 x Fort Future, 1 x Royale Rep, 1 x Sharp Duck, 1 x Fortunate, 1 x All Time Drip, 1 x Hamster Cabbie, 1 x Tomato Face, 1 x Cuddle Face, 1 x Skull Face, 1 x Grim Grin, 1 x Hare-Raising, 1 x Dire Goat, 1 x Neon Payback, 1 x Taxi Attack, 1 x Hearts Aflutter, 1 x Future Goat, 1 x Durrr Face, 1 x Meow Face, 1 x Drift Face for -1 MtxCurrency",2400,1800,600,0.25,1,2026-09-30T00:00:00Z,2026-10-02T23:59:59.999Z,1,0,-1,BR100126,Fit Check,185,tileGrid,Size_2_x_1,,1,Escape Artists Bundle,38,br,Spray_Jumpsuit_22,Grim Grin,spray,uncommon,,Escape Artists,4,4,2023-02-14T10:24:42Z
2026-10-01,v2:/6cd2c6a3f9b1ae287081241a86f60670943e31705d55cc879108fd6617b224d5,"[VIRTUAL]1 x Alias, 1 x Caper, 1 x Heartline, 1 x Beat Breaker, 1 x Rare Wear, 1 x Hamster Bold, 1 x Peace Bear, 1 x No More, 1 x Break Point Ultra, 1 x Rare Drip, 1 x Kiss Off, 1 x Break Point Freestyle, 1 x Speed Splat, 1 x Hamster Overdrive, 1 x Neo Revolution, 1 x Peel'd Face, 1 x Fishy Face, 1 x Crack'd Face, 1 x Skull & Crossbears, 1 x Fort Future, 1 x Royale Rep, 1 x Sharp Duck, 1 x Fortunate, 1 x All Time Drip, 1 x Hamster Cabbie, 1 x Tomato Face, 1 x Cuddle Face, 1 x Skull Face, 1 x Grim Grin, 1 x Hare-Raising, 1 x Dire Goat, 1 x Neon Payback, 1 x Taxi Attack, 1 x Hearts Aflutter, 1 x Future Goat, 1 x Durrr Face, 1 x Meow Face, 1 x Drift Face for -1 MtxCurrency",2400,1800,600,0.25,1,2026-09-30T00:00:00Z,2026-10-02T23:59:59.999Z,1,0,-1,BR100126,Fit Check,185,tileGrid,Size_2_x_1,,1,Escape Artists Bundle,38,br,Spray_Jumpsuit_14,Hare-Raising,spray,uncommon,,Escape Artists,4,4,2023-02-14T10:24:42Z
2026-10-01,v2:/6cd2c6a3f9b1ae287081241a86f60670943e31705d55cc879108fd6617b224d5,"[VIRTUAL]1 x Alias, 1 x Caper, 1 x Heartline, 1 x Beat Breaker, 1 x Rare Wear, 1 x Hamster Bold, 1 x Peace Bear, 1 x No More, 1 x Break Point Ultra, 1 x Rare Drip, 1 x Kiss Off, 1 x Break Point Freestyle, 1 x Speed Splat, 1 x Hamster Overdrive, 1 x Neo Revolution, 1 x Peel'd Face, 1 x Fishy Face, 1 x Crack'd Face, 1 x Skull & Crossbears, 1 x Fort Future, 1 x Royale Rep, 1 x Sharp Duck, 1 x Fortunate, 1 x All Time Drip, 1 x Hamster Cabbie, 1 x Tomato Face, 1 x Cuddle Face, 1 x Skull Face, 1 x Grim Grin, 1 x Hare-Raising, 1 x Dire Goat, 1 x Neon Payback, 1 x Taxi Attack, 1 x Hearts Aflutter, 1 x Future Goat, 1 x Durrr Face, 1 x Meow Face, 1 x Drift Face for -1 MtxCurrency",2400,1800,600,0.25,1,2026-09-30T00:00:00Z,2026-10-02T23:59:59.999Z,1,0,-1,BR100126,Fit Check,185,tileGrid,Size_2_x_1,,1,Escape Artists Bundle,38,br,Spray_Jumpsuit_11,Dire Goat,spray,uncommon,,Escape Artists,4,4,2023-02-14T10:24:42Z
2026-10-01,v2:/6cd2c6a3f9b1ae287081241a86f60670943e31705d55cc879108fd6617b224d5,"[VIRTUAL]1 x Alias, 1 x Caper, 1 x Heartline, 1 x Beat Breaker, 1 x Rare Wear, 1 x Hamster Bold, 1 x Peace Bear, 1 x No More, 1 x Break Point Ultra, 1 x Rare Drip, 1 x Kiss Off, 1 x Break Point Freestyle, 1 x Speed Splat, 1 x Hamster Overdrive, 1 x Neo Revolution, 1 x Peel'd Face, 1 x Fishy Face, 1 x Crack'd Face, 1 x Skull & Crossbears, 1 x Fort Future, 1 x Royale Rep, 1 x Sharp Duck, 1 x Fortunate, 1 x All Time Drip, 1 x Hamster Cabbie, 1 x Tomato Face, 1 x Cuddle Face, 1 x Skull Face, 1 x Grim Grin, 1 x Hare-Raising, 1 x Dire Goat, 1 x Neon Payback, 1 x Taxi Attack, 1 x Hearts Aflutter, 1 x Future Goat, 1 x Durrr Face, 1 x Meow Face, 1 x Drift Face for -1 MtxCurrency",2400,1800,600,0.25,1,2026-09-30T00:00:00Z,2026-10-02T23:59:59.999Z,1,0,-1,BR100126,Fit Check,185,tileGrid,Size_2_x_1,,1,Escape Artists Bundle,38,br,Spray_Jumpsuit_39,Neon Payback,spray,uncommon,,Escape Artists,4,4,2023-02-14T10:24:42Z
2026-10-01,v2:/6cd2c6a3f9b1ae287081241a86f60670943e31705d55cc879108fd6617b224d5,"[VIRTUAL]1 x Alias, 1 x Caper, 1 x Heartline, 1 x Beat Breaker, 1 x Rare Wear, 1 x Hamster Bold, 1 x Peace Bear, 1 x No More, 1 x Break Point Ultra, 1 x Rare Drip, 1 x Kiss Off, 1 x Break Point Freestyle, 1 x Speed Splat, 1 x Hamster Overdrive, 1 x Neo Revolution, 1 x Peel'd Face, 1 x Fishy Face, 1 x Crack'd Face, 1 x Skull & Crossbears, 1 x Fort Future, 1 x Royale Rep, 1 x Sharp Duck, 1 x Fortunate, 1 x All Time Drip, 1 x Hamster Cabbie, 1 x Tomato Face, 1 x Cuddle Face, 1 x Skull Face, 1 x Grim Grin, 1 x Hare-Raising, 1 x Dire Goat, 1 x Neon Payback, 1 x Taxi Attack, 1 x Hearts Aflutter, 1 x Future Goat, 1 x Durrr Face, 1 x Meow Face, 1 x Drift Face for -1 MtxCurrency",2400,1800,600,0.25,1,2026-09-30T00:00:00Z,2026-10-02T23:59:59.999Z,1,0,-1,BR100126,Fit Check,185,tileGrid,Size_2_x_1,,1,Escape Artists Bundle,38,br,Spray_Jumpsuit_28,Taxi Attack,spray,uncommon,,Escape Artists,4,4,2023-02-14T10:24:42Z
2026-10-01,v2:/6cd2c6a3f9b1ae287081241a86f60670943e31705d55cc879108fd6617b224d5,"[VIRTUAL]1 x Alias, 1 x Caper, 1 x Heartline, 1 x Beat Breaker, 1 x Rare Wear, 1 x Hamster Bold, 1 x Peace Bear, 1 x No More, 1 x Break Point Ultra, 1 x Rare Drip, 1 x Kiss Off, 1 x Break Point Freestyle, 1 x Speed Splat, 1 x Hamster Overdrive, 1 x Neo Revolution, 1 x Peel'd Face, 1 x Fishy Face, 1 x Crack'd Face, 1 x Skull & Crossbears, 1 x Fort Future, 1 x Royale Rep, 1 x Sharp Duck, 1 x Fortunate, 1 x All Time Drip, 1 x Hamster Cabbie, 1 x Tomato Face, 1 x Cuddle Face, 1 x Skull Face, 1 x Grim Grin, 1 x Hare-Raising, 1 x Dire Goat, 1 x Neon Payback, 1 x Taxi Attack, 1 x Hearts Aflutter, 1 x Future Goat, 1 x Durrr Face, 1 x Meow Face, 1 x Drift Face for -1 MtxCurrency",2400,1800,600,0.25,1,2026-09-30T00:00:00Z,2026-10-02T23:59:59.999Z,1,0,-1,BR100126,Fit Check,185,tileGrid,Size_2_x_1,,1,Escape Artists Bundle,38,br,Spray_Jumpsuit_34,Hearts Aflutter,spray,uncommon,,Escape Artists,4,4,2023-02-14T10:24:42Z
2026-10-01,v2:/6cd2c6a3f9b1ae287081241a86f60670943e31705d55cc879108fd6617b224d5,"[VIRTUAL]1 x Alias, 1 x Caper, 1 x Heartline, 1 x Beat Breaker, 1 x Rare Wear, 1 x Hamster Bold, 1 x Peace Bear, 1 x No More, 1 x Break Point Ultra, 1 x Rare Drip, 1 x Kiss Off, 1 x Break Point Freestyle, 1 x Speed Splat, 1 x Hamster Overdrive, 1 x Neo Revolution, 1 x Peel'd Face, 1 x Fishy Face, 1 x Crack'd Face, 1 x Skull & Crossbears, 1 x Fort Future, 1 x Royale Rep, 1 x Sharp Duck, 1 x Fortunate, 1 x All Time Drip, 1 x Hamster Cabbie, 1 x Tomato Face, 1 x Cuddle Face, 1 x Skull Face, 1 x Grim Grin, 1 x Hare-Raising, 1 x Dire Goat, 1 x Neon Payback, 1 x Taxi Attack, 1 x Hearts Aflutter, 1 x Future Goat, 1 x Durrr Face, 1 x Meow Face, 1 x Drift Face for -1 MtxCurrency",2400,1800,600,0.25,1,2026-09-30T00:00:00Z,2026-10-02T23:59:59.999Z,1,0,-1,BR100126,Fit Check,185,tileGrid,Size_2_x_1,,1,Escape Artists Bundle,38,br,Spray_Jumpsuit_5,Future Goat,spray,uncommon,,Escape Artists,4,4,2023-02-14T10:24:42Z
2026-10-01,v2:/6cd2c6a3f9b1ae287081241a86f60670943e31705d55cc879108fd6617b224d5,"[VIRTUAL]1 x Alias, 1 x Caper, 1 x Heartline, 1 x Beat Breaker, 1 x Rare Wear, 1 x Hamster Bold, 1 x Peace Bear, 1 x No More, 1 x Break Point Ultra, 1 x Rare Drip, 1 x Kiss Off, 1 x Break Point Freestyle, 1 x Speed Splat, 1 x Hamster Overdrive, 1 x Neo Revolution, 1 x Peel'd Face, 1 x Fishy Face, 1 x Crack'd Face, 1 x Skull & Crossbears, 1 x Fort Future, 1 x Royale Rep, 1 x Sharp Duck, 1 x Fortunate, 1 x All Time Drip, 1 x Hamster Cabbie, 1 x Tomato Face, 1 x Cuddle Face, 1 x Skull Face, 1 x Grim Grin, 1 x Hare-Raising, 1 x Dire Goat, 1 x Neon Payback, 1 x Taxi Attack, 1 x Hearts Aflutter, 1 x Future Goat, 1 x Durrr Face, 1 x Meow Face, 1 x Drift Face for -1 MtxCurrency",2400,1800,600,0.25,1,2026-09-30T00:00:00Z,2026-10-02T23:59:59.999Z,1,0,-1,BR100126,Fit Check,185,tileGrid,Size_2_x_1,,1,Escape Artists Bundle,38,br,Spray_JumpsuitMasks_2,Durrr Face,spray,uncommon,,Escape Artists,4,4,2023-02-14T10:24:42Z
2026-10-01,v2:/6cd2c6a3f9b1ae287081241a86f60670943e31705d55cc879108fd6617b224d5,"[VIRTUAL]1 x Alias, 1 x Caper, 1 x Heartline, 1 x Beat Breaker, 1 x Rare Wear, 1 x Hamster Bold, 1 x Peace Bear, 1 x No More, 1 x Break Point Ultra, 1 x Rare Drip, 1 x Kiss Off, 1 x Break Point Freestyle, 1 x Speed Splat, 1 x Hamster Overdrive, 1 x Neo Revolution, 1 x Peel'd Face, 1 x Fishy Face, 1 x Crack'd Face, 1 x Skull & Crossbears, 1 x Fort Future, 1 x Royale Rep, 1 x Sharp Duck, 1 x Fortunate, 1 x All Time Drip, 1 x Hamster Cabbie, 1 x Tomato Face, 1 x Cuddle Face, 1 x Skull Face, 1 x Grim Grin, 1 x Hare-Raising, 1 x Dire Goat, 1 x Neon Payback, 1 x Taxi Attack, 1 x Hearts Aflutter, 1 x Future Goat, 1 x Durrr Face, 1 x Meow Face, 1 x Drift Face for -1 MtxCurrency",2400,1800,600,0.25,1,2026-09-30T00:00:00Z,2026-10-02T23:59:59.999Z,1,0,-1,BR100126,Fit Check,185,tileGrid,Size_2_x_1,,1,Escape Artists Bundle,38,br,Spray_JumpsuitMasks_7,Meow Face,spray,uncommon,,Escape Artists,4,4,2023-02-14T10:24:42Z
2026-10-01,v2:/6cd2c6a3f9b1ae287081241a86f60670943e31705d55cc879108fd6617b224d5,"[VIRTUAL]1 x Alias, 1 x Caper, 1 x Heartline, 1 x Beat Breaker, 1 x Rare Wear, 1 x Hamster Bold, 1 x Peace Bear, 1 x No More, 1 x Break Point Ultra, 1 x Rare Drip, 1 x Kiss Off, 1 x Break Point Freestyle, 1 x Speed Splat, 1 x Hamster Overdrive, 1 x Neo Revolution, 1 x Peel'd Face, 1 x Fishy Face, 1 x Crack'd Face, 1 x Skull & Crossbears, 1 x Fort Future, 1 x Royale Rep, 1 x Sharp Duck, 1 x Fortunate, 1 x All Time Drip, 1 x Hamster Cabbie, 1 x Tomato Face, 1 x Cuddle Face, 1 x Skull Face, 1 x Grim Grin, 1 x Hare-Raising, 1 x Dire Goat, 1 x Neon Payback, 1 x Taxi Attack, 1 x Hearts Aflutter, 1 x Future Goat, 1 x Durrr Face, 1 x Meow Face, 1 x Drift Face for -1 MtxCurrency",2400,1800,600,0.25,1,2026-09-30T00:00:00Z,2026-10-02T23:59:59.999Z,1,0,-1,BR100126,Fit Check,185,tileGrid,Size_2_x_1,,1,Escape Artists Bundle,38,br,Spray_JumpsuitMasks_5,Drift Face,spray,uncommon,,Escape Artists,4,4,2023-02-14T10:24:42Z
2026-10-01,v2:/c75f6dde5b0d8e1e647b33295b2f20c431eb41b1791b203df4ad5077a49b3b06,[VIRTUAL]1 x Zero for 600 MtxCurrency,600,600,0,0.0,0,2026-09-28T00:00:00Z,2026-10-01T23:59:59.999Z,1,0,-3,,,,,Size_2_x_1,,0,,1,br,Backpack_PrivateJet,Zero,backpack,epic,,The Pumpkin King,4,4,2023-10-10T11:59:07Z
2026-10-01,v2:/e50857ed0104ef4cbbfc958f7b1499d32c5c560a5b04608b7fa2d95e2be07515,[VIRTUAL]1 x Aura for 800 MtxCurrency,800,800,0,0.0,0,2026-09-29T00:00:00Z,2026-10-05T23:59:59.999Z,1,0,-4,NS092926,No Sweat,186,tileGrid,Size_1_x_1,,0,,1,br,CID_397_Athena_Commando_F_TreasureHunterFashion,Aura,outfit,uncommon,,,1,8,2019-11-20T12:50:02Z
2026-10-01,v2:/3ee0c5b5ea9f3e7c705b8bfbcf67db086e38c166520c00ad2102fd4703baeefa,[VIRTUAL]1 x Pump Up The Jam for 500 MtxCurrency,500,500,0,0.0,0,2026-10-01T00:00:00Z,2026-10-31T23:59:59.999Z,1,0,-71,JT100126,Jam Tracks,179,expandableList,Size_1_x_1,,0,,1,track,sid_placeholder_344,Pump Up The Jam,,,,,,,2024-10-03T14:28:54Z
2026-10-01,v2:/a9eca3874d62a0122b6fec0c92986dbd17fdbfbbfe36a9cd401bbe9f960f01ae,"[VIRTUAL]1 x Ironmouse, 1 x Ironmouse's Blade of Love for -1 MtxCurrency",1800,1800,0,0.0,0,2026-09-19T00:00:00Z,2026-10-02T23:59:59.999Z,1,0,-1,IronMouse2,Ironmouse,189,tileGrid,Size_1_x_1,,0,,2,br,Character_FeelUnionSki,Ironmouse,outfit,epic,,Ironmouse,7,4,2026-09-17T16:17:14Z
2026-10-01,v2:/a9eca3874d62a0122b6fec0c92986dbd17fdbfbbfe36a9cd401bbe9f960f01ae,"[VIRTUAL]1 x Ironmouse, 1 x Ironmouse's Blade of Love for -1 MtxCurrency",1800,1800,0,0.0,0,2026-09-19T00:00:00Z,2026-10-02T23:59:59.999Z,1,0,-1,IronMouse2,Ironmouse,189,tileGrid,Size_1_x_1,,0,,2,br,Pickaxe_FeelUnionSki,Ironmouse's Blade of Love,pickaxe,rare,,Ironmouse,7,4,2026-09-17T16:17:14Z
2026-10-01,v2:/cadfbf995b928273b52bbeb8f5ac001f7ea18057b4e82966b1e22cc1a1c41894,"[VIRTUAL]1 x Gan, 1 x Blue Wave for -1 MtxCurrency",1200,1200,0,0.0,0,2026-10-01T00:00:00Z,2026-10-01T23:59:59.999Z,1,0,-1,BR100126,Fit Check,185,tileGrid,Size_1_x_1,,0,,2,br,CID_681_Athena_Commando_M_MartialArtist,Gan,outfit,rare,,Wise Warrior,2,1,2020-01-15T09:35:51Z
2026-10-01,v2:/cadfbf995b928273b52bbeb8f5ac001f7ea18057b4e82966b1e22cc1a1c41894,"[VIRTUAL]1 x Gan, 1 x Blue Wave for -1 MtxCurrency",1200,1200,0,0.0,0,2026-10-01T00:00:00Z,2026-10-01T23:59:59.999Z,1,0,-1,BR100126,Fit Check,185,tileGrid,Size_1_x_1,,0,,2,br,BID_464_MartialArtist,Blue Wave,backpack,rare,,Wise Warrior,2,1,2020-01-15T09:35:49Z
2026-10-01,v2:/c9eab937d8860834d651dc7d432bdd81a6e55d8e085f750eb93ad1267228a43d,[VIRTUAL]1 x TBD (SID_Placeholder_672) for 500 MtxCurrency,500,500,0,0.0,0,2026-10-01T00:00:00Z,2026-10-31T23:59:59.999Z,1,0,-34,JT100126,Jam Tracks,179,expandableList,Size_1_x_1,,0,,1,track,sid_placeholder_672,Let Me Hold You,,,,,,,2025-10-01T00:00:55Z
2026-10-01,v2:/430eea01afa729bea8e8bb298ae768896958da09d833072a6325a719d46622eb,[VIRTUAL]1 x TBD (SID_Placeholder_487) for 500 MtxCurrency,500,500,0,0.0,0,2026-10-01T00:00:00Z,2026-10-31T23:59:59.999Z,1,0,-14,JT100126,Jam Tracks,179,expandableList,Size_1_x_1,,0,,1,track,sid_placeholder_487,Beauty and a Beat,,,,,,,2025-01-16T14:37:22Z
2026-10-01,v2:/559f8cfe2f4427924d143702ab568c7971531fdc5f58eeb51c40111327a5ddc2,"[VIRTUAL]1 x PEAK Scout, 1 x Peak Pack for -1 MtxCurrency",2000,2000,0,0.0,0,2026-09-28T00:00:00Z,2026-10-01T23:59:59.999Z,1,0,-1,PEAK,PEAK,182,tileGrid,Size_2_x_1,Outfit is customizable!,1,PEAK Scout,2,br,Character_TopicProud,PEAK Scout,outfit,gaminglegends,Gaming Legends Series,PEAK,7,2,2026-03-22T00:00:00Z
2026-10-01,v2:/559f8cfe2f4427924d143702ab568c7971531fdc5f58eeb51c40111327a5ddc2,"[VIRTUAL]1 x PEAK Scout, 1 x Peak Pack for -1 MtxCurrency",2000,2000,0,0.0,0,2026-09-28T00:00:00Z,2026-10-01T23:59:59.999Z,1,0,-1,PEAK,PEAK,182,tileGrid,Size_2_x_1,Outfit is customizable!,1,PEAK Scout,2,br,Backpack_TopicProud,Peak Pack,backpack,gaminglegends,Gaming Legends Series,PEAK,7,2,2026-03-22T00:00:00Z
2026-10-01,v2:/a12f42696cf2f6443391db6485e0664519cd65e0425aeafba47a81e9ab3f3f0e,"[VIRTUAL]1 x Jinu, 1 x Sussie for -1 MtxCurrency",1500,1500,0,0.0,0,2026-09-27T00:00:00Z,2026-10-01T23:59:59.999Z,1,0,-3,Kpop2Newest,KPop Demon Hunters,183,tileGrid,Size_1_x_1,,1,Jinu,2,br,Character_BountyPond,Jinu,outfit,icon,Icon Series,KPop Demon Hunters,7,1,2026-02-05T15:01:36Z
2026-10-01,v2:/a12f42696cf2f6443391db6485e0664519cd65e0425aeafba47a81e9ab3f3f0e,"[VIRTUAL]1 x Jinu, 1 x Sussie for -1 MtxCurrency",1500,1500,0,0.0,0,2026-09-27T00:00:00Z,2026-10-01T23:59:59.999Z,1,0,-3,Kpop2Newest,KPop Demon Hunters,183,tileGrid,Size_1_x_1,,1,Jinu,2,br,Backpack_BountyPond,Sussie,backpack,icon,Icon Series,KPop Demon Hunters,7,1,2026-02-05T15:01:36Z
2026-10-01,v2:/f46f8f54febfd3040c6dc2d7643938c8a4eea05e111d2858bb364112745e290a,[VIRTUAL]1 x Firestarter for 400 MtxCurrency,400,400,0,0.0,0,2026-09-29T00:00:00Z,2026-10-05T23:59:59.999Z,1,0,-3,,,,,Size_1_x_1,,0,,1,br,BID_545_RenegadeRaiderFire,Firestarter,backpack,lava,Lava Series,Renegade Flame,2,3,2020-06-28T00:00:00Z
2026-10-01,v2:/d85a17a3bba69f34ba3b24aeb9c16cdc46005b84662db1a2324c4d39f693556a,[VIRTUAL]1 x Umbra Nyte for 1200 MtxCurrency,1200,1200,0,0.0,0,2026-09-28T00:00:00Z,2026-10-01T23:59:59.999Z,1,0,-2,BR100126,Fit Check,185,tileGrid,Size_1_x_1,,0,,1,br,Character_NobleSpear,Umbra Nyte,outfit,epic,,Supernova Academy,6,4,2025-07-29T08:28:45Z
2026-10-01,v2:/d496ce4e3d6fd06f3548b2aa31cf98e3481f1763556a4ed4516c3e69696d58ac,[VIRTUAL]1 x Wherever I May Roam for 500 MtxCurrency,500,500,0,0.0,0,2026-09-25T00:00:00Z,2026-10-01T23:59:59.999Z,1,0,-3,JT100126,Jam Tracks,179,tileGrid,Size_1_x_1,,0,,1,track,sid_placeholder_234,Wherever I May Roam,,,,,,,2024-06-13T08:00:00Z
2026-10-01,v2:/0fdeb96be61492cf0a1bdae53143f4b3350488ce2da7dcdcefee0dcdd97347d7,[VIRTUAL]1 x Panther's Showtime for 400 MtxCurrency,400,400,0,0.0,0,2026-09-26T00:00:00Z,2026-10-05T23:59:59.999Z,1,0,-1,Persona5,Persona 5 Royal,191,tileGrid,Size_1_x_1,,0,,1,br,EID_DebitScent,Panther's Showtime,emote,gaminglegends,Gaming Legends Series,Persona 5 Royal,7,4,2026-09-25T13:00:42Z
2026-10-01,v2:/8b0db48a43ba83ff84382a075a76511f05956186a5035c3c6b5a2bf1adbea9dd,[VIRTUAL]1 x Don't You Worry Child for 500 MtxCurrency,500,500,0,0.0,0,2026-10-01T00:00:00Z,2026-11-05T23:59:59.999Z,1,0,-85,JT100126,Jam Tracks,179,expandableList,Size_1_x_1,,0,,1,track,sid_placeholder_176,Don't You Worry Child,,,,,,,2024-04-02T15:03:11Z
2026-10-01,v2:/0835674d182e7b8759ce9e992a742c738ed052184965b14078785fac0610cb8a,"[VIRTUAL]1 x Soul Eater, 1 x Soul Eater for 800 MtxCurrency",800,800,0,0.0,0,2026-09-17T00:00:00Z,2026-10-01T23:59:59.999Z,1,0,-2,KingdomHearts,Kingdom Hearts,193,tileGrid,Size_1_x_1,,0,,2,br,Pickaxe_VealCadet,Soul Eater,pickaxe,gaminglegends,Gaming Legends Series,Kingdom Hearts,7,4,2026-09-17T08:00:00Z
2026-10-01,v2:/0835674d182e7b8759ce9e992a742c738ed052184965b14078785fac0610cb8a,"[VIRTUAL]1 x Soul Eater, 1 x Soul Eater for 800 MtxCurrency",800,800,0,0.0,0,2026-09-17T00:00:00Z,2026-10-01T23:59:59.999Z,1,0,-2,KingdomHearts,Kingdom Hearts,193,tileGrid,Size_1_x_1,,0,,2,br,Backpack_VealCadet,Soul Eater,backpack,gaminglegends,Gaming Legends Series,Kingdom Hearts,7,4,2026-09-17T08:00:00Z
2026-10-01,v2:/c17feb90c1c1390707b008780fbccd31859cdf03960582beca59d6f39c393f11,[VIRTUAL]1 x Kimbap To Go for 300 MtxCurrency,300,300,0,0.0,0,2026-09-27T00:00:00Z,2026-10-01T23:59:59.999Z,1,0,-1,Kpop2Newest,KPop Demon Hunters,183,tileGrid,Size_1_x_1,,0,,1,br,Backpack_TurnVortex,Kimbap To Go,backpack,icon,Icon Series,KPop Demon Hunters,7,1,2026-02-05T15:01:36Z
2026-10-01,v2:/7b8b4726996bac3729a05561bd6565cc0313ff46a9996b74c8818078951f3b3d,[VIRTUAL]1 x Made You Look for 500 MtxCurrency,500,500,0,0.0,0,2026-09-28T00:00:00Z,2026-10-01T23:59:59.999Z,1,0,-3,VV093026,Groove Moves,195,tileGrid,Size_1_x_1,,0,,1,br,EID_DoubleTake,Made You Look,emote,icon,Icon Series,,4,2,2023-04-10T00:00:00Z
2026-10-01,v2:/4ae38e1efff226c878b882107831e7daabd70fca67171d59dfddc0baa46e163d,[VIRTUAL]1 x TBD (SID_Placeholder_598) for 500 MtxCurrency,500,500,0,0.0,0,2026-09-25T00:00:00Z,2026-10-04T23:59:59.999Z,1,0,-3,MadisonBeer,Madison Beer,194,tileGrid,Size_1_x_1,,0,,1,track,sid_placeholder_598,Make You Mine,,,,,,,2025-05-14T22:54:05Z
2026-10-01,v2:/a637c118cd0a365b499e418a1116b35a9e209984a86659f47ac5b5c92ef70731,[VIRTUAL]1 x Disease for 500 MtxCurrency,500,500,0,0.0,0,2026-10-01T00:00:00Z,2026-10-31T23:59:59.999Z,1,0,-54,JT100126,Jam Tracks,179,expandableList,Size_1_x_1,,0,,1,track,sid_placeholder_449,Disease,,,,,,,2024-12-12T14:44:23Z
2026-10-01,v2:/95fc32b65727dca17b8ac6ae1eb5a3009ac3b5e61bb7f9af1382979a6095624d,[VIRTUAL]1 x Ironmouse Worm for 500 MtxCurrency,500,500,0,0.0,0,2026-09-19T00:00:00Z,2026-10-02T23:59:59.999Z,1,0,-2,IronMouse2,Ironmouse,189,tileGrid,Size_1_x_1,,0,,1,br,Backpack_FeelUnionMoo,Ironmouse Worm,backpack,rare,,Ironmouse,7,4,2026-09-17T16:17:14Z
2026-10-01,v2:/c15d11e8f12bd70aa199371a0a28e6e69a6405c74a64b4c52187578b6a9c728e,[VIRTUAL]1 x Bubi for 500 MtxCurrency,500,500,0,0.0,0,2026-09-19T00:00:00Z,2026-10-02T23:59:59.999Z,1,0,-3,IronMouse2,Ironmouse,189,tileGrid,Size_1_x_1,,0,,1,br,Backpack_FeelUnionSki,Bubi,backpack,rare,,Ironmouse,7,4,2026-09-17T16:17:14Z
2026-10-01,v2:/f469f19949db83916d87186b78fd0c9ceb1f8433bc39806d22579fa8ab56ab72,[VIRTUAL]1 x CrazyBoy for 500 MtxCurrency,500,500,0,0.0,0,2026-09-30T00:00:00Z,2026-10-03T23:59:59.999Z,1,0,-2,VV093026,Groove Moves,195,tileGrid,Size_1_x_1,,0,,1,br,EID_KingEagle,CrazyBoy,emote,icon,Icon Series,,2,2,2020-04-15T06:13:43Z
2026-10-01,v2:/90a5d31a0e408a4e0d8318bb0e8c43830062bf1e8b5e28111486ef14124b50b9,[VIRTUAL]1 x Undone - The Sweater Song for 500 MtxCurrency,500,500,0,0.0,0,2026-10-01T00:00:00Z,2026-10-31T23:59:59.999Z,1,0,-100,JT100126,Jam Tracks,179,expandableList,Size_1_x_1,,0,,1,track,sid_placeholder_377,Undone - The Sweater Song,,,,,,,2024-10-10T13:34:27Z
2026-10-01,v2:/cd21e90bc39ea17994d276c37f26cc2a5d6aba1da300c5eb99cd2a9f10f5c3fe,[VIRTUAL]1 x You Think You're The King? for 300 MtxCurrency,300,300,0,0.0,0,2026-10-01T00:00:00Z,2026-10-03T23:59:59.999Z,1,0,-2,NickEh30noicon,Nick Eh 30,197,tileGrid,Size_1_x_1,,0,,1,br,EID_WeaveHarbor,You Think You're The King?,emote,icon,Icon Series,Nick Eh 30,5,3,2024-06-15T20:50:31Z
2026-10-01,v2:/9726928ac9ffc7a56ed88b7cdcdd477d1029a3688d9599b2284fc60475187c22,"[VIRTUAL]1 x Kairi, 1 x Destiny's Embrace, 1 x Destiny's Embrace for -1 MtxCurrency",1600,1600,0,0.0,0,2026-09-17T00:00:00Z,2026-10-01T23:59:59.999Z,1,0,-4,KingdomHearts,Kingdom Hearts,193,tileGrid,Size_1_x_1,,0,,3,br,Character_WaningCacti,Kairi,outfit,gaminglegends,Gaming Legends Series,Kingdom Hearts,7,4,2026-09-17T08:00:00Z
2026-10-01,v2:/9726928ac9ffc7a56ed88b7cdcdd477d1029a3688d9599b2284fc60475187c22,"[VIRTUAL]1 x Kairi, 1 x Destiny's Embrace, 1 x Destiny's Embrace for -1 MtxCurrency",1600,1600,0,0.0,0,2026-09-17T00:00:00Z,2026-10-01T23:59:59.999Z,1,0,-4,KingdomHearts,Kingdom Hearts,193,tileGrid,Size_1_x_1,,0,,3,br,Pickaxe_WaningCacti,Destiny's Embrace,pickaxe,gaminglegends,Gaming Legends Series,Kingdom Hearts,7,4,2026-09-17T08:00:00Z
2026-10-01,v2:/9726928ac9ffc7a56ed88b7cdcdd477d1029a3688d9599b2284fc60475187c22,"[VIRTUAL]1 x Kairi, 1 x Destiny's Embrace, 1 x Destiny's Embrace for -1 MtxCurrency",1600,1600,0,0.0,0,2026-09-17T00:00:00Z,2026-10-01T23:59:59.999Z,1,0,-4,KingdomHearts,Kingdom Hearts,193,tileGrid,Size_1_x_1,,0,,3,br,Backpack_WaningCacti,Destiny's Embrace,backpack,gaminglegends,Gaming Legends Series,Kingdom Hearts,7,4,2026-09-17T08:00:00Z
2026-10-01,v2:/3d0d8b75d10b41a60438a7fb343658576fe42d7fedc4c540f884fbb094c176f9,[VIRTUAL]1 x Buckler for 200 MtxCurrency,200,200,0,0.0,0,2026-10-01T00:00:00Z,2026-10-01T23:59:59.999Z,1,0,-4,,,,,Size_1_x_1,,0,,1,br,BID_035_Scathach,Buckler,backpack,epic,,Laoch,1,3,2019-11-20T12:50:41Z
2026-10-01,v2:/b01f4c61475a6282b06b37860928707b1dc8ea444a619fe8a4e77e5de6f2dade,[VIRTUAL]1 x Ride Wit Me for 500 MtxCurrency,500,500,0,0.0,0,2026-10-01T00:00:00Z,2026-10-31T23:59:59.999Z,1,0,-41,JT100126,Jam Tracks,179,expandableList,Size_1_x_1,,0,,1,track,sid_placeholder_105,Ride Wit Me,,,,,,,2024-02-22T10:58:10Z
2026-10-01,v2:/62cae940cce3678ec523f86b1d9c4da52deae69513d34e7874613a3598d6d7dd,[VIRTUAL]1 x Replay for 500 MtxCurrency,500,500,0,0.0,0,2026-10-01T00:00:00Z,2026-10-31T23:59:59.999Z,1,0,-24,JT100126,Jam Tracks,179,expandableList,Size_1_x_1,,0,,1,track,sid_placeholder_295,Replay,,,,,,,2024-08-22T14:07:17Z
2026-10-01,v2:/394bce355bfeedfacacc21331eab0a3a004b70d6c32a5d6365b62562bef7c6ce,[VIRTUAL]1 x TBD (SID_Placeholder_555) for 500 MtxCurrency,500,500,0,0.0,0,2026-09-25T00:00:00Z,2026-10-01T23:59:59.999Z,1,0,-4,JT100126,Jam Tracks,179,tileGrid,Size_1_x_1,,0,,1,track,sid_placeholder_555,Lapti Nek (Jabba's Palace),,,,,,,2025-05-02T13:15:03Z
2026-10-01,v2:/e24304411d160e0ee4d57946f0dfbfd9d87971829c565c39143484aeda84c538,[VIRTUAL]1 x Carmen's Heart Flail for 500 MtxCurrency,500,500,0,0.0,0,2026-09-26T00:00:00Z,2026-10-05T23:59:59.999Z,1,0,-3,Persona5,Persona 5 Royal,191,tileGrid,Size_1_x_1,,0,,1,br,Pickaxe_DebitScent,Carmen's Heart Flail,pickaxe,gaminglegends,Gaming Legends Series,Persona 5 Royal,7,4,2026-09-25T13:00:42Z
2026-10-01,v2:/cde95b0f151fb8dc097e6602de5aa00449b373ad2b76f33872a4c950b3063303,"[VIRTUAL]1 x yes, and? for 500 MtxCurrency",500,500,0,0.0,0,2026-09-26T00:00:00Z,2026-10-31T23:59:59.999Z,1,0,-23,JT100126,Jam Tracks,179,expandableList,Size_1_x_1,,0,,1,track,sid_placeholder_226,"yes, and?",,,,,,,2024-05-30T13:49:50Z
2026-10-01,v2:/6e9402a12093f03480daa24e10dd2a19c84881ea30e5283a42ced792ac37e79c,[VIRTUAL]1 x The Business for 500 MtxCurrency,500,500,0,0.0,0,2026-10-01T00:00:00Z,2026-10-31T23:59:59.999Z,1,0,-59,JT100126,Jam Tracks,179,expandableList,Size_1_x_1,,0,,1,track,sid_placeholder_345,The Business,,,,,,,2024-10-03T14:28:54Z
2026-10-01,v2:/717fe39461d028f3749cfa9ac6171af1f6de0e59f6ab148216f9b0e2906f9775,[VIRTUAL]1 x Surround Sound for 500 MtxCurrency,500,500,0,0.0,0,2026-10-01T00:00:00Z,2026-10-31T23:59:59.999Z,1,0,-7,JT100126,Jam Tracks,179,expandableList,Size_1_x_1,,0,,1,track,sid_placeholder_155,Surround Sound,,,,,,,2024-02-29T00:02:26Z
2026-10-01,v2:/0367a053767a076b6f5099bdfae11a7d2a49cdc5352a560fcd3f3f7a03d7de27,[VIRTUAL]1 x Brolly Stroll for 300 MtxCurrency,300,300,0,0.0,0,2026-09-26T00:00:00Z,2026-10-03T23:59:59.999Z,1,0,-3,ResidentEvil,Resident Evil,190,tileGrid,Size_1_x_1,,0,,1,br,EID_Relish_TNPZI,Brolly Stroll,emote,gaminglegends,Gaming Legends Series,S.T.A.R.S. Team,2,8,2021-10-24T00:00:00Z
2026-10-01,v2:/55b98cb6404066d84c5f30ec2dfa1482b9fde09b9865f2ba31dff1958a786f02,[VIRTUAL]1 x TBD (SID_Placeholder_908) for 500 MtxCurrency,500,500,0,0.0,0,2026-09-25T00:00:00Z,2026-10-04T23:59:59.999Z,1,0,-1,MadisonBeer,Madison Beer,194,tileGrid,Size_1_x_1,,0,,1,track,sid_placeholder_908,complexity,,,,,,,2026-09-23T18:01:04Z
2026-10-01,v2:/4b81058798e46288ef59b783edaa49eace7aa1f288587ca83f1900436961ae50,"[VIRTUAL]1 x Decora Ironmouse, 1 x Ironmouse Worm, 1 x Ironmouse, 1 x Ironmouse's Blade of Love, 1 x Bubi, 1 x Cry For Me, 1 x Hell Again, 1 x Mouse Mode, 1 x Ironmouse's Bubi Mic, 1 x Ironmouse's Bubi Mic, 1 x Ironmouse's Bubi Mic, 1 x TBD (SID_Placeholder_852), 1 x TBD (SID_Placeholder_854), 1 x TBD (SID_Placeholder_858), 1 x Headstones and an Ironmouse for -1 MtxCurrency",7600,3400,4200,0.5526,1,2026-09-19T00:00:00Z,2026-10-02T23:59:59.999Z,1,0,-2,IronMouse2,Ironmouse,189,tileGrid,Size_4_x_1,,1,Ironmouse Bundle,15,br,Character_FeelUnionMoo,Decora Ironmouse,outfit,epic,,Ironmouse,7,4,2026-09-17T16:17:14Z
2026-10-01,v2:/4b81058798e46288ef59b783edaa49eace7aa1f288587ca83f1900436961ae50,"[VIRTUAL]1 x Decora Ironmouse, 1 x Ironmouse Worm, 1 x Ironmouse, 1 x Ironmouse's Blade of Love, 1 x Bubi, 1 x Cry For Me, 1 x Hell Again, 1 x Mouse Mode, 1 x Ironmouse's Bubi Mic, 1 x Ironmouse's Bubi Mic, 1 x Ironmouse's Bubi Mic, 1 x TBD (SID_Placeholder_852), 1 x TBD (SID_Placeholder_854), 1 x TBD (SID_Placeholder_858), 1 x Headstones and an Ironmouse for -1 MtxCurrency",7600,3400,4200,0.5526,1,2026-09-19T00:00:00Z,2026-10-02T23:59:59.999Z,1,0,-2,IronMouse2,Ironmouse,189,tileGrid,Size_4_x_1,,1,Ironmouse Bundle,15,br,Backpack_FeelUnionMoo,Ironmouse Worm,backpack,rare,,Ironmouse,7,4,2026-09-17T16:17:14Z
2026-10-01,v2:/4b81058798e46288ef59b783edaa49eace7aa1f288587ca83f1900436961ae50,"[VIRTUAL]1 x Decora Ironmouse, 1 x Ironmouse Worm, 1 x Ironmouse, 1 x Ironmouse's Blade of Love, 1 x Bubi, 1 x Cry For Me, 1 x Hell Again, 1 x Mouse Mode, 1 x Ironmouse's Bubi Mic, 1 x Ironmouse's Bubi Mic, 1 x Ironmouse's Bubi Mic, 1 x TBD (SID_Placeholder_852), 1 x TBD (SID_Placeholder_854), 1 x TBD (SID_Placeholder_858), 1 x Headstones and an Ironmouse for -1 MtxCurrency",7600,3400,4200,0.5526,1,2026-09-19T00:00:00Z,2026-10-02T23:59:59.999Z,1,0,-2,IronMouse2,Ironmouse,189,tileGrid,Size_4_x_1,,1,Ironmouse Bundle,15,br,Character_FeelUnionSki,Ironmouse,outfit,epic,,Ironmouse,7,4,2026-09-17T16:17:14Z
2026-10-01,v2:/4b81058798e46288ef59b783edaa49eace7aa1f288587ca83f1900436961ae50,"[VIRTUAL]1 x Decora Ironmouse, 1 x Ironmouse Worm, 1 x Ironmouse, 1 x Ironmouse's Blade of Love, 1 x Bubi, 1 x Cry For Me, 1 x Hell Again, 1 x Mouse Mode, 1 x Ironmouse's Bubi Mic, 1 x Ironmouse's Bubi Mic, 1 x Ironmouse's Bubi Mic, 1 x TBD (SID_Placeholder_852), 1 x TBD (SID_Placeholder_854), 1 x TBD (SID_Placeholder_858), 1 x Headstones and an Ironmouse for -1 MtxCurrency",7600,3400,4200,0.5526,1,2026-09-19T00:00:00Z,2026-10-02T23:59:59.999Z,1,0,-2,IronMouse2,Ironmouse,189,tileGrid,Size_4_x_1,,1,Ironmouse Bundle,15,br,Pickaxe_FeelUnionSki,Ironmouse's Blade of Love,pickaxe,rare,,Ironmouse,7,4,2026-09-17T16:17:14Z
2026-10-01,v2:/4b81058798e46288ef59b783edaa49eace7aa1f288587ca83f1900436961ae50,"[VIRTUAL]1 x Decora Ironmouse, 1 x Ironmouse Worm, 1 x Ironmouse, 1 x Ironmouse's Blade of Love, 1 x Bubi, 1 x Cry For Me, 1 x Hell Again, 1 x Mouse Mode, 1 x Ironmouse's Bubi Mic, 1 x Ironmouse's Bubi Mic, 1 x Ironmouse's Bubi Mic, 1 x TBD (SID_Placeholder_852), 1 x TBD (SID_Placeholder_854), 1 x TBD (SID_Placeholder_858), 1 x Headstones and an Ironmouse for -1 MtxCurrency",7600,3400,4200,0.5526,1,2026-09-19T00:00:00Z,2026-10-02T23:59:59.999Z,1,0,-2,IronMouse2,Ironmouse,189,tileGrid,Size_4_x_1,,1,Ironmouse Bundle,15,br,Backpack_FeelUnionSki,Bubi,backpack,rare,,Ironmouse,7,4,2026-09-17T16:17:14Z
2026-10-01,v2:/4b81058798e46288ef59b783edaa49eace7aa1f288587ca83f1900436961ae50,"[VIRTUAL]1 x Decora Ironmouse, 1 x Ironmouse Worm, 1 x Ironmouse, 1 x Ironmouse's Blade of Love, 1 x Bubi, 1 x Cry For Me, 1 x Hell Again, 1 x Mouse Mode, 1 x Ironmouse's Bubi Mic, 1 x Ironmouse's Bubi Mic, 1 x Ironmouse's Bubi Mic, 1 x TBD (SID_Placeholder_852), 1 x TBD (SID_Placeholder_854), 1 x TBD (SID_Placeholder_858), 1 x Headstones and an Ironmouse for -1 MtxCurrency",7600,3400,4200,0.5526,1,2026-09-19T00:00:00Z,2026-10-02T23:59:59.999Z,1,0,-2,IronMouse2,Ironmouse,189,tileGrid,Size_4_x_1,,1,Ironmouse Bundle,15,br,EID_FeelUnionSki,Cry For Me,emote,uncommon,,Ironmouse,7,4,2026-09-17T16:17:14Z
2026-10-01,v2:/4b81058798e46288ef59b783edaa49eace7aa1f288587ca83f1900436961ae50,"[VIRTUAL]1 x Decora Ironmouse, 1 x Ironmouse Worm, 1 x Ironmouse, 1 x Ironmouse's Blade of Love, 1 x Bubi, 1 x Cry For Me, 1 x Hell Again, 1 x Mouse Mode, 1 x Ironmouse's Bubi Mic, 1 x Ironmouse's Bubi Mic, 1 x Ironmouse's Bubi Mic, 1 x TBD (SID_Placeholder_852), 1 x TBD (SID_Placeholder_854), 1 x TBD (SID_Placeholder_858), 1 x Headstones and an Ironmouse for -1 MtxCurrency",7600,3400,4200,0.5526,1,2026-09-19T00:00:00Z,2026-10-02T23:59:59.999Z,1,0,-2,IronMouse2,Ironmouse,189,tileGrid,Size_4_x_1,,1,Ironmouse Bundle,15,br,EID_FeelUnionMoo,Hell Again,emote,uncommon,,Ironmouse,7,4,2026-09-17T16:17:14Z
2026-10-01,v2:/4b81058798e46288ef59b783edaa49eace7aa1f288587ca83f1900436961ae50,"[VIRTUAL]1 x Decora Ironmouse, 1 x Ironmouse Worm, 1 x Ironmouse, 1 x Ironmouse's Blade of Love, 1 x Bubi, 1 x Cry For Me, 1 x Hell Again, 1 x Mouse Mode, 1 x Ironmouse's Bubi Mic, 1 x Ironmouse's Bubi Mic, 1 x Ironmouse's Bubi Mic, 1 x TBD (SID_Placeholder_852), 1 x TBD (SID_Placeholder_854), 1 x TBD (SID_Placeholder_858), 1 x Headstones and an Ironmouse for -1 MtxCurrency",7600,3400,4200,0.5526,1,2026-09-19T00:00:00Z,2026-10-02T23:59:59.999Z,1,0,-2,IronMouse2,Ironmouse,189,tileGrid,Size_4_x_1,,1,Ironmouse Bundle,15,br,Wrap_FeelUnion,Mouse Mode,wrap,rare,,Ironmouse,7,4,2026-09-17T16:17:14Z
2026-10-01,v2:/4b81058798e46288ef59b783edaa49eace7aa1f288587ca83f1900436961ae50,"[VIRTUAL]1 x Decora Ironmouse, 1 x Ironmouse Worm, 1 x Ironmouse, 1 x Ironmouse's Blade of Love, 1 x Bubi, 1 x Cry For Me, 1 x Hell Again, 1 x Mouse Mode, 1 x Ironmouse's Bubi Mic, 1 x Ironmouse's Bubi Mic, 1 x Ironmouse's Bubi Mic, 1 x TBD (SID_Placeholder_852), 1 x TBD (SID_Placeholder_854), 1 x TBD (SID_Placeholder_858), 1 x Headstones and an Ironmouse for -1 MtxCurrency",7600,3400,4200,0.5526,1,2026-09-19T00:00:00Z,2026-10-02T23:59:59.999Z,1,0,-2,IronMouse2,Ironmouse,189,tileGrid,Size_4_x_1,,1,Ironmouse Bundle,15,br,Pickaxe_FeelUnionMoo_Mic,Ironmouse's Bubi Mic,pickaxe,rare,,Ironmouse,7,4,2026-09-17T16:17:14Z
2026-10-01,v2:/4b81058798e46288ef59b783edaa49eace7aa1f288587ca83f1900436961ae50,"[VIRTUAL]1 x Decora Ironmouse, 1 x Ironmouse Worm, 1 x Ironmouse, 1 x Ironmouse's Blade of Love, 1 x Bubi, 1 x Cry For Me, 1 x Hell Again, 1 x Mouse Mode, 1 x Ironmouse's Bubi Mic, 1 x Ironmouse's Bubi Mic, 1 x Ironmouse's Bubi Mic, 1 x TBD (SID_Placeholder_852), 1 x TBD (SID_Placeholder_854), 1 x TBD (SID_Placeholder_858), 1 x Headstones and an Ironmouse for -1 MtxCurrency",7600,3400,4200,0.5526,1,2026-09-19T00:00:00Z,2026-10-02T23:59:59.999Z,1,0,-2,IronMouse2,Ironmouse,189,tileGrid,Size_4_x_1,,1,Ironmouse Bundle,15,br,Backpack_FeelUnionMoo_Mic,Ironmouse's Bubi Mic,backpack,rare,,Ironmouse,7,4,2026-09-17T16:17:14Z
2026-10-01,v2:/4b81058798e46288ef59b783edaa49eace7aa1f288587ca83f1900436961ae50,"[VIRTUAL]1 x Decora Ironmouse, 1 x Ironmouse Worm, 1 x Ironmouse, 1 x Ironmouse's Blade of Love, 1 x Bubi, 1 x Cry For Me, 1 x Hell Again, 1 x Mouse Mode, 1 x Ironmouse's Bubi Mic, 1 x Ironmouse's Bubi Mic, 1 x Ironmouse's Bubi Mic, 1 x TBD (SID_Placeholder_852), 1 x TBD (SID_Placeholder_854), 1 x TBD (SID_Placeholder_858), 1 x Headstones and an Ironmouse for -1 MtxCurrency",7600,3400,4200,0.5526,1,2026-09-19T00:00:00Z,2026-10-02T23:59:59.999Z,1,0,-2,IronMouse2,Ironmouse,189,tileGrid,Size_4_x_1,,1,Ironmouse Bundle,15,br,LoadingScreen_FeelUnionKeyArt,Headstones and an Ironmouse,loadingscreen,uncommon,,Ironmouse,7,4,2026-09-17T16:17:14Z
2026-10-01,v2:/4b81058798e46288ef59b783edaa49eace7aa1f288587ca83f1900436961ae50,"[VIRTUAL]1 x Decora Ironmouse, 1 x Ironmouse Worm, 1 x Ironmouse, 1 x Ironmouse's Blade of Love, 1 x Bubi, 1 x Cry For Me, 1 x Hell Again, 1 x Mouse Mode, 1 x Ironmouse's Bubi Mic, 1 x Ironmouse's Bubi Mic, 1 x Ironmouse's Bubi Mic, 1 x TBD (SID_Placeholder_852), 1 x TBD (SID_Placeholder_854), 1 x TBD (SID_Placeholder_858), 1 x Headstones and an Ironmouse for -1 MtxCurrency",7600,3400,4200,0.5526,1,2026-09-19T00:00:00Z,2026-10-02T23:59:59.999Z,1,0,-2,IronMouse2,Ironmouse,189,tileGrid,Size_4_x_1,,1,Ironmouse Bundle,15,track,sid_placeholder_852,Meow,,,,,,,2026-09-16T14:45:02Z
2026-10-01,v2:/4b81058798e46288ef59b783edaa49eace7aa1f288587ca83f1900436961ae50,"[VIRTUAL]1 x Decora Ironmouse, 1 x Ironmouse Worm, 1 x Ironmouse, 1 x Ironmouse's Blade of Love, 1 x Bubi, 1 x Cry For Me, 1 x Hell Again, 1 x Mouse Mode, 1 x Ironmouse's Bubi Mic, 1 x Ironmouse's Bubi Mic, 1 x Ironmouse's Bubi Mic, 1 x TBD (SID_Placeholder_852), 1 x TBD (SID_Placeholder_854), 1 x TBD (SID_Placeholder_858), 1 x Headstones and an Ironmouse for -1 MtxCurrency",7600,3400,4200,0.5526,1,2026-09-19T00:00:00Z,2026-10-02T23:59:59.999Z,1,0,-2,IronMouse2,Ironmouse,189,tileGrid,Size_4_x_1,,1,Ironmouse Bundle,15,track,sid_placeholder_854,Hell Again,,,,,,,2026-09-16T14:47:03Z
2026-10-01,v2:/4b81058798e46288ef59b783edaa49eace7aa1f288587ca83f1900436961ae50,"[VIRTUAL]1 x Decora Ironmouse, 1 x Ironmouse Worm, 1 x Ironmouse, 1 x Ironmouse's Blade of Love, 1 x Bubi, 1 x Cry For Me, 1 x Hell Again, 1 x Mouse Mode, 1 x Ironmouse's Bubi Mic, 1 x Ironmouse's Bubi Mic, 1 x Ironmouse's Bubi Mic, 1 x TBD (SID_Placeholder_852), 1 x TBD (SID_Placeholder_854), 1 x TBD (SID_Placeholder_858), 1 x Headstones and an Ironmouse for -1 MtxCurrency",7600,3400,4200,0.5526,1,2026-09-19T00:00:00Z,2026-10-02T23:59:59.999Z,1,0,-2,IronMouse2,Ironmouse,189,tileGrid,Size_4_x_1,,1,Ironmouse Bundle,15,track,sid_placeholder_858,Cry For Me (Wa Wa Wa),,,,,,,2026-09-16T14:46:03Z
2026-10-01,v2:/4b81058798e46288ef59b783edaa49eace7aa1f288587ca83f1900436961ae50,"[VIRTUAL]1 x Decora Ironmouse, 1 x Ironmouse Worm, 1 x Ironmouse, 1 x Ironmouse's Blade of Love, 1 x Bubi, 1 x Cry For Me, 1 x Hell Again, 1 x Mouse Mode, 1 x Ironmouse's Bubi Mic, 1 x Ironmouse's Bubi Mic, 1 x Ironmouse's Bubi Mic, 1 x TBD (SID_Placeholder_852), 1 x TBD (SID_Placeholder_854), 1 x TBD (SID_Placeholder_858), 1 x Headstones and an Ironmouse for -1 MtxCurrency",7600,3400,4200,0.5526,1,2026-09-19T00:00:00Z,2026-10-02T23:59:59.999Z,1,0,-2,IronMouse2,Ironmouse,189,tileGrid,Size_4_x_1,,1,Ironmouse Bundle,15,instrument,Sparks_FeelUnionMoo_Mic,Ironmouse's Bubi Mic,mic,common,,,,,2026-09-17T16:17:14Z
2026-10-01,v2:/10b9652fe76e5b49566321c21a04d6dc0395f008805d9353f521e4607e4cda3f,"[VIRTUAL]1 x Make You Mine Madison, 1 x Madison's OG Pickaxe for -1 MtxCurrency",1500,1500,0,0.0,0,2026-09-25T00:00:00Z,2026-10-04T23:59:59.999Z,1,0,-1,MadisonBeer,Madison Beer,194,tileGrid,Size_2_x_1,,0,,2,br,Character_MistTycoonHike,Make You Mine Madison,outfit,icon,Icon Series,Madison Beer,7,4,2026-09-23T16:31:22Z
2026-10-01,v2:/10b9652fe76e5b49566321c21a04d6dc0395f008805d9353f521e4607e4cda3f,"[VIRTUAL]1 x Make You Mine Madison, 1 x Madison's OG Pickaxe for -1 MtxCurrency",1500,1500,0,0.0,0,2026-09-25T00:00:00Z,2026-10-04T23:59:59.999Z,1,0,-1,MadisonBeer,Madison Beer,194,tileGrid,Size_2_x_1,,0,,2,br,Pickaxe_MistTycoonHike,Madison's OG Pickaxe,pickaxe,icon,Icon Series,Madison Beer,7,4,2026-09-24T13:00:55Z
2026-10-01,v2:/44f1c3de8746df698994820ef0c76b3205aca881dd99732accbb103785d3a111,[VIRTUAL]1 x Breed for 500 MtxCurrency,500,500,0,0.0,0,2026-10-01T00:00:00Z,2026-10-31T23:59:59.999Z,1,0,-5,JT100126,Jam Tracks,179,expandableList,Size_1_x_1,,0,,1,track,sid_placeholder_201,Breed,,,,,,,2024-04-30T14:34:03Z
2026-10-01,v2:/c8cd0b448977efed1c78d0bebd11f5c50de9b540080fe800bee3da68dc98e152,[VIRTUAL]1 x Never Back Down for 500 MtxCurrency,500,500,0,0.0,0,2026-10-01T00:00:00Z,2026-10-03T23:59:59.999Z,1,0,-4,NickEh30noicon,Nick Eh 30,197,tileGrid,Size_1_x_1,,0,,1,track,sid_placeholder_252,Never Back Down,,,,,,,2024-06-13T13:42:05Z
2026-10-01,v2:/5e31be629e60d3fdc54f1d33ec9c97d631e8dbb6ace6ee4a19d3b2c4fda1b0a1,[VIRTUAL]1 x TBD (SID_Placeholder_536) for 500 MtxCurrency,500,500,0,0.0,0,2026-10-01T00:00:00Z,2026-10-31T23:59:59.999Z,1,0,-88,JT100126,Jam Tracks,179,expandableList,Size_1_x_1,,0,,1,track,sid_placeholder_536,Taste,,,,,,,2025-04-08T08:00:00Z
2026-10-01,v2:/e5c70f63a970bd487a3ea4f6601eacfee342c5c3eb1aa5ad593cde613a0bc1b1,[VIRTUAL]1 x Cake By The Ocean for 500 MtxCurrency,500,500,0,0.0,0,2026-10-01T00:00:00Z,2026-10-31T23:59:59.999Z,1,0,-11,JT100126,Jam Tracks,179,expandableList,Size_1_x_1,,0,,1,track,sid_placeholder_26,Cake By The Ocean,,,,,,,2023-12-12T00:00:00Z
2026-10-01,v2:/2aa6896a894dd6c73c06ba1e61604c4cdff2a0ddbe637e3661638014bb668e97,"[VIRTUAL]1 x Nick Eh 30, 1 x Never Back Down, 1 x You Think You're The King?, 1 x Eh Crown, 1 x Eh Theme, 1 x Never Back Down for -1 MtxCurrency",3600,2400,1200,0.3333,1,2026-10-01T00:00:00Z,2026-10-03T23:59:59.999Z,1,0,-1,NickEh30noicon,Nick Eh 30,197,tileGrid,Size_2_x_1,,1,Nick Eh 30 Bundle,6,br,Character_WeaveHarbor,Nick Eh 30,outfit,icon,Icon Series,Nick Eh 30,5,3,2024-06-15T20:50:31Z
2026-10-01,v2:/2aa6896a894dd6c73c06ba1e61604c4cdff2a0ddbe637e3661638014bb668e97,"[VIRTUAL]1 x Nick Eh 30, 1 x Never Back Down, 1 x You Think You're The King?, 1 x Eh Crown, 1 x Eh Theme, 1 x Never Back Down for -1 MtxCurrency",3600,2400,1200,0.3333,1,2026-10-01T00:00:00Z,2026-10-03T23:59:59.999Z,1,0,-1,NickEh30noicon,Nick Eh 30,197,tileGrid,Size_2_x_1,,1,Nick Eh 30 Bundle,6,br,Backpack_WeaveHarbor,Never Back Down,backpack,icon,Icon Series,Nick Eh 30,5,3,2024-06-15T20:50:31Z
2026-10-01,v2:/2aa6896a894dd6c73c06ba1e61604c4cdff2a0ddbe637e3661638014bb668e97,"[VIRTUAL]1 x Nick Eh 30, 1 x Never Back Down, 1 x You Think You're The King?, 1 x Eh Crown, 1 x Eh Theme, 1 x Never Back Down for -1 MtxCurrency",3600,2400,1200,0.3333,1,2026-10-01T00:00:00Z,2026-10-03T23:59:59.999Z,1,0,-1,NickEh30noicon,Nick Eh 30,197,tileGrid,Size_2_x_1,,1,Nick Eh 30 Bundle,6,br,EID_WeaveHarbor,You Think You're The King?,emote,icon,Icon Series,Nick Eh 30,5,3,2024-06-15T20:50:31Z
2026-10-01,v2:/2aa6896a894dd6c73c06ba1e61604c4cdff2a0ddbe637e3661638014bb668e97,"[VIRTUAL]1 x Nick Eh 30, 1 x Never Back Down, 1 x You Think You're The King?, 1 x Eh Crown, 1 x Eh Theme, 1 x Never Back Down for -1 MtxCurrency",3600,2400,1200,0.3333,1,2026-10-01T00:00:00Z,2026-10-03T23:59:59.999Z,1,0,-1,NickEh30noicon,Nick Eh 30,197,tileGrid,Size_2_x_1,,1,Nick Eh 30 Bundle,6,br,Pickaxe_WeaveHarbor,Eh Crown,pickaxe,icon,Icon Series,Nick Eh 30,5,3,2024-06-15T20:50:31Z
2026-10-01,v2:/2aa6896a894dd6c73c06ba1e61604c4cdff2a0ddbe637e3661638014bb668e97,"[VIRTUAL]1 x Nick Eh 30, 1 x Never Back Down, 1 x You Think You're The King?, 1 x Eh Crown, 1 x Eh Theme, 1 x Never Back Down for -1 MtxCurrency",3600,2400,1200,0.3333,1,2026-10-01T00:00:00Z,2026-10-03T23:59:59.999Z,1,0,-1,NickEh30noicon,Nick Eh 30,197,tileGrid,Size_2_x_1,,1,Nick Eh 30 Bundle,6,br,Wrap_WeaveHarbor,Eh Theme,wrap,icon,Icon Series,Nick Eh 30,5,3,2024-06-15T20:50:31Z
2026-10-01,v2:/2aa6896a894dd6c73c06ba1e61604c4cdff2a0ddbe637e3661638014bb668e97,"[VIRTUAL]1 x Nick Eh 30, 1 x Never Back Down, 1 x You Think You're The King?, 1 x Eh Crown, 1 x Eh Theme, 1 x Never Back Down for -1 MtxCurrency",3600,2400,1200,0.3333,1,2026-10-01T00:00:00Z,2026-10-03T23:59:59.999Z,1,0,-1,NickEh30noicon,Nick Eh 30,197,tileGrid,Size_2_x_1,,1,Nick Eh 30 Bundle,6,track,sid_placeholder_252,Never Back Down,,,,,,,2024-06-13T13:42:05Z
2026-10-01,v2:/7079762f56a756548c4e53253e3108ffac89f5f2c8d50e147bd729eb7fb11366,"[VIRTUAL]1 x Shifu, 1 x Kunai Shield for -1 MtxCurrency",1200,1200,0,0.0,0,2026-10-01T00:00:00Z,2026-10-01T23:59:59.999Z,1,0,-2,BR100126,Fit Check,185,tileGrid,Size_1_x_1,,0,,2,br,CID_509_Athena_Commando_M_WiseMaster,Shifu,outfit,rare,,Wise Warrior,1,X,2019-11-20T12:49:51Z
2026-10-01,v2:/7079762f56a756548c4e53253e3108ffac89f5f2c8d50e147bd729eb7fb11366,"[VIRTUAL]1 x Shifu, 1 x Kunai Shield for -1 MtxCurrency",1200,1200,0,0.0,0,2026-10-01T00:00:00Z,2026-10-01T23:59:59.999Z,1,0,-2,BR100126,Fit Check,185,tileGrid,Size_1_x_1,,0,,2,br,BID_340_WiseMaster,Kunai Shield,backpack,rare,,Wise Warrior,1,X,2019-11-20T12:50:32Z
2026-10-01,v2:/3afd858ea1432d8e469383f85202c81c5d64081e8f13536e242f13e45f4e6dc6,[VIRTUAL]1 x Ancient Hunter's Seok-jang for 500 MtxCurrency,500,500,0,0.0,0,2026-09-27T00:00:00Z,2026-10-01T23:59:59.999Z,1,0,-4,Kpop2Newest,KPop Demon Hunters,183,tileGrid,Size_1_x_1,,0,,1,br,Pickaxe_LowerDrop,Ancient Hunter's Seok-jang,pickaxe,icon,Icon Series,KPop Demon Hunters,7,1,2026-02-05T15:01:36Z
2026-10-01,v2:/871b75660b9e73db1f0f8b32613354d67f74047156f1e29fcf1521d01728157b,[VIRTUAL]1 x One for 500 MtxCurrency,500,500,0,0.0,0,2026-10-01T00:00:00Z,2026-10-31T23:59:59.999Z,1,0,-18,JT100126,Jam Tracks,179,expandableList,Size_1_x_1,,0,,1,track,sid_placeholder_232,One,,,,,,,2024-06-13T13:42:05Z
2026-10-01,v2:/fb685e2a1b6951a2cb7a5745e45814b66cffba36423f68ab32cc327c3c0cd6ec,[VIRTUAL]1 x Just A Girl for 500 MtxCurrency,500,500,0,0.0,0,2026-10-01T00:00:00Z,2026-10-31T23:59:59.999Z,1,0,-64,JT100126,Jam Tracks,179,expandableList,Size_1_x_1,,0,,1,track,sid_placeholder_192,Just A Girl,,,,,,,2024-04-16T20:20:56Z
2026-10-01,v2:/dfe2eb2914caa60957bff928331d8cfb5db34006bbf479daabae571538a78cda,"[VIRTUAL]1 x Nick Eh 30, 1 x Never Back Down for -1 MtxCurrency",1500,1500,0,0.0,0,2026-10-01T00:00:00Z,2026-10-03T23:59:59.999Z,1,0,-2,NickEh30noicon,Nick Eh 30,197,tileGrid,Size_2_x_1,,0,,2,br,Character_WeaveHarbor,Nick Eh 30,outfit,icon,Icon Series,Nick Eh 30,5,3,2024-06-15T20:50:31Z
2026-10-01,v2:/dfe2eb2914caa60957bff928331d8cfb5db34006bbf479daabae571538a78cda,"[VIRTUAL]1 x Nick Eh 30, 1 x Never Back Down for -1 MtxCurrency",1500,1500,0,0.0,0,2026-10-01T00:00:00Z,2026-10-03T23:59:59.999Z,1,0,-2,NickEh30noicon,Nick Eh 30,197,tileGrid,Size_2_x_1,,0,,2,br,Backpack_WeaveHarbor,Never Back Down,backpack,icon,Icon Series,Nick Eh 30,5,3,2024-06-15T20:50:31Z
2026-10-01,v2:/c72adae8da7d059e9778e37c6dbcc18ce601f3c6cf9c1a3feffb690cff98cdef,"[VIRTUAL]1 x Toon Meowscles, 1 x Toona Can for -1 MtxCurrency",1400,1400,0,0.0,0,2026-10-01T00:00:00Z,2026-10-01T23:59:59.999Z,1,0,-1,BR100126,Fit Check,185,tileGrid,Size_1_x_1,,0,,2,br,CID_A_072_Athena_Commando_M_BuffCatComic_XG5XC,Toon Meowscles,outfit,rare,,Inkville Gang,2,6,2021-05-07T00:00:00Z
2026-10-01,v2:/c72adae8da7d059e9778e37c6dbcc18ce601f3c6cf9c1a3feffb690cff98cdef,"[VIRTUAL]1 x Toon Meowscles, 1 x Toona Can for -1 MtxCurrency",1400,1400,0,0.0,0,2026-10-01T00:00:00Z,2026-10-01T23:59:59.999Z,1,0,-1,BR100126,Fit Check,185,tileGrid,Size_1_x_1,,0,,2,br,BID_745_BuffCatComic_AB1AX,Toona Can,backpack,rare,,Inkville Gang,2,6,2021-05-07T00:00:00Z
2026-10-01,v2:/5204c350eeddec61afdc996baa4aea3fe388a65040dec044dc4d04ca078cd173,[VIRTUAL]1 x OKI DOKI for 500 MtxCurrency,500,500,0,0.0,0,2026-10-01T00:00:00Z,2026-10-31T23:59:59.999Z,1,0,-47,JT100126,Jam Tracks,179,expandableList,Size_1_x_1,,0,,1,track,sid_placeholder_305,OKI DOKI,,,,,,,2024-08-16T03:00:00Z
2026-10-01,v2:/f1484338bcdb6488a38ca5ef35203fb551e66da8c8677265ac0f537c61601d28,[VIRTUAL]1 x Apple for 500 MtxCurrency,500,500,0,0.0,0,2026-10-01T00:00:00Z,2026-10-31T23:59:59.999Z,1,0,-58,JT100126,Jam Tracks,179,expandableList,Size_1_x_1,,0,,1,track,sid_placeholder_331,Apple,,,,,,,2024-09-05T14:24:37Z
2026-10-01,v2:/a892be099ea209196736610cec03cd3a046b924de058ff8238fc1613eb8fd185,[VIRTUAL]1 x Fuel for 500 MtxCurrency,500,500,0,0.0,0,2026-10-01T00:00:00Z,2026-10-31T23:59:59.999Z,1,0,-15,JT100126,Jam Tracks,179,expandableList,Size_1_x_1,,0,,1,track,sid_placeholder_231,Fuel,,,,,,,2024-05-23T13:34:20Z
2026-10-01,v2:/b55729f141723dc14049db7408a21ca175b40e2bb3fd09163809d49c2e5b998d,[VIRTUAL]1 x Cry For Me for 500 MtxCurrency,500,500,0,0.0,0,2026-09-19T00:00:00Z,2026-10-02T23:59:59.999Z,1,0,-4,IronMouse2,Ironmouse,189,tileGrid,Size_1_x_1,,0,,1,br,EID_FeelUnionSki,Cry For Me,emote,uncommon,,Ironmouse,7,4,2026-09-17T16:17:14Z
2026-10-01,v2:/05112a186d2775ce68c59cf1a8f4c71d4b376840ba29f6fc5f8da34e4339b31f,[VIRTUAL]1 x all red for 400 MtxCurrency,400,400,0,0.0,0,2026-09-30T00:00:00Z,2026-10-03T23:59:59.999Z,1,0,-3,VV093026,Groove Moves,195,tileGrid,Size_1_x_1,,0,,1,br,EID_IcedOut,all red,emote,icon,Icon Series,,6,2,2025-04-15T00:00:00Z
2026-10-01,v2:/5cebba1be1c864e7f08249ea98b3243145fac767a2d2ef4d2d5ef2897345548e,[VIRTUAL]1 x Panda for 500 MtxCurrency,500,500,0,0.0,0,2026-10-01T00:00:00Z,2026-10-31T23:59:59.999Z,1,0,-33,JT100126,Jam Tracks,179,expandableList,Size_1_x_1,,0,,1,track,sid_placeholder_293,Panda,,,,,,,2024-08-09T00:00:00Z
2026-10-01,v2:/56bbd03268c00787fc55fdf680251891ed53beed29d4bc898908fc14445ccbeb,[VIRTUAL]1 x HUNTR/X Light Stick for 400 MtxCurrency,400,400,0,0.0,0,2026-09-27T00:00:00Z,2026-10-01T23:59:59.999Z,1,0,-2,Kpop2Newest,KPop Demon Hunters,183,tileGrid,Size_1_x_1,,0,,1,br,Backpack_HybridBoot,HUNTR/X Light Stick,backpack,icon,Icon Series,KPop Demon Hunters,7,1,2026-02-05T15:01:36Z
2026-10-01,v2:/ac44efffd72ec97414ef06d9b014c13eb659f8490594ed8733fe8ffbfdbb2711,"[VIRTUAL]1 x Dummy, 1 x Wrong Turn for -1 MtxCurrency",1200,1200,0,0.0,0,2026-09-29T00:00:00Z,2026-10-05T23:59:59.999Z,1,0,-1,NS092926,No Sweat,186,tileGrid,Size_1_x_1,,0,,2,br,CID_795_Athena_Commando_M_Dummeez,Dummy,outfit,rare,,Dummy Brigade,2,3,2020-07-21T08:17:24Z
2026-10-01,v2:/ac44efffd72ec97414ef06d9b014c13eb659f8490594ed8733fe8ffbfdbb2711,"[VIRTUAL]1 x Dummy, 1 x Wrong Turn for -1 MtxCurrency",1200,1200,0,0.0,0,2026-09-29T00:00:00Z,2026-10-05T23:59:59.999Z,1,0,-1,NS092926,No Sweat,186,tileGrid,Size_1_x_1,,0,,2,br,BID_549_Dummeez,Wrong Turn,backpack,rare,,Dummy Brigade,2,3,2020-07-21T08:17:24Z
2026-10-01,v2:/0343a7c859e9d05e591c15fef2925bc38b1459fa39c4074ee158413b11f7cf62,[VIRTUAL]1 x Too Sweet for 500 MtxCurrency,500,500,0,0.0,0,2026-10-01T00:00:00Z,2026-10-31T23:59:59.999Z,1,0,-40,JT100126,Jam Tracks,179,expandableList,Size_1_x_1,,0,,1,track,sid_placeholder_273,Too Sweet,,,,,,,2024-07-03T14:17:57Z
2026-10-01,v2:/b23ed5773996162f223d116b25a6f513420613acbb09d9e24f6d954502f609f2,"[VIRTUAL]1 x Jack Skellington, 1 x Zero, 1 x Peppermint Parasol, 1 x Jack's Sled, 1 x Lock, Shock and Barrel's Tub for -1 MtxCurrency",4000,2600,1400,0.35,1,2026-09-28T00:00:00Z,2026-10-01T23:59:59.999Z,1,0,-3,KHNightmare1,Disney,192,tileGrid,Size_2_x_1,Bundle includes  <highlight>JACK SKELLINGTON</>! Additional style included!,1,Jack Skellington Bundle,5,br,Character_PrivateJet,Jack Skellington,outfit,epic,,The Pumpkin King,4,4,2023-10-10T11:59:07Z
2026-10-01,v2:/b23ed5773996162f223d116b25a6f513420613acbb09d9e24f6d954502f609f2,"[VIRTUAL]1 x Jack Skellington, 1 x Zero, 1 x Peppermint Parasol, 1 x Jack's Sled, 1 x Lock, Shock and Barrel's Tub for -1 MtxCurrency",4000,2600,1400,0.35,1,2026-09-28T00:00:00Z,2026-10-01T23:59:59.999Z,1,0,-3,KHNightmare1,Disney,192,tileGrid,Size_2_x_1,Bundle includes  <highlight>JACK SKELLINGTON</>! Additional style included!,1,Jack Skellington Bundle,5,br,Backpack_PrivateJet,Zero,backpack,epic,,The Pumpkin King,4,4,2023-10-10T11:59:07Z
2026-10-01,v2:/b23ed5773996162f223d116b25a6f513420613acbb09d9e24f6d954502f609f2,"[VIRTUAL]1 x Jack Skellington, 1 x Zero, 1 x Peppermint Parasol, 1 x Jack's Sled, 1 x Lock, Shock and Barrel's Tub for -1 MtxCurrency",4000,2600,1400,0.35,1,2026-09-28T00:00:00Z,2026-10-01T23:59:59.999Z,1,0,-3,KHNightmare1,Disney,192,tileGrid,Size_2_x_1,Bundle includes  <highlight>JACK SKELLINGTON</>! Additional style included!,1,Jack Skellington Bundle,5,br,Pickaxe_PrivateJet,Peppermint Parasol,pickaxe,rare,,The Pumpkin King,4,4,2023-10-10T11:59:07Z
2026-10-01,v2:/b23ed5773996162f223d116b25a6f513420613acbb09d9e24f6d954502f609f2,"[VIRTUAL]1 x Jack Skellington, 1 x Zero, 1 x Peppermint Parasol, 1 x Jack's Sled, 1 x Lock, Shock and Barrel's Tub for -1 MtxCurrency",4000,2600,1400,0.35,1,2026-09-28T00:00:00Z,2026-10-01T23:59:59.999Z,1,0,-3,KHNightmare1,Disney,192,tileGrid,Size_2_x_1,Bundle includes  <highlight>JACK SKELLINGTON</>! Additional style included!,1,Jack Skellington Bundle,5,br,Glider_PrivateJet,Jack's Sled,glider,epic,,The Pumpkin King,4,4,2023-10-10T11:59:07Z
2026-10-01,v2:/b23ed5773996162f223d116b25a6f513420613acbb09d9e24f6d954502f609f2,"[VIRTUAL]1 x Jack Skellington, 1 x Zero, 1 x Peppermint Parasol, 1 x Jack's Sled, 1 x Lock, Shock and Barrel's Tub for -1 MtxCurrency",4000,2600,1400,0.35,1,2026-09-28T00:00:00Z,2026-10-01T23:59:59.999Z,1,0,-3,KHNightmare1,Disney,192,tileGrid,Size_2_x_1,Bundle includes  <highlight>JACK SKELLINGTON</>! Additional style included!,1,Jack Skellington Bundle,5,br,EID_PrivateJet,"Lock, Shock and Barrel's Tub",emote,rare,,The Pumpkin King,4,4,2023-10-24T00:00:00Z
2026-10-01,v2:/5e6bf6d176dc7209e3e4672b7c7dbee3c5b1fadbacf50abe0868884db5f2f5d5,[VIRTUAL]1 x TBD (SID_Placeholder_759) for 500 MtxCurrency,500,500,0,0.0,0,2026-10-01T00:00:00Z,2026-10-31T23:59:59.999Z,1,0,-87,JT100126,Jam Tracks,179,expandableList,Size_1_x_1,,0,,1,track,sid_placeholder_759,Tribute,,,,,,,2026-03-05T15:30:10Z
2026-10-01,v2:/3b2a5e833c2832b631d84ca500bfa40c5a5881086273c088dd1126b0e45ebc6a,[VIRTUAL]1 x TBD (SID_Placeholder_907) for 500 MtxCurrency,500,500,0,0.0,0,2026-09-25T00:00:00Z,2026-10-04T23:59:59.999Z,1,0,-4,MadisonBeer,Madison Beer,194,tileGrid,Size_1_x_1,,0,,1,track,sid_placeholder_907,bittersweet,,,,,,,2026-09-23T18:01:04Z
2026-10-01,v2:/c9da3865285dd353e782a705a0c77fddf134fb8596975bd380d8010b318f7540,"[VIRTUAL]1 x Highland Warrior, 1 x Buckler for -1 MtxCurrency",1500,1500,0,0.0,0,2026-10-01T00:00:00Z,2026-10-01T23:59:59.999Z,1,0,-4,BR100126,Fit Check,185,tileGrid,Size_1_x_1,,0,,2,br,CID_099_Athena_Commando_F_Scathach,Highland Warrior,outfit,epic,,Laoch,1,3,2019-11-20T12:50:26Z
2026-10-01,v2:/c9da3865285dd353e782a705a0c77fddf134fb8596975bd380d8010b318f7540,"[VIRTUAL]1 x Highland Warrior, 1 x Buckler for -1 MtxCurrency",1500,1500,0,0.0,0,2026-10-01T00:00:00Z,2026-10-01T23:59:59.999Z,1,0,-4,BR100126,Fit Check,185,tileGrid,Size_1_x_1,,0,,2,br,BID_035_Scathach,Buckler,backpack,epic,,Laoch,1,3,2019-11-20T12:50:41Z
2026-10-01,v2:/f3521f3661460e020b3ed6ecae658b1034036b892fea1d39d83b23c818384571,"[VIRTUAL]1 x Kernel Poppy, 1 x Slurpy Slush'em for -1 MtxCurrency",1200,1200,0,0.0,0,2026-09-29T00:00:00Z,2026-10-01T23:59:59.999Z,1,0,-2,BR100126,Fit Check,185,tileGrid,Size_1_x_1,,0,,2,br,CID_A_254_Athena_Commando_M_ButterJack,Kernel Poppy,outfit,rare,,Multiplex,2,8,2021-10-26T08:26:10Z
2026-10-01,v2:/f3521f3661460e020b3ed6ecae658b1034036b892fea1d39d83b23c818384571,"[VIRTUAL]1 x Kernel Poppy, 1 x Slurpy Slush'em for -1 MtxCurrency",1200,1200,0,0.0,0,2026-09-29T00:00:00Z,2026-10-01T23:59:59.999Z,1,0,-2,BR100126,Fit Check,185,tileGrid,Size_1_x_1,,0,,2,br,BID_891_ButterJack,Slurpy Slush'em,backpack,rare,,Multiplex,2,8,2021-10-26T08:26:10Z
2026-10-01,v2:/85f63484532bfb7adf1653556a41f4843afe0bc02bfc5c3a74abfc6e50f9aee9,[VIRTUAL]1 x Lonely Boy for 500 MtxCurrency,500,500,0,0.0,0,2026-10-01T00:00:00Z,2026-10-31T23:59:59.999Z,1,0,-97,JT100126,Jam Tracks,179,expandableList,Size_1_x_1,,0,,1,track,sid_placeholder_379,Lonely Boy,,,,,,,2025-01-02T14:36:01Z
2026-10-01,v2:/b0d2315e68aee8781e9445baa4c9e9f32a976bfbbc2d3c61c7adfe8bf5fe793e,"[VIRTUAL]1 x PEAK Scout, 1 x Peak Pack, 1 x Scout's Marshmallow, 1 x Bing Bong for -1 MtxCurrency",3300,2500,800,0.2424,1,2026-09-28T00:00:00Z,2026-10-01T23:59:59.999Z,1,0,-1,PEAK,PEAK,182,tileGrid,Size_3_x_1,,1,PEAK Bundle,4,br,Character_TopicProud,PEAK Scout,outfit,gaminglegends,Gaming Legends Series,PEAK,7,2,2026-03-22T00:00:00Z
2026-10-01,v2:/b0d2315e68aee8781e9445baa4c9e9f32a976bfbbc2d3c61c7adfe8bf5fe793e,"[VIRTUAL]1 x PEAK Scout, 1 x Peak Pack, 1 x Scout's Marshmallow, 1 x Bing Bong for -1 MtxCurrency",3300,2500,800,0.2424,1,2026-09-28T00:00:00Z,2026-10-01T23:59:59.999Z,1,0,-1,PEAK,PEAK,182,tileGrid,Size_3_x_1,,1,PEAK Bundle,4,br,Backpack_TopicProud,Peak Pack,backpack,gaminglegends,Gaming Legends Series,PEAK,7,2,2026-03-22T00:00:00Z
2026-10-01,v2:/b0d2315e68aee8781e9445baa4c9e9f32a976bfbbc2d3c61c7adfe8bf5fe793e,"[VIRTUAL]1 x PEAK Scout, 1 x Peak Pack, 1 x Scout's Marshmallow, 1 x Bing Bong for -1 MtxCurrency",3300,2500,800,0.2424,1,2026-09-28T00:00:00Z,2026-10-01T23:59:59.999Z,1,0,-1,PEAK,PEAK,182,tileGrid,Size_3_x_1,,1,PEAK Bundle,4,br,Pickaxe_TopicProud,Scout's Marshmallow,pickaxe,gaminglegends,Gaming Legends Series,PEAK,7,2,2026-03-22T00:00:00Z
2026-10-01,v2:/b0d2315e68aee8781e9445baa4c9e9f32a976bfbbc2d3c61c7adfe8bf5fe793e,"[VIRTUAL]1 x PEAK Scout, 1 x Peak Pack, 1 x Scout's Marshmallow, 1 x Bing Bong for -1 MtxCurrency",3300,2500,800,0.2424,1,2026-09-28T00:00:00Z,2026-10-01T23:59:59.999Z,1,0,-1,PEAK,PEAK,182,tileGrid,Size_3_x_1,,1,PEAK Bundle,4,br,Wrap_TopicProud,Bing Bong,wrap,rare,,PEAK,7,2,2026-03-22T00:00:00Z
2026-10-01,v2:/b1da53edc4186858dd65effbac472dad6fc75d86f39887e1f9123db2c2808585,[VIRTUAL]1 x Glumbo for 300 MtxCurrency,300,300,0,0.0,0,2026-09-29T00:00:00Z,2026-10-05T23:59:59.999Z,1,0,-2,,,,,Size_1_x_1,,0,,1,br,BID_743_Accumulate,Glumbo,backpack,epic,,Marked Man,2,6,2021-04-13T08:51:15Z
2026-10-01,v2:/e9f5c53ceccb2b573ae7f910c88798b5cc75d763fce188dafa26290c04aac2e5,[VIRTUAL]1 x Umbrella Parasol for 500 MtxCurrency,500,500,0,0.0,0,2026-09-26T00:00:00Z,2026-10-03T23:59:59.999Z,1,0,-4,ResidentEvil,Resident Evil,190,tileGrid,Size_1_x_1,,0,,1,br,Pickaxe_FallValleyCharge,Umbrella Parasol,pickaxe,gaminglegends,Gaming Legends Series,Raccoon City Survivors,4,2,2023-03-17T00:00:00Z
2026-10-01,v2:/9379454a458d125f8ea90872ba8f09ba987e1d7164d26acf4f1d2e33f5847014,[VIRTUAL]1 x FTCU for 500 MtxCurrency,500,500,0,0.0,0,2026-10-01T00:00:00Z,2026-10-31T23:59:59.999Z,1,0,-81,JT100126,Jam Tracks,179,expandableList,Size_1_x_1,,0,,1,track,sid_placeholder_433,FTCU,,,,,,,2024-11-27T14:32:37Z
2026-10-01,v2:/e97838df00fca21076a237fbb1bd4259862b9f7479feb08ffcfe8d86a3fa32f8,[VIRTUAL]1 x Bobomi for 1200 MtxCurrency,1200,1200,0,0.0,0,2026-09-29T00:00:00Z,2026-10-05T23:59:59.999Z,1,0,-1,BR100126,Fit Check,185,tileGrid,Size_1_x_1,,0,,1,br,Companion_TapiTime,Bobomi,sidekick,uncommon,,Bobom Buddy,7,3,2026-07-16T08:32:04Z
2026-10-01,v2:/4e803ce94403432c7bd1b334801b215e244123ef17964ca1bdce509efda6d480,"[VIRTUAL]1 x Destiny's Embrace, 1 x Destiny's Embrace for 800 MtxCurrency",800,800,0,0.0,0,2026-09-17T00:00:00Z,2026-10-01T23:59:59.999Z,1,0,-1,KingdomHearts,Kingdom Hearts,193,tileGrid,Size_1_x_1,,0,,2,br,Pickaxe_WaningCacti,Destiny's Embrace,pickaxe,gaminglegends,Gaming Legends Series,Kingdom Hearts,7,4,2026-09-17T08:00:00Z
2026-10-01,v2:/4e803ce94403432c7bd1b334801b215e244123ef17964ca1bdce509efda6d480,"[VIRTUAL]1 x Destiny's Embrace, 1 x Destiny's Embrace for 800 MtxCurrency",800,800,0,0.0,0,2026-09-17T00:00:00Z,2026-10-01T23:59:59.999Z,1,0,-1,KingdomHearts,Kingdom Hearts,193,tileGrid,Size_1_x_1,,0,,2,br,Backpack_WaningCacti,Destiny's Embrace,backpack,gaminglegends,Gaming Legends Series,Kingdom Hearts,7,4,2026-09-17T08:00:00Z
2026-10-01,v2:/de32b663a49070f6515c84e34b7470ff90f250512ea288d09b334281a832428b,[VIRTUAL]1 x TBD (SID_Placeholder_607) for 500 MtxCurrency,500,500,0,0.0,0,2026-09-25T00:00:00Z,2026-10-01T23:59:59.999Z,1,0,-2,JT100126,Jam Tracks,179,tileGrid,Size_1_x_1,,0,,1,track,sid_placeholder_607,Ghosts 'n' Stuff,,,,,,,2025-08-06T00:00:00Z
2026-10-01,v2:/61e52ba8ed7f1ed95e38550997a152a7035544318dde09bdf4b753d65b4c0a75,"[VIRTUAL]1 x Sora, 1 x Keyblade, 1 x Keyblade, 1 x Keyblade Flourish, 1 x Riku, 1 x Soul Eater, 1 x Soul Eater, 1 x Roxas, 1 x Oathkeeper & Oblivion, 1 x Oathkeeper & Oblivion, 1 x Kairi, 1 x Destiny's Embrace, 1 x Destiny's Embrace, 1 x Lil' Gummi Ship, 1 x Shadow Steppers, 1 x Sea-Salt Ice Cream, 1 x Arpeggio, 1 x Arpeggio, 1 x Arpeggio, 1 x TBD (SID_Placeholder_904), 1 x TBD (SID_Placeholder_905), 1 x The Heart of All Worlds for -1 MtxCurrency",10300,4500,5800,0.5631,1,2026-09-17T00:00:00Z,2026-10-01T23:59:59.999Z,1,0,-1,KingdomHearts,Kingdom Hearts,193,tileGrid,Size_4_x_1,,1,KINGDOM HEARTS Bundle,22,br,Character_SpireTend,Sora,outfit,gaminglegends,Gaming Legends Series,Kingdom Hearts,7,4,2026-09-17T08:00:00Z
2026-10-01,v2:/61e52ba8ed7f1ed95e38550997a152a7035544318dde09bdf4b753d65b4c0a75,"[VIRTUAL]1 x Sora, 1 x Keyblade, 1 x Keyblade, 1 x Keyblade Flourish, 1 x Riku, 1 x Soul Eater, 1 x Soul Eater, 1 x Roxas, 1 x Oathkeeper & Oblivion, 1 x Oathkeeper & Oblivion, 1 x Kairi, 1 x Destiny's Embrace, 1 x Destiny's Embrace, 1 x Lil' Gummi Ship, 1 x Shadow Steppers, 1 x Sea-Salt Ice Cream, 1 x Arpeggio, 1 x Arpeggio, 1 x Arpeggio, 1 x TBD (SID_Placeholder_904), 1 x TBD (SID_Placeholder_905), 1 x The Heart of All Worlds for -1 MtxCurrency",10300,4500,5800,0.5631,1,2026-09-17T00:00:00Z,2026-10-01T23:59:59.999Z,1,0,-1,KingdomHearts,Kingdom Hearts,193,tileGrid,Size_4_x_1,,1,KINGDOM HEARTS Bundle,22,br,Pickaxe_SpireTend,Keyblade,pickaxe,gaminglegends,Gaming Legends Series,Kingdom Hearts,7,4,2026-09-17T08:00:00Z
2026-10-01,v2:/61e52ba8ed7f1ed95e38550997a152a7035544318dde09bdf4b753d65b4c0a75,"[VIRTUAL]1 x Sora, 1 x Keyblade, 1 x Keyblade, 1 x Keyblade Flourish, 1 x Riku, 1 x Soul Eater, 1 x Soul Eater, 1 x Roxas, 1 x Oathkeeper & Oblivion, 1 x Oathkeeper & Oblivion, 1 x Kairi, 1 x Destiny's Embrace, 1 x Destiny's Embrace, 1 x Lil' Gummi Ship, 1 x Shadow Steppers, 1 x Sea-Salt Ice Cream, 1 x Arpeggio, 1 x Arpeggio, 1 x Arpeggio, 1 x TBD (SID_Placeholder_904), 1 x TBD (SID_Placeholder_905), 1 x The Heart of All Worlds for -1 MtxCurrency",10300,4500,5800,0.5631,1,2026-09-17T00:00:00Z,2026-10-01T23:59:59.999Z,1,0,-1,KingdomHearts,Kingdom Hearts,193,tileGrid,Size_4_x_1,,1,KINGDOM HEARTS Bundle,22,br,Backpack_SpireTend,Keyblade,backpack,gaminglegends,Gaming Legends Series,Kingdom Hearts,7,4,2026-09-17T08:00:00Z
2026-10-01,v2:/61e52ba8ed7f1ed95e38550997a152a7035544318dde09bdf4b753d65b4c0a75,"[VIRTUAL]1 x Sora, 1 x Keyblade, 1 x Keyblade, 1 x Keyblade Flourish, 1 x Riku, 1 x Soul Eater, 1 x Soul Eater, 1 x Roxas, 1 x Oathkeeper & Oblivion, 1 x Oathkeeper & Oblivion, 1 x Kairi, 1 x Destiny's Embrace, 1 x Destiny's Embrace, 1 x Lil' Gummi Ship, 1 x Shadow Steppers, 1 x Sea-Salt Ice Cream, 1 x Arpeggio, 1 x Arpeggio, 1 x Arpeggio, 1 x TBD (SID_Placeholder_904), 1 x TBD (SID_Placeholder_905), 1 x The Heart of All Worlds for -1 MtxCurrency",10300,4500,5800,0.5631,1,2026-09-17T00:00:00Z,2026-10-01T23:59:59.999Z,1,0,-1,KingdomHearts,Kingdom Hearts,193,tileGrid,Size_4_x_1,,1,KINGDOM HEARTS Bundle,22,br,EID_SpireTend,Keyblade Flourish,emote,gaminglegends,Gaming Legends Series,Kingdom Hearts,7,4,2026-09-17T08:00:00Z
2026-10-01,v2:/61e52ba8ed7f1ed95e38550997a152a7035544318dde09bdf4b753d65b4c0a75,"[VIRTUAL]1 x Sora, 1 x Keyblade, 1 x Keyblade, 1 x Keyblade Flourish, 1 x Riku, 1 x Soul Eater, 1 x Soul Eater, 1 x Roxas, 1 x Oathkeeper & Oblivion, 1 x Oathkeeper & Oblivion, 1 x Kairi, 1 x Destiny's Embrace, 1 x Destiny's Embrace, 1 x Lil' Gummi Ship, 1 x Shadow Steppers, 1 x Sea-Salt Ice Cream, 1 x Arpeggio, 1 x Arpeggio, 1 x Arpeggio, 1 x TBD (SID_Placeholder_904), 1 x TBD (SID_Placeholder_905), 1 x The Heart of All Worlds for -1 MtxCurrency",10300,4500,5800,0.5631,1,2026-09-17T00:00:00Z,2026-10-01T23:59:59.999Z,1,0,-1,KingdomHearts,Kingdom Hearts,193,tileGrid,Size_4_x_1,,1,KINGDOM HEARTS Bundle,22,br,Character_VealCadet,Riku,outfit,gaminglegends,Gaming Legends Series,Kingdom Hearts,7,4,2026-09-17T08:00:00Z
2026-10-01,v2:/61e52ba8ed7f1ed95e38550997a152a7035544318dde09bdf4b753d65b4c0a75,"[VIRTUAL]1 x Sora, 1 x Keyblade, 1 x Keyblade, 1 x Keyblade Flourish, 1 x Riku, 1 x Soul Eater, 1 x Soul Eater, 1 x Roxas, 1 x Oathkeeper & Oblivion, 1 x Oathkeeper & Oblivion, 1 x Kairi, 1 x Destiny's Embrace, 1 x Destiny's Embrace, 1 x Lil' Gummi Ship, 1 x Shadow Steppers, 1 x Sea-Salt Ice Cream, 1 x Arpeggio, 1 x Arpeggio, 1 x Arpeggio, 1 x TBD (SID_Placeholder_904), 1 x TBD (SID_Placeholder_905), 1 x The Heart of All Worlds for -1 MtxCurrency",10300,4500,5800,0.5631,1,2026-09-17T00:00:00Z,2026-10-01T23:59:59.999Z,1,0,-1,KingdomHearts,Kingdom Hearts,193,tileGrid,Size_4_x_1,,1,KINGDOM HEARTS Bundle,22,br,Pickaxe_VealCadet,Soul Eater,pickaxe,gaminglegends,Gaming Legends Series,Kingdom Hearts,7,4,2026-09-17T08:00:00Z
2026-10-01,v2:/61e52ba8ed7f1ed95e38550997a152a7035544318dde09bdf4b753d65b4c0a75,"[VIRTUAL]1 x Sora, 1 x Keyblade, 1 x Keyblade, 1 x Keyblade Flourish, 1 x Riku, 1 x Soul Eater, 1 x Soul Eater, 1 x Roxas, 1 x Oathkeeper & Oblivion, 1 x Oathkeeper & Oblivion, 1 x Kairi, 1 x Destiny's Embrace, 1 x Destiny's Embrace, 1 x Lil' Gummi Ship, 1 x Shadow Steppers, 1 x Sea-Salt Ice Cream, 1 x Arpeggio, 1 x Arpeggio, 1 x Arpeggio, 1 x TBD (SID_Placeholder_904), 1 x TBD (SID_Placeholder_905), 1 x The Heart of All Worlds for -1 MtxCurrency",10300,4500,5800,0.5631,1,2026-09-17T00:00:00Z,2026-10-01T23:59:59.999Z,1,0,-1,KingdomHearts,Kingdom Hearts,193,tileGrid,Size_4_x_1,,1,KINGDOM HEARTS Bundle,22,br,Backpack_VealCadet,Soul Eater,backpack,gaminglegends,Gaming Legends Series,Kingdom Hearts,7,4,2026-09-17T08:00:00Z
2026-10-01,v2:/61e52ba8ed7f1ed95e38550997a152a7035544318dde09bdf4b753d65b4c0a75,"[VIRTUAL]1 x Sora, 1 x Keyblade, 1 x Keyblade, 1 x Keyblade Flourish, 1 x Riku, 1 x Soul Eater, 1 x Soul Eater, 1 x Roxas, 1 x Oathkeeper & Oblivion, 1 x Oathkeeper & Oblivion, 1 x Kairi, 1 x Destiny's Embrace, 1 x Destiny's Embrace, 1 x Lil' Gummi Ship, 1 x Shadow Steppers, 1 x Sea-Salt Ice Cream, 1 x Arpeggio, 1 x Arpeggio, 1 x Arpeggio, 1 x TBD (SID_Placeholder_904), 1 x TBD (SID_Placeholder_905), 1 x The Heart of All Worlds for -1 MtxCurrency",10300,4500,5800,0.5631,1,2026-09-17T00:00:00Z,2026-10-01T23:59:59.999Z,1,0,-1,KingdomHearts,Kingdom Hearts,193,tileGrid,Size_4_x_1,,1,KINGDOM HEARTS Bundle,22,br,Character_FaunaPike,Roxas,outfit,gaminglegends,Gaming Legends Series,Kingdom Hearts,7,4,2026-09-17T08:00:00Z
2026-10-01,v2:/61e52ba8ed7f1ed95e38550997a152a7035544318dde09bdf4b753d65b4c0a75,"[VIRTUAL]1 x Sora, 1 x Keyblade, 1 x Keyblade, 1 x Keyblade Flourish, 1 x Riku, 1 x Soul Eater, 1 x Soul Eater, 1 x Roxas, 1 x Oathkeeper & Oblivion, 1 x Oathkeeper & Oblivion, 1 x Kairi, 1 x Destiny's Embrace, 1 x Destiny's Embrace, 1 x Lil' Gummi Ship, 1 x Shadow Steppers, 1 x Sea-Salt Ice Cream, 1 x Arpeggio, 1 x Arpeggio, 1 x Arpeggio, 1 x TBD (SID_Placeholder_904), 1 x TBD (SID_Placeholder_905), 1 x The Heart of All Worlds for -1 MtxCurrency",10300,4500,5800,0.5631,1,2026-09-17T00:00:00Z,2026-10-01T23:59:59.999Z,1,0,-1,KingdomHearts,Kingdom Hearts,193,tileGrid,Size_4_x_1,,1,KINGDOM HEARTS Bundle,22,br,Pickaxe_FaunaPike,Oathkeeper & Oblivion,pickaxe,gaminglegends,Gaming Legends Series,Kingdom Hearts,7,4,2026-09-17T08:00:00Z
2026-10-01,v2:/61e52ba8ed7f1ed95e38550997a152a7035544318dde09bdf4b753d65b4c0a75,"[VIRTUAL]1 x Sora, 1 x Keyblade, 1 x Keyblade, 1 x Keyblade Flourish, 1 x Riku, 1 x Soul Eater, 1 x Soul Eater, 1 x Roxas, 1 x Oathkeeper & Oblivion, 1 x Oathkeeper & Oblivion, 1 x Kairi, 1 x Destiny's Embrace, 1 x Destiny's Embrace, 1 x Lil' Gummi Ship, 1 x Shadow Steppers, 1 x Sea-Salt Ice Cream, 1 x Arpeggio, 1 x Arpeggio, 1 x Arpeggio, 1 x TBD (SID_Placeholder_904), 1 x TBD (SID_Placeholder_905), 1 x The Heart of All Worlds for -1 MtxCurrency",10300,4500,5800,0.5631,1,2026-09-17T00:00:00Z,2026-10-01T23:59:59.999Z,1,0,-1,KingdomHearts,Kingdom Hearts,193,tileGrid,Size_4_x_1,,1,KINGDOM HEARTS Bundle,22,br,Backpack_FaunaPike,Oathkeeper & Oblivion,backpack,gaminglegends,Gaming Legends Series,Kingdom Hearts,7,4,2026-09-17T08:00:00Z
2026-10-01,v2:/61e52ba8ed7f1ed95e38550997a152a7035544318dde09bdf4b753d65b4c0a75,"[VIRTUAL]1 x Sora, 1 x Keyblade, 1 x Keyblade, 1 x Keyblade Flourish, 1 x Riku, 1 x Soul Eater, 1 x Soul Eater, 1 x Roxas, 1 x Oathkeeper & Oblivion, 1 x Oathkeeper & Oblivion, 1 x Kairi, 1 x Destiny's Embrace, 1 x Destiny's Embrace, 1 x Lil' Gummi Ship, 1 x Shadow Steppers, 1 x Sea-Salt Ice Cream, 1 x Arpeggio, 1 x Arpeggio, 1 x Arpeggio, 1 x TBD (SID_Placeholder_904), 1 x TBD (SID_Placeholder_905), 1 x The Heart of All Worlds for -1 MtxCurrency",10300,4500,5800,0.5631,1,2026-09-17T00:00:00Z,2026-10-01T23:59:59.999Z,1,0,-1,KingdomHearts,Kingdom Hearts,193,tileGrid,Size_4_x_1,,1,KINGDOM HEARTS Bundle,22,br,Character_WaningCacti,Kairi,outfit,gaminglegends,Gaming Legends Series,Kingdom Hearts,7,4,2026-09-17T08:00:00Z
2026-10-01,v2:/61e52ba8ed7f1ed95e38550997a152a7035544318dde09bdf4b753d65b4c0a75,"[VIRTUAL]1 x Sora, 1 x Keyblade, 1 x Keyblade, 1 x Keyblade Flourish, 1 x Riku, 1 x Soul Eater, 1 x Soul Eater, 1 x Roxas, 1 x Oathkeeper & Oblivion, 1 x Oathkeeper & Oblivion, 1 x Kairi, 1 x Destiny's Embrace, 1 x Destiny's Embrace, 1 x Lil' Gummi Ship, 1 x Shadow Steppers, 1 x Sea-Salt Ice Cream, 1 x Arpeggio, 1 x Arpeggio, 1 x Arpeggio, 1 x TBD (SID_Placeholder_904), 1 x TBD (SID_Placeholder_905), 1 x The Heart of All Worlds for -1 MtxCurrency",10300,4500,5800,0.5631,1,2026-09-17T00:00:00Z,2026-10-01T23:59:59.999Z,1,0,-1,KingdomHearts,Kingdom Hearts,193,tileGrid,Size_4_x_1,,1,KINGDOM HEARTS Bundle,22,br,Pickaxe_WaningCacti,Destiny's Embrace,pickaxe,gaminglegends,Gaming Legends Series,Kingdom Hearts,7,4,2026-09-17T08:00:00Z
2026-10-01,v2:/61e52ba8ed7f1ed95e38550997a152a7035544318dde09bdf4b753d65b4c0a75,"[VIRTUAL]1 x Sora, 1 x Keyblade, 1 x Keyblade, 1 x Keyblade Flourish, 1 x Riku, 1 x Soul Eater, 1 x Soul Eater, 1 x Roxas, 1 x Oathkeeper & Oblivion, 1 x Oathkeeper & Oblivion, 1 x Kairi, 1 x Destiny's Embrace, 1 x Destiny's Embrace, 1 x Lil' Gummi Ship, 1 x Shadow Steppers, 1 x Sea-Salt Ice Cream, 1 x Arpeggio, 1 x Arpeggio, 1 x Arpeggio, 1 x TBD (SID_Placeholder_904), 1 x TBD (SID_Placeholder_905), 1 x The Heart of All Worlds for -1 MtxCurrency",10300,4500,5800,0.5631,1,2026-09-17T00:00:00Z,2026-10-01T23:59:59.999Z,1,0,-1,KingdomHearts,Kingdom Hearts,193,tileGrid,Size_4_x_1,,1,KINGDOM HEARTS Bundle,22,br,Backpack_WaningCacti,Destiny's Embrace,backpack,gaminglegends,Gaming Legends Series,Kingdom Hearts,7,4,2026-09-17T08:00:00Z
2026-10-01,v2:/61e52ba8ed7f1ed95e38550997a152a7035544318dde09bdf4b753d65b4c0a75,"[VIRTUAL]1 x Sora, 1 x Keyblade, 1 x Keyblade, 1 x Keyblade Flourish, 1 x Riku, 1 x Soul Eater, 1 x Soul Eater, 1 x Roxas, 1 x Oathkeeper & Oblivion, 1 x Oathkeeper & Oblivion, 1 x Kairi, 1 x Destiny's Embrace, 1 x Destiny's Embrace, 1 x Lil' Gummi Ship, 1 x Shadow Steppers, 1 x Sea-Salt Ice Cream, 1 x Arpeggio, 1 x Arpeggio, 1 x Arpeggio, 1 x TBD (SID_Placeholder_904), 1 x TBD (SID_Placeholder_905), 1 x The Heart of All Worlds for -1 MtxCurrency",10300,4500,5800,0.5631,1,2026-09-17T00:00:00Z,2026-10-01T23:59:59.999Z,1,0,-1,KingdomHearts,Kingdom Hearts,193,tileGrid,Size_4_x_1,,1,KINGDOM HEARTS Bundle,22,br,EID_SpireTendFlight,Lil' Gummi Ship,emote,gaminglegends,Gaming Legends Series,Kingdom Hearts,7,4,2026-09-17T08:00:00Z
2026-10-01,v2:/61e52ba8ed7f1ed95e38550997a152a7035544318dde09bdf4b753d65b4c0a75,"[VIRTUAL]1 x Sora, 1 x Keyblade, 1 x Keyblade, 1 x Keyblade Flourish, 1 x Riku, 1 x Soul Eater, 1 x Soul Eater, 1 x Roxas, 1 x Oathkeeper & Oblivion, 1 x Oathkeeper & Oblivion, 1 x Kairi, 1 x Destiny's Embrace, 1 x Destiny's Embrace, 1 x Lil' Gummi Ship, 1 x Shadow Steppers, 1 x Sea-Salt Ice Cream, 1 x Arpeggio, 1 x Arpeggio, 1 x Arpeggio, 1 x TBD (SID_Placeholder_904), 1 x TBD (SID_Placeholder_905), 1 x The Heart of All Worlds for -1 MtxCurrency",10300,4500,5800,0.5631,1,2026-09-17T00:00:00Z,2026-10-01T23:59:59.999Z,1,0,-1,KingdomHearts,Kingdom Hearts,193,tileGrid,Size_4_x_1,,1,KINGDOM HEARTS Bundle,22,br,Shoes_SpireTendBeen,Shadow Steppers,shoe,gaminglegends,Gaming Legends Series,Kingdom Hearts,7,4,2026-09-17T08:00:00Z
2026-10-01,v2:/61e52ba8ed7f1ed95e38550997a152a7035544318dde09bdf4b753d65b4c0a75,"[VIRTUAL]1 x Sora, 1 x Keyblade, 1 x Keyblade, 1 x Keyblade Flourish, 1 x Riku, 1 x Soul Eater, 1 x Soul Eater, 1 x Roxas, 1 x Oathkeeper & Oblivion, 1 x Oathkeeper & Oblivion, 1 x Kairi, 1 x Destiny's Embrace, 1 x Destiny's Embrace, 1 x Lil' Gummi Ship, 1 x Shadow Steppers, 1 x Sea-Salt Ice Cream, 1 x Arpeggio, 1 x Arpeggio, 1 x Arpeggio, 1 x TBD (SID_Placeholder_904), 1 x TBD (SID_Placeholder_905), 1 x The Heart of All Worlds for -1 MtxCurrency",10300,4500,5800,0.5631,1,2026-09-17T00:00:00Z,2026-10-01T23:59:59.999Z,1,0,-1,KingdomHearts,Kingdom Hearts,193,tileGrid,Size_4_x_1,,1,KINGDOM HEARTS Bundle,22,br,Backpack_SpireTendFlair,Sea-Salt Ice Cream,backpack,gaminglegends,Gaming Legends Series,Kingdom Hearts,7,4,2026-09-17T08:00:00Z
2026-10-01,v2:/61e52ba8ed7f1ed95e38550997a152a7035544318dde09bdf4b753d65b4c0a75,"[VIRTUAL]1 x Sora, 1 x Keyblade, 1 x Keyblade, 1 x Keyblade Flourish, 1 x Riku, 1 x Soul Eater, 1 x Soul Eater, 1 x Roxas, 1 x Oathkeeper & Oblivion, 1 x Oathkeeper & Oblivion, 1 x Kairi, 1 x Destiny's Embrace, 1 x Destiny's Embrace, 1 x Lil' Gummi Ship, 1 x Shadow Steppers, 1 x Sea-Salt Ice Cream, 1 x Arpeggio, 1 x Arpeggio, 1 x Arpeggio, 1 x TBD (SID_Placeholder_904), 1 x TBD (SID_Placeholder_905), 1 x The Heart of All Worlds for -1 MtxCurrency",10300,4500,5800,0.5631,1,2026-09-17T00:00:00Z,2026-10-01T23:59:59.999Z,1,0,-1,KingdomHearts,Kingdom Hearts,193,tileGrid,Size_4_x_1,,1,KINGDOM HEARTS Bundle,22,br,Backpack_FaunaPike_Guitar,Arpeggio,backpack,gaminglegends,Gaming Legends Series,Kingdom Hearts,7,4,2026-09-17T08:00:00Z
2026-10-01,v2:/61e52ba8ed7f1ed95e38550997a152a7035544318dde09bdf4b753d65b4c0a75,"[VIRTUAL]1 x Sora, 1 x Keyblade, 1 x Keyblade, 1 x Keyblade Flourish, 1 x Riku, 1 x Soul Eater, 1 x Soul Eater, 1 x Roxas, 1 x Oathkeeper & Oblivion, 1 x Oathkeeper & Oblivion, 1 x Kairi, 1 x Destiny's Embrace, 1 x Destiny's Embrace, 1 x Lil' Gummi Ship, 1 x Shadow Steppers, 1 x Sea-Salt Ice Cream, 1 x Arpeggio, 1 x Arpeggio, 1 x Arpeggio, 1 x TBD (SID_Placeholder_904), 1 x TBD (SID_Placeholder_905), 1 x The Heart of All Worlds for -1 MtxCurrency",10300,4500,5800,0.5631,1,2026-09-17T00:00:00Z,2026-10-01T23:59:59.999Z,1,0,-1,KingdomHearts,Kingdom Hearts,193,tileGrid,Size_4_x_1,,1,KINGDOM HEARTS Bundle,22,br,Pickaxe_FaunaPike_Guitar,Arpeggio,pickaxe,gaminglegends,Gaming Legends Series,Kingdom Hearts,7,4,2026-09-17T08:00:00Z
2026-10-01,v2:/61e52ba8ed7f1ed95e38550997a152a7035544318dde09bdf4b753d65b4c0a75,"[VIRTUAL]1 x Sora, 1 x Keyblade, 1 x Keyblade, 1 x Keyblade Flourish, 1 x Riku, 1 x Soul Eater, 1 x Soul Eater, 1 x Roxas, 1 x Oathkeeper & Oblivion, 1 x Oathkeeper & Oblivion, 1 x Kairi, 1 x Destiny's Embrace, 1 x Destiny's Embrace, 1 x Lil' Gummi Ship, 1 x Shadow Steppers, 1 x Sea-Salt Ice Cream, 1 x Arpeggio, 1 x Arpeggio, 1 x Arpeggio, 1 x TBD (SID_Placeholder_904), 1 x TBD (SID_Placeholder_905), 1 x The Heart of All Worlds for -1 MtxCurrency",10300,4500,5800,0.5631,1,2026-09-17T00:00:00Z,2026-10-01T23:59:59.999Z,1,0,-1,KingdomHearts,Kingdom Hearts,193,tileGrid,Size_4_x_1,,1,KINGDOM HEARTS Bundle,22,br,LoadingScreen_SpireTendKeyArt,The Heart of All Worlds,loadingscreen,uncommon,,Kingdom Hearts,7,4,2026-09-17T08:00:00Z
2026-10-01,v2:/61e52ba8ed7f1ed95e38550997a152a7035544318dde09bdf4b753d65b4c0a75,"[VIRTUAL]1 x Sora, 1 x Keyblade, 1 x Keyblade, 1 x Keyblade Flourish, 1 x Riku, 1 x Soul Eater, 1 x Soul Eater, 1 x Roxas, 1 x Oathkeeper & Oblivion, 1 x Oathkeeper & Oblivion, 1 x Kairi, 1 x Destiny's Embrace, 1 x Destiny's Embrace, 1 x Lil' Gummi Ship, 1 x Shadow Steppers, 1 x Sea-Salt Ice Cream, 1 x Arpeggio, 1 x Arpeggio, 1 x Arpeggio, 1 x TBD (SID_Placeholder_904), 1 x TBD (SID_Placeholder_905), 1 x The Heart of All Worlds for -1 MtxCurrency",10300,4500,5800,0.5631,1,2026-09-17T00:00:00Z,2026-10-01T23:59:59.999Z,1,0,-1,KingdomHearts,Kingdom Hearts,193,tileGrid,Size_4_x_1,,1,KINGDOM HEARTS Bundle,22,track,sid_placeholder_904,Dearly Beloved,,,,,,,2026-09-15T14:22:50Z
2026-10-01,v2:/61e52ba8ed7f1ed95e38550997a152a7035544318dde09bdf4b753d65b4c0a75,"[VIRTUAL]1 x Sora, 1 x Keyblade, 1 x Keyblade, 1 x Keyblade Flourish, 1 x Riku, 1 x Soul Eater, 1 x Soul Eater, 1 x Roxas, 1 x Oathkeeper & Oblivion, 1 x Oathkeeper & Oblivion, 1 x Kairi, 1 x Destiny's Embrace, 1 x Destiny's Embrace, 1 x Lil' Gummi Ship, 1 x Shadow Steppers, 1 x Sea-Salt Ice Cream, 1 x Arpeggio, 1 x Arpeggio, 1 x Arpeggio, 1 x TBD (SID_Placeholder_904), 1 x TBD (SID_Placeholder_905), 1 x The Heart of All Worlds for -1 MtxCurrency",10300,4500,5800,0.5631,1,2026-09-17T00:00:00Z,2026-10-01T23:59:59.999Z,1,0,-1,KingdomHearts,Kingdom Hearts,193,tileGrid,Size_4_x_1,,1,KINGDOM HEARTS Bundle,22,track,sid_placeholder_905,The Other Promise,,,,,,,2026-09-15T14:23:51Z
2026-10-01,v2:/61e52ba8ed7f1ed95e38550997a152a7035544318dde09bdf4b753d65b4c0a75,"[VIRTUAL]1 x Sora, 1 x Keyblade, 1 x Keyblade, 1 x Keyblade Flourish, 1 x Riku, 1 x Soul Eater, 1 x Soul Eater, 1 x Roxas, 1 x Oathkeeper & Oblivion, 1 x Oathkeeper & Oblivion, 1 x Kairi, 1 x Destiny's Embrace, 1 x Destiny's Embrace, 1 x Lil' Gummi Ship, 1 x Shadow Steppers, 1 x Sea-Salt Ice Cream, 1 x Arpeggio, 1 x Arpeggio, 1 x Arpeggio, 1 x TBD (SID_Placeholder_904), 1 x TBD (SID_Placeholder_905), 1 x The Heart of All Worlds for -1 MtxCurrency",10300,4500,5800,0.5631,1,2026-09-17T00:00:00Z,2026-10-01T23:59:59.999Z,1,0,-1,KingdomHearts,Kingdom Hearts,193,tileGrid,Size_4_x_1,,1,KINGDOM HEARTS Bundle,22,instrument,Sparks_FaunaPike_Guitar,Arpeggio,guitar,gaminglegends,Gaming Legends Series,,,,2026-09-17T08:00:00Z
2026-10-01,v2:/a2eba4dd16ec8d6e6e69546e0e5ca1763bbd65756f3d96c08e6eb56522ae938a,"[VIRTUAL]1 x Grimey, 1 x Glumbo for -1 MtxCurrency",1500,1500,0,0.0,0,2026-09-29T00:00:00Z,2026-10-05T23:59:59.999Z,1,0,-2,NS092926,No Sweat,186,tileGrid,Size_1_x_1,Reactive: Souls of fallen enemies appear on the outfit!,0,,2,br,CID_A_069_Athena_Commando_M_Accumulate,Grimey,outfit,epic,,Marked Man,2,6,2021-04-13T08:51:15Z
2026-10-01,v2:/a2eba4dd16ec8d6e6e69546e0e5ca1763bbd65756f3d96c08e6eb56522ae938a,"[VIRTUAL]1 x Grimey, 1 x Glumbo for -1 MtxCurrency",1500,1500,0,0.0,0,2026-09-29T00:00:00Z,2026-10-05T23:59:59.999Z,1,0,-2,NS092926,No Sweat,186,tileGrid,Size_1_x_1,Reactive: Souls of fallen enemies appear on the outfit!,0,,2,br,BID_743_Accumulate,Glumbo,backpack,epic,,Marked Man,2,6,2021-04-13T08:51:15Z
2026-10-01,v2:/1a9dc6ee6f7f714cbf63230560e2a016fe646fef94612e7c269d91ab76133f21,[VIRTUAL]1 x Super Freak for 500 MtxCurrency,500,500,0,0.0,0,2026-10-01T00:00:00Z,2026-10-31T23:59:59.999Z,1,0,-31,JT100126,Jam Tracks,179,expandableList,Size_1_x_1,,0,,1,track,sid_placeholder_133,Super Freak,,,,,,,2024-03-26T16:09:20Z
2026-10-01,v2:/a076c5767c5ffd87b76027c2d55def5bfdb5bcf43605e5d0e98737cf43400ce4,[VIRTUAL]1 x Grace Ashcroft for 1500 MtxCurrency,1500,1500,0,0.0,0,2026-09-26T00:00:00Z,2026-10-03T23:59:59.999Z,1,0,-1,ResidentEvil,Resident Evil,190,tileGrid,Size_1_x_1,,0,,1,br,Character_GongFiddle,Grace Ashcroft,outfit,gaminglegends,Gaming Legends Series,Requiem for the Past,7,1,2026-02-27T05:01:16Z
2026-10-01,v2:/c2ebaf0fd2826fbdada6e8e67dbe0ca1bc5f5130ec77c6766bd71afc19bded0d,[VIRTUAL]1 x Stone Gryphon for 1200 MtxCurrency,1200,1200,0,0.0,0,2026-09-27T00:00:00Z,2026-10-03T23:59:59.999Z,1,0,-1,FND100126,Front Page,187,tileGrid,Size_1_x_1,,0,,1,br,Companion_RockCrest,Stone Gryphon,sidekick,uncommon,,Feathered Sentry,7,4,2026-09-17T16:17:14Z
2026-10-01,v2:/4ed845707a26afad79c80258fc30cb696d7511549b384178fbd296c09a5adf44,[VIRTUAL]1 x Blank for 400 MtxCurrency,400,400,0,0.0,0,2026-09-26T00:00:00Z,2026-10-05T23:59:59.999Z,1,0,-1,,,,,Size_3_x_1,,0,,1,car,Wheel_UmbraGenesis01,Mona Car,wheel,uncommon,,,,,2026-09-25T13:00:42Z
2026-10-01,v2:/0c9f8af8bc459c9457262f5cc3fb58ad446063fabb2fda38c49a230cd68b30b4,[VIRTUAL]1 x Better Off Alone for 500 MtxCurrency,500,500,0,0.0,0,2026-10-01T00:00:00Z,2026-10-31T23:59:59.999Z,1,0,-29,JT100126,Jam Tracks,179,expandableList,Size_1_x_1,,0,,1,track,sid_placeholder_323,Better Off Alone,,,,,,,2024-09-05T14:24:37Z
2026-10-01,v2:/a0802e18b0e76800bb0df99a5c591a0c8a0e968c18d1b145c703d93b48077ab3,[VIRTUAL]1 x TBD (SID_Placeholder_595) for 500 MtxCurrency,500,500,0,0.0,0,2026-09-25T00:00:00Z,2026-10-01T23:59:59.999Z,1,0,-3,JT100126,Jam Tracks,179,tileGrid,Size_1_x_1,,0,,1,track,sid_placeholder_595,Smells Like Teen Spirit,,,,,,,2025-06-04T00:24:13Z
2026-10-01,v2:/77b0c496fe702ec3f768ef8151c866c18cc516aea120ce6d9cdfa70da536efc8,"[VIRTUAL]1 x Golden Mira, 1 x HUNTR/X Logo for -1 MtxCurrency",1500,1500,0,0.0,0,2026-09-27T00:00:00Z,2026-10-01T23:59:59.999Z,1,0,-4,Kpop2Newest,KPop Demon Hunters,183,tileGrid,Size_1_x_1,,1,Golden Mira,2,br,Character_LowerDrop,Golden Mira,outfit,icon,Icon Series,KPop Demon Hunters,7,1,2026-02-05T15:01:36Z
2026-10-01,v2:/77b0c496fe702ec3f768ef8151c866c18cc516aea120ce6d9cdfa70da536efc8,"[VIRTUAL]1 x Golden Mira, 1 x HUNTR/X Logo for -1 MtxCurrency",1500,1500,0,0.0,0,2026-09-27T00:00:00Z,2026-10-01T23:59:59.999Z,1,0,-4,Kpop2Newest,KPop Demon Hunters,183,tileGrid,Size_1_x_1,,1,Golden Mira,2,br,Backpack_LowerDrop,HUNTR/X Logo,backpack,icon,Icon Series,KPop Demon Hunters,7,1,2026-02-05T15:01:36Z
2026-10-01,v2:/f63c03ef4dc2d0e35bcff7d86b16ca4837dfe1fa2c3414011bf8524b33d5f4d2,[VIRTUAL]1 x HUNTR/X Logo for 400 MtxCurrency,400,400,0,0.0,0,2026-09-27T00:00:00Z,2026-10-01T23:59:59.999Z,1,0,-3,Kpop2Newest,KPop Demon Hunters,183,tileGrid,Size_1_x_1,,0,,1,br,Backpack_LowerDrop,HUNTR/X Logo,backpack,icon,Icon Series,KPop Demon Hunters,7,1,2026-02-05T15:01:36Z
2026-10-01,v2:/d4c52d5f168f6e4b8efc445d561fa33fb27a2e63c4c782e3fffaa5f4ad208d2a,"[VIRTUAL]1 x Roxas, 1 x Oathkeeper & Oblivion, 1 x Oathkeeper & Oblivion for -1 MtxCurrency",1600,1600,0,0.0,0,2026-09-17T00:00:00Z,2026-10-01T23:59:59.999Z,1,0,-2,KingdomHearts,Kingdom Hearts,193,tileGrid,Size_1_x_1,,0,,3,br,Character_FaunaPike,Roxas,outfit,gaminglegends,Gaming Legends Series,Kingdom Hearts,7,4,2026-09-17T08:00:00Z
2026-10-01,v2:/d4c52d5f168f6e4b8efc445d561fa33fb27a2e63c4c782e3fffaa5f4ad208d2a,"[VIRTUAL]1 x Roxas, 1 x Oathkeeper & Oblivion, 1 x Oathkeeper & Oblivion for -1 MtxCurrency",1600,1600,0,0.0,0,2026-09-17T00:00:00Z,2026-10-01T23:59:59.999Z,1,0,-2,KingdomHearts,Kingdom Hearts,193,tileGrid,Size_1_x_1,,0,,3,br,Pickaxe_FaunaPike,Oathkeeper & Oblivion,pickaxe,gaminglegends,Gaming Legends Series,Kingdom Hearts,7,4,2026-09-17T08:00:00Z
2026-10-01,v2:/d4c52d5f168f6e4b8efc445d561fa33fb27a2e63c4c782e3fffaa5f4ad208d2a,"[VIRTUAL]1 x Roxas, 1 x Oathkeeper & Oblivion, 1 x Oathkeeper & Oblivion for -1 MtxCurrency",1600,1600,0,0.0,0,2026-09-17T00:00:00Z,2026-10-01T23:59:59.999Z,1,0,-2,KingdomHearts,Kingdom Hearts,193,tileGrid,Size_1_x_1,,0,,3,br,Backpack_FaunaPike,Oathkeeper & Oblivion,backpack,gaminglegends,Gaming Legends Series,Kingdom Hearts,7,4,2026-09-17T08:00:00Z
2026-10-01,v2:/1dfafbe8181843344774ba49f3879e64034b57ade90d6c006cc3020ff3febc97,[VIRTUAL]1 x Super Bass for 500 MtxCurrency,500,500,0,0.0,0,2026-10-01T00:00:00Z,2026-10-31T23:59:59.999Z,1,0,-53,JT100126,Jam Tracks,179,expandableList,Size_1_x_1,,0,,1,track,sid_placeholder_412,Super Bass,,,,,,,2024-11-07T17:50:41Z
2026-10-01,v2:/1f36e4f9d528a4c419d83ab1c612df66c4a9c70fc3ca387f3472ea4c81f48deb,[VIRTUAL]1 x Hey Brother for 500 MtxCurrency,500,500,0,0.0,0,2026-10-01T00:00:00Z,2026-10-31T23:59:59.999Z,1,0,-55,JT100126,Jam Tracks,179,expandableList,Size_1_x_1,,0,,1,track,sid_placeholder_258,Hey Brother,,,,,,,2024-07-11T15:13:48Z
2026-10-01,v2:/8cd242c2940194d2fc051b6e5957032ae0fd843539b1bc22137b87273e860956,[VIRTUAL]1 x Hang Loose for 200 MtxCurrency,200,200,0,0.0,0,2026-10-01T00:00:00Z,2026-10-01T23:59:59.999Z,1,0,-3,BR100126,Fit Check,185,tileGrid,Size_1_x_1,,0,,1,br,EID_Shaka,Hang Loose,emote,uncommon,,,1,9,2019-11-20T12:49:42Z
2026-10-01,v2:/3a455aee9b728aceb7cd509105717676f1ce6b705178a0ddc9eeb64ba76d1ac7,"[VIRTUAL]1 x Alias, 1 x Heartline, 1 x Peace Bear, 1 x Kiss Off, 1 x Break Point Freestyle, 1 x Neo Revolution, 1 x Hamster Bold, 1 x Crack'd Face, 1 x Skull & Crossbears, 1 x Fort Future, 1 x Royale Rep, 1 x Sharp Duck, 1 x Fortunate, 1 x All Time Drip, 1 x Hamster Cabbie, 1 x Tomato Face, 1 x Cuddle Face, 1 x Skull Face for 1200 MtxCurrency",1200,1200,0,0.0,0,2026-09-30T00:00:00Z,2026-10-02T23:59:59.999Z,1,0,-3,BR100126,Fit Check,185,tileGrid,Size_1_x_1,,0,,18,br,Character_Jumpsuit_Mutable,Alias,outfit,epic,,Escape Artists,4,4,2023-08-27T00:00:00Z
2026-10-01,v2:/3a455aee9b728aceb7cd509105717676f1ce6b705178a0ddc9eeb64ba76d1ac7,"[VIRTUAL]1 x Alias, 1 x Heartline, 1 x Peace Bear, 1 x Kiss Off, 1 x Break Point Freestyle, 1 x Neo Revolution, 1 x Hamster Bold, 1 x Crack'd Face, 1 x Skull & Crossbears, 1 x Fort Future, 1 x Royale Rep, 1 x Sharp Duck, 1 x Fortunate, 1 x All Time Drip, 1 x Hamster Cabbie, 1 x Tomato Face, 1 x Cuddle Face, 1 x Skull Face for 1200 MtxCurrency",1200,1200,0,0.0,0,2026-09-30T00:00:00Z,2026-10-02T23:59:59.999Z,1,0,-3,BR100126,Fit Check,185,tileGrid,Size_1_x_1,,0,,18,br,Spray_Jumpsuit_1,Heartline,spray,uncommon,,Escape Artists,4,4,2023-02-14T10:24:42Z
2026-10-01,v2:/3a455aee9b728aceb7cd509105717676f1ce6b705178a0ddc9eeb64ba76d1ac7,"[VIRTUAL]1 x Alias, 1 x Heartline, 1 x Peace Bear, 1 x Kiss Off, 1 x Break Point Freestyle, 1 x Neo Revolution, 1 x Hamster Bold, 1 x Crack'd Face, 1 x Skull & Crossbears, 1 x Fort Future, 1 x Royale Rep, 1 x Sharp Duck, 1 x Fortunate, 1 x All Time Drip, 1 x Hamster Cabbie, 1 x Tomato Face, 1 x Cuddle Face, 1 x Skull Face for 1200 MtxCurrency",1200,1200,0,0.0,0,2026-09-30T00:00:00Z,2026-10-02T23:59:59.999Z,1,0,-3,BR100126,Fit Check,185,tileGrid,Size_1_x_1,,0,,18,br,Spray_Jumpsuit_16,Peace Bear,spray,uncommon,,Escape Artists,4,4,2023-02-14T10:24:42Z
2026-10-01,v2:/3a455aee9b728aceb7cd509105717676f1ce6b705178a0ddc9eeb64ba76d1ac7,"[VIRTUAL]1 x Alias, 1 x Heartline, 1 x Peace Bear, 1 x Kiss Off, 1 x Break Point Freestyle, 1 x Neo Revolution, 1 x Hamster Bold, 1 x Crack'd Face, 1 x Skull & Crossbears, 1 x Fort Future, 1 x Royale Rep, 1 x Sharp Duck, 1 x Fortunate, 1 x All Time Drip, 1 x Hamster Cabbie, 1 x Tomato Face, 1 x Cuddle Face, 1 x Skull Face for 1200 MtxCurrency",1200,1200,0,0.0,0,2026-09-30T00:00:00Z,2026-10-02T23:59:59.999Z,1,0,-3,BR100126,Fit Check,185,tileGrid,Size_1_x_1,,0,,18,br,Spray_Jumpsuit_21,Kiss Off,spray,uncommon,,Escape Artists,4,4,2023-02-14T10:24:42Z
2026-10-01,v2:/3a455aee9b728aceb7cd509105717676f1ce6b705178a0ddc9eeb64ba76d1ac7,"[VIRTUAL]1 x Alias, 1 x Heartline, 1 x Peace Bear, 1 x Kiss Off, 1 x Break Point Freestyle, 1 x Neo Revolution, 1 x Hamster Bold, 1 x Crack'd Face, 1 x Skull & Crossbears, 1 x Fort Future, 1 x Royale Rep, 1 x Sharp Duck, 1 x Fortunate, 1 x All Time Drip, 1 x Hamster Cabbie, 1 x Tomato Face, 1 x Cuddle Face, 1 x Skull Face for 1200 MtxCurrency",1200,1200,0,0.0,0,2026-09-30T00:00:00Z,2026-10-02T23:59:59.999Z,1,0,-3,BR100126,Fit Check,185,tileGrid,Size_1_x_1,,0,,18,br,Spray_Jumpsuit_3,Break Point Freestyle,spray,uncommon,,Escape Artists,4,4,2023-02-14T10:24:42Z
2026-10-01,v2:/3a455aee9b728aceb7cd509105717676f1ce6b705178a0ddc9eeb64ba76d1ac7,"[VIRTUAL]1 x Alias, 1 x Heartline, 1 x Peace Bear, 1 x Kiss Off, 1 x Break Point Freestyle, 1 x Neo Revolution, 1 x Hamster Bold, 1 x Crack'd Face, 1 x Skull & Crossbears, 1 x Fort Future, 1 x Royale Rep, 1 x Sharp Duck, 1 x Fortunate, 1 x All Time Drip, 1 x Hamster Cabbie, 1 x Tomato Face, 1 x Cuddle Face, 1 x Skull Face for 1200 MtxCurrency",1200,1200,0,0.0,0,2026-09-30T00:00:00Z,2026-10-02T23:59:59.999Z,1,0,-3,BR100126,Fit Check,185,tileGrid,Size_1_x_1,,0,,18,br,Spray_Jumpsuit_32,Neo Revolution,spray,uncommon,,Escape Artists,4,4,2023-02-14T10:24:42Z
2026-10-01,v2:/3a455aee9b728aceb7cd509105717676f1ce6b705178a0ddc9eeb64ba76d1ac7,"[VIRTUAL]1 x Alias, 1 x Heartline, 1 x Peace Bear, 1 x Kiss Off, 1 x Break Point Freestyle, 1 x Neo Revolution, 1 x Hamster Bold, 1 x Crack'd Face, 1 x Skull & Crossbears, 1 x Fort Future, 1 x Royale Rep, 1 x Sharp Duck, 1 x Fortunate, 1 x All Time Drip, 1 x Hamster Cabbie, 1 x Tomato Face, 1 x Cuddle Face, 1 x Skull Face for 1200 MtxCurrency",1200,1200,0,0.0,0,2026-09-30T00:00:00Z,2026-10-02T23:59:59.999Z,1,0,-3,BR100126,Fit Check,185,tileGrid,Size_1_x_1,,0,,18,br,Spray_Jumpsuit_4,Hamster Bold,spray,uncommon,,Escape Artists,4,4,2023-02-14T10:24:42Z
2026-10-01,v2:/3a455aee9b728aceb7cd509105717676f1ce6b705178a0ddc9eeb64ba76d1ac7,"[VIRTUAL]1 x Alias, 1 x Heartline, 1 x Peace Bear, 1 x Kiss Off, 1 x Break Point Freestyle, 1 x Neo Revolution, 1 x Hamster Bold, 1 x Crack'd Face, 1 x Skull & Crossbears, 1 x Fort Future, 1 x Royale Rep, 1 x Sharp Duck, 1 x Fortunate, 1 x All Time Drip, 1 x Hamster Cabbie, 1 x Tomato Face, 1 x Cuddle Face, 1 x Skull Face for 1200 MtxCurrency",1200,1200,0,0.0,0,2026-09-30T00:00:00Z,2026-10-02T23:59:59.999Z,1,0,-3,BR100126,Fit Check,185,tileGrid,Size_1_x_1,,0,,18,br,Spray_JumpsuitMasks_6,Crack'd Face,spray,uncommon,,Escape Artists,4,4,2023-02-14T10:24:42Z
2026-10-01,v2:/3a455aee9b728aceb7cd509105717676f1ce6b705178a0ddc9eeb64ba76d1ac7,"[VIRTUAL]1 x Alias, 1 x Heartline, 1 x Peace Bear, 1 x Kiss Off, 1 x Break Point Freestyle, 1 x Neo Revolution, 1 x Hamster Bold, 1 x Crack'd Face, 1 x Skull & Crossbears, 1 x Fort Future, 1 x Royale Rep, 1 x Sharp Duck, 1 x Fortunate, 1 x All Time Drip, 1 x Hamster Cabbie, 1 x Tomato Face, 1 x Cuddle Face, 1 x Skull Face for 1200 MtxCurrency",1200,1200,0,0.0,0,2026-09-30T00:00:00Z,2026-10-02T23:59:59.999Z,1,0,-3,BR100126,Fit Check,185,tileGrid,Size_1_x_1,,0,,18,br,Spray_Jumpsuit_7,Skull & Crossbears,spray,uncommon,,Escape Artists,4,4,2023-02-14T10:24:42Z
2026-10-01,v2:/3a455aee9b728aceb7cd509105717676f1ce6b705178a0ddc9eeb64ba76d1ac7,"[VIRTUAL]1 x Alias, 1 x Heartline, 1 x Peace Bear, 1 x Kiss Off, 1 x Break Point Freestyle, 1 x Neo Revolution, 1 x Hamster Bold, 1 x Crack'd Face, 1 x Skull & Crossbears, 1 x Fort Future, 1 x Royale Rep, 1 x Sharp Duck, 1 x Fortunate, 1 x All Time Drip, 1 x Hamster Cabbie, 1 x Tomato Face, 1 x Cuddle Face, 1 x Skull Face for 1200 MtxCurrency",1200,1200,0,0.0,0,2026-09-30T00:00:00Z,2026-10-02T23:59:59.999Z,1,0,-3,BR100126,Fit Check,185,tileGrid,Size_1_x_1,,0,,18,br,Spray_Jumpsuit_2,Fort Future,spray,uncommon,,Escape Artists,4,4,2023-02-14T10:24:42Z
2026-10-01,v2:/3a455aee9b728aceb7cd509105717676f1ce6b705178a0ddc9eeb64ba76d1ac7,"[VIRTUAL]1 x Alias, 1 x Heartline, 1 x Peace Bear, 1 x Kiss Off, 1 x Break Point Freestyle, 1 x Neo Revolution, 1 x Hamster Bold, 1 x Crack'd Face, 1 x Skull & Crossbears, 1 x Fort Future, 1 x Royale Rep, 1 x Sharp Duck, 1 x Fortunate, 1 x All Time Drip, 1 x Hamster Cabbie, 1 x Tomato Face, 1 x Cuddle Face, 1 x Skull Face for 1200 MtxCurrency",1200,1200,0,0.0,0,2026-09-30T00:00:00Z,2026-10-02T23:59:59.999Z,1,0,-3,BR100126,Fit Check,185,tileGrid,Size_1_x_1,,0,,18,br,Spray_Jumpsuit_8,Royale Rep,spray,uncommon,,Escape Artists,4,4,2023-02-14T10:24:42Z
2026-10-01,v2:/3a455aee9b728aceb7cd509105717676f1ce6b705178a0ddc9eeb64ba76d1ac7,"[VIRTUAL]1 x Alias, 1 x Heartline, 1 x Peace Bear, 1 x Kiss Off, 1 x Break Point Freestyle, 1 x Neo Revolution, 1 x Hamster Bold, 1 x Crack'd Face, 1 x Skull & Crossbears, 1 x Fort Future, 1 x Royale Rep, 1 x Sharp Duck, 1 x Fortunate, 1 x All Time Drip, 1 x Hamster Cabbie, 1 x Tomato Face, 1 x Cuddle Face, 1 x Skull Face for 1200 MtxCurrency",1200,1200,0,0.0,0,2026-09-30T00:00:00Z,2026-10-02T23:59:59.999Z,1,0,-3,BR100126,Fit Check,185,tileGrid,Size_1_x_1,,0,,18,br,Spray_Jumpsuit_6,Sharp Duck,spray,uncommon,,Escape Artists,4,4,2023-02-14T10:24:42Z
2026-10-01,v2:/3a455aee9b728aceb7cd509105717676f1ce6b705178a0ddc9eeb64ba76d1ac7,"[VIRTUAL]1 x Alias, 1 x Heartline, 1 x Peace Bear, 1 x Kiss Off, 1 x Break Point Freestyle, 1 x Neo Revolution, 1 x Hamster Bold, 1 x Crack'd Face, 1 x Skull & Crossbears, 1 x Fort Future, 1 x Royale Rep, 1 x Sharp Duck, 1 x Fortunate, 1 x All Time Drip, 1 x Hamster Cabbie, 1 x Tomato Face, 1 x Cuddle Face, 1 x Skull Face for 1200 MtxCurrency",1200,1200,0,0.0,0,2026-09-30T00:00:00Z,2026-10-02T23:59:59.999Z,1,0,-3,BR100126,Fit Check,185,tileGrid,Size_1_x_1,,0,,18,br,Spray_Jumpsuit_31,Fortunate,spray,uncommon,,Escape Artists,4,4,2023-02-14T10:24:42Z
2026-10-01,v2:/3a455aee9b728aceb7cd509105717676f1ce6b705178a0ddc9eeb64ba76d1ac7,"[VIRTUAL]1 x Alias, 1 x Heartline, 1 x Peace Bear, 1 x Kiss Off, 1 x Break Point Freestyle, 1 x Neo Revolution, 1 x Hamster Bold, 1 x Crack'd Face, 1 x Skull & Crossbears, 1 x Fort Future, 1 x Royale Rep, 1 x Sharp Duck, 1 x Fortunate, 1 x All Time Drip, 1 x Hamster Cabbie, 1 x Tomato Face, 1 x Cuddle Face, 1 x Skull Face for 1200 MtxCurrency",1200,1200,0,0.0,0,2026-09-30T00:00:00Z,2026-10-02T23:59:59.999Z,1,0,-3,BR100126,Fit Check,185,tileGrid,Size_1_x_1,,0,,18,br,Spray_Jumpsuit_29,All Time Drip,spray,uncommon,,Escape Artists,4,4,2023-02-14T10:24:42Z
2026-10-01,v2:/3a455aee9b728aceb7cd509105717676f1ce6b705178a0ddc9eeb64ba76d1ac7,"[VIRTUAL]1 x Alias, 1 x Heartline, 1 x Peace Bear, 1 x Kiss Off, 1 x Break Point Freestyle, 1 x Neo Revolution, 1 x Hamster Bold, 1 x Crack'd Face, 1 x Skull & Crossbears, 1 x Fort Future, 1 x Royale Rep, 1 x Sharp Duck, 1 x Fortunate, 1 x All Time Drip, 1 x Hamster Cabbie, 1 x Tomato Face, 1 x Cuddle Face, 1 x Skull Face for 1200 MtxCurrency",1200,1200,0,0.0,0,2026-09-30T00:00:00Z,2026-10-02T23:59:59.999Z,1,0,-3,BR100126,Fit Check,185,tileGrid,Size_1_x_1,,0,,18,br,Spray_Jumpsuit_27,Hamster Cabbie,spray,uncommon,,Escape Artists,4,4,2023-02-14T10:24:42Z
2026-10-01,v2:/3a455aee9b728aceb7cd509105717676f1ce6b705178a0ddc9eeb64ba76d1ac7,"[VIRTUAL]1 x Alias, 1 x Heartline, 1 x Peace Bear, 1 x Kiss Off, 1 x Break Point Freestyle, 1 x Neo Revolution, 1 x Hamster Bold, 1 x Crack'd Face, 1 x Skull & Crossbears, 1 x Fort Future, 1 x Royale Rep, 1 x Sharp Duck, 1 x Fortunate, 1 x All Time Drip, 1 x Hamster Cabbie, 1 x Tomato Face, 1 x Cuddle Face, 1 x Skull Face for 1200 MtxCurrency",1200,1200,0,0.0,0,2026-09-30T00:00:00Z,2026-10-02T23:59:59.999Z,1,0,-3,BR100126,Fit Check,185,tileGrid,Size_1_x_1,,0,,18,br,Spray_JumpsuitMasks_1,Tomato Face,spray,uncommon,,Escape Artists,4,4,2023-02-14T10:24:42Z
2026-10-01,v2:/3a455aee9b728aceb7cd509105717676f1ce6b705178a0ddc9eeb64ba76d1ac7,"[VIRTUAL]1 x Alias, 1 x Heartline, 1 x Peace Bear, 1 x Kiss Off, 1 x Break Point Freestyle, 1 x Neo Revolution, 1 x Hamster Bold, 1 x Crack'd Face, 1 x Skull & Crossbears, 1 x Fort Future, 1 x Royale Rep, 1 x Sharp Duck, 1 x Fortunate, 1 x All Time Drip, 1 x Hamster Cabbie, 1 x Tomato Face, 1 x Cuddle Face, 1 x Skull Face for 1200 MtxCurrency",1200,1200,0,0.0,0,2026-09-30T00:00:00Z,2026-10-02T23:59:59.999Z,1,0,-3,BR100126,Fit Check,185,tileGrid,Size_1_x_1,,0,,18,br,Spray_JumpsuitMasks_9,Cuddle Face,spray,uncommon,,Escape Artists,4,4,2023-02-14T10:24:42Z
2026-10-01,v2:/3a455aee9b728aceb7cd509105717676f1ce6b705178a0ddc9eeb64ba76d1ac7,"[VIRTUAL]1 x Alias, 1 x Heartline, 1 x Peace Bear, 1 x Kiss Off, 1 x Break Point Freestyle, 1 x Neo Revolution, 1 x Hamster Bold, 1 x Crack'd Face, 1 x Skull & Crossbears, 1 x Fort Future, 1 x Royale Rep, 1 x Sharp Duck, 1 x Fortunate, 1 x All Time Drip, 1 x Hamster Cabbie, 1 x Tomato Face, 1 x Cuddle Face, 1 x Skull Face for 1200 MtxCurrency",1200,1200,0,0.0,0,2026-09-30T00:00:00Z,2026-10-02T23:59:59.999Z,1,0,-3,BR100126,Fit Check,185,tileGrid,Size_1_x_1,,0,,18,br,Spray_JumpsuitMasks_3,Skull Face,spray,uncommon,,Escape Artists,4,4,2023-02-14T10:24:42Z
2026-10-01,v2:/d892bcf1af09aa4010e0e58a12817db8bec2fd2111cbe63399af402d02ee4b08,"[VIRTUAL]1 x Sally, 1 x Worm's Wort for -1 MtxCurrency",1500,1500,0,0.0,0,2026-09-28T00:00:00Z,2026-10-01T23:59:59.999Z,1,0,-3,KHNightmare1,Disney,192,tileGrid,Size_1_x_1,,0,,2,br,Character_HayBrush,Sally,outfit,epic,,Sewn Sally,5,4,2024-10-12T06:22:57Z
2026-10-01,v2:/d892bcf1af09aa4010e0e58a12817db8bec2fd2111cbe63399af402d02ee4b08,"[VIRTUAL]1 x Sally, 1 x Worm's Wort for -1 MtxCurrency",1500,1500,0,0.0,0,2026-09-28T00:00:00Z,2026-10-01T23:59:59.999Z,1,0,-3,KHNightmare1,Disney,192,tileGrid,Size_1_x_1,,0,,2,br,Backpack_HayBrush,Worm's Wort,backpack,rare,,Sewn Sally,5,4,2024-10-12T06:22:57Z
2026-10-01,v2:/3f6ba5bce5f2e51537c0b2406d38bd535f5a564262210aca066ad7425918c9e9,[VIRTUAL]1 x Mogul Ski Bag for 300 MtxCurrency,300,300,0,0.0,0,2026-09-29T00:00:00Z,2026-10-05T23:59:59.999Z,1,0,-1,,,,,Size_1_x_1,,0,,1,br,BID_014_SkiGirl,Mogul Ski Bag,backpack,epic,,Winter Ski,1,3,2019-11-20T12:50:41Z
2026-10-01,v2:/8291f07620e58a2df9a3c7b2d7e1ff88ba1aa9f7ace121724c7cebd527bcee90,[VIRTUAL]1 x TBD (SID_Placeholder_520) for 500 MtxCurrency,500,500,0,0.0,0,2026-10-01T00:00:00Z,2026-10-31T23:59:59.999Z,1,0,-39,JT100126,Jam Tracks,179,expandableList,Size_1_x_1,,0,,1,track,sid_placeholder_520,Up From The Bottom,,,,,,,2025-03-28T00:00:00Z
2026-10-01,v2:/aed2bf9f4178d97a46f8b35fc5670b88c759aa8bf1a974282b57fe248741a987,[VIRTUAL]1 x Before I Forget for 500 MtxCurrency,500,500,0,0.0,0,2026-09-25T00:00:00Z,2026-10-01T23:59:59.999Z,1,0,-2,JT100126,Jam Tracks,179,tileGrid,Size_1_x_1,,0,,1,track,sid_placeholder_210,Before I Forget,,,,,,,2024-05-07T14:47:23Z
2026-10-01,v2:/687b6d873810318e865fb01a37e9df1548aaf870bc37de5a6d8b7358aea48990,[VIRTUAL]1 x CAIRO for 500 MtxCurrency,500,500,0,0.0,0,2026-10-01T00:00:00Z,2026-10-31T23:59:59.999Z,1,0,-51,JT100126,Jam Tracks,179,expandableList,Size_1_x_1,,0,,1,track,sid_placeholder_306,CAIRO,,,,,,,2024-08-16T03:00:00Z
2026-10-01,v2:/22b21648e7495b6cd23470acd14d6e1994b29820005960779368a0f91915d5e0,[VIRTUAL]1 x adidas Ultraboost 1.0 x Fortnite 'Victory Crown Black' for 1000 MtxCurrency,1000,1000,0,0.0,0,2026-09-28T00:00:00Z,2026-10-04T23:59:59.999Z,1,0,-1,BR100126,Fit Check,185,tileGrid,Size_1_x_1,,0,,1,br,Shoes_EnergyBuryCayenne,adidas Ultraboost 1.0 x Fortnite 'Victory Crown Black',shoe,uncommon,,adidas Shoes,6,2,2025-03-02T00:00:00Z
2026-10-01,v2:/eb61cc4a72f229a54988f5845a1aeb0c6a65656a0040f5c23498573bf049e876,[VIRTUAL]1 x Can't Feel My Face for 500 MtxCurrency,500,500,0,0.0,0,2026-10-01T00:00:00Z,2026-10-31T23:59:59.999Z,1,0,-26,JT100126,Jam Tracks,179,expandableList,Size_1_x_1,,0,,1,track,sid_placeholder_04,Can't Feel My Face,,,,,,,2024-01-09T23:27:41Z
2026-10-01,v2:/bf2baf128d06401c2c5fb86557ac8ba8273717f624520fd7fe349f5df74347be,[VIRTUAL]1 x Loyal Shield for 300 MtxCurrency,300,300,0,0.0,0,2026-09-27T00:00:00Z,2026-10-03T23:59:59.999Z,1,0,-2,,,,,Size_1_x_1,,0,,1,br,BID_133_GuanYu,Loyal Shield,backpack,epic,,Guan Yu,1,6,2019-11-20T12:50:38Z
2026-10-01,v2:/b5e87563cb7a821ff08d826fba28dc452b49d77a39343bd7bd52d093187e2855,[VIRTUAL]1 x TBD (SID_Placeholder_628) for 500 MtxCurrency,500,500,0,0.0,0,2026-09-25T00:00:00Z,2026-10-01T23:59:59.999Z,1,0,-4,JT100126,Jam Tracks,179,tileGrid,Size_1_x_1,,0,,1,track,sid_placeholder_628,Gimme Chocolate!!,,,,,,,2025-08-22T00:00:00Z
2026-10-01,v2:/b855110b38083e2056e73f941e43a948ba41db1f71aa13dbb91bed7db2c96d50,[VIRTUAL]1 x bury a friend for 500 MtxCurrency,500,500,0,0.0,0,2026-10-01T00:00:00Z,2026-10-08T23:59:59.999Z,1,0,-72,JT100126,Jam Tracks,179,expandableList,Size_1_x_1,,0,,1,track,sid_placeholder_381,bury a friend,,,,,,,2024-10-10T13:34:27Z
2026-10-01,v2:/20a9940d8ba928361beeeef84b172974ec7d3cdbd222141d2444a92785e36f48,[VIRTUAL]1 x Uptown Funk for 500 MtxCurrency,500,500,0,0.0,0,2026-10-01T00:00:00Z,2026-10-31T23:59:59.999Z,1,0,-76,JT100126,Jam Tracks,179,expandableList,Size_1_x_1,,0,,1,track,sid_placeholder_71,Uptown Funk,,,,,,,2024-07-11T15:13:48Z
2026-10-01,v2:/62d00fbc973a39eb39538791ff7600a829f2af60cb950865b76ce16d6759f79d,[VIRTUAL]1 x Mouse Mode for 500 MtxCurrency,500,500,0,0.0,0,2026-09-19T00:00:00Z,2026-10-02T23:59:59.999Z,1,0,-4,IronMouse2,Ironmouse,189,tileGrid,Size_1_x_1,,0,,1,br,Wrap_FeelUnion,Mouse Mode,wrap,rare,,Ironmouse,7,4,2026-09-17T16:17:14Z
2026-10-01,v2:/fe2c3d320b0e9a69716b26029571018c138bf269b264b40bd1bb53bb85dcd332,[VIRTUAL]1 x TBD (SID_Placeholder_582) for 500 MtxCurrency,500,500,0,0.0,0,2026-10-01T00:00:00Z,2026-10-31T23:59:59.999Z,1,0,-96,JT100126,Jam Tracks,179,expandableList,Size_1_x_1,,0,,1,track,sid_placeholder_582,Magnetic,,,,,,,2025-06-10T17:01:18Z
2026-10-01,v2:/f65704eb7246da70d0b80d7e750885d586cb3b5ad2e6c055b662410b107cb115,[VIRTUAL]1 x BIRDS OF A FEATHER for 500 MtxCurrency,500,500,0,0.0,0,2026-10-01T00:00:00Z,2026-10-31T23:59:59.999Z,1,0,-16,JT100126,Jam Tracks,179,expandableList,Size_1_x_1,,0,,1,track,sid_placeholder_400,BIRDS OF A FEATHER,,,,,,,2024-12-12T14:44:23Z
2026-10-01,v2:/e2b062d1ecddfc51a9d16682688cc7caaa9a6efa66ab69734c32e8ca9b0e1f68,"[VIRTUAL]1 x Pumpkin King, 1 x Town Signpost, 1 x Rot Iron Trident, 1 x BOO!, 1 x I Am the Pumpkin King, 1 x Banner Icon for -1 MtxCurrency",2000,2000,0,0.0,0,2026-09-28T00:00:00Z,2026-10-01T23:59:59.999Z,1,0,-2,KHNightmare1,Disney,192,tileGrid,Size_1_x_1,,1,Pumpkin King,5,br,Character_BurntBagel,Pumpkin King,outfit,epic,,The Pumpkin King,5,4,2024-10-12T06:22:57Z
2026-10-01,v2:/e2b062d1ecddfc51a9d16682688cc7caaa9a6efa66ab69734c32e8ca9b0e1f68,"[VIRTUAL]1 x Pumpkin King, 1 x Town Signpost, 1 x Rot Iron Trident, 1 x BOO!, 1 x I Am the Pumpkin King, 1 x Banner Icon for -1 MtxCurrency",2000,2000,0,0.0,0,2026-09-28T00:00:00Z,2026-10-01T23:59:59.999Z,1,0,-2,KHNightmare1,Disney,192,tileGrid,Size_1_x_1,,1,Pumpkin King,5,br,Backpack_BurntBagel,Town Signpost,backpack,rare,,The Pumpkin King,5,4,2024-10-12T06:22:57Z
2026-10-01,v2:/e2b062d1ecddfc51a9d16682688cc7caaa9a6efa66ab69734c32e8ca9b0e1f68,"[VIRTUAL]1 x Pumpkin King, 1 x Town Signpost, 1 x Rot Iron Trident, 1 x BOO!, 1 x I Am the Pumpkin King, 1 x Banner Icon for -1 MtxCurrency",2000,2000,0,0.0,0,2026-09-28T00:00:00Z,2026-10-01T23:59:59.999Z,1,0,-2,KHNightmare1,Disney,192,tileGrid,Size_1_x_1,,1,Pumpkin King,5,br,Pickaxe_BurntBagel,Rot Iron Trident,pickaxe,rare,,The Pumpkin King,5,4,2024-10-12T06:22:57Z
2026-10-01,v2:/e2b062d1ecddfc51a9d16682688cc7caaa9a6efa66ab69734c32e8ca9b0e1f68,"[VIRTUAL]1 x Pumpkin King, 1 x Town Signpost, 1 x Rot Iron Trident, 1 x BOO!, 1 x I Am the Pumpkin King, 1 x Banner Icon for -1 MtxCurrency",2000,2000,0,0.0,0,2026-09-28T00:00:00Z,2026-10-01T23:59:59.999Z,1,0,-2,KHNightmare1,Disney,192,tileGrid,Size_1_x_1,,1,Pumpkin King,5,br,EID_BurntBagel,BOO!,emote,uncommon,,The Pumpkin King,5,4,2024-10-12T06:22:57Z
2026-10-01,v2:/e2b062d1ecddfc51a9d16682688cc7caaa9a6efa66ab69734c32e8ca9b0e1f68,"[VIRTUAL]1 x Pumpkin King, 1 x Town Signpost, 1 x Rot Iron Trident, 1 x BOO!, 1 x I Am the Pumpkin King, 1 x Banner Icon for -1 MtxCurrency",2000,2000,0,0.0,0,2026-09-28T00:00:00Z,2026-10-01T23:59:59.999Z,1,0,-2,KHNightmare1,Disney,192,tileGrid,Size_1_x_1,,1,Pumpkin King,5,br,Spray_BurntBagel,I Am the Pumpkin King,spray,uncommon,,The Pumpkin King,5,4,2024-10-12T06:22:57Z
2026-10-01,v2:/35305768c1ff3198a03fb95b7a0a3974b23263b49c2e18840474da3f5929d7a2,[VIRTUAL]1 x TBD (SID_Placeholder_596) for 500 MtxCurrency,500,500,0,0.0,0,2026-09-26T00:00:00Z,2026-10-31T23:59:59.999Z,1,0,-48,JT100126,Jam Tracks,179,expandableList,Size_1_x_1,,0,,1,track,sid_placeholder_596,Bonde Do Brunão,,,,,,,2025-06-18T08:00:00Z
2026-10-01,v2:/b2a0925ae5538bb37a885326716eb096f07f3f7feb3c495b4024059612b8877d,[VIRTUAL]1 x Juicy for 500 MtxCurrency,500,500,0,0.0,0,2026-10-01T00:00:00Z,2026-10-31T23:59:59.999Z,1,0,-46,JT100126,Jam Tracks,179,expandableList,Size_1_x_1,,0,,1,track,sid_placeholder_314,Juicy,,,,,,,2024-09-04T22:31:02Z
2026-10-01,v2:/78d0623a2aa0da35c590f979885f24eab79b6fa165de6db472c9acda79686ca3,[VIRTUAL]1 x Swag Shuffle for 500 MtxCurrency,500,500,0,0.0,0,2026-09-28T00:00:00Z,2026-10-01T23:59:59.999Z,1,0,-4,VV093026,Groove Moves,195,tileGrid,Size_1_x_1,,0,,1,br,EID_Obstruct,Swag Shuffle,emote,icon,Icon Series,,5,2,2024-05-07T00:00:00Z
2026-10-01,v2:/9726d802f737b7178dd4e36291063d2959747fee179de51801d91815b1ade3aa,[VIRTUAL]1 x Yes Baby for 500 MtxCurrency,500,500,0,0.0,0,2026-09-25T00:00:00Z,2026-10-04T23:59:59.999Z,1,0,-2,MadisonBeer,Madison Beer,194,tileGrid,Size_1_x_1,,0,,1,br,EID_MistTycoonHike,Yes Baby,emote,icon,Icon Series,Madison Beer,7,4,2026-09-23T16:31:22Z
2026-10-01,v2:/8500dd9df36acc12fe444e76e70a338de004420a7464126c38f67bc4fffdad60,[VIRTUAL]1 x Eh Theme for 500 MtxCurrency,500,500,0,0.0,0,2026-10-01T00:00:00Z,2026-10-03T23:59:59.999Z,1,0,-3,NickEh30noicon,Nick Eh 30,197,tileGrid,Size_1_x_1,,0,,1,br,Wrap_WeaveHarbor,Eh Theme,wrap,icon,Icon Series,Nick Eh 30,5,3,2024-06-15T20:50:31Z
2026-10-01,v2:/c97a944075778be34d88cbf0c70a7a2c568e2e2e4afec3dda837ff6db5070901,[VIRTUAL]1 x TBD (SID_Placeholder_539) for 500 MtxCurrency,500,500,0,0.0,0,2026-09-25T00:00:00Z,2026-10-01T23:59:59.999Z,1,0,-3,JT100126,Jam Tracks,179,tileGrid,Size_1_x_1,,0,,1,track,sid_placeholder_539,The Imperial March (Darth Vader's Theme),,,,,,,2025-05-02T13:15:03Z
2026-10-01,v2:/2d952f086a544c49a16d7ac86d1a76562bc4bfaa8cfc95217416efb22537560b,[VIRTUAL]1 x Welcome to Paradise for 500 MtxCurrency,500,500,0,0.0,0,2026-10-01T00:00:00Z,2026-10-31T23:59:59.999Z,1,0,-79,JT100126,Jam Tracks,179,expandableList,Size_1_x_1,,0,,1,track,sid_placeholder_121,Welcome to Paradise,,,,,,,2024-01-31T00:05:11Z
2026-10-01,v2:/bf190e34091c672ea3804c6c53c186f0a710f341f57e5b246a3182249d406b59,"[VIRTUAL]1 x Jill Valentine, 1 x Saving Keystroke for -1 MtxCurrency",1500,1500,0,0.0,0,2026-09-26T00:00:00Z,2026-10-03T23:59:59.999Z,1,0,-1,ResidentEvil,Resident Evil,190,tileGrid,Size_1_x_1,,0,,2,br,CID_A_222_Athena_Commando_F_Relish_G6S5T,Jill Valentine,outfit,gaminglegends,Gaming Legends Series,S.T.A.R.S. Team,2,8,2021-10-24T00:00:00Z
2026-10-01,v2:/bf190e34091c672ea3804c6c53c186f0a710f341f57e5b246a3182249d406b59,"[VIRTUAL]1 x Jill Valentine, 1 x Saving Keystroke for -1 MtxCurrency",1500,1500,0,0.0,0,2026-09-26T00:00:00Z,2026-10-03T23:59:59.999Z,1,0,-1,ResidentEvil,Resident Evil,190,tileGrid,Size_1_x_1,,0,,2,br,BID_874_RelishFemale_I7B41,Saving Keystroke,backpack,gaminglegends,Gaming Legends Series,S.T.A.R.S. Team,2,8,2021-10-24T00:00:00Z
2026-10-01,v2:/d9c6154f422679cf679f725804fb7742da6657a4d3f921ee5092f06a4e88901f,[VIRTUAL]1 x Ride the Lightning for 500 MtxCurrency,500,500,0,0.0,0,2026-10-01T00:00:00Z,2026-10-31T23:59:59.999Z,1,0,-19,JT100126,Jam Tracks,179,expandableList,Size_1_x_1,,0,,1,track,sid_placeholder_233,Ride the Lightning,,,,,,,2024-06-13T08:00:00Z
2026-10-01,v2:/b97a8dc6d01520110ad1664ad924be471ef43b4bdb859ae6cd5234c743792170,[VIRTUAL]1 x TBD (SID_Placeholder_620) for 500 MtxCurrency,500,500,0,0.0,0,2026-10-01T00:00:00Z,2026-10-31T23:59:59.999Z,1,0,-73,JT100126,Jam Tracks,179,expandableList,Size_1_x_1,,0,,1,track,sid_placeholder_620,Strobe (Radio Edit),,,,,,,2025-08-06T00:00:00Z
2026-10-01,v2:/25611fb5a48b160eda5a9834fc3c06d271e9c5239753fb6982cb9a01d77010f6,[VIRTUAL]1 x Saving Keystroke for 400 MtxCurrency,400,400,0,0.0,0,2026-09-26T00:00:00Z,2026-10-03T23:59:59.999Z,1,0,-2,,,,,Size_2_x_1,,0,,1,br,BID_874_RelishFemale_I7B41,Saving Keystroke,backpack,gaminglegends,Gaming Legends Series,S.T.A.R.S. Team,2,8,2021-10-24T00:00:00Z
2026-10-01,v2:/8ed030142a07d672e9c88c465ca2d0715fc519ce3b52ea073d3f8f77bff67b59,"[VIRTUAL]1 x Lock, Shock and Barrel's Tub for 500 MtxCurrency",500,500,0,0.0,0,2026-09-28T00:00:00Z,2026-10-01T23:59:59.999Z,1,0,-4,KHNightmare1,Disney,192,tileGrid,Size_1_x_1,,0,,1,br,EID_PrivateJet,"Lock, Shock and Barrel's Tub",emote,rare,,The Pumpkin King,4,4,2023-10-24T00:00:00Z
2026-10-01,v2:/8eac4b88199f11b7f942d5a51d430f60baf480839af4b4335ee83b7c0e6e2740,[VIRTUAL]1 x UltraViolet Pulse for 1000 MtxCurrency,1000,1000,0,0.0,0,2026-09-28T00:00:00Z,2026-10-04T23:59:59.999Z,1,0,-1,BR100126,Fit Check,185,tileGrid,Size_1_x_1,Reactive to music!,0,,1,br,Shoes_GroovyGlow,UltraViolet Pulse,shoe,uncommon,,,6,2,2025-04-11T00:00:00Z
2026-10-01,v2:/36a56d4ce1b570d96151af89ecce95a8044c0e38ae13a4f513e2a80f8e4a791e,[VIRTUAL]1 x Shadow Steppers for 1000 MtxCurrency,1000,1000,0,0.0,0,2026-09-17T00:00:00Z,2026-10-01T23:59:59.999Z,1,0,-2,KingdomHearts,Kingdom Hearts,193,tileGrid,Size_1_x_1,,0,,1,br,Shoes_SpireTendBeen,Shadow Steppers,shoe,gaminglegends,Gaming Legends Series,Kingdom Hearts,7,4,2026-09-17T08:00:00Z
2026-10-01,v2:/00b7c6c9c9c0ecc301b88d77f964447b4393b9ef1c2a50b28e372ab1fcd11b0c,"[VIRTUAL]1 x Golden Zoey, 1 x HUNTR/X Light Stick for -1 MtxCurrency",1500,1500,0,0.0,0,2026-09-27T00:00:00Z,2026-10-01T23:59:59.999Z,1,0,-1,Kpop2Newest,KPop Demon Hunters,183,tileGrid,Size_1_x_1,,1,Golden Zoey,2,br,Character_HybridBoot,Golden Zoey,outfit,icon,Icon Series,KPop Demon Hunters,7,1,2026-02-05T15:01:36Z
2026-10-01,v2:/00b7c6c9c9c0ecc301b88d77f964447b4393b9ef1c2a50b28e372ab1fcd11b0c,"[VIRTUAL]1 x Golden Zoey, 1 x HUNTR/X Light Stick for -1 MtxCurrency",1500,1500,0,0.0,0,2026-09-27T00:00:00Z,2026-10-01T23:59:59.999Z,1,0,-1,Kpop2Newest,KPop Demon Hunters,183,tileGrid,Size_1_x_1,,1,Golden Zoey,2,br,Backpack_HybridBoot,HUNTR/X Light Stick,backpack,icon,Icon Series,KPop Demon Hunters,7,1,2026-02-05T15:01:36Z
2026-10-01,v2:/86cb6ba2fda1027f458ffcb5fe096e87a66a581b1cf6f6826554535026f23027,[VIRTUAL]1 x Town Signpost for 300 MtxCurrency,300,300,0,0.0,0,2026-09-28T00:00:00Z,2026-10-01T23:59:59.999Z,1,0,-1,,,,,Size_2_x_1,,0,,1,br,Backpack_BurntBagel,Town Signpost,backpack,rare,,The Pumpkin King,5,4,2024-10-12T06:22:57Z
2026-10-01,v2:/42b404cdd0c6fdfcddc1dec3cd3ee7af66c6e8085f944c441b43601d5a1055a0,[VIRTUAL]1 x Kunai Shield for 300 MtxCurrency,300,300,0,0.0,0,2026-10-01T00:00:00Z,2026-10-01T23:59:59.999Z,1,0,-2,,,,,Size_1_x_1,,0,,1,br,BID_340_WiseMaster,Kunai Shield,backpack,rare,,Wise Warrior,1,X,2019-11-20T12:50:32Z
2026-10-01,v2:/f556abd0b8f2e54699db9f689a81300dd4b63c217ce2917a982ba325644dd46f,[VIRTUAL]1 x Peak Pack for 300 MtxCurrency,300,300,0,0.0,0,2026-09-28T00:00:00Z,2026-10-01T23:59:59.999Z,1,0,-2,PEAK,PEAK,182,tileGrid,Size_1_x_1,,0,,1,br,Backpack_TopicProud,Peak Pack,backpack,gaminglegends,Gaming Legends Series,PEAK,7,2,2026-03-22T00:00:00Z
2026-10-01,v2:/7abbb47ccafd77549a26dcc7d8136056c186993167ae1e27eaca606015a6287e,[VIRTUAL]1 x Eyes Closed for 500 MtxCurrency,500,500,0,0.0,0,2026-10-01T00:00:00Z,2026-10-31T23:59:59.999Z,1,0,-86,JT100126,Jam Tracks,179,expandableList,Size_1_x_1,,0,,1,track,sid_placeholder_177,Eyes Closed,,,,,,,2024-04-02T15:03:11Z
2026-10-01,v2:/dd3880a9d1517ff7f1bdd80fe94a65ca6290aec640cbd1700e328db5ea0da31a,[VIRTUAL]1 x Leon's Combat Knife for 500 MtxCurrency,500,500,0,0.0,0,2026-09-26T00:00:00Z,2026-10-03T23:59:59.999Z,1,0,-2,ResidentEvil,Resident Evil,190,tileGrid,Size_1_x_1,,0,,1,br,Pickaxe_FallValleyBlink,Leon's Combat Knife,pickaxe,gaminglegends,Gaming Legends Series,Raccoon City Survivors,4,2,2023-03-17T00:00:00Z
2026-10-01,v2:/78144589ab8957bdffb7e9653e07b3916e105f34216fbd753d8a4de7c796db4a,[VIRTUAL]1 x Ancient Hunter's Ssang-geum for 500 MtxCurrency,500,500,0,0.0,0,2026-09-27T00:00:00Z,2026-10-01T23:59:59.999Z,1,0,-1,Kpop2Newest,KPop Demon Hunters,183,tileGrid,Size_1_x_1,,0,,1,br,Pickaxe_TurnVortex,Ancient Hunter's Ssang-geum,pickaxe,icon,Icon Series,KPop Demon Hunters,7,1,2026-02-05T15:01:36Z
2026-10-01,v2:/96e708b95b49c507edccfe9376c29dfdf48ac2f8aaca6ba37ee41339b5b502fa,[VIRTUAL]1 x TBD (SID_Placeholder_558) for 500 MtxCurrency,500,500,0,0.0,0,2026-09-25T00:00:00Z,2026-10-01T23:59:59.999Z,1,0,-1,JT100126,Jam Tracks,179,tileGrid,Size_1_x_1,,0,,1,track,sid_placeholder_558,Gasolina,,,,,,,2025-04-01T17:23:52Z
2026-10-01,v2:/0f3adad3d3dbc604a97e23fc5069bbe6db3a0d31f93781c87ee033d664abc3dd,[VIRTUAL]1 x Peppermint Parasol for 800 MtxCurrency,800,800,0,0.0,0,2026-09-28T00:00:00Z,2026-10-01T23:59:59.999Z,1,0,-2,KHNightmare1,Disney,192,tileGrid,Size_1_x_1,,0,,1,br,Pickaxe_PrivateJet,Peppermint Parasol,pickaxe,rare,,The Pumpkin King,4,4,2023-10-10T11:59:07Z
2026-10-01,v2:/e7f919b8b16debe4e071de261acfb2adcc3b41809d09f7b498b33d2bb6255ea0,[VIRTUAL]1 x Shujin Academy Backpack for 300 MtxCurrency,300,300,0,0.0,0,2026-09-26T00:00:00Z,2026-10-05T23:59:59.999Z,1,0,-2,Persona5,Persona 5 Royal,191,tileGrid,Size_1_x_1,,0,,1,br,Backpack_CosmicTrellis,Shujin Academy Backpack,backpack,gaminglegends,Gaming Legends Series,Persona 5 Royal,7,4,2026-09-24T16:00:38Z
2026-10-01,v2:/82d92985fa4b3fb646ecc342a2ee1287dd40fab97faf513e272008745f365da6,"[VIRTUAL]1 x Guan Yu, 1 x Loyal Shield for -1 MtxCurrency",1500,1500,0,0.0,0,2026-09-27T00:00:00Z,2026-10-03T23:59:59.999Z,1,0,-2,FND100126,Front Page,187,tileGrid,Size_1_x_1,,0,,2,br,CID_247_Athena_Commando_M_GuanYu,Guan Yu,outfit,epic,,Guan Yu,1,6,2019-11-20T12:50:14Z
2026-10-01,v2:/82d92985fa4b3fb646ecc342a2ee1287dd40fab97faf513e272008745f365da6,"[VIRTUAL]1 x Guan Yu, 1 x Loyal Shield for -1 MtxCurrency",1500,1500,0,0.0,0,2026-09-27T00:00:00Z,2026-10-03T23:59:59.999Z,1,0,-2,FND100126,Front Page,187,tileGrid,Size_1_x_1,,0,,2,br,BID_133_GuanYu,Loyal Shield,backpack,epic,,Guan Yu,1,6,2019-11-20T12:50:38Z
2026-10-01,v2:/52078d8c222347df807e4693dd6b492ea1594e80ff080fa01eec6e9a210ea8b1,"[VIRTUAL]1 x Ironmouse's Bubi Mic, 1 x Ironmouse's Bubi Mic, 1 x Ironmouse's Bubi Mic for 800 MtxCurrency",800,800,0,0.0,0,2026-09-19T00:00:00Z,2026-10-02T23:59:59.999Z,1,0,-1,IronMouse2,Ironmouse,189,tileGrid,Size_1_x_1,,0,,3,br,Backpack_FeelUnionMoo_Mic,Ironmouse's Bubi Mic,backpack,rare,,Ironmouse,7,4,2026-09-17T16:17:14Z
2026-10-01,v2:/52078d8c222347df807e4693dd6b492ea1594e80ff080fa01eec6e9a210ea8b1,"[VIRTUAL]1 x Ironmouse's Bubi Mic, 1 x Ironmouse's Bubi Mic, 1 x Ironmouse's Bubi Mic for 800 MtxCurrency",800,800,0,0.0,0,2026-09-19T00:00:00Z,2026-10-02T23:59:59.999Z,1,0,-1,IronMouse2,Ironmouse,189,tileGrid,Size_1_x_1,,0,,3,br,Pickaxe_FeelUnionMoo_Mic,Ironmouse's Bubi Mic,pickaxe,rare,,Ironmouse,7,4,2026-09-17T16:17:14Z
2026-10-01,v2:/52078d8c222347df807e4693dd6b492ea1594e80ff080fa01eec6e9a210ea8b1,"[VIRTUAL]1 x Ironmouse's Bubi Mic, 1 x Ironmouse's Bubi Mic, 1 x Ironmouse's Bubi Mic for 800 MtxCurrency",800,800,0,0.0,0,2026-09-19T00:00:00Z,2026-10-02T23:59:59.999Z,1,0,-1,IronMouse2,Ironmouse,189,tileGrid,Size_1_x_1,,0,,3,instrument,Sparks_FeelUnionMoo_Mic,Ironmouse's Bubi Mic,mic,common,,,,,2026-09-17T16:17:14Z
2026-10-01,v2:/04204a56301705771d6e33cf87dc4cfd891014b68c2ccade3f42c492cfe1bd58,[VIRTUAL]1 x TBD (SID_Placeholder_507) for 500 MtxCurrency,500,500,0,0.0,0,2026-10-01T00:00:00Z,2026-10-31T23:59:59.999Z,1,0,-3,JT100126,Jam Tracks,179,expandableList,Size_1_x_1,,0,,1,track,sid_placeholder_507,Stacy's Mom,,,,,,,2025-04-01T17:23:52Z
2026-10-01,v2:/c57b93233aae27e3fd0bae4af5407e1565a7944b9de2e92762a3972e24265279,[VIRTUAL]1 x TBD (SID_Placeholder_416) for 500 MtxCurrency,500,500,0,0.0,0,2026-10-01T00:00:00Z,2026-10-31T23:59:59.999Z,1,0,-28,JT100126,Jam Tracks,179,expandableList,Size_1_x_1,,0,,1,track,sid_placeholder_416,Closer,,,,,,,2025-02-06T21:54:35Z
2026-10-01,v2:/a210f0a0b4c37eb18d90282f8d699469cb6227c040665508a5f33a9e8aa47893,[VIRTUAL]1 x What Is Love for 500 MtxCurrency,500,500,0,0.0,0,2026-09-25T00:00:00Z,2026-10-01T23:59:59.999Z,1,0,-2,JT100126,Jam Tracks,179,tileGrid,Size_1_x_1,,0,,1,track,sid_placeholder_112,What Is Love,,,,,,,2024-02-07T00:17:22Z
2026-10-01,v2:/ef2f56268ead000885988c4ab83a7ab6fbd1e58329f8d35a0738e1e6ab5e5daf,[VIRTUAL]1 x WHATS POPPIN for 500 MtxCurrency,500,500,0,0.0,0,2026-09-29T00:00:00Z,2026-10-01T23:59:59.999Z,1,0,-3,BR100126,Fit Check,185,tileGrid,Size_1_x_1,,0,,1,track,sid_placeholder_157,WHATS POPPIN,,,,,,,2024-03-05T20:11:31Z
2026-10-01,v2:/9d35bf601495f9c6fe0ae15d2d6b54afd36c8397ad47e8a3c67584ea8eee0f38,"[VIRTUAL]1 x Waypoint, 1 x Signal Hub for -1 MtxCurrency",1200,1200,0,0.0,0,2026-09-29T00:00:00Z,2026-10-05T23:59:59.999Z,1,0,-4,NS092926,No Sweat,186,tileGrid,Size_1_x_1,,0,,2,br,CID_290_Athena_Commando_F_BlueBadass,Waypoint,outfit,rare,,Waypoint,1,7,2019-11-20T12:50:11Z
2026-10-01,v2:/9d35bf601495f9c6fe0ae15d2d6b54afd36c8397ad47e8a3c67584ea8eee0f38,"[VIRTUAL]1 x Waypoint, 1 x Signal Hub for -1 MtxCurrency",1200,1200,0,0.0,0,2026-09-29T00:00:00Z,2026-10-05T23:59:59.999Z,1,0,-4,NS092926,No Sweat,186,tileGrid,Size_1_x_1,,0,,2,br,BID_165_BlueBadassFemale,Signal Hub,backpack,rare,,Waypoint,1,7,2019-11-20T12:50:37Z
2026-10-01,v2:/1a9e0ae20731a84aa50acc0781800b959ed8e699f281738188736ad98fe82bbe,[VIRTUAL]1 x Cheap Thrills for 500 MtxCurrency,500,500,0,0.0,0,2026-10-01T00:00:00Z,2026-10-31T23:59:59.999Z,1,0,-57,JT100126,Jam Tracks,179,expandableList,Size_1_x_1,,0,,1,track,sid_placeholder_27,Cheap Thrills,,,,,,,2024-04-30T14:34:03Z
2026-10-01,v2:/062b2cfa1073a9d616344d59e569dc517ddff17d31e4d6a5b5cde4f6940b4451,"[VIRTUAL]1 x Joker (Persona 5), 1 x Shujin Academy Backpack, 1 x Silver Dagger for -1 MtxCurrency",1800,1800,0,0.0,0,2026-09-26T00:00:00Z,2026-10-05T23:59:59.999Z,1,0,-1,Persona5,Persona 5 Royal,191,tileGrid,Size_2_x_1,,0,,3,br,Character_CosmicTrellis,Joker (P5R),outfit,gaminglegends,Gaming Legends Series,Persona 5 Royal,7,4,2026-09-24T16:00:38Z
2026-10-01,v2:/062b2cfa1073a9d616344d59e569dc517ddff17d31e4d6a5b5cde4f6940b4451,"[VIRTUAL]1 x Joker (Persona 5), 1 x Shujin Academy Backpack, 1 x Silver Dagger for -1 MtxCurrency",1800,1800,0,0.0,0,2026-09-26T00:00:00Z,2026-10-05T23:59:59.999Z,1,0,-1,Persona5,Persona 5 Royal,191,tileGrid,Size_2_x_1,,0,,3,br,Backpack_CosmicTrellis,Shujin Academy Backpack,backpack,gaminglegends,Gaming Legends Series,Persona 5 Royal,7,4,2026-09-24T16:00:38Z
2026-10-01,v2:/062b2cfa1073a9d616344d59e569dc517ddff17d31e4d6a5b5cde4f6940b4451,"[VIRTUAL]1 x Joker (Persona 5), 1 x Shujin Academy Backpack, 1 x Silver Dagger for -1 MtxCurrency",1800,1800,0,0.0,0,2026-09-26T00:00:00Z,2026-10-05T23:59:59.999Z,1,0,-1,Persona5,Persona 5 Royal,191,tileGrid,Size_2_x_1,,0,,3,br,Pickaxe_CosmicTrellis,Silver Dagger,pickaxe,gaminglegends,Gaming Legends Series,Persona 5 Royal,7,4,2026-09-24T16:00:38Z
2026-10-01,v2:/d55963fbb01744386f776c41e0a21c514a2cbb895adf3ae2aff43f0e5b152628,[VIRTUAL]1 x 15 MINUTES for 500 MtxCurrency,500,500,0,0.0,0,2026-09-25T00:00:00Z,2026-10-04T23:59:59.999Z,1,0,-4,MadisonBeer,Madison Beer,194,tileGrid,Size_1_x_1,,0,,1,br,EID_GreatEscape,15 MINUTES,emote,icon,Icon Series,,6,3,2025-05-16T08:50:37Z
2026-10-01,v2:/7ef77db5960d6925ed8c41a6497eca3f9f80375ef718704a9cebcdcb231878c2,[VIRTUAL]1 x Keyblade Flourish for 300 MtxCurrency,300,300,0,0.0,0,2026-09-17T00:00:00Z,2026-10-01T23:59:59.999Z,1,0,-3,KingdomHearts,Kingdom Hearts,193,tileGrid,Size_1_x_1,,0,,1,br,EID_SpireTend,Keyblade Flourish,emote,gaminglegends,Gaming Legends Series,Kingdom Hearts,7,4,2026-09-17T08:00:00Z
2026-10-01,v2:/1f96f688832e846cd1ba28ed8a320b295e78b2c08ad5ffc43084c9bf6a4d83ba,"[VIRTUAL]1 x Golden Zoey, 1 x HUNTR/X Light Stick, 1 x Golden Mira, 1 x HUNTR/X Logo, 1 x Popcorn Tears, 1 x Battle of the Bows, 1 x Ancient Hunter's Gak-gung, 1 x Ancient Hunter's Seok-jang for -1 MtxCurrency",4600,2500,2100,0.4565,1,2026-09-27T00:00:00Z,2026-10-01T23:59:59.999Z,1,0,-3,Kpop2Newest,KPop Demon Hunters,183,tileGrid,Size_1_x_1,,1,Zoey & Mira Bundle,8,br,Character_HybridBoot,Golden Zoey,outfit,icon,Icon Series,KPop Demon Hunters,7,1,2026-02-05T15:01:36Z
2026-10-01,v2:/1f96f688832e846cd1ba28ed8a320b295e78b2c08ad5ffc43084c9bf6a4d83ba,"[VIRTUAL]1 x Golden Zoey, 1 x HUNTR/X Light Stick, 1 x Golden Mira, 1 x HUNTR/X Logo, 1 x Popcorn Tears, 1 x Battle of the Bows, 1 x Ancient Hunter's Gak-gung, 1 x Ancient Hunter's Seok-jang for -1 MtxCurrency",4600,2500,2100,0.4565,1,2026-09-27T00:00:00Z,2026-10-01T23:59:59.999Z,1,0,-3,Kpop2Newest,KPop Demon Hunters,183,tileGrid,Size_1_x_1,,1,Zoey & Mira Bundle,8,br,Backpack_HybridBoot,HUNTR/X Light Stick,backpack,icon,Icon Series,KPop Demon Hunters,7,1,2026-02-05T15:01:36Z
2026-10-01,v2:/1f96f688832e846cd1ba28ed8a320b295e78b2c08ad5ffc43084c9bf6a4d83ba,"[VIRTUAL]1 x Golden Zoey, 1 x HUNTR/X Light Stick, 1 x Golden Mira, 1 x HUNTR/X Logo, 1 x Popcorn Tears, 1 x Battle of the Bows, 1 x Ancient Hunter's Gak-gung, 1 x Ancient Hunter's Seok-jang for -1 MtxCurrency",4600,2500,2100,0.4565,1,2026-09-27T00:00:00Z,2026-10-01T23:59:59.999Z,1,0,-3,Kpop2Newest,KPop Demon Hunters,183,tileGrid,Size_1_x_1,,1,Zoey & Mira Bundle,8,br,Character_LowerDrop,Golden Mira,outfit,icon,Icon Series,KPop Demon Hunters,7,1,2026-02-05T15:01:36Z
2026-10-01,v2:/1f96f688832e846cd1ba28ed8a320b295e78b2c08ad5ffc43084c9bf6a4d83ba,"[VIRTUAL]1 x Golden Zoey, 1 x HUNTR/X Light Stick, 1 x Golden Mira, 1 x HUNTR/X Logo, 1 x Popcorn Tears, 1 x Battle of the Bows, 1 x Ancient Hunter's Gak-gung, 1 x Ancient Hunter's Seok-jang for -1 MtxCurrency",4600,2500,2100,0.4565,1,2026-09-27T00:00:00Z,2026-10-01T23:59:59.999Z,1,0,-3,Kpop2Newest,KPop Demon Hunters,183,tileGrid,Size_1_x_1,,1,Zoey & Mira Bundle,8,br,Backpack_LowerDrop,HUNTR/X Logo,backpack,icon,Icon Series,KPop Demon Hunters,7,1,2026-02-05T15:01:36Z
2026-10-01,v2:/1f96f688832e846cd1ba28ed8a320b295e78b2c08ad5ffc43084c9bf6a4d83ba,"[VIRTUAL]1 x Golden Zoey, 1 x HUNTR/X Light Stick, 1 x Golden Mira, 1 x HUNTR/X Logo, 1 x Popcorn Tears, 1 x Battle of the Bows, 1 x Ancient Hunter's Gak-gung, 1 x Ancient Hunter's Seok-jang for -1 MtxCurrency",4600,2500,2100,0.4565,1,2026-09-27T00:00:00Z,2026-10-01T23:59:59.999Z,1,0,-3,Kpop2Newest,KPop Demon Hunters,183,tileGrid,Size_1_x_1,,1,Zoey & Mira Bundle,8,br,EID_BountyPond,Popcorn Tears,emote,icon,Icon Series,KPop Demon Hunters,7,1,2026-02-05T15:01:36Z
2026-10-01,v2:/1f96f688832e846cd1ba28ed8a320b295e78b2c08ad5ffc43084c9bf6a4d83ba,"[VIRTUAL]1 x Golden Zoey, 1 x HUNTR/X Light Stick, 1 x Golden Mira, 1 x HUNTR/X Logo, 1 x Popcorn Tears, 1 x Battle of the Bows, 1 x Ancient Hunter's Gak-gung, 1 x Ancient Hunter's Seok-jang for -1 MtxCurrency",4600,2500,2100,0.4565,1,2026-09-27T00:00:00Z,2026-10-01T23:59:59.999Z,1,0,-3,Kpop2Newest,KPop Demon Hunters,183,tileGrid,Size_1_x_1,,1,Zoey & Mira Bundle,8,br,EID_TurnVortex,Battle of the Bows,emote,icon,Icon Series,KPop Demon Hunters,7,1,2026-02-05T15:01:36Z
2026-10-01,v2:/1f96f688832e846cd1ba28ed8a320b295e78b2c08ad5ffc43084c9bf6a4d83ba,"[VIRTUAL]1 x Golden Zoey, 1 x HUNTR/X Light Stick, 1 x Golden Mira, 1 x HUNTR/X Logo, 1 x Popcorn Tears, 1 x Battle of the Bows, 1 x Ancient Hunter's Gak-gung, 1 x Ancient Hunter's Seok-jang for -1 MtxCurrency",4600,2500,2100,0.4565,1,2026-09-27T00:00:00Z,2026-10-01T23:59:59.999Z,1,0,-3,Kpop2Newest,KPop Demon Hunters,183,tileGrid,Size_1_x_1,,1,Zoey & Mira Bundle,8,br,Pickaxe_HybridBoot,Ancient Hunter's Gak-gung,pickaxe,icon,Icon Series,KPop Demon Hunters,7,1,2026-02-05T15:01:36Z
2026-10-01,v2:/1f96f688832e846cd1ba28ed8a320b295e78b2c08ad5ffc43084c9bf6a4d83ba,"[VIRTUAL]1 x Golden Zoey, 1 x HUNTR/X Light Stick, 1 x Golden Mira, 1 x HUNTR/X Logo, 1 x Popcorn Tears, 1 x Battle of the Bows, 1 x Ancient Hunter's Gak-gung, 1 x Ancient Hunter's Seok-jang for -1 MtxCurrency",4600,2500,2100,0.4565,1,2026-09-27T00:00:00Z,2026-10-01T23:59:59.999Z,1,0,-3,Kpop2Newest,KPop Demon Hunters,183,tileGrid,Size_1_x_1,,1,Zoey & Mira Bundle,8,br,Pickaxe_LowerDrop,Ancient Hunter's Seok-jang,pickaxe,icon,Icon Series,KPop Demon Hunters,7,1,2026-02-05T15:01:36Z
2026-10-01,v2:/e540dc29a50afd50c25aa8dc5677bcfd90b8f465ca4764719577272bc4e6ea88,[VIRTUAL]1 x BOO! for 300 MtxCurrency,300,300,0,0.0,0,2026-09-28T00:00:00Z,2026-10-01T23:59:59.999Z,1,0,-1,,,,,Size_2_x_1,,0,,1,br,EID_BurntBagel,BOO!,emote,uncommon,,The Pumpkin King,5,4,2024-10-12T06:22:57Z
2026-10-01,v2:/7e6617519885358b63d9804aa1f298482bd1400702bf02cd2df7c67bdbbaca93,[VIRTUAL]1 x Rad Rat for 1200 MtxCurrency,1200,1200,0,0.0,0,2026-09-29T00:00:00Z,2026-10-05T23:59:59.999Z,1,0,-1,FND100126,Front Page,187,tileGrid,Size_1_x_1,,0,,1,br,Companion_NibbleMoss,Rad Rat,sidekick,uncommon,,Totally Rat-ical,7,4,2026-09-17T16:17:14Z
2026-10-01,v2:/ad4148234379f28a2cc6b154d3a500fdb86f8b8ee69f183c7913982ce216119d,[VIRTUAL]1 x B.R.U.T.E. Gunner for 800 MtxCurrency,800,800,0,0.0,0,2026-09-29T00:00:00Z,2026-10-05T23:59:59.999Z,1,0,-3,NS092926,No Sweat,186,tileGrid,Size_1_x_1,,0,,1,br,CID_495_Athena_Commando_F_MechPilotShark,B.R.U.T.E. Gunner,outfit,uncommon,,B.R.U.T.E. Squad,1,X,2019-11-20T12:49:52Z
2026-10-01,v2:/7136ee2fa1f8fd63cc07d7deaf02e159a3f02dcee23dea154791d2c5ef3c3061,[VIRTUAL]1 x Would? for 500 MtxCurrency,500,500,0,0.0,0,2026-10-01T00:00:00Z,2026-10-31T23:59:59.999Z,1,0,-25,JT100126,Jam Tracks,179,expandableList,Size_1_x_1,,0,,1,track,sid_placeholder_224,Would?,,,,,,,2024-07-26T00:00:00Z
2026-10-01,v2:/fd9ffc9e64042fd812694eb36725191578d9eac7774f3bcd98e27f2447822816,[VIRTUAL]1 x Ark'ana for 1200 MtxCurrency,1200,1200,0,0.0,0,2026-09-27T00:00:00Z,2026-10-03T23:59:59.999Z,1,0,-4,FND100126,Front Page,187,tileGrid,Size_1_x_1,,0,,1,br,Character_OmegaAngel,Ark'ana,outfit,epic,,Wings of Anarchy,6,2,2025-02-21T12:17:00Z
2026-10-01,v2:/30ee451b70c2afab5d9e3651a6bdf7e61fb38eeb764ac5bf149a23b061816124,[VIRTUAL]1 x Mookie & Maple Plushies for 500 MtxCurrency,500,500,0,0.0,0,2026-09-25T00:00:00Z,2026-10-04T23:59:59.999Z,1,0,-3,MadisonBeer,Madison Beer,194,tileGrid,Size_1_x_1,,0,,1,br,Backpack_MistTycoonHike,Mookie & Maple Plushies,backpack,icon,Icon Series,Madison Beer,7,4,2026-09-23T16:31:22Z
2026-10-01,v2:/39744e635d37cb76f3d276a3a65ca86a1ce00524070a645e1850e5ec8ea5aaca,[VIRTUAL]1 x Ryker for 1200 MtxCurrency,1200,1200,0,0.0,0,2026-09-29T00:00:00Z,2026-10-05T23:59:59.999Z,1,0,-5,FND100126,Front Page,187,tileGrid,Size_1_x_1,Ryker gets graffiti outline on eliminations!,0,,1,br,Character_LoneDice,Ryker,outfit,epic,,18K,6,2,2025-03-11T08:32:47Z
2026-10-01,v2:/e6207ab88d2e63fc052e018cf7782c63f5a344080dd523c3805f8c9e714d89b8,[VIRTUAL]1 x Bittersweet for 500 MtxCurrency,500,500,0,0.0,0,2026-09-25T00:00:00Z,2026-10-04T23:59:59.999Z,1,0,-1,MadisonBeer,Madison Beer,194,tileGrid,Size_1_x_1,,0,,1,br,EID_MistTycoonLife,Bittersweet,emote,icon,Icon Series,Madison Beer,7,4,2026-09-23T16:31:22Z
2026-10-01,v2:/e460f2f049e452cb3da7a14731be1e5071b88f3e49feb18673e9a301097f3775,[VIRTUAL]1 x Worm's Wort for 400 MtxCurrency,400,400,0,0.0,0,2026-09-28T00:00:00Z,2026-10-01T23:59:59.999Z,1,0,-1,,,,,Size_2_x_1,,0,,1,br,Backpack_HayBrush,Worm's Wort,backpack,rare,,Sewn Sally,5,4,2024-10-12T06:22:57Z
2026-10-01,v2:/40b642e694c609eb4f31240e009aa1e10905d326b8eefb638abfe84450aecf90,[VIRTUAL]1 x Rain On Me for 500 MtxCurrency,500,500,0,0.0,0,2026-10-01T00:00:00Z,2026-10-31T23:59:59.999Z,1,0,-66,JT100126,Jam Tracks,179,expandableList,Size_1_x_1,,0,,1,track,sid_placeholder_145,Rain On Me,,,,,,,2024-02-22T09:00:00Z
2026-10-01,v2:/fbd48c77d32077fd6027087aa71bd16f48ac0fbd39d0bbed75b69b07ee5b0126,[VIRTUAL]1 x Wrong Turn for 200 MtxCurrency,200,200,0,0.0,0,2026-09-29T00:00:00Z,2026-10-05T23:59:59.999Z,1,0,-1,,,,,Size_1_x_1,,0,,1,br,BID_549_Dummeez,Wrong Turn,backpack,rare,,Dummy Brigade,2,3,2020-07-21T08:17:24Z
2026-10-01,v2:/e71874b0ad762abd299c2aa12f90ac230c7fccb133987310f5d652c54b74b85a,[VIRTUAL]1 x Lowridin' Wheelies for 600 MtxCurrency,600,600,0,0.0,0,2026-09-28T00:00:00Z,2026-10-04T23:59:59.999Z,1,0,-3,BR100126,Fit Check,185,tileGrid,Size_1_x_1,,0,,1,br,Shoes_ChromeBounce,Lowridin' Wheelies,shoe,uncommon,,,7,1,2025-12-02T00:00:00Z
2026-10-01,v2:/1751c8c3789945dc2d39cec3fed4fa0cb822802d81d99f164e0253580705c857,[VIRTUAL]1 x Heartbreaker for 500 MtxCurrency,500,500,0,0.0,0,2026-10-01T00:00:00Z,2026-10-31T23:59:59.999Z,1,0,-37,JT100126,Jam Tracks,179,expandableList,Size_1_x_1,,0,,1,track,sid_placeholder_83,Heartbreaker,,,,,,,2023-12-21T00:00:00Z
2026-10-01,v2:/175fc1f605571533d8ee08043e226afd7d37f02bf65f87e622343196c0a5d11e,[VIRTUAL]1 x Sabotage for 500 MtxCurrency,500,500,0,0.0,0,2026-10-01T00:00:00Z,2026-10-31T23:59:59.999Z,1,0,-95,JT100126,Jam Tracks,179,expandableList,Size_1_x_1,,0,,1,track,sid_placeholder_214,Sabotage,,,,,,,2024-06-06T13:32:50Z
2026-10-01,v2:/fbf5e605033c367ac9e93c1e60e9f91920386a1555769b264c61be814889d29e,[VIRTUAL]1 x TBD (SID_Placeholder_179) for 500 MtxCurrency,500,500,0,0.0,0,2026-09-25T00:00:00Z,2026-10-01T23:59:59.999Z,1,0,-4,JT100126,Jam Tracks,179,tileGrid,Size_1_x_1,,0,,1,track,sid_placeholder_179,Yoru Ni Kakeru,,,,,,,2025-02-06T21:54:35Z
2026-10-01,v2:/4e9167854c7856be6b529f44c413256dd897b7251eb10fe4d6ce118ee9e0787c,[VIRTUAL]1 x Mine for 500 MtxCurrency,500,500,0,0.0,0,2026-09-25T00:00:00Z,2026-10-04T23:59:59.999Z,1,0,-2,MadisonBeer,Madison Beer,194,tileGrid,Size_1_x_1,,0,,1,br,EID_Melody,Mine,emote,icon,Icon Series,,5,3,2024-07-24T00:00:00Z
2026-10-01,v2:/21c9b5cdca609bc02453c26e42f6860d280046c6978329a1d78d42410f3a8d38,"[VIRTUAL]1 x Mogul Master, 1 x Mogul Ski Bag for -1 MtxCurrency",1500,1500,0,0.0,0,2026-09-29T00:00:00Z,2026-10-05T23:59:59.999Z,1,0,-1,NS092926,No Sweat,186,tileGrid,Size_1_x_1,,0,,2,br,CID_061_Athena_Commando_F_SkiGirl,Mogul Master,outfit,epic,,Winter Ski,1,2,2019-11-20T12:50:28Z
2026-10-01,v2:/21c9b5cdca609bc02453c26e42f6860d280046c6978329a1d78d42410f3a8d38,"[VIRTUAL]1 x Mogul Master, 1 x Mogul Ski Bag for -1 MtxCurrency",1500,1500,0,0.0,0,2026-09-29T00:00:00Z,2026-10-05T23:59:59.999Z,1,0,-1,NS092926,No Sweat,186,tileGrid,Size_1_x_1,,0,,2,br,BID_014_SkiGirl,Mogul Ski Bag,backpack,epic,,Winter Ski,1,3,2019-11-20T12:50:41Z
2026-10-01,v2:/1bee676a812b97374531af19fe89d4c9a5b42df10cb2da92e59bbd9ac8e79539,[VIRTUAL]1 x Go With The Flow for 500 MtxCurrency,500,500,0,0.0,0,2026-10-01T00:00:00Z,2026-10-31T23:59:59.999Z,1,0,-45,JT100126,Jam Tracks,179,expandableList,Size_1_x_1,,0,,1,track,sid_placeholder_84,Go With The Flow,,,,,,,2023-12-13T00:00:00Z
2026-10-01,v2:/fc6965f41addabda7cfc897b6126dd26de8b36c0b23b44fbaf9da4771ded5a1c,[VIRTUAL]1 x Battle of the Bows for 300 MtxCurrency,300,300,0,0.0,0,2026-09-27T00:00:00Z,2026-10-01T23:59:59.999Z,1,0,-5,Kpop2Newest,KPop Demon Hunters,183,tileGrid,Size_1_x_1,,0,,1,br,EID_TurnVortex,Battle of the Bows,emote,icon,Icon Series,KPop Demon Hunters,7,1,2026-02-05T15:01:36Z
2026-10-01,v2:/c7523de2b8194a426beb607d9d2acd970050f5ec7dedd604bfb369cb9e38a31b,"[VIRTUAL]1 x Blaze, 1 x Firestarter for -1 MtxCurrency",1500,1500,0,0.0,0,2026-09-29T00:00:00Z,2026-10-05T23:59:59.999Z,1,0,-3,NS092926,No Sweat,186,tileGrid,Size_1_x_1,,0,,2,br,CID_784_Athena_Commando_F_RenegadeRaiderFire,Blaze,outfit,lava,Lava Series,Renegade Flame,2,3,2020-06-28T00:00:00Z
2026-10-01,v2:/c7523de2b8194a426beb607d9d2acd970050f5ec7dedd604bfb369cb9e38a31b,"[VIRTUAL]1 x Blaze, 1 x Firestarter for -1 MtxCurrency",1500,1500,0,0.0,0,2026-09-29T00:00:00Z,2026-10-05T23:59:59.999Z,1,0,-3,NS092926,No Sweat,186,tileGrid,Size_1_x_1,,0,,2,br,BID_545_RenegadeRaiderFire,Firestarter,backpack,lava,Lava Series,Renegade Flame,2,3,2020-06-28T00:00:00Z
2026-10-01,v2:/c793d6e78aeb4c9e70e691b661fd0ad195d28522c373bd79b32931f1fc65e962,"[VIRTUAL]1 x Jack Skellington, 1 x Zero for -1 MtxCurrency",1500,1500,0,0.0,0,2026-09-28T00:00:00Z,2026-10-01T23:59:59.999Z,1,0,-1,KHNightmare1,Disney,192,tileGrid,Size_1_x_1,Built-in emote!,0,,2,br,Character_PrivateJet,Jack Skellington,outfit,epic,,The Pumpkin King,4,4,2023-10-10T11:59:07Z
2026-10-01,v2:/c793d6e78aeb4c9e70e691b661fd0ad195d28522c373bd79b32931f1fc65e962,"[VIRTUAL]1 x Jack Skellington, 1 x Zero for -1 MtxCurrency",1500,1500,0,0.0,0,2026-09-28T00:00:00Z,2026-10-01T23:59:59.999Z,1,0,-1,KHNightmare1,Disney,192,tileGrid,Size_1_x_1,Built-in emote!,0,,2,br,Backpack_PrivateJet,Zero,backpack,epic,,The Pumpkin King,4,4,2023-10-10T11:59:07Z
2026-10-01,v2:/286aa1ddb38e6a9a5dedfb0a406294dfa4dd07deeda15d1c7e768bf186d1265b,"[VIRTUAL]1 x Jinu, 1 x Sussie, 1 x Golden Rumi, 1 x Kimbap To Go, 1 x Saja Boys Light Stick, 1 x Ancient Hunter's Ssang-geum for -1 MtxCurrency",4000,2500,1500,0.375,1,2026-09-27T00:00:00Z,2026-10-01T23:59:59.999Z,1,0,-1,Kpop2Newest,KPop Demon Hunters,183,tileGrid,Size_1_x_1,,1,Rumi & Jinu Bundle,6,br,Character_BountyPond,Jinu,outfit,icon,Icon Series,KPop Demon Hunters,7,1,2026-02-05T15:01:36Z
2026-10-01,v2:/286aa1ddb38e6a9a5dedfb0a406294dfa4dd07deeda15d1c7e768bf186d1265b,"[VIRTUAL]1 x Jinu, 1 x Sussie, 1 x Golden Rumi, 1 x Kimbap To Go, 1 x Saja Boys Light Stick, 1 x Ancient Hunter's Ssang-geum for -1 MtxCurrency",4000,2500,1500,0.375,1,2026-09-27T00:00:00Z,2026-10-01T23:59:59.999Z,1,0,-1,Kpop2Newest,KPop Demon Hunters,183,tileGrid,Size_1_x_1,,1,Rumi & Jinu Bundle,6,br,Backpack_BountyPond,Sussie,backpack,icon,Icon Series,KPop Demon Hunters,7,1,2026-02-05T15:01:36Z
2026-10-01,v2:/286aa1ddb38e6a9a5dedfb0a406294dfa4dd07deeda15d1c7e768bf186d1265b,"[VIRTUAL]1 x Jinu, 1 x Sussie, 1 x Golden Rumi, 1 x Kimbap To Go, 1 x Saja Boys Light Stick, 1 x Ancient Hunter's Ssang-geum for -1 MtxCurrency",4000,2500,1500,0.375,1,2026-09-27T00:00:00Z,2026-10-01T23:59:59.999Z,1,0,-1,Kpop2Newest,KPop Demon Hunters,183,tileGrid,Size_1_x_1,,1,Rumi & Jinu Bundle,6,br,Character_TurnVortex,Golden Rumi,outfit,icon,Icon Series,KPop Demon Hunters,7,1,2026-02-05T15:01:36Z
2026-10-01,v2:/286aa1ddb38e6a9a5dedfb0a406294dfa4dd07deeda15d1c7e768bf186d1265b,"[VIRTUAL]1 x Jinu, 1 x Sussie, 1 x Golden Rumi, 1 x Kimbap To Go, 1 x Saja Boys Light Stick, 1 x Ancient Hunter's Ssang-geum for -1 MtxCurrency",4000,2500,1500,0.375,1,2026-09-27T00:00:00Z,2026-10-01T23:59:59.999Z,1,0,-1,Kpop2Newest,KPop Demon Hunters,183,tileGrid,Size_1_x_1,,1,Rumi & Jinu Bundle,6,br,Backpack_TurnVortex,Kimbap To Go,backpack,icon,Icon Series,KPop Demon Hunters,7,1,2026-02-05T15:01:36Z
2026-10-01,v2:/286aa1ddb38e6a9a5dedfb0a406294dfa4dd07deeda15d1c7e768bf186d1265b,"[VIRTUAL]1 x Jinu, 1 x Sussie, 1 x Golden Rumi, 1 x Kimbap To Go, 1 x Saja Boys Light Stick, 1 x Ancient Hunter's Ssang-geum for -1 MtxCurrency",4000,2500,1500,0.375,1,2026-09-27T00:00:00Z,2026-10-01T23:59:59.999Z,1,0,-1,Kpop2Newest,KPop Demon Hunters,183,tileGrid,Size_1_x_1,,1,Rumi & Jinu Bundle,6,br,Pickaxe_BountyPond,Saja Boys Light Stick,pickaxe,icon,Icon Series,KPop Demon Hunters,7,1,2026-02-05T15:01:36Z
2026-10-01,v2:/286aa1ddb38e6a9a5dedfb0a406294dfa4dd07deeda15d1c7e768bf186d1265b,"[VIRTUAL]1 x Jinu, 1 x Sussie, 1 x Golden Rumi, 1 x Kimbap To Go, 1 x Saja Boys Light Stick, 1 x Ancient Hunter's Ssang-geum for -1 MtxCurrency",4000,2500,1500,0.375,1,2026-09-27T00:00:00Z,2026-10-01T23:59:59.999Z,1,0,-1,Kpop2Newest,KPop Demon Hunters,183,tileGrid,Size_1_x_1,,1,Rumi & Jinu Bundle,6,br,Pickaxe_TurnVortex,Ancient Hunter's Ssang-geum,pickaxe,icon,Icon Series,KPop Demon Hunters,7,1,2026-02-05T15:01:36Z
2026-10-01,v2:/66c91508d88ad11129ec201719190c0273641947c9e6755daf86a69c33d366ee,[VIRTUAL]1 x The Middle for 500 MtxCurrency,500,500,0,0.0,0,2026-10-01T00:00:00Z,2026-10-31T23:59:59.999Z,1,0,-49,JT100126,Jam Tracks,179,expandableList,Size_1_x_1,,0,,1,track,sid_placeholder_106,The Middle,,,,,,,2024-03-14T03:43:45Z
2026-10-01,v2:/b5a8f75d7187367c68ca93067deb99a23c28e035832f478767f794e73ae3f1cf,[VIRTUAL]1 x Madison's Angel Wings for 500 MtxCurrency,500,500,0,0.0,0,2026-09-25T00:00:00Z,2026-10-04T23:59:59.999Z,1,0,-3,MadisonBeer,Madison Beer,194,tileGrid,Size_1_x_1,,0,,1,br,Backpack_MistTycoonLife,Madison's Angel Wings,backpack,icon,Icon Series,Madison Beer,7,4,2026-09-23T16:31:22Z
2026-10-01,v2:/a158233c2b78048d702be5481c7047d96d42d38f44350f4e3ec5cbc279938406,[VIRTUAL]1 x Nike Air Baltoro for 800 MtxCurrency,800,800,0,0.0,0,2026-09-28T00:00:00Z,2026-10-04T23:59:59.999Z,1,0,-3,BR100126,Fit Check,185,tileGrid,Size_1_x_1,,0,,1,br,Shoes_UmamiGlintOchre,Nike Air Baltoro,shoe,uncommon,,NIKE Shoes,6,2,2025-02-23T00:00:00Z
2026-10-01,v2:/1685f6bd629fa67772792821768df62694d9b228aff82a7ad890f8b33af54c69,[VIRTUAL]1 x Somebody Told Me for 500 MtxCurrency,500,500,0,0.0,0,2026-10-01T00:00:00Z,2026-10-31T23:59:59.999Z,1,0,-52,JT100126,Jam Tracks,179,expandableList,Size_1_x_1,,0,,1,track,sid_placeholder_339,Somebody Told Me,,,,,,,2024-10-17T13:33:26Z
2026-10-01,v2:/aa7f6afc4103ed9feca3abc08008f6bae1cc47f460ef7841f6799f452c2da723,[VIRTUAL]1 x Fission Blade for 500 MtxCurrency,500,500,0,0.0,0,2026-09-29T00:00:00Z,2026-10-05T23:59:59.999Z,1,0,-3,FND100126,Front Page,187,tileGrid,Size_1_x_1,,0,,1,br,Pickaxe_ToxicStorm,Fission Blade,pickaxe,rare,,Nuclear Fusion,6,2,2025-03-25T17:24:52Z
2026-10-01,v2:/de1abf7856e13c660f1dab861560c19c50c3e4220a5b7c00f9cdb0fd27eeff14,[VIRTUAL]1 x Street Striker for 1200 MtxCurrency,1200,1200,0,0.0,0,2026-09-28T00:00:00Z,2026-10-01T23:59:59.999Z,1,0,-4,BR100126,Fit Check,185,tileGrid,Size_1_x_1,,0,,1,br,CID_541_Athena_Commando_M_GraffitiGold,Street Striker,outfit,rare,,,1,X,2019-11-20T12:49:49Z
2026-10-01,v2:/dbc24d489619ace59ae6efa074d320447030f0727e4d03f882b6efba13052ec1,[VIRTUAL]1 x Morgana Slippers for 1000 MtxCurrency,1000,1000,0,0.0,0,2026-09-26T00:00:00Z,2026-10-05T23:59:59.999Z,1,0,-4,Persona5,Persona 5 Royal,191,tileGrid,Size_1_x_1,,0,,1,br,Shoes_Cosmictrelliswand,Morgana Slippers,shoe,gaminglegends,Gaming Legends Series,Persona 5 Royal,7,4,2026-09-17T16:17:14Z
2026-10-01,v2:/67f8bec431854caff71eaaa5045784c65912f4fefc56f5f8c0857b864bad6a68,[VIRTUAL]1 x Guandao for 800 MtxCurrency,800,800,0,0.0,0,2026-09-27T00:00:00Z,2026-10-03T23:59:59.999Z,1,0,-3,FND100126,Front Page,187,tileGrid,Size_1_x_1,,0,,1,br,Pickaxe_ID_112_GuanYu,Guandao,pickaxe,rare,,Guan Yu,1,6,2019-11-20T12:50:55Z
2026-10-01,v2:/d1adcc2b884092797124ed5256371973e3edeb866aa3934a8c96232109f863aa,[VIRTUAL]1 x Signal Hub for 200 MtxCurrency,200,200,0,0.0,0,2026-09-29T00:00:00Z,2026-10-05T23:59:59.999Z,1,0,-4,,,,,Size_1_x_1,,0,,1,br,BID_165_BlueBadassFemale,Signal Hub,backpack,rare,,Waypoint,1,7,2019-11-20T12:50:37Z
2026-10-01,v2:/1de0666edafce7f410d3b96ca67cb9903976a1c2c4d66d9f043d2c03e2477c34,[VIRTUAL]1 x TBD (SID_Placeholder_649) for 500 MtxCurrency,500,500,0,0.0,0,2026-10-01T00:00:00Z,2026-10-31T23:59:59.999Z,1,0,-82,JT100126,Jam Tracks,179,expandableList,Size_1_x_1,,0,,1,track,sid_placeholder_649,Scary Monsters and Nice Sprites,,,,,,,2025-08-13T00:00:00Z
2026-10-01,v2:/2f05a52e3f07f1c335687718fc54822d692aced2cb048b1cfe2afa91337405ef,[VIRTUAL]1 x Dimensional for 500 MtxCurrency,500,500,0,0.0,0,2026-09-28T00:00:00Z,2026-10-01T23:59:59.999Z,1,0,-2,VV093026,Groove Moves,195,tileGrid,Size_1_x_1,,0,,1,br,EID_Dimension,Dimensional,emote,icon,Icon Series,,5,4,2024-10-03T00:00:00Z
2026-10-01,v2:/ba59a25a496d5d6e0256985ad0ab0e0ca36f738c3986b48279082717852bd823,[VIRTUAL]1 x Blank for 400 MtxCurrency,400,400,0,0.0,0,2026-09-17T00:00:00Z,2026-10-01T23:59:59.999Z,1,0,-2,,,,,Size_2_x_1,,0,,1,car,Wheel_OpticOrange01,Gummi Ship,wheel,uncommon,,,,,2026-09-17T08:00:00Z
2026-10-01,v2:/4d1766c9453d5cde45e889f56c163295f052489a4e3d236e928abe03136824b1,"[VIRTUAL]1 x Satin Angel Madison, 1 x Madison's Angel Wings for -1 MtxCurrency",1500,1500,0,0.0,0,2026-09-25T00:00:00Z,2026-10-04T23:59:59.999Z,1,0,-2,MadisonBeer,Madison Beer,194,tileGrid,Size_1_x_1,,0,,2,br,Character_MistTycoonLife,Satin Angel Madison,outfit,icon,Icon Series,Madison Beer,7,4,2026-09-23T16:31:22Z
2026-10-01,v2:/4d1766c9453d5cde45e889f56c163295f052489a4e3d236e928abe03136824b1,"[VIRTUAL]1 x Satin Angel Madison, 1 x Madison's Angel Wings for -1 MtxCurrency",1500,1500,0,0.0,0,2026-09-25T00:00:00Z,2026-10-04T23:59:59.999Z,1,0,-2,MadisonBeer,Madison Beer,194,tileGrid,Size_1_x_1,,0,,2,br,Backpack_MistTycoonLife,Madison's Angel Wings,backpack,icon,Icon Series,Madison Beer,7,4,2026-09-23T16:31:22Z
2026-10-01,v2:/851b5a7c96c908711b9845283b8a3c12fa7b68704b434e1de36e95826ff2d939,[VIRTUAL]1 x Toxic Fusion for 800 MtxCurrency,800,800,0,0.0,0,2026-09-29T00:00:00Z,2026-10-05T23:59:59.999Z,1,0,-2,FND100126,Front Page,187,tileGrid,Size_1_x_1,,0,,1,br,Character_ToxicStorm,Toxic Fusion,outfit,epic,,Nuclear Fusion,6,2,2025-03-25T17:24:52Z
2026-10-01,v2:/d8102d8ba6062b46c838cbc88e31dd752a79f581e5de3a6c174181c55b02da30,[VIRTUAL]1 x (Don't Fear) The Reaper for 500 MtxCurrency,500,500,0,0.0,0,2026-10-01T00:00:00Z,2026-10-08T23:59:59.999Z,1,0,-4,JT100126,Jam Tracks,179,expandableList,Size_1_x_1,,0,,1,track,sid_placeholder_20,(Don't Fear) The Reaper,,,,,,,2024-03-20T00:05:45Z
2026-10-01,v2:/0a7c4d1c71dc4b42b1aa534145f48a8ba26c98a8943e4f3eccf7d5276edd3ce0,"[VIRTUAL]1 x Make You Mine Madison, 1 x Madison's OG Pickaxe, 1 x Satin Angel Madison, 1 x Madison's Angel Wings, 1 x Mookie & Maple Plushies, 1 x Bittersweet, 1 x Yes Baby, 1 x Madison's Mic, 1 x Madison's Mic, 1 x Madison's Mic, 1 x Madison's Glam Wrap, 1 x Rooftop Madison, 1 x TBD (SID_Placeholder_906), 1 x TBD (SID_Placeholder_907) for -1 MtxCurrency",6800,3400,3400,0.5,1,2026-09-25T00:00:00Z,2026-10-04T23:59:59.999Z,1,0,-1,MadisonBeer,Madison Beer,194,billboard,Size_4_x_1,,1,Madison Beer Bundle,14,br,Character_MistTycoonHike,Make You Mine Madison,outfit,icon,Icon Series,Madison Beer,7,4,2026-09-23T16:31:22Z
2026-10-01,v2:/0a7c4d1c71dc4b42b1aa534145f48a8ba26c98a8943e4f3eccf7d5276edd3ce0,"[VIRTUAL]1 x Make You Mine Madison, 1 x Madison's OG Pickaxe, 1 x Satin Angel Madison, 1 x Madison's Angel Wings, 1 x Mookie & Maple Plushies, 1 x Bittersweet, 1 x Yes Baby, 1 x Madison's Mic, 1 x Madison's Mic, 1 x Madison's Mic, 1 x Madison's Glam Wrap, 1 x Rooftop Madison, 1 x TBD (SID_Placeholder_906), 1 x TBD (SID_Placeholder_907) for -1 MtxCurrency",6800,3400,3400,0.5,1,2026-09-25T00:00:00Z,2026-10-04T23:59:59.999Z,1,0,-1,MadisonBeer,Madison Beer,194,billboard,Size_4_x_1,,1,Madison Beer Bundle,14,br,Pickaxe_MistTycoonHike,Madison's OG Pickaxe,pickaxe,icon,Icon Series,Madison Beer,7,4,2026-09-24T13:00:55Z
2026-10-01,v2:/0a7c4d1c71dc4b42b1aa534145f48a8ba26c98a8943e4f3eccf7d5276edd3ce0,"[VIRTUAL]1 x Make You Mine Madison, 1 x Madison's OG Pickaxe, 1 x Satin Angel Madison, 1 x Madison's Angel Wings, 1 x Mookie & Maple Plushies, 1 x Bittersweet, 1 x Yes Baby, 1 x Madison's Mic, 1 x Madison's Mic, 1 x Madison's Mic, 1 x Madison's Glam Wrap, 1 x Rooftop Madison, 1 x TBD (SID_Placeholder_906), 1 x TBD (SID_Placeholder_907) for -1 MtxCurrency",6800,3400,3400,0.5,1,2026-09-25T00:00:00Z,2026-10-04T23:59:59.999Z,1,0,-1,MadisonBeer,Madison Beer,194,billboard,Size_4_x_1,,1,Madison Beer Bundle,14,br,Character_MistTycoonLife,Satin Angel Madison,outfit,icon,Icon Series,Madison Beer,7,4,2026-09-23T16:31:22Z
2026-10-01,v2:/0a7c4d1c71dc4b42b1aa534145f48a8ba26c98a8943e4f3eccf7d5276edd3ce0,"[VIRTUAL]1 x Make You Mine Madison, 1 x Madison's OG Pickaxe, 1 x Satin Angel Madison, 1 x Madison's Angel Wings, 1 x Mookie & Maple Plushies, 1 x Bittersweet, 1 x Yes Baby, 1 x Madison's Mic, 1 x Madison's Mic, 1 x Madison's Mic, 1 x Madison's Glam Wrap, 1 x Rooftop Madison, 1 x TBD (SID_Placeholder_906), 1 x TBD (SID_Placeholder_907) for -1 MtxCurrency",6800,3400,3400,0.5,1,2026-09-25T00:00:00Z,2026-10-04T23:59:59.999Z,1,0,-1,MadisonBeer,Madison Beer,194,billboard,Size_4_x_1,,1,Madison Beer Bundle,14,br,Backpack_MistTycoonLife,Madison's Angel Wings,backpack,icon,Icon Series,Madison Beer,7,4,2026-09-23T16:31:22Z
2026-10-01,v2:/0a7c4d1c71dc4b42b1aa534145f48a8ba26c98a8943e4f3eccf7d5276edd3ce0,"[VIRTUAL]1 x Make You Mine Madison, 1 x Madison's OG Pickaxe, 1 x Satin Angel Madison, 1 x Madison's Angel Wings, 1 x Mookie & Maple Plushies, 1 x Bittersweet, 1 x Yes Baby, 1 x Madison's Mic, 1 x Madison's Mic, 1 x Madison's Mic, 1 x Madison's Glam Wrap, 1 x Rooftop Madison, 1 x TBD (SID_Placeholder_906), 1 x TBD (SID_Placeholder_907) for -1 MtxCurrency",6800,3400,3400,0.5,1,2026-09-25T00:00:00Z,2026-10-04T23:59:59.999Z,1,0,-1,MadisonBeer,Madison Beer,194,billboard,Size_4_x_1,,1,Madison Beer Bundle,14,br,Backpack_MistTycoonHike,Mookie & Maple Plushies,backpack,icon,Icon Series,Madison Beer,7,4,2026-09-23T16:31:22Z
2026-10-01,v2:/0a7c4d1c71dc4b42b1aa534145f48a8ba26c98a8943e4f3eccf7d5276edd3ce0,"[VIRTUAL]1 x Make You Mine Madison, 1 x Madison's OG Pickaxe, 1 x Satin Angel Madison, 1 x Madison's Angel Wings, 1 x Mookie & Maple Plushies, 1 x Bittersweet, 1 x Yes Baby, 1 x Madison's Mic, 1 x Madison's Mic, 1 x Madison's Mic, 1 x Madison's Glam Wrap, 1 x Rooftop Madison, 1 x TBD (SID_Placeholder_906), 1 x TBD (SID_Placeholder_907) for -1 MtxCurrency",6800,3400,3400,0.5,1,2026-09-25T00:00:00Z,2026-10-04T23:59:59.999Z,1,0,-1,MadisonBeer,Madison Beer,194,billboard,Size_4_x_1,,1,Madison Beer Bundle,14,br,EID_MistTycoonLife,Bittersweet,emote,icon,Icon Series,Madison Beer,7,4,2026-09-23T16:31:22Z
2026-10-01,v2:/0a7c4d1c71dc4b42b1aa534145f48a8ba26c98a8943e4f3eccf7d5276edd3ce0,"[VIRTUAL]1 x Make You Mine Madison, 1 x Madison's OG Pickaxe, 1 x Satin Angel Madison, 1 x Madison's Angel Wings, 1 x Mookie & Maple Plushies, 1 x Bittersweet, 1 x Yes Baby, 1 x Madison's Mic, 1 x Madison's Mic, 1 x Madison's Mic, 1 x Madison's Glam Wrap, 1 x Rooftop Madison, 1 x TBD (SID_Placeholder_906), 1 x TBD (SID_Placeholder_907) for -1 MtxCurrency",6800,3400,3400,0.5,1,2026-09-25T00:00:00Z,2026-10-04T23:59:59.999Z,1,0,-1,MadisonBeer,Madison Beer,194,billboard,Size_4_x_1,,1,Madison Beer Bundle,14,br,EID_MistTycoonHike,Yes Baby,emote,icon,Icon Series,Madison Beer,7,4,2026-09-23T16:31:22Z
2026-10-01,v2:/0a7c4d1c71dc4b42b1aa534145f48a8ba26c98a8943e4f3eccf7d5276edd3ce0,"[VIRTUAL]1 x Make You Mine Madison, 1 x Madison's OG Pickaxe, 1 x Satin Angel Madison, 1 x Madison's Angel Wings, 1 x Mookie & Maple Plushies, 1 x Bittersweet, 1 x Yes Baby, 1 x Madison's Mic, 1 x Madison's Mic, 1 x Madison's Mic, 1 x Madison's Glam Wrap, 1 x Rooftop Madison, 1 x TBD (SID_Placeholder_906), 1 x TBD (SID_Placeholder_907) for -1 MtxCurrency",6800,3400,3400,0.5,1,2026-09-25T00:00:00Z,2026-10-04T23:59:59.999Z,1,0,-1,MadisonBeer,Madison Beer,194,billboard,Size_4_x_1,,1,Madison Beer Bundle,14,br,Pickaxe_MistTycoon_Mic,Madison's Mic,pickaxe,icon,Icon Series,Madison Beer,7,4,2026-09-24T13:00:55Z
2026-10-01,v2:/0a7c4d1c71dc4b42b1aa534145f48a8ba26c98a8943e4f3eccf7d5276edd3ce0,"[VIRTUAL]1 x Make You Mine Madison, 1 x Madison's OG Pickaxe, 1 x Satin Angel Madison, 1 x Madison's Angel Wings, 1 x Mookie & Maple Plushies, 1 x Bittersweet, 1 x Yes Baby, 1 x Madison's Mic, 1 x Madison's Mic, 1 x Madison's Mic, 1 x Madison's Glam Wrap, 1 x Rooftop Madison, 1 x TBD (SID_Placeholder_906), 1 x TBD (SID_Placeholder_907) for -1 MtxCurrency",6800,3400,3400,0.5,1,2026-09-25T00:00:00Z,2026-10-04T23:59:59.999Z,1,0,-1,MadisonBeer,Madison Beer,194,billboard,Size_4_x_1,,1,Madison Beer Bundle,14,br,Backpack_MistTycoon_Mic,Madison's Mic,backpack,icon,Icon Series,Madison Beer,7,4,2026-09-24T13:00:55Z
2026-10-01,v2:/0a7c4d1c71dc4b42b1aa534145f48a8ba26c98a8943e4f3eccf7d5276edd3ce0,"[VIRTUAL]1 x Make You Mine Madison, 1 x Madison's OG Pickaxe, 1 x Satin Angel Madison, 1 x Madison's Angel Wings, 1 x Mookie & Maple Plushies, 1 x Bittersweet, 1 x Yes Baby, 1 x Madison's Mic, 1 x Madison's Mic, 1 x Madison's Mic, 1 x Madison's Glam Wrap, 1 x Rooftop Madison, 1 x TBD (SID_Placeholder_906), 1 x TBD (SID_Placeholder_907) for -1 MtxCurrency",6800,3400,3400,0.5,1,2026-09-25T00:00:00Z,2026-10-04T23:59:59.999Z,1,0,-1,MadisonBeer,Madison Beer,194,billboard,Size_4_x_1,,1,Madison Beer Bundle,14,br,Wrap_MistTycoon,Madison's Glam Wrap,wrap,icon,Icon Series,Madison Beer,7,4,2026-09-24T13:00:55Z
2026-10-01,v2:/0a7c4d1c71dc4b42b1aa534145f48a8ba26c98a8943e4f3eccf7d5276edd3ce0,"[VIRTUAL]1 x Make You Mine Madison, 1 x Madison's OG Pickaxe, 1 x Satin Angel Madison, 1 x Madison's Angel Wings, 1 x Mookie & Maple Plushies, 1 x Bittersweet, 1 x Yes Baby, 1 x Madison's Mic, 1 x Madison's Mic, 1 x Madison's Mic, 1 x Madison's Glam Wrap, 1 x Rooftop Madison, 1 x TBD (SID_Placeholder_906), 1 x TBD (SID_Placeholder_907) for -1 MtxCurrency",6800,3400,3400,0.5,1,2026-09-25T00:00:00Z,2026-10-04T23:59:59.999Z,1,0,-1,MadisonBeer,Madison Beer,194,billboard,Size_4_x_1,,1,Madison Beer Bundle,14,br,LoadingScreen_MistTycoonKeyArt,Rooftop Madison,loadingscreen,icon,Icon Series,Madison Beer,7,4,2026-09-24T13:00:55Z
2026-10-01,v2:/0a7c4d1c71dc4b42b1aa534145f48a8ba26c98a8943e4f3eccf7d5276edd3ce0,"[VIRTUAL]1 x Make You Mine Madison, 1 x Madison's OG Pickaxe, 1 x Satin Angel Madison, 1 x Madison's Angel Wings, 1 x Mookie & Maple Plushies, 1 x Bittersweet, 1 x Yes Baby, 1 x Madison's Mic, 1 x Madison's Mic, 1 x Madison's Mic, 1 x Madison's Glam Wrap, 1 x Rooftop Madison, 1 x TBD (SID_Placeholder_906), 1 x TBD (SID_Placeholder_907) for -1 MtxCurrency",6800,3400,3400,0.5,1,2026-09-25T00:00:00Z,2026-10-04T23:59:59.999Z,1,0,-1,MadisonBeer,Madison Beer,194,billboard,Size_4_x_1,,1,Madison Beer Bundle,14,track,sid_placeholder_906,yes baby,,,,,,,2026-09-23T18:01:04Z
2026-10-01,v2:/0a7c4d1c71dc4b42b1aa534145f48a8ba26c98a8943e4f3eccf7d5276edd3ce0,"[VIRTUAL]1 x Make You Mine Madison, 1 x Madison's OG Pickaxe, 1 x Satin Angel Madison, 1 x Madison's Angel Wings, 1 x Mookie & Maple Plushies, 1 x Bittersweet, 1 x Yes Baby, 1 x Madison's Mic, 1 x Madison's Mic, 1 x Madison's Mic, 1 x Madison's Glam Wrap, 1 x Rooftop Madison, 1 x TBD (SID_Placeholder_906), 1 x TBD (SID_Placeholder_907) for -1 MtxCurrency",6800,3400,3400,0.5,1,2026-09-25T00:00:00Z,2026-10-04T23:59:59.999Z,1,0,-1,MadisonBeer,Madison Beer,194,billboard,Size_4_x_1,,1,Madison Beer Bundle,14,track,sid_placeholder_907,bittersweet,,,,,,,2026-09-23T18:01:04Z
2026-10-01,v2:/0a7c4d1c71dc4b42b1aa534145f48a8ba26c98a8943e4f3eccf7d5276edd3ce0,"[VIRTUAL]1 x Make You Mine Madison, 1 x Madison's OG Pickaxe, 1 x Satin Angel Madison, 1 x Madison's Angel Wings, 1 x Mookie & Maple Plushies, 1 x Bittersweet, 1 x Yes Baby, 1 x Madison's Mic, 1 x Madison's Mic, 1 x Madison's Mic, 1 x Madison's Glam Wrap, 1 x Rooftop Madison, 1 x TBD (SID_Placeholder_906), 1 x TBD (SID_Placeholder_907) for -1 MtxCurrency",6800,3400,3400,0.5,1,2026-09-25T00:00:00Z,2026-10-04T23:59:59.999Z,1,0,-1,MadisonBeer,Madison Beer,194,billboard,Size_4_x_1,,1,Madison Beer Bundle,14,instrument,Sparks_MistTycoon_Mic,Madison's Mic,mic,icon,Icon Series,,,,2026-09-24T13:00:55Z
2026-10-01,v2:/152c48f9d23dd76ae1c07e3bd03ea6124eb589bdbbb34da6b205170651ee552e,[VIRTUAL]1 x Walk This Way for 500 MtxCurrency,500,500,0,0.0,0,2026-10-01T00:00:00Z,2026-10-31T23:59:59.999Z,1,0,-92,JT100126,Jam Tracks,179,expandableList,Size_1_x_1,,0,,1,track,sid_placeholder_415,Walk This Way,,,,,,,2024-11-07T17:50:41Z
2026-10-01,v2:/f1919886beb07b514ce44663be8067a1c7f250dd28998fa8bb15485c29a66731,[VIRTUAL]1 x Sea-Salt Ice Cream for 400 MtxCurrency,400,400,0,0.0,0,2026-09-17T00:00:00Z,2026-10-01T23:59:59.999Z,1,0,-3,KingdomHearts,Kingdom Hearts,193,tileGrid,Size_1_x_1,,0,,1,br,Backpack_SpireTendFlair,Sea-Salt Ice Cream,backpack,gaminglegends,Gaming Legends Series,Kingdom Hearts,7,4,2026-09-17T08:00:00Z
2026-10-01,v2:/a5e1281a6f8fa44b805a0cf3202afc71202efb4b01e840be81d2346e1a421427,[VIRTUAL]1 x Woman for 500 MtxCurrency,500,500,0,0.0,0,2026-10-01T00:00:00Z,2026-10-31T23:59:59.999Z,1,0,-44,JT100126,Jam Tracks,179,expandableList,Size_1_x_1,,0,,1,track,sid_placeholder_194,Woman,,,,,,,2024-04-16T20:20:56Z
2026-10-01,v2:/343fda82fb8ae9bb5af1e35090819c99d28d64a5b868556b543abcc9d007881f,[VIRTUAL]1 x Tití Me Preguntó for 500 MtxCurrency,500,500,0,0.0,0,2026-10-01T00:00:00Z,2026-10-31T23:59:59.999Z,1,0,-9,JT100126,Jam Tracks,179,expandableList,Size_1_x_1,,0,,1,track,sid_placeholder_263,Tití Me Preguntó,,,,,,,2024-07-11T15:13:48Z
2026-10-01,v2:/1dfbe8979e445a9cb26e12e11996f4d50d8af6054ce50be6707923fd2cde553e,[VIRTUAL]1 x Moves Like Jagger for 500 MtxCurrency,500,500,0,0.0,0,2026-10-01T00:00:00Z,2026-10-31T23:59:59.999Z,1,0,-61,JT100126,Jam Tracks,179,expandableList,Size_1_x_1,,0,,1,track,sid_placeholder_48,Moves Like Jagger,,,,,,,2024-03-26T16:09:20Z
2026-10-01,v2:/2c86449cf109734f382026e4706910da65712fcd74155be353f1120cf16897cc,"[VIRTUAL]1 x Riku, 1 x Soul Eater, 1 x Soul Eater for -1 MtxCurrency",1600,1600,0,0.0,0,2026-09-17T00:00:00Z,2026-10-01T23:59:59.999Z,1,0,-1,KingdomHearts,Kingdom Hearts,193,tileGrid,Size_1_x_1,,0,,3,br,Character_VealCadet,Riku,outfit,gaminglegends,Gaming Legends Series,Kingdom Hearts,7,4,2026-09-17T08:00:00Z
2026-10-01,v2:/2c86449cf109734f382026e4706910da65712fcd74155be353f1120cf16897cc,"[VIRTUAL]1 x Riku, 1 x Soul Eater, 1 x Soul Eater for -1 MtxCurrency",1600,1600,0,0.0,0,2026-09-17T00:00:00Z,2026-10-01T23:59:59.999Z,1,0,-1,KingdomHearts,Kingdom Hearts,193,tileGrid,Size_1_x_1,,0,,3,br,Pickaxe_VealCadet,Soul Eater,pickaxe,gaminglegends,Gaming Legends Series,Kingdom Hearts,7,4,2026-09-17T08:00:00Z
2026-10-01,v2:/2c86449cf109734f382026e4706910da65712fcd74155be353f1120cf16897cc,"[VIRTUAL]1 x Riku, 1 x Soul Eater, 1 x Soul Eater for -1 MtxCurrency",1600,1600,0,0.0,0,2026-09-17T00:00:00Z,2026-10-01T23:59:59.999Z,1,0,-1,KingdomHearts,Kingdom Hearts,193,tileGrid,Size_1_x_1,,0,,3,br,Backpack_VealCadet,Soul Eater,backpack,gaminglegends,Gaming Legends Series,Kingdom Hearts,7,4,2026-09-17T08:00:00Z
2026-10-01,v2:/2477079e9fcbe407fcb45bbe8dd339d6bf0e2ec630d53d763df24f55a3b6205a,"[VIRTUAL]1 x Arpeggio, 1 x Arpeggio, 1 x Arpeggio for 800 MtxCurrency",800,800,0,0.0,0,2026-09-17T00:00:00Z,2026-10-01T23:59:59.999Z,1,0,-1,KingdomHearts,Kingdom Hearts,193,tileGrid,Size_1_x_1,,0,,3,br,Backpack_FaunaPike_Guitar,Arpeggio,backpack,gaminglegends,Gaming Legends Series,Kingdom Hearts,7,4,2026-09-17T08:00:00Z
2026-10-01,v2:/2477079e9fcbe407fcb45bbe8dd339d6bf0e2ec630d53d763df24f55a3b6205a,"[VIRTUAL]1 x Arpeggio, 1 x Arpeggio, 1 x Arpeggio for 800 MtxCurrency",800,800,0,0.0,0,2026-09-17T00:00:00Z,2026-10-01T23:59:59.999Z,1,0,-1,KingdomHearts,Kingdom Hearts,193,tileGrid,Size_1_x_1,,0,,3,br,Pickaxe_FaunaPike_Guitar,Arpeggio,pickaxe,gaminglegends,Gaming Legends Series,Kingdom Hearts,7,4,2026-09-17T08:00:00Z
2026-10-01,v2:/2477079e9fcbe407fcb45bbe8dd339d6bf0e2ec630d53d763df24f55a3b6205a,"[VIRTUAL]1 x Arpeggio, 1 x Arpeggio, 1 x Arpeggio for 800 MtxCurrency",800,800,0,0.0,0,2026-09-17T00:00:00Z,2026-10-01T23:59:59.999Z,1,0,-1,KingdomHearts,Kingdom Hearts,193,tileGrid,Size_1_x_1,,0,,3,instrument,Sparks_FaunaPike_Guitar,Arpeggio,guitar,gaminglegends,Gaming Legends Series,,,,2026-09-17T08:00:00Z
2026-10-01,v2:/79e7ddb6963ef95a6a21c69fb8afa5f8362a5a3216a25c8889584c5def1d5b88,[VIRTUAL]1 x TBD (SID_Placeholder_941) for 500 MtxCurrency,500,500,0,0.0,0,2026-09-25T00:00:00Z,2026-10-01T23:59:59.999Z,1,0,-1,JT100126,Jam Tracks,179,tileGrid,Size_1_x_1,,0,,1,track,sid_placeholder_941,Green Hill Zone: Act 2 - Normal,,,,,,,2026-09-22T14:10:54Z
2026-10-01,v2:/552ec82adf138bf1c3b08a46faacb41216c9f89c20856644f0c3996c217f8df7,[VIRTUAL]1 x Drop It Like It's Hot for 500 MtxCurrency,500,500,0,0.0,0,2026-09-25T00:00:00Z,2026-10-01T23:59:59.999Z,1,0,-1,JT100126,Jam Tracks,179,tileGrid,Size_1_x_1,,0,,1,track,sid_placeholder_387,Drop It Like It's Hot,,,,,,,2024-11-02T06:00:00Z
2026-10-01,v2:/f803a447537d42bbc777ee2795c90411e6726c2c9c0562774366ed9561eb1b68,"[VIRTUAL]1 x Blank, 1 x Blank, 1 x Blank, 1 x Blank, 1 x Blank for -1 MtxCurrency",2000,2000,0,0.0,0,2026-09-17T00:00:00Z,2026-10-01T23:59:59.999Z,1,0,-2,KingdomHearts,Kingdom Hearts,193,tileGrid,Size_2_x_1,,1,KINGDOM HEARTS Gummi Ship,5,car,CarBody_OpticOrange,Gummi Ship,body,common,,,,,2026-09-17T08:00:00Z
2026-10-01,v2:/f803a447537d42bbc777ee2795c90411e6726c2c9c0562774366ed9561eb1b68,"[VIRTUAL]1 x Blank, 1 x Blank, 1 x Blank, 1 x Blank, 1 x Blank for -1 MtxCurrency",2000,2000,0,0.0,0,2026-09-17T00:00:00Z,2026-10-01T23:59:59.999Z,1,0,-2,KingdomHearts,Kingdom Hearts,193,tileGrid,Size_2_x_1,,1,KINGDOM HEARTS Gummi Ship,5,car,CarSkin_OpticOrange01,Classic,skin,uncommon,,,,,2026-09-17T08:00:00Z
2026-10-01,v2:/f803a447537d42bbc777ee2795c90411e6726c2c9c0562774366ed9561eb1b68,"[VIRTUAL]1 x Blank, 1 x Blank, 1 x Blank, 1 x Blank, 1 x Blank for -1 MtxCurrency",2000,2000,0,0.0,0,2026-09-17T00:00:00Z,2026-10-01T23:59:59.999Z,1,0,-2,KingdomHearts,Kingdom Hearts,193,tileGrid,Size_2_x_1,,1,KINGDOM HEARTS Gummi Ship,5,car,CarSkin_OpticOrange02,Magic,skin,uncommon,,,,,2026-09-17T08:00:00Z
2026-10-01,v2:/f803a447537d42bbc777ee2795c90411e6726c2c9c0562774366ed9561eb1b68,"[VIRTUAL]1 x Blank, 1 x Blank, 1 x Blank, 1 x Blank, 1 x Blank for -1 MtxCurrency",2000,2000,0,0.0,0,2026-09-17T00:00:00Z,2026-10-01T23:59:59.999Z,1,0,-2,KingdomHearts,Kingdom Hearts,193,tileGrid,Size_2_x_1,,1,KINGDOM HEARTS Gummi Ship,5,car,CarSkin_OpticOrange03,Heartless,skin,uncommon,,,,,2026-09-17T08:00:00Z
2026-10-01,v2:/f803a447537d42bbc777ee2795c90411e6726c2c9c0562774366ed9561eb1b68,"[VIRTUAL]1 x Blank, 1 x Blank, 1 x Blank, 1 x Blank, 1 x Blank for -1 MtxCurrency",2000,2000,0,0.0,0,2026-09-17T00:00:00Z,2026-10-01T23:59:59.999Z,1,0,-2,KingdomHearts,Kingdom Hearts,193,tileGrid,Size_2_x_1,,1,KINGDOM HEARTS Gummi Ship,5,car,Wheel_OpticOrange01,Gummi Ship,wheel,uncommon,,,,,2026-09-17T08:00:00Z
2026-10-01,v2:/cf09e1cb2326d472f66f39c81f06ee3b08d4662033ddf74ccf4951a7a892e20b,[VIRTUAL]1 x What's My Age Again? for 500 MtxCurrency,500,500,0,0.0,0,2026-10-01T00:00:00Z,2026-10-31T23:59:59.999Z,1,0,-63,JT100126,Jam Tracks,179,expandableList,Size_1_x_1,,0,,1,track,sid_placeholder_19,What's My Age Again?,,,,,,,2024-02-29T00:02:26Z
2026-10-01,v2:/388545934fc11d001cbccd0a843bc611868350cce5b7408545d4894fcf59d03a,[VIRTUAL]1 x Ancient Hunter's Gak-gung for 500 MtxCurrency,500,500,0,0.0,0,2026-09-27T00:00:00Z,2026-10-01T23:59:59.999Z,1,0,-2,Kpop2Newest,KPop Demon Hunters,183,tileGrid,Size_1_x_1,,0,,1,br,Pickaxe_HybridBoot,Ancient Hunter's Gak-gung,pickaxe,icon,Icon Series,KPop Demon Hunters,7,1,2026-02-05T15:01:36Z
2026-10-01,v2:/b64805d28502f28925c609db53ec9486985de011252930298e45ad4e979624b0,[VIRTUAL]1 x bad guy for 500 MtxCurrency,500,500,0,0.0,0,2026-10-01T00:00:00Z,2026-10-31T23:59:59.999Z,1,0,-17,JT100126,Jam Tracks,179,expandableList,Size_1_x_1,,0,,1,track,sid_placeholder_23,bad guy,,,,,,,2023-12-09T15:00:00Z
2026-10-01,v2:/dd930a6e56afdb86b628272b66ccfe1835227185aec7aa862cf360ce741d3f5f,[VIRTUAL]1 x TBD (SID_Placeholder_858) for 500 MtxCurrency,500,500,0,0.0,0,2026-09-19T00:00:00Z,2026-10-02T23:59:59.999Z,1,0,-4,IronMouse2,Ironmouse,189,tileGrid,Size_1_x_1,,0,,1,track,sid_placeholder_858,Cry For Me (Wa Wa Wa),,,,,,,2026-09-16T14:46:03Z
2026-10-01,v2:/3994998dfeb9b2623d8b42d0297242d36332a036a5157282ce9d20b91f18b630,[VIRTUAL]1 x Stun Rod for 800 MtxCurrency,800,800,0,0.0,0,2026-09-26T00:00:00Z,2026-10-03T23:59:59.999Z,1,0,-4,ResidentEvil,Resident Evil,190,tileGrid,Size_1_x_1,,0,,1,br,Pickaxe_ID_691_RelishMale_FVCA7,Stun Rod,pickaxe,gaminglegends,Gaming Legends Series,S.T.A.R.S. Team,2,8,2021-10-24T00:00:00Z
2026-10-01,v2:/be400b9cf5753260098ce9d89e6a109ee87befc4035393664006561646979c56,[VIRTUAL]1 x Blueberry Faygo for 500 MtxCurrency,500,500,0,0.0,0,2026-10-01T00:00:00Z,2026-10-31T23:59:59.999Z,1,0,-13,JT100126,Jam Tracks,179,expandableList,Size_1_x_1,,0,,1,track,sid_placeholder_256,Blueberry Faygo,,,,,,,2024-06-28T00:00:00Z
2026-10-01,v2:/35b37111c43ea482029a0f73b22adf9c803e2b95e6134eb48afb7519ab3b48f7,[VIRTUAL]1 x Roses (Imanbek Remix) for 500 MtxCurrency,500,500,0,0.0,0,2026-10-01T00:00:00Z,2026-10-31T23:59:59.999Z,1,0,-77,JT100126,Jam Tracks,179,expandableList,Size_1_x_1,,0,,1,track,sid_placeholder_159,Roses (Imanbek Remix),,,,,,,2024-03-14T03:43:45Z
2026-10-01,v2:/234f5e86efc58af3974d38b1b051621c99da99827614777b7aa811ee8916c041,[VIRTUAL]1 x Take My Breath for 500 MtxCurrency,500,500,0,0.0,0,2026-10-01T00:00:00Z,2026-10-31T23:59:59.999Z,1,0,-30,JT100126,Jam Tracks,179,expandableList,Size_1_x_1,,0,,1,track,sid_placeholder_76,Take My Breath,,,,,,,2023-12-09T15:00:00Z
2026-10-01,v2:/4bb5ee7c0263532a044136553051c78c4807ba986a4f591ead72bf9e88dc5dda,"[VIRTUAL]1 x Blank, 1 x Blank, 1 x Blank, 1 x Blank, 1 x Blank for -1 MtxCurrency",2400,2400,0,0.0,0,2026-09-26T00:00:00Z,2026-10-05T23:59:59.999Z,1,0,-1,Persona5,Persona 5 Royal,191,tileGrid,Size_3_x_1,,1,Mona Car,5,car,CarBody_UmbraGenesis,Mona Car,body,uncommon,,,,,2026-09-25T13:00:42Z
2026-10-01,v2:/4bb5ee7c0263532a044136553051c78c4807ba986a4f591ead72bf9e88dc5dda,"[VIRTUAL]1 x Blank, 1 x Blank, 1 x Blank, 1 x Blank, 1 x Blank for -1 MtxCurrency",2400,2400,0,0.0,0,2026-09-26T00:00:00Z,2026-10-05T23:59:59.999Z,1,0,-1,Persona5,Persona 5 Royal,191,tileGrid,Size_3_x_1,,1,Mona Car,5,car,CarSkin_UmbraGenesis01,Mona Car,skin,uncommon,,,,,2026-09-25T13:00:42Z
2026-10-01,v2:/4bb5ee7c0263532a044136553051c78c4807ba986a4f591ead72bf9e88dc5dda,"[VIRTUAL]1 x Blank, 1 x Blank, 1 x Blank, 1 x Blank, 1 x Blank for -1 MtxCurrency",2400,2400,0,0.0,0,2026-09-26T00:00:00Z,2026-10-05T23:59:59.999Z,1,0,-1,Persona5,Persona 5 Royal,191,tileGrid,Size_3_x_1,,1,Mona Car,5,car,CarSkin_Umbragenesis02,Joker (P5R),skin,uncommon,,,,,2026-09-25T13:00:42Z
2026-10-01,v2:/4bb5ee7c0263532a044136553051c78c4807ba986a4f591ead72bf9e88dc5dda,"[VIRTUAL]1 x Blank, 1 x Blank, 1 x Blank, 1 x Blank, 1 x Blank for -1 MtxCurrency",2400,2400,0,0.0,0,2026-09-26T00:00:00Z,2026-10-05T23:59:59.999Z,1,0,-1,Persona5,Persona 5 Royal,191,tileGrid,Size_3_x_1,,1,Mona Car,5,car,CarSkin_UmbraGenesis03,Panther (P5R),skin,uncommon,,,,,2026-09-25T13:00:42Z
2026-10-01,v2:/4bb5ee7c0263532a044136553051c78c4807ba986a4f591ead72bf9e88dc5dda,"[VIRTUAL]1 x Blank, 1 x Blank, 1 x Blank, 1 x Blank, 1 x Blank for -1 MtxCurrency",2400,2400,0,0.0,0,2026-09-26T00:00:00Z,2026-10-05T23:59:59.999Z,1,0,-1,Persona5,Persona 5 Royal,191,tileGrid,Size_3_x_1,,1,Mona Car,5,car,Wheel_UmbraGenesis01,Mona Car,wheel,uncommon,,,,,2026-09-25T13:00:42Z
2026-10-01,v2:/3efeaf56535ec2ea557de807d8cc8c3378821ac551846dca00e6f2df9262a3af,"[VIRTUAL]1 x Panther (P5R), 1 x Carmen's Heart, 1 x Carmen's Heart Flail for -1 MtxCurrency",1800,1800,0,0.0,0,2026-09-26T00:00:00Z,2026-10-05T23:59:59.999Z,1,0,-1,Persona5,Persona 5 Royal,191,tileGrid,Size_2_x_1,,0,,3,br,Character_DebitScent,Panther (P5R),outfit,gaminglegends,Gaming Legends Series,Persona 5 Royal,7,4,2026-09-25T13:00:42Z
2026-10-01,v2:/3efeaf56535ec2ea557de807d8cc8c3378821ac551846dca00e6f2df9262a3af,"[VIRTUAL]1 x Panther (P5R), 1 x Carmen's Heart, 1 x Carmen's Heart Flail for -1 MtxCurrency",1800,1800,0,0.0,0,2026-09-26T00:00:00Z,2026-10-05T23:59:59.999Z,1,0,-1,Persona5,Persona 5 Royal,191,tileGrid,Size_2_x_1,,0,,3,br,Backpack_DebitScent,Carmen's Heart,backpack,gaminglegends,Gaming Legends Series,Persona 5 Royal,7,4,2026-09-25T13:00:42Z
2026-10-01,v2:/3efeaf56535ec2ea557de807d8cc8c3378821ac551846dca00e6f2df9262a3af,"[VIRTUAL]1 x Panther (P5R), 1 x Carmen's Heart, 1 x Carmen's Heart Flail for -1 MtxCurrency",1800,1800,0,0.0,0,2026-09-26T00:00:00Z,2026-10-05T23:59:59.999Z,1,0,-1,Persona5,Persona 5 Royal,191,tileGrid,Size_2_x_1,,0,,3,br,Pickaxe_DebitScent,Carmen's Heart Flail,pickaxe,gaminglegends,Gaming Legends Series,Persona 5 Royal,7,4,2026-09-25T13:00:42Z
2026-10-01,v2:/fe8a906f5b1ffb1d8b68d8f78fc869a014cffe78f1e0b4e288e2630c5d653a10,[VIRTUAL]1 x The Sound of Silence for 500 MtxCurrency,500,500,0,0.0,0,2026-10-01T00:00:00Z,2026-10-31T23:59:59.999Z,1,0,-22,JT100126,Jam Tracks,179,expandableList,Size_1_x_1,,0,,1,track,sid_placeholder_346,The Sound of Silence,,,,,,,2024-10-17T13:33:26Z
2026-10-01,v2:/c9e1f288fc346f0c55571cf373a07676d73bac0e8fa858931e5d06d5222c7f77,[VIRTUAL]1 x TBD (SID_Placeholder_328) for 500 MtxCurrency,500,500,0,0.0,0,2026-10-01T00:00:00Z,2026-10-31T23:59:59.999Z,1,0,-91,JT100126,Jam Tracks,179,expandableList,Size_1_x_1,,0,,1,track,sid_placeholder_328,Lose Control,,,,,,,2025-02-13T17:10:43Z
2026-10-01,v2:/f472f94adca61a6acf774ca72f44d0dad4e935d0aa46b74985a8631e7cb3c271,[VIRTUAL]1 x TBD (SID_Placeholder_636) for 500 MtxCurrency,500,500,0,0.0,0,2026-10-01T00:00:00Z,2026-10-31T23:59:59.999Z,1,0,-56,JT100126,Jam Tracks,179,expandableList,Size_1_x_1,,0,,1,track,sid_placeholder_636,DARE,,,,,,,2025-08-26T08:00:00Z
2026-10-01,v2:/a0a31a83b79adbb9198fae98d72198f4b1e243b1f2b6ce3e3f27ae9fde9b4ce9,[VIRTUAL]1 x Carmen's Heart for 300 MtxCurrency,300,300,0,0.0,0,2026-09-26T00:00:00Z,2026-10-05T23:59:59.999Z,1,0,-2,Persona5,Persona 5 Royal,191,tileGrid,Size_1_x_1,,0,,1,br,Backpack_DebitScent,Carmen's Heart,backpack,gaminglegends,Gaming Legends Series,Persona 5 Royal,7,4,2026-09-25T13:00:42Z
2026-10-01,v2:/bcc16e2fd8a1227e19bbcde192114f34db3d32963124b265cd92b6e22fcd3067,[VIRTUAL]1 x the boy is mine for 500 MtxCurrency,500,500,0,0.0,0,2026-10-01T00:00:00Z,2026-10-31T23:59:59.999Z,1,0,-38,JT100126,Jam Tracks,179,expandableList,Size_1_x_1,,0,,1,track,sid_placeholder_227,the boy is mine,,,,,,,2024-05-30T13:49:50Z
2026-10-01,v2:/6c3dd71d133339a19aa8c2cfb3751185591b88967ebc8c8da5a6b72285817ca6,[VIRTUAL]1 x Radioactive for 500 MtxCurrency,500,500,0,0.0,0,2026-10-01T00:00:00Z,2026-10-31T23:59:59.999Z,1,0,-27,JT100126,Jam Tracks,179,expandableList,Size_1_x_1,,0,,1,track,sid_placeholder_347,Radioactive,,,,,,,2025-01-02T14:36:01Z
2026-10-01,v2:/17539263a8ac52a6303ccb83a49ecd7088c579558f27b12c52f069c53fb908c5,[VIRTUAL]1 x t r a n s p a r e n t s o u l for 500 MtxCurrency,500,500,0,0.0,0,2026-10-01T00:00:00Z,2026-10-31T23:59:59.999Z,1,0,-74,JT100126,Jam Tracks,179,expandableList,Size_1_x_1,,0,,1,track,sid_placeholder_163,t r a n s p a r e n t s o u l,,,,,,,2024-03-26T16:09:20Z
2026-10-01,v2:/7eb87d2b66419e37770bae103e18a5a8ae1fe0f414384eca57b5ba1f3efa9a70,[VIRTUAL]1 x TBD (SID_Placeholder_303) for 500 MtxCurrency,500,500,0,0.0,0,2026-10-01T00:00:00Z,2026-10-31T23:59:59.999Z,1,0,-93,JT100126,Jam Tracks,179,expandableList,Size_1_x_1,,0,,1,track,sid_placeholder_303,The Pretender,,,,,,,2025-02-14T00:00:00Z
2026-10-01,v2:/e6e9711971284adaba42ebed062ad3da7a369a1e5d60d6d7477e246ec3bcb00f,[VIRTUAL]1 x The Best Cat for 1200 MtxCurrency,1200,1200,0,0.0,0,2026-09-29T00:00:00Z,2026-10-05T23:59:59.999Z,1,0,-3,BR100126,Fit Check,185,tileGrid,Size_1_x_1,This Sidekick includes quests that unlock new items upon completion!,0,,1,br,Companion_FlourCut,The Best Cat,sidekick,uncommon,,Feline Friend,7,1,2025-11-29T20:57:37Z
