shop_date,offer_id,dev_name,regular_price,final_price,discount_vbucks,discount_pct,is_discounted,in_date,out_date,giftable,refundable,sort_priority,layout_id,layout_name,layout_rank,layout_display_type,tile_size,offer_tag,is_bundle,bundle_name,items_in_offer,item_kind,item_id,item_name,item_type,item_rarity,item_series,item_set,item_intro_chapter,item_intro_season,item_added
2026-10-06,v2:/39b41ed836bb49b90b900f9ea4d50e57c675f6e15e648f3baff89a38ab2e8352,[VIRTUAL]1 x adidas Anthony Edwards 2 Low 'Acid Orange' for 1000 MtxCurrency,1000,1000,0,0.0,0,2026-10-05T00:00:00Z,2026-10-11T23:59:59.999Z,1,0,-3,BR100626,Loadout Goals ,184,tileGrid,Size_1_x_1,,0,,1,br,Shoes_CoinCoachLaw,adidas Anthony Edwards 2 Low 'Acid Orange',shoe,uncommon,,adidas Shoes,7,1,2026-01-10T00:21:38Z
2026-10-06,v2:/25672d94feefe857a6769a931258f100d5808a973a7130300d9fbff07ffe314a,"[VIRTUAL]1 x Bonnie's Blazin' Guitar, 1 x Bonnie's Blazin' Guitar, 1 x Bonnie's Blazin' Guitar for 800 MtxCurrency",800,800,0,0.0,0,2026-10-01T00:00:00Z,2026-10-31T23:59:59.999Z,1,0,-4,5Nights,Five Nights at Freddy's,196,tileGrid,Size_1_x_1,,0,,3,br,Backpack_TearErrand_Bass,Bonnie's Blazin' Guitar,backpack,rare,,Five Nights at Freddy's,7,4,2026-10-01T08:00:00Z
2026-10-06,v2:/25672d94feefe857a6769a931258f100d5808a973a7130300d9fbff07ffe314a,"[VIRTUAL]1 x Bonnie's Blazin' Guitar, 1 x Bonnie's Blazin' Guitar, 1 x Bonnie's Blazin' Guitar for 800 MtxCurrency",800,800,0,0.0,0,2026-10-01T00:00:00Z,2026-10-31T23:59:59.999Z,1,0,-4,5Nights,Five Nights at Freddy's,196,tileGrid,Size_1_x_1,,0,,3,br,Pickaxe_TearErrand_Bass,Bonnie's Blazin' Guitar,pickaxe,rare,,Five Nights at Freddy's,7,4,2026-10-01T08:00:00Z
2026-10-06,v2:/25672d94feefe857a6769a931258f100d5808a973a7130300d9fbff07ffe314a,"[VIRTUAL]1 x Bonnie's Blazin' Guitar, 1 x Bonnie's Blazin' Guitar, 1 x Bonnie's Blazin' Guitar for 800 MtxCurrency",800,800,0,0.0,0,2026-10-01T00:00:00Z,2026-10-31T23:59:59.999Z,1,0,-4,5Nights,Five Nights at Freddy's,196,tileGrid,Size_1_x_1,,0,,3,instrument,Sparks_TearErrand_Bass,Bonnie's Blazin' Guitar,bass,common,,,,,2026-10-01T08:00:00Z
2026-10-06,v2:/6820eb3ac2baccdf59e833508a92e4cb95ec9e400afbacd23260d749d71d4b84,[VIRTUAL]1 x Meow-Soles for 600 MtxCurrency,600,600,0,0.0,0,2026-10-05T00:00:00Z,2026-10-11T23:59:59.999Z,1,0,-3,BR100626,Loadout Goals ,184,tileGrid,Size_1_x_1,,0,,1,br,Shoes_ToeBean,Meow-Soles,shoe,uncommon,,,2,Remix,2024-11-25T22:05:25Z
2026-10-06,v2:/bc1ec8be3823d847c8696f0585696117910033e498f9c34561ad0f51bcf04763,[VIRTUAL]1 x Asta's Devil Wings for 300 MtxCurrency,300,300,0,0.0,0,2026-10-04T00:00:00Z,2026-10-13T23:59:59.999Z,1,0,-1,BlackClover,Black Clover ,197,tileGrid,Size_1_x_1,,0,,1,br,Backpack_MimicGleanIdeal,Asta's Devil Wings,backpack,rare,,Black Clover,7,4,2026-10-03T13:00:46Z
2026-10-06,v2:/34323881f735a8aa96ae5d9f0842f8d6992c8f93488db0750d6dbfedbc8409c3,[VIRTUAL]1 x Hey Brother for 500 MtxCurrency,500,500,0,0.0,0,2026-10-01T00:00:00Z,2026-10-31T23:59:59.999Z,1,0,-59,JT100226NoV,Jam Tracks,181,expandableList,Size_1_x_1,,0,,1,track,sid_placeholder_258,Hey Brother,,,,,,,2024-07-11T15:13:48Z
2026-10-06,v2:/7acd244a99f5b5d9a3623a16dd2c432daafe4f73dd5529654b6bbe024cd8ed47,[VIRTUAL]1 x Bear Brained for 300 MtxCurrency,300,300,0,0.0,0,2026-10-05T00:00:00Z,2026-10-15T23:59:59.999Z,1,0,-3,,,,,Size_1_x_1,,0,,1,br,BID_393_GhoulTrooper,Bear Brained,backpack,uncommon,,,2,1,2019-11-20T12:51:14Z
2026-10-06,v2:/2c6965bdff112596afd93f2de1626cedb37b594f53e09487fac1e7a82d9bef69,[VIRTUAL]1 x The Fazbear Band for 500 MtxCurrency,500,500,0,0.0,0,2026-10-01T00:00:00Z,2026-10-31T23:59:59.999Z,1,0,-3,5Nights,Five Nights at Freddy's,196,tileGrid,Size_1_x_1,,0,,1,br,EID_GuardHence,The Fazbear Band,emote,gaminglegends,Gaming Legends Series,Five Nights at Freddy's,7,4,2026-10-01T08:00:00Z
2026-10-06,v2:/8da3e749d77b696b1457007b678d2f971c8df09294ea304548b4f0fc36c78070,"[VIRTUAL]1 x Yuno, 1 x Spirit of Boreas, 1 x Yuno's Grimoire for -1 MtxCurrency",1600,1600,0,0.0,0,2026-10-04T00:00:00Z,2026-10-13T23:59:59.999Z,1,0,-3,BlackClover,Black Clover ,197,tileGrid,Size_2_x_1,,0,,3,br,Character_SwornSnout,Yuno,outfit,epic,,Black Clover,7,4,2026-10-03T13:00:46Z
2026-10-06,v2:/8da3e749d77b696b1457007b678d2f971c8df09294ea304548b4f0fc36c78070,"[VIRTUAL]1 x Yuno, 1 x Spirit of Boreas, 1 x Yuno's Grimoire for -1 MtxCurrency",1600,1600,0,0.0,0,2026-10-04T00:00:00Z,2026-10-13T23:59:59.999Z,1,0,-3,BlackClover,Black Clover ,197,tileGrid,Size_2_x_1,,0,,3,br,Pickaxe_SwornSnout,Spirit of Boreas,pickaxe,rare,,Black Clover,7,4,2026-10-03T13:00:46Z
2026-10-06,v2:/8da3e749d77b696b1457007b678d2f971c8df09294ea304548b4f0fc36c78070,"[VIRTUAL]1 x Yuno, 1 x Spirit of Boreas, 1 x Yuno's Grimoire for -1 MtxCurrency",1600,1600,0,0.0,0,2026-10-04T00:00:00Z,2026-10-13T23:59:59.999Z,1,0,-3,BlackClover,Black Clover ,197,tileGrid,Size_2_x_1,,0,,3,br,Backpack_SwornSnout,Yuno's Grimoire,backpack,rare,,Black Clover,7,4,2026-10-03T13:00:46Z
2026-10-06,v2:/869f12051ef13c6db4fd79ba64264b0675d280e949b75d0a9783489fa2dad1fc,[VIRTUAL]1 x Shadow Stuffie for 400 MtxCurrency,400,400,0,0.0,0,2026-10-04T00:00:00Z,2026-10-06T23:59:59.999Z,1,0,-1,,,,,Size_1_x_1,,0,,1,br,Backpack_FuzzyDarkness,Shadow Stuffie,backpack,rare,,Mythical Monster,5,4,2024-10-12T06:22:57Z
2026-10-06,v2:/c13b7477a50cba1212df7023127145e6534346a13108938f2b92df4757568bde,[VIRTUAL]1 x Circles for 500 MtxCurrency,500,500,0,0.0,0,2026-10-01T00:00:00Z,2026-10-31T23:59:59.999Z,1,0,-10,JT100226NoV,Jam Tracks,181,expandableList,Size_1_x_1,,0,,1,track,sid_placeholder_205,Circles,,,,,,,2024-06-06T13:32:50Z
2026-10-06,v2:/610a3addc2c5600ef1aee02dc570734195c057ce115d9f7af2347c190ad75471,"[VIRTUAL]1 x Peregrine TT, 1 x Peregrine TT, 1 x Peregrine TT, 1 x Peregrine TT, 1 x Peregrine TT, 1 x Peregrine TT, 1 x Peregrine TT, 1 x Peregrine TT, 1 x Peregrine TT, 1 x Peregrine TT, 1 x Peregrine TT, 1 x Peregrine TT, 1 x Peregrine TT, 1 x Flames, 1 x Lightning, 1 x Stripes, 1 x Wings for -1 MtxCurrency",1500,1500,0,0.0,0,2026-09-30T00:00:00Z,2026-10-06T23:59:59.999Z,1,0,-1,Peregrine,Peregrine TT,178,tileGrid,Size_3_x_1,Decals in this bundle are restricted to the Peregrine TT car body.,1,Peregrine TT,4,car,CarSkin_SharkFlames,Flames,skin,uncommon,,,,,2024-07-23T08:00:00Z
2026-10-06,v2:/610a3addc2c5600ef1aee02dc570734195c057ce115d9f7af2347c190ad75471,"[VIRTUAL]1 x Peregrine TT, 1 x Peregrine TT, 1 x Peregrine TT, 1 x Peregrine TT, 1 x Peregrine TT, 1 x Peregrine TT, 1 x Peregrine TT, 1 x Peregrine TT, 1 x Peregrine TT, 1 x Peregrine TT, 1 x Peregrine TT, 1 x Peregrine TT, 1 x Peregrine TT, 1 x Flames, 1 x Lightning, 1 x Stripes, 1 x Wings for -1 MtxCurrency",1500,1500,0,0.0,0,2026-09-30T00:00:00Z,2026-10-06T23:59:59.999Z,1,0,-1,Peregrine,Peregrine TT,178,tileGrid,Size_3_x_1,Decals in this bundle are restricted to the Peregrine TT car body.,1,Peregrine TT,4,car,CarSkin_SharkLightning,Lightning,skin,uncommon,,,,,2024-07-23T08:00:00Z
2026-10-06,v2:/610a3addc2c5600ef1aee02dc570734195c057ce115d9f7af2347c190ad75471,"[VIRTUAL]1 x Peregrine TT, 1 x Peregrine TT, 1 x Peregrine TT, 1 x Peregrine TT, 1 x Peregrine TT, 1 x Peregrine TT, 1 x Peregrine TT, 1 x Peregrine TT, 1 x Peregrine TT, 1 x Peregrine TT, 1 x Peregrine TT, 1 x Peregrine TT, 1 x Peregrine TT, 1 x Flames, 1 x Lightning, 1 x Stripes, 1 x Wings for -1 MtxCurrency",1500,1500,0,0.0,0,2026-09-30T00:00:00Z,2026-10-06T23:59:59.999Z,1,0,-1,Peregrine,Peregrine TT,178,tileGrid,Size_3_x_1,Decals in this bundle are restricted to the Peregrine TT car body.,1,Peregrine TT,4,car,CarSkin_SharkStripes,Stripes,skin,uncommon,,,,,2024-07-23T08:00:00Z
2026-10-06,v2:/610a3addc2c5600ef1aee02dc570734195c057ce115d9f7af2347c190ad75471,"[VIRTUAL]1 x Peregrine TT, 1 x Peregrine TT, 1 x Peregrine TT, 1 x Peregrine TT, 1 x Peregrine TT, 1 x Peregrine TT, 1 x Peregrine TT, 1 x Peregrine TT, 1 x Peregrine TT, 1 x Peregrine TT, 1 x Peregrine TT, 1 x Peregrine TT, 1 x Peregrine TT, 1 x Flames, 1 x Lightning, 1 x Stripes, 1 x Wings for -1 MtxCurrency",1500,1500,0,0.0,0,2026-09-30T00:00:00Z,2026-10-06T23:59:59.999Z,1,0,-1,Peregrine,Peregrine TT,178,tileGrid,Size_3_x_1,Decals in this bundle are restricted to the Peregrine TT car body.,1,Peregrine TT,4,car,CarSkin_SharkWings,Wings,skin,uncommon,,,,,2024-07-23T08:00:00Z
2026-10-06,v2:/7b549b10e7843cfa3524b05530fe44b504af50a7c5db7567c1257a080e3b5f2f,[VIRTUAL]1 x TBD (SID_Placeholder_666) for 500 MtxCurrency,500,500,0,0.0,0,2026-10-01T00:00:00Z,2026-10-31T23:59:59.999Z,1,0,-103,JT100226NoV,Jam Tracks,181,expandableList,Size_1_x_1,,0,,1,track,sid_placeholder_666,AAAHH MEN!,,,,,,,2025-10-09T08:00:00Z
2026-10-06,v2:/299e145c9f25c30684490a85fa04d16eb67e1352114c06d9a83303f5217f7782,[VIRTUAL]1 x Blank for 400 MtxCurrency,400,400,0,0.0,0,2026-10-04T00:00:00Z,2026-10-13T23:59:59.999Z,1,0,-2,,,,,Size_2_x_1,,0,,1,car,Wheel_RevivalLine01,Nissan GT-R Nismo,wheel,uncommon,,,,,2026-10-03T13:00:46Z
2026-10-06,v2:/537acf4957c349ae74425ef88c3a51c789a5cc5c5241ac4ddc87d87b461403fc,[VIRTUAL]1 x The Middle for 500 MtxCurrency,500,500,0,0.0,0,2026-10-01T00:00:00Z,2026-10-31T23:59:59.999Z,1,0,-53,JT100226NoV,Jam Tracks,181,expandableList,Size_1_x_1,,0,,1,track,sid_placeholder_106,The Middle,,,,,,,2024-03-14T03:43:45Z
2026-10-06,v2:/44f52be70791f61eceb49a388d977c3f0d27101e6418d8eef3d65d5f010a33b5,[VIRTUAL]1 x TBD (SID_Placeholder_761) for 500 MtxCurrency,500,500,0,0.0,0,2026-10-02T00:00:00Z,2026-10-08T23:59:59.999Z,1,0,-4,JT100226NoV,Jam Tracks,181,tileGrid,Size_1_x_1,,0,,1,track,sid_placeholder_761,tv off,,,,,,,2026-03-18T11:00:14Z
2026-10-06,v2:/e3e30afc488559bc1ddc2f085f91a21c9a1b640874e8cf12ebf87e83351d6289,[VIRTUAL]1 x Flowers for 500 MtxCurrency,500,500,0,0.0,0,2026-10-01T00:00:00Z,2026-10-31T23:59:59.999Z,1,0,-98,JT100226NoV,Jam Tracks,181,expandableList,Size_1_x_1,,0,,1,track,sid_placeholder_125,Flowers,,,,,,,2024-02-02T00:00:00Z
2026-10-06,v2:/13381db10959f8ff31b9ad523ec9e5c7987e5690905391180de92ee35b5314c1,[VIRTUAL]1 x OKI DOKI for 500 MtxCurrency,500,500,0,0.0,0,2026-10-01T00:00:00Z,2026-10-31T23:59:59.999Z,1,0,-51,JT100226NoV,Jam Tracks,181,expandableList,Size_1_x_1,,0,,1,track,sid_placeholder_305,OKI DOKI,,,,,,,2024-08-16T03:00:00Z
2026-10-06,v2:/4d399ef331c476a5e7a44fa58246180d59b9b8da587881e31d056f05f6b0c9c4,"[VIRTUAL]1 x Instinct, 1 x Reaction Tank for -1 MtxCurrency",1200,1200,0,0.0,0,2026-10-06T00:00:00Z,2026-10-12T23:59:59.999Z,1,0,-1,NoSweat100626,No Sweat,188,tileGrid,Size_1_x_1,,0,,2,br,CID_260_Athena_Commando_F_StreetOps,Instinct,outfit,rare,,Counterattack,1,6,2019-11-20T12:50:13Z
2026-10-06,v2:/4d399ef331c476a5e7a44fa58246180d59b9b8da587881e31d056f05f6b0c9c4,"[VIRTUAL]1 x Instinct, 1 x Reaction Tank for -1 MtxCurrency",1200,1200,0,0.0,0,2026-10-06T00:00:00Z,2026-10-12T23:59:59.999Z,1,0,-1,NoSweat100626,No Sweat,188,tileGrid,Size_1_x_1,,0,,2,br,BID_141_StreetOpsFemale,Reaction Tank,backpack,rare,,Counterattack,1,6,2019-11-20T12:50:38Z
2026-10-06,v2:/8792bbdf3657d125678d42f59f96ae652062c498cc103961376cfb1bea88296a,[VIRTUAL]1 x TBD (SID_Placeholder_403) for 500 MtxCurrency,500,500,0,0.0,0,2026-10-01T00:00:00Z,2026-10-31T23:59:59.999Z,1,0,-64,JT100226NoV,Jam Tracks,181,expandableList,Size_1_x_1,,0,,1,track,sid_placeholder_403,Californication,,,,,,,2025-01-09T17:40:48Z
2026-10-06,v2:/ea73584710f9ed3dd96744eaf77e7914f2494299ac0cad83f71e433ae9629edb,[VIRTUAL]1 x Asta's Grimoire for 300 MtxCurrency,300,300,0,0.0,0,2026-10-04T00:00:00Z,2026-10-13T23:59:59.999Z,1,0,-2,BlackClover,Black Clover ,197,tileGrid,Size_1_x_1,,0,,1,br,Backpack_MimicGlean,Asta's Grimoire,backpack,rare,,Black Clover,7,4,2026-10-03T13:00:46Z
2026-10-06,v2:/8ceefeda6f8b47c1dec96261989c457be83744850bda8c8184cb4d026977b297,"[VIRTUAL]1 x Bonnie the Rabbit, 1 x Bonnie's Guitar Case for -1 MtxCurrency",1500,1500,0,0.0,0,2026-10-01T00:00:00Z,2026-10-31T23:59:59.999Z,1,0,-1,5Nights,Five Nights at Freddy's,196,tileGrid,Size_1_x_1,,0,,2,br,Character_TearErrand,Bonnie the Rabbit,outfit,gaminglegends,Gaming Legends Series,Five Nights at Freddy's,7,4,2026-10-01T08:00:00Z
2026-10-06,v2:/8ceefeda6f8b47c1dec96261989c457be83744850bda8c8184cb4d026977b297,"[VIRTUAL]1 x Bonnie the Rabbit, 1 x Bonnie's Guitar Case for -1 MtxCurrency",1500,1500,0,0.0,0,2026-10-01T00:00:00Z,2026-10-31T23:59:59.999Z,1,0,-1,5Nights,Five Nights at Freddy's,196,tileGrid,Size_1_x_1,,0,,2,br,Backpack_TearErrand,Bonnie's Guitar Case,backpack,gaminglegends,Gaming Legends Series,Five Nights at Freddy's,7,4,2026-10-01T08:00:00Z
2026-10-06,v2:/6011f20f4abf130e918f66a42d5159298adf540b46b352c3e3b7d6d76027f644,"[VIRTUAL]1 x Chica the Chicken, 1 x Chica Chicake for -1 MtxCurrency",1500,1500,0,0.0,0,2026-10-01T00:00:00Z,2026-10-31T23:59:59.999Z,1,0,-1,5Nights,Five Nights at Freddy's,196,tileGrid,Size_1_x_1,,0,,2,br,Character_SushiAware,Chica the Chicken,outfit,gaminglegends,Gaming Legends Series,Five Nights at Freddy's,7,4,2026-10-01T08:00:00Z
2026-10-06,v2:/6011f20f4abf130e918f66a42d5159298adf540b46b352c3e3b7d6d76027f644,"[VIRTUAL]1 x Chica the Chicken, 1 x Chica Chicake for -1 MtxCurrency",1500,1500,0,0.0,0,2026-10-01T00:00:00Z,2026-10-31T23:59:59.999Z,1,0,-1,5Nights,Five Nights at Freddy's,196,tileGrid,Size_1_x_1,,0,,2,br,Backpack_SushiAware,Chica Chicake,backpack,gaminglegends,Gaming Legends Series,Five Nights at Freddy's,7,4,2026-10-01T08:00:00Z
2026-10-06,v2:/09ac134dfcc825d1e9f760ea1da3db6735c800f0927fb0c2f933dbbcda8c2ebf,[VIRTUAL]1 x Dual Drillbit for 400 MtxCurrency,400,400,0,0.0,0,2026-10-06T00:00:00Z,2026-10-12T23:59:59.999Z,1,0,-5,,,,,Size_1_x_1,,0,,1,br,Backpack_HydroIgnite,Dual Drillbit,backpack,rare,,,4,4,2023-09-12T09:40:36Z
2026-10-06,v2:/4a1d142b0563f59d0d53c760285576737dea5a72e63d44781b7cbe2404ad9b29,[VIRTUAL]1 x TBD (SID_Placeholder_507) for 500 MtxCurrency,500,500,0,0.0,0,2026-10-01T00:00:00Z,2026-10-31T23:59:59.999Z,1,0,-7,JT100226NoV,Jam Tracks,181,expandableList,Size_1_x_1,,0,,1,track,sid_placeholder_507,Stacy's Mom,,,,,,,2025-04-01T17:23:52Z
2026-10-06,v2:/b69ad6666ddd1042bfd05e772b406757af86222b7cfbb956be6fafc2d4b8c34f,[VIRTUAL]1 x Voltaria for 800 MtxCurrency,800,800,0,0.0,0,2026-10-05T00:00:00Z,2026-10-11T23:59:59.999Z,1,0,-2,BR100626,Loadout Goals ,184,tileGrid,Size_1_x_1,,0,,1,br,Character_ManicRufus,Voltaria,outfit,epic,,,6,3,2025-05-16T08:50:37Z
2026-10-06,v2:/1c9dcb239e577683f07b3b0413f69299eb04601648186f0e7f40574ccedea9e6,[VIRTUAL]1 x King's Piece for 300 MtxCurrency,300,300,0,0.0,0,2026-10-04T00:00:00Z,2026-10-06T23:59:59.999Z,1,0,-2,FND100626,Showcase ,185,tileGrid,Size_1_x_1,,0,,1,br,Backpack_MatteDecoy,King's Piece,backpack,rare,,Chess Kingdom,7,3,2026-07-16T08:32:04Z
2026-10-06,v2:/c37c038adbfaf852766b3925220e9a92f8a4db76e25c0128ef76ba8dfab96d38,[VIRTUAL]1 x Roses (Imanbek Remix) for 500 MtxCurrency,500,500,0,0.0,0,2026-10-01T00:00:00Z,2026-10-31T23:59:59.999Z,1,0,-81,JT100226NoV,Jam Tracks,181,expandableList,Size_1_x_1,,0,,1,track,sid_placeholder_159,Roses (Imanbek Remix),,,,,,,2024-03-14T03:43:45Z
2026-10-06,v2:/f1b1eddbaa823e3f32cc6ab7c398fb2fc857775804500379f0a0a5439dacbea6,[VIRTUAL]1 x Blank for -1 MtxCurrency,700,700,0,0.0,0,2026-10-04T00:00:00Z,2026-10-13T23:59:59.999Z,1,0,-1,BlackClover,Black Clover ,197,tileGrid,Size_1_x_1,,1,Anti-Magic Wheel,1,car,Wheel_LuckyOnyx01,Anti-Magic,wheel,uncommon,,,,,2026-10-03T13:00:46Z
2026-10-06,v2:/6926ecd2ed5a2214609613048498677847f0da6c42fe6c3bf249cb987482d3c9,[VIRTUAL]1 x Uptown Funk for 500 MtxCurrency,500,500,0,0.0,0,2026-10-01T00:00:00Z,2026-10-31T23:59:59.999Z,1,0,-80,JT100226NoV,Jam Tracks,181,expandableList,Size_1_x_1,,0,,1,track,sid_placeholder_71,Uptown Funk,,,,,,,2024-07-11T15:13:48Z
2026-10-06,v2:/eaa27ff467a57c5984787964c19eaa607b45a8a8dedd9862d45734cb4d7dd1e6,[VIRTUAL]1 x Celebrity Steppers for 600 MtxCurrency,600,600,0,0.0,0,2026-10-05T00:00:00Z,2026-10-11T23:59:59.999Z,1,0,-1,BR100626,Loadout Goals ,184,tileGrid,Size_1_x_1,,0,,1,br,Shoes_TinselGlam,Celebrity Steppers,shoe,uncommon,,Leading Lady,7,1,2025-12-11T16:07:07Z
2026-10-06,v2:/8b50ab74a76f97e5d398b958c7f2b1006ec0471490aaf0678d1b166d42da3b1f,[VIRTUAL]1 x Moves Like Jagger for 500 MtxCurrency,500,500,0,0.0,0,2026-10-01T00:00:00Z,2026-10-31T23:59:59.999Z,1,0,-65,JT100226NoV,Jam Tracks,181,expandableList,Size_1_x_1,,0,,1,track,sid_placeholder_48,Moves Like Jagger,,,,,,,2024-03-26T16:09:20Z
2026-10-06,v2:/4c76563318570db1445a3000c84b0fa0a51b842d890be26d280062885d4c0077,[VIRTUAL]1 x TBD (SID_Placeholder_596) for 500 MtxCurrency,500,500,0,0.0,0,2026-09-26T00:00:00Z,2026-10-31T23:59:59.999Z,1,0,-52,JT100226NoV,Jam Tracks,181,expandableList,Size_1_x_1,,0,,1,track,sid_placeholder_596,Bonde Do Brunão,,,,,,,2025-06-18T08:00:00Z
2026-10-06,v2:/203510f3aa67976c74918d7984a40497f4bc2df8952efff1ffe69c87ea85b1cd,[VIRTUAL]1 x Thunder Crash for 1200 MtxCurrency,1200,1200,0,0.0,0,2026-10-06T00:00:00Z,2026-10-08T23:59:59.999Z,1,0,-3,FNM100626,Locker of Horrors,194,tileGrid,Size_1_x_1,,0,,1,br,Pickaxe_ID_106_DarkBomber,Thunder Crash,pickaxe,dark,DARK SERIES,Lightning & Thunderstorms,1,6,2019-11-20T12:50:54Z
2026-10-06,v2:/9a0328c7d244f15c175cf27a69d879cb470b7785e081e8cf34f263a97b2a363a,[VIRTUAL]1 x Bonnie's Guitar Case for 300 MtxCurrency,300,300,0,0.0,0,2026-10-01T00:00:00Z,2026-10-31T23:59:59.999Z,1,0,-2,5Nights,Five Nights at Freddy's,196,tileGrid,Size_1_x_1,,0,,1,br,Backpack_TearErrand,Bonnie's Guitar Case,backpack,gaminglegends,Gaming Legends Series,Five Nights at Freddy's,7,4,2026-10-01T08:00:00Z
2026-10-06,v2:/deee94cbcfd3599bb9cd070b4dc0979c8554ad6e870cb498503e75db4d25fc97,[VIRTUAL]1 x Yuno's Grimoire for 300 MtxCurrency,300,300,0,0.0,0,2026-10-04T00:00:00Z,2026-10-13T23:59:59.999Z,1,0,-1,BlackClover,Black Clover ,197,tileGrid,Size_1_x_1,,0,,1,br,Backpack_SwornSnout,Yuno's Grimoire,backpack,rare,,Black Clover,7,4,2026-10-03T13:00:46Z
2026-10-06,v2:/bfd0907bc6c6cfde563c18168076373eb6881487d59ff13e095073750b8366ac,[VIRTUAL]1 x Obsidian Chessboard for 500 MtxCurrency,500,500,0,0.0,0,2026-10-04T00:00:00Z,2026-10-06T23:59:59.999Z,1,0,-2,FND100626,Showcase ,185,tileGrid,Size_1_x_1,,0,,1,br,Wrap_MatteDecoy,Obsidian Chessboard,wrap,rare,,Chess Kingdom,7,3,2026-07-16T08:32:04Z
2026-10-06,v2:/590e6698a4655836b580f67b9d82e3255dd162c33db293388bfe6de6fdb389db,[VIRTUAL]1 x Fell On Black Days for 500 MtxCurrency,500,500,0,0.0,0,2026-10-02T00:00:00Z,2026-10-08T23:59:59.999Z,1,0,-7,JT100226NoV,Jam Tracks,181,tileGrid,Size_1_x_1,,0,,1,track,sid_placeholder_380,Fell On Black Days,,,,,,,2024-10-10T13:34:27Z
2026-10-06,v2:/1aa5c18080df5cf40ae05a9d9f24f457bda13133de48f6521ca0cc055940e2ce,"[VIRTUAL]1 x Marshall Never More, 1 x Raven's Stare, 1 x Axe 'Bout Me, 1 x Raven Express, 1 x Mom's Spaghetti for -1 MtxCurrency",3200,2000,1200,0.375,1,2026-10-06T00:00:00Z,2026-10-10T23:59:59.999Z,1,0,-3,Eminem1Icon,Eminem,190,tileGrid,Size_2_x_1,Selectable Styles!,1,Marshall Never More Bundle,5,br,Character_BraveBuild,Marshall Never More,outfit,icon,Icon Series,Eminem,4,OG,2023-11-28T15:26:41Z
2026-10-06,v2:/1aa5c18080df5cf40ae05a9d9f24f457bda13133de48f6521ca0cc055940e2ce,"[VIRTUAL]1 x Marshall Never More, 1 x Raven's Stare, 1 x Axe 'Bout Me, 1 x Raven Express, 1 x Mom's Spaghetti for -1 MtxCurrency",3200,2000,1200,0.375,1,2026-10-06T00:00:00Z,2026-10-10T23:59:59.999Z,1,0,-3,Eminem1Icon,Eminem,190,tileGrid,Size_2_x_1,Selectable Styles!,1,Marshall Never More Bundle,5,br,Backpack_BraveBuild,Raven's Stare,backpack,icon,Icon Series,Eminem,4,OG,2023-11-28T15:26:41Z
2026-10-06,v2:/1aa5c18080df5cf40ae05a9d9f24f457bda13133de48f6521ca0cc055940e2ce,"[VIRTUAL]1 x Marshall Never More, 1 x Raven's Stare, 1 x Axe 'Bout Me, 1 x Raven Express, 1 x Mom's Spaghetti for -1 MtxCurrency",3200,2000,1200,0.375,1,2026-10-06T00:00:00Z,2026-10-10T23:59:59.999Z,1,0,-3,Eminem1Icon,Eminem,190,tileGrid,Size_2_x_1,Selectable Styles!,1,Marshall Never More Bundle,5,br,Pickaxe_BraveBuild,Axe 'Bout Me,pickaxe,icon,Icon Series,Eminem,4,OG,2023-11-28T15:26:41Z
2026-10-06,v2:/1aa5c18080df5cf40ae05a9d9f24f457bda13133de48f6521ca0cc055940e2ce,"[VIRTUAL]1 x Marshall Never More, 1 x Raven's Stare, 1 x Axe 'Bout Me, 1 x Raven Express, 1 x Mom's Spaghetti for -1 MtxCurrency",3200,2000,1200,0.375,1,2026-10-06T00:00:00Z,2026-10-10T23:59:59.999Z,1,0,-3,Eminem1Icon,Eminem,190,tileGrid,Size_2_x_1,Selectable Styles!,1,Marshall Never More Bundle,5,br,Glider_BraveBuild,Raven Express,glider,icon,Icon Series,Eminem,4,OG,2023-11-28T15:26:41Z
2026-10-06,v2:/1aa5c18080df5cf40ae05a9d9f24f457bda13133de48f6521ca0cc055940e2ce,"[VIRTUAL]1 x Marshall Never More, 1 x Raven's Stare, 1 x Axe 'Bout Me, 1 x Raven Express, 1 x Mom's Spaghetti for -1 MtxCurrency",3200,2000,1200,0.375,1,2026-10-06T00:00:00Z,2026-10-10T23:59:59.999Z,1,0,-3,Eminem1Icon,Eminem,190,tileGrid,Size_2_x_1,Selectable Styles!,1,Marshall Never More Bundle,5,br,Backpack_HeavyRoarCarton,Mom's Spaghetti,backpack,icon,Icon Series,Eminem,4,OG,2023-11-28T15:26:41Z
2026-10-06,v2:/b9236d0b60ac3d739532a8f1cd9bd606959151167300e97d57165e492e6207ec,[VIRTUAL]1 x Bones for 500 MtxCurrency,500,500,0,0.0,0,2026-10-02T00:00:00Z,2026-10-08T23:59:59.999Z,1,0,-5,JT100226NoV,Jam Tracks,181,tileGrid,Size_1_x_1,,0,,1,track,sid_placeholder_348,Bones,,,,,,,2025-01-02T14:36:01Z
2026-10-06,v2:/9e63e26e47e5caa2d24783eeefad0a7372371935e4285961557cd54c7c4eb03e,[VIRTUAL]1 x Surround Sound for 500 MtxCurrency,500,500,0,0.0,0,2026-10-01T00:00:00Z,2026-10-31T23:59:59.999Z,1,0,-11,JT100226NoV,Jam Tracks,181,expandableList,Size_1_x_1,,0,,1,track,sid_placeholder_155,Surround Sound,,,,,,,2024-02-29T00:02:26Z
2026-10-06,v2:/fdf03b1b3a1af4ef89f165a67c07ef59e249d7e18f3b364ae77b3223aaaf7712,[VIRTUAL]1 x Take My Breath for 500 MtxCurrency,500,500,0,0.0,0,2026-10-01T00:00:00Z,2026-10-31T23:59:59.999Z,1,0,-34,JT100226NoV,Jam Tracks,181,expandableList,Size_1_x_1,,0,,1,track,sid_placeholder_76,Take My Breath,,,,,,,2023-12-09T15:00:00Z
2026-10-06,v2:/2bcf5900d8bb0fc6e19d5343d9077794f5b68e7cba90c73f00a451ec633dfb73,[VIRTUAL]1 x TBD (SID_Placeholder_574) for 500 MtxCurrency,500,500,0,0.0,0,2026-10-02T00:00:00Z,2026-10-08T23:59:59.999Z,1,0,-6,JT100226NoV,Jam Tracks,181,tileGrid,Size_1_x_1,,0,,1,track,sid_placeholder_574,2055,,,,,,,2025-04-16T12:01:49Z
2026-10-06,v2:/3ed67cb52654f2b06c18c80665a09a1c2dde4e9d817807f64b6fb836c668ee60,[VIRTUAL]1 x Go With The Flow for 500 MtxCurrency,500,500,0,0.0,0,2026-10-01T00:00:00Z,2026-10-31T23:59:59.999Z,1,0,-49,JT100226NoV,Jam Tracks,181,expandableList,Size_1_x_1,,0,,1,track,sid_placeholder_84,Go With The Flow,,,,,,,2023-12-13T00:00:00Z
2026-10-06,v2:/fd6f3c8dbab32dd0e667e04e0040fe398a1faa3b7eec9da78903fdb305181d79,[VIRTUAL]1 x TBD (SID_Placeholder_541) for 500 MtxCurrency,500,500,0,0.0,0,2026-10-02T00:00:00Z,2026-10-08T23:59:59.999Z,1,0,-8,JT100226NoV,Jam Tracks,181,tileGrid,Size_1_x_1,,0,,1,track,sid_placeholder_541,Decade,,,,,,,2025-03-13T14:24:29Z
2026-10-06,v2:/dd1d1b373da188c9bd1faecb5091e146a071a0044be169a189e1389b5d440bb5,[VIRTUAL]1 x Chica Chicake for 300 MtxCurrency,300,300,0,0.0,0,2026-10-01T00:00:00Z,2026-10-31T23:59:59.999Z,1,0,-2,5Nights,Five Nights at Freddy's,196,tileGrid,Size_1_x_1,,0,,1,br,Backpack_SushiAware,Chica Chicake,backpack,gaminglegends,Gaming Legends Series,Five Nights at Freddy's,7,4,2026-10-01T08:00:00Z
2026-10-06,v2:/a0a065eaa8b1618946fdd110a158b3e4e0ccf46ab1b5d80cb07fec50b62b6a38,[VIRTUAL]1 x bb belt for 500 MtxCurrency,500,500,0,0.0,0,2026-10-06T00:00:00Z,2026-10-09T23:59:59.999Z,1,0,-2,VV100626,Hype Time,189,tileGrid,Size_1_x_1,,0,,1,br,EID_Bling,bb belt,emote,icon,Icon Series,,6,2,2025-04-08T08:41:18Z
2026-10-06,v2:/d43a702c7ef864b7dfdb0d1edf31689eb2ae1dad3da6e61cce26a1dbf116251c,[VIRTUAL]1 x Freddy's Back Boiler for 500 MtxCurrency,500,500,0,0.0,0,2026-10-03T00:00:00Z,2026-10-16T23:59:59.999Z,1,0,-1,FreddyK,A Nightmare on Elm Street,195,tileGrid,Size_1_x_1,,0,,1,br,Backpack_ApronChow,Freddy's Back Boiler,backpack,rare,,Freddy Krueger,7,4,2026-10-02T13:00:13Z
2026-10-06,v2:/13eaf0f10cf91755393c1bf4abb8eea86b2b47b40c258214e07c043fcb235ebd,[VIRTUAL]1 x Marius for 800 MtxCurrency,800,800,0,0.0,0,2026-10-06T00:00:00Z,2026-10-12T23:59:59.999Z,1,0,-4,NoSweat100626,No Sweat,188,tileGrid,Size_1_x_1,,0,,1,br,CID_A_095_Athena_Commando_M_DoubleAgentGrey,Marius,outfit,uncommon,,Metro Runner,2,6,2021-05-11T08:22:29Z
2026-10-06,v2:/7759b9c04980bcc7b6bccd7efa23cafd6b73ba0e35960dac194ca66007910d2f,[VIRTUAL]1 x (Don't Fear) The Reaper for 500 MtxCurrency,500,500,0,0.0,0,2026-10-01T00:00:00Z,2026-10-17T23:59:59.999Z,1,0,-8,JT100226NoV,Jam Tracks,181,expandableList,Size_1_x_1,,0,,1,track,sid_placeholder_20,(Don't Fear) The Reaper,,,,,,,2024-03-20T00:05:45Z
2026-10-06,v2:/c2bc90bddb78d18d02000824341c553e44ca8cec8a7ca5e4ff060a8152b59a6a,[VIRTUAL]1 x Breed for 500 MtxCurrency,500,500,0,0.0,0,2026-10-01T00:00:00Z,2026-10-31T23:59:59.999Z,1,0,-9,JT100226NoV,Jam Tracks,181,expandableList,Size_1_x_1,,0,,1,track,sid_placeholder_201,Breed,,,,,,,2024-04-30T14:34:03Z
2026-10-06,v2:/385bda9ebe17d81e23c380776f3e4910c422cf61e4515e52f6d0fc83bd6f38c4,"[VIRTUAL]1 x 007's Aston Martin DB5, 1 x Reel Life, 1 x Solid Gold, 1 x Aston Martin DB5, 1 x Flames, 1 x Stripes, 1 x Wings, 1 x Lightning, 1 x 007's Aston Martin DB5 for -1 MtxCurrency",2000,2000,0,0.0,0,2026-10-06T00:00:00Z,2026-10-12T23:59:59.999Z,1,0,-1,007AstonMartinDB5,Aston Martin DB5 ,180,tileGrid,Size_3_x_1,Decals in this bundle are restricted to the 007’s Aston Martin DB5 body.,1,007’s Aston Martin DB5,9,car,CarBody_Amber,007's Aston Martin DB5,body,uncommon,ASTON MARTIN SERIES,,,,2026-04-16T08:20:44Z
2026-10-06,v2:/385bda9ebe17d81e23c380776f3e4910c422cf61e4515e52f6d0fc83bd6f38c4,"[VIRTUAL]1 x 007's Aston Martin DB5, 1 x Reel Life, 1 x Solid Gold, 1 x Aston Martin DB5, 1 x Flames, 1 x Stripes, 1 x Wings, 1 x Lightning, 1 x 007's Aston Martin DB5 for -1 MtxCurrency",2000,2000,0,0.0,0,2026-10-06T00:00:00Z,2026-10-12T23:59:59.999Z,1,0,-1,007AstonMartinDB5,Aston Martin DB5 ,180,tileGrid,Size_3_x_1,Decals in this bundle are restricted to the 007’s Aston Martin DB5 body.,1,007’s Aston Martin DB5,9,car,CarSkin_Amber,Reel Life,skin,common,ASTON MARTIN SERIES,,,,2026-04-16T08:20:44Z
2026-10-06,v2:/385bda9ebe17d81e23c380776f3e4910c422cf61e4515e52f6d0fc83bd6f38c4,"[VIRTUAL]1 x 007's Aston Martin DB5, 1 x Reel Life, 1 x Solid Gold, 1 x Aston Martin DB5, 1 x Flames, 1 x Stripes, 1 x Wings, 1 x Lightning, 1 x 007's Aston Martin DB5 for -1 MtxCurrency",2000,2000,0,0.0,0,2026-10-06T00:00:00Z,2026-10-12T23:59:59.999Z,1,0,-1,007AstonMartinDB5,Aston Martin DB5 ,180,tileGrid,Size_3_x_1,Decals in this bundle are restricted to the 007’s Aston Martin DB5 body.,1,007’s Aston Martin DB5,9,car,CarSkin_AmberLivery01,Solid Gold,skin,uncommon,ASTON MARTIN SERIES,,,,2026-04-16T08:20:44Z
2026-10-06,v2:/385bda9ebe17d81e23c380776f3e4910c422cf61e4515e52f6d0fc83bd6f38c4,"[VIRTUAL]1 x 007's Aston Martin DB5, 1 x Reel Life, 1 x Solid Gold, 1 x Aston Martin DB5, 1 x Flames, 1 x Stripes, 1 x Wings, 1 x Lightning, 1 x 007's Aston Martin DB5 for -1 MtxCurrency",2000,2000,0,0.0,0,2026-10-06T00:00:00Z,2026-10-12T23:59:59.999Z,1,0,-1,007AstonMartinDB5,Aston Martin DB5 ,180,tileGrid,Size_3_x_1,Decals in this bundle are restricted to the 007’s Aston Martin DB5 body.,1,007’s Aston Martin DB5,9,car,CarSkin_AmberDefault,Aston Martin DB5,skin,common,ASTON MARTIN SERIES,,,,2026-04-16T08:20:44Z
2026-10-06,v2:/385bda9ebe17d81e23c380776f3e4910c422cf61e4515e52f6d0fc83bd6f38c4,"[VIRTUAL]1 x 007's Aston Martin DB5, 1 x Reel Life, 1 x Solid Gold, 1 x Aston Martin DB5, 1 x Flames, 1 x Stripes, 1 x Wings, 1 x Lightning, 1 x 007's Aston Martin DB5 for -1 MtxCurrency",2000,2000,0,0.0,0,2026-10-06T00:00:00Z,2026-10-12T23:59:59.999Z,1,0,-1,007AstonMartinDB5,Aston Martin DB5 ,180,tileGrid,Size_3_x_1,Decals in this bundle are restricted to the 007’s Aston Martin DB5 body.,1,007’s Aston Martin DB5,9,car,CarSkin_AmberFlames,Flames,skin,common,ASTON MARTIN SERIES,,,,2026-04-16T08:20:44Z
2026-10-06,v2:/385bda9ebe17d81e23c380776f3e4910c422cf61e4515e52f6d0fc83bd6f38c4,"[VIRTUAL]1 x 007's Aston Martin DB5, 1 x Reel Life, 1 x Solid Gold, 1 x Aston Martin DB5, 1 x Flames, 1 x Stripes, 1 x Wings, 1 x Lightning, 1 x 007's Aston Martin DB5 for -1 MtxCurrency",2000,2000,0,0.0,0,2026-10-06T00:00:00Z,2026-10-12T23:59:59.999Z,1,0,-1,007AstonMartinDB5,Aston Martin DB5 ,180,tileGrid,Size_3_x_1,Decals in this bundle are restricted to the 007’s Aston Martin DB5 body.,1,007’s Aston Martin DB5,9,car,CarSkin_AmberStripes,Stripes,skin,common,ASTON MARTIN SERIES,,,,2026-04-16T08:20:44Z
2026-10-06,v2:/385bda9ebe17d81e23c380776f3e4910c422cf61e4515e52f6d0fc83bd6f38c4,"[VIRTUAL]1 x 007's Aston Martin DB5, 1 x Reel Life, 1 x Solid Gold, 1 x Aston Martin DB5, 1 x Flames, 1 x Stripes, 1 x Wings, 1 x Lightning, 1 x 007's Aston Martin DB5 for -1 MtxCurrency",2000,2000,0,0.0,0,2026-10-06T00:00:00Z,2026-10-12T23:59:59.999Z,1,0,-1,007AstonMartinDB5,Aston Martin DB5 ,180,tileGrid,Size_3_x_1,Decals in this bundle are restricted to the 007’s Aston Martin DB5 body.,1,007’s Aston Martin DB5,9,car,CarSkin_AmberWings,Wings,skin,common,ASTON MARTIN SERIES,,,,2026-04-16T08:20:44Z
2026-10-06,v2:/385bda9ebe17d81e23c380776f3e4910c422cf61e4515e52f6d0fc83bd6f38c4,"[VIRTUAL]1 x 007's Aston Martin DB5, 1 x Reel Life, 1 x Solid Gold, 1 x Aston Martin DB5, 1 x Flames, 1 x Stripes, 1 x Wings, 1 x Lightning, 1 x 007's Aston Martin DB5 for -1 MtxCurrency",2000,2000,0,0.0,0,2026-10-06T00:00:00Z,2026-10-12T23:59:59.999Z,1,0,-1,007AstonMartinDB5,Aston Martin DB5 ,180,tileGrid,Size_3_x_1,Decals in this bundle are restricted to the 007’s Aston Martin DB5 body.,1,007’s Aston Martin DB5,9,car,CarSkin_AmberLightning,Lightning,skin,common,ASTON MARTIN SERIES,,,,2026-04-16T08:20:44Z
2026-10-06,v2:/385bda9ebe17d81e23c380776f3e4910c422cf61e4515e52f6d0fc83bd6f38c4,"[VIRTUAL]1 x 007's Aston Martin DB5, 1 x Reel Life, 1 x Solid Gold, 1 x Aston Martin DB5, 1 x Flames, 1 x Stripes, 1 x Wings, 1 x Lightning, 1 x 007's Aston Martin DB5 for -1 MtxCurrency",2000,2000,0,0.0,0,2026-10-06T00:00:00Z,2026-10-12T23:59:59.999Z,1,0,-1,007AstonMartinDB5,Aston Martin DB5 ,180,tileGrid,Size_3_x_1,Decals in this bundle are restricted to the 007’s Aston Martin DB5 body.,1,007’s Aston Martin DB5,9,car,Wheel_Amber,007's Aston Martin DB5,wheel,uncommon,ASTON MARTIN SERIES,,,,2026-04-16T08:20:44Z
2026-10-06,v2:/06248e8783ffa8bc94d47c195b4731b5b061ab66c79b2f9ddbd23d4ef4670c31,[VIRTUAL]1 x Krueger Specials for 800 MtxCurrency,800,800,0,0.0,0,2026-10-03T00:00:00Z,2026-10-16T23:59:59.999Z,1,0,-2,FreddyK,A Nightmare on Elm Street,195,tileGrid,Size_1_x_1,,0,,1,br,Shoes_ApronChow,Krueger Specials,shoe,uncommon,,Freddy Krueger,7,4,2026-10-01T18:37:28Z
2026-10-06,v2:/8c6c637717ebf06b306497aae6624781715a652ff5695c4fa0b5bd36bd106a9d,"[VIRTUAL]1 x Freddy Krueger, 1 x Freddy's Glove, 1 x Freddy's Coming, 1 x Freddy's Back Boiler, 1 x Freddy's Flames, 1 x Krueger Specials, 1 x Freddy's Boilermaker, 1 x Freddy's Boilermaker, 1 x Freddy's Boilermaker for -1 MtxCurrency",4700,2300,2400,0.5106,1,2026-10-03T00:00:00Z,2026-10-16T23:59:59.999Z,1,0,-1,FreddyK,A Nightmare on Elm Street,195,tileGrid,Size_4_x_1,,1,A Nightmare on Elm Street Bundle,9,br,Character_ApronChow,Freddy Krueger,outfit,epic,,Freddy Krueger,7,4,2026-10-02T13:00:13Z
2026-10-06,v2:/8c6c637717ebf06b306497aae6624781715a652ff5695c4fa0b5bd36bd106a9d,"[VIRTUAL]1 x Freddy Krueger, 1 x Freddy's Glove, 1 x Freddy's Coming, 1 x Freddy's Back Boiler, 1 x Freddy's Flames, 1 x Krueger Specials, 1 x Freddy's Boilermaker, 1 x Freddy's Boilermaker, 1 x Freddy's Boilermaker for -1 MtxCurrency",4700,2300,2400,0.5106,1,2026-10-03T00:00:00Z,2026-10-16T23:59:59.999Z,1,0,-1,FreddyK,A Nightmare on Elm Street,195,tileGrid,Size_4_x_1,,1,A Nightmare on Elm Street Bundle,9,br,Pickaxe_ApronChow,Freddy's Glove,pickaxe,rare,,Freddy Krueger,7,4,2026-10-02T13:00:13Z
2026-10-06,v2:/8c6c637717ebf06b306497aae6624781715a652ff5695c4fa0b5bd36bd106a9d,"[VIRTUAL]1 x Freddy Krueger, 1 x Freddy's Glove, 1 x Freddy's Coming, 1 x Freddy's Back Boiler, 1 x Freddy's Flames, 1 x Krueger Specials, 1 x Freddy's Boilermaker, 1 x Freddy's Boilermaker, 1 x Freddy's Boilermaker for -1 MtxCurrency",4700,2300,2400,0.5106,1,2026-10-03T00:00:00Z,2026-10-16T23:59:59.999Z,1,0,-1,FreddyK,A Nightmare on Elm Street,195,tileGrid,Size_4_x_1,,1,A Nightmare on Elm Street Bundle,9,br,EID_ApronChow,Freddy's Coming,emote,uncommon,,Freddy Krueger,7,4,2026-10-02T13:00:13Z
2026-10-06,v2:/8c6c637717ebf06b306497aae6624781715a652ff5695c4fa0b5bd36bd106a9d,"[VIRTUAL]1 x Freddy Krueger, 1 x Freddy's Glove, 1 x Freddy's Coming, 1 x Freddy's Back Boiler, 1 x Freddy's Flames, 1 x Krueger Specials, 1 x Freddy's Boilermaker, 1 x Freddy's Boilermaker, 1 x Freddy's Boilermaker for -1 MtxCurrency",4700,2300,2400,0.5106,1,2026-10-03T00:00:00Z,2026-10-16T23:59:59.999Z,1,0,-1,FreddyK,A Nightmare on Elm Street,195,tileGrid,Size_4_x_1,,1,A Nightmare on Elm Street Bundle,9,br,Backpack_ApronChow,Freddy's Back Boiler,backpack,rare,,Freddy Krueger,7,4,2026-10-02T13:00:13Z
2026-10-06,v2:/8c6c637717ebf06b306497aae6624781715a652ff5695c4fa0b5bd36bd106a9d,"[VIRTUAL]1 x Freddy Krueger, 1 x Freddy's Glove, 1 x Freddy's Coming, 1 x Freddy's Back Boiler, 1 x Freddy's Flames, 1 x Krueger Specials, 1 x Freddy's Boilermaker, 1 x Freddy's Boilermaker, 1 x Freddy's Boilermaker for -1 MtxCurrency",4700,2300,2400,0.5106,1,2026-10-03T00:00:00Z,2026-10-16T23:59:59.999Z,1,0,-1,FreddyK,A Nightmare on Elm Street,195,tileGrid,Size_4_x_1,,1,A Nightmare on Elm Street Bundle,9,br,Wrap_ApronChow,Freddy's Flames,wrap,rare,,Freddy Krueger,7,4,2026-10-02T13:00:13Z
2026-10-06,v2:/8c6c637717ebf06b306497aae6624781715a652ff5695c4fa0b5bd36bd106a9d,"[VIRTUAL]1 x Freddy Krueger, 1 x Freddy's Glove, 1 x Freddy's Coming, 1 x Freddy's Back Boiler, 1 x Freddy's Flames, 1 x Krueger Specials, 1 x Freddy's Boilermaker, 1 x Freddy's Boilermaker, 1 x Freddy's Boilermaker for -1 MtxCurrency",4700,2300,2400,0.5106,1,2026-10-03T00:00:00Z,2026-10-16T23:59:59.999Z,1,0,-1,FreddyK,A Nightmare on Elm Street,195,tileGrid,Size_4_x_1,,1,A Nightmare on Elm Street Bundle,9,br,Shoes_ApronChow,Krueger Specials,shoe,uncommon,,Freddy Krueger,7,4,2026-10-01T18:37:28Z
2026-10-06,v2:/8c6c637717ebf06b306497aae6624781715a652ff5695c4fa0b5bd36bd106a9d,"[VIRTUAL]1 x Freddy Krueger, 1 x Freddy's Glove, 1 x Freddy's Coming, 1 x Freddy's Back Boiler, 1 x Freddy's Flames, 1 x Krueger Specials, 1 x Freddy's Boilermaker, 1 x Freddy's Boilermaker, 1 x Freddy's Boilermaker for -1 MtxCurrency",4700,2300,2400,0.5106,1,2026-10-03T00:00:00Z,2026-10-16T23:59:59.999Z,1,0,-1,FreddyK,A Nightmare on Elm Street,195,tileGrid,Size_4_x_1,,1,A Nightmare on Elm Street Bundle,9,br,Backpack_ApronChow_Guitar,Freddy's Boilermaker,backpack,rare,,Freddy Krueger,7,4,2026-10-02T13:00:13Z
2026-10-06,v2:/8c6c637717ebf06b306497aae6624781715a652ff5695c4fa0b5bd36bd106a9d,"[VIRTUAL]1 x Freddy Krueger, 1 x Freddy's Glove, 1 x Freddy's Coming, 1 x Freddy's Back Boiler, 1 x Freddy's Flames, 1 x Krueger Specials, 1 x Freddy's Boilermaker, 1 x Freddy's Boilermaker, 1 x Freddy's Boilermaker for -1 MtxCurrency",4700,2300,2400,0.5106,1,2026-10-03T00:00:00Z,2026-10-16T23:59:59.999Z,1,0,-1,FreddyK,A Nightmare on Elm Street,195,tileGrid,Size_4_x_1,,1,A Nightmare on Elm Street Bundle,9,br,Pickaxe_ApronChow_Guitar,Freddy's Boilermaker,pickaxe,rare,,Freddy Krueger,7,4,2026-10-02T13:00:13Z
2026-10-06,v2:/8c6c637717ebf06b306497aae6624781715a652ff5695c4fa0b5bd36bd106a9d,"[VIRTUAL]1 x Freddy Krueger, 1 x Freddy's Glove, 1 x Freddy's Coming, 1 x Freddy's Back Boiler, 1 x Freddy's Flames, 1 x Krueger Specials, 1 x Freddy's Boilermaker, 1 x Freddy's Boilermaker, 1 x Freddy's Boilermaker for -1 MtxCurrency",4700,2300,2400,0.5106,1,2026-10-03T00:00:00Z,2026-10-16T23:59:59.999Z,1,0,-1,FreddyK,A Nightmare on Elm Street,195,tileGrid,Size_4_x_1,,1,A Nightmare on Elm Street Bundle,9,instrument,Sparks_ApronChow_Guitar,Freddy's Boilermaker,guitar,common,,,,,2026-10-02T13:00:13Z
2026-10-06,v2:/27c72de4822dea490f867ae548a2b427c0bd147caa4c7c589037fb114bce4957,[VIRTUAL]1 x Roar for 500 MtxCurrency,500,500,0,0.0,0,2026-10-04T00:00:00Z,2026-10-07T23:59:59.999Z,1,0,-5,VV100626,Hype Time,189,tileGrid,Size_1_x_1,,0,,1,br,EID_FatCats,Roar,emote,icon,Icon Series,,6,2,2025-03-19T00:00:00Z
2026-10-06,v2:/c504142a30fd63811f66802f0451fdbddeb477ef225b6914e70ec70842a7c210,[VIRTUAL]1 x TBD (SID_Placeholder_579) for 500 MtxCurrency,500,500,0,0.0,0,2026-10-01T00:00:00Z,2026-10-31T23:59:59.999Z,1,0,-25,JT100226NoV,Jam Tracks,181,expandableList,Size_1_x_1,,0,,1,track,sid_placeholder_579,Seven,,,,,,,2025-06-10T17:01:18Z
2026-10-06,v2:/8ffdfa208f1dfc3ba08410c48d4ff85cd8fae0108bce92d7d2e1cbf2ab599acf,[VIRTUAL]1 x Demons for 500 MtxCurrency,500,500,0,0.0,0,2026-10-01T00:00:00Z,2026-10-31T23:59:59.999Z,1,0,-79,JT100226NoV,Jam Tracks,181,expandableList,Size_1_x_1,,0,,1,track,sid_placeholder_349,Demons,,,,,,,2025-01-02T14:36:01Z
2026-10-06,v2:/15322bbb612c35a42522387f882b0e39bb027315d7e8443dea1284964b929317,[VIRTUAL]1 x TBD (SID_Placeholder_841) for 500 MtxCurrency,500,500,0,0.0,0,2026-10-02T00:00:00Z,2026-10-08T23:59:59.999Z,1,0,-1,JT100226NoV,Jam Tracks,181,tileGrid,Size_1_x_1,,0,,1,track,sid_placeholder_841,Freakin' Out,,,,,,,2026-07-21T15:31:05Z
2026-10-06,v2:/08c95a2b2cabd0b0efbdb95bfb1fe557425e360b33194518b94749c2b6871b4b,[VIRTUAL]1 x For The Night for 500 MtxCurrency,500,500,0,0.0,0,2026-10-01T00:00:00Z,2026-10-31T23:59:59.999Z,1,0,-36,JT100226NoV,Jam Tracks,181,expandableList,Size_1_x_1,,0,,1,track,sid_placeholder_413,For The Night,,,,,,,2024-11-07T17:50:41Z
2026-10-06,v2:/a045170c60a63146f9ca46d8ffdf3acdbd6672fe97b3242baa5bb15b5506a8a5,[VIRTUAL]1 x Let You Down for 500 MtxCurrency,500,500,0,0.0,0,2026-10-01T00:00:00Z,2026-10-31T23:59:59.999Z,1,0,-16,JT100226NoV,Jam Tracks,181,expandableList,Size_1_x_1,,0,,1,track,sid_placeholder_268,Let You Down,,,,,,,2024-07-18T13:57:48Z
2026-10-06,v2:/808314e6fa85fd0a3f47e81451a85be1fe7bdcfee9abefdc31661876f9fa4f4b,[VIRTUAL]1 x T-Square for 500 MtxCurrency,500,500,0,0.0,0,2026-10-06T00:00:00Z,2026-10-06T23:59:59.999Z,1,0,-1,BR100626,Loadout Goals ,184,tileGrid,Size_1_x_1,,0,,1,br,Pickaxe_ID_136_Math,T-Square,pickaxe,uncommon,,Calculator Crew,1,7,2019-11-20T12:48:03Z
2026-10-06,v2:/11b1e0b66fac3f0e4b4f84dec66c72a303966662ce87adbf3879a07de50354b7,[VIRTUAL]1 x TBD (SID_Placeholder_649) for 500 MtxCurrency,500,500,0,0.0,0,2026-10-01T00:00:00Z,2026-10-31T23:59:59.999Z,1,0,-86,JT100226NoV,Jam Tracks,181,expandableList,Size_1_x_1,,0,,1,track,sid_placeholder_649,Scary Monsters and Nice Sprites,,,,,,,2025-08-13T00:00:00Z
2026-10-06,v2:/cebbbf7263e4b3917136dca3bbaaf251f9417fa3882654d9bd3354e409224e14,"[VIRTUAL]1 x Slim Shady, 1 x Shady Boombox for -1 MtxCurrency",1900,1900,0,0.0,0,2026-10-06T00:00:00Z,2026-10-10T23:59:59.999Z,1,0,-6,Eminem1Icon,Eminem,190,tileGrid,Size_2_x_1,Switch styles with the built-in <highlight>MASK UP</> Transform Emote! <highlight>SHADY BOOMBOX</> reactive to music!,0,,2,br,Character_HeavyRoar,Slim Shady,outfit,icon,Icon Series,Eminem,4,OG,2023-11-28T15:26:41Z
2026-10-06,v2:/cebbbf7263e4b3917136dca3bbaaf251f9417fa3882654d9bd3354e409224e14,"[VIRTUAL]1 x Slim Shady, 1 x Shady Boombox for -1 MtxCurrency",1900,1900,0,0.0,0,2026-10-06T00:00:00Z,2026-10-10T23:59:59.999Z,1,0,-6,Eminem1Icon,Eminem,190,tileGrid,Size_2_x_1,Switch styles with the built-in <highlight>MASK UP</> Transform Emote! <highlight>SHADY BOOMBOX</> reactive to music!,0,,2,br,Backpack_HeavyRoar,Shady Boombox,backpack,icon,Icon Series,Eminem,4,OG,2023-11-28T15:26:41Z
2026-10-06,v2:/2d01fc5fa55cae1a9156bdf6bbda1440ddac418c8eb40f9643c47ab3c03e358f,[VIRTUAL]1 x Would? for 500 MtxCurrency,500,500,0,0.0,0,2026-10-01T00:00:00Z,2026-10-31T23:59:59.999Z,1,0,-29,JT100226NoV,Jam Tracks,181,expandableList,Size_1_x_1,,0,,1,track,sid_placeholder_224,Would?,,,,,,,2024-07-26T00:00:00Z
2026-10-06,v2:/b72a21518ef0c78ebddf982f277812812e8c20143ea23100431e81dd59bbadae,[VIRTUAL]1 x Take Me Higher for 500 MtxCurrency,500,500,0,0.0,0,2026-10-02T00:00:00Z,2026-10-08T23:59:59.999Z,1,0,-3,JT100226NoV,Jam Tracks,181,tileGrid,Size_1_x_1,,0,,1,track,sid_placeholder_61,Take Me Higher,,,,,,,2024-01-05T21:55:08Z
2026-10-06,v2:/9ce0dc0695947430918333a0eb4378ea0d78c04dd284b2aa14fff264bd94b573,[VIRTUAL]1 x Ivory Chessboard for 500 MtxCurrency,500,500,0,0.0,0,2026-10-04T00:00:00Z,2026-10-06T23:59:59.999Z,1,0,-1,FND100626,Showcase ,185,tileGrid,Size_1_x_1,,0,,1,br,Wrap_CreamDecoy,Ivory Chessboard,wrap,rare,,Chess Kingdom,7,3,2026-07-16T08:32:04Z
2026-10-06,v2:/fc668aeae28d066d3b9658a3ec47a1dbb1d95eec39af00c13f0846a8c2f89811,[VIRTUAL]1 x TBD (SID_Placeholder_748) for 500 MtxCurrency,500,500,0,0.0,0,2026-10-01T00:00:00Z,2026-10-31T23:59:59.999Z,1,0,-71,JT100226NoV,Jam Tracks,181,expandableList,Size_1_x_1,,0,,1,track,sid_placeholder_748,Shy Girl,,,,,,,2026-03-05T15:30:10Z
2026-10-06,v2:/453a529980a4fb981188b3cba792b498b4129c178776f04a8e787f9469b9602a,[VIRTUAL]1 x Rap Monster for 500 MtxCurrency,500,500,0,0.0,0,2026-10-06T00:00:00Z,2026-10-10T23:59:59.999Z,1,0,-2,Eminem1Icon,Eminem,190,tileGrid,Size_1_x_1,,0,,1,br,EID_ClayPlug,Rap Monster,emote,icon,Icon Series,Eminem,2,Remix,2024-11-13T10:14:32Z
2026-10-06,v2:/2a0f1abc70693608e035c87432e20fcb06b148a955d99b3eb328ff0cf20fba1f,[VIRTUAL]1 x Raven Express for 800 MtxCurrency,800,800,0,0.0,0,2026-10-06T00:00:00Z,2026-10-10T23:59:59.999Z,1,0,-3,Eminem1Icon,Eminem,190,tileGrid,Size_1_x_1,,0,,1,br,Glider_BraveBuild,Raven Express,glider,icon,Icon Series,Eminem,4,OG,2023-11-28T15:26:41Z
2026-10-06,v2:/c54fa493fc9f7286971d1ae117abc9877fbc13db7e1488b885367479a4c59964,"[VIRTUAL]1 x Grisabelle, 1 x Backbiter for -1 MtxCurrency",1200,1200,0,0.0,0,2026-10-05T00:00:00Z,2026-10-15T23:59:59.999Z,1,0,-2,FNM100626,Locker of Horrors,194,tileGrid,Size_1_x_1,,0,,2,br,CID_A_224_Athena_Commando_F_ScholarGhoul,Grisabelle,outfit,rare,,Oakwitch Academy,2,8,2021-10-12T08:35:19Z
2026-10-06,v2:/c54fa493fc9f7286971d1ae117abc9877fbc13db7e1488b885367479a4c59964,"[VIRTUAL]1 x Grisabelle, 1 x Backbiter for -1 MtxCurrency",1200,1200,0,0.0,0,2026-10-05T00:00:00Z,2026-10-15T23:59:59.999Z,1,0,-2,FNM100626,Locker of Horrors,194,tileGrid,Size_1_x_1,,0,,2,br,BID_881_ScholarGhoul,Backbiter,backpack,rare,,Oakwitch Academy,2,8,2021-10-12T08:35:19Z
2026-10-06,v2:/8851f3efb2853bfbeb55740f5629dea7f27617e6a2fb762d5221fc47e3736813,[VIRTUAL]1 x Furrocious Shadow for 500 MtxCurrency,500,500,0,0.0,0,2026-10-04T00:00:00Z,2026-10-06T23:59:59.999Z,1,0,-3,FNM100626,Locker of Horrors,194,tileGrid,Size_1_x_1,,0,,1,br,Wrap_EctoCat,Furrocious Shadow,wrap,rare,,Meownstrosity,4,4,2023-10-10T11:59:07Z
2026-10-06,v2:/b054f9cc6916029aac1b51b1383e5b131c1d3351864387b6cb753894da885146,"[VIRTUAL]1 x Brix Barton, 1 x Dual Drillbit for -1 MtxCurrency",1200,1200,0,0.0,0,2026-10-06T00:00:00Z,2026-10-12T23:59:59.999Z,1,0,-5,BR100626,Loadout Goals ,184,tileGrid,Size_1_x_1,,0,,2,br,Character_HydroIgnite,Brix Barton,outfit,rare,,,4,4,2023-09-12T09:40:36Z
2026-10-06,v2:/b054f9cc6916029aac1b51b1383e5b131c1d3351864387b6cb753894da885146,"[VIRTUAL]1 x Brix Barton, 1 x Dual Drillbit for -1 MtxCurrency",1200,1200,0,0.0,0,2026-10-06T00:00:00Z,2026-10-12T23:59:59.999Z,1,0,-5,BR100626,Loadout Goals ,184,tileGrid,Size_1_x_1,,0,,2,br,Backpack_HydroIgnite,Dual Drillbit,backpack,rare,,,4,4,2023-09-12T09:40:36Z
2026-10-06,v2:/d5375e513ac9f5ccce8f401baa580a8135791a504b853e307e838f06d2bb2dd3,[VIRTUAL]1 x 007's Aston Martin DB5 for 400 MtxCurrency,400,400,0,0.0,0,2026-10-06T00:00:00Z,2026-10-12T23:59:59.999Z,1,0,-1,,,,,Size_3_x_1,,0,,1,car,Wheel_Amber,007's Aston Martin DB5,wheel,uncommon,ASTON MARTIN SERIES,,,,2026-04-16T08:20:44Z
2026-10-06,v2:/b2516e9ec8e96295c0ad20723ea5075ea0f19a170efed9af94e99b525be5c580,[VIRTUAL]1 x Cake By The Ocean for 500 MtxCurrency,500,500,0,0.0,0,2026-10-01T00:00:00Z,2026-10-31T23:59:59.999Z,1,0,-15,JT100226NoV,Jam Tracks,181,expandableList,Size_1_x_1,,0,,1,track,sid_placeholder_26,Cake By The Ocean,,,,,,,2023-12-12T00:00:00Z
2026-10-06,v2:/9a22297fb33981ceb33d6a05c0fe80c7faf30af43c1d2faffd24ff646521f0d4,[VIRTUAL]1 x This Is How We Do It for 500 MtxCurrency,500,500,0,0.0,0,2026-10-01T00:00:00Z,2026-10-31T23:59:59.999Z,1,0,-82,JT100226NoV,Jam Tracks,181,expandableList,Size_1_x_1,,0,,1,track,sid_placeholder_213,This Is How We Do It,,,,,,,2024-04-30T14:34:03Z
2026-10-06,v2:/33d321a874bd5b7b2b14af75546c7aba808aeac2346df23ec8e0bcb723bf8e30,[VIRTUAL]1 x Ride Wit Me for 500 MtxCurrency,500,500,0,0.0,0,2026-10-01T00:00:00Z,2026-10-31T23:59:59.999Z,1,0,-45,JT100226NoV,Jam Tracks,181,expandableList,Size_1_x_1,,0,,1,track,sid_placeholder_105,Ride Wit Me,,,,,,,2024-02-22T10:58:10Z
2026-10-06,v2:/555a25d906c301b2c3793b2aa8c52acb514924d648172194f2c332f2cc50f77d,"[VIRTUAL]1 x Ivory Queen, 1 x Queen's Piece, 1 x Obsidian King, 1 x King's Piece, 1 x Falsetto Fianchetto, 1 x Falsetto Fianchetto, 1 x Falsetto Fianchetto, 1 x Knight Fall, 1 x Knight Fall, 1 x Knight Fall, 1 x Royal Ride, 1 x Ivory Chessboard, 1 x Obsidian Chessboard, 1 x Board Walkers for -1 MtxCurrency",6000,2100,3900,0.65,1,2026-10-04T00:00:00Z,2026-10-06T23:59:59.999Z,1,0,-1,FND100626,Showcase ,185,tileGrid,Size_2_x_1,,1,Chess Kingdom Bundle,14,br,Character_CreamDecoy,Ivory Queen,outfit,epic,,Chess Kingdom,7,3,2026-07-16T08:32:04Z
2026-10-06,v2:/555a25d906c301b2c3793b2aa8c52acb514924d648172194f2c332f2cc50f77d,"[VIRTUAL]1 x Ivory Queen, 1 x Queen's Piece, 1 x Obsidian King, 1 x King's Piece, 1 x Falsetto Fianchetto, 1 x Falsetto Fianchetto, 1 x Falsetto Fianchetto, 1 x Knight Fall, 1 x Knight Fall, 1 x Knight Fall, 1 x Royal Ride, 1 x Ivory Chessboard, 1 x Obsidian Chessboard, 1 x Board Walkers for -1 MtxCurrency",6000,2100,3900,0.65,1,2026-10-04T00:00:00Z,2026-10-06T23:59:59.999Z,1,0,-1,FND100626,Showcase ,185,tileGrid,Size_2_x_1,,1,Chess Kingdom Bundle,14,br,Backpack_CreamDecoy,Queen's Piece,backpack,rare,,Chess Kingdom,7,3,2026-07-16T08:32:04Z
2026-10-06,v2:/555a25d906c301b2c3793b2aa8c52acb514924d648172194f2c332f2cc50f77d,"[VIRTUAL]1 x Ivory Queen, 1 x Queen's Piece, 1 x Obsidian King, 1 x King's Piece, 1 x Falsetto Fianchetto, 1 x Falsetto Fianchetto, 1 x Falsetto Fianchetto, 1 x Knight Fall, 1 x Knight Fall, 1 x Knight Fall, 1 x Royal Ride, 1 x Ivory Chessboard, 1 x Obsidian Chessboard, 1 x Board Walkers for -1 MtxCurrency",6000,2100,3900,0.65,1,2026-10-04T00:00:00Z,2026-10-06T23:59:59.999Z,1,0,-1,FND100626,Showcase ,185,tileGrid,Size_2_x_1,,1,Chess Kingdom Bundle,14,br,Character_MatteDecoy,Obsidian King,outfit,epic,,Chess Kingdom,7,3,2026-07-16T08:32:04Z
2026-10-06,v2:/555a25d906c301b2c3793b2aa8c52acb514924d648172194f2c332f2cc50f77d,"[VIRTUAL]1 x Ivory Queen, 1 x Queen's Piece, 1 x Obsidian King, 1 x King's Piece, 1 x Falsetto Fianchetto, 1 x Falsetto Fianchetto, 1 x Falsetto Fianchetto, 1 x Knight Fall, 1 x Knight Fall, 1 x Knight Fall, 1 x Royal Ride, 1 x Ivory Chessboard, 1 x Obsidian Chessboard, 1 x Board Walkers for -1 MtxCurrency",6000,2100,3900,0.65,1,2026-10-04T00:00:00Z,2026-10-06T23:59:59.999Z,1,0,-1,FND100626,Showcase ,185,tileGrid,Size_2_x_1,,1,Chess Kingdom Bundle,14,br,Backpack_MatteDecoy,King's Piece,backpack,rare,,Chess Kingdom,7,3,2026-07-16T08:32:04Z
2026-10-06,v2:/555a25d906c301b2c3793b2aa8c52acb514924d648172194f2c332f2cc50f77d,"[VIRTUAL]1 x Ivory Queen, 1 x Queen's Piece, 1 x Obsidian King, 1 x King's Piece, 1 x Falsetto Fianchetto, 1 x Falsetto Fianchetto, 1 x Falsetto Fianchetto, 1 x Knight Fall, 1 x Knight Fall, 1 x Knight Fall, 1 x Royal Ride, 1 x Ivory Chessboard, 1 x Obsidian Chessboard, 1 x Board Walkers for -1 MtxCurrency",6000,2100,3900,0.65,1,2026-10-04T00:00:00Z,2026-10-06T23:59:59.999Z,1,0,-1,FND100626,Showcase ,185,tileGrid,Size_2_x_1,,1,Chess Kingdom Bundle,14,br,Backpack_CreamDecoy_Mic,Falsetto Fianchetto,backpack,rare,,Chess Kingdom,7,3,2026-07-16T08:32:04Z
2026-10-06,v2:/555a25d906c301b2c3793b2aa8c52acb514924d648172194f2c332f2cc50f77d,"[VIRTUAL]1 x Ivory Queen, 1 x Queen's Piece, 1 x Obsidian King, 1 x King's Piece, 1 x Falsetto Fianchetto, 1 x Falsetto Fianchetto, 1 x Falsetto Fianchetto, 1 x Knight Fall, 1 x Knight Fall, 1 x Knight Fall, 1 x Royal Ride, 1 x Ivory Chessboard, 1 x Obsidian Chessboard, 1 x Board Walkers for -1 MtxCurrency",6000,2100,3900,0.65,1,2026-10-04T00:00:00Z,2026-10-06T23:59:59.999Z,1,0,-1,FND100626,Showcase ,185,tileGrid,Size_2_x_1,,1,Chess Kingdom Bundle,14,br,Pickaxe_CreamDecoy_Mic,Falsetto Fianchetto,pickaxe,rare,,Chess Kingdom,7,3,2026-07-16T08:32:04Z
2026-10-06,v2:/555a25d906c301b2c3793b2aa8c52acb514924d648172194f2c332f2cc50f77d,"[VIRTUAL]1 x Ivory Queen, 1 x Queen's Piece, 1 x Obsidian King, 1 x King's Piece, 1 x Falsetto Fianchetto, 1 x Falsetto Fianchetto, 1 x Falsetto Fianchetto, 1 x Knight Fall, 1 x Knight Fall, 1 x Knight Fall, 1 x Royal Ride, 1 x Ivory Chessboard, 1 x Obsidian Chessboard, 1 x Board Walkers for -1 MtxCurrency",6000,2100,3900,0.65,1,2026-10-04T00:00:00Z,2026-10-06T23:59:59.999Z,1,0,-1,FND100626,Showcase ,185,tileGrid,Size_2_x_1,,1,Chess Kingdom Bundle,14,br,Backpack_MatteDecoy_Guitar,Knight Fall,backpack,rare,,Chess Kingdom,7,3,2026-07-16T08:32:04Z
2026-10-06,v2:/555a25d906c301b2c3793b2aa8c52acb514924d648172194f2c332f2cc50f77d,"[VIRTUAL]1 x Ivory Queen, 1 x Queen's Piece, 1 x Obsidian King, 1 x King's Piece, 1 x Falsetto Fianchetto, 1 x Falsetto Fianchetto, 1 x Falsetto Fianchetto, 1 x Knight Fall, 1 x Knight Fall, 1 x Knight Fall, 1 x Royal Ride, 1 x Ivory Chessboard, 1 x Obsidian Chessboard, 1 x Board Walkers for -1 MtxCurrency",6000,2100,3900,0.65,1,2026-10-04T00:00:00Z,2026-10-06T23:59:59.999Z,1,0,-1,FND100626,Showcase ,185,tileGrid,Size_2_x_1,,1,Chess Kingdom Bundle,14,br,Pickaxe_MatteDecoy_Guitar,Knight Fall,pickaxe,rare,,Chess Kingdom,7,3,2026-07-16T08:32:04Z
2026-10-06,v2:/555a25d906c301b2c3793b2aa8c52acb514924d648172194f2c332f2cc50f77d,"[VIRTUAL]1 x Ivory Queen, 1 x Queen's Piece, 1 x Obsidian King, 1 x King's Piece, 1 x Falsetto Fianchetto, 1 x Falsetto Fianchetto, 1 x Falsetto Fianchetto, 1 x Knight Fall, 1 x Knight Fall, 1 x Knight Fall, 1 x Royal Ride, 1 x Ivory Chessboard, 1 x Obsidian Chessboard, 1 x Board Walkers for -1 MtxCurrency",6000,2100,3900,0.65,1,2026-10-04T00:00:00Z,2026-10-06T23:59:59.999Z,1,0,-1,FND100626,Showcase ,185,tileGrid,Size_2_x_1,,1,Chess Kingdom Bundle,14,br,EID_MatteDecoy,Royal Ride,emote,uncommon,,Chess Kingdom,7,3,2026-07-16T08:32:04Z
2026-10-06,v2:/555a25d906c301b2c3793b2aa8c52acb514924d648172194f2c332f2cc50f77d,"[VIRTUAL]1 x Ivory Queen, 1 x Queen's Piece, 1 x Obsidian King, 1 x King's Piece, 1 x Falsetto Fianchetto, 1 x Falsetto Fianchetto, 1 x Falsetto Fianchetto, 1 x Knight Fall, 1 x Knight Fall, 1 x Knight Fall, 1 x Royal Ride, 1 x Ivory Chessboard, 1 x Obsidian Chessboard, 1 x Board Walkers for -1 MtxCurrency",6000,2100,3900,0.65,1,2026-10-04T00:00:00Z,2026-10-06T23:59:59.999Z,1,0,-1,FND100626,Showcase ,185,tileGrid,Size_2_x_1,,1,Chess Kingdom Bundle,14,br,Wrap_CreamDecoy,Ivory Chessboard,wrap,rare,,Chess Kingdom,7,3,2026-07-16T08:32:04Z
2026-10-06,v2:/555a25d906c301b2c3793b2aa8c52acb514924d648172194f2c332f2cc50f77d,"[VIRTUAL]1 x Ivory Queen, 1 x Queen's Piece, 1 x Obsidian King, 1 x King's Piece, 1 x Falsetto Fianchetto, 1 x Falsetto Fianchetto, 1 x Falsetto Fianchetto, 1 x Knight Fall, 1 x Knight Fall, 1 x Knight Fall, 1 x Royal Ride, 1 x Ivory Chessboard, 1 x Obsidian Chessboard, 1 x Board Walkers for -1 MtxCurrency",6000,2100,3900,0.65,1,2026-10-04T00:00:00Z,2026-10-06T23:59:59.999Z,1,0,-1,FND100626,Showcase ,185,tileGrid,Size_2_x_1,,1,Chess Kingdom Bundle,14,br,Wrap_MatteDecoy,Obsidian Chessboard,wrap,rare,,Chess Kingdom,7,3,2026-07-16T08:32:04Z
2026-10-06,v2:/555a25d906c301b2c3793b2aa8c52acb514924d648172194f2c332f2cc50f77d,"[VIRTUAL]1 x Ivory Queen, 1 x Queen's Piece, 1 x Obsidian King, 1 x King's Piece, 1 x Falsetto Fianchetto, 1 x Falsetto Fianchetto, 1 x Falsetto Fianchetto, 1 x Knight Fall, 1 x Knight Fall, 1 x Knight Fall, 1 x Royal Ride, 1 x Ivory Chessboard, 1 x Obsidian Chessboard, 1 x Board Walkers for -1 MtxCurrency",6000,2100,3900,0.65,1,2026-10-04T00:00:00Z,2026-10-06T23:59:59.999Z,1,0,-1,FND100626,Showcase ,185,tileGrid,Size_2_x_1,,1,Chess Kingdom Bundle,14,br,Shoes_SilverTempo,Board Walkers,shoe,uncommon,,Chess Kingdom,7,3,2026-07-16T08:32:04Z
2026-10-06,v2:/555a25d906c301b2c3793b2aa8c52acb514924d648172194f2c332f2cc50f77d,"[VIRTUAL]1 x Ivory Queen, 1 x Queen's Piece, 1 x Obsidian King, 1 x King's Piece, 1 x Falsetto Fianchetto, 1 x Falsetto Fianchetto, 1 x Falsetto Fianchetto, 1 x Knight Fall, 1 x Knight Fall, 1 x Knight Fall, 1 x Royal Ride, 1 x Ivory Chessboard, 1 x Obsidian Chessboard, 1 x Board Walkers for -1 MtxCurrency",6000,2100,3900,0.65,1,2026-10-04T00:00:00Z,2026-10-06T23:59:59.999Z,1,0,-1,FND100626,Showcase ,185,tileGrid,Size_2_x_1,,1,Chess Kingdom Bundle,14,instrument,Sparks_CreamDecoy_Mic,Falsetto Fianchetto,mic,common,,,,,2026-07-16T08:32:04Z
2026-10-06,v2:/555a25d906c301b2c3793b2aa8c52acb514924d648172194f2c332f2cc50f77d,"[VIRTUAL]1 x Ivory Queen, 1 x Queen's Piece, 1 x Obsidian King, 1 x King's Piece, 1 x Falsetto Fianchetto, 1 x Falsetto Fianchetto, 1 x Falsetto Fianchetto, 1 x Knight Fall, 1 x Knight Fall, 1 x Knight Fall, 1 x Royal Ride, 1 x Ivory Chessboard, 1 x Obsidian Chessboard, 1 x Board Walkers for -1 MtxCurrency",6000,2100,3900,0.65,1,2026-10-04T00:00:00Z,2026-10-06T23:59:59.999Z,1,0,-1,FND100626,Showcase ,185,tileGrid,Size_2_x_1,,1,Chess Kingdom Bundle,14,instrument,Sparks_MatteDecoy_Guitar,Knight Fall,guitar,common,,,,,2026-07-16T08:32:04Z
2026-10-06,v2:/b9a310530851311919be4bcd013e401cf8407b7543ea20d921e0f6c1a7a7ec88,[VIRTUAL]1 x Walk This Way for 500 MtxCurrency,500,500,0,0.0,0,2026-10-01T00:00:00Z,2026-10-31T23:59:59.999Z,1,0,-96,JT100226NoV,Jam Tracks,181,expandableList,Size_1_x_1,,0,,1,track,sid_placeholder_415,Walk This Way,,,,,,,2024-11-07T17:50:41Z
2026-10-06,v2:/237c4dbd13fb85291ceeadafbeed6ea8702b9ce2ba5ed4ffe727a0fb6a884590,"[VIRTUAL]1 x Ash Williams, 1 x Necronomicon Ex-Mortis, 1 x Boomstick, 1 x Chainsaw Hand, 1 x It's a Trick!, 1 x Hello, Henrietta for -1 MtxCurrency",3800,1800,2000,0.5263,1,2026-10-06T00:00:00Z,2026-10-10T23:59:59.999Z,1,0,-2,EvilDead2,Evil Dead,192,tileGrid,Size_4_x_1,The <highlight>NECRONOMICON EX-MORTIS</> Back Bling opens with every elimination!,1,Ash Williams,6,br,Character_Troops,Ash Williams,outfit,epic,,Knowby Cabin Nightmare,3,4,2022-10-18T23:49:57Z
2026-10-06,v2:/237c4dbd13fb85291ceeadafbeed6ea8702b9ce2ba5ed4ffe727a0fb6a884590,"[VIRTUAL]1 x Ash Williams, 1 x Necronomicon Ex-Mortis, 1 x Boomstick, 1 x Chainsaw Hand, 1 x It's a Trick!, 1 x Hello, Henrietta for -1 MtxCurrency",3800,1800,2000,0.5263,1,2026-10-06T00:00:00Z,2026-10-10T23:59:59.999Z,1,0,-2,EvilDead2,Evil Dead,192,tileGrid,Size_4_x_1,The <highlight>NECRONOMICON EX-MORTIS</> Back Bling opens with every elimination!,1,Ash Williams,6,br,Backpack_Troops,Necronomicon Ex-Mortis,backpack,epic,,Knowby Cabin Nightmare,3,4,2022-10-18T23:49:57Z
2026-10-06,v2:/237c4dbd13fb85291ceeadafbeed6ea8702b9ce2ba5ed4ffe727a0fb6a884590,"[VIRTUAL]1 x Ash Williams, 1 x Necronomicon Ex-Mortis, 1 x Boomstick, 1 x Chainsaw Hand, 1 x It's a Trick!, 1 x Hello, Henrietta for -1 MtxCurrency",3800,1800,2000,0.5263,1,2026-10-06T00:00:00Z,2026-10-10T23:59:59.999Z,1,0,-2,EvilDead2,Evil Dead,192,tileGrid,Size_4_x_1,The <highlight>NECRONOMICON EX-MORTIS</> Back Bling opens with every elimination!,1,Ash Williams,6,br,Backpack_TroopsAlt,Boomstick,backpack,epic,,Knowby Cabin Nightmare,3,4,2022-10-18T23:49:57Z
2026-10-06,v2:/237c4dbd13fb85291ceeadafbeed6ea8702b9ce2ba5ed4ffe727a0fb6a884590,"[VIRTUAL]1 x Ash Williams, 1 x Necronomicon Ex-Mortis, 1 x Boomstick, 1 x Chainsaw Hand, 1 x It's a Trick!, 1 x Hello, Henrietta for -1 MtxCurrency",3800,1800,2000,0.5263,1,2026-10-06T00:00:00Z,2026-10-10T23:59:59.999Z,1,0,-2,EvilDead2,Evil Dead,192,tileGrid,Size_4_x_1,The <highlight>NECRONOMICON EX-MORTIS</> Back Bling opens with every elimination!,1,Ash Williams,6,br,Pickaxe_Troops,Chainsaw Hand,pickaxe,epic,,Knowby Cabin Nightmare,3,4,2022-10-18T23:49:57Z
2026-10-06,v2:/237c4dbd13fb85291ceeadafbeed6ea8702b9ce2ba5ed4ffe727a0fb6a884590,"[VIRTUAL]1 x Ash Williams, 1 x Necronomicon Ex-Mortis, 1 x Boomstick, 1 x Chainsaw Hand, 1 x It's a Trick!, 1 x Hello, Henrietta for -1 MtxCurrency",3800,1800,2000,0.5263,1,2026-10-06T00:00:00Z,2026-10-10T23:59:59.999Z,1,0,-2,EvilDead2,Evil Dead,192,tileGrid,Size_4_x_1,The <highlight>NECRONOMICON EX-MORTIS</> Back Bling opens with every elimination!,1,Ash Williams,6,br,EID_Troops,It's a Trick!,emote,uncommon,,Knowby Cabin Nightmare,3,4,2022-10-18T23:49:57Z
2026-10-06,v2:/237c4dbd13fb85291ceeadafbeed6ea8702b9ce2ba5ed4ffe727a0fb6a884590,"[VIRTUAL]1 x Ash Williams, 1 x Necronomicon Ex-Mortis, 1 x Boomstick, 1 x Chainsaw Hand, 1 x It's a Trick!, 1 x Hello, Henrietta for -1 MtxCurrency",3800,1800,2000,0.5263,1,2026-10-06T00:00:00Z,2026-10-10T23:59:59.999Z,1,0,-2,EvilDead2,Evil Dead,192,tileGrid,Size_4_x_1,The <highlight>NECRONOMICON EX-MORTIS</> Back Bling opens with every elimination!,1,Ash Williams,6,br,LoadingScreen_Troops,"Hello, Henrietta",loadingscreen,uncommon,,Knowby Cabin Nightmare,3,4,2022-10-18T23:49:57Z
2026-10-06,v2:/0d3472085d0a951234c006de266f57f792b4bcbc9d90f90d49f4b58c699ea77a,[VIRTUAL]1 x Just A Girl for 500 MtxCurrency,500,500,0,0.0,0,2026-10-01T00:00:00Z,2026-10-31T23:59:59.999Z,1,0,-68,JT100226NoV,Jam Tracks,181,expandableList,Size_1_x_1,,0,,1,track,sid_placeholder_192,Just A Girl,,,,,,,2024-04-16T20:20:56Z
2026-10-06,v2:/82a8bd27fdf2ccecf78ae95cafe39d39776493e10d4b27b76d714c3fd424b0de,[VIRTUAL]1 x Queen's Piece for 300 MtxCurrency,300,300,0,0.0,0,2026-10-04T00:00:00Z,2026-10-06T23:59:59.999Z,1,0,-3,FND100626,Showcase ,185,tileGrid,Size_1_x_1,,0,,1,br,Backpack_CreamDecoy,Queen's Piece,backpack,rare,,Chess Kingdom,7,3,2026-07-16T08:32:04Z
2026-10-06,v2:/9acc4a7465128aaf1ba48e31b7f1c9fe16d3723f4487f9d6507d3c52dceca3b4,[VIRTUAL]1 x Juicy for 500 MtxCurrency,500,500,0,0.0,0,2026-10-01T00:00:00Z,2026-10-31T23:59:59.999Z,1,0,-50,JT100226NoV,Jam Tracks,181,expandableList,Size_1_x_1,,0,,1,track,sid_placeholder_314,Juicy,,,,,,,2024-09-04T22:31:02Z
2026-10-06,v2:/6baf06bf07c8fc8dfa9a4145d1aadf0208c9d0f8e4ddfd9dd4952eee995ce30b,[VIRTUAL]1 x Shady Boombox for 400 MtxCurrency,400,400,0,0.0,0,2026-10-06T00:00:00Z,2026-10-10T23:59:59.999Z,1,0,-3,,,,,Size_2_x_1,,0,,1,br,Backpack_HeavyRoar,Shady Boombox,backpack,icon,Icon Series,Eminem,4,OG,2023-11-28T15:26:41Z
2026-10-06,v2:/1069b6fa1db3d9f0142d1776169ea8d05f95a94d6c588e6dc0e6cc112d31f9aa,[VIRTUAL]1 x Pump Up The Jam for 500 MtxCurrency,500,500,0,0.0,0,2026-10-01T00:00:00Z,2026-10-31T23:59:59.999Z,1,0,-75,JT100226NoV,Jam Tracks,181,expandableList,Size_1_x_1,,0,,1,track,sid_placeholder_344,Pump Up The Jam,,,,,,,2024-10-03T14:28:54Z
2026-10-06,v2:/c3013c4d16fc7533746de0c35a795f95568673a655c81cdbacdb999e2ca7f86b,"[VIRTUAL]1 x Ravina, 1 x Glass Wings for -1 MtxCurrency",1200,1200,0,0.0,0,2026-10-05T00:00:00Z,2026-10-15T23:59:59.999Z,1,0,-4,FNM100626,Locker of Horrors,194,tileGrid,Size_1_x_1,,0,,2,br,CID_903_Athena_Commando_F_Frankie,Ravina,outfit,rare,,Raveyard,2,4,2020-10-29T00:00:00Z
2026-10-06,v2:/c3013c4d16fc7533746de0c35a795f95568673a655c81cdbacdb999e2ca7f86b,"[VIRTUAL]1 x Ravina, 1 x Glass Wings for -1 MtxCurrency",1200,1200,0,0.0,0,2026-10-05T00:00:00Z,2026-10-15T23:59:59.999Z,1,0,-4,FNM100626,Locker of Horrors,194,tileGrid,Size_1_x_1,,0,,2,br,BID_633_FrankieFemale,Glass Wings,backpack,rare,,Raveyard,2,4,2020-10-29T00:00:00Z
2026-10-06,v2:/b198da404efc2e46e00b8ac2f270625404f5160bded8cf1df20e3972efff7276,[VIRTUAL]1 x t r a n s p a r e n t s o u l for 500 MtxCurrency,500,500,0,0.0,0,2026-10-01T00:00:00Z,2026-10-31T23:59:59.999Z,1,0,-78,JT100226NoV,Jam Tracks,181,expandableList,Size_1_x_1,,0,,1,track,sid_placeholder_163,t r a n s p a r e n t s o u l,,,,,,,2024-03-26T16:09:20Z
2026-10-06,v2:/43c84a4f4b478ae38b81dae1f09db6d103684fdf1cbd735be619c846d830b25b,[VIRTUAL]1 x Dark Bag for 200 MtxCurrency,200,200,0,0.0,0,2026-10-06T00:00:00Z,2026-10-08T23:59:59.999Z,1,0,-1,,,,,Size_1_x_1,,0,,1,br,BID_126_DarkBomber,Dark Bag,backpack,dark,DARK SERIES,Lightning & Thunderstorms,1,6,2019-11-20T12:50:38Z
2026-10-06,v2:/e4d4d333ae8239d4a82227e34134d9028cfea547c9b932ad811e7aeeabbe3832,[VIRTUAL]1 x One for 500 MtxCurrency,500,500,0,0.0,0,2026-10-01T00:00:00Z,2026-10-31T23:59:59.999Z,1,0,-22,JT100226NoV,Jam Tracks,181,expandableList,Size_1_x_1,,0,,1,track,sid_placeholder_232,One,,,,,,,2024-06-13T13:42:05Z
2026-10-06,v2:/99d893cebdd4f75655de67fff561e81de3e759f03cbe9eb0c8a9832058a20530,[VIRTUAL]1 x Freddy Slippers for 1000 MtxCurrency,1000,1000,0,0.0,0,2026-10-01T00:00:00Z,2026-10-31T23:59:59.999Z,1,0,-2,5Nights,Five Nights at Freddy's,196,tileGrid,Size_1_x_1,,0,,1,br,Shoes_GuardHence,Freddy Slippers,shoe,gaminglegends,Gaming Legends Series,Five Nights at Freddy's,7,4,2026-10-01T08:00:00Z
2026-10-06,v2:/d1411d8e12d2eab6677181d6ad640b0cbd48f2cf1767e154a2a18f3142889fb1,"[VIRTUAL]1 x Dark Bomber, 1 x Dark Bag for -1 MtxCurrency",1200,1200,0,0.0,0,2026-10-06T00:00:00Z,2026-10-08T23:59:59.999Z,1,0,-2,FNM100626,Locker of Horrors,194,tileGrid,Size_1_x_1,,0,,2,br,CID_229_Athena_Commando_F_DarkBomber,Dark Bomber,outfit,dark,DARK SERIES,Lightning & Thunderstorms,1,6,2019-11-20T12:50:15Z
2026-10-06,v2:/d1411d8e12d2eab6677181d6ad640b0cbd48f2cf1767e154a2a18f3142889fb1,"[VIRTUAL]1 x Dark Bomber, 1 x Dark Bag for -1 MtxCurrency",1200,1200,0,0.0,0,2026-10-06T00:00:00Z,2026-10-08T23:59:59.999Z,1,0,-2,FNM100626,Locker of Horrors,194,tileGrid,Size_1_x_1,,0,,2,br,BID_126_DarkBomber,Dark Bag,backpack,dark,DARK SERIES,Lightning & Thunderstorms,1,6,2019-11-20T12:50:38Z
2026-10-06,v2:/a68abc71da4b904de8a8598bc325ec53baeb2e29f6fa85f8cb2c74b7a149c400,[VIRTUAL]1 x Rowena Rabbit for 1200 MtxCurrency,1200,1200,0,0.0,0,2026-10-05T00:00:00Z,2026-10-15T23:59:59.999Z,1,0,-1,FNM100626,Locker of Horrors,194,tileGrid,Size_1_x_1,This Sidekick includes quests that unlock new items upon completion!,0,,1,br,Companion_EffigyPin,Rowena Rabbit,sidekick,uncommon,,Vicious Little Rabbit,7,4,2026-10-01T18:37:28Z
2026-10-06,v2:/362b06faa2f2a5432a49f7da869026cae5ec4d1764d1c0765ce4b75378755ba8,[VIRTUAL]1 x Run It for 500 MtxCurrency,500,500,0,0.0,0,2026-10-02T00:00:00Z,2026-10-08T23:59:59.999Z,1,0,-4,JT100226NoV,Jam Tracks,181,tileGrid,Size_1_x_1,,0,,1,track,sid_placeholder_59,Run It,,,,,,,2024-01-05T21:55:08Z
2026-10-06,v2:/879c6f4023984b9a366e729a93b311cfa4bd593c4ca02b2e56c649c0967c754c,[VIRTUAL]1 x I Think I'm OKAY for 500 MtxCurrency,500,500,0,0.0,0,2026-10-01T00:00:00Z,2026-10-31T23:59:59.999Z,1,0,-74,JT100226NoV,Jam Tracks,181,expandableList,Size_1_x_1,,0,,1,track,sid_placeholder_86,I Think I'm OKAY,,,,,,,2024-03-20T00:05:45Z
2026-10-06,v2:/d1a7bba41e2d73b5b9a34f0276ab53e3c33c00b179c3ffc4039c6a6ced2b6904,[VIRTUAL]1 x The Hand That Feeds for 500 MtxCurrency,500,500,0,0.0,0,2026-10-01T00:00:00Z,2026-10-31T23:59:59.999Z,1,0,-46,JT100226NoV,Jam Tracks,181,expandableList,Size_1_x_1,,0,,1,track,sid_placeholder_68,The Hand That Feeds,,,,,,,2023-12-15T00:00:00Z
2026-10-06,v2:/bd7a0bf8a9de18c824a9db23f625df5f000ed2d64e02e68c0052d61725172cd6,[VIRTUAL]1 x Snackin' for 200 MtxCurrency,200,200,0,0.0,0,2026-10-06T00:00:00Z,2026-10-06T23:59:59.999Z,1,0,-4,BR100626,Loadout Goals ,184,tileGrid,Size_1_x_1,,0,,1,br,EID_SweetToss,Snackin',emote,uncommon,,,3,2,2022-04-19T08:34:57Z
2026-10-06,v2:/d89bf40a5811fd9ea3f7b061fc8de57d7669fe5263ce1a26f006a20f63f09f51,[VIRTUAL]1 x TBD (SID_Placeholder_416) for 500 MtxCurrency,500,500,0,0.0,0,2026-10-01T00:00:00Z,2026-10-31T23:59:59.999Z,1,0,-32,JT100226NoV,Jam Tracks,181,expandableList,Size_1_x_1,,0,,1,track,sid_placeholder_416,Closer,,,,,,,2025-02-06T21:54:35Z
2026-10-06,v2:/68a87323e0090d29d5c6c29377be38fd0f0faae2b71e03aa784416295ba0acd7,"[VIRTUAL]1 x Asta, 1 x Asta's Demon-Slayer Sword, 1 x Asta's Devil Wings, 1 x Asta's Grimoire, 1 x Noelle, 1 x Noelle's Wand, 1 x Noelle's Grimoire, 1 x Yuno, 1 x Spirit of Boreas, 1 x Yuno's Grimoire, 1 x Anti-Magic for -1 MtxCurrency",5900,3800,2100,0.3559,1,2026-10-04T00:00:00Z,2026-10-13T23:59:59.999Z,1,0,-1,BlackClover,Black Clover ,197,billboard,Size_4_x_1,,1,Black Clover Bundle,11,br,Character_MimicGlean,Asta,outfit,epic,,Black Clover,7,4,2026-10-03T13:00:46Z
2026-10-06,v2:/68a87323e0090d29d5c6c29377be38fd0f0faae2b71e03aa784416295ba0acd7,"[VIRTUAL]1 x Asta, 1 x Asta's Demon-Slayer Sword, 1 x Asta's Devil Wings, 1 x Asta's Grimoire, 1 x Noelle, 1 x Noelle's Wand, 1 x Noelle's Grimoire, 1 x Yuno, 1 x Spirit of Boreas, 1 x Yuno's Grimoire, 1 x Anti-Magic for -1 MtxCurrency",5900,3800,2100,0.3559,1,2026-10-04T00:00:00Z,2026-10-13T23:59:59.999Z,1,0,-1,BlackClover,Black Clover ,197,billboard,Size_4_x_1,,1,Black Clover Bundle,11,br,Pickaxe_MimicGlean,Asta's Demon-Slayer Sword,pickaxe,rare,,Black Clover,7,4,2026-10-03T13:00:46Z
2026-10-06,v2:/68a87323e0090d29d5c6c29377be38fd0f0faae2b71e03aa784416295ba0acd7,"[VIRTUAL]1 x Asta, 1 x Asta's Demon-Slayer Sword, 1 x Asta's Devil Wings, 1 x Asta's Grimoire, 1 x Noelle, 1 x Noelle's Wand, 1 x Noelle's Grimoire, 1 x Yuno, 1 x Spirit of Boreas, 1 x Yuno's Grimoire, 1 x Anti-Magic for -1 MtxCurrency",5900,3800,2100,0.3559,1,2026-10-04T00:00:00Z,2026-10-13T23:59:59.999Z,1,0,-1,BlackClover,Black Clover ,197,billboard,Size_4_x_1,,1,Black Clover Bundle,11,br,Backpack_MimicGleanIdeal,Asta's Devil Wings,backpack,rare,,Black Clover,7,4,2026-10-03T13:00:46Z
2026-10-06,v2:/68a87323e0090d29d5c6c29377be38fd0f0faae2b71e03aa784416295ba0acd7,"[VIRTUAL]1 x Asta, 1 x Asta's Demon-Slayer Sword, 1 x Asta's Devil Wings, 1 x Asta's Grimoire, 1 x Noelle, 1 x Noelle's Wand, 1 x Noelle's Grimoire, 1 x Yuno, 1 x Spirit of Boreas, 1 x Yuno's Grimoire, 1 x Anti-Magic for -1 MtxCurrency",5900,3800,2100,0.3559,1,2026-10-04T00:00:00Z,2026-10-13T23:59:59.999Z,1,0,-1,BlackClover,Black Clover ,197,billboard,Size_4_x_1,,1,Black Clover Bundle,11,br,Backpack_MimicGlean,Asta's Grimoire,backpack,rare,,Black Clover,7,4,2026-10-03T13:00:46Z
2026-10-06,v2:/68a87323e0090d29d5c6c29377be38fd0f0faae2b71e03aa784416295ba0acd7,"[VIRTUAL]1 x Asta, 1 x Asta's Demon-Slayer Sword, 1 x Asta's Devil Wings, 1 x Asta's Grimoire, 1 x Noelle, 1 x Noelle's Wand, 1 x Noelle's Grimoire, 1 x Yuno, 1 x Spirit of Boreas, 1 x Yuno's Grimoire, 1 x Anti-Magic for -1 MtxCurrency",5900,3800,2100,0.3559,1,2026-10-04T00:00:00Z,2026-10-13T23:59:59.999Z,1,0,-1,BlackClover,Black Clover ,197,billboard,Size_4_x_1,,1,Black Clover Bundle,11,br,Character_SlumpAfter,Noelle,outfit,epic,,Black Clover,7,4,2026-10-03T13:00:46Z
2026-10-06,v2:/68a87323e0090d29d5c6c29377be38fd0f0faae2b71e03aa784416295ba0acd7,"[VIRTUAL]1 x Asta, 1 x Asta's Demon-Slayer Sword, 1 x Asta's Devil Wings, 1 x Asta's Grimoire, 1 x Noelle, 1 x Noelle's Wand, 1 x Noelle's Grimoire, 1 x Yuno, 1 x Spirit of Boreas, 1 x Yuno's Grimoire, 1 x Anti-Magic for -1 MtxCurrency",5900,3800,2100,0.3559,1,2026-10-04T00:00:00Z,2026-10-13T23:59:59.999Z,1,0,-1,BlackClover,Black Clover ,197,billboard,Size_4_x_1,,1,Black Clover Bundle,11,br,Pickaxe_SlumpAfter,Noelle's Wand,pickaxe,rare,,Black Clover,7,4,2026-10-03T13:00:46Z
2026-10-06,v2:/68a87323e0090d29d5c6c29377be38fd0f0faae2b71e03aa784416295ba0acd7,"[VIRTUAL]1 x Asta, 1 x Asta's Demon-Slayer Sword, 1 x Asta's Devil Wings, 1 x Asta's Grimoire, 1 x Noelle, 1 x Noelle's Wand, 1 x Noelle's Grimoire, 1 x Yuno, 1 x Spirit of Boreas, 1 x Yuno's Grimoire, 1 x Anti-Magic for -1 MtxCurrency",5900,3800,2100,0.3559,1,2026-10-04T00:00:00Z,2026-10-13T23:59:59.999Z,1,0,-1,BlackClover,Black Clover ,197,billboard,Size_4_x_1,,1,Black Clover Bundle,11,br,Backpack_SlumpAfter,Noelle's Grimoire,backpack,rare,,Black Clover,7,4,2026-10-03T13:00:46Z
2026-10-06,v2:/68a87323e0090d29d5c6c29377be38fd0f0faae2b71e03aa784416295ba0acd7,"[VIRTUAL]1 x Asta, 1 x Asta's Demon-Slayer Sword, 1 x Asta's Devil Wings, 1 x Asta's Grimoire, 1 x Noelle, 1 x Noelle's Wand, 1 x Noelle's Grimoire, 1 x Yuno, 1 x Spirit of Boreas, 1 x Yuno's Grimoire, 1 x Anti-Magic for -1 MtxCurrency",5900,3800,2100,0.3559,1,2026-10-04T00:00:00Z,2026-10-13T23:59:59.999Z,1,0,-1,BlackClover,Black Clover ,197,billboard,Size_4_x_1,,1,Black Clover Bundle,11,br,Character_SwornSnout,Yuno,outfit,epic,,Black Clover,7,4,2026-10-03T13:00:46Z
2026-10-06,v2:/68a87323e0090d29d5c6c29377be38fd0f0faae2b71e03aa784416295ba0acd7,"[VIRTUAL]1 x Asta, 1 x Asta's Demon-Slayer Sword, 1 x Asta's Devil Wings, 1 x Asta's Grimoire, 1 x Noelle, 1 x Noelle's Wand, 1 x Noelle's Grimoire, 1 x Yuno, 1 x Spirit of Boreas, 1 x Yuno's Grimoire, 1 x Anti-Magic for -1 MtxCurrency",5900,3800,2100,0.3559,1,2026-10-04T00:00:00Z,2026-10-13T23:59:59.999Z,1,0,-1,BlackClover,Black Clover ,197,billboard,Size_4_x_1,,1,Black Clover Bundle,11,br,Pickaxe_SwornSnout,Spirit of Boreas,pickaxe,rare,,Black Clover,7,4,2026-10-03T13:00:46Z
2026-10-06,v2:/68a87323e0090d29d5c6c29377be38fd0f0faae2b71e03aa784416295ba0acd7,"[VIRTUAL]1 x Asta, 1 x Asta's Demon-Slayer Sword, 1 x Asta's Devil Wings, 1 x Asta's Grimoire, 1 x Noelle, 1 x Noelle's Wand, 1 x Noelle's Grimoire, 1 x Yuno, 1 x Spirit of Boreas, 1 x Yuno's Grimoire, 1 x Anti-Magic for -1 MtxCurrency",5900,3800,2100,0.3559,1,2026-10-04T00:00:00Z,2026-10-13T23:59:59.999Z,1,0,-1,BlackClover,Black Clover ,197,billboard,Size_4_x_1,,1,Black Clover Bundle,11,br,Backpack_SwornSnout,Yuno's Grimoire,backpack,rare,,Black Clover,7,4,2026-10-03T13:00:46Z
2026-10-06,v2:/68a87323e0090d29d5c6c29377be38fd0f0faae2b71e03aa784416295ba0acd7,"[VIRTUAL]1 x Asta, 1 x Asta's Demon-Slayer Sword, 1 x Asta's Devil Wings, 1 x Asta's Grimoire, 1 x Noelle, 1 x Noelle's Wand, 1 x Noelle's Grimoire, 1 x Yuno, 1 x Spirit of Boreas, 1 x Yuno's Grimoire, 1 x Anti-Magic for -1 MtxCurrency",5900,3800,2100,0.3559,1,2026-10-04T00:00:00Z,2026-10-13T23:59:59.999Z,1,0,-1,BlackClover,Black Clover ,197,billboard,Size_4_x_1,,1,Black Clover Bundle,11,br,Wrap_MimicGlean,Anti-Magic,wrap,rare,,Black Clover,7,4,2026-10-03T13:00:46Z
2026-10-06,v2:/549b4fd4f19d7569ed6eabc277d8d54130f8c4cf3e9c7e612be62022c11b384e,[VIRTUAL]1 x Blank for -1 MtxCurrency,400,400,0,0.0,0,2026-10-04T00:00:00Z,2026-10-13T23:59:59.999Z,1,0,-3,BlackClover,Black Clover ,197,tileGrid,Size_1_x_1,,1,Anti-Magic Boost,1,car,ID_Booster_LuckyOnyx01,Anti-Magic,booster,uncommon,,,,,2026-10-03T13:00:46Z
2026-10-06,v2:/bbd5461e543e263eaf2acb516f654a140091624c601bd4efb5248c23e245f4b0,"[VIRTUAL]1 x Freddy's Boilermaker, 1 x Freddy's Boilermaker, 1 x Freddy's Boilermaker for 800 MtxCurrency",800,800,0,0.0,0,2026-10-03T00:00:00Z,2026-10-16T23:59:59.999Z,1,0,-4,FreddyK,A Nightmare on Elm Street,195,tileGrid,Size_1_x_1,,0,,3,br,Backpack_ApronChow_Guitar,Freddy's Boilermaker,backpack,rare,,Freddy Krueger,7,4,2026-10-02T13:00:13Z
2026-10-06,v2:/bbd5461e543e263eaf2acb516f654a140091624c601bd4efb5248c23e245f4b0,"[VIRTUAL]1 x Freddy's Boilermaker, 1 x Freddy's Boilermaker, 1 x Freddy's Boilermaker for 800 MtxCurrency",800,800,0,0.0,0,2026-10-03T00:00:00Z,2026-10-16T23:59:59.999Z,1,0,-4,FreddyK,A Nightmare on Elm Street,195,tileGrid,Size_1_x_1,,0,,3,br,Pickaxe_ApronChow_Guitar,Freddy's Boilermaker,pickaxe,rare,,Freddy Krueger,7,4,2026-10-02T13:00:13Z
2026-10-06,v2:/bbd5461e543e263eaf2acb516f654a140091624c601bd4efb5248c23e245f4b0,"[VIRTUAL]1 x Freddy's Boilermaker, 1 x Freddy's Boilermaker, 1 x Freddy's Boilermaker for 800 MtxCurrency",800,800,0,0.0,0,2026-10-03T00:00:00Z,2026-10-16T23:59:59.999Z,1,0,-4,FreddyK,A Nightmare on Elm Street,195,tileGrid,Size_1_x_1,,0,,3,instrument,Sparks_ApronChow_Guitar,Freddy's Boilermaker,guitar,common,,,,,2026-10-02T13:00:13Z
2026-10-06,v2:/62e380125c520773692697f6e24b716469664e9c7812380bf69e64aa3bbc5212,[VIRTUAL]1 x The Business for 500 MtxCurrency,500,500,0,0.0,0,2026-10-01T00:00:00Z,2026-10-31T23:59:59.999Z,1,0,-63,JT100226NoV,Jam Tracks,181,expandableList,Size_1_x_1,,0,,1,track,sid_placeholder_345,The Business,,,,,,,2024-10-03T14:28:54Z
2026-10-06,v2:/188fa8583a7edf77c64c2eb8e18ad22c3a862b7df70141d8aca651145240a710,"[VIRTUAL]1 x Blank, 1 x Blank, 1 x Blank, 1 x Blank, 1 x Blank, 1 x Blank, 1 x Flames, 1 x Blank, 1 x Blank for -1 MtxCurrency",2800,2800,0,0.0,0,2026-10-04T00:00:00Z,2026-10-13T23:59:59.999Z,1,0,-2,BlackClover,Black Clover ,197,tileGrid,Size_2_x_1,Includes speed-reactive decals!,1,Nissan GT-R NISMO + Black Clover,9,car,CarBody_RevivalLine,Nissan GT-R Nismo,body,uncommon,,,,,2026-10-03T13:00:46Z
2026-10-06,v2:/188fa8583a7edf77c64c2eb8e18ad22c3a862b7df70141d8aca651145240a710,"[VIRTUAL]1 x Blank, 1 x Blank, 1 x Blank, 1 x Blank, 1 x Blank, 1 x Blank, 1 x Flames, 1 x Blank, 1 x Blank for -1 MtxCurrency",2800,2800,0,0.0,0,2026-10-04T00:00:00Z,2026-10-13T23:59:59.999Z,1,0,-2,BlackClover,Black Clover ,197,tileGrid,Size_2_x_1,Includes speed-reactive decals!,1,Nissan GT-R NISMO + Black Clover,9,car,CarSkin_RevivalLineLuckyOnyx01,Black Bulls Asta,skin,common,,,,,2026-10-03T13:00:46Z
2026-10-06,v2:/188fa8583a7edf77c64c2eb8e18ad22c3a862b7df70141d8aca651145240a710,"[VIRTUAL]1 x Blank, 1 x Blank, 1 x Blank, 1 x Blank, 1 x Blank, 1 x Blank, 1 x Flames, 1 x Blank, 1 x Blank for -1 MtxCurrency",2800,2800,0,0.0,0,2026-10-04T00:00:00Z,2026-10-13T23:59:59.999Z,1,0,-2,BlackClover,Black Clover ,197,tileGrid,Size_2_x_1,Includes speed-reactive decals!,1,Nissan GT-R NISMO + Black Clover,9,car,CarSkin_RevivalLineLuckyOnyx02,Golden Dawn Yuno,skin,common,,,,,2026-10-03T13:00:46Z
2026-10-06,v2:/188fa8583a7edf77c64c2eb8e18ad22c3a862b7df70141d8aca651145240a710,"[VIRTUAL]1 x Blank, 1 x Blank, 1 x Blank, 1 x Blank, 1 x Blank, 1 x Blank, 1 x Flames, 1 x Blank, 1 x Blank for -1 MtxCurrency",2800,2800,0,0.0,0,2026-10-04T00:00:00Z,2026-10-13T23:59:59.999Z,1,0,-2,BlackClover,Black Clover ,197,tileGrid,Size_2_x_1,Includes speed-reactive decals!,1,Nissan GT-R NISMO + Black Clover,9,car,CarSkin_RevivalLineLuckyOnyx03,Black Bulls Noelle,skin,common,,,,,2026-10-03T13:00:46Z
2026-10-06,v2:/188fa8583a7edf77c64c2eb8e18ad22c3a862b7df70141d8aca651145240a710,"[VIRTUAL]1 x Blank, 1 x Blank, 1 x Blank, 1 x Blank, 1 x Blank, 1 x Blank, 1 x Flames, 1 x Blank, 1 x Blank for -1 MtxCurrency",2800,2800,0,0.0,0,2026-10-04T00:00:00Z,2026-10-13T23:59:59.999Z,1,0,-2,BlackClover,Black Clover ,197,tileGrid,Size_2_x_1,Includes speed-reactive decals!,1,Nissan GT-R NISMO + Black Clover,9,car,CarSkin_RevivalLineLivery01,Steel Line,skin,common,,,,,2026-10-03T13:00:46Z
2026-10-06,v2:/188fa8583a7edf77c64c2eb8e18ad22c3a862b7df70141d8aca651145240a710,"[VIRTUAL]1 x Blank, 1 x Blank, 1 x Blank, 1 x Blank, 1 x Blank, 1 x Blank, 1 x Flames, 1 x Blank, 1 x Blank for -1 MtxCurrency",2800,2800,0,0.0,0,2026-10-04T00:00:00Z,2026-10-13T23:59:59.999Z,1,0,-2,BlackClover,Black Clover ,197,tileGrid,Size_2_x_1,Includes speed-reactive decals!,1,Nissan GT-R NISMO + Black Clover,9,car,CarSkin_RevivalLineLivery02,High Line,skin,common,,,,,2026-10-03T13:00:46Z
2026-10-06,v2:/188fa8583a7edf77c64c2eb8e18ad22c3a862b7df70141d8aca651145240a710,"[VIRTUAL]1 x Blank, 1 x Blank, 1 x Blank, 1 x Blank, 1 x Blank, 1 x Blank, 1 x Flames, 1 x Blank, 1 x Blank for -1 MtxCurrency",2800,2800,0,0.0,0,2026-10-04T00:00:00Z,2026-10-13T23:59:59.999Z,1,0,-2,BlackClover,Black Clover ,197,tileGrid,Size_2_x_1,Includes speed-reactive decals!,1,Nissan GT-R NISMO + Black Clover,9,car,CarSkin_RevivalLineFlames,Flames,skin,common,,,,,2026-10-03T13:00:46Z
2026-10-06,v2:/188fa8583a7edf77c64c2eb8e18ad22c3a862b7df70141d8aca651145240a710,"[VIRTUAL]1 x Blank, 1 x Blank, 1 x Blank, 1 x Blank, 1 x Blank, 1 x Blank, 1 x Flames, 1 x Blank, 1 x Blank for -1 MtxCurrency",2800,2800,0,0.0,0,2026-10-04T00:00:00Z,2026-10-13T23:59:59.999Z,1,0,-2,BlackClover,Black Clover ,197,tileGrid,Size_2_x_1,Includes speed-reactive decals!,1,Nissan GT-R NISMO + Black Clover,9,car,Wheel_RevivalLine01,Nissan GT-R Nismo,wheel,uncommon,,,,,2026-10-03T13:00:46Z
2026-10-06,v2:/188fa8583a7edf77c64c2eb8e18ad22c3a862b7df70141d8aca651145240a710,"[VIRTUAL]1 x Blank, 1 x Blank, 1 x Blank, 1 x Blank, 1 x Blank, 1 x Blank, 1 x Flames, 1 x Blank, 1 x Blank for -1 MtxCurrency",2800,2800,0,0.0,0,2026-10-04T00:00:00Z,2026-10-13T23:59:59.999Z,1,0,-2,BlackClover,Black Clover ,197,tileGrid,Size_2_x_1,Includes speed-reactive decals!,1,Nissan GT-R NISMO + Black Clover,9,car,Wheel_RevivalLine02,Nissan GT-R Nismo - Gold,wheel,uncommon,,,,,2026-10-03T13:00:46Z
2026-10-06,v2:/9b25e0a4721be2ed4e268bc10e2013168ce261106fe190b69a4ea6f73cc71b50,[VIRTUAL]1 x TBD (SID_Placeholder_672) for 500 MtxCurrency,500,500,0,0.0,0,2026-10-01T00:00:00Z,2026-10-31T23:59:59.999Z,1,0,-38,JT100226NoV,Jam Tracks,181,expandableList,Size_1_x_1,,0,,1,track,sid_placeholder_672,Let Me Hold You,,,,,,,2025-10-01T00:00:55Z
2026-10-06,v2:/ebfdae87a3c37928100f39a49212e2dc603c145f672f4f052490bb03925e53b3,[VIRTUAL]1 x Super Bass for 500 MtxCurrency,500,500,0,0.0,0,2026-10-01T00:00:00Z,2026-10-31T23:59:59.999Z,1,0,-57,JT100226NoV,Jam Tracks,181,expandableList,Size_1_x_1,,0,,1,track,sid_placeholder_412,Super Bass,,,,,,,2024-11-07T17:50:41Z
2026-10-06,v2:/da2559417a19131e5ce39faa2b0ceffd35c83d3738bf5490813c310d643637a9,"[VIRTUAL]1 x Phantom Guff, 1 x Shadow Stuffie for -1 MtxCurrency",1200,1200,0,0.0,0,2026-10-04T00:00:00Z,2026-10-06T23:59:59.999Z,1,0,-2,FNM100626,Locker of Horrors,194,tileGrid,Size_1_x_1,,0,,2,br,Character_FuzzyDarkness,Phantom Guff,outfit,epic,,Mythical Monster,5,4,2024-10-12T06:22:57Z
2026-10-06,v2:/da2559417a19131e5ce39faa2b0ceffd35c83d3738bf5490813c310d643637a9,"[VIRTUAL]1 x Phantom Guff, 1 x Shadow Stuffie for -1 MtxCurrency",1200,1200,0,0.0,0,2026-10-04T00:00:00Z,2026-10-06T23:59:59.999Z,1,0,-2,FNM100626,Locker of Horrors,194,tileGrid,Size_1_x_1,,0,,2,br,Backpack_FuzzyDarkness,Shadow Stuffie,backpack,rare,,Mythical Monster,5,4,2024-10-12T06:22:57Z
2026-10-06,v2:/c532a0ad44e1003619822f39ff47a2955de52de78e5ccd32becb93418003a10f,[VIRTUAL]1 x Jack the Clown in the Box for 400 MtxCurrency,400,400,0,0.0,0,2026-10-06T00:00:00Z,2026-10-12T23:59:59.999Z,1,0,-2,HHNJack1,Halloween Horror Nights ,198,tileGrid,Size_1_x_1,,0,,1,br,Backpack_WitchValve,Jack the Clown in the Box,backpack,rare,,Halloween Horror Nights,7,4,2026-10-05T13:00:42Z
2026-10-06,v2:/6da6e3eadb6f1bae7366afdf6cc14d985459c18197255792e02d534256308690,[VIRTUAL]1 x Beebo for 1200 MtxCurrency,1200,1200,0,0.0,0,2026-10-06T00:00:00Z,2026-10-12T23:59:59.999Z,1,0,-1,BR100626,Loadout Goals ,184,tileGrid,Size_1_x_1,,0,,1,br,Companion_HoneySting,Beebo,sidekick,uncommon,,Sweetest Honey,,,2026-07-16T08:32:04Z
2026-10-06,v2:/e66571c07e5d18b0911629498e2b8a845bd06daf09e9d69baff8660af2e73d68,"[VIRTUAL]1 x PJ Pepperoni, 1 x Cheesy for -1 MtxCurrency",1200,1200,0,0.0,0,2026-10-06T00:00:00Z,2026-10-06T23:59:59.999Z,1,0,-2,BR100626,Loadout Goals ,184,tileGrid,Size_1_x_1,,0,,2,br,CID_482_Athena_Commando_F_PizzaPit,PJ Pepperoni,outfit,rare,,Pizza Pit,1,X,2019-11-20T12:49:53Z
2026-10-06,v2:/e66571c07e5d18b0911629498e2b8a845bd06daf09e9d69baff8660af2e73d68,"[VIRTUAL]1 x PJ Pepperoni, 1 x Cheesy for -1 MtxCurrency",1200,1200,0,0.0,0,2026-10-06T00:00:00Z,2026-10-06T23:59:59.999Z,1,0,-2,BR100626,Loadout Goals ,184,tileGrid,Size_1_x_1,,0,,2,br,BID_315_PizzaPit,Cheesy,backpack,rare,,Pizza Pit,1,X,2019-11-20T12:50:33Z
2026-10-06,v2:/2ca5e1f43a1e6ac8790e1ed1e7d28aa346f1289ab6be691915b20ce75f2bef5b,[VIRTUAL]1 x Glass Wings for 200 MtxCurrency,200,200,0,0.0,0,2026-10-05T00:00:00Z,2026-10-15T23:59:59.999Z,1,0,-4,,,,,Size_1_x_1,,0,,1,br,BID_633_FrankieFemale,Glass Wings,backpack,rare,,Raveyard,2,4,2020-10-29T00:00:00Z
2026-10-06,v2:/2a7cbcfa4e987e1dab4520df799e582fa5f2b932a19cc9d70fbffb66ca093528,[VIRTUAL]1 x TBD (SID_Placeholder_559) for 500 MtxCurrency,500,500,0,0.0,0,2026-10-01T00:00:00Z,2026-10-31T23:59:59.999Z,1,0,-14,JT100226NoV,Jam Tracks,181,expandableList,Size_1_x_1,,0,,1,track,sid_placeholder_559,APT.,,,,,,,2025-06-18T08:00:00Z
2026-10-06,v2:/881cd626ccad78ac322e75c794a166ff3c317bebfcaf91a4ca55c516db5f9cbe,[VIRTUAL]1 x Notorious Thugs for 500 MtxCurrency,500,500,0,0.0,0,2026-10-01T00:00:00Z,2026-10-31T23:59:59.999Z,1,0,-47,JT100226NoV,Jam Tracks,181,expandableList,Size_1_x_1,,0,,1,track,sid_placeholder_316,Notorious Thugs,,,,,,,2024-09-12T15:46:51Z
2026-10-06,v2:/2f989a2852071632b30b379184501461084ae6cb537cf676166da20305a6ec1a,[VIRTUAL]1 x Mom's Spaghetti for 400 MtxCurrency,400,400,0,0.0,0,2026-10-06T00:00:00Z,2026-10-10T23:59:59.999Z,1,0,-2,Eminem1Icon,Eminem,190,tileGrid,Size_1_x_1,,0,,1,br,Backpack_HeavyRoarCarton,Mom's Spaghetti,backpack,icon,Icon Series,Eminem,4,OG,2023-11-28T15:26:41Z
2026-10-06,v2:/1bfcf20dc69f9ca2a46f2d8e99584e1b52fc176584ec958b535b54124ea35d1a,[VIRTUAL]1 x TBD (SID_Placeholder_850) for 500 MtxCurrency,500,500,0,0.0,0,2026-10-02T00:00:00Z,2026-10-08T23:59:59.999Z,1,0,-2,FNM100626,Locker of Horrors,194,tileGrid,Size_1_x_1,,0,,1,track,sid_placeholder_850,Night Terror,,,,,,,2026-09-29T15:03:30Z
2026-10-06,v2:/8487a53f435deb5c34468cb0218a3871b7d00934c8ff7c41c9b28472271c9bb4,[VIRTUAL]1 x The Sound of Silence for 500 MtxCurrency,500,500,0,0.0,0,2026-10-01T00:00:00Z,2026-10-31T23:59:59.999Z,1,0,-26,JT100226NoV,Jam Tracks,181,expandableList,Size_1_x_1,,0,,1,track,sid_placeholder_346,The Sound of Silence,,,,,,,2024-10-17T13:33:26Z
2026-10-06,v2:/f8057ac4ea1946716a65a35bf078eee9a33a106ed61c95a389c3fe096014ad8c,[VIRTUAL]1 x Blueberry Faygo for 500 MtxCurrency,500,500,0,0.0,0,2026-10-01T00:00:00Z,2026-10-31T23:59:59.999Z,1,0,-17,JT100226NoV,Jam Tracks,181,expandableList,Size_1_x_1,,0,,1,track,sid_placeholder_256,Blueberry Faygo,,,,,,,2024-06-28T00:00:00Z
2026-10-06,v2:/eb531602133df0e59fd48f9ffcc2d3b8c95bd7b04693ec407ee2445efbcbc86c,"[VIRTUAL]1 x Freddy Krueger, 1 x Freddy's Glove for -1 MtxCurrency",1600,1600,0,0.0,0,2026-10-03T00:00:00Z,2026-10-16T23:59:59.999Z,1,0,-2,FreddyK,A Nightmare on Elm Street,195,tileGrid,Size_2_x_1,,0,,2,br,Character_ApronChow,Freddy Krueger,outfit,epic,,Freddy Krueger,7,4,2026-10-02T13:00:13Z
2026-10-06,v2:/eb531602133df0e59fd48f9ffcc2d3b8c95bd7b04693ec407ee2445efbcbc86c,"[VIRTUAL]1 x Freddy Krueger, 1 x Freddy's Glove for -1 MtxCurrency",1600,1600,0,0.0,0,2026-10-03T00:00:00Z,2026-10-16T23:59:59.999Z,1,0,-2,FreddyK,A Nightmare on Elm Street,195,tileGrid,Size_2_x_1,,0,,2,br,Pickaxe_ApronChow,Freddy's Glove,pickaxe,rare,,Freddy Krueger,7,4,2026-10-02T13:00:13Z
2026-10-06,v2:/c8497baa4be27553daf44585efebaeaf38dd242809d48e4dc03e9a479112eac9,"[VIRTUAL]1 x Ford Bronco Raptor, 1 x Ford Bronco Raptor, 1 x Wood Panel, 1 x Flames, 1 x Lightning, 1 x Stripes, 1 x Wings, 1 x Ford Bronco Raptor for -1 MtxCurrency",2000,2000,0,0.0,0,2026-10-05T00:00:00Z,2026-10-11T23:59:59.999Z,1,0,-1,FordBroncoSUV,Ford Bronco Raptor,179,tileGrid,Size_3_x_1,Decals in this bundle are restricted to the Ford Bronco Raptor car body.,1,Ford Bronco Raptor,8,car,CarBody_FBRN,Ford Bronco Raptor,body,uncommon,FORD SERIES,,,,2025-06-07T19:00:27Z
2026-10-06,v2:/c8497baa4be27553daf44585efebaeaf38dd242809d48e4dc03e9a479112eac9,"[VIRTUAL]1 x Ford Bronco Raptor, 1 x Ford Bronco Raptor, 1 x Wood Panel, 1 x Flames, 1 x Lightning, 1 x Stripes, 1 x Wings, 1 x Ford Bronco Raptor for -1 MtxCurrency",2000,2000,0,0.0,0,2026-10-05T00:00:00Z,2026-10-11T23:59:59.999Z,1,0,-1,FordBroncoSUV,Ford Bronco Raptor,179,tileGrid,Size_3_x_1,Decals in this bundle are restricted to the Ford Bronco Raptor car body.,1,Ford Bronco Raptor,8,car,CarSkin_Fbrn01,Ford Bronco Raptor,skin,common,FORD SERIES,,,,2025-06-07T19:00:27Z
2026-10-06,v2:/c8497baa4be27553daf44585efebaeaf38dd242809d48e4dc03e9a479112eac9,"[VIRTUAL]1 x Ford Bronco Raptor, 1 x Ford Bronco Raptor, 1 x Wood Panel, 1 x Flames, 1 x Lightning, 1 x Stripes, 1 x Wings, 1 x Ford Bronco Raptor for -1 MtxCurrency",2000,2000,0,0.0,0,2026-10-05T00:00:00Z,2026-10-11T23:59:59.999Z,1,0,-1,FordBroncoSUV,Ford Bronco Raptor,179,tileGrid,Size_3_x_1,Decals in this bundle are restricted to the Ford Bronco Raptor car body.,1,Ford Bronco Raptor,8,car,CarSkin_Fbrn02,Wood Panel,skin,common,FORD SERIES,,,,2025-06-07T19:00:27Z
2026-10-06,v2:/c8497baa4be27553daf44585efebaeaf38dd242809d48e4dc03e9a479112eac9,"[VIRTUAL]1 x Ford Bronco Raptor, 1 x Ford Bronco Raptor, 1 x Wood Panel, 1 x Flames, 1 x Lightning, 1 x Stripes, 1 x Wings, 1 x Ford Bronco Raptor for -1 MtxCurrency",2000,2000,0,0.0,0,2026-10-05T00:00:00Z,2026-10-11T23:59:59.999Z,1,0,-1,FordBroncoSUV,Ford Bronco Raptor,179,tileGrid,Size_3_x_1,Decals in this bundle are restricted to the Ford Bronco Raptor car body.,1,Ford Bronco Raptor,8,car,CarSkin_FbrnFlames,Flames,skin,common,FORD SERIES,,,,2025-06-07T19:00:27Z
2026-10-06,v2:/c8497baa4be27553daf44585efebaeaf38dd242809d48e4dc03e9a479112eac9,"[VIRTUAL]1 x Ford Bronco Raptor, 1 x Ford Bronco Raptor, 1 x Wood Panel, 1 x Flames, 1 x Lightning, 1 x Stripes, 1 x Wings, 1 x Ford Bronco Raptor for -1 MtxCurrency",2000,2000,0,0.0,0,2026-10-05T00:00:00Z,2026-10-11T23:59:59.999Z,1,0,-1,FordBroncoSUV,Ford Bronco Raptor,179,tileGrid,Size_3_x_1,Decals in this bundle are restricted to the Ford Bronco Raptor car body.,1,Ford Bronco Raptor,8,car,CarSkin_FbrnLightning,Lightning,skin,common,FORD SERIES,,,,2025-06-07T19:00:27Z
2026-10-06,v2:/c8497baa4be27553daf44585efebaeaf38dd242809d48e4dc03e9a479112eac9,"[VIRTUAL]1 x Ford Bronco Raptor, 1 x Ford Bronco Raptor, 1 x Wood Panel, 1 x Flames, 1 x Lightning, 1 x Stripes, 1 x Wings, 1 x Ford Bronco Raptor for -1 MtxCurrency",2000,2000,0,0.0,0,2026-10-05T00:00:00Z,2026-10-11T23:59:59.999Z,1,0,-1,FordBroncoSUV,Ford Bronco Raptor,179,tileGrid,Size_3_x_1,Decals in this bundle are restricted to the Ford Bronco Raptor car body.,1,Ford Bronco Raptor,8,car,CarSkin_FbrnStripes,Stripes,skin,common,FORD SERIES,,,,2025-06-07T19:00:27Z
2026-10-06,v2:/c8497baa4be27553daf44585efebaeaf38dd242809d48e4dc03e9a479112eac9,"[VIRTUAL]1 x Ford Bronco Raptor, 1 x Ford Bronco Raptor, 1 x Wood Panel, 1 x Flames, 1 x Lightning, 1 x Stripes, 1 x Wings, 1 x Ford Bronco Raptor for -1 MtxCurrency",2000,2000,0,0.0,0,2026-10-05T00:00:00Z,2026-10-11T23:59:59.999Z,1,0,-1,FordBroncoSUV,Ford Bronco Raptor,179,tileGrid,Size_3_x_1,Decals in this bundle are restricted to the Ford Bronco Raptor car body.,1,Ford Bronco Raptor,8,car,CarSkin_FbrnWings,Wings,skin,common,FORD SERIES,,,,2025-06-07T19:00:27Z
2026-10-06,v2:/c8497baa4be27553daf44585efebaeaf38dd242809d48e4dc03e9a479112eac9,"[VIRTUAL]1 x Ford Bronco Raptor, 1 x Ford Bronco Raptor, 1 x Wood Panel, 1 x Flames, 1 x Lightning, 1 x Stripes, 1 x Wings, 1 x Ford Bronco Raptor for -1 MtxCurrency",2000,2000,0,0.0,0,2026-10-05T00:00:00Z,2026-10-11T23:59:59.999Z,1,0,-1,FordBroncoSUV,Ford Bronco Raptor,179,tileGrid,Size_3_x_1,Decals in this bundle are restricted to the Ford Bronco Raptor car body.,1,Ford Bronco Raptor,8,car,Wheel_Fbrn,Ford Bronco Raptor,wheel,uncommon,FORD SERIES,,,,2025-06-07T19:00:27Z
2026-10-06,v2:/a17e7ec975d320178b28e272e35afdd18469d9ca2aaf4384de19ce588e2f7bbb,[VIRTUAL]1 x Undone - The Sweater Song for 500 MtxCurrency,500,500,0,0.0,0,2026-10-01T00:00:00Z,2026-10-31T23:59:59.999Z,1,0,-104,JT100226NoV,Jam Tracks,181,expandableList,Size_1_x_1,,0,,1,track,sid_placeholder_377,Undone - The Sweater Song,,,,,,,2024-10-10T13:34:27Z
2026-10-06,v2:/c85f08d787661d66c6d040fbd7f73761c828e9137bc33b684e0c843d3bfef108,[VIRTUAL]1 x Cel for 1500 MtxCurrency,1500,1500,0,0.0,0,2026-10-02T00:00:00Z,2026-10-08T23:59:59.999Z,1,0,-1,EndofAbyss,End of Abyss ,183,tileGrid,Size_3_x_1,,0,,1,br,Character_CollarRigor,Cel,outfit,gaminglegends,Gaming Legends Series,End of Abyss,7,4,2026-10-01T18:37:28Z
2026-10-06,v2:/0ee668bd89d76316c06a9f677bd94dd201f777b0c47291357f9a48222c1875ca,[VIRTUAL]1 x Mr. Cupcake for 800 MtxCurrency,800,800,0,0.0,0,2026-10-01T00:00:00Z,2026-10-31T23:59:59.999Z,1,0,-3,5Nights,Five Nights at Freddy's,196,tileGrid,Size_1_x_1,,0,,1,br,Pickaxe_SushiAware,Mr. Cupcake,pickaxe,gaminglegends,Gaming Legends Series,Five Nights at Freddy's,7,4,2026-10-01T08:00:00Z
2026-10-06,v2:/a26fe93c694c98e2356b4e6ba84171a1b23d1ce560ff65678cd8251b8fb2b368,[VIRTUAL]1 x TBD (SID_Placeholder_582) for 500 MtxCurrency,500,500,0,0.0,0,2026-10-01T00:00:00Z,2026-10-31T23:59:59.999Z,1,0,-100,JT100226NoV,Jam Tracks,181,expandableList,Size_1_x_1,,0,,1,track,sid_placeholder_582,Magnetic,,,,,,,2025-06-10T17:01:18Z
2026-10-06,v2:/62f527f880d355a2d0ba6886e8d799595f69ce95b55cb6bac29ae0af12b76d93,[VIRTUAL]1 x Eyes Closed for 500 MtxCurrency,500,500,0,0.0,0,2026-10-01T00:00:00Z,2026-10-31T23:59:59.999Z,1,0,-90,JT100226NoV,Jam Tracks,181,expandableList,Size_1_x_1,,0,,1,track,sid_placeholder_177,Eyes Closed,,,,,,,2024-04-02T15:03:11Z
2026-10-06,v2:/347a74bd0eb14a2ef77de6b8cb6130ae58bb8d4690dfa08d2cd512e3f2934374,[VIRTUAL]1 x Ride the Lightning for 500 MtxCurrency,500,500,0,0.0,0,2026-10-01T00:00:00Z,2026-10-31T23:59:59.999Z,1,0,-23,JT100226NoV,Jam Tracks,181,expandableList,Size_1_x_1,,0,,1,track,sid_placeholder_233,Ride the Lightning,,,,,,,2024-06-13T08:00:00Z
2026-10-06,v2:/439442905b7439a66b00c1fa47eab3733eb028406faa92e0508ecb2eb309d0e4,[VIRTUAL]1 x Bewitching Blades for 800 MtxCurrency,800,800,0,0.0,0,2026-10-05T00:00:00Z,2026-10-07T23:59:59.999Z,1,0,-3,FNM100626,Locker of Horrors,194,tileGrid,Size_1_x_1,,0,,1,br,Pickaxe_ID_418_CupidDarkFemale1H,Bewitching Blades,pickaxe,dark,DARK SERIES,Team Heartbreak,2,3,2020-06-30T06:09:08Z
2026-10-06,v2:/9f81712eeae62e08f3ab02a37470b73676191f0515c3cd4afa7d865854c06b3c,[VIRTUAL]1 x Air Jordan 5 'Black Metallic' for 1000 MtxCurrency,1000,1000,0,0.0,0,2026-10-05T00:00:00Z,2026-10-11T23:59:59.999Z,1,0,-1,BR100626,Loadout Goals ,184,tileGrid,Size_1_x_1,,0,,1,br,Shoes_StemDotClog,Air Jordan 5 'Black Metallic',shoe,uncommon,,,6,1,2025-01-12T00:00:00Z
2026-10-06,v2:/57c23b5c0e738b7fd6cf793420d8a0bf31c310554e8d51341ea92dbea8c85611,[VIRTUAL]1 x Nitemare Hacker for 800 MtxCurrency,800,800,0,0.0,0,2026-10-02T00:00:00Z,2026-10-06T23:59:59.999Z,1,0,-3,FNM100626,Locker of Horrors,194,tileGrid,Size_1_x_1,,0,,1,br,Pickaxe_InfoInvader,Nitemare Hacker,pickaxe,rare,,,7,4,2026-10-01T18:37:28Z
2026-10-06,v2:/58a03229961048f7347b27a09c4a6d32680d205e02e302e7bc34363cac14e7c4,[VIRTUAL]1 x Shadow Midas for 1500 MtxCurrency,1500,1500,0,0.0,0,2026-10-05T00:00:00Z,2026-10-07T23:59:59.999Z,1,0,-1,FNM100626,Locker of Horrors,194,tileGrid,Size_1_x_1,Shadow effect on outfit grows with eliminations. <highlight>SHADOW TOUCH:</> Apply a shadow wrap to any equipped weapon!,0,,1,br,CID_A_257_Athena_Commando_M_CatBurglar_Ghost,Shadow Midas,outfit,epic,,Shadow Seekers,2,8,2021-10-26T08:26:10Z
2026-10-06,v2:/d9684a1d869fbd4c904f48570b4bdde19719d07eaf7b7a9878851dd9ea27c9b5,[VIRTUAL]1 x Rap Boy for 1500 MtxCurrency,1500,1500,0,0.0,0,2026-10-06T00:00:00Z,2026-10-10T23:59:59.999Z,1,0,-1,Eminem1Icon,Eminem,190,tileGrid,Size_1_x_1,,0,,1,br,Character_BraveBuildSuper,Rap Boy,outfit,icon,Icon Series,Eminem,4,OG,2023-11-28T15:26:41Z
2026-10-06,v2:/e9512fad4e189047d107b6f3cd70704666ea4f677ced471e19c42baa90be9e18,[VIRTUAL]1 x Bim Bam Boom for 500 MtxCurrency,500,500,0,0.0,0,2026-10-04T00:00:00Z,2026-10-07T23:59:59.999Z,1,0,-4,VV100626,Hype Time,189,tileGrid,Size_1_x_1,,0,,1,br,EID_Boomer_N2RQT,Bim Bam Boom,emote,icon,Icon Series,,2,7,2021-08-21T00:00:00Z
2026-10-06,v2:/a01fff47e40599b7e1a6daaca3d49173d5099328c1dd2cff5d90fd80a2e69fed,[VIRTUAL]1 x Royal Ride for 400 MtxCurrency,400,400,0,0.0,0,2026-10-04T00:00:00Z,2026-10-06T23:59:59.999Z,1,0,-4,FND100626,Showcase ,185,tileGrid,Size_1_x_1,Chess piece color aligns with Outfit when wearing Outfits from the Chess Kingdom set. Chess piece color alternates randomly on all other Outfits.,0,,1,br,EID_MatteDecoy,Royal Ride,emote,uncommon,,Chess Kingdom,7,3,2026-07-16T08:32:04Z
2026-10-06,v2:/920afbfcbe7c0dcf14622df703fca80deb1881ba1de7049cf79c3b210f41f7a5,"[VIRTUAL]1 x yes, and? for 500 MtxCurrency",500,500,0,0.0,0,2026-09-26T00:00:00Z,2026-10-31T23:59:59.999Z,1,0,-27,JT100226NoV,Jam Tracks,181,expandableList,Size_1_x_1,,0,,1,track,sid_placeholder_226,"yes, and?",,,,,,,2024-05-30T13:49:50Z
2026-10-06,v2:/a7330cc1dd0fd71fe41cc6cfd7007cace9d68a092be0257104630debd4807a05,[VIRTUAL]1 x Birdie for 800 MtxCurrency,800,800,0,0.0,0,2026-10-06T00:00:00Z,2026-10-12T23:59:59.999Z,1,0,-2,NoSweat100626,No Sweat,188,tileGrid,Size_1_x_1,,0,,1,br,CID_387_Athena_Commando_F_Golf,Birdie,outfit,uncommon,,Teed Off,1,8,2019-11-20T12:50:02Z
2026-10-06,v2:/d8b62ac22b61b7e49d36c85a481a14b2130e0bb4b0f1c2311cdf7f6062f5671d,"[VIRTUAL]1 x This Ain't A Scene, It's An Arms Race for 500 MtxCurrency",500,500,0,0.0,0,2026-10-02T00:00:00Z,2026-10-08T23:59:59.999Z,1,0,-2,JT100226NoV,Jam Tracks,181,tileGrid,Size_1_x_1,,0,,1,track,sid_placeholder_336,"This Ain't A Scene, It's An Arms Race",,,,,,,2024-12-26T14:34:39Z
2026-10-06,v2:/27844ad41c9f02c14afb16c429b0f9f89358904857f76ceee70696893fde3b75,[VIRTUAL]1 x Freddy's Glove for 800 MtxCurrency,800,800,0,0.0,0,2026-10-03T00:00:00Z,2026-10-16T23:59:59.999Z,1,0,-3,FreddyK,A Nightmare on Elm Street,195,tileGrid,Size_1_x_1,,0,,1,br,Pickaxe_ApronChow,Freddy's Glove,pickaxe,rare,,Freddy Krueger,7,4,2026-10-02T13:00:13Z
2026-10-06,v2:/0be5a96fe4a0d6398cb5d199ef1837c73b77a2a796a69a28e0cfc32f8ab654cb,[VIRTUAL]1 x Day 'N' Nite for 500 MtxCurrency,500,500,0,0.0,0,2026-10-01T00:00:00Z,2026-10-31T23:59:59.999Z,1,0,-5,JT100226NoV,Jam Tracks,181,expandableList,Size_1_x_1,,0,,1,track,sid_placeholder_292,Day 'N' Nite,,,,,,,2024-08-09T00:00:00Z
2026-10-06,v2:/4324b1a225b12e4c2da17f5e3ba232a9fa577f32735032eed95a951f26839ef5,"[VIRTUAL]1 x Falsetto Fianchetto, 1 x Falsetto Fianchetto, 1 x Falsetto Fianchetto for 800 MtxCurrency",800,800,0,0.0,0,2026-10-04T00:00:00Z,2026-10-06T23:59:59.999Z,1,0,-4,FND100626,Showcase ,185,tileGrid,Size_1_x_1,,0,,3,br,Backpack_CreamDecoy_Mic,Falsetto Fianchetto,backpack,rare,,Chess Kingdom,7,3,2026-07-16T08:32:04Z
2026-10-06,v2:/4324b1a225b12e4c2da17f5e3ba232a9fa577f32735032eed95a951f26839ef5,"[VIRTUAL]1 x Falsetto Fianchetto, 1 x Falsetto Fianchetto, 1 x Falsetto Fianchetto for 800 MtxCurrency",800,800,0,0.0,0,2026-10-04T00:00:00Z,2026-10-06T23:59:59.999Z,1,0,-4,FND100626,Showcase ,185,tileGrid,Size_1_x_1,,0,,3,br,Pickaxe_CreamDecoy_Mic,Falsetto Fianchetto,pickaxe,rare,,Chess Kingdom,7,3,2026-07-16T08:32:04Z
2026-10-06,v2:/4324b1a225b12e4c2da17f5e3ba232a9fa577f32735032eed95a951f26839ef5,"[VIRTUAL]1 x Falsetto Fianchetto, 1 x Falsetto Fianchetto, 1 x Falsetto Fianchetto for 800 MtxCurrency",800,800,0,0.0,0,2026-10-04T00:00:00Z,2026-10-06T23:59:59.999Z,1,0,-4,FND100626,Showcase ,185,tileGrid,Size_1_x_1,,0,,3,instrument,Sparks_CreamDecoy_Mic,Falsetto Fianchetto,mic,common,,,,,2026-07-16T08:32:04Z
2026-10-06,v2:/05ada8f439dc581909625f7fe046387af49d3b8a322f0311edd3a91cb71ebbf1,[VIRTUAL]1 x Beggin' for 500 MtxCurrency,500,500,0,0.0,0,2026-10-01T00:00:00Z,2026-10-31T23:59:59.999Z,1,0,-39,JT100226NoV,Jam Tracks,181,expandableList,Size_1_x_1,,0,,1,track,sid_placeholder_212,Beggin',,,,,,,2024-05-30T13:49:50Z
2026-10-06,v2:/e58e1c0546f30d21afe41ef04645e8ae47f74cdc7ab9a5534a133ed2a52cdec1,[VIRTUAL]1 x FTCU for 500 MtxCurrency,500,500,0,0.0,0,2026-10-01T00:00:00Z,2026-10-31T23:59:59.999Z,1,0,-85,JT100226NoV,Jam Tracks,181,expandableList,Size_1_x_1,,0,,1,track,sid_placeholder_433,FTCU,,,,,,,2024-11-27T14:32:37Z
2026-10-06,v2:/2a2c76d0e77fba94ba8f7c9148f460ce07966d99437fd536df122c92b562e798,[VIRTUAL]1 x Whisker Pack for 300 MtxCurrency,300,300,0,0.0,0,2026-10-05T00:00:00Z,2026-10-11T23:59:59.999Z,1,0,-4,,,,,Size_1_x_1,,0,,1,br,BID_514_NeonCatSpy,Whisker Pack,backpack,epic,,Catssassin,2,2,2020-04-29T06:13:35Z
2026-10-06,v2:/4a5010e6a363a8158b379b176a76bc962bb83f50644f86e136bed9c51773a397,[VIRTUAL]1 x Can't Feel My Face for 500 MtxCurrency,500,500,0,0.0,0,2026-10-01T00:00:00Z,2026-10-31T23:59:59.999Z,1,0,-30,JT100226NoV,Jam Tracks,181,expandableList,Size_1_x_1,,0,,1,track,sid_placeholder_04,Can't Feel My Face,,,,,,,2024-01-09T23:27:41Z
2026-10-06,v2:/493a1f16f37e2f4c29c29f7d1309d2cff80436652d38011cb1a436233499404d,[VIRTUAL]1 x Welcome to Paradise for 500 MtxCurrency,500,500,0,0.0,0,2026-10-01T00:00:00Z,2026-10-31T23:59:59.999Z,1,0,-83,JT100226NoV,Jam Tracks,181,expandableList,Size_1_x_1,,0,,1,track,sid_placeholder_121,Welcome to Paradise,,,,,,,2024-01-31T00:05:11Z
2026-10-06,v2:/d19ad6a09b7fefdcfc6cb7cb50ac54d032f348f6a3f872ed0f06f2e91e76e1e8,[VIRTUAL]1 x Ford Bronco Raptor for 400 MtxCurrency,400,400,0,0.0,0,2026-10-05T00:00:00Z,2026-10-11T23:59:59.999Z,1,0,-1,,,,,Size_3_x_1,,0,,1,car,Wheel_Fbrn,Ford Bronco Raptor,wheel,uncommon,FORD SERIES,,,,2025-06-07T19:00:27Z
2026-10-06,v2:/16038179947e9b00d9454b778a30e44d384aeb28a53fa11c9239c2323a724814,[VIRTUAL]1 x Big Poppa for 500 MtxCurrency,500,500,0,0.0,0,2026-10-01T00:00:00Z,2026-10-31T23:59:59.999Z,1,0,-12,JT100226NoV,Jam Tracks,181,expandableList,Size_1_x_1,,0,,1,track,sid_placeholder_317,Big Poppa,,,,,,,2024-09-12T15:46:51Z
2026-10-06,v2:/d0ab60f218263573c97dae123233ff5deadfee55ee47676ea125a67c94786522,"[VIRTUAL]1 x Phantom Meowscles, 1 x Furrocious Flame for -1 MtxCurrency",1200,1200,0,0.0,0,2026-10-04T00:00:00Z,2026-10-06T23:59:59.999Z,1,0,-1,FNM100626,Locker of Horrors,194,tileGrid,Size_1_x_1,,0,,2,br,Character_EctoCat,Phantom Meowscles,outfit,rare,,Meownstrosity,4,4,2023-10-10T11:59:07Z
2026-10-06,v2:/d0ab60f218263573c97dae123233ff5deadfee55ee47676ea125a67c94786522,"[VIRTUAL]1 x Phantom Meowscles, 1 x Furrocious Flame for -1 MtxCurrency",1200,1200,0,0.0,0,2026-10-04T00:00:00Z,2026-10-06T23:59:59.999Z,1,0,-1,FNM100626,Locker of Horrors,194,tileGrid,Size_1_x_1,,0,,2,br,Backpack_EctoCat,Furrocious Flame,backpack,epic,,Meownstrosity,4,4,2023-10-10T11:59:07Z
2026-10-06,v2:/81a19197d0e65fa3cba580ea950533deafd8bea9a298bb0876701075b71c398d,[VIRTUAL]1 x Freddy's Coming for 500 MtxCurrency,500,500,0,0.0,0,2026-10-03T00:00:00Z,2026-10-16T23:59:59.999Z,1,0,-4,FreddyK,A Nightmare on Elm Street,195,tileGrid,Size_1_x_1,,0,,1,br,EID_ApronChow,Freddy's Coming,emote,uncommon,,Freddy Krueger,7,4,2026-10-02T13:00:13Z
2026-10-06,v2:/c860cbaf92148de11934dced6d70cfc834243f5528d64b869e19fbe23d459cb8,[VIRTUAL]1 x Rain On Me for 500 MtxCurrency,500,500,0,0.0,0,2026-10-01T00:00:00Z,2026-10-31T23:59:59.999Z,1,0,-70,JT100226NoV,Jam Tracks,181,expandableList,Size_1_x_1,,0,,1,track,sid_placeholder_145,Rain On Me,,,,,,,2024-02-22T09:00:00Z
2026-10-06,v2:/5432818f70adb64eb1a4c5732118a6d805790f5769438c2064093f7331555f62,[VIRTUAL]1 x TBD (SID_Placeholder_303) for 500 MtxCurrency,500,500,0,0.0,0,2026-10-01T00:00:00Z,2026-10-31T23:59:59.999Z,1,0,-97,JT100226NoV,Jam Tracks,181,expandableList,Size_1_x_1,,0,,1,track,sid_placeholder_303,The Pretender,,,,,,,2025-02-14T00:00:00Z
2026-10-06,v2:/c63c6389cf622448f09265c80f090a29e3a21ef7d1a5acdf2f8093c8713c72c9,[VIRTUAL]1 x Call Me Maybe for 500 MtxCurrency,500,500,0,0.0,0,2026-10-01T00:00:00Z,2026-10-31T23:59:59.999Z,1,0,-6,JT100226NoV,Jam Tracks,181,expandableList,Size_1_x_1,,0,,1,track,sid_placeholder_97,Call Me Maybe,,,,,,,2024-03-20T00:05:45Z
2026-10-06,v2:/5240d5d172375454dde3c597ddbc5a457b0eb84c9960dc0a006d74dfad6d8e8b,[VIRTUAL]1 x Sgt. Sigil for 800 MtxCurrency,800,800,0,0.0,0,2026-10-06T00:00:00Z,2026-10-12T23:59:59.999Z,1,0,-5,NoSweat100626,No Sweat,188,tileGrid,Size_1_x_1,,0,,1,br,CID_443_Athena_Commando_F_BannerB,Sgt. Sigil,outfit,uncommon,,Banner Brigade,1,9,2019-11-20T12:49:57Z
2026-10-06,v2:/11aca57df3be3b8b40c229b8183855b24e9876580542c8d9dc2080be3ae5e69e,[VIRTUAL]1 x Chill Count for 800 MtxCurrency,800,800,0,0.0,0,2026-10-06T00:00:00Z,2026-10-12T23:59:59.999Z,1,0,-1,NoSweat100626,No Sweat,188,tileGrid,Size_1_x_1,,0,,1,br,CID_673_Athena_Commando_F_ArcticCamo_Slate,Chill Count,outfit,uncommon,,Permafrost,2,1,2020-01-15T09:35:50Z
2026-10-06,v2:/06edb1f58ae8bec2b3843c127d845d21a8b51ce1bf57ea2a374e367fdeb9c770,[VIRTUAL]1 x Noelle's Wand for 800 MtxCurrency,800,800,0,0.0,0,2026-10-04T00:00:00Z,2026-10-13T23:59:59.999Z,1,0,-2,BlackClover,Black Clover ,197,tileGrid,Size_1_x_1,,0,,1,br,Pickaxe_SlumpAfter,Noelle's Wand,pickaxe,rare,,Black Clover,7,4,2026-10-03T13:00:46Z
2026-10-06,v2:/dc0af5e82dd187e6df23359ba99bbaa0c32ede9c778402cb18016915265e7b83,[VIRTUAL]1 x Shady Double Saw for 800 MtxCurrency,800,800,0,0.0,0,2026-10-06T00:00:00Z,2026-10-10T23:59:59.999Z,1,0,-2,Eminem1Icon,Eminem,190,tileGrid,Size_1_x_1,,0,,1,br,Pickaxe_HeavyRoar,Shady Double Saw,pickaxe,icon,Icon Series,Eminem,4,OG,2023-11-28T15:26:41Z
2026-10-06,v2:/adb1ac088196a62d37b5278b4932933d11ccbac0ecd02b17bbb8368a34fd4ee1,[VIRTUAL]1 x Big Energy for 500 MtxCurrency,500,500,0,0.0,0,2026-10-02T00:00:00Z,2026-10-08T23:59:59.999Z,1,0,-6,JT100226NoV,Jam Tracks,181,tileGrid,Size_1_x_1,,0,,1,track,sid_placeholder_132,Big Energy,,,,,,,2024-02-29T00:02:26Z
2026-10-06,v2:/0d9129c3dc6dba5f3ff0b27b6c38154408a762aabeb9657111b393cae0ac77c5,"[VIRTUAL]1 x Nitemare Hack, 1 x Nitemare Hacker, 1 x Glitching Nitemare for -1 MtxCurrency",2700,1600,1100,0.4074,1,2026-10-02T00:00:00Z,2026-10-06T23:59:59.999Z,1,0,-1,FNM100626,Locker of Horrors,194,tileGrid,Size_1_x_1,,1,Nitemare Hack Bundle,3,br,Character_InfoInvader,Nitemare Hack,outfit,epic,,,7,4,2026-10-01T18:37:28Z
2026-10-06,v2:/0d9129c3dc6dba5f3ff0b27b6c38154408a762aabeb9657111b393cae0ac77c5,"[VIRTUAL]1 x Nitemare Hack, 1 x Nitemare Hacker, 1 x Glitching Nitemare for -1 MtxCurrency",2700,1600,1100,0.4074,1,2026-10-02T00:00:00Z,2026-10-06T23:59:59.999Z,1,0,-1,FNM100626,Locker of Horrors,194,tileGrid,Size_1_x_1,,1,Nitemare Hack Bundle,3,br,Pickaxe_InfoInvader,Nitemare Hacker,pickaxe,rare,,,7,4,2026-10-01T18:37:28Z
2026-10-06,v2:/0d9129c3dc6dba5f3ff0b27b6c38154408a762aabeb9657111b393cae0ac77c5,"[VIRTUAL]1 x Nitemare Hack, 1 x Nitemare Hacker, 1 x Glitching Nitemare for -1 MtxCurrency",2700,1600,1100,0.4074,1,2026-10-02T00:00:00Z,2026-10-06T23:59:59.999Z,1,0,-1,FNM100626,Locker of Horrors,194,tileGrid,Size_1_x_1,,1,Nitemare Hack Bundle,3,br,Wrap_InfoInvader,Glitching Nitemare,wrap,rare,,,7,4,2026-10-01T18:37:28Z
2026-10-06,v2:/3879535a9d1733738e0ada446e53acd40ef4aac0d4d57397d99a2b5c71d8d246,[VIRTUAL]1 x Necronomicon Ex-Mortis for 300 MtxCurrency,300,300,0,0.0,0,2026-10-06T00:00:00Z,2026-10-10T23:59:59.999Z,1,0,-2,,,,,Size_4_x_1,,0,,1,br,Backpack_Troops,Necronomicon Ex-Mortis,backpack,epic,,Knowby Cabin Nightmare,3,4,2022-10-18T23:49:57Z
2026-10-06,v2:/1c5b3603cc7aea688602247f93893755705fdfe82236e2d239962d79c2f15f60,[VIRTUAL]1 x Freddy Fazbear's Pizza for 500 MtxCurrency,500,500,0,0.0,0,2026-10-01T00:00:00Z,2026-10-31T23:59:59.999Z,1,0,-4,5Nights,Five Nights at Freddy's,196,tileGrid,Size_1_x_1,,0,,1,br,Wrap_GuardHence,Freddy Fazbear's Pizza,wrap,gaminglegends,Gaming Legends Series,Five Nights at Freddy's,7,4,2026-10-01T08:00:00Z
2026-10-06,v2:/950126979d096fcb602f68aa39c77d1767ed856b81a401daea37765aa865f359,[VIRTUAL]1 x bury a friend for 500 MtxCurrency,500,500,0,0.0,0,2026-10-01T00:00:00Z,2026-10-17T23:59:59.999Z,1,0,-76,JT100226NoV,Jam Tracks,181,expandableList,Size_1_x_1,,0,,1,track,sid_placeholder_381,bury a friend,,,,,,,2024-10-10T13:34:27Z
2026-10-06,v2:/6a1d65396de00cef382d9cd33d00865a740e3f30027ae916b1266a7ce29644a3,[VIRTUAL]1 x TBD (SID_Placeholder_327) for 500 MtxCurrency,500,500,0,0.0,0,2026-10-01T00:00:00Z,2026-10-31T23:59:59.999Z,1,0,-102,JT100226NoV,Jam Tracks,181,expandableList,Size_1_x_1,,0,,1,track,sid_placeholder_327,Last Resort (2020),,,,,,,2025-02-13T17:10:43Z
2026-10-06,v2:/4b197bd56fedf77530fc924fde7e559a6f732deb3e58bd2a964cc40547c328f9,[VIRTUAL]1 x TBD (SID_Placeholder_900) for 500 MtxCurrency,500,500,0,0.0,0,2026-10-02T00:00:00Z,2026-10-08T23:59:59.999Z,1,0,-1,FNM100626,Locker of Horrors,194,tileGrid,Size_1_x_1,,0,,1,track,sid_placeholder_900,A Grave Mistake,,,,,,,2026-09-29T15:03:30Z
2026-10-06,v2:/1240a85c2e9149088c92b2c8cf8e2fd5da639cc13ca63d2f6f8f00fd1092e9b6,[VIRTUAL]1 x Disco Ball for 400 MtxCurrency,400,400,0,0.0,0,2026-10-05T00:00:00Z,2026-10-11T23:59:59.999Z,1,0,-2,,,,,Size_1_x_1,,0,,1,br,BID_195_FunkOpsFemale,Disco Ball,backpack,rare,,Fortnite Fever,1,7,2019-11-20T12:50:37Z
2026-10-06,v2:/84c49d9f4d8d5b4e2a9b36248dad93bf2e847e9d86309ed34764f55d19542cad,[VIRTUAL]1 x Chainsaw Hand for 800 MtxCurrency,800,800,0,0.0,0,2026-10-06T00:00:00Z,2026-10-10T23:59:59.999Z,1,0,-2,,,,,Size_4_x_1,,0,,1,br,Pickaxe_Troops,Chainsaw Hand,pickaxe,epic,,Knowby Cabin Nightmare,3,4,2022-10-18T23:49:57Z
2026-10-06,v2:/5e8bff6ac2d97e72bf93dacb96d4a4b1b2eefbd4e1faa001d2a938bc620fd6f6,[VIRTUAL]1 x Better Off Alone for 500 MtxCurrency,500,500,0,0.0,0,2026-10-01T00:00:00Z,2026-10-31T23:59:59.999Z,1,0,-33,JT100226NoV,Jam Tracks,181,expandableList,Size_1_x_1,,0,,1,track,sid_placeholder_323,Better Off Alone,,,,,,,2024-09-05T14:24:37Z
2026-10-06,v2:/3c0e47aad1b147cef12908876e9c4cde60f98f9b271b02c61b8744562d7f1e8a,[VIRTUAL]1 x Raven's Stare for 300 MtxCurrency,300,300,0,0.0,0,2026-10-06T00:00:00Z,2026-10-10T23:59:59.999Z,1,0,-3,,,,,Size_2_x_1,,0,,1,br,Backpack_BraveBuild,Raven's Stare,backpack,icon,Icon Series,Eminem,4,OG,2023-11-28T15:26:41Z
2026-10-06,v2:/f1170e3b63f53b38d80c17d981c8ea524a95c41a0e7925679eeb78cb7d5f69a2,"[VIRTUAL]1 x Jack the Clown, 1 x Jack the Clown in the Box for -1 MtxCurrency",1500,1500,0,0.0,0,2026-10-06T00:00:00Z,2026-10-12T23:59:59.999Z,1,0,-1,HHNJack1,Halloween Horror Nights ,198,tileGrid,Size_1_x_1,,0,,2,br,Character_WitchValve,Jack the Clown,outfit,epic,,Halloween Horror Nights,7,4,2026-10-05T13:00:42Z
2026-10-06,v2:/f1170e3b63f53b38d80c17d981c8ea524a95c41a0e7925679eeb78cb7d5f69a2,"[VIRTUAL]1 x Jack the Clown, 1 x Jack the Clown in the Box for -1 MtxCurrency",1500,1500,0,0.0,0,2026-10-06T00:00:00Z,2026-10-12T23:59:59.999Z,1,0,-1,HHNJack1,Halloween Horror Nights ,198,tileGrid,Size_1_x_1,,0,,2,br,Backpack_WitchValve,Jack the Clown in the Box,backpack,rare,,Halloween Horror Nights,7,4,2026-10-05T13:00:42Z
2026-10-06,v2:/13321abe2a580914f1ac1d00f0ac0ccfa3a6352abc1e4df31ee5ddb07dd92bd7,"[VIRTUAL]1 x Freddy Fazbear, 1 x Freddy-oke Machine for -1 MtxCurrency",1500,1500,0,0.0,0,2026-10-01T00:00:00Z,2026-10-31T23:59:59.999Z,1,0,-1,5Nights,Five Nights at Freddy's,196,tileGrid,Size_2_x_1,,0,,2,br,Character_GuardHence,Freddy Fazbear,outfit,gaminglegends,Gaming Legends Series,Five Nights at Freddy's,7,4,2026-10-01T08:00:00Z
2026-10-06,v2:/13321abe2a580914f1ac1d00f0ac0ccfa3a6352abc1e4df31ee5ddb07dd92bd7,"[VIRTUAL]1 x Freddy Fazbear, 1 x Freddy-oke Machine for -1 MtxCurrency",1500,1500,0,0.0,0,2026-10-01T00:00:00Z,2026-10-31T23:59:59.999Z,1,0,-1,5Nights,Five Nights at Freddy's,196,tileGrid,Size_2_x_1,,0,,2,br,Backpack_GuardHence,Freddy-oke Machine,backpack,gaminglegends,Gaming Legends Series,Five Nights at Freddy's,7,4,2026-10-01T08:00:00Z
2026-10-06,v2:/cc616a61b9d372b300a96a0e3b6661a2a92a399a9b241e0e8963d559f70290ec,[VIRTUAL]1 x Board Walkers for 600 MtxCurrency,600,600,0,0.0,0,2026-10-04T00:00:00Z,2026-10-06T23:59:59.999Z,1,0,-3,FND100626,Showcase ,185,tileGrid,Size_1_x_1,,0,,1,br,Shoes_SilverTempo,Board Walkers,shoe,uncommon,,Chess Kingdom,7,3,2026-07-16T08:32:04Z
2026-10-06,v2:/e5e4c69e4ba0e68e3089a91409788fcd62f0871698082727748ea73f55bbbae5,[VIRTUAL]1 x Feral Floof for 800 MtxCurrency,800,800,0,0.0,0,2026-10-04T00:00:00Z,2026-10-06T23:59:59.999Z,1,0,-3,FNM100626,Locker of Horrors,194,tileGrid,Size_1_x_1,,0,,1,br,Pickaxe_FuzzyDarkness,Feral Floof,pickaxe,rare,,Mythical Monster,5,4,2024-10-12T06:22:57Z
2026-10-06,v2:/f3267d6b27f930ed558ea7447ad5134fbf2637816cace79fd098cca7e5cfe388,[VIRTUAL]1 x Ghost Glider for 1200 MtxCurrency,1200,1200,0,0.0,0,2026-10-05T00:00:00Z,2026-10-09T23:59:59.999Z,1,0,-3,GhostRiderOnly,Marvel,187,tileGrid,Size_1_x_1,<highlight_strong>Surfing Glider!</>,0,,1,br,Glider_ID_250_EmbersMale,Ghost Glider,glider,marvel,MARVEL SERIES,Ghost Rider,2,4,2020-11-08T00:00:00Z
2026-10-06,v2:/166dae58e63026bcc3703c18a3135a914cb2c031eef1d3a4ed8df6580e81d6f9,"[VIRTUAL]1 x Ghost Rider, 1 x Infernal Chain, 1 x Soulfire Chains, 1 x Ghost Glider, 1 x Skull Fire for -1 MtxCurrency",4400,2600,1800,0.4091,1,2026-10-05T00:00:00Z,2026-10-09T23:59:59.999Z,1,0,-1,GhostRiderOnly,Marvel,187,tileGrid,Size_4_x_1,,1,Ghost Rider Bundle,5,br,CID_924_Athena_Commando_M_Embers,Ghost Rider,outfit,marvel,MARVEL SERIES,Ghost Rider,2,4,2020-11-08T00:00:00Z
2026-10-06,v2:/166dae58e63026bcc3703c18a3135a914cb2c031eef1d3a4ed8df6580e81d6f9,"[VIRTUAL]1 x Ghost Rider, 1 x Infernal Chain, 1 x Soulfire Chains, 1 x Ghost Glider, 1 x Skull Fire for -1 MtxCurrency",4400,2600,1800,0.4091,1,2026-10-05T00:00:00Z,2026-10-09T23:59:59.999Z,1,0,-1,GhostRiderOnly,Marvel,187,tileGrid,Size_4_x_1,,1,Ghost Rider Bundle,5,br,BID_642_Embers,Infernal Chain,backpack,marvel,MARVEL SERIES,Ghost Rider,2,4,2020-11-08T00:00:00Z
2026-10-06,v2:/166dae58e63026bcc3703c18a3135a914cb2c031eef1d3a4ed8df6580e81d6f9,"[VIRTUAL]1 x Ghost Rider, 1 x Infernal Chain, 1 x Soulfire Chains, 1 x Ghost Glider, 1 x Skull Fire for -1 MtxCurrency",4400,2600,1800,0.4091,1,2026-10-05T00:00:00Z,2026-10-09T23:59:59.999Z,1,0,-1,GhostRiderOnly,Marvel,187,tileGrid,Size_4_x_1,,1,Ghost Rider Bundle,5,br,Pickaxe_ID_492_EmbersMale,Soulfire Chains,pickaxe,marvel,MARVEL SERIES,Ghost Rider,2,4,2020-11-08T00:00:00Z
2026-10-06,v2:/166dae58e63026bcc3703c18a3135a914cb2c031eef1d3a4ed8df6580e81d6f9,"[VIRTUAL]1 x Ghost Rider, 1 x Infernal Chain, 1 x Soulfire Chains, 1 x Ghost Glider, 1 x Skull Fire for -1 MtxCurrency",4400,2600,1800,0.4091,1,2026-10-05T00:00:00Z,2026-10-09T23:59:59.999Z,1,0,-1,GhostRiderOnly,Marvel,187,tileGrid,Size_4_x_1,,1,Ghost Rider Bundle,5,br,Glider_ID_250_EmbersMale,Ghost Glider,glider,marvel,MARVEL SERIES,Ghost Rider,2,4,2020-11-08T00:00:00Z
2026-10-06,v2:/166dae58e63026bcc3703c18a3135a914cb2c031eef1d3a4ed8df6580e81d6f9,"[VIRTUAL]1 x Ghost Rider, 1 x Infernal Chain, 1 x Soulfire Chains, 1 x Ghost Glider, 1 x Skull Fire for -1 MtxCurrency",4400,2600,1800,0.4091,1,2026-10-05T00:00:00Z,2026-10-09T23:59:59.999Z,1,0,-1,GhostRiderOnly,Marvel,187,tileGrid,Size_4_x_1,,1,Ghost Rider Bundle,5,br,Wrap_298_Embers,Skull Fire,wrap,marvel,MARVEL SERIES,Ghost Rider,2,4,2020-11-08T00:00:00Z
2026-10-06,v2:/3d880fad70589d94851c09d47b2946e895f581ff5b1662d01f0e63645b578e17,[VIRTUAL]1 x CAIRO for 500 MtxCurrency,500,500,0,0.0,0,2026-10-01T00:00:00Z,2026-10-31T23:59:59.999Z,1,0,-55,JT100226NoV,Jam Tracks,181,expandableList,Size_1_x_1,,0,,1,track,sid_placeholder_306,CAIRO,,,,,,,2024-08-16T03:00:00Z
2026-10-06,v2:/4c900ce4183e6218aed09910b83dec59e6c539fd1bda0417d0e8c7249396ccd7,[VIRTUAL]1 x Replay for 500 MtxCurrency,500,500,0,0.0,0,2026-10-01T00:00:00Z,2026-10-31T23:59:59.999Z,1,0,-28,JT100226NoV,Jam Tracks,181,expandableList,Size_1_x_1,,0,,1,track,sid_placeholder_295,Replay,,,,,,,2024-08-22T14:07:17Z
2026-10-06,v2:/658c18732129288e9abc0f0efb21f4b5d3287b4cf982469830b8205c854a1d79,"[VIRTUAL]1 x Freddy's Mic, 1 x Freddy's Mic, 1 x Freddy's Mic for 800 MtxCurrency",800,800,0,0.0,0,2026-10-01T00:00:00Z,2026-10-31T23:59:59.999Z,1,0,-1,5Nights,Five Nights at Freddy's,196,tileGrid,Size_1_x_1,,0,,3,br,Backpack_GuardHence_Mic,Freddy's Mic,backpack,rare,,Five Nights at Freddy's,7,4,2026-10-01T08:00:00Z
2026-10-06,v2:/658c18732129288e9abc0f0efb21f4b5d3287b4cf982469830b8205c854a1d79,"[VIRTUAL]1 x Freddy's Mic, 1 x Freddy's Mic, 1 x Freddy's Mic for 800 MtxCurrency",800,800,0,0.0,0,2026-10-01T00:00:00Z,2026-10-31T23:59:59.999Z,1,0,-1,5Nights,Five Nights at Freddy's,196,tileGrid,Size_1_x_1,,0,,3,br,Pickaxe_GuardHence_Mic,Freddy's Mic,pickaxe,rare,,Five Nights at Freddy's,7,4,2026-10-01T08:00:00Z
2026-10-06,v2:/658c18732129288e9abc0f0efb21f4b5d3287b4cf982469830b8205c854a1d79,"[VIRTUAL]1 x Freddy's Mic, 1 x Freddy's Mic, 1 x Freddy's Mic for 800 MtxCurrency",800,800,0,0.0,0,2026-10-01T00:00:00Z,2026-10-31T23:59:59.999Z,1,0,-1,5Nights,Five Nights at Freddy's,196,tileGrid,Size_1_x_1,,0,,3,instrument,Sparks_GuardHence_Mic,Freddy's Mic,mic,common,,,,,2026-10-01T08:00:00Z
2026-10-06,v2:/edec328d29130f5e001a827c180730894f72f3dd6c33628d5de6d4e84554fae6,[VIRTUAL]1 x Radioactive for 500 MtxCurrency,500,500,0,0.0,0,2026-10-01T00:00:00Z,2026-10-31T23:59:59.999Z,1,0,-31,JT100226NoV,Jam Tracks,181,expandableList,Size_1_x_1,,0,,1,track,sid_placeholder_347,Radioactive,,,,,,,2025-01-02T14:36:01Z
2026-10-06,v2:/ea957928816bbaacab4ea580bb400fd8aecc5f00446500dcbf21ed877f81669f,"[VIRTUAL]1 x Foxy The Pirate, 1 x Foxy's Hook, 1 x Foxy's Side Stage for -1 MtxCurrency",1600,1600,0,0.0,0,2026-10-01T00:00:00Z,2026-10-31T23:59:59.999Z,1,0,-3,5Nights,Five Nights at Freddy's,196,tileGrid,Size_1_x_1,,0,,3,br,Character_JigsawWaste,Foxy The Pirate,outfit,gaminglegends,Gaming Legends Series,Five Nights at Freddy's,7,4,2026-10-01T08:00:00Z
2026-10-06,v2:/ea957928816bbaacab4ea580bb400fd8aecc5f00446500dcbf21ed877f81669f,"[VIRTUAL]1 x Foxy The Pirate, 1 x Foxy's Hook, 1 x Foxy's Side Stage for -1 MtxCurrency",1600,1600,0,0.0,0,2026-10-01T00:00:00Z,2026-10-31T23:59:59.999Z,1,0,-3,5Nights,Five Nights at Freddy's,196,tileGrid,Size_1_x_1,,0,,3,br,Pickaxe_JigsawWaste,Foxy's Hook,pickaxe,gaminglegends,Gaming Legends Series,Five Nights at Freddy's,7,4,2026-10-01T08:00:00Z
2026-10-06,v2:/ea957928816bbaacab4ea580bb400fd8aecc5f00446500dcbf21ed877f81669f,"[VIRTUAL]1 x Foxy The Pirate, 1 x Foxy's Hook, 1 x Foxy's Side Stage for -1 MtxCurrency",1600,1600,0,0.0,0,2026-10-01T00:00:00Z,2026-10-31T23:59:59.999Z,1,0,-3,5Nights,Five Nights at Freddy's,196,tileGrid,Size_1_x_1,,0,,3,br,Backpack_JigsawWaste,Foxy's Side Stage,backpack,gaminglegends,Gaming Legends Series,Five Nights at Freddy's,7,4,2026-10-01T08:00:00Z
2026-10-06,v2:/74bd0621c6b0058cc1adf6786d3fac936c9c61df932f25a1ded1f966dd882a40,"[VIRTUAL]1 x Asta, 1 x Asta's Demon-Slayer Sword, 1 x Asta's Devil Wings, 1 x Asta's Grimoire for -1 MtxCurrency",2000,2000,0,0.0,0,2026-10-04T00:00:00Z,2026-10-13T23:59:59.999Z,1,0,-1,BlackClover,Black Clover ,197,tileGrid,Size_2_x_1,,0,,4,br,Character_MimicGlean,Asta,outfit,epic,,Black Clover,7,4,2026-10-03T13:00:46Z
2026-10-06,v2:/74bd0621c6b0058cc1adf6786d3fac936c9c61df932f25a1ded1f966dd882a40,"[VIRTUAL]1 x Asta, 1 x Asta's Demon-Slayer Sword, 1 x Asta's Devil Wings, 1 x Asta's Grimoire for -1 MtxCurrency",2000,2000,0,0.0,0,2026-10-04T00:00:00Z,2026-10-13T23:59:59.999Z,1,0,-1,BlackClover,Black Clover ,197,tileGrid,Size_2_x_1,,0,,4,br,Pickaxe_MimicGlean,Asta's Demon-Slayer Sword,pickaxe,rare,,Black Clover,7,4,2026-10-03T13:00:46Z
2026-10-06,v2:/74bd0621c6b0058cc1adf6786d3fac936c9c61df932f25a1ded1f966dd882a40,"[VIRTUAL]1 x Asta, 1 x Asta's Demon-Slayer Sword, 1 x Asta's Devil Wings, 1 x Asta's Grimoire for -1 MtxCurrency",2000,2000,0,0.0,0,2026-10-04T00:00:00Z,2026-10-13T23:59:59.999Z,1,0,-1,BlackClover,Black Clover ,197,tileGrid,Size_2_x_1,,0,,4,br,Backpack_MimicGleanIdeal,Asta's Devil Wings,backpack,rare,,Black Clover,7,4,2026-10-03T13:00:46Z
2026-10-06,v2:/74bd0621c6b0058cc1adf6786d3fac936c9c61df932f25a1ded1f966dd882a40,"[VIRTUAL]1 x Asta, 1 x Asta's Demon-Slayer Sword, 1 x Asta's Devil Wings, 1 x Asta's Grimoire for -1 MtxCurrency",2000,2000,0,0.0,0,2026-10-04T00:00:00Z,2026-10-13T23:59:59.999Z,1,0,-1,BlackClover,Black Clover ,197,tileGrid,Size_2_x_1,,0,,4,br,Backpack_MimicGlean,Asta's Grimoire,backpack,rare,,Black Clover,7,4,2026-10-03T13:00:46Z
2026-10-06,v2:/e061f893dcc04130d218b1b81f19ed19822c162a2972b29e7703483873a52d90,[VIRTUAL]1 x TBD (SID_Placeholder_572) for 500 MtxCurrency,500,500,0,0.0,0,2026-10-02T00:00:00Z,2026-10-08T23:59:59.999Z,1,0,-7,JT100226NoV,Jam Tracks,181,tileGrid,Size_1_x_1,,0,,1,track,sid_placeholder_572,if u think i'm pretty,,,,,,,2025-04-16T12:01:49Z
2026-10-06,v2:/b0e8e450863fc9ad553ceaae25d310f0ddf5fbeb56e8158e8bc9b490e9439ddc,[VIRTUAL]1 x Furrocious Flame for 300 MtxCurrency,300,300,0,0.0,0,2026-10-04T00:00:00Z,2026-10-06T23:59:59.999Z,1,0,-1,,,,,Size_1_x_1,,0,,1,br,Backpack_EctoCat,Furrocious Flame,backpack,epic,,Meownstrosity,4,4,2023-10-10T11:59:07Z
2026-10-06,v2:/667873526348928584b60c9acad42c832cbef227f191a9536e5e2811c12973f1,"[VIRTUAL]1 x Cloaked Shadow, 1 x Shadow Wings for -1 MtxCurrency",1500,1500,0,0.0,0,2026-10-05T00:00:00Z,2026-10-07T23:59:59.999Z,1,0,-4,FNM100626,Locker of Horrors,194,tileGrid,Size_1_x_1,,0,,2,br,CID_317_Athena_Commando_M_WinterGhoul,Cloaked Shadow,outfit,epic,,,1,7,2019-11-20T12:50:08Z
2026-10-06,v2:/667873526348928584b60c9acad42c832cbef227f191a9536e5e2811c12973f1,"[VIRTUAL]1 x Cloaked Shadow, 1 x Shadow Wings for -1 MtxCurrency",1500,1500,0,0.0,0,2026-10-05T00:00:00Z,2026-10-07T23:59:59.999Z,1,0,-4,FNM100626,Locker of Horrors,194,tileGrid,Size_1_x_1,,0,,2,br,BID_191_WinterGhoulMale,Shadow Wings,backpack,epic,,,1,7,2019-11-20T12:50:36Z
2026-10-06,v2:/83e8763048ec8609606e24da1551ed83b21166df802ae1338b5f98413865b5a9,[VIRTUAL]1 x Shadow Wings for 400 MtxCurrency,400,400,0,0.0,0,2026-10-05T00:00:00Z,2026-10-07T23:59:59.999Z,1,0,-4,,,,,Size_1_x_1,,0,,1,br,BID_191_WinterGhoulMale,Shadow Wings,backpack,epic,,,1,7,2019-11-20T12:50:36Z
2026-10-06,v2:/581b66b8937ff6ec8f692598772c3b0290486e37d7aec81479dbc34a5d92375a,"[VIRTUAL]1 x Phantom Guff, 1 x Shadow Stuffie, 1 x Feral Floof, 1 x Ruff'n'Guff for -1 MtxCurrency",2500,1800,700,0.28,1,2026-10-04T00:00:00Z,2026-10-06T23:59:59.999Z,1,0,-1,FNM100626,Locker of Horrors,194,tileGrid,Size_1_x_1,,1,Phantom Guff Bundle,4,br,Character_FuzzyDarkness,Phantom Guff,outfit,epic,,Mythical Monster,5,4,2024-10-12T06:22:57Z
2026-10-06,v2:/581b66b8937ff6ec8f692598772c3b0290486e37d7aec81479dbc34a5d92375a,"[VIRTUAL]1 x Phantom Guff, 1 x Shadow Stuffie, 1 x Feral Floof, 1 x Ruff'n'Guff for -1 MtxCurrency",2500,1800,700,0.28,1,2026-10-04T00:00:00Z,2026-10-06T23:59:59.999Z,1,0,-1,FNM100626,Locker of Horrors,194,tileGrid,Size_1_x_1,,1,Phantom Guff Bundle,4,br,Backpack_FuzzyDarkness,Shadow Stuffie,backpack,rare,,Mythical Monster,5,4,2024-10-12T06:22:57Z
2026-10-06,v2:/581b66b8937ff6ec8f692598772c3b0290486e37d7aec81479dbc34a5d92375a,"[VIRTUAL]1 x Phantom Guff, 1 x Shadow Stuffie, 1 x Feral Floof, 1 x Ruff'n'Guff for -1 MtxCurrency",2500,1800,700,0.28,1,2026-10-04T00:00:00Z,2026-10-06T23:59:59.999Z,1,0,-1,FNM100626,Locker of Horrors,194,tileGrid,Size_1_x_1,,1,Phantom Guff Bundle,4,br,Pickaxe_FuzzyDarkness,Feral Floof,pickaxe,rare,,Mythical Monster,5,4,2024-10-12T06:22:57Z
2026-10-06,v2:/581b66b8937ff6ec8f692598772c3b0290486e37d7aec81479dbc34a5d92375a,"[VIRTUAL]1 x Phantom Guff, 1 x Shadow Stuffie, 1 x Feral Floof, 1 x Ruff'n'Guff for -1 MtxCurrency",2500,1800,700,0.28,1,2026-10-04T00:00:00Z,2026-10-06T23:59:59.999Z,1,0,-1,FNM100626,Locker of Horrors,194,tileGrid,Size_1_x_1,,1,Phantom Guff Bundle,4,br,Wrap_FuzzyDarkness,Ruff'n'Guff,wrap,rare,,Mythical Monster,5,4,2024-10-12T06:22:57Z
2026-10-06,v2:/5c0cc4d88d262c3a33b3a25ad7ce3c4ff09309d5e2e79ae53dd6bf460e902840,"[VIRTUAL]1 x Dark Bomber, 1 x Dark Bag, 1 x Thunder Crash, 1 x Dark Glyph for -1 MtxCurrency",2900,2000,900,0.3103,1,2026-10-06T00:00:00Z,2026-10-08T23:59:59.999Z,1,0,-1,FNM100626,Locker of Horrors,194,tileGrid,Size_1_x_1,,1,Dark Bomber Bundle,4,br,CID_229_Athena_Commando_F_DarkBomber,Dark Bomber,outfit,dark,DARK SERIES,Lightning & Thunderstorms,1,6,2019-11-20T12:50:15Z
2026-10-06,v2:/5c0cc4d88d262c3a33b3a25ad7ce3c4ff09309d5e2e79ae53dd6bf460e902840,"[VIRTUAL]1 x Dark Bomber, 1 x Dark Bag, 1 x Thunder Crash, 1 x Dark Glyph for -1 MtxCurrency",2900,2000,900,0.3103,1,2026-10-06T00:00:00Z,2026-10-08T23:59:59.999Z,1,0,-1,FNM100626,Locker of Horrors,194,tileGrid,Size_1_x_1,,1,Dark Bomber Bundle,4,br,BID_126_DarkBomber,Dark Bag,backpack,dark,DARK SERIES,Lightning & Thunderstorms,1,6,2019-11-20T12:50:38Z
2026-10-06,v2:/5c0cc4d88d262c3a33b3a25ad7ce3c4ff09309d5e2e79ae53dd6bf460e902840,"[VIRTUAL]1 x Dark Bomber, 1 x Dark Bag, 1 x Thunder Crash, 1 x Dark Glyph for -1 MtxCurrency",2900,2000,900,0.3103,1,2026-10-06T00:00:00Z,2026-10-08T23:59:59.999Z,1,0,-1,FNM100626,Locker of Horrors,194,tileGrid,Size_1_x_1,,1,Dark Bomber Bundle,4,br,Pickaxe_ID_106_DarkBomber,Thunder Crash,pickaxe,dark,DARK SERIES,Lightning & Thunderstorms,1,6,2019-11-20T12:50:54Z
2026-10-06,v2:/5c0cc4d88d262c3a33b3a25ad7ce3c4ff09309d5e2e79ae53dd6bf460e902840,"[VIRTUAL]1 x Dark Bomber, 1 x Dark Bag, 1 x Thunder Crash, 1 x Dark Glyph for -1 MtxCurrency",2900,2000,900,0.3103,1,2026-10-06T00:00:00Z,2026-10-08T23:59:59.999Z,1,0,-1,FNM100626,Locker of Horrors,194,tileGrid,Size_1_x_1,,1,Dark Bomber Bundle,4,br,Glider_ID_083_DarkBomber,Dark Glyph,glider,dark,DARK SERIES,Lightning & Thunderstorms,1,6,2019-11-20T12:48:01Z
2026-10-06,v2:/705a703e2987ce42714615a26e7da4f598a95c2f5575ac4222ec80e16adb5e10,[VIRTUAL]1 x TBD (SID_Placeholder_536) for 500 MtxCurrency,500,500,0,0.0,0,2026-10-01T00:00:00Z,2026-10-31T23:59:59.999Z,1,0,-92,JT100226NoV,Jam Tracks,181,expandableList,Size_1_x_1,,0,,1,track,sid_placeholder_536,Taste,,,,,,,2025-04-08T08:00:00Z
2026-10-06,v2:/11c0328cd4dc89f4b63a920d7d7fad449787227adcdb56f2575c7cd8bdf4a944,[VIRTUAL]1 x Paint The Town Red for 500 MtxCurrency,500,500,0,0.0,0,2026-10-01T00:00:00Z,2026-10-31T23:59:59.999Z,1,0,-69,JT100226NoV,Jam Tracks,181,expandableList,Size_1_x_1,,0,,1,track,sid_placeholder_191,Paint The Town Red,,,,,,,2024-04-09T15:02:47Z
2026-10-06,v2:/a7fb03b4d11fa2c7a9cf4769678b8924399fabf6815c82f130d0dd371d543764,[VIRTUAL]1 x TBD (SID_Placeholder_172) for 500 MtxCurrency,500,500,0,0.0,0,2026-10-02T00:00:00Z,2026-10-08T23:59:59.999Z,1,0,-8,JT100226NoV,Jam Tracks,181,tileGrid,Size_1_x_1,,0,,1,track,sid_placeholder_172,That's What I Like,,,,,,,2025-07-16T00:00:48Z
2026-10-06,v2:/2cb01bea6d831cefb69fb659eed8b89cd0497a56ef72da4caf441db01b31cdca,[VIRTUAL]1 x Nitemare Hack for 1200 MtxCurrency,1200,1200,0,0.0,0,2026-10-02T00:00:00Z,2026-10-06T23:59:59.999Z,1,0,-2,FNM100626,Locker of Horrors,194,tileGrid,Size_1_x_1,,0,,1,br,Character_InfoInvader,Nitemare Hack,outfit,epic,,,7,4,2026-10-01T18:37:28Z
2026-10-06,v2:/fe6d6e0cf0c1834ef1ed7316e947e6cdfed4f5420fe54f171de4f314c01fdeeb,[VIRTUAL]1 x Tracker for 800 MtxCurrency,800,800,0,0.0,0,2026-10-06T00:00:00Z,2026-10-12T23:59:59.999Z,1,0,-2,BR100626,Loadout Goals ,184,tileGrid,Size_1_x_1,,0,,1,br,CID_009_Athena_Commando_M,Tracker,outfit,uncommon,,,1,1,2019-11-20T12:50:30Z
2026-10-06,v2:/d13976987df592b0b6a9f3703a753a92a96a8f3440f166ab1810aa723b85373b,[VIRTUAL]1 x TBD (SID_Placeholder_759) for 500 MtxCurrency,500,500,0,0.0,0,2026-10-01T00:00:00Z,2026-10-31T23:59:59.999Z,1,0,-91,JT100226NoV,Jam Tracks,181,expandableList,Size_1_x_1,,0,,1,track,sid_placeholder_759,Tribute,,,,,,,2026-03-05T15:30:10Z
2026-10-06,v2:/dcbd8aff628731730f3bda27e2f5c2a02db2e64139046f6b31bce33f14c95c48,[VIRTUAL]1 x Beautiful for 500 MtxCurrency,500,500,0,0.0,0,2026-10-01T00:00:00Z,2026-10-31T23:59:59.999Z,1,0,-54,JT100226NoV,Jam Tracks,181,expandableList,Size_1_x_1,,0,,1,track,sid_placeholder_396,Beautiful,,,,,,,2024-11-02T06:00:00Z
2026-10-06,v2:/a7ffd2f1a4202ea7d4a31b613b0ee8a97959e412ee97fee9c29561b7b42efbcd,[VIRTUAL]1 x Reaction Tank for 200 MtxCurrency,200,200,0,0.0,0,2026-10-06T00:00:00Z,2026-10-12T23:59:59.999Z,1,0,-1,,,,,Size_1_x_1,,0,,1,br,BID_141_StreetOpsFemale,Reaction Tank,backpack,rare,,Counterattack,1,6,2019-11-20T12:50:38Z
2026-10-06,v2:/72bf83c917282d94c8bd68ea1fca46eb2622769757e4704f021c562d28228ef2,[VIRTUAL]1 x Jack's Menacing Mallet for 800 MtxCurrency,800,800,0,0.0,0,2026-10-06T00:00:00Z,2026-10-12T23:59:59.999Z,1,0,-3,HHNJack1,Halloween Horror Nights ,198,tileGrid,Size_1_x_1,,0,,1,br,Pickaxe_WitchValve,Jack's Menacing Mallet,pickaxe,rare,,Halloween Horror Nights,7,4,2026-10-05T13:00:42Z
2026-10-06,v2:/bfa6392fc5900dce92fc81384de3115682608842ccec686dcccb6c9b09375fcb,[VIRTUAL]1 x Apple for 500 MtxCurrency,500,500,0,0.0,0,2026-10-01T00:00:00Z,2026-10-31T23:59:59.999Z,1,0,-62,JT100226NoV,Jam Tracks,181,expandableList,Size_1_x_1,,0,,1,track,sid_placeholder_331,Apple,,,,,,,2024-09-05T14:24:37Z
2026-10-06,v2:/572b7d5625d4605522ea3163fcd75e88806724c49dd2a6ddf003f58adfc49b03,"[VIRTUAL]1 x Graven, 1 x Embalmwings for -1 MtxCurrency",1500,1500,0,0.0,0,2026-10-02T00:00:00Z,2026-10-08T23:59:59.999Z,1,0,-3,FNM100626,Locker of Horrors,194,tileGrid,Size_1_x_1,,0,,2,br,CID_A_217_Athena_Commando_M_CritterRaven,Graven,outfit,epic,,Graven's Curse,2,8,2021-10-12T08:35:19Z
2026-10-06,v2:/572b7d5625d4605522ea3163fcd75e88806724c49dd2a6ddf003f58adfc49b03,"[VIRTUAL]1 x Graven, 1 x Embalmwings for -1 MtxCurrency",1500,1500,0,0.0,0,2026-10-02T00:00:00Z,2026-10-08T23:59:59.999Z,1,0,-3,FNM100626,Locker of Horrors,194,tileGrid,Size_1_x_1,,0,,2,br,BID_869_CritterRaven,Embalmwings,backpack,epic,,Graven's Curse,2,8,2021-10-12T08:35:19Z
2026-10-06,v2:/32ccbbbd7cb83fe9a1399652747b1a865851d1f41f04dbb4fdc72e3a0f3ad3b0,[VIRTUAL]1 x Fuel for 500 MtxCurrency,500,500,0,0.0,0,2026-10-01T00:00:00Z,2026-10-31T23:59:59.999Z,1,0,-19,JT100226NoV,Jam Tracks,181,expandableList,Size_1_x_1,,0,,1,track,sid_placeholder_231,Fuel,,,,,,,2024-05-23T13:34:20Z
2026-10-06,v2:/768bcc8c3d315cc260e4c2840c234b738af7df5558febec85887439097937f1b,[VIRTUAL]1 x Centuries for 500 MtxCurrency,500,500,0,0.0,0,2026-10-01T00:00:00Z,2026-10-31T23:59:59.999Z,1,0,-40,JT100226NoV,Jam Tracks,181,expandableList,Size_1_x_1,,0,,1,track,sid_placeholder_398,Centuries,,,,,,,2024-12-26T14:34:39Z
2026-10-06,v2:/7044ddcff6974712b49f004aeb146afc418d0a28c6df9891b8a362886447021a,[VIRTUAL]1 x bad guy for 500 MtxCurrency,500,500,0,0.0,0,2026-10-01T00:00:00Z,2026-10-31T23:59:59.999Z,1,0,-21,JT100226NoV,Jam Tracks,181,expandableList,Size_1_x_1,,0,,1,track,sid_placeholder_23,bad guy,,,,,,,2023-12-09T15:00:00Z
2026-10-06,v2:/59569c7533e6b3e3fb966841833d434c99a4a8ed881c1800ace519e7dc2a4a00,[VIRTUAL]1 x Tactics Officer for 800 MtxCurrency,800,800,0,0.0,0,2026-10-06T00:00:00Z,2026-10-12T23:59:59.999Z,1,0,-3,NoSweat100626,No Sweat,188,tileGrid,Size_1_x_1,,0,,1,br,CID_075_Athena_Commando_F_Stripe,Tactics Officer,outfit,uncommon,,,1,2,2019-11-20T12:50:27Z
2026-10-06,v2:/6b50759e511f575a9c936e34845c11d3cf50f85778bd62a405d3196bdb75908a,[VIRTUAL]1 x Skull Fire for 500 MtxCurrency,500,500,0,0.0,0,2026-10-05T00:00:00Z,2026-10-09T23:59:59.999Z,1,0,-4,GhostRiderOnly,Marvel,187,tileGrid,Size_1_x_1,,0,,1,br,Wrap_298_Embers,Skull Fire,wrap,marvel,MARVEL SERIES,Ghost Rider,2,4,2020-11-08T00:00:00Z
2026-10-06,v2:/ce45585ee2445787b8eb7c9cd98605a1d69cc52cc786f68a03ff5028c0033b35,[VIRTUAL]1 x Tití Me Preguntó for 500 MtxCurrency,500,500,0,0.0,0,2026-10-01T00:00:00Z,2026-10-31T23:59:59.999Z,1,0,-13,JT100226NoV,Jam Tracks,181,expandableList,Size_1_x_1,,0,,1,track,sid_placeholder_263,Tití Me Preguntó,,,,,,,2024-07-11T15:13:48Z
2026-10-06,v2:/e7df43dfaaec45745c2a04088ed5644bec6f31ff4547606dd48f2470b203f40e,[VIRTUAL]1 x Boomstick for 400 MtxCurrency,400,400,0,0.0,0,2026-10-06T00:00:00Z,2026-10-10T23:59:59.999Z,1,0,-2,,,,,Size_4_x_1,,0,,1,br,Backpack_TroopsAlt,Boomstick,backpack,epic,,Knowby Cabin Nightmare,3,4,2022-10-18T23:49:57Z
2026-10-06,v2:/5a1677bcddef1b546e44258f5a58a1fa0625685479ae0891e015c4e086a4c58f,[VIRTUAL]1 x Hooray for 300 MtxCurrency,300,300,0,0.0,0,2026-10-06T00:00:00Z,2026-10-09T23:59:59.999Z,1,0,-4,VV100626,Hype Time,189,tileGrid,Size_1_x_1,,0,,1,br,EID_Hurrah,Hooray,emote,icon,Icon Series,,4,OG,2023-11-14T00:00:00Z
2026-10-06,v2:/9b6cb10d18e3d7d3b749b42f0047951da96747404d6927ace76a1f249c089821,[VIRTUAL]1 x Real Slim Shady for 500 MtxCurrency,500,500,0,0.0,0,2026-10-06T00:00:00Z,2026-10-10T23:59:59.999Z,1,0,-1,Eminem1Icon,Eminem,190,tileGrid,Size_1_x_1,,0,,1,br,EID_HeavyRoarDance,Real Slim Shady,emote,icon,Icon Series,Eminem,4,OG,2023-11-30T00:00:00Z
2026-10-06,v2:/f0dcc6c4b281cdf641ce4aa036c3fae09c3713becd3026fc10a7d2c1eac4995c,[VIRTUAL]1 x Axe 'Bout Me for 500 MtxCurrency,500,500,0,0.0,0,2026-10-06T00:00:00Z,2026-10-10T23:59:59.999Z,1,0,-4,Eminem1Icon,Eminem,190,tileGrid,Size_1_x_1,,0,,1,br,Pickaxe_BraveBuild,Axe 'Bout Me,pickaxe,icon,Icon Series,Eminem,4,OG,2023-11-28T15:26:41Z
2026-10-06,v2:/72b327c3a6a9ba5de588c47e4b04926d4bebb273b94ac90986eac79d7f721b72,[VIRTUAL]1 x Glitching Nitemare for 700 MtxCurrency,700,700,0,0.0,0,2026-10-02T00:00:00Z,2026-10-06T23:59:59.999Z,1,0,-4,FNM100626,Locker of Horrors,194,tileGrid,Size_1_x_1,,0,,1,br,Wrap_InfoInvader,Glitching Nitemare,wrap,rare,,,7,4,2026-10-01T18:37:28Z
2026-10-06,v2:/341922b1fd7436229a7e462e12169716d60aa6e7262bf9f671b7465ca0148c8b,[VIRTUAL]1 x What's My Age Again? for 500 MtxCurrency,500,500,0,0.0,0,2026-10-01T00:00:00Z,2026-10-31T23:59:59.999Z,1,0,-67,JT100226NoV,Jam Tracks,181,expandableList,Size_1_x_1,,0,,1,track,sid_placeholder_19,What's My Age Again?,,,,,,,2024-02-29T00:02:26Z
2026-10-06,v2:/28f1aba308fb5338c0d2b5ccfe8374d244d0e40364982a06a8fde998d1559922,"[VIRTUAL]1 x Ghost Rider, 1 x Infernal Chain for -1 MtxCurrency",1500,1500,0,0.0,0,2026-10-05T00:00:00Z,2026-10-09T23:59:59.999Z,1,0,-1,GhostRiderOnly,Marvel,187,tileGrid,Size_1_x_1,,0,,2,br,CID_924_Athena_Commando_M_Embers,Ghost Rider,outfit,marvel,MARVEL SERIES,Ghost Rider,2,4,2020-11-08T00:00:00Z
2026-10-06,v2:/28f1aba308fb5338c0d2b5ccfe8374d244d0e40364982a06a8fde998d1559922,"[VIRTUAL]1 x Ghost Rider, 1 x Infernal Chain for -1 MtxCurrency",1500,1500,0,0.0,0,2026-10-05T00:00:00Z,2026-10-09T23:59:59.999Z,1,0,-1,GhostRiderOnly,Marvel,187,tileGrid,Size_1_x_1,,0,,2,br,BID_642_Embers,Infernal Chain,backpack,marvel,MARVEL SERIES,Ghost Rider,2,4,2020-11-08T00:00:00Z
2026-10-06,v2:/8112295c01bc272c73c90ddf5c9803964f6740a232bc6c10517ee625a01eae9d,"[VIRTUAL]1 x Sunspot, 1 x Nova Snackpack for -1 MtxCurrency",1200,1200,0,0.0,0,2026-10-05T00:00:00Z,2026-10-11T23:59:59.999Z,1,0,-4,BR100626,Loadout Goals ,184,tileGrid,Size_1_x_1,,0,,2,br,Character_SunShine,Sunspot,outfit,rare,,Solar Sweetheart,5,1,2023-12-07T17:39:21Z
2026-10-06,v2:/8112295c01bc272c73c90ddf5c9803964f6740a232bc6c10517ee625a01eae9d,"[VIRTUAL]1 x Sunspot, 1 x Nova Snackpack for -1 MtxCurrency",1200,1200,0,0.0,0,2026-10-05T00:00:00Z,2026-10-11T23:59:59.999Z,1,0,-4,BR100626,Loadout Goals ,184,tileGrid,Size_1_x_1,,0,,2,br,Backpack_SunShine,Nova Snackpack,backpack,rare,,Solar Sweetheart,5,1,2023-12-07T17:39:21Z
2026-10-06,v2:/a46a24fac77aecc06d0c43f9bde5d549897c15724a56170c7aca5c454e866f3f,[VIRTUAL]1 x Applause for 500 MtxCurrency,500,500,0,0.0,0,2026-10-01T00:00:00Z,2026-10-31T23:59:59.999Z,1,0,-73,JT100226NoV,Jam Tracks,181,expandableList,Size_1_x_1,,0,,1,track,sid_placeholder_130,Applause,,,,,,,2024-02-22T09:00:00Z
2026-10-06,v2:/525d82b23b454c38b8fd0e4f7a0d59d1b66f73d6ede0db3eb1586834abc94898,"[VIRTUAL]1 x Freddy Fazbear, 1 x Freddy-oke Machine, 1 x Foxy The Pirate, 1 x Foxy's Hook, 1 x Foxy's Side Stage, 1 x Chica the Chicken, 1 x Chica Chicake, 1 x Bonnie the Rabbit, 1 x Bonnie's Guitar Case, 1 x The Fazbear Band, 1 x Surveillance Feed Floater, 1 x Freddy Slippers, 1 x Mr. Cupcake, 1 x Freddy's Mic, 1 x Freddy's Mic, 1 x Freddy's Mic, 1 x Bonnie's Blazin' Guitar, 1 x Bonnie's Blazin' Guitar, 1 x Bonnie's Blazin' Guitar, 1 x Freddy Fazbear's Pizza for -1 MtxCurrency",11000,4500,6500,0.5909,1,2026-10-01T00:00:00Z,2026-10-31T23:59:59.999Z,1,0,-1,5Nights,Five Nights at Freddy's,196,billboard,Size_4_x_1,,1,Five Nights at Freddy's Bundle,20,br,Character_GuardHence,Freddy Fazbear,outfit,gaminglegends,Gaming Legends Series,Five Nights at Freddy's,7,4,2026-10-01T08:00:00Z
2026-10-06,v2:/525d82b23b454c38b8fd0e4f7a0d59d1b66f73d6ede0db3eb1586834abc94898,"[VIRTUAL]1 x Freddy Fazbear, 1 x Freddy-oke Machine, 1 x Foxy The Pirate, 1 x Foxy's Hook, 1 x Foxy's Side Stage, 1 x Chica the Chicken, 1 x Chica Chicake, 1 x Bonnie the Rabbit, 1 x Bonnie's Guitar Case, 1 x The Fazbear Band, 1 x Surveillance Feed Floater, 1 x Freddy Slippers, 1 x Mr. Cupcake, 1 x Freddy's Mic, 1 x Freddy's Mic, 1 x Freddy's Mic, 1 x Bonnie's Blazin' Guitar, 1 x Bonnie's Blazin' Guitar, 1 x Bonnie's Blazin' Guitar, 1 x Freddy Fazbear's Pizza for -1 MtxCurrency",11000,4500,6500,0.5909,1,2026-10-01T00:00:00Z,2026-10-31T23:59:59.999Z,1,0,-1,5Nights,Five Nights at Freddy's,196,billboard,Size_4_x_1,,1,Five Nights at Freddy's Bundle,20,br,Backpack_GuardHence,Freddy-oke Machine,backpack,gaminglegends,Gaming Legends Series,Five Nights at Freddy's,7,4,2026-10-01T08:00:00Z
2026-10-06,v2:/525d82b23b454c38b8fd0e4f7a0d59d1b66f73d6ede0db3eb1586834abc94898,"[VIRTUAL]1 x Freddy Fazbear, 1 x Freddy-oke Machine, 1 x Foxy The Pirate, 1 x Foxy's Hook, 1 x Foxy's Side Stage, 1 x Chica the Chicken, 1 x Chica Chicake, 1 x Bonnie the Rabbit, 1 x Bonnie's Guitar Case, 1 x The Fazbear Band, 1 x Surveillance Feed Floater, 1 x Freddy Slippers, 1 x Mr. Cupcake, 1 x Freddy's Mic, 1 x Freddy's Mic, 1 x Freddy's Mic, 1 x Bonnie's Blazin' Guitar, 1 x Bonnie's Blazin' Guitar, 1 x Bonnie's Blazin' Guitar, 1 x Freddy Fazbear's Pizza for -1 MtxCurrency",11000,4500,6500,0.5909,1,2026-10-01T00:00:00Z,2026-10-31T23:59:59.999Z,1,0,-1,5Nights,Five Nights at Freddy's,196,billboard,Size_4_x_1,,1,Five Nights at Freddy's Bundle,20,br,Character_JigsawWaste,Foxy The Pirate,outfit,gaminglegends,Gaming Legends Series,Five Nights at Freddy's,7,4,2026-10-01T08:00:00Z
2026-10-06,v2:/525d82b23b454c38b8fd0e4f7a0d59d1b66f73d6ede0db3eb1586834abc94898,"[VIRTUAL]1 x Freddy Fazbear, 1 x Freddy-oke Machine, 1 x Foxy The Pirate, 1 x Foxy's Hook, 1 x Foxy's Side Stage, 1 x Chica the Chicken, 1 x Chica Chicake, 1 x Bonnie the Rabbit, 1 x Bonnie's Guitar Case, 1 x The Fazbear Band, 1 x Surveillance Feed Floater, 1 x Freddy Slippers, 1 x Mr. Cupcake, 1 x Freddy's Mic, 1 x Freddy's Mic, 1 x Freddy's Mic, 1 x Bonnie's Blazin' Guitar, 1 x Bonnie's Blazin' Guitar, 1 x Bonnie's Blazin' Guitar, 1 x Freddy Fazbear's Pizza for -1 MtxCurrency",11000,4500,6500,0.5909,1,2026-10-01T00:00:00Z,2026-10-31T23:59:59.999Z,1,0,-1,5Nights,Five Nights at Freddy's,196,billboard,Size_4_x_1,,1,Five Nights at Freddy's Bundle,20,br,Pickaxe_JigsawWaste,Foxy's Hook,pickaxe,gaminglegends,Gaming Legends Series,Five Nights at Freddy's,7,4,2026-10-01T08:00:00Z
2026-10-06,v2:/525d82b23b454c38b8fd0e4f7a0d59d1b66f73d6ede0db3eb1586834abc94898,"[VIRTUAL]1 x Freddy Fazbear, 1 x Freddy-oke Machine, 1 x Foxy The Pirate, 1 x Foxy's Hook, 1 x Foxy's Side Stage, 1 x Chica the Chicken, 1 x Chica Chicake, 1 x Bonnie the Rabbit, 1 x Bonnie's Guitar Case, 1 x The Fazbear Band, 1 x Surveillance Feed Floater, 1 x Freddy Slippers, 1 x Mr. Cupcake, 1 x Freddy's Mic, 1 x Freddy's Mic, 1 x Freddy's Mic, 1 x Bonnie's Blazin' Guitar, 1 x Bonnie's Blazin' Guitar, 1 x Bonnie's Blazin' Guitar, 1 x Freddy Fazbear's Pizza for -1 MtxCurrency",11000,4500,6500,0.5909,1,2026-10-01T00:00:00Z,2026-10-31T23:59:59.999Z,1,0,-1,5Nights,Five Nights at Freddy's,196,billboard,Size_4_x_1,,1,Five Nights at Freddy's Bundle,20,br,Backpack_JigsawWaste,Foxy's Side Stage,backpack,gaminglegends,Gaming Legends Series,Five Nights at Freddy's,7,4,2026-10-01T08:00:00Z
2026-10-06,v2:/525d82b23b454c38b8fd0e4f7a0d59d1b66f73d6ede0db3eb1586834abc94898,"[VIRTUAL]1 x Freddy Fazbear, 1 x Freddy-oke Machine, 1 x Foxy The Pirate, 1 x Foxy's Hook, 1 x Foxy's Side Stage, 1 x Chica the Chicken, 1 x Chica Chicake, 1 x Bonnie the Rabbit, 1 x Bonnie's Guitar Case, 1 x The Fazbear Band, 1 x Surveillance Feed Floater, 1 x Freddy Slippers, 1 x Mr. Cupcake, 1 x Freddy's Mic, 1 x Freddy's Mic, 1 x Freddy's Mic, 1 x Bonnie's Blazin' Guitar, 1 x Bonnie's Blazin' Guitar, 1 x Bonnie's Blazin' Guitar, 1 x Freddy Fazbear's Pizza for -1 MtxCurrency",11000,4500,6500,0.5909,1,2026-10-01T00:00:00Z,2026-10-31T23:59:59.999Z,1,0,-1,5Nights,Five Nights at Freddy's,196,billboard,Size_4_x_1,,1,Five Nights at Freddy's Bundle,20,br,Character_SushiAware,Chica the Chicken,outfit,gaminglegends,Gaming Legends Series,Five Nights at Freddy's,7,4,2026-10-01T08:00:00Z
2026-10-06,v2:/525d82b23b454c38b8fd0e4f7a0d59d1b66f73d6ede0db3eb1586834abc94898,"[VIRTUAL]1 x Freddy Fazbear, 1 x Freddy-oke Machine, 1 x Foxy The Pirate, 1 x Foxy's Hook, 1 x Foxy's Side Stage, 1 x Chica the Chicken, 1 x Chica Chicake, 1 x Bonnie the Rabbit, 1 x Bonnie's Guitar Case, 1 x The Fazbear Band, 1 x Surveillance Feed Floater, 1 x Freddy Slippers, 1 x Mr. Cupcake, 1 x Freddy's Mic, 1 x Freddy's Mic, 1 x Freddy's Mic, 1 x Bonnie's Blazin' Guitar, 1 x Bonnie's Blazin' Guitar, 1 x Bonnie's Blazin' Guitar, 1 x Freddy Fazbear's Pizza for -1 MtxCurrency",11000,4500,6500,0.5909,1,2026-10-01T00:00:00Z,2026-10-31T23:59:59.999Z,1,0,-1,5Nights,Five Nights at Freddy's,196,billboard,Size_4_x_1,,1,Five Nights at Freddy's Bundle,20,br,Backpack_SushiAware,Chica Chicake,backpack,gaminglegends,Gaming Legends Series,Five Nights at Freddy's,7,4,2026-10-01T08:00:00Z
2026-10-06,v2:/525d82b23b454c38b8fd0e4f7a0d59d1b66f73d6ede0db3eb1586834abc94898,"[VIRTUAL]1 x Freddy Fazbear, 1 x Freddy-oke Machine, 1 x Foxy The Pirate, 1 x Foxy's Hook, 1 x Foxy's Side Stage, 1 x Chica the Chicken, 1 x Chica Chicake, 1 x Bonnie the Rabbit, 1 x Bonnie's Guitar Case, 1 x The Fazbear Band, 1 x Surveillance Feed Floater, 1 x Freddy Slippers, 1 x Mr. Cupcake, 1 x Freddy's Mic, 1 x Freddy's Mic, 1 x Freddy's Mic, 1 x Bonnie's Blazin' Guitar, 1 x Bonnie's Blazin' Guitar, 1 x Bonnie's Blazin' Guitar, 1 x Freddy Fazbear's Pizza for -1 MtxCurrency",11000,4500,6500,0.5909,1,2026-10-01T00:00:00Z,2026-10-31T23:59:59.999Z,1,0,-1,5Nights,Five Nights at Freddy's,196,billboard,Size_4_x_1,,1,Five Nights at Freddy's Bundle,20,br,Character_TearErrand,Bonnie the Rabbit,outfit,gaminglegends,Gaming Legends Series,Five Nights at Freddy's,7,4,2026-10-01T08:00:00Z
2026-10-06,v2:/525d82b23b454c38b8fd0e4f7a0d59d1b66f73d6ede0db3eb1586834abc94898,"[VIRTUAL]1 x Freddy Fazbear, 1 x Freddy-oke Machine, 1 x Foxy The Pirate, 1 x Foxy's Hook, 1 x Foxy's Side Stage, 1 x Chica the Chicken, 1 x Chica Chicake, 1 x Bonnie the Rabbit, 1 x Bonnie's Guitar Case, 1 x The Fazbear Band, 1 x Surveillance Feed Floater, 1 x Freddy Slippers, 1 x Mr. Cupcake, 1 x Freddy's Mic, 1 x Freddy's Mic, 1 x Freddy's Mic, 1 x Bonnie's Blazin' Guitar, 1 x Bonnie's Blazin' Guitar, 1 x Bonnie's Blazin' Guitar, 1 x Freddy Fazbear's Pizza for -1 MtxCurrency",11000,4500,6500,0.5909,1,2026-10-01T00:00:00Z,2026-10-31T23:59:59.999Z,1,0,-1,5Nights,Five Nights at Freddy's,196,billboard,Size_4_x_1,,1,Five Nights at Freddy's Bundle,20,br,Backpack_TearErrand,Bonnie's Guitar Case,backpack,gaminglegends,Gaming Legends Series,Five Nights at Freddy's,7,4,2026-10-01T08:00:00Z
2026-10-06,v2:/525d82b23b454c38b8fd0e4f7a0d59d1b66f73d6ede0db3eb1586834abc94898,"[VIRTUAL]1 x Freddy Fazbear, 1 x Freddy-oke Machine, 1 x Foxy The Pirate, 1 x Foxy's Hook, 1 x Foxy's Side Stage, 1 x Chica the Chicken, 1 x Chica Chicake, 1 x Bonnie the Rabbit, 1 x Bonnie's Guitar Case, 1 x The Fazbear Band, 1 x Surveillance Feed Floater, 1 x Freddy Slippers, 1 x Mr. Cupcake, 1 x Freddy's Mic, 1 x Freddy's Mic, 1 x Freddy's Mic, 1 x Bonnie's Blazin' Guitar, 1 x Bonnie's Blazin' Guitar, 1 x Bonnie's Blazin' Guitar, 1 x Freddy Fazbear's Pizza for -1 MtxCurrency",11000,4500,6500,0.5909,1,2026-10-01T00:00:00Z,2026-10-31T23:59:59.999Z,1,0,-1,5Nights,Five Nights at Freddy's,196,billboard,Size_4_x_1,,1,Five Nights at Freddy's Bundle,20,br,EID_GuardHence,The Fazbear Band,emote,gaminglegends,Gaming Legends Series,Five Nights at Freddy's,7,4,2026-10-01T08:00:00Z
2026-10-06,v2:/525d82b23b454c38b8fd0e4f7a0d59d1b66f73d6ede0db3eb1586834abc94898,"[VIRTUAL]1 x Freddy Fazbear, 1 x Freddy-oke Machine, 1 x Foxy The Pirate, 1 x Foxy's Hook, 1 x Foxy's Side Stage, 1 x Chica the Chicken, 1 x Chica Chicake, 1 x Bonnie the Rabbit, 1 x Bonnie's Guitar Case, 1 x The Fazbear Band, 1 x Surveillance Feed Floater, 1 x Freddy Slippers, 1 x Mr. Cupcake, 1 x Freddy's Mic, 1 x Freddy's Mic, 1 x Freddy's Mic, 1 x Bonnie's Blazin' Guitar, 1 x Bonnie's Blazin' Guitar, 1 x Bonnie's Blazin' Guitar, 1 x Freddy Fazbear's Pizza for -1 MtxCurrency",11000,4500,6500,0.5909,1,2026-10-01T00:00:00Z,2026-10-31T23:59:59.999Z,1,0,-1,5Nights,Five Nights at Freddy's,196,billboard,Size_4_x_1,,1,Five Nights at Freddy's Bundle,20,br,EID_TearErrand,Surveillance Feed Floater,emote,gaminglegends,Gaming Legends Series,Five Nights at Freddy's,7,4,2026-10-01T08:00:00Z
2026-10-06,v2:/525d82b23b454c38b8fd0e4f7a0d59d1b66f73d6ede0db3eb1586834abc94898,"[VIRTUAL]1 x Freddy Fazbear, 1 x Freddy-oke Machine, 1 x Foxy The Pirate, 1 x Foxy's Hook, 1 x Foxy's Side Stage, 1 x Chica the Chicken, 1 x Chica Chicake, 1 x Bonnie the Rabbit, 1 x Bonnie's Guitar Case, 1 x The Fazbear Band, 1 x Surveillance Feed Floater, 1 x Freddy Slippers, 1 x Mr. Cupcake, 1 x Freddy's Mic, 1 x Freddy's Mic, 1 x Freddy's Mic, 1 x Bonnie's Blazin' Guitar, 1 x Bonnie's Blazin' Guitar, 1 x Bonnie's Blazin' Guitar, 1 x Freddy Fazbear's Pizza for -1 MtxCurrency",11000,4500,6500,0.5909,1,2026-10-01T00:00:00Z,2026-10-31T23:59:59.999Z,1,0,-1,5Nights,Five Nights at Freddy's,196,billboard,Size_4_x_1,,1,Five Nights at Freddy's Bundle,20,br,Shoes_GuardHence,Freddy Slippers,shoe,gaminglegends,Gaming Legends Series,Five Nights at Freddy's,7,4,2026-10-01T08:00:00Z
2026-10-06,v2:/525d82b23b454c38b8fd0e4f7a0d59d1b66f73d6ede0db3eb1586834abc94898,"[VIRTUAL]1 x Freddy Fazbear, 1 x Freddy-oke Machine, 1 x Foxy The Pirate, 1 x Foxy's Hook, 1 x Foxy's Side Stage, 1 x Chica the Chicken, 1 x Chica Chicake, 1 x Bonnie the Rabbit, 1 x Bonnie's Guitar Case, 1 x The Fazbear Band, 1 x Surveillance Feed Floater, 1 x Freddy Slippers, 1 x Mr. Cupcake, 1 x Freddy's Mic, 1 x Freddy's Mic, 1 x Freddy's Mic, 1 x Bonnie's Blazin' Guitar, 1 x Bonnie's Blazin' Guitar, 1 x Bonnie's Blazin' Guitar, 1 x Freddy Fazbear's Pizza for -1 MtxCurrency",11000,4500,6500,0.5909,1,2026-10-01T00:00:00Z,2026-10-31T23:59:59.999Z,1,0,-1,5Nights,Five Nights at Freddy's,196,billboard,Size_4_x_1,,1,Five Nights at Freddy's Bundle,20,br,Pickaxe_SushiAware,Mr. Cupcake,pickaxe,gaminglegends,Gaming Legends Series,Five Nights at Freddy's,7,4,2026-10-01T08:00:00Z
2026-10-06,v2:/525d82b23b454c38b8fd0e4f7a0d59d1b66f73d6ede0db3eb1586834abc94898,"[VIRTUAL]1 x Freddy Fazbear, 1 x Freddy-oke Machine, 1 x Foxy The Pirate, 1 x Foxy's Hook, 1 x Foxy's Side Stage, 1 x Chica the Chicken, 1 x Chica Chicake, 1 x Bonnie the Rabbit, 1 x Bonnie's Guitar Case, 1 x The Fazbear Band, 1 x Surveillance Feed Floater, 1 x Freddy Slippers, 1 x Mr. Cupcake, 1 x Freddy's Mic, 1 x Freddy's Mic, 1 x Freddy's Mic, 1 x Bonnie's Blazin' Guitar, 1 x Bonnie's Blazin' Guitar, 1 x Bonnie's Blazin' Guitar, 1 x Freddy Fazbear's Pizza for -1 MtxCurrency",11000,4500,6500,0.5909,1,2026-10-01T00:00:00Z,2026-10-31T23:59:59.999Z,1,0,-1,5Nights,Five Nights at Freddy's,196,billboard,Size_4_x_1,,1,Five Nights at Freddy's Bundle,20,br,Backpack_GuardHence_Mic,Freddy's Mic,backpack,rare,,Five Nights at Freddy's,7,4,2026-10-01T08:00:00Z
2026-10-06,v2:/525d82b23b454c38b8fd0e4f7a0d59d1b66f73d6ede0db3eb1586834abc94898,"[VIRTUAL]1 x Freddy Fazbear, 1 x Freddy-oke Machine, 1 x Foxy The Pirate, 1 x Foxy's Hook, 1 x Foxy's Side Stage, 1 x Chica the Chicken, 1 x Chica Chicake, 1 x Bonnie the Rabbit, 1 x Bonnie's Guitar Case, 1 x The Fazbear Band, 1 x Surveillance Feed Floater, 1 x Freddy Slippers, 1 x Mr. Cupcake, 1 x Freddy's Mic, 1 x Freddy's Mic, 1 x Freddy's Mic, 1 x Bonnie's Blazin' Guitar, 1 x Bonnie's Blazin' Guitar, 1 x Bonnie's Blazin' Guitar, 1 x Freddy Fazbear's Pizza for -1 MtxCurrency",11000,4500,6500,0.5909,1,2026-10-01T00:00:00Z,2026-10-31T23:59:59.999Z,1,0,-1,5Nights,Five Nights at Freddy's,196,billboard,Size_4_x_1,,1,Five Nights at Freddy's Bundle,20,br,Pickaxe_GuardHence_Mic,Freddy's Mic,pickaxe,rare,,Five Nights at Freddy's,7,4,2026-10-01T08:00:00Z
2026-10-06,v2:/525d82b23b454c38b8fd0e4f7a0d59d1b66f73d6ede0db3eb1586834abc94898,"[VIRTUAL]1 x Freddy Fazbear, 1 x Freddy-oke Machine, 1 x Foxy The Pirate, 1 x Foxy's Hook, 1 x Foxy's Side Stage, 1 x Chica the Chicken, 1 x Chica Chicake, 1 x Bonnie the Rabbit, 1 x Bonnie's Guitar Case, 1 x The Fazbear Band, 1 x Surveillance Feed Floater, 1 x Freddy Slippers, 1 x Mr. Cupcake, 1 x Freddy's Mic, 1 x Freddy's Mic, 1 x Freddy's Mic, 1 x Bonnie's Blazin' Guitar, 1 x Bonnie's Blazin' Guitar, 1 x Bonnie's Blazin' Guitar, 1 x Freddy Fazbear's Pizza for -1 MtxCurrency",11000,4500,6500,0.5909,1,2026-10-01T00:00:00Z,2026-10-31T23:59:59.999Z,1,0,-1,5Nights,Five Nights at Freddy's,196,billboard,Size_4_x_1,,1,Five Nights at Freddy's Bundle,20,br,Backpack_TearErrand_Bass,Bonnie's Blazin' Guitar,backpack,rare,,Five Nights at Freddy's,7,4,2026-10-01T08:00:00Z
2026-10-06,v2:/525d82b23b454c38b8fd0e4f7a0d59d1b66f73d6ede0db3eb1586834abc94898,"[VIRTUAL]1 x Freddy Fazbear, 1 x Freddy-oke Machine, 1 x Foxy The Pirate, 1 x Foxy's Hook, 1 x Foxy's Side Stage, 1 x Chica the Chicken, 1 x Chica Chicake, 1 x Bonnie the Rabbit, 1 x Bonnie's Guitar Case, 1 x The Fazbear Band, 1 x Surveillance Feed Floater, 1 x Freddy Slippers, 1 x Mr. Cupcake, 1 x Freddy's Mic, 1 x Freddy's Mic, 1 x Freddy's Mic, 1 x Bonnie's Blazin' Guitar, 1 x Bonnie's Blazin' Guitar, 1 x Bonnie's Blazin' Guitar, 1 x Freddy Fazbear's Pizza for -1 MtxCurrency",11000,4500,6500,0.5909,1,2026-10-01T00:00:00Z,2026-10-31T23:59:59.999Z,1,0,-1,5Nights,Five Nights at Freddy's,196,billboard,Size_4_x_1,,1,Five Nights at Freddy's Bundle,20,br,Pickaxe_TearErrand_Bass,Bonnie's Blazin' Guitar,pickaxe,rare,,Five Nights at Freddy's,7,4,2026-10-01T08:00:00Z
2026-10-06,v2:/525d82b23b454c38b8fd0e4f7a0d59d1b66f73d6ede0db3eb1586834abc94898,"[VIRTUAL]1 x Freddy Fazbear, 1 x Freddy-oke Machine, 1 x Foxy The Pirate, 1 x Foxy's Hook, 1 x Foxy's Side Stage, 1 x Chica the Chicken, 1 x Chica Chicake, 1 x Bonnie the Rabbit, 1 x Bonnie's Guitar Case, 1 x The Fazbear Band, 1 x Surveillance Feed Floater, 1 x Freddy Slippers, 1 x Mr. Cupcake, 1 x Freddy's Mic, 1 x Freddy's Mic, 1 x Freddy's Mic, 1 x Bonnie's Blazin' Guitar, 1 x Bonnie's Blazin' Guitar, 1 x Bonnie's Blazin' Guitar, 1 x Freddy Fazbear's Pizza for -1 MtxCurrency",11000,4500,6500,0.5909,1,2026-10-01T00:00:00Z,2026-10-31T23:59:59.999Z,1,0,-1,5Nights,Five Nights at Freddy's,196,billboard,Size_4_x_1,,1,Five Nights at Freddy's Bundle,20,br,Wrap_GuardHence,Freddy Fazbear's Pizza,wrap,gaminglegends,Gaming Legends Series,Five Nights at Freddy's,7,4,2026-10-01T08:00:00Z
2026-10-06,v2:/525d82b23b454c38b8fd0e4f7a0d59d1b66f73d6ede0db3eb1586834abc94898,"[VIRTUAL]1 x Freddy Fazbear, 1 x Freddy-oke Machine, 1 x Foxy The Pirate, 1 x Foxy's Hook, 1 x Foxy's Side Stage, 1 x Chica the Chicken, 1 x Chica Chicake, 1 x Bonnie the Rabbit, 1 x Bonnie's Guitar Case, 1 x The Fazbear Band, 1 x Surveillance Feed Floater, 1 x Freddy Slippers, 1 x Mr. Cupcake, 1 x Freddy's Mic, 1 x Freddy's Mic, 1 x Freddy's Mic, 1 x Bonnie's Blazin' Guitar, 1 x Bonnie's Blazin' Guitar, 1 x Bonnie's Blazin' Guitar, 1 x Freddy Fazbear's Pizza for -1 MtxCurrency",11000,4500,6500,0.5909,1,2026-10-01T00:00:00Z,2026-10-31T23:59:59.999Z,1,0,-1,5Nights,Five Nights at Freddy's,196,billboard,Size_4_x_1,,1,Five Nights at Freddy's Bundle,20,instrument,Sparks_GuardHence_Mic,Freddy's Mic,mic,common,,,,,2026-10-01T08:00:00Z
2026-10-06,v2:/525d82b23b454c38b8fd0e4f7a0d59d1b66f73d6ede0db3eb1586834abc94898,"[VIRTUAL]1 x Freddy Fazbear, 1 x Freddy-oke Machine, 1 x Foxy The Pirate, 1 x Foxy's Hook, 1 x Foxy's Side Stage, 1 x Chica the Chicken, 1 x Chica Chicake, 1 x Bonnie the Rabbit, 1 x Bonnie's Guitar Case, 1 x The Fazbear Band, 1 x Surveillance Feed Floater, 1 x Freddy Slippers, 1 x Mr. Cupcake, 1 x Freddy's Mic, 1 x Freddy's Mic, 1 x Freddy's Mic, 1 x Bonnie's Blazin' Guitar, 1 x Bonnie's Blazin' Guitar, 1 x Bonnie's Blazin' Guitar, 1 x Freddy Fazbear's Pizza for -1 MtxCurrency",11000,4500,6500,0.5909,1,2026-10-01T00:00:00Z,2026-10-31T23:59:59.999Z,1,0,-1,5Nights,Five Nights at Freddy's,196,billboard,Size_4_x_1,,1,Five Nights at Freddy's Bundle,20,instrument,Sparks_TearErrand_Bass,Bonnie's Blazin' Guitar,bass,common,,,,,2026-10-01T08:00:00Z
2026-10-06,v2:/4d4d83d65c5653e4195cbfb115cc60395d86065b1109f4cd9c8240dddfabbe30,[VIRTUAL]1 x Ruff'n'Guff for 500 MtxCurrency,500,500,0,0.0,0,2026-10-04T00:00:00Z,2026-10-06T23:59:59.999Z,1,0,-4,FNM100626,Locker of Horrors,194,tileGrid,Size_1_x_1,,0,,1,br,Wrap_FuzzyDarkness,Ruff'n'Guff,wrap,rare,,Mythical Monster,5,4,2024-10-12T06:22:57Z
2026-10-06,v2:/7a56a692b0d7bdd519068c85e835113d16d658ff8e134aa9d6a8d1b464918feb,[VIRTUAL]1 x Lil' Shady Mobile for 800 MtxCurrency,800,800,0,0.0,0,2026-10-06T00:00:00Z,2026-10-10T23:59:59.999Z,1,0,-3,Eminem1Icon,Eminem,190,tileGrid,Size_1_x_1,,0,,1,br,EID_ClayPlug_Graffiti,Lil' Shady Mobile,emote,icon,Icon Series,Eminem,2,Remix,2024-11-05T16:31:13Z
2026-10-06,v2:/c20de4a6213c24e2e1294c5e74347c987a4c0188240c205e3f44d27cd9515b95,[VIRTUAL]1 x Evil Plan for 500 MtxCurrency,500,500,0,0.0,0,2026-10-06T00:00:00Z,2026-10-09T23:59:59.999Z,1,0,-1,VV100626,Hype Time,189,tileGrid,Size_1_x_1,,0,,1,br,EID_Undead,Evil Plan,emote,icon,Icon Series,,5,1,2024-01-31T00:00:00Z
2026-10-06,v2:/6f527325ceac9ad057feee505fc90f6e0de72b652a868c66053106149b43047c,[VIRTUAL]1 x 7-Ball for 800 MtxCurrency,800,800,0,0.0,0,2026-10-06T00:00:00Z,2026-10-12T23:59:59.999Z,1,0,-2,NoSweat100626,No Sweat,188,tileGrid,Size_1_x_1,,0,,1,br,Character_LuckySeven,7-Ball,outfit,epic,,Lucky Shot,6,5,2025-09-18T13:08:36Z
2026-10-06,v2:/d37f7780b576621542567d27ba04923878b5796bcd8a0a8e37ce66e980fbb979,[VIRTUAL]1 x Nova Snackpack for 400 MtxCurrency,400,400,0,0.0,0,2026-10-05T00:00:00Z,2026-10-11T23:59:59.999Z,1,0,-4,,,,,Size_1_x_1,,0,,1,br,Backpack_SunShine,Nova Snackpack,backpack,rare,,Solar Sweetheart,5,1,2023-12-07T17:39:21Z
2026-10-06,v2:/41a245ce425ba0b219d634e3ccc5d8d388bdceefb4b096fb929435f7ca771a4c,[VIRTUAL]1 x Surveillance Feed Floater for 500 MtxCurrency,500,500,0,0.0,0,2026-10-01T00:00:00Z,2026-10-31T23:59:59.999Z,1,0,-3,5Nights,Five Nights at Freddy's,196,tileGrid,Size_1_x_1,,0,,1,br,EID_TearErrand,Surveillance Feed Floater,emote,gaminglegends,Gaming Legends Series,Five Nights at Freddy's,7,4,2026-10-01T08:00:00Z
2026-10-06,v2:/411cf0a065bd9d29fdfdb711b4af1b1b795c7ab3a3814d15e159e35cc46ef117,[VIRTUAL]1 x Asta's Demon-Slayer Sword for 800 MtxCurrency,800,800,0,0.0,0,2026-10-04T00:00:00Z,2026-10-13T23:59:59.999Z,1,0,-3,BlackClover,Black Clover ,197,tileGrid,Size_1_x_1,,0,,1,br,Pickaxe_MimicGlean,Asta's Demon-Slayer Sword,pickaxe,rare,,Black Clover,7,4,2026-10-03T13:00:46Z
2026-10-06,v2:/d33abc331261838cc7bc5ef9d53177dcb81fde6db892462d6ff54af86ead1b49,[VIRTUAL]1 x Spirit of Boreas for 500 MtxCurrency,500,500,0,0.0,0,2026-10-04T00:00:00Z,2026-10-13T23:59:59.999Z,1,0,-2,BlackClover,Black Clover ,197,tileGrid,Size_1_x_1,,0,,1,br,Pickaxe_SwornSnout,Spirit of Boreas,pickaxe,rare,,Black Clover,7,4,2026-10-03T13:00:46Z
2026-10-06,v2:/5d1bc00c174db23f2e0d773021c0bf8b0bde0298f6f9ac723e6c47a1d5b20a59,[VIRTUAL]1 x Blank for -1 MtxCurrency,300,300,0,0.0,0,2026-10-04T00:00:00Z,2026-10-13T23:59:59.999Z,1,0,-4,BlackClover,Black Clover ,197,tileGrid,Size_1_x_1,,1,Anti-Magic Trail,1,car,ID_DriftTrail_LuckyOnyx01,Anti-Magic,drifttrail,uncommon,,,,,2026-10-03T13:00:46Z
2026-10-06,v2:/1e12c0e11469a62e1484e91f454161b7cb757c7368d334981d008d159de4b100,"[VIRTUAL]1 x Disco Diva, 1 x Disco Ball for -1 MtxCurrency",1200,1200,0,0.0,0,2026-10-05T00:00:00Z,2026-10-11T23:59:59.999Z,1,0,-2,BR100626,Loadout Goals ,184,tileGrid,Size_1_x_1,,0,,2,br,CID_312_Athena_Commando_F_FunkOps,Disco Diva,outfit,rare,,Fortnite Fever,1,7,2019-11-20T12:50:09Z
2026-10-06,v2:/1e12c0e11469a62e1484e91f454161b7cb757c7368d334981d008d159de4b100,"[VIRTUAL]1 x Disco Diva, 1 x Disco Ball for -1 MtxCurrency",1200,1200,0,0.0,0,2026-10-05T00:00:00Z,2026-10-11T23:59:59.999Z,1,0,-2,BR100626,Loadout Goals ,184,tileGrid,Size_1_x_1,,0,,2,br,BID_195_FunkOpsFemale,Disco Ball,backpack,rare,,Fortnite Fever,1,7,2019-11-20T12:50:37Z
2026-10-06,v2:/daaa3944cb9c8f950f6ba3fbbe577357858f2d4598f4bdf0754d6b80993e4fa8,[VIRTUAL]1 x Robbery for 500 MtxCurrency,500,500,0,0.0,0,2026-10-01T00:00:00Z,2026-10-31T23:59:59.999Z,1,0,-72,JT100226NoV,Jam Tracks,181,expandableList,Size_1_x_1,,0,,1,track,sid_placeholder_394,Robbery,,,,,,,2024-11-02T07:02:33Z
2026-10-06,v2:/f2318efc29c9c9970b0f491d258a5940f3d07497be4461b0806312f99877c9c1,[VIRTUAL]1 x Too Sweet for 500 MtxCurrency,500,500,0,0.0,0,2026-10-01T00:00:00Z,2026-10-31T23:59:59.999Z,1,0,-44,JT100226NoV,Jam Tracks,181,expandableList,Size_1_x_1,,0,,1,track,sid_placeholder_273,Too Sweet,,,,,,,2024-07-03T14:17:57Z
2026-10-06,v2:/515bdbdebe8103c9d6e6eb18c0db2d0c10d0ba361a400b914dc987470e356b1d,[VIRTUAL]1 x It's a Trick! for 500 MtxCurrency,500,500,0,0.0,0,2026-10-06T00:00:00Z,2026-10-10T23:59:59.999Z,1,0,-2,,,,,Size_4_x_1,,0,,1,br,EID_Troops,It's a Trick!,emote,uncommon,,Knowby Cabin Nightmare,3,4,2022-10-18T23:49:57Z
2026-10-06,v2:/f479c8c212e180f0a2af4712ba723a5b5528c3e1e0877a6ff710185750d44d8a,[VIRTUAL]1 x TBD (SID_Placeholder_328) for 500 MtxCurrency,500,500,0,0.0,0,2026-10-01T00:00:00Z,2026-10-31T23:59:59.999Z,1,0,-95,JT100226NoV,Jam Tracks,181,expandableList,Size_1_x_1,,0,,1,track,sid_placeholder_328,Lose Control,,,,,,,2025-02-13T17:10:43Z
2026-10-06,v2:/4b7d9d4b0b9aab249b714b495651f1d42201fd9077b1933a168d5a94a4c03256,"[VIRTUAL]1 x Knight Fall, 1 x Knight Fall, 1 x Knight Fall for 800 MtxCurrency",800,800,0,0.0,0,2026-10-04T00:00:00Z,2026-10-06T23:59:59.999Z,1,0,-3,FND100626,Showcase ,185,tileGrid,Size_1_x_1,,0,,3,br,Backpack_MatteDecoy_Guitar,Knight Fall,backpack,rare,,Chess Kingdom,7,3,2026-07-16T08:32:04Z
2026-10-06,v2:/4b7d9d4b0b9aab249b714b495651f1d42201fd9077b1933a168d5a94a4c03256,"[VIRTUAL]1 x Knight Fall, 1 x Knight Fall, 1 x Knight Fall for 800 MtxCurrency",800,800,0,0.0,0,2026-10-04T00:00:00Z,2026-10-06T23:59:59.999Z,1,0,-3,FND100626,Showcase ,185,tileGrid,Size_1_x_1,,0,,3,br,Pickaxe_MatteDecoy_Guitar,Knight Fall,pickaxe,rare,,Chess Kingdom,7,3,2026-07-16T08:32:04Z
2026-10-06,v2:/4b7d9d4b0b9aab249b714b495651f1d42201fd9077b1933a168d5a94a4c03256,"[VIRTUAL]1 x Knight Fall, 1 x Knight Fall, 1 x Knight Fall for 800 MtxCurrency",800,800,0,0.0,0,2026-10-04T00:00:00Z,2026-10-06T23:59:59.999Z,1,0,-3,FND100626,Showcase ,185,tileGrid,Size_1_x_1,,0,,3,instrument,Sparks_MatteDecoy_Guitar,Knight Fall,guitar,common,,,,,2026-07-16T08:32:04Z
2026-10-06,v2:/cc45cd664be335a7bd178740d447a7cc9e378a44d44104066c005bfc594c9e83,"[VIRTUAL]1 x Darkheart, 1 x Heartless Wings for -1 MtxCurrency",1500,1500,0,0.0,0,2026-10-05T00:00:00Z,2026-10-07T23:59:59.999Z,1,0,-2,FNM100626,Locker of Horrors,194,tileGrid,Size_1_x_1,,0,,2,br,CID_799_Athena_Commando_F_CupidDark,Darkheart,outfit,dark,DARK SERIES,Team Heartbreak,2,3,2020-06-30T06:09:08Z
2026-10-06,v2:/cc45cd664be335a7bd178740d447a7cc9e378a44d44104066c005bfc594c9e83,"[VIRTUAL]1 x Darkheart, 1 x Heartless Wings for -1 MtxCurrency",1500,1500,0,0.0,0,2026-10-05T00:00:00Z,2026-10-07T23:59:59.999Z,1,0,-2,FNM100626,Locker of Horrors,194,tileGrid,Size_1_x_1,,0,,2,br,BID_551_CupidDarkFemale,Heartless Wings,backpack,dark,DARK SERIES,Team Heartbreak,2,3,2020-06-30T06:09:08Z
2026-10-06,v2:/67367a30c562639e5133fc4021deff168ed2836ff45695f0221408cb454aa409,"[VIRTUAL]1 x Rap Boy, 1 x Slim Shady, 1 x Shady Boombox, 1 x Shady Double Saw for -1 MtxCurrency",4200,2500,1700,0.4048,1,2026-10-06T00:00:00Z,2026-10-10T23:59:59.999Z,1,0,-3,Eminem1Icon,Eminem,190,tileGrid,Size_2_x_1,Switch styles with the built-in <highlight>MASK UP</> Transform Emote! <highlight>SHADY BOOMBOX</> reactive to music! <highlight>SHADY DOUBLE SAW</> reactive when hitting weak points!,1,Slim Shady Bundle,4,br,Character_BraveBuildSuper,Rap Boy,outfit,icon,Icon Series,Eminem,4,OG,2023-11-28T15:26:41Z
2026-10-06,v2:/67367a30c562639e5133fc4021deff168ed2836ff45695f0221408cb454aa409,"[VIRTUAL]1 x Rap Boy, 1 x Slim Shady, 1 x Shady Boombox, 1 x Shady Double Saw for -1 MtxCurrency",4200,2500,1700,0.4048,1,2026-10-06T00:00:00Z,2026-10-10T23:59:59.999Z,1,0,-3,Eminem1Icon,Eminem,190,tileGrid,Size_2_x_1,Switch styles with the built-in <highlight>MASK UP</> Transform Emote! <highlight>SHADY BOOMBOX</> reactive to music! <highlight>SHADY DOUBLE SAW</> reactive when hitting weak points!,1,Slim Shady Bundle,4,br,Character_HeavyRoar,Slim Shady,outfit,icon,Icon Series,Eminem,4,OG,2023-11-28T15:26:41Z
2026-10-06,v2:/67367a30c562639e5133fc4021deff168ed2836ff45695f0221408cb454aa409,"[VIRTUAL]1 x Rap Boy, 1 x Slim Shady, 1 x Shady Boombox, 1 x Shady Double Saw for -1 MtxCurrency",4200,2500,1700,0.4048,1,2026-10-06T00:00:00Z,2026-10-10T23:59:59.999Z,1,0,-3,Eminem1Icon,Eminem,190,tileGrid,Size_2_x_1,Switch styles with the built-in <highlight>MASK UP</> Transform Emote! <highlight>SHADY BOOMBOX</> reactive to music! <highlight>SHADY DOUBLE SAW</> reactive when hitting weak points!,1,Slim Shady Bundle,4,br,Backpack_HeavyRoar,Shady Boombox,backpack,icon,Icon Series,Eminem,4,OG,2023-11-28T15:26:41Z
2026-10-06,v2:/67367a30c562639e5133fc4021deff168ed2836ff45695f0221408cb454aa409,"[VIRTUAL]1 x Rap Boy, 1 x Slim Shady, 1 x Shady Boombox, 1 x Shady Double Saw for -1 MtxCurrency",4200,2500,1700,0.4048,1,2026-10-06T00:00:00Z,2026-10-10T23:59:59.999Z,1,0,-3,Eminem1Icon,Eminem,190,tileGrid,Size_2_x_1,Switch styles with the built-in <highlight>MASK UP</> Transform Emote! <highlight>SHADY BOOMBOX</> reactive to music! <highlight>SHADY DOUBLE SAW</> reactive when hitting weak points!,1,Slim Shady Bundle,4,br,Pickaxe_HeavyRoar,Shady Double Saw,pickaxe,icon,Icon Series,Eminem,4,OG,2023-11-28T15:26:41Z
2026-10-06,v2:/535bbc78a7b2c4bbbcfcadaf246248141a361a6fad4447b89f71aa916bd98d5c,[VIRTUAL]1 x Disease for 500 MtxCurrency,500,500,0,0.0,0,2026-10-01T00:00:00Z,2026-10-31T23:59:59.999Z,1,0,-58,JT100226NoV,Jam Tracks,181,expandableList,Size_1_x_1,,0,,1,track,sid_placeholder_449,Disease,,,,,,,2024-12-12T14:44:23Z
2026-10-06,v2:/a87f8d4f16c7861112aca1bdd281f3b7c5d97c37e6ef81909a1f304a3038baef,[VIRTUAL]1 x Cheesy for 300 MtxCurrency,300,300,0,0.0,0,2026-10-06T00:00:00Z,2026-10-06T23:59:59.999Z,1,0,-2,,,,,Size_1_x_1,,0,,1,br,BID_315_PizzaPit,Cheesy,backpack,rare,,Pizza Pit,1,X,2019-11-20T12:50:33Z
2026-10-06,v2:/70d2ad6889507e460ca85e03c4fcfdd253f8ef6d33fb72866739d487cf763c7e,[VIRTUAL]1 x Fishbone Cleaver for 800 MtxCurrency,800,800,0,0.0,0,2026-10-04T00:00:00Z,2026-10-06T23:59:59.999Z,1,0,-2,FNM100626,Locker of Horrors,194,tileGrid,Size_1_x_1,,0,,1,br,Pickaxe_EctoCat,Fishbone Cleaver,pickaxe,rare,,Meownstrosity,4,4,2023-10-10T11:59:07Z
2026-10-06,v2:/4c0865f2b7a63c177b73515e5167997c8d3abfd7e46defa5ae76de0910c2d0a2,[VIRTUAL]1 x Dark Glyph for 500 MtxCurrency,500,500,0,0.0,0,2026-10-06T00:00:00Z,2026-10-08T23:59:59.999Z,1,0,-4,FNM100626,Locker of Horrors,194,tileGrid,Size_1_x_1,,0,,1,br,Glider_ID_083_DarkBomber,Dark Glyph,glider,dark,DARK SERIES,Lightning & Thunderstorms,1,6,2019-11-20T12:48:01Z
2026-10-06,v2:/bc69ea4114b7e58ed1d80b4483243d8900e2dc0947889faff81e6f0496384750,[VIRTUAL]1 x Woman for 500 MtxCurrency,500,500,0,0.0,0,2026-10-01T00:00:00Z,2026-10-31T23:59:59.999Z,1,0,-48,JT100226NoV,Jam Tracks,181,expandableList,Size_1_x_1,,0,,1,track,sid_placeholder_194,Woman,,,,,,,2024-04-16T20:20:56Z
2026-10-06,v2:/96c6c008f9ebfded9aa43da28c1ea5915a75e5f05228010f46d2f295c4757786,[VIRTUAL]1 x Somebody Told Me for 500 MtxCurrency,500,500,0,0.0,0,2026-10-01T00:00:00Z,2026-10-31T23:59:59.999Z,1,0,-56,JT100226NoV,Jam Tracks,181,expandableList,Size_1_x_1,,0,,1,track,sid_placeholder_339,Somebody Told Me,,,,,,,2024-10-17T13:33:26Z
2026-10-06,v2:/024913547b34902acc4b4369f911c9d20dd9b2855da551763d6e8b126c37281a,"[VIRTUAL]1 x Vix, 1 x Whisker Pack for -1 MtxCurrency",1500,1500,0,0.0,0,2026-10-05T00:00:00Z,2026-10-11T23:59:59.999Z,1,0,-4,BR100626,Loadout Goals ,184,tileGrid,Size_1_x_1,Use the <highlight_strong>BUILT-IN EMOTE</> to <highlight_strong>SWITCH STYLES</> in matches!,0,,2,br,CID_751_Athena_Commando_F_NeonCatSpy,Vix,outfit,epic,,Catssassin,2,2,2020-04-29T06:13:35Z
2026-10-06,v2:/024913547b34902acc4b4369f911c9d20dd9b2855da551763d6e8b126c37281a,"[VIRTUAL]1 x Vix, 1 x Whisker Pack for -1 MtxCurrency",1500,1500,0,0.0,0,2026-10-05T00:00:00Z,2026-10-11T23:59:59.999Z,1,0,-4,BR100626,Loadout Goals ,184,tileGrid,Size_1_x_1,Use the <highlight_strong>BUILT-IN EMOTE</> to <highlight_strong>SWITCH STYLES</> in matches!,0,,2,br,BID_514_NeonCatSpy,Whisker Pack,backpack,epic,,Catssassin,2,2,2020-04-29T06:13:35Z
2026-10-06,v2:/2095711eb76f810e04c7a4d0eb9588ca56853ee846ed133cbc094b8bb40596a7,[VIRTUAL]1 x TBD (SID_Placeholder_839) for 500 MtxCurrency,500,500,0,0.0,0,2026-10-02T00:00:00Z,2026-10-08T23:59:59.999Z,1,0,-2,JT100226NoV,Jam Tracks,181,tileGrid,Size_1_x_1,,0,,1,track,sid_placeholder_839,Waka Waka (This Time For Africa),,,,,,,2026-06-30T14:31:13Z
2026-10-06,v2:/2a4203ff0c07088cb41ec6849d956d5a400b985677941e499a3ef3019b57a00f,[VIRTUAL]1 x Highway Tune for 500 MtxCurrency,500,500,0,0.0,0,2026-10-01T00:00:00Z,2026-10-31T23:59:59.999Z,1,0,-88,JT100226NoV,Jam Tracks,181,expandableList,Size_1_x_1,,0,,1,track,sid_placeholder_95,Highway Tune,,,,,,,2023-12-13T00:00:00Z
2026-10-06,v2:/dea7cfac64c21a627f4721b3290f4abaf361d5f6f6619c563939949bc3285709,[VIRTUAL]1 x Get Busy for 500 MtxCurrency,500,500,0,0.0,0,2026-10-01T00:00:00Z,2026-11-05T23:59:59.999Z,1,0,-84,JT100226NoV,Jam Tracks,181,expandableList,Size_1_x_1,,0,,1,track,sid_placeholder_294,Get Busy,,,,,,,2024-12-19T21:10:30Z
2026-10-06,v2:/6e2669d2c801fdd445c626f3a96a92552d5961c8daae3cd148aad39cecd6b56f,[VIRTUAL]1 x Super Freak for 500 MtxCurrency,500,500,0,0.0,0,2026-10-01T00:00:00Z,2026-10-31T23:59:59.999Z,1,0,-35,JT100226NoV,Jam Tracks,181,expandableList,Size_1_x_1,,0,,1,track,sid_placeholder_133,Super Freak,,,,,,,2024-03-26T16:09:20Z
2026-10-06,v2:/d2e109d35af7a41d01a2642ef19a5911ce844305793f77f146575381777fd8c9,[VIRTUAL]1 x Sabotage for 500 MtxCurrency,500,500,0,0.0,0,2026-10-01T00:00:00Z,2026-10-31T23:59:59.999Z,1,0,-99,JT100226NoV,Jam Tracks,181,expandableList,Size_1_x_1,,0,,1,track,sid_placeholder_214,Sabotage,,,,,,,2024-06-06T13:32:50Z
2026-10-06,v2:/ccbc3d4b5a90d0cc484fcf040e45341d50c12523a9792d16a9396b57a0afb334,[VIRTUAL]1 x Just a Girl for 500 MtxCurrency,500,500,0,0.0,0,2026-10-04T00:00:00Z,2026-10-07T23:59:59.999Z,1,0,-2,VV100626,Hype Time,189,tileGrid,Size_1_x_1,,0,,1,br,EID_SundaySpider,Just a Girl,emote,icon,Icon Series,,,,2025-11-17T00:00:00Z
2026-10-06,v2:/42c8e5b49bfc53dc3e725b5a5a84713e3b1980a8166a9142f54c54d0a0329d8d,[VIRTUAL]1 x TBD (SID_Placeholder_520) for 500 MtxCurrency,500,500,0,0.0,0,2026-10-01T00:00:00Z,2026-10-31T23:59:59.999Z,1,0,-43,JT100226NoV,Jam Tracks,181,expandableList,Size_1_x_1,,0,,1,track,sid_placeholder_520,Up From The Bottom,,,,,,,2025-03-28T00:00:00Z
2026-10-06,v2:/c50cd8520a847cf022f4d204b49410deeaeafe399ad7c6d8f408852092499c66,[VIRTUAL]1 x TBD (SID_Placeholder_636) for 500 MtxCurrency,500,500,0,0.0,0,2026-10-01T00:00:00Z,2026-10-31T23:59:59.999Z,1,0,-60,JT100226NoV,Jam Tracks,181,expandableList,Size_1_x_1,,0,,1,track,sid_placeholder_636,DARE,,,,,,,2025-08-26T08:00:00Z
2026-10-06,v2:/35725f36aa42c28f304b3656709f418f70ebeebc9d0655be0a990f3f3c2b7bc6,[VIRTUAL]1 x The Edge of Glory for 500 MtxCurrency,500,500,0,0.0,0,2026-10-02T00:00:00Z,2026-10-08T23:59:59.999Z,1,0,-3,JT100226NoV,Jam Tracks,181,tileGrid,Size_1_x_1,,0,,1,track,sid_placeholder_96,The Edge of Glory,,,,,,,2024-02-22T09:00:00Z
2026-10-06,v2:/181f7b1457b7aaf79aa781caa5912d0cdca93622f7bac061a95547f9de349895,[VIRTUAL]1 x Seek & Destroy for 500 MtxCurrency,500,500,0,0.0,0,2026-10-01T00:00:00Z,2026-10-31T23:59:59.999Z,1,0,-24,JT100226NoV,Jam Tracks,181,expandableList,Size_1_x_1,,0,,1,track,sid_placeholder_238,Seek & Destroy,,,,,,,2024-06-20T00:00:00Z
2026-10-06,v2:/c0a308f601e09603177b6a379ceb3349d8652117bb14ef1995e2b460600c4526,[VIRTUAL]1 x Freddy-oke Machine for 300 MtxCurrency,300,300,0,0.0,0,2026-10-01T00:00:00Z,2026-10-31T23:59:59.999Z,1,0,-2,5Nights,Five Nights at Freddy's,196,tileGrid,Size_1_x_1,,0,,1,br,Backpack_GuardHence,Freddy-oke Machine,backpack,gaminglegends,Gaming Legends Series,Five Nights at Freddy's,7,4,2026-10-01T08:00:00Z
2026-10-06,v2:/80cc4ba11d3b8d9618fdc6a6f408a26550212cf9b0ebdb6aa938db1d26386f10,[VIRTUAL]1 x Soulfire Chains for 1200 MtxCurrency,1200,1200,0,0.0,0,2026-10-05T00:00:00Z,2026-10-09T23:59:59.999Z,1,0,-2,GhostRiderOnly,Marvel,187,tileGrid,Size_1_x_1,,0,,1,br,Pickaxe_ID_492_EmbersMale,Soulfire Chains,pickaxe,marvel,MARVEL SERIES,Ghost Rider,2,4,2020-11-08T00:00:00Z
2026-10-06,v2:/b9bfa28a039a9a0d8dabbf7829daa9fe1b12f09512b04973661f8ab5fc13a2d3,[VIRTUAL]1 x Crystal Spirit for 300 MtxCurrency,300,300,0,0.0,0,2026-10-06T00:00:00Z,2026-10-12T23:59:59.999Z,1,0,-4,,,,,Size_1_x_1,,0,,1,br,BID_759_DarkElfFemale,Crystal Spirit,backpack,rare,,Fallen Oasis,2,6,2021-05-11T08:22:29Z
2026-10-06,v2:/e0d8424d0e064e769e64bf54fa3fc65a6a9e84374244eb22ab3fceef005e8a30,"[VIRTUAL]1 x Ghoul Trooper, 1 x Bear Brained for -1 MtxCurrency",1500,1500,0,0.0,0,2026-10-05T00:00:00Z,2026-10-15T23:59:59.999Z,1,0,-3,FNM100626,Locker of Horrors,194,tileGrid,Size_1_x_1,,0,,2,br,CID_029_Athena_Commando_F_Halloween,Ghoul Trooper,outfit,epic,,,1,1,2019-11-20T12:50:30Z
2026-10-06,v2:/e0d8424d0e064e769e64bf54fa3fc65a6a9e84374244eb22ab3fceef005e8a30,"[VIRTUAL]1 x Ghoul Trooper, 1 x Bear Brained for -1 MtxCurrency",1500,1500,0,0.0,0,2026-10-05T00:00:00Z,2026-10-15T23:59:59.999Z,1,0,-3,FNM100626,Locker of Horrors,194,tileGrid,Size_1_x_1,,0,,2,br,BID_393_GhoulTrooper,Bear Brained,backpack,uncommon,,,2,1,2019-11-20T12:51:14Z
2026-10-06,v2:/a48d56b08a60cb36f7458193ee30ad3c655e64a9625f4cf7df1018cfaeb4410c,[VIRTUAL]1 x Freddy's Flames for 500 MtxCurrency,500,500,0,0.0,0,2026-10-03T00:00:00Z,2026-10-16T23:59:59.999Z,1,0,-3,FreddyK,A Nightmare on Elm Street,195,tileGrid,Size_1_x_1,,0,,1,br,Wrap_ApronChow,Freddy's Flames,wrap,rare,,Freddy Krueger,7,4,2026-10-02T13:00:13Z
2026-10-06,v2:/472f2f609c68fdeeb4309e5f338d8a4646fe7ec4362bd9b480c0fa628ecce0d4,[VIRTUAL]1 x Lonely Boy for 500 MtxCurrency,500,500,0,0.0,0,2026-10-01T00:00:00Z,2026-10-31T23:59:59.999Z,1,0,-101,JT100226NoV,Jam Tracks,181,expandableList,Size_1_x_1,,0,,1,track,sid_placeholder_379,Lonely Boy,,,,,,,2025-01-02T14:36:01Z
2026-10-06,v2:/ed3c7e3762ff0b084c14db805fb16c040703e0e595a41ddee3af8e379f3d4868,[VIRTUAL]1 x Embalmwings for 400 MtxCurrency,400,400,0,0.0,0,2026-10-02T00:00:00Z,2026-10-08T23:59:59.999Z,1,0,-3,,,,,Size_1_x_1,,0,,1,br,BID_869_CritterRaven,Embalmwings,backpack,epic,,Graven's Curse,2,8,2021-10-12T08:35:19Z
2026-10-06,v2:/ce37399208b2fda2c4433ec960e6f526ff509367be9d356377f449cbcd75f7ef,"[VIRTUAL]1 x Ivory Queen, 1 x Queen's Piece for -1 MtxCurrency",1200,1200,0,0.0,0,2026-10-04T00:00:00Z,2026-10-06T23:59:59.999Z,1,0,-2,FND100626,Showcase ,185,tileGrid,Size_1_x_1,,0,,2,br,Character_CreamDecoy,Ivory Queen,outfit,epic,,Chess Kingdom,7,3,2026-07-16T08:32:04Z
2026-10-06,v2:/ce37399208b2fda2c4433ec960e6f526ff509367be9d356377f449cbcd75f7ef,"[VIRTUAL]1 x Ivory Queen, 1 x Queen's Piece for -1 MtxCurrency",1200,1200,0,0.0,0,2026-10-04T00:00:00Z,2026-10-06T23:59:59.999Z,1,0,-2,FND100626,Showcase ,185,tileGrid,Size_1_x_1,,0,,2,br,Backpack_CreamDecoy,Queen's Piece,backpack,rare,,Chess Kingdom,7,3,2026-07-16T08:32:04Z
2026-10-06,v2:/48bbde0343ef4807e76b3979340ab7974b6d686b2cb44593889dd3c5b3e80fbc,[VIRTUAL]1 x Foxy's Side Stage for 300 MtxCurrency,300,300,0,0.0,0,2026-10-01T00:00:00Z,2026-10-31T23:59:59.999Z,1,0,-4,5Nights,Five Nights at Freddy's,196,tileGrid,Size_1_x_1,,0,,1,br,Backpack_JigsawWaste,Foxy's Side Stage,backpack,gaminglegends,Gaming Legends Series,Five Nights at Freddy's,7,4,2026-10-01T08:00:00Z
2026-10-06,v2:/eea7ce6663ae954e042213d4e247336d6c42c59a2c72dcd33ec81d6c3e480c97,[VIRTUAL]1 x Cheap Thrills for 500 MtxCurrency,500,500,0,0.0,0,2026-10-01T00:00:00Z,2026-10-31T23:59:59.999Z,1,0,-61,JT100226NoV,Jam Tracks,181,expandableList,Size_1_x_1,,0,,1,track,sid_placeholder_27,Cheap Thrills,,,,,,,2024-04-30T14:34:03Z
2026-10-06,v2:/d4ffd98f49d79e89936983fe67e963ea6f3da64b8e44f3834afc38d24c4d2046,[VIRTUAL]1 x TBD (SID_Placeholder_620) for 500 MtxCurrency,500,500,0,0.0,0,2026-10-01T00:00:00Z,2026-10-31T23:59:59.999Z,1,0,-77,JT100226NoV,Jam Tracks,181,expandableList,Size_1_x_1,,0,,1,track,sid_placeholder_620,Strobe (Radio Edit),,,,,,,2025-08-06T00:00:00Z
2026-10-06,v2:/e4289c6d4456fb5ebf0a2e2f13ddeefe1f89b1ed9147ae8c515a668fc9834332,"[VIRTUAL]1 x Noelle, 1 x Noelle's Wand, 1 x Noelle's Grimoire for -1 MtxCurrency",1800,1800,0,0.0,0,2026-10-04T00:00:00Z,2026-10-13T23:59:59.999Z,1,0,-3,BlackClover,Black Clover ,197,tileGrid,Size_2_x_1,,0,,3,br,Character_SlumpAfter,Noelle,outfit,epic,,Black Clover,7,4,2026-10-03T13:00:46Z
2026-10-06,v2:/e4289c6d4456fb5ebf0a2e2f13ddeefe1f89b1ed9147ae8c515a668fc9834332,"[VIRTUAL]1 x Noelle, 1 x Noelle's Wand, 1 x Noelle's Grimoire for -1 MtxCurrency",1800,1800,0,0.0,0,2026-10-04T00:00:00Z,2026-10-13T23:59:59.999Z,1,0,-3,BlackClover,Black Clover ,197,tileGrid,Size_2_x_1,,0,,3,br,Pickaxe_SlumpAfter,Noelle's Wand,pickaxe,rare,,Black Clover,7,4,2026-10-03T13:00:46Z
2026-10-06,v2:/e4289c6d4456fb5ebf0a2e2f13ddeefe1f89b1ed9147ae8c515a668fc9834332,"[VIRTUAL]1 x Noelle, 1 x Noelle's Wand, 1 x Noelle's Grimoire for -1 MtxCurrency",1800,1800,0,0.0,0,2026-10-04T00:00:00Z,2026-10-13T23:59:59.999Z,1,0,-3,BlackClover,Black Clover ,197,tileGrid,Size_2_x_1,,0,,3,br,Backpack_SlumpAfter,Noelle's Grimoire,backpack,rare,,Black Clover,7,4,2026-10-03T13:00:46Z
2026-10-06,v2:/2685bb7aafd3b627d933c7da82b4b44e6358d23c528c98ba3c18d0b35c287aa8,[VIRTUAL]1 x Anti-Magic for 500 MtxCurrency,500,500,0,0.0,0,2026-10-04T00:00:00Z,2026-10-13T23:59:59.999Z,1,0,-2,BlackClover,Black Clover ,197,tileGrid,Size_1_x_1,,0,,1,br,Wrap_MimicGlean,Anti-Magic,wrap,rare,,Black Clover,7,4,2026-10-03T13:00:46Z
2026-10-06,v2:/aff7de1f281cb939e58a937644c4b00af0f28e2696f6f68e03f367d5b6336024,[VIRTUAL]1 x the boy is mine for 500 MtxCurrency,500,500,0,0.0,0,2026-10-01T00:00:00Z,2026-10-31T23:59:59.999Z,1,0,-42,JT100226NoV,Jam Tracks,181,expandableList,Size_1_x_1,,0,,1,track,sid_placeholder_227,the boy is mine,,,,,,,2024-05-30T13:49:50Z
2026-10-06,v2:/2aced9bdee7d05e5f29439d7e5e16a27513a178addaff785579d5f4ea3e8d230,[VIRTUAL]1 x What I Got for 500 MtxCurrency,500,500,0,0.0,0,2026-10-01T00:00:00Z,2026-10-31T23:59:59.999Z,1,0,-93,JT100226NoV,Jam Tracks,181,expandableList,Size_1_x_1,,0,,1,track,sid_placeholder_187,What I Got,,,,,,,2024-04-09T15:02:47Z
2026-10-06,v2:/f33bb4ce7a408bea1d7ba67583d5fe7aa11804d33f3e59e229724e76ae80e818,[VIRTUAL]1 x Chainsaw Balloon for 300 MtxCurrency,300,300,0,0.0,0,2026-10-06T00:00:00Z,2026-10-12T23:59:59.999Z,1,0,-4,HHNJack1,Halloween Horror Nights ,198,tileGrid,Size_1_x_1,,0,,1,br,EID_WitchValve,Chainsaw Balloon,emote,uncommon,,Halloween Horror Nights,7,4,2026-10-05T13:00:42Z
2026-10-06,v2:/80e2df47d6f110a06c39814acdc5ce7f3a1e9e722f72888fe94ecc580158fa3f,"[VIRTUAL]1 x Marshall Never More, 1 x Raven's Stare for -1 MtxCurrency",1500,1500,0,0.0,0,2026-10-06T00:00:00Z,2026-10-10T23:59:59.999Z,1,0,-1,Eminem1Icon,Eminem,190,tileGrid,Size_1_x_1,Selectable Styles!,0,,2,br,Character_BraveBuild,Marshall Never More,outfit,icon,Icon Series,Eminem,4,OG,2023-11-28T15:26:41Z
2026-10-06,v2:/80e2df47d6f110a06c39814acdc5ce7f3a1e9e722f72888fe94ecc580158fa3f,"[VIRTUAL]1 x Marshall Never More, 1 x Raven's Stare for -1 MtxCurrency",1500,1500,0,0.0,0,2026-10-06T00:00:00Z,2026-10-10T23:59:59.999Z,1,0,-1,Eminem1Icon,Eminem,190,tileGrid,Size_1_x_1,Selectable Styles!,0,,2,br,Backpack_BraveBuild,Raven's Stare,backpack,icon,Icon Series,Eminem,4,OG,2023-11-28T15:26:41Z
2026-10-06,v2:/e1c6412b43311a31a0d6cdbcb63abe20aa81ca005befdaa349c23b6d7d986889,[VIRTUAL]1 x Heartbreaker for 500 MtxCurrency,500,500,0,0.0,0,2026-10-01T00:00:00Z,2026-10-31T23:59:59.999Z,1,0,-41,JT100226NoV,Jam Tracks,181,expandableList,Size_1_x_1,,0,,1,track,sid_placeholder_83,Heartbreaker,,,,,,,2023-12-21T00:00:00Z
2026-10-06,v2:/781225c6b683ef46d16359b25917f4898a3c56d2f49e087037dbe2abe0bf8be3,[VIRTUAL]1 x Slalom Style for 500 MtxCurrency,500,500,0,0.0,0,2026-10-04T00:00:00Z,2026-10-07T23:59:59.999Z,1,0,-3,VV100626,Hype Time,189,tileGrid,Size_1_x_1,,0,,1,br,EID_Skeemote_K5J4J,Slalom Style,emote,icon,Icon Series,,3,1,2022-01-22T00:00:00Z
2026-10-06,v2:/e94f98827d971f38d73e07a49a8f7e7f2dffb69ad30d5f746524964b179564bb,[VIRTUAL]1 x Don't You Worry Child for 500 MtxCurrency,500,500,0,0.0,0,2026-10-01T00:00:00Z,2026-11-05T23:59:59.999Z,1,0,-89,JT100226NoV,Jam Tracks,181,expandableList,Size_1_x_1,,0,,1,track,sid_placeholder_176,Don't You Worry Child,,,,,,,2024-04-02T15:03:11Z
2026-10-06,v2:/e99b02df844a66e043d7387ef5509f8c4b1a83df67f9c107bf776a9a2b2dbcde,[VIRTUAL]1 x TBD (SID_Placeholder_491) for 500 MtxCurrency,500,500,0,0.0,0,2026-10-01T00:00:00Z,2026-10-31T23:59:59.999Z,1,0,-94,JT100226NoV,Jam Tracks,181,expandableList,Size_1_x_1,,0,,1,track,sid_placeholder_491,Airplanes,,,,,,,2025-02-20T20:53:36Z
2026-10-06,v2:/c9abe577721c36c620142d6cc2e308fbbdb7f3cc9df0e72d61ba2a19dd30436e,[VIRTUAL]1 x Blank for 400 MtxCurrency,400,400,0,0.0,0,2026-10-04T00:00:00Z,2026-10-13T23:59:59.999Z,1,0,-2,,,,,Size_2_x_1,,0,,1,car,Wheel_RevivalLine02,Nissan GT-R Nismo - Gold,wheel,uncommon,,,,,2026-10-03T13:00:46Z
2026-10-06,v2:/fc2d749c78eaf2f6b867ee2402406aaa47796b16b65382790287c6cf1b561680,[VIRTUAL]1 x TBD (SID_Placeholder_487) for 500 MtxCurrency,500,500,0,0.0,0,2026-10-01T00:00:00Z,2026-10-31T23:59:59.999Z,1,0,-18,JT100226NoV,Jam Tracks,181,expandableList,Size_1_x_1,,0,,1,track,sid_placeholder_487,Beauty and a Beat,,,,,,,2025-01-16T14:37:22Z
2026-10-06,v2:/efcf473c6be7a5e5bbce4d65f4dc706b9b22818fc738b9f4fb0a3083a63c6379,[VIRTUAL]1 x BIRDS OF A FEATHER for 500 MtxCurrency,500,500,0,0.0,0,2026-10-01T00:00:00Z,2026-10-31T23:59:59.999Z,1,0,-20,JT100226NoV,Jam Tracks,181,expandableList,Size_1_x_1,,0,,1,track,sid_placeholder_400,BIRDS OF A FEATHER,,,,,,,2024-12-12T14:44:23Z
2026-10-06,v2:/a328f64cd2737294363bc6184d6bffa869f8734b9eeb4a183b8353b17539c07f,[VIRTUAL]1 x Panda for 500 MtxCurrency,500,500,0,0.0,0,2026-10-01T00:00:00Z,2026-10-31T23:59:59.999Z,1,0,-37,JT100226NoV,Jam Tracks,181,expandableList,Size_1_x_1,,0,,1,track,sid_placeholder_293,Panda,,,,,,,2024-08-09T00:00:00Z
2026-10-06,v2:/9e8ad11707239a1236ec61671c8b136b9e7e48a1ceb404ea662e0fba0b5411b0,[VIRTUAL]1 x Infernal Chain for 600 MtxCurrency,600,600,0,0.0,0,2026-10-05T00:00:00Z,2026-10-09T23:59:59.999Z,1,0,-1,,,,,Size_4_x_1,,0,,1,br,BID_642_Embers,Infernal Chain,backpack,marvel,MARVEL SERIES,Ghost Rider,2,4,2020-11-08T00:00:00Z
2026-10-06,v2:/ee15a82e8315ecbb31c31e38d984700b5693c657c7e6a3c02eeeb721e46eec41,[VIRTUAL]1 x TBD (SID_Placeholder_547) for 500 MtxCurrency,500,500,0,0.0,0,2026-10-02T00:00:00Z,2026-10-08T23:59:59.999Z,1,0,-5,JT100226NoV,Jam Tracks,181,tileGrid,Size_1_x_1,,0,,1,track,sid_placeholder_547,Bed Chem,,,,,,,2025-05-29T10:13:30Z
2026-10-06,v2:/6a1c674fe1994f15d55d7911b6b2919b9a273ea318cc1482cc3d6784c2aca7ad,[VIRTUAL]1 x Noelle's Grimoire for 300 MtxCurrency,300,300,0,0.0,0,2026-10-04T00:00:00Z,2026-10-13T23:59:59.999Z,1,0,-1,BlackClover,Black Clover ,197,tileGrid,Size_1_x_1,,0,,1,br,Backpack_SlumpAfter,Noelle's Grimoire,backpack,rare,,Black Clover,7,4,2026-10-03T13:00:46Z
2026-10-06,v2:/bd94d0be5c636c882db2fe6048138bb06fa6f0b2acc19476bfe2eff00b6bc707,[VIRTUAL]1 x Houdini for 500 MtxCurrency,500,500,0,0.0,0,2026-10-06T00:00:00Z,2026-10-10T23:59:59.999Z,1,0,-4,Eminem1Icon,Eminem,190,tileGrid,Size_1_x_1,,0,,1,br,EID_Incantation,Houdini,emote,icon,Icon Series,,5,3,2024-06-26T00:00:00Z
2026-10-06,v2:/ad8ad96030b300f516968c1cfb401de4f91fb8b73cce9e45f3ec2a87a9e0cb35,[VIRTUAL]1 x True Love for 200 MtxCurrency,200,200,0,0.0,0,2026-10-06T00:00:00Z,2026-10-06T23:59:59.999Z,1,0,-3,BR100626,Loadout Goals ,184,tileGrid,Size_1_x_1,,0,,1,br,EID_TrueLove,True Love,emote,uncommon,,Royale Hearts,1,2,2019-11-20T12:49:41Z
2026-10-06,v2:/59fbe12b369f13fb52d49e2daeb33830262fca412cab4c2aafd466a283157396,[VIRTUAL]1 x Backbiter for 300 MtxCurrency,300,300,0,0.0,0,2026-10-05T00:00:00Z,2026-10-15T23:59:59.999Z,1,0,-2,,,,,Size_1_x_1,,0,,1,br,BID_881_ScholarGhoul,Backbiter,backpack,rare,,Oakwitch Academy,2,8,2021-10-12T08:35:19Z
2026-10-06,v2:/b83e86cf69d2d880bee8832a4eb745eeae29b7b2d1ac24ac0e8d2653c716e830,[VIRTUAL]1 x TBD (SID_Placeholder_824) for 500 MtxCurrency,500,500,0,0.0,0,2026-10-01T00:00:00Z,2026-10-31T23:59:59.999Z,1,0,-87,JT100226NoV,Jam Tracks,181,expandableList,Size_1_x_1,,0,,1,track,sid_placeholder_824,"Well, Whatever It Was",,,,,,,2026-07-07T14:30:51Z
2026-10-06,v2:/2431397cae6ce387abfda62fb6ed09cdf5714af193e03ce5df0c3e5319300916,"[VIRTUAL]1 x Obsidian King, 1 x King's Piece for -1 MtxCurrency",1200,1200,0,0.0,0,2026-10-04T00:00:00Z,2026-10-06T23:59:59.999Z,1,0,-1,FND100626,Showcase ,185,tileGrid,Size_1_x_1,,0,,2,br,Character_MatteDecoy,Obsidian King,outfit,epic,,Chess Kingdom,7,3,2026-07-16T08:32:04Z
2026-10-06,v2:/2431397cae6ce387abfda62fb6ed09cdf5714af193e03ce5df0c3e5319300916,"[VIRTUAL]1 x Obsidian King, 1 x King's Piece for -1 MtxCurrency",1200,1200,0,0.0,0,2026-10-04T00:00:00Z,2026-10-06T23:59:59.999Z,1,0,-1,FND100626,Showcase ,185,tileGrid,Size_1_x_1,,0,,2,br,Backpack_MatteDecoy,King's Piece,backpack,rare,,Chess Kingdom,7,3,2026-07-16T08:32:04Z
2026-10-06,v2:/6c452194e8f17692331d01fa2398b5fa98744df5ac1346fee19f9da3c3976ca3,"[VIRTUAL]1 x Jack the Clown, 1 x Jack the Clown in the Box, 1 x Jack's Menacing Mallet, 1 x Chainsaw Balloon for -1 MtxCurrency",2600,2000,600,0.2308,1,2026-10-06T00:00:00Z,2026-10-12T23:59:59.999Z,1,0,-1,HHNJack1,Halloween Horror Nights ,198,billboard,Size_4_x_1,,1,Jack the Clown Bundle,4,br,Character_WitchValve,Jack the Clown,outfit,epic,,Halloween Horror Nights,7,4,2026-10-05T13:00:42Z
2026-10-06,v2:/6c452194e8f17692331d01fa2398b5fa98744df5ac1346fee19f9da3c3976ca3,"[VIRTUAL]1 x Jack the Clown, 1 x Jack the Clown in the Box, 1 x Jack's Menacing Mallet, 1 x Chainsaw Balloon for -1 MtxCurrency",2600,2000,600,0.2308,1,2026-10-06T00:00:00Z,2026-10-12T23:59:59.999Z,1,0,-1,HHNJack1,Halloween Horror Nights ,198,billboard,Size_4_x_1,,1,Jack the Clown Bundle,4,br,Backpack_WitchValve,Jack the Clown in the Box,backpack,rare,,Halloween Horror Nights,7,4,2026-10-05T13:00:42Z
2026-10-06,v2:/6c452194e8f17692331d01fa2398b5fa98744df5ac1346fee19f9da3c3976ca3,"[VIRTUAL]1 x Jack the Clown, 1 x Jack the Clown in the Box, 1 x Jack's Menacing Mallet, 1 x Chainsaw Balloon for -1 MtxCurrency",2600,2000,600,0.2308,1,2026-10-06T00:00:00Z,2026-10-12T23:59:59.999Z,1,0,-1,HHNJack1,Halloween Horror Nights ,198,billboard,Size_4_x_1,,1,Jack the Clown Bundle,4,br,Pickaxe_WitchValve,Jack's Menacing Mallet,pickaxe,rare,,Halloween Horror Nights,7,4,2026-10-05T13:00:42Z
2026-10-06,v2:/6c452194e8f17692331d01fa2398b5fa98744df5ac1346fee19f9da3c3976ca3,"[VIRTUAL]1 x Jack the Clown, 1 x Jack the Clown in the Box, 1 x Jack's Menacing Mallet, 1 x Chainsaw Balloon for -1 MtxCurrency",2600,2000,600,0.2308,1,2026-10-06T00:00:00Z,2026-10-12T23:59:59.999Z,1,0,-1,HHNJack1,Halloween Horror Nights ,198,billboard,Size_4_x_1,,1,Jack the Clown Bundle,4,br,EID_WitchValve,Chainsaw Balloon,emote,uncommon,,Halloween Horror Nights,7,4,2026-10-05T13:00:42Z
2026-10-06,v2:/e7f034957856ced9c6b2cd813038dfc89e2e68a7dc7a800dd7b859ba28f18585,"[VIRTUAL]1 x Etheria, 1 x Crystal Spirit for -1 MtxCurrency",1200,1200,0,0.0,0,2026-10-06T00:00:00Z,2026-10-12T23:59:59.999Z,1,0,-4,NoSweat100626,No Sweat,188,tileGrid,Size_1_x_1,,0,,2,br,CID_A_091_Athena_Commando_F_DarkElf,Etheria,outfit,rare,,Fallen Oasis,2,6,2021-05-11T08:22:29Z
2026-10-06,v2:/e7f034957856ced9c6b2cd813038dfc89e2e68a7dc7a800dd7b859ba28f18585,"[VIRTUAL]1 x Etheria, 1 x Crystal Spirit for -1 MtxCurrency",1200,1200,0,0.0,0,2026-10-06T00:00:00Z,2026-10-12T23:59:59.999Z,1,0,-4,NoSweat100626,No Sweat,188,tileGrid,Size_1_x_1,,0,,2,br,BID_759_DarkElfFemale,Crystal Spirit,backpack,rare,,Fallen Oasis,2,6,2021-05-11T08:22:29Z
2026-10-06,v2:/e40c5118b6640899305f9548de450007e508f6df92d92795db5f8aa4290078be,[VIRTUAL]1 x Point and Strut for 500 MtxCurrency,500,500,0,0.0,0,2026-10-06T00:00:00Z,2026-10-09T23:59:59.999Z,1,0,-3,VV100626,Hype Time,189,tileGrid,Size_1_x_1,,0,,1,br,EID_Bewilder,Point and Strut,emote,icon,Icon Series,,5,3,2024-06-02T00:00:00Z
2026-10-06,v2:/a85792a770a6db48029542f029be6831000dd5712565b70a9fd7348a54ca268d,[VIRTUAL]1 x Monster Mash for 500 MtxCurrency,500,500,0,0.0,0,2026-10-02T00:00:00Z,2026-10-08T23:59:59.999Z,1,0,-4,FNM100626,Locker of Horrors,194,tileGrid,Size_1_x_1,,0,,1,br,EID_Spooky,Monster Mash,emote,icon,Icon Series,,3,4,2022-10-28T00:00:00Z
2026-10-06,v2:/f801bb13af10e671168a07c0ea94eea115251c62e60fe795b7594497ceac99e0,[VIRTUAL]1 x TBD (SID_Placeholder_405) for 500 MtxCurrency,500,500,0,0.0,0,2026-10-02T00:00:00Z,2026-10-08T23:59:59.999Z,1,0,-1,JT100226NoV,Jam Tracks,181,tileGrid,Size_1_x_1,,0,,1,track,sid_placeholder_405,Snow (Hey Oh),,,,,,,2025-01-09T17:40:48Z
2026-10-06,v2:/f6e8c518add2f816a993de000fa1cabef6d2a885bba92a1a0a7c393fbf3f6c27,[VIRTUAL]1 x Heartless Wings for 300 MtxCurrency,300,300,0,0.0,0,2026-10-05T00:00:00Z,2026-10-07T23:59:59.999Z,1,0,-2,,,,,Size_1_x_1,,0,,1,br,BID_551_CupidDarkFemale,Heartless Wings,backpack,dark,DARK SERIES,Team Heartbreak,2,3,2020-06-30T06:09:08Z
2026-10-06,v2:/6fcc3a9bbc8d07b4bc2c11361aaadb8381290c8ef1b68b5a62ef230e7055b01c,[VIRTUAL]1 x Born This Way for 500 MtxCurrency,500,500,0,0.0,0,2026-10-01T00:00:00Z,2026-10-31T23:59:59.999Z,1,0,-66,JT100226NoV,Jam Tracks,181,expandableList,Size_1_x_1,,0,,1,track,sid_placeholder_126,Born This Way,,,,,,,2024-02-22T09:00:00Z
2026-10-06,v2:/6a536636d8518ea50478a75406017323bf9ed889f3fda2ddc8838a26359a3a4e,[VIRTUAL]1 x Spike for 1200 MtxCurrency,1200,1200,0,0.0,0,2026-10-06T00:00:00Z,2026-10-12T23:59:59.999Z,1,0,-3,BR100626,Loadout Goals ,184,tileGrid,Size_1_x_1,This Sidekick includes quests that unlock new items upon completion!,0,,1,br,Companion_DoveSlide,Spike,sidekick,uncommon,,Guard Dog,6,6,2025-11-07T14:02:24Z
2026-10-06,v2:/04263c6b833fa2483fc8b9b1d135df9fbf136274e20a60c4330c31a72979ef45,[VIRTUAL]1 x Phantom Guffpup for 1200 MtxCurrency,1200,1200,0,0.0,0,2026-10-04T00:00:00Z,2026-10-06T23:59:59.999Z,1,0,-4,FNM100626,Locker of Horrors,194,tileGrid,Size_1_x_1,This Sidekick includes quests that unlock new items upon completion!,0,,1,br,Companion_ShadowLap,Phantom Guffpup,sidekick,uncommon,,Mythical Monster,7,1,2025-11-29T20:57:37Z
