shop_date,offer_id,dev_name,regular_price,final_price,discount_vbucks,discount_pct,is_discounted,in_date,out_date,giftable,refundable,sort_priority,layout_id,layout_name,layout_rank,layout_display_type,tile_size,offer_tag,is_bundle,bundle_name,items_in_offer,item_kind,item_id,item_name,item_type,item_rarity,item_series,item_set,item_intro_chapter,item_intro_season,item_added
2026-09-04,v2:/e79885c58d56344589ba7bcf6acb436ea51e58e44839b856792d601a9719cae7,[VIRTUAL]1 x The Golden Spatula for 500 MtxCurrency,500,500,0,0.0,0,2026-09-04T00:00:00Z,2026-09-07T23:59:59.999Z,1,0,-3,SummerIceSpiceSpongebob,SpongeBob SquarePants,194,tileGrid,Size_1_x_1,,0,,1,br,Pickaxe_CountyFrog,The Golden Spatula,pickaxe,rare,,SpongeBob SquarePants,7,1,2025-12-20T00:00:00Z
2026-09-04,v2:/cdac5009805f62c717b6d38c6719b8f6f900bac1350fea135bd6cc8d5a00f534,"[VIRTUAL]1 x Medley, 1 x Aquatic Wings for -1 MtxCurrency",1200,1200,0,0.0,0,2026-09-04T00:00:00Z,2026-09-07T23:59:59.999Z,1,0,-4,EOSShop,Heatwave,193,tileGrid,Size_1_x_1,<highlight>AQUATIC WINGS</> flare out with eliminations!,0,,2,br,CID_A_455_Athena_Commando_F_SummerStride,Medley,outfit,rare,,Surf Watch,3,3,2022-07-18T12:38:54Z
2026-09-04,v2:/cdac5009805f62c717b6d38c6719b8f6f900bac1350fea135bd6cc8d5a00f534,"[VIRTUAL]1 x Medley, 1 x Aquatic Wings for -1 MtxCurrency",1200,1200,0,0.0,0,2026-09-04T00:00:00Z,2026-09-07T23:59:59.999Z,1,0,-4,EOSShop,Heatwave,193,tileGrid,Size_1_x_1,<highlight>AQUATIC WINGS</> flare out with eliminations!,0,,2,br,BID_A_044_SummerStride,Aquatic Wings,backpack,rare,,Surf Watch,3,3,2022-07-18T12:38:54Z
2026-09-04,v2:/051282d868250b6bd8cf3222ed35540224a0dbd2b6931f2d47a042c9d4b4b4aa,[VIRTUAL]1 x Harley's Boogie Bat for 500 MtxCurrency,500,500,0,0.0,0,2026-08-31T00:00:00Z,2026-09-06T23:59:59.999Z,1,0,-4,SummerBatman,Hot Bat Summer,192,tileGrid,Size_1_x_1,,0,,1,br,Pickaxe_HumorShale,Harley's Boogie Bat,pickaxe,dc,DC SERIES,Gotham City Summer,7,3,2026-07-16T08:00:00Z
2026-09-04,v2:/04fa16f7301172f8e0484a08737c1c99a8ef70dc9c4ce696ca4147859e0d2003,"[VIRTUAL]1 x K-BLUB Special, 1 x K-BLUB Special, 1 x K-BLUB Special for 800 MtxCurrency",800,800,0,0.0,0,2026-09-04T00:00:00Z,2026-09-07T23:59:59.999Z,1,0,-4,SummerIceSpiceSpongebob,SpongeBob SquarePants,194,tileGrid,Size_1_x_1,,0,,3,br,Backpack_GainSneeze_Mic,K-BLUB Special,backpack,rare,,SpongeBob SquarePants,7,3,2026-07-23T14:00:30Z
2026-09-04,v2:/04fa16f7301172f8e0484a08737c1c99a8ef70dc9c4ce696ca4147859e0d2003,"[VIRTUAL]1 x K-BLUB Special, 1 x K-BLUB Special, 1 x K-BLUB Special for 800 MtxCurrency",800,800,0,0.0,0,2026-09-04T00:00:00Z,2026-09-07T23:59:59.999Z,1,0,-4,SummerIceSpiceSpongebob,SpongeBob SquarePants,194,tileGrid,Size_1_x_1,,0,,3,br,Pickaxe_GainSneeze_Mic,K-BLUB Special,pickaxe,rare,,SpongeBob SquarePants,7,3,2026-07-23T14:00:30Z
2026-09-04,v2:/04fa16f7301172f8e0484a08737c1c99a8ef70dc9c4ce696ca4147859e0d2003,"[VIRTUAL]1 x K-BLUB Special, 1 x K-BLUB Special, 1 x K-BLUB Special for 800 MtxCurrency",800,800,0,0.0,0,2026-09-04T00:00:00Z,2026-09-07T23:59:59.999Z,1,0,-4,SummerIceSpiceSpongebob,SpongeBob SquarePants,194,tileGrid,Size_1_x_1,,0,,3,instrument,Sparks_GainSneeze_Mic,K-BLUB Special,mic,common,,,,,2026-07-23T14:00:30Z
2026-09-04,v2:/d69b22a8f29f0b1c803017744fa692b6bb2b23642edd8ae82260015b35790b62,[VIRTUAL]1 x Clash for 800 MtxCurrency,800,800,0,0.0,0,2026-09-04T00:00:00Z,2026-09-04T23:59:59.999Z,1,0,-1,BR090426,Full Flex,186,tileGrid,Size_1_x_1,,0,,1,br,CID_663_Athena_Commando_F_Frogman,Clash,outfit,uncommon,,Beacons,2,1,2020-01-15T09:35:51Z
2026-09-04,v2:/c1404566d00fb432f8be320d0f5844d3191ae829c82bf109a36225cc8e153f9d,[VIRTUAL]1 x Rumi's Sain-Geom for 500 MtxCurrency,500,500,0,0.0,0,2026-09-02T00:00:00Z,2026-09-06T23:59:59.999Z,1,0,-1,KPop1,KPop Demon Hunters,185,tileGrid,Size_1_x_1,,0,,1,br,Pickaxe_LoanFloat,Rumi's Sain-Geom,pickaxe,icon,Icon Series,KPop Demon Hunters,6,5,2025-10-02T08:00:00Z
2026-09-04,v2:/7da1e9a1762c293b9755954933b81a6a90863b24d9d04aabc1c70ff3faf59356,"[VIRTUAL]1 x Kai Cenat, 1 x Air Jordan 4 Retro OG 'Bred' for -1 MtxCurrency",1800,1800,0,0.0,0,2026-09-01T00:00:00Z,2026-09-04T23:59:59.999Z,1,0,-3,KaiCenatBundle,Kai Cenat,173,tileGrid,Size_1_x_1,,1,Kai Cenat,2,br,Character_EssayViewMyth,Kai Cenat,outfit,icon,Icon Series,Kai Cenat,6,5,2025-09-10T15:10:30Z
2026-09-04,v2:/7da1e9a1762c293b9755954933b81a6a90863b24d9d04aabc1c70ff3faf59356,"[VIRTUAL]1 x Kai Cenat, 1 x Air Jordan 4 Retro OG 'Bred' for -1 MtxCurrency",1800,1800,0,0.0,0,2026-09-01T00:00:00Z,2026-09-04T23:59:59.999Z,1,0,-3,KaiCenatBundle,Kai Cenat,173,tileGrid,Size_1_x_1,,1,Kai Cenat,2,br,Shoes_BalletChockOstrich,Air Jordan 4 Retro OG 'Bred',shoe,uncommon,,Jordan Shoes,6,5,2025-09-10T11:24:45Z
2026-09-04,v2:/b9237d9cd7c00cc7660ffb5e48fbb7ad55a0bc4989eafbb69a093865efb9295f,[VIRTUAL]1 x Crocs Classic Clog SpongeBob 'Patrick' for 1000 MtxCurrency,1000,1000,0,0.0,0,2026-09-04T00:00:00Z,2026-09-07T23:59:59.999Z,1,0,-1,SummerIceSpiceSpongebob,SpongeBob SquarePants,194,tileGrid,Size_1_x_1,,0,,1,br,Shoes_NiftyGrateBoil,Crocs Classic Clog SpongeBob 'Patrick',shoe,uncommon,,Crocs Shoes,7,1,2025-12-20T00:00:00Z
2026-09-04,v2:/a061e9619bb69442be67b956323f237c712e865b19e31dbbbe65e4ba9d573098,"[VIRTUAL]1 x The Batman Who Laughs, 1 x Robin's Perch, 1 x Death Metal Scythe, 1 x Wings of Madness for -1 MtxCurrency",3100,2200,900,0.2903,1,2026-09-04T00:00:00Z,2026-09-08T23:59:59.999Z,1,0,-1,DeathstrokemanLaugh,DC,191,tileGrid,Size_1_x_1,,1,The Batman Who Laughs Bundle,4,br,CID_A_219_Athena_Commando_M_Giggle_C2UK0,The Batman Who Laughs,outfit,dc,DC SERIES,Dark Multiverse,2,8,2021-10-22T16:37:22Z
2026-09-04,v2:/a061e9619bb69442be67b956323f237c712e865b19e31dbbbe65e4ba9d573098,"[VIRTUAL]1 x The Batman Who Laughs, 1 x Robin's Perch, 1 x Death Metal Scythe, 1 x Wings of Madness for -1 MtxCurrency",3100,2200,900,0.2903,1,2026-09-04T00:00:00Z,2026-09-08T23:59:59.999Z,1,0,-1,DeathstrokemanLaugh,DC,191,tileGrid,Size_1_x_1,,1,The Batman Who Laughs Bundle,4,br,BID_872_Giggle_LN5LR,Robin's Perch,backpack,dc,DC SERIES,Dark Multiverse,2,8,2021-10-22T16:37:22Z
2026-09-04,v2:/a061e9619bb69442be67b956323f237c712e865b19e31dbbbe65e4ba9d573098,"[VIRTUAL]1 x The Batman Who Laughs, 1 x Robin's Perch, 1 x Death Metal Scythe, 1 x Wings of Madness for -1 MtxCurrency",3100,2200,900,0.2903,1,2026-09-04T00:00:00Z,2026-09-08T23:59:59.999Z,1,0,-1,DeathstrokemanLaugh,DC,191,tileGrid,Size_1_x_1,,1,The Batman Who Laughs Bundle,4,br,Pickaxe_ID_687_GiggleMale_YCQ4S,Death Metal Scythe,pickaxe,dc,DC SERIES,Dark Multiverse,2,8,2021-10-22T16:37:22Z
2026-09-04,v2:/a061e9619bb69442be67b956323f237c712e865b19e31dbbbe65e4ba9d573098,"[VIRTUAL]1 x The Batman Who Laughs, 1 x Robin's Perch, 1 x Death Metal Scythe, 1 x Wings of Madness for -1 MtxCurrency",3100,2200,900,0.2903,1,2026-09-04T00:00:00Z,2026-09-08T23:59:59.999Z,1,0,-1,DeathstrokemanLaugh,DC,191,tileGrid,Size_1_x_1,,1,The Batman Who Laughs Bundle,4,br,Glider_ID_323_GiggleMale_XADT7,Wings of Madness,glider,dc,DC SERIES,Dark Multiverse,2,8,2021-10-22T16:37:22Z
2026-09-04,v2:/e2ec114f2f1555d459e2ead2d2e5e85c0af4982b3bc12ba06b9065df839c89be,"[VIRTUAL]1 x SpongeBob SquarePants, 1 x SpongeBob Slippies, 1 x Gary Slippies, 1 x Jellyfish Jam, 1 x Lil' Big Jellyfish, 1 x DoodleBob, 1 x The Golden Spatula, 1 x Goofy Goober, 1 x Bikini Bottom Kit, 1 x Goofy Goober, 1 x Bikini Bottom Kit, 1 x Goofy Goober, 1 x Bikini Bottom Kit, 1 x TBD (SID_Placeholder_710) for -1 MtxCurrency",7800,3000,4800,0.6154,1,2026-09-04T00:00:00Z,2026-09-07T23:59:59.999Z,1,0,-1,SummerIceSpiceSpongebob,SpongeBob SquarePants,194,tileGrid,Size_2_x_1,,1,SpongeBob SquarePants Bundle,14,br,Companion_WittyStork,SpongeBob SquarePants,sidekick,uncommon,,SpongeBob SquarePants,7,1,2025-12-20T00:00:00Z
2026-09-04,v2:/e2ec114f2f1555d459e2ead2d2e5e85c0af4982b3bc12ba06b9065df839c89be,"[VIRTUAL]1 x SpongeBob SquarePants, 1 x SpongeBob Slippies, 1 x Gary Slippies, 1 x Jellyfish Jam, 1 x Lil' Big Jellyfish, 1 x DoodleBob, 1 x The Golden Spatula, 1 x Goofy Goober, 1 x Bikini Bottom Kit, 1 x Goofy Goober, 1 x Bikini Bottom Kit, 1 x Goofy Goober, 1 x Bikini Bottom Kit, 1 x TBD (SID_Placeholder_710) for -1 MtxCurrency",7800,3000,4800,0.6154,1,2026-09-04T00:00:00Z,2026-09-07T23:59:59.999Z,1,0,-1,SummerIceSpiceSpongebob,SpongeBob SquarePants,194,tileGrid,Size_2_x_1,,1,SpongeBob SquarePants Bundle,14,br,Shoes_OrganBedCrochet,SpongeBob Slippies,shoe,uncommon,,SpongeBob SquarePants,7,1,2025-12-20T00:00:00Z
2026-09-04,v2:/e2ec114f2f1555d459e2ead2d2e5e85c0af4982b3bc12ba06b9065df839c89be,"[VIRTUAL]1 x SpongeBob SquarePants, 1 x SpongeBob Slippies, 1 x Gary Slippies, 1 x Jellyfish Jam, 1 x Lil' Big Jellyfish, 1 x DoodleBob, 1 x The Golden Spatula, 1 x Goofy Goober, 1 x Bikini Bottom Kit, 1 x Goofy Goober, 1 x Bikini Bottom Kit, 1 x Goofy Goober, 1 x Bikini Bottom Kit, 1 x TBD (SID_Placeholder_710) for -1 MtxCurrency",7800,3000,4800,0.6154,1,2026-09-04T00:00:00Z,2026-09-07T23:59:59.999Z,1,0,-1,SummerIceSpiceSpongebob,SpongeBob SquarePants,194,tileGrid,Size_2_x_1,,1,SpongeBob SquarePants Bundle,14,br,Shoes_OrganBedHook,Gary Slippies,shoe,uncommon,,SpongeBob SquarePants,7,1,2025-12-20T00:00:00Z
2026-09-04,v2:/e2ec114f2f1555d459e2ead2d2e5e85c0af4982b3bc12ba06b9065df839c89be,"[VIRTUAL]1 x SpongeBob SquarePants, 1 x SpongeBob Slippies, 1 x Gary Slippies, 1 x Jellyfish Jam, 1 x Lil' Big Jellyfish, 1 x DoodleBob, 1 x The Golden Spatula, 1 x Goofy Goober, 1 x Bikini Bottom Kit, 1 x Goofy Goober, 1 x Bikini Bottom Kit, 1 x Goofy Goober, 1 x Bikini Bottom Kit, 1 x TBD (SID_Placeholder_710) for -1 MtxCurrency",7800,3000,4800,0.6154,1,2026-09-04T00:00:00Z,2026-09-07T23:59:59.999Z,1,0,-1,SummerIceSpiceSpongebob,SpongeBob SquarePants,194,tileGrid,Size_2_x_1,,1,SpongeBob SquarePants Bundle,14,br,EID_CountyFrog,Jellyfish Jam,emote,uncommon,,SpongeBob SquarePants,7,1,2025-12-20T00:00:00Z
2026-09-04,v2:/e2ec114f2f1555d459e2ead2d2e5e85c0af4982b3bc12ba06b9065df839c89be,"[VIRTUAL]1 x SpongeBob SquarePants, 1 x SpongeBob Slippies, 1 x Gary Slippies, 1 x Jellyfish Jam, 1 x Lil' Big Jellyfish, 1 x DoodleBob, 1 x The Golden Spatula, 1 x Goofy Goober, 1 x Bikini Bottom Kit, 1 x Goofy Goober, 1 x Bikini Bottom Kit, 1 x Goofy Goober, 1 x Bikini Bottom Kit, 1 x TBD (SID_Placeholder_710) for -1 MtxCurrency",7800,3000,4800,0.6154,1,2026-09-04T00:00:00Z,2026-09-07T23:59:59.999Z,1,0,-1,SummerIceSpiceSpongebob,SpongeBob SquarePants,194,tileGrid,Size_2_x_1,,1,SpongeBob SquarePants Bundle,14,br,EID_CountyFrog_Loaf,Lil' Big Jellyfish,emote,uncommon,,SpongeBob SquarePants,7,1,2025-12-20T00:00:00Z
2026-09-04,v2:/e2ec114f2f1555d459e2ead2d2e5e85c0af4982b3bc12ba06b9065df839c89be,"[VIRTUAL]1 x SpongeBob SquarePants, 1 x SpongeBob Slippies, 1 x Gary Slippies, 1 x Jellyfish Jam, 1 x Lil' Big Jellyfish, 1 x DoodleBob, 1 x The Golden Spatula, 1 x Goofy Goober, 1 x Bikini Bottom Kit, 1 x Goofy Goober, 1 x Bikini Bottom Kit, 1 x Goofy Goober, 1 x Bikini Bottom Kit, 1 x TBD (SID_Placeholder_710) for -1 MtxCurrency",7800,3000,4800,0.6154,1,2026-09-04T00:00:00Z,2026-09-07T23:59:59.999Z,1,0,-1,SummerIceSpiceSpongebob,SpongeBob SquarePants,194,tileGrid,Size_2_x_1,,1,SpongeBob SquarePants Bundle,14,br,Backpack_CountyFrog,DoodleBob,backpack,rare,,SpongeBob SquarePants,7,1,2025-12-20T00:00:00Z
2026-09-04,v2:/e2ec114f2f1555d459e2ead2d2e5e85c0af4982b3bc12ba06b9065df839c89be,"[VIRTUAL]1 x SpongeBob SquarePants, 1 x SpongeBob Slippies, 1 x Gary Slippies, 1 x Jellyfish Jam, 1 x Lil' Big Jellyfish, 1 x DoodleBob, 1 x The Golden Spatula, 1 x Goofy Goober, 1 x Bikini Bottom Kit, 1 x Goofy Goober, 1 x Bikini Bottom Kit, 1 x Goofy Goober, 1 x Bikini Bottom Kit, 1 x TBD (SID_Placeholder_710) for -1 MtxCurrency",7800,3000,4800,0.6154,1,2026-09-04T00:00:00Z,2026-09-07T23:59:59.999Z,1,0,-1,SummerIceSpiceSpongebob,SpongeBob SquarePants,194,tileGrid,Size_2_x_1,,1,SpongeBob SquarePants Bundle,14,br,Pickaxe_CountyFrog,The Golden Spatula,pickaxe,rare,,SpongeBob SquarePants,7,1,2025-12-20T00:00:00Z
2026-09-04,v2:/e2ec114f2f1555d459e2ead2d2e5e85c0af4982b3bc12ba06b9065df839c89be,"[VIRTUAL]1 x SpongeBob SquarePants, 1 x SpongeBob Slippies, 1 x Gary Slippies, 1 x Jellyfish Jam, 1 x Lil' Big Jellyfish, 1 x DoodleBob, 1 x The Golden Spatula, 1 x Goofy Goober, 1 x Bikini Bottom Kit, 1 x Goofy Goober, 1 x Bikini Bottom Kit, 1 x Goofy Goober, 1 x Bikini Bottom Kit, 1 x TBD (SID_Placeholder_710) for -1 MtxCurrency",7800,3000,4800,0.6154,1,2026-09-04T00:00:00Z,2026-09-07T23:59:59.999Z,1,0,-1,SummerIceSpiceSpongebob,SpongeBob SquarePants,194,tileGrid,Size_2_x_1,,1,SpongeBob SquarePants Bundle,14,br,Backpack_CountyFrog_Guitar,Goofy Goober,backpack,rare,,SpongeBob SquarePants,7,1,2025-12-20T00:00:00Z
2026-09-04,v2:/e2ec114f2f1555d459e2ead2d2e5e85c0af4982b3bc12ba06b9065df839c89be,"[VIRTUAL]1 x SpongeBob SquarePants, 1 x SpongeBob Slippies, 1 x Gary Slippies, 1 x Jellyfish Jam, 1 x Lil' Big Jellyfish, 1 x DoodleBob, 1 x The Golden Spatula, 1 x Goofy Goober, 1 x Bikini Bottom Kit, 1 x Goofy Goober, 1 x Bikini Bottom Kit, 1 x Goofy Goober, 1 x Bikini Bottom Kit, 1 x TBD (SID_Placeholder_710) for -1 MtxCurrency",7800,3000,4800,0.6154,1,2026-09-04T00:00:00Z,2026-09-07T23:59:59.999Z,1,0,-1,SummerIceSpiceSpongebob,SpongeBob SquarePants,194,tileGrid,Size_2_x_1,,1,SpongeBob SquarePants Bundle,14,br,Backpack_CountyFrog_DrumStick,Bikini Bottom Kit,backpack,rare,,SpongeBob SquarePants,7,1,2025-12-20T00:00:00Z
2026-09-04,v2:/e2ec114f2f1555d459e2ead2d2e5e85c0af4982b3bc12ba06b9065df839c89be,"[VIRTUAL]1 x SpongeBob SquarePants, 1 x SpongeBob Slippies, 1 x Gary Slippies, 1 x Jellyfish Jam, 1 x Lil' Big Jellyfish, 1 x DoodleBob, 1 x The Golden Spatula, 1 x Goofy Goober, 1 x Bikini Bottom Kit, 1 x Goofy Goober, 1 x Bikini Bottom Kit, 1 x Goofy Goober, 1 x Bikini Bottom Kit, 1 x TBD (SID_Placeholder_710) for -1 MtxCurrency",7800,3000,4800,0.6154,1,2026-09-04T00:00:00Z,2026-09-07T23:59:59.999Z,1,0,-1,SummerIceSpiceSpongebob,SpongeBob SquarePants,194,tileGrid,Size_2_x_1,,1,SpongeBob SquarePants Bundle,14,br,Pickaxe_CountyFrog_Guitar,Goofy Goober,pickaxe,rare,,SpongeBob SquarePants,7,1,2025-12-20T00:00:00Z
2026-09-04,v2:/e2ec114f2f1555d459e2ead2d2e5e85c0af4982b3bc12ba06b9065df839c89be,"[VIRTUAL]1 x SpongeBob SquarePants, 1 x SpongeBob Slippies, 1 x Gary Slippies, 1 x Jellyfish Jam, 1 x Lil' Big Jellyfish, 1 x DoodleBob, 1 x The Golden Spatula, 1 x Goofy Goober, 1 x Bikini Bottom Kit, 1 x Goofy Goober, 1 x Bikini Bottom Kit, 1 x Goofy Goober, 1 x Bikini Bottom Kit, 1 x TBD (SID_Placeholder_710) for -1 MtxCurrency",7800,3000,4800,0.6154,1,2026-09-04T00:00:00Z,2026-09-07T23:59:59.999Z,1,0,-1,SummerIceSpiceSpongebob,SpongeBob SquarePants,194,tileGrid,Size_2_x_1,,1,SpongeBob SquarePants Bundle,14,br,Pickaxe_CountyFrog_DrumStick,Bikini Bottom Kit,pickaxe,rare,,SpongeBob SquarePants,7,1,2025-12-20T00:00:00Z
2026-09-04,v2:/e2ec114f2f1555d459e2ead2d2e5e85c0af4982b3bc12ba06b9065df839c89be,"[VIRTUAL]1 x SpongeBob SquarePants, 1 x SpongeBob Slippies, 1 x Gary Slippies, 1 x Jellyfish Jam, 1 x Lil' Big Jellyfish, 1 x DoodleBob, 1 x The Golden Spatula, 1 x Goofy Goober, 1 x Bikini Bottom Kit, 1 x Goofy Goober, 1 x Bikini Bottom Kit, 1 x Goofy Goober, 1 x Bikini Bottom Kit, 1 x TBD (SID_Placeholder_710) for -1 MtxCurrency",7800,3000,4800,0.6154,1,2026-09-04T00:00:00Z,2026-09-07T23:59:59.999Z,1,0,-1,SummerIceSpiceSpongebob,SpongeBob SquarePants,194,tileGrid,Size_2_x_1,,1,SpongeBob SquarePants Bundle,14,track,sid_placeholder_710,Sweet Victory,,,,,,,2025-12-19T18:25:09Z
2026-09-04,v2:/e2ec114f2f1555d459e2ead2d2e5e85c0af4982b3bc12ba06b9065df839c89be,"[VIRTUAL]1 x SpongeBob SquarePants, 1 x SpongeBob Slippies, 1 x Gary Slippies, 1 x Jellyfish Jam, 1 x Lil' Big Jellyfish, 1 x DoodleBob, 1 x The Golden Spatula, 1 x Goofy Goober, 1 x Bikini Bottom Kit, 1 x Goofy Goober, 1 x Bikini Bottom Kit, 1 x Goofy Goober, 1 x Bikini Bottom Kit, 1 x TBD (SID_Placeholder_710) for -1 MtxCurrency",7800,3000,4800,0.6154,1,2026-09-04T00:00:00Z,2026-09-07T23:59:59.999Z,1,0,-1,SummerIceSpiceSpongebob,SpongeBob SquarePants,194,tileGrid,Size_2_x_1,,1,SpongeBob SquarePants Bundle,14,instrument,Sparks_CountyFrog_Guitar,Goofy Goober,guitar,common,,,,,2025-12-20T00:00:00Z
2026-09-04,v2:/e2ec114f2f1555d459e2ead2d2e5e85c0af4982b3bc12ba06b9065df839c89be,"[VIRTUAL]1 x SpongeBob SquarePants, 1 x SpongeBob Slippies, 1 x Gary Slippies, 1 x Jellyfish Jam, 1 x Lil' Big Jellyfish, 1 x DoodleBob, 1 x The Golden Spatula, 1 x Goofy Goober, 1 x Bikini Bottom Kit, 1 x Goofy Goober, 1 x Bikini Bottom Kit, 1 x Goofy Goober, 1 x Bikini Bottom Kit, 1 x TBD (SID_Placeholder_710) for -1 MtxCurrency",7800,3000,4800,0.6154,1,2026-09-04T00:00:00Z,2026-09-07T23:59:59.999Z,1,0,-1,SummerIceSpiceSpongebob,SpongeBob SquarePants,194,tileGrid,Size_2_x_1,,1,SpongeBob SquarePants Bundle,14,instrument,Sparks_CountyFrog_DrumKit,Bikini Bottom Kit,drum,common,,,,,2025-12-20T00:00:00Z
2026-09-04,v2:/d93fbede6864926e4770d7e781a68cfc787f0677a5f32ec5f71fc5d81c77049e,"[VIRTUAL]1 x Summer Snapper, 1 x Carnation of Carnage for 800 MtxCurrency",800,800,0,0.0,0,2026-08-31T00:00:00Z,2026-09-06T23:59:59.999Z,1,0,-1,SummerBatman,Hot Bat Summer,192,tileGrid,Size_2_x_1,,0,,2,br,Backpack_CrimpPerfume,Summer Snapper,backpack,dc,DC SERIES,Gotham City Summer,7,3,2026-07-16T08:00:00Z
2026-09-04,v2:/d93fbede6864926e4770d7e781a68cfc787f0677a5f32ec5f71fc5d81c77049e,"[VIRTUAL]1 x Summer Snapper, 1 x Carnation of Carnage for 800 MtxCurrency",800,800,0,0.0,0,2026-08-31T00:00:00Z,2026-09-06T23:59:59.999Z,1,0,-1,SummerBatman,Hot Bat Summer,192,tileGrid,Size_2_x_1,,0,,2,br,Pickaxe_CrimpPerfume,Carnation of Carnage,pickaxe,dc,DC SERIES,Gotham City Summer,7,3,2026-07-16T08:00:00Z
2026-09-04,v2:/c5f15bf11f2fd6f2f1083deadbe11199cbd08ed619a4f281b542bba1fd28b3c2,[VIRTUAL]1 x Seven Nation Army for 500 MtxCurrency,500,500,0,0.0,0,2026-09-01T00:00:00Z,2026-09-17T23:59:59.999Z,1,0,-2,JT090426,Jam Tracks,180,expandableList,Size_1_x_1,,0,,1,track,sid_placeholder_36,Seven Nation Army,,,,,,,2023-12-09T15:00:00Z
2026-09-04,v2:/ab970fe3d4d3b8ab6965a6def2931d2afabc1cfcbad6835c37a00212c4a8cd39,[VIRTUAL]1 x Ain't No Rest For The Wicked for 500 MtxCurrency,500,500,0,0.0,0,2026-09-01T00:00:00Z,2026-09-17T23:59:59.999Z,1,0,-67,JT090426,Jam Tracks,180,expandableList,Size_1_x_1,,0,,1,track,sid_placeholder_296,Ain't No Rest For The Wicked,,,,,,,2024-08-09T00:00:00Z
2026-09-04,v2:/b7e39f2ed4d93809e2fc520ee1cd8327112964fcb9c9824f189eeeba90c8b68a,"[VIRTUAL]1 x Safari, 1 x Gunny Sack for -1 MtxCurrency",1200,1200,0,0.0,0,2026-09-01T00:00:00Z,2026-09-07T23:59:59.999Z,1,0,-3,NS0901,No Sweat,184,tileGrid,Size_1_x_1,,0,,2,br,CID_802_Athena_Commando_F_HeartBreaker,Safari,outfit,rare,,Wildest West,2,3,2020-06-30T06:09:08Z
2026-09-04,v2:/b7e39f2ed4d93809e2fc520ee1cd8327112964fcb9c9824f189eeeba90c8b68a,"[VIRTUAL]1 x Safari, 1 x Gunny Sack for -1 MtxCurrency",1200,1200,0,0.0,0,2026-09-01T00:00:00Z,2026-09-07T23:59:59.999Z,1,0,-3,NS0901,No Sweat,184,tileGrid,Size_1_x_1,,0,,2,br,BID_555_HeartBreaker,Gunny Sack,backpack,rare,,Wildest West,2,3,2020-06-30T06:09:08Z
2026-09-04,v2:/fcf10926083d1beed958c3d0e751fa24b32a7733058b525457624b18fb71b8ef,[VIRTUAL]1 x Mira's Ramyeon for 300 MtxCurrency,300,300,0,0.0,0,2026-09-02T00:00:00Z,2026-09-06T23:59:59.999Z,1,0,-4,KPop1,KPop Demon Hunters,185,tileGrid,Size_1_x_1,,0,,1,br,Backpack_QuailWink,Mira's Ramyeon,backpack,icon,Icon Series,KPop Demon Hunters,6,5,2025-10-02T08:00:00Z
2026-09-04,v2:/f31799d62b93eaad25dbd4ff72036b7b47468ab6a23755fef8a72c123c63c963,[VIRTUAL]1 x Six String for 400 MtxCurrency,400,400,0,0.0,0,2026-09-01T00:00:00Z,2026-09-07T23:59:59.999Z,1,0,-2,,,,,Size_1_x_1,,0,,1,br,BID_034_RockerPunk,Six String,backpack,legendary,,Volume 11,1,3,2019-11-20T12:50:41Z
2026-09-04,v2:/f0159fb7f5e70f14b1fac143026ef787e897c3d9ea09e64e1ce507deb88ff673,[VIRTUAL]1 x TBD (SID_Placeholder_299) for 500 MtxCurrency,500,500,0,0.0,0,2026-09-01T00:00:00Z,2026-09-17T23:59:59.999Z,1,0,-37,JT090426,Jam Tracks,180,expandableList,Size_1_x_1,,0,,1,track,sid_placeholder_299,I Write Sins Not Tragedies,,,,,,,2025-01-23T15:05:07Z
2026-09-04,v2:/51799bd08c583c683cc5e0315c8e084ed2ddfd6f06438159892096560ab9b177,[VIRTUAL]1 x 24K Magic for 500 MtxCurrency,500,500,0,0.0,0,2026-09-01T00:00:00Z,2026-09-17T23:59:59.999Z,1,0,-78,JT090426,Jam Tracks,180,expandableList,Size_1_x_1,,0,,1,track,sid_placeholder_70,24K Magic,,,,,,,2024-06-28T00:00:00Z
2026-09-04,v2:/4270c57f4ca4ec3470e77016a2141500ee8255f6c730ca1c111790b2317157af,[VIRTUAL]1 x Champion's Bolt for 500 MtxCurrency,500,500,0,0.0,0,2026-09-04T00:00:00Z,2026-09-06T23:59:59.999Z,1,0,-3,ChampionCrystal,FNCS,190,tileGrid,Size_1_x_1,,0,,1,br,Wrap_RowdyDevil,Champion's Bolt,wrap,uncommon,,FNCS,6,4,2025-07-15T08:18:07Z
2026-09-04,v2:/8c9c2ca6744746f0230808afa23926940ce4c431e65f5cf41ff2a906c5aa59e3,[VIRTUAL]1 x Patrick Star for 1800 MtxCurrency,1800,1800,0,0.0,0,2026-09-04T00:00:00Z,2026-09-07T23:59:59.999Z,1,0,-3,SummerIceSpiceSpongebob,SpongeBob SquarePants,194,tileGrid,Size_1_x_1,,0,,1,br,Companion_SpendPlume,Patrick Star,sidekick,uncommon,,SpongeBob SquarePants,7,3,2026-07-23T14:00:30Z
2026-09-04,v2:/80bbcf7a4497294f0c0fc0ff64cbee1ee31a7fe29f687a73d90135beefceb3f1,[VIRTUAL]1 x Heathens for 500 MtxCurrency,500,500,0,0.0,0,2026-09-01T00:00:00Z,2026-09-17T23:59:59.999Z,1,0,-70,JT090426,Jam Tracks,180,expandableList,Size_1_x_1,,0,,1,track,sid_placeholder_200,Heathens,,,,,,,2024-05-14T14:56:14Z
2026-09-04,v2:/163d8ebd6036a7537413ac85dc2ec4b68d072373258c24d1410fcfa3d4442171,[VIRTUAL]1 x Caution for 800 MtxCurrency,800,800,0,0.0,0,2026-09-04T00:00:00Z,2026-09-04T23:59:59.999Z,1,0,-3,BR090426,Full Flex,186,tileGrid,Size_1_x_1,,0,,1,br,CID_685_Athena_Commando_M_TundraYellow,Caution,outfit,uncommon,,Beacons,2,1,2020-01-15T09:35:53Z
2026-09-04,v2:/70ddb85fe4340b95d91decfb79cbc540e7024d2b36161864db6df6c05c027ff0,[VIRTUAL]1 x Socks for 500 MtxCurrency,500,500,0,0.0,0,2026-09-02T00:00:00Z,2026-09-05T23:59:59.999Z,1,0,-1,VV0904261,Pop Off,195,tileGrid,Size_1_x_1,,0,,1,br,EID_Socks_XA9HM,Socks,emote,icon,Icon Series,,2,6,2021-05-28T00:00:00Z
2026-09-04,v2:/20aa56fd4151498523106f53a11581e5b45f2af75deada214e93aa879a333de4,[VIRTUAL]1 x Crocs Baya Glitter Platform Clog 'Pearl White' for 1000 MtxCurrency,1000,1000,0,0.0,0,2026-08-31T00:00:00Z,2026-09-06T23:59:59.999Z,1,0,-1,BR090426,Full Flex,186,tileGrid,Size_1_x_1,,0,,1,br,Shoes_TroveOnyxBlast,Crocs Baya Glitter Platform Clog 'Pearl White',shoe,uncommon,,Crocs Shoes,7,1,2026-01-10T00:21:38Z
2026-09-04,v2:/21d34e03abbe493fa5d415a21617ae8923568306cc4a466e48d19ebc615b2fa1,[VIRTUAL]1 x FNCS Star Wand for 800 MtxCurrency,800,800,0,0.0,0,2026-09-04T00:00:00Z,2026-09-06T23:59:59.999Z,1,0,-1,ChampionCrystal,FNCS,190,tileGrid,Size_1_x_1,,0,,1,br,Pickaxe_StarWandFNCS,FNCS Star Wand,pickaxe,rare,,FNCS,6,4,2025-07-15T08:18:07Z
2026-09-04,v2:/f8c9bd2caa57c7f4ce17865f7cd5d0161d78ca38b154e5c133ea55329e02f62d,[VIRTUAL]1 x Bandicoot for 500 MtxCurrency,500,500,0,0.0,0,2026-08-29T00:00:00Z,2026-09-11T23:59:59.999Z,1,0,-2,CrashSpyro1,Crash Bandicoot & Spyro the Dragon,189,tileGrid,Size_1_x_1,,0,,1,br,Wrap_SpruceBark,Bandicoot,wrap,gaminglegends,Gaming Legends Series,Crash Bandicoot,7,4,2026-08-26T23:33:06Z
2026-09-04,v2:/57b34d9d98ebc7b05fed2de89214a8701f8e8f6275723cef4cbe98f627116335,[VIRTUAL]1 x Underdome Megaphone for 800 MtxCurrency,800,800,0,0.0,0,2026-08-30T00:00:00Z,2026-09-05T23:59:59.999Z,1,0,-3,LilithPsychoBandit,Borderlands,182,tileGrid,Size_1_x_1,,0,,1,br,Pickaxe_GiraffeScallion,Underdome Megaphone,pickaxe,gaminglegends,Gaming Legends Series,Mayhem,6,4,2025-07-29T15:40:48Z
2026-09-04,v2:/8336fc26e92d89a1c946d7598c63c3c3bb395b3ed98de96aafadbfec89f4440a,[VIRTUAL]1 x Unsainted for 500 MtxCurrency,500,500,0,0.0,0,2026-09-01T00:00:00Z,2026-09-17T23:59:59.999Z,1,0,-63,JT090426,Jam Tracks,180,expandableList,Size_1_x_1,,0,,1,track,sid_placeholder_266,Unsainted,,,,,,,2024-07-26T00:00:00Z
2026-09-04,v2:/04fa8ddac4ba5fc7930aa0c90a453f75baa3d4f875afdb0b5d30be2fa294b338,"[VIRTUAL]1 x Mercedes-Benz 190E Evo II, 1 x Matte Black, 1 x Time Trial, 1 x Buffy-Sugo Track, 1 x Llama Lap, 1 x Mercedes-Benz 190E Evo II, 1 x Mercedes-Benz 190E Evo II Redux for -1 MtxCurrency",2400,2400,0,0.0,0,2026-08-26T00:00:00Z,2026-09-04T23:59:59.999Z,1,0,-1,Mercedes190E-2,Mercedes-Benz 190E Evo II,177,tileGrid,Size_3_x_1,,1,Mercedes-Benz 190E Evo II,7,car,CarBody_TrackSpice,Mercedes 190E Evo II,body,uncommon,,,,,2026-08-24T13:00:27Z
2026-09-04,v2:/04fa8ddac4ba5fc7930aa0c90a453f75baa3d4f875afdb0b5d30be2fa294b338,"[VIRTUAL]1 x Mercedes-Benz 190E Evo II, 1 x Matte Black, 1 x Time Trial, 1 x Buffy-Sugo Track, 1 x Llama Lap, 1 x Mercedes-Benz 190E Evo II, 1 x Mercedes-Benz 190E Evo II Redux for -1 MtxCurrency",2400,2400,0,0.0,0,2026-08-26T00:00:00Z,2026-09-04T23:59:59.999Z,1,0,-1,Mercedes190E-2,Mercedes-Benz 190E Evo II,177,tileGrid,Size_3_x_1,,1,Mercedes-Benz 190E Evo II,7,car,CarSkin_TrackSpice01,Matte Black,skin,common,,,,,2026-08-24T13:00:27Z
2026-09-04,v2:/04fa8ddac4ba5fc7930aa0c90a453f75baa3d4f875afdb0b5d30be2fa294b338,"[VIRTUAL]1 x Mercedes-Benz 190E Evo II, 1 x Matte Black, 1 x Time Trial, 1 x Buffy-Sugo Track, 1 x Llama Lap, 1 x Mercedes-Benz 190E Evo II, 1 x Mercedes-Benz 190E Evo II Redux for -1 MtxCurrency",2400,2400,0,0.0,0,2026-08-26T00:00:00Z,2026-09-04T23:59:59.999Z,1,0,-1,Mercedes190E-2,Mercedes-Benz 190E Evo II,177,tileGrid,Size_3_x_1,,1,Mercedes-Benz 190E Evo II,7,car,CarSkin_TrackSpice02,Time Trial,skin,common,,,,,2026-08-24T13:00:27Z
2026-09-04,v2:/04fa8ddac4ba5fc7930aa0c90a453f75baa3d4f875afdb0b5d30be2fa294b338,"[VIRTUAL]1 x Mercedes-Benz 190E Evo II, 1 x Matte Black, 1 x Time Trial, 1 x Buffy-Sugo Track, 1 x Llama Lap, 1 x Mercedes-Benz 190E Evo II, 1 x Mercedes-Benz 190E Evo II Redux for -1 MtxCurrency",2400,2400,0,0.0,0,2026-08-26T00:00:00Z,2026-09-04T23:59:59.999Z,1,0,-1,Mercedes190E-2,Mercedes-Benz 190E Evo II,177,tileGrid,Size_3_x_1,,1,Mercedes-Benz 190E Evo II,7,car,CarSkin_TrackSpice03,Buffy-Sugo Track,skin,common,,,,,2026-08-24T13:00:27Z
2026-09-04,v2:/04fa8ddac4ba5fc7930aa0c90a453f75baa3d4f875afdb0b5d30be2fa294b338,"[VIRTUAL]1 x Mercedes-Benz 190E Evo II, 1 x Matte Black, 1 x Time Trial, 1 x Buffy-Sugo Track, 1 x Llama Lap, 1 x Mercedes-Benz 190E Evo II, 1 x Mercedes-Benz 190E Evo II Redux for -1 MtxCurrency",2400,2400,0,0.0,0,2026-08-26T00:00:00Z,2026-09-04T23:59:59.999Z,1,0,-1,Mercedes190E-2,Mercedes-Benz 190E Evo II,177,tileGrid,Size_3_x_1,,1,Mercedes-Benz 190E Evo II,7,car,CarSkin_TrackSpice04,Llama Lap,skin,common,,,,,2026-08-24T13:00:27Z
2026-09-04,v2:/04fa8ddac4ba5fc7930aa0c90a453f75baa3d4f875afdb0b5d30be2fa294b338,"[VIRTUAL]1 x Mercedes-Benz 190E Evo II, 1 x Matte Black, 1 x Time Trial, 1 x Buffy-Sugo Track, 1 x Llama Lap, 1 x Mercedes-Benz 190E Evo II, 1 x Mercedes-Benz 190E Evo II Redux for -1 MtxCurrency",2400,2400,0,0.0,0,2026-08-26T00:00:00Z,2026-09-04T23:59:59.999Z,1,0,-1,Mercedes190E-2,Mercedes-Benz 190E Evo II,177,tileGrid,Size_3_x_1,,1,Mercedes-Benz 190E Evo II,7,car,Wheel_TrackSpice01,Mercedes-Benz 190E Evo II,wheel,uncommon,,,,,2026-08-24T13:00:27Z
2026-09-04,v2:/04fa8ddac4ba5fc7930aa0c90a453f75baa3d4f875afdb0b5d30be2fa294b338,"[VIRTUAL]1 x Mercedes-Benz 190E Evo II, 1 x Matte Black, 1 x Time Trial, 1 x Buffy-Sugo Track, 1 x Llama Lap, 1 x Mercedes-Benz 190E Evo II, 1 x Mercedes-Benz 190E Evo II Redux for -1 MtxCurrency",2400,2400,0,0.0,0,2026-08-26T00:00:00Z,2026-09-04T23:59:59.999Z,1,0,-1,Mercedes190E-2,Mercedes-Benz 190E Evo II,177,tileGrid,Size_3_x_1,,1,Mercedes-Benz 190E Evo II,7,car,Wheel_TrackSpice02,Mercedes-Benz 190E Evo II Redux,wheel,uncommon,,,,,2026-08-24T13:00:27Z
2026-09-04,v2:/2227232f8573ebb3ef081f50a5dbf2a4b55b51653da9ab10db154558673749e0,[VIRTUAL]1 x Scimitar for 1200 MtxCurrency,1200,1200,0,0.0,0,2026-09-04T00:00:00Z,2026-09-06T23:59:59.999Z,1,0,-4,BR090426,Full Flex,186,tileGrid,Size_1_x_1,,0,,1,br,CID_421_Athena_Commando_M_MaskedWarrior,Scimitar,outfit,rare,,Immortal Sands,1,9,2019-11-20T12:49:59Z
2026-09-04,v2:/3f7c3e35eb1cceb60aa41bfdb1a2bf0cc3198c9de0bcce3e91ead735e06af5b5,"[VIRTUAL]1 x John Rambo, 1 x Rambo's Quiver, 1 x Gunship, 1 x Rambo's Combat Knife, 1 x Prepare for Battle, 1 x Rambo's War for -1 MtxCurrency",3800,2200,1600,0.4211,1,2026-09-01T00:00:00Z,2026-09-05T23:59:59.999Z,1,0,-2,Rambo,Rambo,183,tileGrid,Size_3_x_1,,1,Rambo Bundle,6,br,Character_RaisinHunt_Rag,John Rambo,outfit,epic,,Rambo,7,3,2026-06-18T13:01:07Z
2026-09-04,v2:/3f7c3e35eb1cceb60aa41bfdb1a2bf0cc3198c9de0bcce3e91ead735e06af5b5,"[VIRTUAL]1 x John Rambo, 1 x Rambo's Quiver, 1 x Gunship, 1 x Rambo's Combat Knife, 1 x Prepare for Battle, 1 x Rambo's War for -1 MtxCurrency",3800,2200,1600,0.4211,1,2026-09-01T00:00:00Z,2026-09-05T23:59:59.999Z,1,0,-2,Rambo,Rambo,183,tileGrid,Size_3_x_1,,1,Rambo Bundle,6,br,Backpack_RaisinHunt_Rag,Rambo's Quiver,backpack,rare,,Rambo,7,3,2026-06-18T13:01:07Z
2026-09-04,v2:/3f7c3e35eb1cceb60aa41bfdb1a2bf0cc3198c9de0bcce3e91ead735e06af5b5,"[VIRTUAL]1 x John Rambo, 1 x Rambo's Quiver, 1 x Gunship, 1 x Rambo's Combat Knife, 1 x Prepare for Battle, 1 x Rambo's War for -1 MtxCurrency",3800,2200,1600,0.4211,1,2026-09-01T00:00:00Z,2026-09-05T23:59:59.999Z,1,0,-2,Rambo,Rambo,183,tileGrid,Size_3_x_1,,1,Rambo Bundle,6,br,Glider_RaisinHunt_Rag,Gunship,glider,epic,,Rambo,7,3,2026-06-18T13:01:07Z
2026-09-04,v2:/3f7c3e35eb1cceb60aa41bfdb1a2bf0cc3198c9de0bcce3e91ead735e06af5b5,"[VIRTUAL]1 x John Rambo, 1 x Rambo's Quiver, 1 x Gunship, 1 x Rambo's Combat Knife, 1 x Prepare for Battle, 1 x Rambo's War for -1 MtxCurrency",3800,2200,1600,0.4211,1,2026-09-01T00:00:00Z,2026-09-05T23:59:59.999Z,1,0,-2,Rambo,Rambo,183,tileGrid,Size_3_x_1,,1,Rambo Bundle,6,br,Pickaxe_RaisinHunt_Rag,Rambo's Combat Knife,pickaxe,rare,,Rambo,7,3,2026-06-18T13:01:07Z
2026-09-04,v2:/3f7c3e35eb1cceb60aa41bfdb1a2bf0cc3198c9de0bcce3e91ead735e06af5b5,"[VIRTUAL]1 x John Rambo, 1 x Rambo's Quiver, 1 x Gunship, 1 x Rambo's Combat Knife, 1 x Prepare for Battle, 1 x Rambo's War for -1 MtxCurrency",3800,2200,1600,0.4211,1,2026-09-01T00:00:00Z,2026-09-05T23:59:59.999Z,1,0,-2,Rambo,Rambo,183,tileGrid,Size_3_x_1,,1,Rambo Bundle,6,br,EID_RaisinHunt,Prepare for Battle,emote,uncommon,,Rambo,7,3,2026-06-18T13:01:07Z
2026-09-04,v2:/3f7c3e35eb1cceb60aa41bfdb1a2bf0cc3198c9de0bcce3e91ead735e06af5b5,"[VIRTUAL]1 x John Rambo, 1 x Rambo's Quiver, 1 x Gunship, 1 x Rambo's Combat Knife, 1 x Prepare for Battle, 1 x Rambo's War for -1 MtxCurrency",3800,2200,1600,0.4211,1,2026-09-01T00:00:00Z,2026-09-05T23:59:59.999Z,1,0,-2,Rambo,Rambo,183,tileGrid,Size_3_x_1,,1,Rambo Bundle,6,br,Wrap_RaisinHunt,Rambo's War,wrap,rare,,Rambo,7,3,2026-06-18T13:01:07Z
2026-09-04,v2:/61b65438995ea0bc0e52f89fc0e79f70db6662e2f120b3081b6dc85c3acb8f24,[VIRTUAL]1 x SpongeBob SquarePants for 1800 MtxCurrency,1800,1800,0,0.0,0,2026-09-04T00:00:00Z,2026-09-07T23:59:59.999Z,1,0,-2,SummerIceSpiceSpongebob,SpongeBob SquarePants,194,tileGrid,Size_1_x_1,This Sidekick includes quests that unlock new items upon completion!,0,,1,br,Companion_WittyStork,SpongeBob SquarePants,sidekick,uncommon,,SpongeBob SquarePants,7,1,2025-12-20T00:00:00Z
2026-09-04,v2:/76ac446e130eb40e3dba9a3d49884a520af4331c8e8f61f74ff1351f0172326d,[VIRTUAL]1 x Give Me Everything for 500 MtxCurrency,500,500,0,0.0,0,2026-09-01T00:00:00Z,2026-09-17T23:59:59.999Z,1,0,-7,JT090426,Jam Tracks,180,expandableList,Size_1_x_1,,0,,1,track,sid_placeholder_249,Give Me Everything,,,,,,,2024-06-06T13:32:50Z
2026-09-04,v2:/8ae9ca079d3559ded4af799f766908f740993b62e8ebcb8975c6aa5869d7f220,[VIRTUAL]1 x Pyro Rocket for 800 MtxCurrency,800,800,0,0.0,0,2026-09-01T00:00:00Z,2026-09-04T23:59:59.999Z,1,0,-3,KaiCenatBundle,Kai Cenat,173,tileGrid,Size_1_x_1,,0,,1,br,Pickaxe_EssayViewPier,Pyro Rocket,pickaxe,icon,Icon Series,Kai Cenat,6,5,2025-09-10T15:10:30Z
2026-09-04,v2:/820a5ac7e8ab43e3ef4b08a0147ba3c041eef2da94779a2619c2c3df33eb24dd,[VIRTUAL]1 x All Eyez On Me for 500 MtxCurrency,500,500,0,0.0,0,2026-09-01T00:00:00Z,2026-09-17T23:59:59.999Z,1,0,-33,JT090426,Jam Tracks,180,expandableList,Size_1_x_1,,0,,1,track,sid_placeholder_419,All Eyez On Me,,,,,,,2024-11-23T00:00:00Z
2026-09-04,v2:/7029f0e1f1f175631b732fda2c099a1333110e25daa55d639c7793b1e952d4a1,[VIRTUAL]1 x Briar of the Thorn for 800 MtxCurrency,800,800,0,0.0,0,2026-08-29T00:00:00Z,2026-09-04T23:59:59.999Z,1,0,-4,FND090426,Spotlight Drops,197,tileGrid,Size_1_x_1,"While sprinting or jumping, flower petals fall from Briar's shoulders!",0,,1,br,Character_ThornedEden,Briar of the Thorn,outfit,epic,,Midnight Rose,5,4,2024-09-04T14:57:46Z
2026-09-04,v2:/51fbe20cb09937d066ca67955ba2ea9ef261d2c00abc7f3c39a33a4dab4bf69c,[VIRTUAL]1 x Wave Rider Axo for 800 MtxCurrency,800,800,0,0.0,0,2026-09-04T00:00:00Z,2026-09-07T23:59:59.999Z,1,0,-2,EOSShop,Heatwave,193,tileGrid,Size_1_x_1,,0,,1,br,Character_CaneAxl,Wave Rider Axo,outfit,epic,,,6,2,2025-02-21T12:17:00Z
2026-09-04,v2:/760f50a6602b28035291e2fb9c386b44c55a2b97da41fa4cc1cbbac3bc4e1571,"[VIRTUAL]1 x SypherPK, 1 x Oni's Curse for -1 MtxCurrency",1800,1800,0,0.0,0,2026-09-02T00:00:00Z,2026-09-04T23:59:59.999Z,1,0,-2,SypherNinja,"SypherPK, Ninja & Chica",174,tileGrid,Size_1_x_1,"With the reactive <highlight>EMPOWERED</> style, eliminations build up a demonic aura on <highlight>SYPHERPK</>! The <highlight>ONI'S CURSE</> Back Bling is reactive as well.",0,,2,br,Character_Headset,SypherPK,outfit,icon,Icon Series,SypherPK,3,4,2022-09-18T10:05:15Z
2026-09-04,v2:/760f50a6602b28035291e2fb9c386b44c55a2b97da41fa4cc1cbbac3bc4e1571,"[VIRTUAL]1 x SypherPK, 1 x Oni's Curse for -1 MtxCurrency",1800,1800,0,0.0,0,2026-09-02T00:00:00Z,2026-09-04T23:59:59.999Z,1,0,-2,SypherNinja,"SypherPK, Ninja & Chica",174,tileGrid,Size_1_x_1,"With the reactive <highlight>EMPOWERED</> style, eliminations build up a demonic aura on <highlight>SYPHERPK</>! The <highlight>ONI'S CURSE</> Back Bling is reactive as well.",0,,2,br,Backpack_Headset,Oni's Curse,backpack,icon,Icon Series,SypherPK,3,4,2022-09-18T10:05:15Z
2026-09-04,v2:/3016f62c9ac177f619b837043b5748ecbc8a9edbbab0ec9cb27dde30b7e9ff75,[VIRTUAL]1 x Liquid Regret for 300 MtxCurrency,300,300,0,0.0,0,2026-09-04T00:00:00Z,2026-09-07T23:59:59.999Z,1,0,-2,,,,,Size_1_x_1,,0,,1,br,Backpack_CarolinaChili,Liquid Regret,backpack,rare,,Well-Seasoned,5,3,2024-06-22T08:21:26Z
2026-09-04,v2:/136881d8b35940fb76224044fa0e45c4c308be75d6c43b21769baf7a1d0cdc90,[VIRTUAL]1 x American Idiot for 500 MtxCurrency,500,500,0,0.0,0,2026-09-01T00:00:00Z,2026-09-17T23:59:59.999Z,1,0,-99,JT090426,Jam Tracks,180,expandableList,Size_1_x_1,,0,,1,track,sid_placeholder_281,American Idiot,,,,,,,2024-09-20T00:00:00Z
2026-09-04,v2:/4959075ff4c13bc953c0b141ae0f18ad96defa34712c0e83dae3ec7e188bf005,[VIRTUAL]1 x Tahna for 300 MtxCurrency,300,300,0,0.0,0,2026-09-01T00:00:00Z,2026-09-07T23:59:59.999Z,1,0,-4,,,,,Size_1_x_1,,0,,1,br,BID_308_CyberKarateFemale,Tahna,backpack,rare,,Kata Tech,1,9,2019-11-20T12:50:33Z
2026-09-04,v2:/a590d061a8f22109710d0effb43f0e3c9ac036fb90c5925ff8d0b1776c024ed0,[VIRTUAL]1 x TBD (SID_Placeholder_496) for 500 MtxCurrency,500,500,0,0.0,0,2026-09-01T00:00:00Z,2026-09-17T23:59:59.999Z,1,0,-46,JT090426,Jam Tracks,180,expandableList,Size_1_x_1,,0,,1,track,sid_placeholder_496,Ain't It Fun,,,,,,,2025-03-18T15:58:31Z
2026-09-04,v2:/15107e0a23ac824a6073ae298c6b8f3475d37829b4221c2d96e6531c753c7049,[VIRTUAL]1 x Stressed Out for 500 MtxCurrency,500,500,0,0.0,0,2026-09-01T00:00:00Z,2026-09-17T23:59:59.999Z,1,0,-59,JT090426,Jam Tracks,180,expandableList,Size_1_x_1,,0,,1,track,sid_placeholder_40,Stressed Out,,,,,,,2024-05-14T14:56:14Z
2026-09-04,v2:/78b4c3e945054601b23def44543a7b105680c2156ed72b9866cfd4d20085d0f2,[VIRTUAL]1 x Dodge Viper GTS-R for 400 MtxCurrency,400,400,0,0.0,0,2026-09-01T00:00:00Z,2026-09-07T23:59:59.999Z,1,0,-1,,,,,Size_3_x_1,,0,,1,car,Wheel_FancyFlake01,Dodge Viper GTS-R,wheel,uncommon,DODGE SERIES,,,,2026-07-01T13:01:06Z
2026-09-04,v2:/12e07d3795035f2b668e669ed0f2676b4fa2413ebb6d728be350cd2ada9bd84d,[VIRTUAL]1 x Asphodel Blade for 500 MtxCurrency,500,500,0,0.0,0,2026-09-04T00:00:00Z,2026-09-05T23:59:59.999Z,1,0,-4,BR090426,Full Flex,186,tileGrid,Size_1_x_1,,0,,1,br,Pickaxe_GraveFlannel,Asphodel Blade,pickaxe,rare,,The Call of Winter,6,5,2025-10-02T12:10:53Z
2026-09-04,v2:/20ecea635c53cb36129a71c3e409ee9d77a770b5cc2a96c6cfb4571e1232692b,[VIRTUAL]1 x Flower Cloud Waves for -1 MtxCurrency,300,300,0,0.0,0,2026-09-04T00:00:00Z,2026-09-07T23:59:59.999Z,1,0,-4,SummerIceSpiceSpongebob,SpongeBob SquarePants,194,tileGrid,Size_1_x_1,,1,Flower Cloud Waves Trail,1,car,ID_DriftTrail_LionsMane01,Flower Cloud Waves,drifttrail,uncommon,,,,,2025-12-20T00:00:00Z
2026-09-04,v2:/0b43a4cc8a39bea41e9f884a4b6ffaa04207bae693f7fc5dc1ffd41af382d4ad,[VIRTUAL]1 x TBD (SID_Placeholder_784) for 500 MtxCurrency,500,500,0,0.0,0,2026-09-01T00:00:00Z,2026-09-17T23:59:59.999Z,1,0,-31,JT090426,Jam Tracks,180,expandableList,Size_1_x_1,,0,,1,track,sid_placeholder_784,Into Oblivion,,,,,,,2026-04-21T14:08:43Z
2026-09-04,v2:/82016127188d1a3f46ad6fd919c6fd46109bed0347e6d5919e4a68ff697c8340,[VIRTUAL]1 x Shortwave for 300 MtxCurrency,300,300,0,0.0,0,2026-09-04T00:00:00Z,2026-09-07T23:59:59.999Z,1,0,-1,,,,,Size_1_x_1,,0,,1,br,BID_403_JetSkiFemale,Shortwave,backpack,rare,,Aqua Marine,2,1,2019-11-20T12:51:15Z
2026-09-04,v2:/b1204fbf47e444561e11f1d56e5f6a9ee578d288217cb2fbee2bcd97411311fe,[VIRTUAL]1 x TBD (SID_Placeholder_742) for 500 MtxCurrency,500,500,0,0.0,0,2026-09-01T00:00:00Z,2026-09-17T23:59:59.999Z,1,0,-13,JT090426,Jam Tracks,180,expandableList,Size_1_x_1,,0,,1,track,sid_placeholder_742,Never Meant,,,,,,,2026-02-04T16:58:53Z
2026-09-04,v2:/f8ef61a25f19dcab3d71986e0cd0925250cc1e9437bb5b4007c7fe41c46aa438,[VIRTUAL]1 x TBD (SID_Placeholder_765) for 500 MtxCurrency,500,500,0,0.0,0,2026-09-01T00:00:00Z,2026-09-17T23:59:59.999Z,1,0,-26,JT090426,Jam Tracks,180,expandableList,Size_1_x_1,,0,,1,track,sid_placeholder_765,From the Start,,,,,,,2026-04-16T08:01:05Z
2026-09-04,v2:/61a701d67c09b3d2f391d254a92cc6c72c2d206363714d7b60b1e9173ac08f94,[VIRTUAL]1 x Air Jordan 4 Retro OG 'Bred' for 1000 MtxCurrency,1000,1000,0,0.0,0,2026-09-01T00:00:00Z,2026-09-04T23:59:59.999Z,1,0,-2,KaiCenatBundle,Kai Cenat,173,tileGrid,Size_1_x_1,,0,,1,br,Shoes_BalletChockOstrich,Air Jordan 4 Retro OG 'Bred',shoe,uncommon,,Jordan Shoes,6,5,2025-09-10T11:24:45Z
2026-09-04,v2:/a1c812fb596055cca78a9de44a6a09b30a45fe6a81f6f3a4279f1f17483670b0,[VIRTUAL]1 x Oxytocin for 500 MtxCurrency,500,500,0,0.0,0,2026-09-01T00:00:00Z,2026-09-17T23:59:59.999Z,1,0,-50,JT090426,Jam Tracks,180,expandableList,Size_1_x_1,,0,,1,track,sid_placeholder_174,Oxytocin,,,,,,,2024-04-23T08:25:19Z
2026-09-04,v2:/a137f24394617b5d09340b9cc71f4c058015b4dda01a5e9493c7e8df5efedcc8,[VIRTUAL]1 x Independence for 500 MtxCurrency,500,500,0,0.0,0,2026-09-04T00:00:00Z,2026-09-07T23:59:59.999Z,1,0,-3,VV0904261,Pop Off,195,tileGrid,Size_1_x_1,,0,,1,br,EID_Disband,Independence,emote,icon,Icon Series,,5,4,2024-08-19T00:00:00Z
2026-09-04,v2:/311e58ed123ffa7d2fbcf9031b75340e89b8fd82cdf436a2519837b145d11740,[VIRTUAL]1 x TBD (SID_Placeholder_783) for 500 MtxCurrency,500,500,0,0.0,0,2026-09-04T00:00:00Z,2026-09-10T23:59:59.999Z,1,0,-1,JT090426,Jam Tracks,180,tileGrid,Size_1_x_1,,0,,1,track,sid_placeholder_783,Young Black & Rich,,,,,,,2026-04-28T14:29:12Z
2026-09-04,v2:/459971e599c8dbced59110aa2f291e346d4a9f3df62b48bd6d2f63b8627559f7,[VIRTUAL]1 x MILLION DOLLAR BABY for 500 MtxCurrency,500,500,0,0.0,0,2026-09-01T00:00:00Z,2026-09-17T23:59:59.999Z,1,0,-87,JT090426,Jam Tracks,180,expandableList,Size_1_x_1,,0,,1,track,sid_placeholder_417,MILLION DOLLAR BABY,,,,,,,2024-11-07T17:50:41Z
2026-09-04,v2:/84b89b598ce42551143b92c1d76d21e0ff9f4261f482b8b1fe752bad798d2ee4,[VIRTUAL]1 x Jellyfish Jam for 500 MtxCurrency,500,500,0,0.0,0,2026-09-04T00:00:00Z,2026-09-07T23:59:59.999Z,1,0,-3,SummerIceSpiceSpongebob,SpongeBob SquarePants,194,tileGrid,Size_1_x_1,,0,,1,br,EID_CountyFrog,Jellyfish Jam,emote,uncommon,,SpongeBob SquarePants,7,1,2025-12-20T00:00:00Z
2026-09-04,v2:/7cdbcb37e7ed5d831062864d9e87de5a1b327fd19d93ae48c04dc4173af5450e,[VIRTUAL]1 x TBD (SID_Placeholder_708) for 500 MtxCurrency,500,500,0,0.0,0,2026-09-01T00:00:00Z,2026-09-17T23:59:59.999Z,1,0,-8,JT090426,Jam Tracks,180,expandableList,Size_1_x_1,,0,,1,track,sid_placeholder_708,Sky,,,,,,,2025-12-11T17:20:09Z
2026-09-04,v2:/16e39f9a4efdafeb35225b5bd5eaa225d6453d4b89a2fa9d4c024a110d60ecdc,"[VIRTUAL]1 x Lace, 1 x Stitches for -1 MtxCurrency",1500,1500,0,0.0,0,2026-09-01T00:00:00Z,2026-09-07T23:59:59.999Z,1,0,-4,NS0901,No Sweat,184,tileGrid,Size_1_x_1,,0,,2,br,CID_310_Athena_Commando_F_StreetGoth,Lace,outfit,epic,,Ouroboros,1,7,2019-12-04T10:05:57Z
2026-09-04,v2:/16e39f9a4efdafeb35225b5bd5eaa225d6453d4b89a2fa9d4c024a110d60ecdc,"[VIRTUAL]1 x Lace, 1 x Stitches for -1 MtxCurrency",1500,1500,0,0.0,0,2026-09-01T00:00:00Z,2026-09-07T23:59:59.999Z,1,0,-4,NS0901,No Sweat,184,tileGrid,Size_1_x_1,,0,,2,br,BID_190_StreetGothFemale,Stitches,backpack,epic,,Ouroboros,1,7,2019-11-20T12:50:37Z
2026-09-04,v2:/5a21805e0558a02e7b7a177be15d053467e2a481c2c4176af40c27051910b287,"[VIRTUAL]1 x Chica, 1 x Chica's Star for -1 MtxCurrency",1500,1500,0,0.0,0,2026-09-02T00:00:00Z,2026-09-04T23:59:59.999Z,1,0,-2,SypherNinja,"SypherPK, Ninja & Chica",174,tileGrid,Size_2_x_1,"With the reactive <highlight>Prismatic Streak</> style, <highlight>Chica</> lights up with eliminations!",0,,2,br,CID_A_377_Athena_Commando_F_LittleEgg_OMNB5,Chica,outfit,icon,Icon Series,Chica,3,2,2022-05-04T16:00:03Z
2026-09-04,v2:/5a21805e0558a02e7b7a177be15d053467e2a481c2c4176af40c27051910b287,"[VIRTUAL]1 x Chica, 1 x Chica's Star for -1 MtxCurrency",1500,1500,0,0.0,0,2026-09-02T00:00:00Z,2026-09-04T23:59:59.999Z,1,0,-2,SypherNinja,"SypherPK, Ninja & Chica",174,tileGrid,Size_2_x_1,"With the reactive <highlight>Prismatic Streak</> style, <highlight>Chica</> lights up with eliminations!",0,,2,br,BID_976_LittleEgg_Female_4EJ99,Chica's Star,backpack,icon,Icon Series,Chica,3,2,2022-05-04T16:00:03Z
2026-09-04,v2:/8f734d2367629e9be15cd81b1d37f3ca3ec0f58f88829d36a89a212b1fe17e3d,[VIRTUAL]1 x Hollaback Girl for 500 MtxCurrency,500,500,0,0.0,0,2026-09-01T00:00:00Z,2026-09-17T23:59:59.999Z,1,0,-18,JT090426,Jam Tracks,180,expandableList,Size_1_x_1,,0,,1,track,sid_placeholder_259,Hollaback Girl,,,,,,,2024-07-03T14:17:57Z
2026-09-04,v2:/9143ad2fb82f820ff6b4c329a90e5e078a5b1ccfc9b2ed384f84775619d31f94,[VIRTUAL]1 x Aquatic Wings for 300 MtxCurrency,300,300,0,0.0,0,2026-09-04T00:00:00Z,2026-09-07T23:59:59.999Z,1,0,-1,,,,,Size_1_x_1,,0,,1,br,BID_A_044_SummerStride,Aquatic Wings,backpack,rare,,Surf Watch,3,3,2022-07-18T12:38:54Z
2026-09-04,v2:/46566d731b32d716f5531400061cff14f4e7870f51517a59797e4c782ecbe24c,[VIRTUAL]1 x Rogue Gunner for 800 MtxCurrency,800,800,0,0.0,0,2026-09-01T00:00:00Z,2026-09-07T23:59:59.999Z,1,0,-1,NS0901,No Sweat,184,tileGrid,Size_1_x_1,,0,,1,br,Character_MechPilotSharkVelocity,Rogue Gunner,outfit,uncommon,,Mech Mercs,4,2,2023-03-12T08:46:29Z
2026-09-04,v2:/b70c160484caf2c416e0803cc91bafc1448ea71a288be6b9509b9043f1f06adf,[VIRTUAL]1 x TBD (SID_Placeholder_688) for 500 MtxCurrency,500,500,0,0.0,0,2026-09-04T00:00:00Z,2026-09-10T23:59:59.999Z,1,0,-4,JT090426,Jam Tracks,180,tileGrid,Size_1_x_1,,0,,1,track,sid_placeholder_688,OIIA OIIA (Spinning Cat),,,,,,,2025-10-21T23:05:44Z
2026-09-04,v2:/97184c42a0ed67c9cef3ca24cc3e01a3ad5bfda13f83e63dcf9db2a5c1f4771f,[VIRTUAL]1 x Shugoki for 1200 MtxCurrency,1200,1200,0,0.0,0,2026-09-02T00:00:00Z,2026-09-04T23:59:59.999Z,1,0,-2,SypherNinja,"SypherPK, Ninja & Chica",174,tileGrid,Size_1_x_1,,0,,1,br,Glider_Headset,Shugoki,glider,icon,Icon Series,SypherPK,4,1,2023-02-03T01:02:06Z
2026-09-04,v2:/f796a0861d8e25852e087d7332c509974e79b7f98e338f64a7381c9f0ee71c39,[VIRTUAL]1 x Nash Nori for 1200 MtxCurrency,1200,1200,0,0.0,0,2026-09-04T00:00:00Z,2026-09-07T23:59:59.999Z,1,0,-5,EOSShop,Heatwave,193,tileGrid,Size_1_x_1,,0,,1,br,Character_SeaFlake,Nash Nori,outfit,epic,,Sashimi Surfer,6,4,2025-06-18T09:06:01Z
2026-09-04,v2:/ff69671cf0fa70cc0f2fd9a3f61ea194c772b865eb67f4c80f52bb2abb95827f,[VIRTUAL]1 x Fractal Llamacorn for 800 MtxCurrency,800,800,0,0.0,0,2026-09-04T00:00:00Z,2026-09-10T23:59:59.999Z,1,0,-1,FND090426,Spotlight Drops,197,tileGrid,Size_1_x_1,,0,,1,br,Pickaxe_DyeBlast,Fractal Llamacorn,pickaxe,rare,,Fractal Heroes,7,4,2026-09-03T15:24:18Z
2026-09-04,v2:/127eb23283061a72ef1e9c6b9d624aa6cde4a3111dc124b7146fd97fd71810cd,[VIRTUAL]1 x Take On Me for 500 MtxCurrency,500,500,0,0.0,0,2026-09-01T00:00:00Z,2026-09-17T23:59:59.999Z,1,0,-76,JT090426,Jam Tracks,180,expandableList,Size_1_x_1,,0,,1,track,sid_placeholder_445,Take On Me,,,,,,,2024-12-05T14:58:09Z
2026-09-04,v2:/601a328b8e09b5a80832151581f145ef5535ae447733aebf5572523ee293440a,[VIRTUAL]1 x Everybody Loves Me for 500 MtxCurrency,500,500,0,0.0,0,2026-09-02T00:00:00Z,2026-09-05T23:59:59.999Z,1,0,-2,VV0904261,Pop Off,195,tileGrid,Size_1_x_1,,0,,1,br,EID_DuckTeacher_9IPLU,Everybody Loves Me,emote,icon,Icon Series,,2,8,2021-10-02T00:00:00Z
2026-09-04,v2:/08aee4135ae23ccae40eb598946671c07f14be47f1a3f18793b27ad5860a3120,"[VIRTUAL]1 x Goofy Goober, 1 x Goofy Goober, 1 x Goofy Goober for 800 MtxCurrency",800,800,0,0.0,0,2026-09-04T00:00:00Z,2026-09-07T23:59:59.999Z,1,0,-1,SummerIceSpiceSpongebob,SpongeBob SquarePants,194,tileGrid,Size_1_x_1,,0,,3,br,Backpack_CountyFrog_Guitar,Goofy Goober,backpack,rare,,SpongeBob SquarePants,7,1,2025-12-20T00:00:00Z
2026-09-04,v2:/08aee4135ae23ccae40eb598946671c07f14be47f1a3f18793b27ad5860a3120,"[VIRTUAL]1 x Goofy Goober, 1 x Goofy Goober, 1 x Goofy Goober for 800 MtxCurrency",800,800,0,0.0,0,2026-09-04T00:00:00Z,2026-09-07T23:59:59.999Z,1,0,-1,SummerIceSpiceSpongebob,SpongeBob SquarePants,194,tileGrid,Size_1_x_1,,0,,3,br,Pickaxe_CountyFrog_Guitar,Goofy Goober,pickaxe,rare,,SpongeBob SquarePants,7,1,2025-12-20T00:00:00Z
2026-09-04,v2:/08aee4135ae23ccae40eb598946671c07f14be47f1a3f18793b27ad5860a3120,"[VIRTUAL]1 x Goofy Goober, 1 x Goofy Goober, 1 x Goofy Goober for 800 MtxCurrency",800,800,0,0.0,0,2026-09-04T00:00:00Z,2026-09-07T23:59:59.999Z,1,0,-1,SummerIceSpiceSpongebob,SpongeBob SquarePants,194,tileGrid,Size_1_x_1,,0,,3,instrument,Sparks_CountyFrog_Guitar,Goofy Goober,guitar,common,,,,,2025-12-20T00:00:00Z
2026-09-04,v2:/31dda0c46c9b4ddfa34376ab677765597131c730a9bfe8734db471fec351d952,[VIRTUAL]1 x In Ha Mood for 500 MtxCurrency,500,500,0,0.0,0,2026-09-04T00:00:00Z,2026-09-11T23:59:59.999Z,1,0,-3,SummerIceSpiceSpongebob,SpongeBob SquarePants,194,tileGrid,Size_1_x_1,,0,,1,br,EID_BerryTart,In Ha Mood,emote,icon,Icon Series,Ice Spice,2,Remix,2024-11-13T10:14:32Z
2026-09-04,v2:/7ce6fe18be1d5f0cc5afa541a19ae99e0b9125fca9159c49b71b6ee787925e99,[VIRTUAL]1 x Sypher's Strut for 300 MtxCurrency,300,300,0,0.0,0,2026-09-02T00:00:00Z,2026-09-04T23:59:59.999Z,1,0,-3,SypherNinja,"SypherPK, Ninja & Chica",174,tileGrid,Size_1_x_1,,0,,1,br,EID_Headset,Sypher's Strut,emote,icon,Icon Series,SypherPK,3,4,2022-09-18T10:05:15Z
2026-09-04,v2:/eb67a21cf6968452ecaf799c1e3a9bcba628d8a374a0b98ada3a29e43a5d1c79,[VIRTUAL]1 x TBD (SID_Placeholder_710) for 500 MtxCurrency,500,500,0,0.0,0,2026-09-04T00:00:00Z,2026-09-07T23:59:59.999Z,1,0,-4,SummerIceSpiceSpongebob,SpongeBob SquarePants,194,tileGrid,Size_1_x_1,,0,,1,track,sid_placeholder_710,Sweet Victory,,,,,,,2025-12-19T18:25:09Z
2026-09-04,v2:/7507c8f1290d9e6e79f0274c0334baa9ed582a3cea99479a58b9c988c030bd84,[VIRTUAL]1 x Lily Lounger for 300 MtxCurrency,300,300,0,0.0,0,2026-08-31T00:00:00Z,2026-09-06T23:59:59.999Z,1,0,-3,SummerBatman,Hot Bat Summer,192,tileGrid,Size_1_x_1,,0,,1,br,EID_CrimpPerfume,Lily Lounger,emote,dc,DC SERIES,Gotham City Summer,7,3,2026-07-16T08:00:00Z
2026-09-04,v2:/e8a88df3ce45b22f566143213345714e951c91e55c807d2bd532c9d0cb8ccf3d,[VIRTUAL]1 x Mira (HUNTR/X) for 1500 MtxCurrency,1500,1500,0,0.0,0,2026-09-02T00:00:00Z,2026-09-06T23:59:59.999Z,1,0,-3,KPop1,KPop Demon Hunters,185,tileGrid,Size_1_x_1,,0,,1,br,Character_QuailWink,Mira (HUNTR/X),outfit,icon,Icon Series,KPop Demon Hunters,6,5,2025-10-02T08:00:00Z
2026-09-04,v2:/06d01fee7085530af215a02a9bdd46bfe79e3ac4e09c69a34efe611a35595909,"[VIRTUAL]1 x Psycho Bandit, 1 x Claptrap, 1 x Psycho Buzz Axes for -1 MtxCurrency",2000,2000,0,0.0,0,2026-08-30T00:00:00Z,2026-09-05T23:59:59.999Z,1,0,-3,LilithPsychoBandit,Borderlands,182,tileGrid,Size_1_x_1,,1,Psycho Bandit,3,br,CID_515_Athena_Commando_M_BarbequeLarry,Psycho Bandit,outfit,gaminglegends,Gaming Legends Series,Mayhem,1,X,2019-11-20T12:49:51Z
2026-09-04,v2:/06d01fee7085530af215a02a9bdd46bfe79e3ac4e09c69a34efe611a35595909,"[VIRTUAL]1 x Psycho Bandit, 1 x Claptrap, 1 x Psycho Buzz Axes for -1 MtxCurrency",2000,2000,0,0.0,0,2026-08-30T00:00:00Z,2026-09-05T23:59:59.999Z,1,0,-3,LilithPsychoBandit,Borderlands,182,tileGrid,Size_1_x_1,,1,Psycho Bandit,3,br,PetCarrier_013_BbqLarry,Claptrap,petcarrier,gaminglegends,Gaming Legends Series,Mayhem,1,X,2019-11-20T12:50:30Z
2026-09-04,v2:/06d01fee7085530af215a02a9bdd46bfe79e3ac4e09c69a34efe611a35595909,"[VIRTUAL]1 x Psycho Bandit, 1 x Claptrap, 1 x Psycho Buzz Axes for -1 MtxCurrency",2000,2000,0,0.0,0,2026-08-30T00:00:00Z,2026-09-05T23:59:59.999Z,1,0,-3,LilithPsychoBandit,Borderlands,182,tileGrid,Size_1_x_1,,1,Psycho Bandit,3,br,Pickaxe_ID_265_BarbequeLarry1H,Psycho Buzz Axes,pickaxe,gaminglegends,Gaming Legends Series,Mayhem,1,X,2019-11-20T12:50:44Z
2026-09-04,v2:/bb4ae9555c904515a71c07032eda0c4c54be5f1e7e5c48046f006945dbfbef52,[VIRTUAL]1 x TBD (SID_Placeholder_508) for 500 MtxCurrency,500,500,0,0.0,0,2026-09-01T00:00:00Z,2026-09-17T23:59:59.999Z,1,0,-82,JT090426,Jam Tracks,180,expandableList,Size_1_x_1,,0,,1,track,sid_placeholder_508,The Way I Are,,,,,,,2025-02-27T16:52:57Z
2026-09-04,v2:/7054532f9726173fb2a29375a9fa800f36230b89964985832ffdcc558b08bf43,"[VIRTUAL]1 x Beach Bomber, 1 x Brite Board for -1 MtxCurrency",1200,1200,0,0.0,0,2026-09-04T00:00:00Z,2026-09-07T23:59:59.999Z,1,0,-4,EOSShop,Heatwave,193,tileGrid,Size_1_x_1,,0,,2,br,CID_460_Athena_Commando_F_BriteBomberSummer,Beach Bomber,outfit,rare,,Sunshine And Rainbows,1,9,2019-11-20T12:49:55Z
2026-09-04,v2:/7054532f9726173fb2a29375a9fa800f36230b89964985832ffdcc558b08bf43,"[VIRTUAL]1 x Beach Bomber, 1 x Brite Board for -1 MtxCurrency",1200,1200,0,0.0,0,2026-09-04T00:00:00Z,2026-09-07T23:59:59.999Z,1,0,-4,EOSShop,Heatwave,193,tileGrid,Size_1_x_1,,0,,2,br,BID_299_BriteBomberSummer,Brite Board,backpack,rare,,Sunshine And Rainbows,1,9,2019-11-20T12:50:33Z
2026-09-04,v2:/e4bc2cc62b8c52ac4e22ba4130bae0ae6f6a506bd21657659f0c8951542ad587,[VIRTUAL]1 x Killing In The Name for 500 MtxCurrency,500,500,0,0.0,0,2026-09-01T00:00:00Z,2026-09-17T23:59:59.999Z,1,0,-94,JT090426,Jam Tracks,180,expandableList,Size_1_x_1,,0,,1,track,sid_placeholder_202,Killing In The Name,,,,,,,2024-04-30T14:34:03Z
2026-09-04,v2:/161324b4b6cde0e6c6f81b465dba64af67bef7e6d1919b2a877263496e8ede77,[VIRTUAL]1 x Unseen Sneakers for 800 MtxCurrency,800,800,0,0.0,0,2026-08-31T00:00:00Z,2026-09-04T23:59:59.999Z,1,0,-4,FND090426,Spotlight Drops,197,tileGrid,Size_1_x_1,,0,,1,br,Shoes_VoidFlux,Unseen Sneakers,shoe,uncommon,,Chaos Operative,7,3,2026-08-08T00:00:00Z
2026-09-04,v2:/8a9bc634929cd71b9025404ab32717f1f637e7d3e68a73efd7b1dac8ee3da1d9,[VIRTUAL]1 x Broccoli for 500 MtxCurrency,500,500,0,0.0,0,2026-09-01T00:00:00Z,2026-09-17T23:59:59.999Z,1,0,-77,JT090426,Jam Tracks,180,expandableList,Size_1_x_1,,0,,1,track,sid_placeholder_284,Broccoli,,,,,,,2024-08-29T13:33:26Z
2026-09-04,v2:/55e9c8b8c8e95c929a3ae814bb4b314b3dc428012c42ae542afc72a00cb79c75,[VIRTUAL]1 x The Pollo Dance for 300 MtxCurrency,300,300,0,0.0,0,2026-09-02T00:00:00Z,2026-09-04T23:59:59.999Z,1,0,-3,SypherNinja,"SypherPK, Ninja & Chica",174,tileGrid,Size_1_x_1,,0,,1,br,EID_LittleEgg_69OX0,The Pollo Dance,emote,icon,Icon Series,Chica,3,2,2022-05-04T16:00:03Z
2026-09-04,v2:/210216d5f7fb0ce6966f25b2b54aba246bc1e6dd564b3fcdb6efa281fd5fff16,[VIRTUAL]1 x TBD (SID_Placeholder_679) for 500 MtxCurrency,500,500,0,0.0,0,2026-09-04T00:00:00Z,2026-09-10T23:59:59.999Z,1,0,-1,JT090426,Jam Tracks,180,tileGrid,Size_1_x_1,,0,,1,track,sid_placeholder_679,In My Room,,,,,,,2025-10-09T08:44:55Z
2026-09-04,v2:/1bb49cd3c676b20826f94fa878fdd988ec1a7cb84a8c986c6eeb424e3f776bfa,"[VIRTUAL]1 x Batman Zero, 1 x Battle-Worn Cape for -1 MtxCurrency",1500,1500,0,0.0,0,2026-09-04T00:00:00Z,2026-09-08T23:59:59.999Z,1,0,-2,DeathstrokemanLaugh,DC,191,tileGrid,Size_1_x_1,,0,,2,br,CID_A_070_Athena_Commando_M_Cavern_3I6I1,Batman Zero,outfit,dc,DC SERIES,Batman: Zero Point,2,6,2021-04-29T09:03:59Z
2026-09-04,v2:/1bb49cd3c676b20826f94fa878fdd988ec1a7cb84a8c986c6eeb424e3f776bfa,"[VIRTUAL]1 x Batman Zero, 1 x Battle-Worn Cape for -1 MtxCurrency",1500,1500,0,0.0,0,2026-09-04T00:00:00Z,2026-09-08T23:59:59.999Z,1,0,-2,DeathstrokemanLaugh,DC,191,tileGrid,Size_1_x_1,,0,,2,br,BID_744_CavernMale_CF6JE,Battle-Worn Cape,backpack,dc,DC SERIES,Batman: Zero Point,2,6,2021-04-29T09:03:59Z
2026-09-04,v2:/629009d53f381f0d79b021b70a75722d696ea2e7a9ae3ed762a3b8e254465094,"[VIRTUAL]1 x Lilith, 1 x Siren Wings for -1 MtxCurrency",1500,1500,0,0.0,0,2026-08-30T00:00:00Z,2026-09-05T23:59:59.999Z,1,0,-1,LilithPsychoBandit,Borderlands,182,tileGrid,Size_2_x_1,,0,,2,br,Character_FifthFully,Lilith,outfit,gaminglegends,Gaming Legends Series,Mayhem,7,4,2026-08-28T13:01:08Z
2026-09-04,v2:/629009d53f381f0d79b021b70a75722d696ea2e7a9ae3ed762a3b8e254465094,"[VIRTUAL]1 x Lilith, 1 x Siren Wings for -1 MtxCurrency",1500,1500,0,0.0,0,2026-08-30T00:00:00Z,2026-09-05T23:59:59.999Z,1,0,-1,LilithPsychoBandit,Borderlands,182,tileGrid,Size_2_x_1,,0,,2,br,Backpack_FifthFully,Siren Wings,backpack,gaminglegends,Gaming Legends Series,Mayhem,7,4,2026-08-28T13:01:08Z
2026-09-04,v2:/50944404e7671e0c6221e9729208ce331e7c8afe7ee0b038a0c03eab734c6e64,[VIRTUAL]1 x Robin's Perch for 400 MtxCurrency,400,400,0,0.0,0,2026-09-04T00:00:00Z,2026-09-08T23:59:59.999Z,1,0,-1,,,,,Size_1_x_1,,0,,1,br,BID_872_Giggle_LN5LR,Robin's Perch,backpack,dc,DC SERIES,Dark Multiverse,2,8,2021-10-22T16:37:22Z
2026-09-04,v2:/b9036b748a33088639f65c688a2631c7db2a568a1ee6203560ddc287005979ee,"[VIRTUAL]1 x Deathstroke Zero, 1 x Deathstroke's Katanas, 1 x Deathstroke's Katanas for -1 MtxCurrency",1800,1800,0,0.0,0,2026-09-04T00:00:00Z,2026-09-08T23:59:59.999Z,1,0,-3,DeathstrokemanLaugh,DC,191,tileGrid,Size_1_x_1,Unsheathe the included Pickaxe from the Deathstroke's Katanas Back Bling when both are equipped!,0,,3,br,CID_A_103_Athena_Commando_M_Grim_VM52M,Deathstroke Zero,outfit,dc,DC SERIES,Batman: Zero Point,2,6,2021-05-25T17:38:34Z
2026-09-04,v2:/b9036b748a33088639f65c688a2631c7db2a568a1ee6203560ddc287005979ee,"[VIRTUAL]1 x Deathstroke Zero, 1 x Deathstroke's Katanas, 1 x Deathstroke's Katanas for -1 MtxCurrency",1800,1800,0,0.0,0,2026-09-04T00:00:00Z,2026-09-08T23:59:59.999Z,1,0,-3,DeathstrokemanLaugh,DC,191,tileGrid,Size_1_x_1,Unsheathe the included Pickaxe from the Deathstroke's Katanas Back Bling when both are equipped!,0,,3,br,BID_768_Grim_QR2Q2,Deathstroke's Katanas,backpack,dc,DC SERIES,Batman: Zero Point,2,6,2021-05-25T17:38:34Z
2026-09-04,v2:/b9036b748a33088639f65c688a2631c7db2a568a1ee6203560ddc287005979ee,"[VIRTUAL]1 x Deathstroke Zero, 1 x Deathstroke's Katanas, 1 x Deathstroke's Katanas for -1 MtxCurrency",1800,1800,0,0.0,0,2026-09-04T00:00:00Z,2026-09-08T23:59:59.999Z,1,0,-3,DeathstrokemanLaugh,DC,191,tileGrid,Size_1_x_1,Unsheathe the included Pickaxe from the Deathstroke's Katanas Back Bling when both are equipped!,0,,3,br,Pickaxe_ID_605_GrimMale_8GT61,Deathstroke's Katanas,pickaxe,dc,DC SERIES,Batman: Zero Point,2,6,2021-05-25T17:38:34Z
2026-09-04,v2:/bc57d80b3ee7ec352cd03ec028b10be13932530b8e00b32b50e5a56283cf8420,[VIRTUAL]1 x Everybody (Backstreet's Back) for 500 MtxCurrency,500,500,0,0.0,0,2026-09-01T00:00:00Z,2026-09-17T23:59:59.999Z,1,0,-90,JT090426,Jam Tracks,180,expandableList,Size_1_x_1,,0,,1,track,sid_placeholder_432,Everybody (Backstreet's Back),,,,,,,2024-11-27T14:32:37Z
2026-09-04,v2:/1451f5ea06061445c186e251f79817470d6af199e2fc51452fe63b706cae6e85,[VIRTUAL]1 x Moxxi's Tip Jar for 300 MtxCurrency,300,300,0,0.0,0,2026-08-30T00:00:00Z,2026-09-05T23:59:59.999Z,1,0,-4,LilithPsychoBandit,Borderlands,182,tileGrid,Size_1_x_1,,0,,1,br,Backpack_GiraffeScallion,Moxxi's Tip Jar,backpack,gaminglegends,Gaming Legends Series,Mayhem,6,4,2025-07-29T15:40:48Z
2026-09-04,v2:/eb067abe5d21078d21b70c067abf4445650fda68ef93f504f9a59ce06f107aec,[VIRTUAL]1 x Just Dance for 500 MtxCurrency,500,500,0,0.0,0,2026-09-01T00:00:00Z,2026-09-17T23:59:59.999Z,1,0,-54,JT090426,Jam Tracks,180,expandableList,Size_1_x_1,,0,,1,track,sid_placeholder_80,Just Dance,,,,,,,2024-02-22T09:00:00Z
2026-09-04,v2:/add8fcaedfcf350cbf7f08c0f3c5b2a05adf4a8c6377362eeed9e68ea6e09f57,[VIRTUAL]1 x The Diary Of Jane for 500 MtxCurrency,500,500,0,0.0,0,2026-09-01T00:00:00Z,2026-09-17T23:59:59.999Z,1,0,-49,JT090426,Jam Tracks,180,expandableList,Size_1_x_1,,0,,1,track,sid_placeholder_451,The Diary Of Jane,,,,,,,2024-12-19T21:10:30Z
2026-09-04,v2:/69e3b181655836b02f99d31e503c35c3ae8c63dc19f99cceaa393296802f60f2,[VIRTUAL]1 x Mad Moxxi for 1500 MtxCurrency,1500,1500,0,0.0,0,2026-08-30T00:00:00Z,2026-09-05T23:59:59.999Z,1,0,-2,LilithPsychoBandit,Borderlands,182,tileGrid,Size_1_x_1,,0,,1,br,Character_GiraffeScallion,Mad Moxxi,outfit,gaminglegends,Gaming Legends Series,Mayhem,6,4,2025-07-29T15:40:48Z
2026-09-04,v2:/703c47e81984a7b0452082fcd44c74fdd32ed98af6f7ba7e0fa75d46e4f1d83a,[VIRTUAL]1 x Show Ya for 500 MtxCurrency,500,500,0,0.0,0,2026-09-02T00:00:00Z,2026-09-05T23:59:59.999Z,1,0,-3,VV0904261,Pop Off,195,tileGrid,Size_1_x_1,,0,,1,br,EID_Affluent,Show Ya,emote,icon,Icon Series,,5,1,2024-03-07T00:00:00Z
2026-09-04,v2:/ddf9b763d82505a95755c3df52a4f541b18fdfb8d4e5b7a8eeb7127d7b49e82d,[VIRTUAL]1 x Crocs Classic Clog SpongeBob 'Squidward' for 1000 MtxCurrency,1000,1000,0,0.0,0,2026-09-04T00:00:00Z,2026-09-07T23:59:59.999Z,1,0,-2,SummerIceSpiceSpongebob,SpongeBob SquarePants,194,tileGrid,Size_1_x_1,,0,,1,br,Shoes_NiftyGrateSimmer,Crocs Classic Clog SpongeBob 'Squidward',shoe,uncommon,,Crocs Shoes,7,1,2025-12-20T00:00:00Z
2026-09-04,v2:/59b1d5e607c1193ae15d1c11d559e9d2833555c902c81a038aac462ddeb4a4a3,[VIRTUAL]1 x Spyro the Dragon for 1500 MtxCurrency,1500,1500,0,0.0,0,2026-08-29T00:00:00Z,2026-09-11T23:59:59.999Z,1,0,-3,CrashSpyro1,Crash Bandicoot & Spyro the Dragon,189,tileGrid,Size_2_x_1,Complete Quests to Unlock 4 Styles!,0,,1,br,Companion_SandyInland,Spyro the Dragon,sidekick,gaminglegends,Gaming Legends Series,Spyro,7,4,2026-08-27T13:00:15Z
2026-09-04,v2:/a07db01fb6d727cd90c46b16bda9822062d2807391feda8ccde8de1ed6c4a09a,"[VIRTUAL]1 x Chica, 1 x Chica's Star, 1 x Aida's Edge, 1 x The Pollo Dance for -1 MtxCurrency",2600,1800,800,0.3077,1,2026-09-02T00:00:00Z,2026-09-04T23:59:59.999Z,1,0,-4,SypherNinja,"SypherPK, Ninja & Chica",174,tileGrid,Size_1_x_1,"With the reactive <highlight>Prismatic Streak</> style, <highlight>Chica</> lights up with eliminations!",1,Chica Bundle,4,br,CID_A_377_Athena_Commando_F_LittleEgg_OMNB5,Chica,outfit,icon,Icon Series,Chica,3,2,2022-05-04T16:00:03Z
2026-09-04,v2:/a07db01fb6d727cd90c46b16bda9822062d2807391feda8ccde8de1ed6c4a09a,"[VIRTUAL]1 x Chica, 1 x Chica's Star, 1 x Aida's Edge, 1 x The Pollo Dance for -1 MtxCurrency",2600,1800,800,0.3077,1,2026-09-02T00:00:00Z,2026-09-04T23:59:59.999Z,1,0,-4,SypherNinja,"SypherPK, Ninja & Chica",174,tileGrid,Size_1_x_1,"With the reactive <highlight>Prismatic Streak</> style, <highlight>Chica</> lights up with eliminations!",1,Chica Bundle,4,br,BID_976_LittleEgg_Female_4EJ99,Chica's Star,backpack,icon,Icon Series,Chica,3,2,2022-05-04T16:00:03Z
2026-09-04,v2:/a07db01fb6d727cd90c46b16bda9822062d2807391feda8ccde8de1ed6c4a09a,"[VIRTUAL]1 x Chica, 1 x Chica's Star, 1 x Aida's Edge, 1 x The Pollo Dance for -1 MtxCurrency",2600,1800,800,0.3077,1,2026-09-02T00:00:00Z,2026-09-04T23:59:59.999Z,1,0,-4,SypherNinja,"SypherPK, Ninja & Chica",174,tileGrid,Size_1_x_1,"With the reactive <highlight>Prismatic Streak</> style, <highlight>Chica</> lights up with eliminations!",1,Chica Bundle,4,br,Pickaxe_ID_771_LittleEggFemale,Aida's Edge,pickaxe,icon,Icon Series,Chica,3,2,2022-05-04T16:00:03Z
2026-09-04,v2:/a07db01fb6d727cd90c46b16bda9822062d2807391feda8ccde8de1ed6c4a09a,"[VIRTUAL]1 x Chica, 1 x Chica's Star, 1 x Aida's Edge, 1 x The Pollo Dance for -1 MtxCurrency",2600,1800,800,0.3077,1,2026-09-02T00:00:00Z,2026-09-04T23:59:59.999Z,1,0,-4,SypherNinja,"SypherPK, Ninja & Chica",174,tileGrid,Size_1_x_1,"With the reactive <highlight>Prismatic Streak</> style, <highlight>Chica</> lights up with eliminations!",1,Chica Bundle,4,br,EID_LittleEgg_69OX0,The Pollo Dance,emote,icon,Icon Series,Chica,3,2,2022-05-04T16:00:03Z
2026-09-04,v2:/a5770ce343164772ed968cfb732b354bce2c9f16a438d1a1cc58eda1f85d7347,[VIRTUAL]1 x Black Hole Sun for 500 MtxCurrency,500,500,0,0.0,0,2026-09-01T00:00:00Z,2026-09-17T23:59:59.999Z,1,0,-10,JT090426,Jam Tracks,180,expandableList,Size_1_x_1,,0,,1,track,sid_placeholder_100,Black Hole Sun,,,,,,,2024-02-22T10:58:10Z
2026-09-04,v2:/3f8b7c7e982b9934ab8f09cb40d8aeaa16dc51297204d56c9889d65568d17205,[VIRTUAL]1 x Dark Dragon for 500 MtxCurrency,500,500,0,0.0,0,2026-09-02T00:00:00Z,2026-09-04T23:59:59.999Z,1,0,-4,SypherNinja,"SypherPK, Ninja & Chica",174,tileGrid,Size_1_x_1,,0,,1,br,Wrap_HeadSet,Dark Dragon,wrap,icon,Icon Series,SypherPK,3,4,2022-09-18T10:05:15Z
2026-09-04,v2:/b6301a8c7f2d3ed3409e4719f85c1cdb2893f7ea603047dfc88fa002c97f0931,[VIRTUAL]1 x Wavepiercer for 300 MtxCurrency,300,300,0,0.0,0,2026-09-04T00:00:00Z,2026-09-10T23:59:59.999Z,1,0,-3,,,,,Size_1_x_1,,0,,1,br,BID_418_BulletBlueMale,Wavepiercer,backpack,rare,,Open Water,2,1,2019-11-20T12:51:15Z
2026-09-04,v2:/05c299b0bfd6f47e5f25d69d67a50b76e6bd202052d2b80ce65ccded19dc327a,[VIRTUAL]1 x Patrick's Ultimate Cone for 800 MtxCurrency,800,800,0,0.0,0,2026-09-04T00:00:00Z,2026-09-07T23:59:59.999Z,1,0,-3,SummerIceSpiceSpongebob,SpongeBob SquarePants,194,tileGrid,Size_1_x_1,,0,,1,br,Pickaxe_GainSneeze,Patrick's Ultimate Cone,pickaxe,rare,,SpongeBob SquarePants,7,3,2026-07-23T14:00:30Z
2026-09-04,v2:/2458aaf1921a59bbb17f47c0836ad073e1ed798f6785bbcefb4490ee1c4bf31e,[VIRTUAL]1 x It's Me for 500 MtxCurrency,500,500,0,0.0,0,2026-09-04T00:00:00Z,2026-09-07T23:59:59.999Z,1,0,-1,VV0904261,Pop Off,195,tileGrid,Size_1_x_1,,0,,1,br,EID_TrueLore,It's Me,emote,icon,Icon Series,,7,4,2026-09-04T00:00:00Z
2026-09-04,v2:/170cfe49798f77ef25edcc14fdc919d04cdeda735b66bde417613834c9e1196e,"[VIRTUAL]1 x Queen Persephone, 1 x Asphodel Blade for -1 MtxCurrency",1700,1400,300,0.1765,1,2026-09-04T00:00:00Z,2026-09-05T23:59:59.999Z,1,0,-2,BR090426,Full Flex,186,tileGrid,Size_2_x_1,,1,Queen Persephone Bundle,2,br,Character_GraveFlannel,Queen Persephone,outfit,epic,,The Call of Winter,6,5,2025-10-02T12:10:53Z
2026-09-04,v2:/170cfe49798f77ef25edcc14fdc919d04cdeda735b66bde417613834c9e1196e,"[VIRTUAL]1 x Queen Persephone, 1 x Asphodel Blade for -1 MtxCurrency",1700,1400,300,0.1765,1,2026-09-04T00:00:00Z,2026-09-05T23:59:59.999Z,1,0,-2,BR090426,Full Flex,186,tileGrid,Size_2_x_1,,1,Queen Persephone Bundle,2,br,Pickaxe_GraveFlannel,Asphodel Blade,pickaxe,rare,,The Call of Winter,6,5,2025-10-02T12:10:53Z
2026-09-04,v2:/dbcdbf04b1e83cb65c8629df00369ce169f655d30b033ad4a25ff935786d1afc,[VIRTUAL]1 x Parrot Packer for 300 MtxCurrency,300,300,0,0.0,0,2026-09-04T00:00:00Z,2026-09-07T23:59:59.999Z,1,0,-1,,,,,Size_1_x_1,,0,,1,br,Backpack_SunnySquawk,Parrot Packer,backpack,rare,,Cracker Craver,5,4,2024-09-17T08:31:42Z
2026-09-04,v2:/1c7cdb49bf39558af2ba4982ed8bb3413f7adee50401ed31b07b2886f4a8b65d,[VIRTUAL]1 x Psycho Buzz Axes for 800 MtxCurrency,800,800,0,0.0,0,2026-08-30T00:00:00Z,2026-09-05T23:59:59.999Z,1,0,-3,,,,,Size_1_x_1,,0,,1,br,Pickaxe_ID_265_BarbequeLarry1H,Psycho Buzz Axes,pickaxe,gaminglegends,Gaming Legends Series,Mayhem,1,X,2019-11-20T12:50:44Z
2026-09-04,v2:/945ec428bba36968e2aac2d7d31f26ada92ad464257cf68871cf7d987b6963c2,"[VIRTUAL]1 x Mad Moxxi, 1 x Underdome Megaphone, 1 x Moxxi's Tip Jar for -1 MtxCurrency",2600,2000,600,0.2308,1,2026-08-30T00:00:00Z,2026-09-05T23:59:59.999Z,1,0,-1,LilithPsychoBandit,Borderlands,182,tileGrid,Size_1_x_1,,1,Mad Moxxi Bundle,3,br,Character_GiraffeScallion,Mad Moxxi,outfit,gaminglegends,Gaming Legends Series,Mayhem,6,4,2025-07-29T15:40:48Z
2026-09-04,v2:/945ec428bba36968e2aac2d7d31f26ada92ad464257cf68871cf7d987b6963c2,"[VIRTUAL]1 x Mad Moxxi, 1 x Underdome Megaphone, 1 x Moxxi's Tip Jar for -1 MtxCurrency",2600,2000,600,0.2308,1,2026-08-30T00:00:00Z,2026-09-05T23:59:59.999Z,1,0,-1,LilithPsychoBandit,Borderlands,182,tileGrid,Size_1_x_1,,1,Mad Moxxi Bundle,3,br,Pickaxe_GiraffeScallion,Underdome Megaphone,pickaxe,gaminglegends,Gaming Legends Series,Mayhem,6,4,2025-07-29T15:40:48Z
2026-09-04,v2:/945ec428bba36968e2aac2d7d31f26ada92ad464257cf68871cf7d987b6963c2,"[VIRTUAL]1 x Mad Moxxi, 1 x Underdome Megaphone, 1 x Moxxi's Tip Jar for -1 MtxCurrency",2600,2000,600,0.2308,1,2026-08-30T00:00:00Z,2026-09-05T23:59:59.999Z,1,0,-1,LilithPsychoBandit,Borderlands,182,tileGrid,Size_1_x_1,,1,Mad Moxxi Bundle,3,br,Backpack_GiraffeScallion,Moxxi's Tip Jar,backpack,gaminglegends,Gaming Legends Series,Mayhem,6,4,2025-07-29T15:40:48Z
2026-09-04,v2:/e24f462d78aa3ec1d0d0d7d8b8168f10ec7e127a74f155f2bad832f66bd18c35,[VIRTUAL]1 x Starships for 500 MtxCurrency,500,500,0,0.0,0,2026-09-01T00:00:00Z,2026-09-17T23:59:59.999Z,1,0,-65,JT090426,Jam Tracks,180,expandableList,Size_1_x_1,,0,,1,track,sid_placeholder_53,Starships,,,,,,,2024-05-07T14:47:23Z
2026-09-04,v2:/36c8b394b58d03b5988a566d2706a68df090069919cf465667ee3a609b40285b,[VIRTUAL]1 x The Spins for 500 MtxCurrency,500,500,0,0.0,0,2026-09-01T00:00:00Z,2026-09-17T23:59:59.999Z,1,0,-73,JT090426,Jam Tracks,180,expandableList,Size_1_x_1,,0,,1,track,sid_placeholder_334,The Spins,,,,,,,2024-10-24T14:53:04Z
2026-09-04,v2:/c8b6a5975cbc2301312f6dad3e99a6cd9da0d8eeed4fcc075bc6cd73fe198b84,[VIRTUAL]1 x DoodleBob for 400 MtxCurrency,400,400,0,0.0,0,2026-09-04T00:00:00Z,2026-09-07T23:59:59.999Z,1,0,-3,SummerIceSpiceSpongebob,SpongeBob SquarePants,194,tileGrid,Size_1_x_1,,0,,1,br,Backpack_CountyFrog,DoodleBob,backpack,rare,,SpongeBob SquarePants,7,1,2025-12-20T00:00:00Z
2026-09-04,v2:/12ed081fc63c6f53a140babe78463ff5b6bc399b3e02e8b15b9fb1166c95d8c1,"[VIRTUAL]1 x Batman Zero, 1 x Battle-Worn Cape, 1 x Grappling Axe, 1 x Batman Zero Wing, 1 x Batman From Zero for -1 MtxCurrency",3500,2100,1400,0.4,1,2026-09-04T00:00:00Z,2026-09-08T23:59:59.999Z,1,0,-1,DeathstrokemanLaugh,DC,191,tileGrid,Size_1_x_1,Loading Screen Included!,1,Batman Zero Bundle,5,br,CID_A_070_Athena_Commando_M_Cavern_3I6I1,Batman Zero,outfit,dc,DC SERIES,Batman: Zero Point,2,6,2021-04-29T09:03:59Z
2026-09-04,v2:/12ed081fc63c6f53a140babe78463ff5b6bc399b3e02e8b15b9fb1166c95d8c1,"[VIRTUAL]1 x Batman Zero, 1 x Battle-Worn Cape, 1 x Grappling Axe, 1 x Batman Zero Wing, 1 x Batman From Zero for -1 MtxCurrency",3500,2100,1400,0.4,1,2026-09-04T00:00:00Z,2026-09-08T23:59:59.999Z,1,0,-1,DeathstrokemanLaugh,DC,191,tileGrid,Size_1_x_1,Loading Screen Included!,1,Batman Zero Bundle,5,br,BID_744_CavernMale_CF6JE,Battle-Worn Cape,backpack,dc,DC SERIES,Batman: Zero Point,2,6,2021-04-29T09:03:59Z
2026-09-04,v2:/12ed081fc63c6f53a140babe78463ff5b6bc399b3e02e8b15b9fb1166c95d8c1,"[VIRTUAL]1 x Batman Zero, 1 x Battle-Worn Cape, 1 x Grappling Axe, 1 x Batman Zero Wing, 1 x Batman From Zero for -1 MtxCurrency",3500,2100,1400,0.4,1,2026-09-04T00:00:00Z,2026-09-08T23:59:59.999Z,1,0,-1,DeathstrokemanLaugh,DC,191,tileGrid,Size_1_x_1,Loading Screen Included!,1,Batman Zero Bundle,5,br,Pickaxe_ID_589_CavernMale_9U0A8,Grappling Axe,pickaxe,dc,DC SERIES,Batman: Zero Point,2,6,2021-04-29T09:03:59Z
2026-09-04,v2:/12ed081fc63c6f53a140babe78463ff5b6bc399b3e02e8b15b9fb1166c95d8c1,"[VIRTUAL]1 x Batman Zero, 1 x Battle-Worn Cape, 1 x Grappling Axe, 1 x Batman Zero Wing, 1 x Batman From Zero for -1 MtxCurrency",3500,2100,1400,0.4,1,2026-09-04T00:00:00Z,2026-09-08T23:59:59.999Z,1,0,-1,DeathstrokemanLaugh,DC,191,tileGrid,Size_1_x_1,Loading Screen Included!,1,Batman Zero Bundle,5,br,Glider_ID_289_CavernMale_5I9RD,Batman Zero Wing,glider,dc,DC SERIES,Batman: Zero Point,2,6,2021-04-27T08:24:16Z
2026-09-04,v2:/12ed081fc63c6f53a140babe78463ff5b6bc399b3e02e8b15b9fb1166c95d8c1,"[VIRTUAL]1 x Batman Zero, 1 x Battle-Worn Cape, 1 x Grappling Axe, 1 x Batman Zero Wing, 1 x Batman From Zero for -1 MtxCurrency",3500,2100,1400,0.4,1,2026-09-04T00:00:00Z,2026-09-08T23:59:59.999Z,1,0,-1,DeathstrokemanLaugh,DC,191,tileGrid,Size_1_x_1,Loading Screen Included!,1,Batman Zero Bundle,5,br,LSID_296_Cavern_60EXF,Batman From Zero,loadingscreen,dc,DC SERIES,Batman: Zero Point,2,6,2021-04-29T09:03:59Z
2026-09-04,v2:/7e05701cfc34d4c1ce81f928ad72bcc3c36148874c3463e7992366d1c7d4dccd,[VIRTUAL]1 x Pitstop for 1200 MtxCurrency,1200,1200,0,0.0,0,2026-09-01T00:00:00Z,2026-09-07T23:59:59.999Z,1,0,-1,NS0901,No Sweat,184,tileGrid,Size_1_x_1,,0,,1,br,CID_828_Athena_Commando_F_Valet,Pitstop,outfit,rare,,Road Crew,2,4,2020-10-13T08:10:37Z
2026-09-04,v2:/aed6d706756c669a6c3d033b3268c74bfec935af8b0bec5ae06f81464a645359,[VIRTUAL]1 x In The End for 500 MtxCurrency,500,500,0,0.0,0,2026-09-01T00:00:00Z,2026-09-17T23:59:59.999Z,1,0,-11,JT090426,Jam Tracks,180,expandableList,Size_1_x_1,,0,,1,track,sid_placeholder_298,In The End,,,,,,,2024-08-29T13:33:26Z
2026-09-04,v2:/489b470bee93c0e5a81544c34bf164bc0acf7ddae23d04a53ca591e742ee076f,[VIRTUAL]1 x Manic for 800 MtxCurrency,800,800,0,0.0,0,2026-09-01T00:00:00Z,2026-09-07T23:59:59.999Z,1,0,-3,NS0901,No Sweat,184,tileGrid,Size_1_x_1,,0,,1,br,CID_546_Athena_Commando_F_TacticalRed,Manic,outfit,uncommon,,Onibi,1,X,2019-11-20T12:49:49Z
2026-09-04,v2:/6345e19bbb56f0f86c2f00eacadeed1d93e8f7c913c32d273b80c9501b22112d,[VIRTUAL]1 x Platformer Pace for 400 MtxCurrency,400,400,0,0.0,0,2026-09-04T00:00:00Z,2026-09-10T23:59:59.999Z,1,0,-4,FND090426,Spotlight Drops,197,tileGrid,Size_1_x_1,,0,,1,br,EID_FrameDash,Platformer Pace,emote,uncommon,,,7,4,2026-09-03T15:24:18Z
2026-09-04,v2:/66e27673b4dbeaf20207fb995d278d4555630cd08b142a4a55205e46cc0b4c46,[VIRTUAL]1 x Primal Danger for 400 MtxCurrency,400,400,0,0.0,0,2026-09-04T00:00:00Z,2026-09-04T23:59:59.999Z,1,0,-3,,,,,Size_1_x_1,,0,,1,br,BID_325_BoneWasp,Primal Danger,backpack,epic,,Sting,1,X,2019-11-20T12:50:32Z
2026-09-04,v2:/b6a7859727df75bc02bb9509e911cc1de7ab66743a5977e8b5f4f1b329c1f448,[VIRTUAL]1 x Buddy Holly for 500 MtxCurrency,500,500,0,0.0,0,2026-09-01T00:00:00Z,2026-09-21T23:59:59.999Z,1,0,-17,JT090426,Jam Tracks,180,expandableList,Size_1_x_1,,0,,1,track,sid_placeholder_25,Buddy Holly,,,,,,,2023-12-14T00:00:00Z
2026-09-04,v2:/51f7ebe4425cfd2b2a231c60e10b713cea63cd23c6bcdd4a45c56ee9196b3654,"[VIRTUAL]1 x Doughberman, 1 x Butter for -1 MtxCurrency",1300,1100,200,0.1538,1,2026-09-02T00:00:00Z,2026-09-04T23:59:59.999Z,1,0,-1,BR090426,Full Flex,186,tileGrid,Size_2_x_1,,1,Butter Bundle,2,br,Character_BatterBoi,Doughberman,outfit,epic,,Pure Bread,6,1,2024-12-18T12:19:13Z
2026-09-04,v2:/51f7ebe4425cfd2b2a231c60e10b713cea63cd23c6bcdd4a45c56ee9196b3654,"[VIRTUAL]1 x Doughberman, 1 x Butter for -1 MtxCurrency",1300,1100,200,0.1538,1,2026-09-02T00:00:00Z,2026-09-04T23:59:59.999Z,1,0,-1,BR090426,Full Flex,186,tileGrid,Size_2_x_1,,1,Butter Bundle,2,track,sid_placeholder_267,Butter,,,,,,,2024-07-18T13:57:48Z
2026-09-04,v2:/e53cf89097b03808903629d78b91a6bfa81d540cae9c470e6d8f6fd156fef200,[VIRTUAL]1 x Homegrown Gym for 300 MtxCurrency,300,300,0,0.0,0,2026-09-04T00:00:00Z,2026-09-07T23:59:59.999Z,1,0,-3,,,,,Size_1_x_1,,0,,1,br,Backpack_BlobRock,Homegrown Gym,backpack,rare,,Veggie Maxer,7,1,2026-01-09T09:35:34Z
2026-09-04,v2:/6b1529ea3c9f7fd6d8f2c1974510e43d7121a8320cfbeb4894fcd209d1d35cc0,[VIRTUAL]1 x Batman Zero Wing for 1200 MtxCurrency,1200,1200,0,0.0,0,2026-09-04T00:00:00Z,2026-09-08T23:59:59.999Z,1,0,-4,DeathstrokemanLaugh,DC,191,tileGrid,Size_1_x_1,,0,,1,br,Glider_ID_289_CavernMale_5I9RD,Batman Zero Wing,glider,dc,DC SERIES,Batman: Zero Point,2,6,2021-04-27T08:24:16Z
2026-09-04,v2:/33634c13a123284dc0dccba61b7d31edda7c5892a6413f8fff40143338611e11,[VIRTUAL]1 x TBD (SID_Placeholder_793) for 500 MtxCurrency,500,500,0,0.0,0,2026-09-04T00:00:00Z,2026-09-10T23:59:59.999Z,1,0,-4,JT090426,Jam Tracks,180,tileGrid,Size_1_x_1,,0,,1,track,sid_placeholder_793,Century,,,,,,,2026-05-14T19:25:28Z
2026-09-04,v2:/df7a5a13dc92711bcdf8b7ce483d69c96c85bcad0efe864f5a00e1802904d413,[VIRTUAL]1 x Lil' Cenat for 600 MtxCurrency,600,600,0,0.0,0,2026-09-01T00:00:00Z,2026-09-04T23:59:59.999Z,1,0,-3,KaiCenatBundle,Kai Cenat,173,tileGrid,Size_1_x_1,Reactive to eliminations! ,0,,1,br,Backpack_EssayViewMyth,Lil' Cenat,backpack,icon,Icon Series,Kai Cenat,6,5,2025-09-10T15:10:30Z
2026-09-04,v2:/a587b10ece5fcc16bc86708a8de1160a50b2052ceea18fb36aba6d576b67b755,[VIRTUAL]1 x Ace's Emblem for 200 MtxCurrency,200,200,0,0.0,0,2026-09-04T00:00:00Z,2026-09-06T23:59:59.999Z,1,0,-2,ChampionCrystal,FNCS,190,tileGrid,Size_1_x_1,,0,,1,br,Backpack_FNCS_S36,Ace's Emblem,backpack,rare,,FNCS,6,4,2025-06-18T09:06:01Z
2026-09-04,v2:/0bf7aecccb7fb82e20b6e385586bf43c1625d0bc1b2a1f33e94f2c03e473701f,[VIRTUAL]1 x TBD (SID_Placeholder_391) for 500 MtxCurrency,500,500,0,0.0,0,2026-09-01T00:00:00Z,2026-09-17T23:59:59.999Z,1,0,-80,JT090426,Jam Tracks,180,expandableList,Size_1_x_1,,0,,1,track,sid_placeholder_391,Locked Out Of Heaven,,,,,,,2025-07-16T00:00:48Z
2026-09-04,v2:/e9218dc39025e8833d03fc5a2420cf5aa7c11f2df94dee15f296a64bd2a3c4b6,"[VIRTUAL]1 x Coastal Catwoman, 1 x Riptide Claws for -1 MtxCurrency",1500,1500,0,0.0,0,2026-08-31T00:00:00Z,2026-09-06T23:59:59.999Z,1,0,-1,SummerBatman,Hot Bat Summer,192,tileGrid,Size_1_x_1,,0,,2,br,Character_HammerVice,Coastal Catwoman,outfit,dc,DC SERIES,Gotham City Summer,7,3,2026-07-16T08:00:00Z
2026-09-04,v2:/e9218dc39025e8833d03fc5a2420cf5aa7c11f2df94dee15f296a64bd2a3c4b6,"[VIRTUAL]1 x Coastal Catwoman, 1 x Riptide Claws for -1 MtxCurrency",1500,1500,0,0.0,0,2026-08-31T00:00:00Z,2026-09-06T23:59:59.999Z,1,0,-1,SummerBatman,Hot Bat Summer,192,tileGrid,Size_1_x_1,,0,,2,br,Pickaxe_HammerVice,Riptide Claws,pickaxe,dc,DC SERIES,Gotham City Summer,7,3,2026-07-16T08:00:00Z
2026-09-04,v2:/255473b9760e7b119024f1ad0f828409905454c98b3d1e46c0601492f9693f64,[VIRTUAL]1 x Infinite Dab for 500 MtxCurrency,500,500,0,0.0,0,2026-09-04T00:00:00Z,2026-09-04T23:59:59.999Z,1,0,-4,BR090426,Full Flex,186,tileGrid,Size_1_x_1,,0,,1,br,EID_InfiniteDab,Infinite Dab,emote,rare,,,1,4,2019-11-20T12:48:10Z
2026-09-04,v2:/fffc07a84acb5fd658e96a3b3c6f3ce36fc7633bc266a8acbef294898fc3ae89,[VIRTUAL]1 x TBD (SID_Placeholder_537) for 500 MtxCurrency,500,500,0,0.0,0,2026-09-01T00:00:00Z,2026-09-17T23:59:59.999Z,1,0,-102,JT090426,Jam Tracks,180,expandableList,Size_1_x_1,,0,,1,track,sid_placeholder_537,Please Please Please,,,,,,,2025-04-08T08:00:00Z
2026-09-04,v2:/f1ee680ce639ea2c95241c5cc6cfb0c105b92a971540ff77fb21fc17ea0a650f,[VIRTUAL]1 x Match Point for 800 MtxCurrency,800,800,0,0.0,0,2026-09-04T00:00:00Z,2026-09-04T23:59:59.999Z,1,0,-1,BR090426,Full Flex,186,tileGrid,Size_1_x_1,,0,,1,br,CID_468_Athena_Commando_F_TennisWhite,Match Point,outfit,uncommon,,,1,9,2019-11-20T12:49:54Z
2026-09-04,v2:/4a4f415a0a75cdd695bb3ea541d3a50827f6e16a42e23d7a5b6787a97683e52e,[VIRTUAL]1 x Kryptonite for 500 MtxCurrency,500,500,0,0.0,0,2026-09-01T00:00:00Z,2026-09-17T23:59:59.999Z,1,0,-86,JT090426,Jam Tracks,180,expandableList,Size_1_x_1,,0,,1,track,sid_placeholder_300,Kryptonite,,,,,,,2024-12-26T14:34:39Z
2026-09-04,v2:/0531528b9b04002e810ec6e1758b8014460033d91530dc5a9f41ce40565becda,"[VIRTUAL]1 x The Batman Who Laughs, 1 x Robin's Perch for -1 MtxCurrency",1500,1500,0,0.0,0,2026-09-04T00:00:00Z,2026-09-08T23:59:59.999Z,1,0,-2,DeathstrokemanLaugh,DC,191,tileGrid,Size_1_x_1,,0,,2,br,CID_A_219_Athena_Commando_M_Giggle_C2UK0,The Batman Who Laughs,outfit,dc,DC SERIES,Dark Multiverse,2,8,2021-10-22T16:37:22Z
2026-09-04,v2:/0531528b9b04002e810ec6e1758b8014460033d91530dc5a9f41ce40565becda,"[VIRTUAL]1 x The Batman Who Laughs, 1 x Robin's Perch for -1 MtxCurrency",1500,1500,0,0.0,0,2026-09-04T00:00:00Z,2026-09-08T23:59:59.999Z,1,0,-2,DeathstrokemanLaugh,DC,191,tileGrid,Size_1_x_1,,0,,2,br,BID_872_Giggle_LN5LR,Robin's Perch,backpack,dc,DC SERIES,Dark Multiverse,2,8,2021-10-22T16:37:22Z
2026-09-04,v2:/1b5514fe91aa20d3e572859c235793596361a30dd975ac03ab77440b0154f294,[VIRTUAL]1 x TBD (SID_Placeholder_686) for 500 MtxCurrency,500,500,0,0.0,0,2026-09-01T00:00:00Z,2026-09-17T23:59:59.999Z,1,0,-27,JT090426,Jam Tracks,180,expandableList,Size_1_x_1,,0,,1,track,sid_placeholder_686,Ring Ring Ring,,,,,,,2025-11-14T14:43:54Z
2026-09-04,v2:/80658925560effead59ca7000adc819d288be2331a5ab28692f8dc8e3bb02201,[VIRTUAL]1 x Purple Jam for 300 MtxCurrency,300,300,0,0.0,0,2026-09-04T00:00:00Z,2026-09-06T23:59:59.999Z,1,0,-4,,,,,Size_1_x_1,,0,,1,br,BID_455_NeonGraffitiFemale,Purple Jam,backpack,rare,,Aerosol Assassins,2,1,2020-01-15T09:35:49Z
2026-09-04,v2:/db8f67126af4d3ff9b6a174c5d2e76127153a878941ebda20c19cedddf6345de,[VIRTUAL]1 x Chica's Star for 300 MtxCurrency,300,300,0,0.0,0,2026-09-02T00:00:00Z,2026-09-04T23:59:59.999Z,1,0,-4,,,,,Size_1_x_1,,0,,1,br,BID_976_LittleEgg_Female_4EJ99,Chica's Star,backpack,icon,Icon Series,Chica,3,2,2022-05-04T16:00:03Z
2026-09-04,v2:/81abe1088bb942007424e9f5307877d6ad1f3a2d8e9353c570ccd84968121c28,[VIRTUAL]1 x Rumi (HUNTR/X) for 1500 MtxCurrency,1500,1500,0,0.0,0,2026-09-02T00:00:00Z,2026-09-06T23:59:59.999Z,1,0,-2,KPop1,KPop Demon Hunters,185,tileGrid,Size_1_x_1,,0,,1,br,Character_LoanFloat,Rumi (HUNTR/X),outfit,icon,Icon Series,KPop Demon Hunters,6,5,2025-10-02T08:00:00Z
2026-09-04,v2:/8b7e99dbd5b13253bd2387863d39f49220b50d99aa276baa2055a1f41f3b45df,"[VIRTUAL]1 x Crash Bandicoot, 1 x Bandicoot for -1 MtxCurrency",1500,1500,0,0.0,0,2026-08-29T00:00:00Z,2026-09-11T23:59:59.999Z,1,0,-1,CrashSpyro1,Crash Bandicoot & Spyro the Dragon,189,tileGrid,Size_2_x_1,,0,,2,br,Character_SpruceBark,Crash Bandicoot,outfit,gaminglegends,Gaming Legends Series,Crash Bandicoot,7,4,2026-08-26T23:33:06Z
2026-09-04,v2:/8b7e99dbd5b13253bd2387863d39f49220b50d99aa276baa2055a1f41f3b45df,"[VIRTUAL]1 x Crash Bandicoot, 1 x Bandicoot for -1 MtxCurrency",1500,1500,0,0.0,0,2026-08-29T00:00:00Z,2026-09-11T23:59:59.999Z,1,0,-1,CrashSpyro1,Crash Bandicoot & Spyro the Dragon,189,tileGrid,Size_2_x_1,,0,,2,br,Wrap_SpruceBark,Bandicoot,wrap,gaminglegends,Gaming Legends Series,Crash Bandicoot,7,4,2026-08-26T23:33:06Z
2026-09-04,v2:/033c1e357d437bf53c3c8949af4d251e4beb6bd57b9b68fb9c4edfc19cf63d56,[VIRTUAL]1 x Hey Ya! for 500 MtxCurrency,500,500,0,0.0,0,2026-09-01T00:00:00Z,2026-09-17T23:59:59.999Z,1,0,-84,JT090426,Jam Tracks,180,expandableList,Size_1_x_1,,0,,1,track,sid_placeholder_283,Hey Ya!,,,,,,,2024-11-27T14:32:37Z
2026-09-04,v2:/2767138459a9816efc7964c9a486806b4ad2ea355bdab8eb524cf82b550ef89a,[VIRTUAL]1 x Crank That (Soulja Boy) for 500 MtxCurrency,500,500,0,0.0,0,2026-09-01T00:00:00Z,2026-09-17T23:59:59.999Z,1,0,-47,JT090426,Jam Tracks,180,expandableList,Size_1_x_1,,0,,1,track,sid_placeholder_382,Crank That (Soulja Boy),,,,,,,2024-11-02T07:02:33Z
2026-09-04,v2:/f99143af2a821379a02aedaf6aa6c0f1959f20f8f604810e1f29f63df844014b,[VIRTUAL]1 x Voxelators for 600 MtxCurrency,600,600,0,0.0,0,2026-08-31T00:00:00Z,2026-09-06T23:59:59.999Z,1,0,-3,BR090426,Full Flex,186,tileGrid,Size_1_x_1,,0,,1,br,Shoes_PixelBurst,Voxelators,shoe,uncommon,,,6,5,2025-10-04T03:58:20Z
2026-09-04,v2:/4ecd960a7b9cc75209e2294e6112023b3260331ba36c2833409f6e1fe8fbd16e,[VIRTUAL]1 x adidas Ultraboost 1.0 x Fortnite 'Victory Crown White' for 1000 MtxCurrency,1000,1000,0,0.0,0,2026-08-31T00:00:00Z,2026-09-06T23:59:59.999Z,1,0,-3,BR090426,Full Flex,186,tileGrid,Size_1_x_1,,0,,1,br,Shoes_EnergyBuryPasilla,adidas Ultraboost 1.0 x Fortnite 'Victory Crown White',shoe,uncommon,,adidas Shoes,6,2,2025-03-02T00:00:00Z
2026-09-04,v2:/aaf39cfd261a734d6a53b23367c856c514c9c5f57afa1f021309b34079e14529,[VIRTUAL]1 x Grappling Axe for 800 MtxCurrency,800,800,0,0.0,0,2026-09-04T00:00:00Z,2026-09-08T23:59:59.999Z,1,0,-3,DeathstrokemanLaugh,DC,191,tileGrid,Size_1_x_1,,0,,1,br,Pickaxe_ID_589_CavernMale_9U0A8,Grappling Axe,pickaxe,dc,DC SERIES,Batman: Zero Point,2,6,2021-04-29T09:03:59Z
2026-09-04,v2:/56368ee1272f0b7632ceb08af0b505737f448df7fac3234195955961afb98549,"[VIRTUAL]1 x Beach Bod Batman, 1 x Batman Floatie, 1 x Coastal Catwoman, 1 x Riptide Claws, 1 x Ace the Bat-Hound, 1 x Beach Bats, 1 x Surf's Up!, 1 x Batman Paddle, 1 x Selina's Treasure Tote for -1 MtxCurrency",6900,3000,3900,0.5652,1,2026-08-31T00:00:00Z,2026-09-06T23:59:59.999Z,1,0,-1,SummerBatman,Hot Bat Summer,192,tileGrid,Size_2_x_1,,1,Gotham City Summer Bundle,9,br,Character_TideCompost,Beach Bod Batman,outfit,dc,DC SERIES,Gotham City Summer,,,2026-07-16T08:00:00Z
2026-09-04,v2:/56368ee1272f0b7632ceb08af0b505737f448df7fac3234195955961afb98549,"[VIRTUAL]1 x Beach Bod Batman, 1 x Batman Floatie, 1 x Coastal Catwoman, 1 x Riptide Claws, 1 x Ace the Bat-Hound, 1 x Beach Bats, 1 x Surf's Up!, 1 x Batman Paddle, 1 x Selina's Treasure Tote for -1 MtxCurrency",6900,3000,3900,0.5652,1,2026-08-31T00:00:00Z,2026-09-06T23:59:59.999Z,1,0,-1,SummerBatman,Hot Bat Summer,192,tileGrid,Size_2_x_1,,1,Gotham City Summer Bundle,9,br,Backpack_TideCompost,Batman Floatie,backpack,dc,DC SERIES,Gotham City Summer,7,3,2026-07-16T08:00:00Z
2026-09-04,v2:/56368ee1272f0b7632ceb08af0b505737f448df7fac3234195955961afb98549,"[VIRTUAL]1 x Beach Bod Batman, 1 x Batman Floatie, 1 x Coastal Catwoman, 1 x Riptide Claws, 1 x Ace the Bat-Hound, 1 x Beach Bats, 1 x Surf's Up!, 1 x Batman Paddle, 1 x Selina's Treasure Tote for -1 MtxCurrency",6900,3000,3900,0.5652,1,2026-08-31T00:00:00Z,2026-09-06T23:59:59.999Z,1,0,-1,SummerBatman,Hot Bat Summer,192,tileGrid,Size_2_x_1,,1,Gotham City Summer Bundle,9,br,Character_HammerVice,Coastal Catwoman,outfit,dc,DC SERIES,Gotham City Summer,7,3,2026-07-16T08:00:00Z
2026-09-04,v2:/56368ee1272f0b7632ceb08af0b505737f448df7fac3234195955961afb98549,"[VIRTUAL]1 x Beach Bod Batman, 1 x Batman Floatie, 1 x Coastal Catwoman, 1 x Riptide Claws, 1 x Ace the Bat-Hound, 1 x Beach Bats, 1 x Surf's Up!, 1 x Batman Paddle, 1 x Selina's Treasure Tote for -1 MtxCurrency",6900,3000,3900,0.5652,1,2026-08-31T00:00:00Z,2026-09-06T23:59:59.999Z,1,0,-1,SummerBatman,Hot Bat Summer,192,tileGrid,Size_2_x_1,,1,Gotham City Summer Bundle,9,br,Pickaxe_HammerVice,Riptide Claws,pickaxe,dc,DC SERIES,Gotham City Summer,7,3,2026-07-16T08:00:00Z
2026-09-04,v2:/56368ee1272f0b7632ceb08af0b505737f448df7fac3234195955961afb98549,"[VIRTUAL]1 x Beach Bod Batman, 1 x Batman Floatie, 1 x Coastal Catwoman, 1 x Riptide Claws, 1 x Ace the Bat-Hound, 1 x Beach Bats, 1 x Surf's Up!, 1 x Batman Paddle, 1 x Selina's Treasure Tote for -1 MtxCurrency",6900,3000,3900,0.5652,1,2026-08-31T00:00:00Z,2026-09-06T23:59:59.999Z,1,0,-1,SummerBatman,Hot Bat Summer,192,tileGrid,Size_2_x_1,,1,Gotham City Summer Bundle,9,br,Companion_ScoffFrill,Ace the Bat-Hound,sidekick,dc,DC SERIES,Gotham City Summer,7,3,2026-07-16T08:00:00Z
2026-09-04,v2:/56368ee1272f0b7632ceb08af0b505737f448df7fac3234195955961afb98549,"[VIRTUAL]1 x Beach Bod Batman, 1 x Batman Floatie, 1 x Coastal Catwoman, 1 x Riptide Claws, 1 x Ace the Bat-Hound, 1 x Beach Bats, 1 x Surf's Up!, 1 x Batman Paddle, 1 x Selina's Treasure Tote for -1 MtxCurrency",6900,3000,3900,0.5652,1,2026-08-31T00:00:00Z,2026-09-06T23:59:59.999Z,1,0,-1,SummerBatman,Hot Bat Summer,192,tileGrid,Size_2_x_1,,1,Gotham City Summer Bundle,9,br,Shoes_TideCompostZoo,Beach Bats,shoe,dc,DC SERIES,Gotham City Summer,7,3,2026-07-16T08:00:00Z
2026-09-04,v2:/56368ee1272f0b7632ceb08af0b505737f448df7fac3234195955961afb98549,"[VIRTUAL]1 x Beach Bod Batman, 1 x Batman Floatie, 1 x Coastal Catwoman, 1 x Riptide Claws, 1 x Ace the Bat-Hound, 1 x Beach Bats, 1 x Surf's Up!, 1 x Batman Paddle, 1 x Selina's Treasure Tote for -1 MtxCurrency",6900,3000,3900,0.5652,1,2026-08-31T00:00:00Z,2026-09-06T23:59:59.999Z,1,0,-1,SummerBatman,Hot Bat Summer,192,tileGrid,Size_2_x_1,,1,Gotham City Summer Bundle,9,br,EID_TideCompost,Surf's Up!,emote,dc,DC SERIES,Gotham City Summer,7,3,2026-07-16T08:00:00Z
2026-09-04,v2:/56368ee1272f0b7632ceb08af0b505737f448df7fac3234195955961afb98549,"[VIRTUAL]1 x Beach Bod Batman, 1 x Batman Floatie, 1 x Coastal Catwoman, 1 x Riptide Claws, 1 x Ace the Bat-Hound, 1 x Beach Bats, 1 x Surf's Up!, 1 x Batman Paddle, 1 x Selina's Treasure Tote for -1 MtxCurrency",6900,3000,3900,0.5652,1,2026-08-31T00:00:00Z,2026-09-06T23:59:59.999Z,1,0,-1,SummerBatman,Hot Bat Summer,192,tileGrid,Size_2_x_1,,1,Gotham City Summer Bundle,9,br,Pickaxe_TideCompost,Batman Paddle,pickaxe,dc,DC SERIES,Gotham City Summer,7,3,2026-07-16T08:00:00Z
2026-09-04,v2:/56368ee1272f0b7632ceb08af0b505737f448df7fac3234195955961afb98549,"[VIRTUAL]1 x Beach Bod Batman, 1 x Batman Floatie, 1 x Coastal Catwoman, 1 x Riptide Claws, 1 x Ace the Bat-Hound, 1 x Beach Bats, 1 x Surf's Up!, 1 x Batman Paddle, 1 x Selina's Treasure Tote for -1 MtxCurrency",6900,3000,3900,0.5652,1,2026-08-31T00:00:00Z,2026-09-06T23:59:59.999Z,1,0,-1,SummerBatman,Hot Bat Summer,192,tileGrid,Size_2_x_1,,1,Gotham City Summer Bundle,9,br,Backpack_HammerVice,Selina's Treasure Tote,backpack,dc,DC SERIES,Gotham City Summer,7,3,2026-07-16T08:00:00Z
2026-09-04,v2:/d3d107689e21e3d73750ab6f385de1061825f16aa680babde41650ef5570f6b5,[VIRTUAL]1 x The Hills for 500 MtxCurrency,500,500,0,0.0,0,2026-09-04T00:00:00Z,2026-09-10T23:59:59.999Z,1,0,-3,JT090426,Jam Tracks,180,tileGrid,Size_1_x_1,,0,,1,track,sid_placeholder_06,The Hills,,,,,,,2023-12-09T15:00:00Z
2026-09-04,v2:/8f2d26861c0be571e288576faf3d1e6bfb189eb1aaa486a29714c1f6ec215d50,"[VIRTUAL]1 x Beach Bod Batman, 1 x Batman Floatie for -1 MtxCurrency",1500,1500,0,0.0,0,2026-08-31T00:00:00Z,2026-09-06T23:59:59.999Z,1,0,-2,SummerBatman,Hot Bat Summer,192,tileGrid,Size_1_x_1,,0,,2,br,Character_TideCompost,Beach Bod Batman,outfit,dc,DC SERIES,Gotham City Summer,,,2026-07-16T08:00:00Z
2026-09-04,v2:/8f2d26861c0be571e288576faf3d1e6bfb189eb1aaa486a29714c1f6ec215d50,"[VIRTUAL]1 x Beach Bod Batman, 1 x Batman Floatie for -1 MtxCurrency",1500,1500,0,0.0,0,2026-08-31T00:00:00Z,2026-09-06T23:59:59.999Z,1,0,-2,SummerBatman,Hot Bat Summer,192,tileGrid,Size_1_x_1,,0,,2,br,Backpack_TideCompost,Batman Floatie,backpack,dc,DC SERIES,Gotham City Summer,7,3,2026-07-16T08:00:00Z
2026-09-04,v2:/30a68889093ffffd6d693f1ab5da6a02010ba4308e0cf436adca832b6e21eb29,[VIRTUAL]1 x Hypnotic Mandibles for 200 MtxCurrency,200,200,0,0.0,0,2026-09-04T00:00:00Z,2026-09-04T23:59:59.999Z,1,0,-2,,,,,Size_1_x_1,,0,,1,br,Backpack_LucidAzalea,Hypnotic Mandibles,backpack,rare,,,4,4,2023-09-26T14:25:42Z
2026-09-04,v2:/7bd80941b9a0f8ea9165a08f842010da85f9dcaa3fe4eb7ae791f24a92f20834,[VIRTUAL]1 x Regulate for 500 MtxCurrency,500,500,0,0.0,0,2026-09-01T00:00:00Z,2026-09-17T23:59:59.999Z,1,0,-61,JT090426,Jam Tracks,180,expandableList,Size_1_x_1,,0,,1,track,sid_placeholder_265,Regulate,,,,,,,2024-11-02T06:00:00Z
2026-09-04,v2:/3593b6035bb26129d455f4f3b09f6e8b7a2c127d76a361244b93a71096d7bc86,[VIRTUAL]1 x Carry on Wayward Son for 500 MtxCurrency,500,500,0,0.0,0,2026-09-01T00:00:00Z,2026-09-17T23:59:59.999Z,1,0,-44,JT090426,Jam Tracks,180,expandableList,Size_1_x_1,,0,,1,track,sid_placeholder_11,Carry on Wayward Son,,,,,,,2024-03-20T00:05:45Z
2026-09-04,v2:/7ca0359f6aab7e19dcb8efc43ed159730534f6c0f7af5a8484ed770bbd819f32,[VIRTUAL]1 x XO Tour Llif3  for 500 MtxCurrency,500,500,0,0.0,0,2026-09-01T00:00:00Z,2026-09-17T23:59:59.999Z,1,0,-22,JT090426,Jam Tracks,180,expandableList,Size_1_x_1,,0,,1,track,sid_placeholder_184,XO Tour Llif3,,,,,,,2024-04-16T20:20:56Z
2026-09-04,v2:/f1d4a7ea84475d08d950f713e01c0271a16a3995f1301c834002990bda159b67,[VIRTUAL]1 x TBD (SID_Placeholder_722) for 500 MtxCurrency,500,500,0,0.0,0,2026-09-01T00:00:00Z,2026-09-17T23:59:59.999Z,1,0,-96,JT090426,Jam Tracks,180,expandableList,Size_1_x_1,,0,,1,track,sid_placeholder_722,future base,,,,,,,2026-01-13T19:59:54Z
2026-09-04,v2:/f6c4ad2f89533dcf5cda650cc5f568512448892a80f51c8bd2f9fdeea6f6f8d2,[VIRTUAL]1 x Kick It for 200 MtxCurrency,200,200,0,0.0,0,2026-09-04T00:00:00Z,2026-09-04T23:59:59.999Z,1,0,-4,BR090426,Full Flex,186,tileGrid,Size_1_x_1,,0,,1,br,EID_Bass_ShootKickJump,Kick It,emote,uncommon,,,5,1,2024-03-14T00:00:00Z
2026-09-04,v2:/93f04d229567f72507f28034d6e7f055e37312bbe3bef933f0a46781f47ebdc1,"[VIRTUAL]1 x Fractal Brite Bomber, 1 x Armored Brite Bag for -1 MtxCurrency",1200,1200,0,0.0,0,2026-09-04T00:00:00Z,2026-09-10T23:59:59.999Z,1,0,-2,FND090426,Spotlight Drops,197,tileGrid,Size_1_x_1,,0,,2,br,Character_DyeBlast,Fractal Brite Bomber,outfit,epic,,Fractal Heroes,7,4,2026-09-03T15:24:18Z
2026-09-04,v2:/93f04d229567f72507f28034d6e7f055e37312bbe3bef933f0a46781f47ebdc1,"[VIRTUAL]1 x Fractal Brite Bomber, 1 x Armored Brite Bag for -1 MtxCurrency",1200,1200,0,0.0,0,2026-09-04T00:00:00Z,2026-09-10T23:59:59.999Z,1,0,-2,FND090426,Spotlight Drops,197,tileGrid,Size_1_x_1,,0,,2,br,Backpack_DyeBlast,Armored Brite Bag,backpack,rare,,Fractal Heroes,7,4,2026-09-03T15:24:18Z
2026-09-04,v2:/88a4ca703dcaf74b5b892f9ee9c2d7570a35ad6d4bb33b918ffb816f2b20a176,[VIRTUAL]1 x TBD (SID_Placeholder_684) for 500 MtxCurrency,500,500,0,0.0,0,2026-09-04T00:00:00Z,2026-09-10T23:59:59.999Z,1,0,-2,JT090426,Jam Tracks,180,tileGrid,Size_1_x_1,,0,,1,track,sid_placeholder_684,Sticky,,,,,,,2025-11-15T00:00:00Z
2026-09-04,v2:/cf2f952b10258214166d065211198afe6915b7f7cd71a43c8629f3fae1c6c59a,[VIRTUAL]1 x I Had Some Help for 500 MtxCurrency,500,500,0,0.0,0,2026-09-01T00:00:00Z,2026-09-17T23:59:59.999Z,1,0,-6,JT090426,Jam Tracks,180,expandableList,Size_1_x_1,,0,,1,track,sid_placeholder_248,I Had Some Help,,,,,,,2024-06-06T13:32:50Z
2026-09-04,v2:/ab7ed63b6bba11bee9892e35d374ab363bd903803360c5a1cffaa7eb4bcc44ae,"[VIRTUAL]1 x Imperator DT5, 1 x Imperator DT5, 1 x Imperator DT5, 1 x Imperator DT5, 1 x Imperator DT5, 1 x Imperator DT5, 1 x Imperator DT5, 1 x Imperator DT5, 1 x Imperator DT5, 1 x Imperator DT5, 1 x Imperator DT5, 1 x Imperator DT5, 1 x Imperator DT5, 1 x Imperator DT5, 1 x 80s Grad, 1 x ARC, 1 x NBP, 1 x Skullcap, 1 x Righteous Sun, 1 x Overhaul for -1 MtxCurrency",1500,1500,0,0.0,0,2026-09-02T00:00:00Z,2026-09-08T23:59:59.999Z,1,0,-1,ImperatorDT5,Imperator DT5,176,tileGrid,Size_3_x_1,Decals in this bundle are restricted to the Imperator DT5 car body.,1,Imperator DT5,6,car,CarSkin_Multigrain80sClass,80s Grad,skin,uncommon,,,,,2024-06-22T08:19:52Z
2026-09-04,v2:/ab7ed63b6bba11bee9892e35d374ab363bd903803360c5a1cffaa7eb4bcc44ae,"[VIRTUAL]1 x Imperator DT5, 1 x Imperator DT5, 1 x Imperator DT5, 1 x Imperator DT5, 1 x Imperator DT5, 1 x Imperator DT5, 1 x Imperator DT5, 1 x Imperator DT5, 1 x Imperator DT5, 1 x Imperator DT5, 1 x Imperator DT5, 1 x Imperator DT5, 1 x Imperator DT5, 1 x Imperator DT5, 1 x 80s Grad, 1 x ARC, 1 x NBP, 1 x Skullcap, 1 x Righteous Sun, 1 x Overhaul for -1 MtxCurrency",1500,1500,0,0.0,0,2026-09-02T00:00:00Z,2026-09-08T23:59:59.999Z,1,0,-1,ImperatorDT5,Imperator DT5,176,tileGrid,Size_3_x_1,Decals in this bundle are restricted to the Imperator DT5 car body.,1,Imperator DT5,6,car,CarSkin_MultigrainArcSquad,ARC,skin,uncommon,,,,,2024-06-22T08:19:52Z
2026-09-04,v2:/ab7ed63b6bba11bee9892e35d374ab363bd903803360c5a1cffaa7eb4bcc44ae,"[VIRTUAL]1 x Imperator DT5, 1 x Imperator DT5, 1 x Imperator DT5, 1 x Imperator DT5, 1 x Imperator DT5, 1 x Imperator DT5, 1 x Imperator DT5, 1 x Imperator DT5, 1 x Imperator DT5, 1 x Imperator DT5, 1 x Imperator DT5, 1 x Imperator DT5, 1 x Imperator DT5, 1 x Imperator DT5, 1 x 80s Grad, 1 x ARC, 1 x NBP, 1 x Skullcap, 1 x Righteous Sun, 1 x Overhaul for -1 MtxCurrency",1500,1500,0,0.0,0,2026-09-02T00:00:00Z,2026-09-08T23:59:59.999Z,1,0,-1,ImperatorDT5,Imperator DT5,176,tileGrid,Size_3_x_1,Decals in this bundle are restricted to the Imperator DT5 car body.,1,Imperator DT5,6,car,CarSkin_MultigrainBP,NBP,skin,uncommon,,,,,2024-06-22T08:19:52Z
2026-09-04,v2:/ab7ed63b6bba11bee9892e35d374ab363bd903803360c5a1cffaa7eb4bcc44ae,"[VIRTUAL]1 x Imperator DT5, 1 x Imperator DT5, 1 x Imperator DT5, 1 x Imperator DT5, 1 x Imperator DT5, 1 x Imperator DT5, 1 x Imperator DT5, 1 x Imperator DT5, 1 x Imperator DT5, 1 x Imperator DT5, 1 x Imperator DT5, 1 x Imperator DT5, 1 x Imperator DT5, 1 x Imperator DT5, 1 x 80s Grad, 1 x ARC, 1 x NBP, 1 x Skullcap, 1 x Righteous Sun, 1 x Overhaul for -1 MtxCurrency",1500,1500,0,0.0,0,2026-09-02T00:00:00Z,2026-09-08T23:59:59.999Z,1,0,-1,ImperatorDT5,Imperator DT5,176,tileGrid,Size_3_x_1,Decals in this bundle are restricted to the Imperator DT5 car body.,1,Imperator DT5,6,car,CarSkin_MultigrainPainted,Skullcap,skin,uncommon,,,,,2024-06-22T08:19:52Z
2026-09-04,v2:/ab7ed63b6bba11bee9892e35d374ab363bd903803360c5a1cffaa7eb4bcc44ae,"[VIRTUAL]1 x Imperator DT5, 1 x Imperator DT5, 1 x Imperator DT5, 1 x Imperator DT5, 1 x Imperator DT5, 1 x Imperator DT5, 1 x Imperator DT5, 1 x Imperator DT5, 1 x Imperator DT5, 1 x Imperator DT5, 1 x Imperator DT5, 1 x Imperator DT5, 1 x Imperator DT5, 1 x Imperator DT5, 1 x 80s Grad, 1 x ARC, 1 x NBP, 1 x Skullcap, 1 x Righteous Sun, 1 x Overhaul for -1 MtxCurrency",1500,1500,0,0.0,0,2026-09-02T00:00:00Z,2026-09-08T23:59:59.999Z,1,0,-1,ImperatorDT5,Imperator DT5,176,tileGrid,Size_3_x_1,Decals in this bundle are restricted to the Imperator DT5 car body.,1,Imperator DT5,6,car,CarSkin_MultigrainPat,Righteous Sun,skin,uncommon,,,,,2024-06-22T08:19:52Z
2026-09-04,v2:/ab7ed63b6bba11bee9892e35d374ab363bd903803360c5a1cffaa7eb4bcc44ae,"[VIRTUAL]1 x Imperator DT5, 1 x Imperator DT5, 1 x Imperator DT5, 1 x Imperator DT5, 1 x Imperator DT5, 1 x Imperator DT5, 1 x Imperator DT5, 1 x Imperator DT5, 1 x Imperator DT5, 1 x Imperator DT5, 1 x Imperator DT5, 1 x Imperator DT5, 1 x Imperator DT5, 1 x Imperator DT5, 1 x 80s Grad, 1 x ARC, 1 x NBP, 1 x Skullcap, 1 x Righteous Sun, 1 x Overhaul for -1 MtxCurrency",1500,1500,0,0.0,0,2026-09-02T00:00:00Z,2026-09-08T23:59:59.999Z,1,0,-1,ImperatorDT5,Imperator DT5,176,tileGrid,Size_3_x_1,Decals in this bundle are restricted to the Imperator DT5 car body.,1,Imperator DT5,6,car,CarSkin_MultigrainShapes,Overhaul,skin,uncommon,,,,,2024-06-22T08:19:52Z
2026-09-04,v2:/a6afa34ecd147b85b49434788d0d28415d0e5aa7d7640abc6e51cd48000cdd8c,[VIRTUAL]1 x Siren Wings for 400 MtxCurrency,400,400,0,0.0,0,2026-08-30T00:00:00Z,2026-09-05T23:59:59.999Z,1,0,-2,LilithPsychoBandit,Borderlands,182,tileGrid,Size_1_x_1,,0,,1,br,Backpack_FifthFully,Siren Wings,backpack,gaminglegends,Gaming Legends Series,Mayhem,7,4,2026-08-28T13:01:08Z
2026-09-04,v2:/c72cd290bade0309d8684dcfe99f1d0fd88e574647739cbe457a56e7a50abe59,[VIRTUAL]1 x Rocket Recline for 800 MtxCurrency,800,800,0,0.0,0,2026-09-01T00:00:00Z,2026-09-04T23:59:59.999Z,1,0,-4,KaiCenatBundle,Kai Cenat,173,tileGrid,Size_1_x_1,,0,,1,br,EID_EssayViewPier,Rocket Recline,emote,icon,Icon Series,Kai Cenat,6,5,2025-09-10T15:10:30Z
2026-09-04,v2:/24df9e9a8e07e30d9738739078f7fd107ae3cb87a348a73226fb0af0f17db148,[VIRTUAL]1 x Steel Belted Pickles for 400 MtxCurrency,400,400,0,0.0,0,2026-09-04T00:00:00Z,2026-09-07T23:59:59.999Z,1,0,-1,,,,,Size_3_x_1,,0,,1,car,Wheel_Lionsmane01,Steel Belted Pickles,wheel,uncommon,,,,,2025-12-20T00:00:00Z
2026-09-04,v2:/e4237afd2d23dc61f989b74732be427c5af01b9e8b0b74a63d25581d18936fb1,"[VIRTUAL]1 x Bikini Bottom Ice Spice, 1 x Patrick Star, 1 x Spicefish, 1 x Ice's Parasol, 1 x Big Guy (From ""The Spongebob Movie: Search for SquarePants""), 1 x Patrick's Ultimate Cone, 1 x Jellyfish Net, 1 x Bikini Bottom Jellyfish, 1 x Rockstarfish, 1 x Rockstarfish, 1 x Rockstarfish, 1 x K-BLUB Special, 1 x K-BLUB Special, 1 x K-BLUB Special, 1 x TBD (SID_Placeholder_799) for -1 MtxCurrency",8700,3400,5300,0.6092,1,2026-09-04T00:00:00Z,2026-09-07T23:59:59.999Z,1,0,-1,SummerIceSpiceSpongebob,SpongeBob SquarePants,194,tileGrid,Size_1_x_1,,1,Bikini Bottom Ice Spice & Patrick Star Bundle,15,br,Character_DangerIndex,Bikini Bottom Ice Spice,outfit,icon,Icon Series,Ice Spice,7,3,2026-07-23T14:00:30Z
2026-09-04,v2:/e4237afd2d23dc61f989b74732be427c5af01b9e8b0b74a63d25581d18936fb1,"[VIRTUAL]1 x Bikini Bottom Ice Spice, 1 x Patrick Star, 1 x Spicefish, 1 x Ice's Parasol, 1 x Big Guy (From ""The Spongebob Movie: Search for SquarePants""), 1 x Patrick's Ultimate Cone, 1 x Jellyfish Net, 1 x Bikini Bottom Jellyfish, 1 x Rockstarfish, 1 x Rockstarfish, 1 x Rockstarfish, 1 x K-BLUB Special, 1 x K-BLUB Special, 1 x K-BLUB Special, 1 x TBD (SID_Placeholder_799) for -1 MtxCurrency",8700,3400,5300,0.6092,1,2026-09-04T00:00:00Z,2026-09-07T23:59:59.999Z,1,0,-1,SummerIceSpiceSpongebob,SpongeBob SquarePants,194,tileGrid,Size_1_x_1,,1,Bikini Bottom Ice Spice & Patrick Star Bundle,15,br,Companion_SpendPlume,Patrick Star,sidekick,uncommon,,SpongeBob SquarePants,7,3,2026-07-23T14:00:30Z
2026-09-04,v2:/e4237afd2d23dc61f989b74732be427c5af01b9e8b0b74a63d25581d18936fb1,"[VIRTUAL]1 x Bikini Bottom Ice Spice, 1 x Patrick Star, 1 x Spicefish, 1 x Ice's Parasol, 1 x Big Guy (From ""The Spongebob Movie: Search for SquarePants""), 1 x Patrick's Ultimate Cone, 1 x Jellyfish Net, 1 x Bikini Bottom Jellyfish, 1 x Rockstarfish, 1 x Rockstarfish, 1 x Rockstarfish, 1 x K-BLUB Special, 1 x K-BLUB Special, 1 x K-BLUB Special, 1 x TBD (SID_Placeholder_799) for -1 MtxCurrency",8700,3400,5300,0.6092,1,2026-09-04T00:00:00Z,2026-09-07T23:59:59.999Z,1,0,-1,SummerIceSpiceSpongebob,SpongeBob SquarePants,194,tileGrid,Size_1_x_1,,1,Bikini Bottom Ice Spice & Patrick Star Bundle,15,br,Backpack_DangerIndex,Spicefish,backpack,icon,Icon Series,Ice Spice,7,3,2026-07-23T14:00:30Z
2026-09-04,v2:/e4237afd2d23dc61f989b74732be427c5af01b9e8b0b74a63d25581d18936fb1,"[VIRTUAL]1 x Bikini Bottom Ice Spice, 1 x Patrick Star, 1 x Spicefish, 1 x Ice's Parasol, 1 x Big Guy (From ""The Spongebob Movie: Search for SquarePants""), 1 x Patrick's Ultimate Cone, 1 x Jellyfish Net, 1 x Bikini Bottom Jellyfish, 1 x Rockstarfish, 1 x Rockstarfish, 1 x Rockstarfish, 1 x K-BLUB Special, 1 x K-BLUB Special, 1 x K-BLUB Special, 1 x TBD (SID_Placeholder_799) for -1 MtxCurrency",8700,3400,5300,0.6092,1,2026-09-04T00:00:00Z,2026-09-07T23:59:59.999Z,1,0,-1,SummerIceSpiceSpongebob,SpongeBob SquarePants,194,tileGrid,Size_1_x_1,,1,Bikini Bottom Ice Spice & Patrick Star Bundle,15,br,Pickaxe_DangerIndex,Ice's Parasol,pickaxe,icon,Icon Series,Ice Spice,7,3,2026-07-23T14:00:30Z
2026-09-04,v2:/e4237afd2d23dc61f989b74732be427c5af01b9e8b0b74a63d25581d18936fb1,"[VIRTUAL]1 x Bikini Bottom Ice Spice, 1 x Patrick Star, 1 x Spicefish, 1 x Ice's Parasol, 1 x Big Guy (From ""The Spongebob Movie: Search for SquarePants""), 1 x Patrick's Ultimate Cone, 1 x Jellyfish Net, 1 x Bikini Bottom Jellyfish, 1 x Rockstarfish, 1 x Rockstarfish, 1 x Rockstarfish, 1 x K-BLUB Special, 1 x K-BLUB Special, 1 x K-BLUB Special, 1 x TBD (SID_Placeholder_799) for -1 MtxCurrency",8700,3400,5300,0.6092,1,2026-09-04T00:00:00Z,2026-09-07T23:59:59.999Z,1,0,-1,SummerIceSpiceSpongebob,SpongeBob SquarePants,194,tileGrid,Size_1_x_1,,1,Bikini Bottom Ice Spice & Patrick Star Bundle,15,br,EID_SeaFloor,"Big Guy (From ""The Spongebob Movie: Search for SquarePants"")",emote,icon,Icon Series,Ice Spice,7,3,2026-07-23T14:00:30Z
2026-09-04,v2:/e4237afd2d23dc61f989b74732be427c5af01b9e8b0b74a63d25581d18936fb1,"[VIRTUAL]1 x Bikini Bottom Ice Spice, 1 x Patrick Star, 1 x Spicefish, 1 x Ice's Parasol, 1 x Big Guy (From ""The Spongebob Movie: Search for SquarePants""), 1 x Patrick's Ultimate Cone, 1 x Jellyfish Net, 1 x Bikini Bottom Jellyfish, 1 x Rockstarfish, 1 x Rockstarfish, 1 x Rockstarfish, 1 x K-BLUB Special, 1 x K-BLUB Special, 1 x K-BLUB Special, 1 x TBD (SID_Placeholder_799) for -1 MtxCurrency",8700,3400,5300,0.6092,1,2026-09-04T00:00:00Z,2026-09-07T23:59:59.999Z,1,0,-1,SummerIceSpiceSpongebob,SpongeBob SquarePants,194,tileGrid,Size_1_x_1,,1,Bikini Bottom Ice Spice & Patrick Star Bundle,15,br,Pickaxe_GainSneeze,Patrick's Ultimate Cone,pickaxe,rare,,SpongeBob SquarePants,7,3,2026-07-23T14:00:30Z
2026-09-04,v2:/e4237afd2d23dc61f989b74732be427c5af01b9e8b0b74a63d25581d18936fb1,"[VIRTUAL]1 x Bikini Bottom Ice Spice, 1 x Patrick Star, 1 x Spicefish, 1 x Ice's Parasol, 1 x Big Guy (From ""The Spongebob Movie: Search for SquarePants""), 1 x Patrick's Ultimate Cone, 1 x Jellyfish Net, 1 x Bikini Bottom Jellyfish, 1 x Rockstarfish, 1 x Rockstarfish, 1 x Rockstarfish, 1 x K-BLUB Special, 1 x K-BLUB Special, 1 x K-BLUB Special, 1 x TBD (SID_Placeholder_799) for -1 MtxCurrency",8700,3400,5300,0.6092,1,2026-09-04T00:00:00Z,2026-09-07T23:59:59.999Z,1,0,-1,SummerIceSpiceSpongebob,SpongeBob SquarePants,194,tileGrid,Size_1_x_1,,1,Bikini Bottom Ice Spice & Patrick Star Bundle,15,br,Pickaxe_GainSneezeVital,Jellyfish Net,pickaxe,rare,,SpongeBob SquarePants,7,3,2026-07-23T14:00:30Z
2026-09-04,v2:/e4237afd2d23dc61f989b74732be427c5af01b9e8b0b74a63d25581d18936fb1,"[VIRTUAL]1 x Bikini Bottom Ice Spice, 1 x Patrick Star, 1 x Spicefish, 1 x Ice's Parasol, 1 x Big Guy (From ""The Spongebob Movie: Search for SquarePants""), 1 x Patrick's Ultimate Cone, 1 x Jellyfish Net, 1 x Bikini Bottom Jellyfish, 1 x Rockstarfish, 1 x Rockstarfish, 1 x Rockstarfish, 1 x K-BLUB Special, 1 x K-BLUB Special, 1 x K-BLUB Special, 1 x TBD (SID_Placeholder_799) for -1 MtxCurrency",8700,3400,5300,0.6092,1,2026-09-04T00:00:00Z,2026-09-07T23:59:59.999Z,1,0,-1,SummerIceSpiceSpongebob,SpongeBob SquarePants,194,tileGrid,Size_1_x_1,,1,Bikini Bottom Ice Spice & Patrick Star Bundle,15,br,Backpack_GainSneeze,Bikini Bottom Jellyfish,backpack,rare,,SpongeBob SquarePants,7,3,2026-07-23T14:00:30Z
2026-09-04,v2:/e4237afd2d23dc61f989b74732be427c5af01b9e8b0b74a63d25581d18936fb1,"[VIRTUAL]1 x Bikini Bottom Ice Spice, 1 x Patrick Star, 1 x Spicefish, 1 x Ice's Parasol, 1 x Big Guy (From ""The Spongebob Movie: Search for SquarePants""), 1 x Patrick's Ultimate Cone, 1 x Jellyfish Net, 1 x Bikini Bottom Jellyfish, 1 x Rockstarfish, 1 x Rockstarfish, 1 x Rockstarfish, 1 x K-BLUB Special, 1 x K-BLUB Special, 1 x K-BLUB Special, 1 x TBD (SID_Placeholder_799) for -1 MtxCurrency",8700,3400,5300,0.6092,1,2026-09-04T00:00:00Z,2026-09-07T23:59:59.999Z,1,0,-1,SummerIceSpiceSpongebob,SpongeBob SquarePants,194,tileGrid,Size_1_x_1,,1,Bikini Bottom Ice Spice & Patrick Star Bundle,15,br,Backpack_GainSneeze_Guitar,Rockstarfish,backpack,rare,,SpongeBob SquarePants,7,3,2026-07-23T14:00:30Z
2026-09-04,v2:/e4237afd2d23dc61f989b74732be427c5af01b9e8b0b74a63d25581d18936fb1,"[VIRTUAL]1 x Bikini Bottom Ice Spice, 1 x Patrick Star, 1 x Spicefish, 1 x Ice's Parasol, 1 x Big Guy (From ""The Spongebob Movie: Search for SquarePants""), 1 x Patrick's Ultimate Cone, 1 x Jellyfish Net, 1 x Bikini Bottom Jellyfish, 1 x Rockstarfish, 1 x Rockstarfish, 1 x Rockstarfish, 1 x K-BLUB Special, 1 x K-BLUB Special, 1 x K-BLUB Special, 1 x TBD (SID_Placeholder_799) for -1 MtxCurrency",8700,3400,5300,0.6092,1,2026-09-04T00:00:00Z,2026-09-07T23:59:59.999Z,1,0,-1,SummerIceSpiceSpongebob,SpongeBob SquarePants,194,tileGrid,Size_1_x_1,,1,Bikini Bottom Ice Spice & Patrick Star Bundle,15,br,Pickaxe_GainSneeze_Guitar,Rockstarfish,pickaxe,rare,,SpongeBob SquarePants,7,3,2026-07-23T14:00:30Z
2026-09-04,v2:/e4237afd2d23dc61f989b74732be427c5af01b9e8b0b74a63d25581d18936fb1,"[VIRTUAL]1 x Bikini Bottom Ice Spice, 1 x Patrick Star, 1 x Spicefish, 1 x Ice's Parasol, 1 x Big Guy (From ""The Spongebob Movie: Search for SquarePants""), 1 x Patrick's Ultimate Cone, 1 x Jellyfish Net, 1 x Bikini Bottom Jellyfish, 1 x Rockstarfish, 1 x Rockstarfish, 1 x Rockstarfish, 1 x K-BLUB Special, 1 x K-BLUB Special, 1 x K-BLUB Special, 1 x TBD (SID_Placeholder_799) for -1 MtxCurrency",8700,3400,5300,0.6092,1,2026-09-04T00:00:00Z,2026-09-07T23:59:59.999Z,1,0,-1,SummerIceSpiceSpongebob,SpongeBob SquarePants,194,tileGrid,Size_1_x_1,,1,Bikini Bottom Ice Spice & Patrick Star Bundle,15,br,Backpack_GainSneeze_Mic,K-BLUB Special,backpack,rare,,SpongeBob SquarePants,7,3,2026-07-23T14:00:30Z
2026-09-04,v2:/e4237afd2d23dc61f989b74732be427c5af01b9e8b0b74a63d25581d18936fb1,"[VIRTUAL]1 x Bikini Bottom Ice Spice, 1 x Patrick Star, 1 x Spicefish, 1 x Ice's Parasol, 1 x Big Guy (From ""The Spongebob Movie: Search for SquarePants""), 1 x Patrick's Ultimate Cone, 1 x Jellyfish Net, 1 x Bikini Bottom Jellyfish, 1 x Rockstarfish, 1 x Rockstarfish, 1 x Rockstarfish, 1 x K-BLUB Special, 1 x K-BLUB Special, 1 x K-BLUB Special, 1 x TBD (SID_Placeholder_799) for -1 MtxCurrency",8700,3400,5300,0.6092,1,2026-09-04T00:00:00Z,2026-09-07T23:59:59.999Z,1,0,-1,SummerIceSpiceSpongebob,SpongeBob SquarePants,194,tileGrid,Size_1_x_1,,1,Bikini Bottom Ice Spice & Patrick Star Bundle,15,br,Pickaxe_GainSneeze_Mic,K-BLUB Special,pickaxe,rare,,SpongeBob SquarePants,7,3,2026-07-23T14:00:30Z
2026-09-04,v2:/e4237afd2d23dc61f989b74732be427c5af01b9e8b0b74a63d25581d18936fb1,"[VIRTUAL]1 x Bikini Bottom Ice Spice, 1 x Patrick Star, 1 x Spicefish, 1 x Ice's Parasol, 1 x Big Guy (From ""The Spongebob Movie: Search for SquarePants""), 1 x Patrick's Ultimate Cone, 1 x Jellyfish Net, 1 x Bikini Bottom Jellyfish, 1 x Rockstarfish, 1 x Rockstarfish, 1 x Rockstarfish, 1 x K-BLUB Special, 1 x K-BLUB Special, 1 x K-BLUB Special, 1 x TBD (SID_Placeholder_799) for -1 MtxCurrency",8700,3400,5300,0.6092,1,2026-09-04T00:00:00Z,2026-09-07T23:59:59.999Z,1,0,-1,SummerIceSpiceSpongebob,SpongeBob SquarePants,194,tileGrid,Size_1_x_1,,1,Bikini Bottom Ice Spice & Patrick Star Bundle,15,track,sid_placeholder_799,"Big Guy (from ""The SpongeBob Movie: Search for SquarePants”)",,,,,,,2026-07-22T16:05:03Z
2026-09-04,v2:/e4237afd2d23dc61f989b74732be427c5af01b9e8b0b74a63d25581d18936fb1,"[VIRTUAL]1 x Bikini Bottom Ice Spice, 1 x Patrick Star, 1 x Spicefish, 1 x Ice's Parasol, 1 x Big Guy (From ""The Spongebob Movie: Search for SquarePants""), 1 x Patrick's Ultimate Cone, 1 x Jellyfish Net, 1 x Bikini Bottom Jellyfish, 1 x Rockstarfish, 1 x Rockstarfish, 1 x Rockstarfish, 1 x K-BLUB Special, 1 x K-BLUB Special, 1 x K-BLUB Special, 1 x TBD (SID_Placeholder_799) for -1 MtxCurrency",8700,3400,5300,0.6092,1,2026-09-04T00:00:00Z,2026-09-07T23:59:59.999Z,1,0,-1,SummerIceSpiceSpongebob,SpongeBob SquarePants,194,tileGrid,Size_1_x_1,,1,Bikini Bottom Ice Spice & Patrick Star Bundle,15,instrument,Sparks_GainSneeze_Guitar,Rockstarfish,guitar,common,,,,,2026-07-23T14:00:30Z
2026-09-04,v2:/e4237afd2d23dc61f989b74732be427c5af01b9e8b0b74a63d25581d18936fb1,"[VIRTUAL]1 x Bikini Bottom Ice Spice, 1 x Patrick Star, 1 x Spicefish, 1 x Ice's Parasol, 1 x Big Guy (From ""The Spongebob Movie: Search for SquarePants""), 1 x Patrick's Ultimate Cone, 1 x Jellyfish Net, 1 x Bikini Bottom Jellyfish, 1 x Rockstarfish, 1 x Rockstarfish, 1 x Rockstarfish, 1 x K-BLUB Special, 1 x K-BLUB Special, 1 x K-BLUB Special, 1 x TBD (SID_Placeholder_799) for -1 MtxCurrency",8700,3400,5300,0.6092,1,2026-09-04T00:00:00Z,2026-09-07T23:59:59.999Z,1,0,-1,SummerIceSpiceSpongebob,SpongeBob SquarePants,194,tileGrid,Size_1_x_1,,1,Bikini Bottom Ice Spice & Patrick Star Bundle,15,instrument,Sparks_GainSneeze_Mic,K-BLUB Special,mic,common,,,,,2026-07-23T14:00:30Z
2026-09-04,v2:/1f0f4d39bb88c086ae28226a5ec0916f0aadbeff34d9625bfd25035f33b457c3,[VIRTUAL]1 x TBD (SID_Placeholder_455) for 500 MtxCurrency,500,500,0,0.0,0,2026-09-01T00:00:00Z,2026-09-17T23:59:59.999Z,1,0,-71,JT090426,Jam Tracks,180,expandableList,Size_1_x_1,,0,,1,track,sid_placeholder_455,IDOL,,,,,,,2025-02-06T21:54:35Z
2026-09-04,v2:/b5235344164cdd0c2fffc295a470b16cfa7f4cf45f16618dcd3690b30c56e7b6,[VIRTUAL]1 x AMP Zap for 800 MtxCurrency,800,800,0,0.0,0,2026-09-01T00:00:00Z,2026-09-04T23:59:59.999Z,1,0,-4,KaiCenatBundle,Kai Cenat,173,tileGrid,Size_1_x_1,Reactive to weak points!,0,,1,br,Pickaxe_EssayViewMyth,AMP Zap,pickaxe,icon,Icon Series,Kai Cenat,6,5,2025-09-10T15:10:30Z
2026-09-04,v2:/3fa63c58bd0abd8768ebe09edc8e81ee2f84da8b73beac6f1ed5c9db19b43d48,"[VIRTUAL]1 x Bone Wasp, 1 x Primal Danger for -1 MtxCurrency",1500,1500,0,0.0,0,2026-09-04T00:00:00Z,2026-09-04T23:59:59.999Z,1,0,-3,BR090426,Full Flex,186,tileGrid,Size_1_x_1,,0,,2,br,CID_491_Athena_Commando_M_BoneWasp,Bone Wasp,outfit,epic,,Sting,1,X,2019-11-20T12:49:53Z
2026-09-04,v2:/3fa63c58bd0abd8768ebe09edc8e81ee2f84da8b73beac6f1ed5c9db19b43d48,"[VIRTUAL]1 x Bone Wasp, 1 x Primal Danger for -1 MtxCurrency",1500,1500,0,0.0,0,2026-09-04T00:00:00Z,2026-09-04T23:59:59.999Z,1,0,-3,BR090426,Full Flex,186,tileGrid,Size_1_x_1,,0,,2,br,BID_325_BoneWasp,Primal Danger,backpack,epic,,Sting,1,X,2019-11-20T12:50:32Z
2026-09-04,v2:/a3c3dd6c1134802a368ee399f7240b5f8cc848ecc10bde841c197ef7d33e2da4,"[VIRTUAL]1 x Safety First Steve, 1 x Rising Tide for -1 MtxCurrency",1500,1500,0,0.0,0,2026-09-04T00:00:00Z,2026-09-07T23:59:59.999Z,1,0,-3,EOSShop,Heatwave,193,tileGrid,Size_1_x_1,,0,,2,br,Character_DorsalDance,Safety First Steve,outfit,epic,,Safety Shark,5,3,2024-06-22T08:21:26Z
2026-09-04,v2:/a3c3dd6c1134802a368ee399f7240b5f8cc848ecc10bde841c197ef7d33e2da4,"[VIRTUAL]1 x Safety First Steve, 1 x Rising Tide for -1 MtxCurrency",1500,1500,0,0.0,0,2026-09-04T00:00:00Z,2026-09-07T23:59:59.999Z,1,0,-3,EOSShop,Heatwave,193,tileGrid,Size_1_x_1,,0,,2,br,Backpack_DorsalDance,Rising Tide,backpack,rare,,Safety Shark,5,3,2024-06-22T08:21:26Z
2026-09-04,v2:/b573210922f6020ea0c5e51206f5273228f5ba0a565fbf14e19c01c3d07db3be,[VIRTUAL]1 x Multi-Angle for 500 MtxCurrency,500,500,0,0.0,0,2026-09-04T00:00:00Z,2026-09-10T23:59:59.999Z,1,0,-2,FND090426,Spotlight Drops,197,tileGrid,Size_1_x_1,,0,,1,br,Wrap_DyeBlast,Multi-Angle,wrap,rare,,Fractal Heroes,7,4,2026-09-03T15:24:18Z
2026-09-04,v2:/2972480aff9cd0acc893d574525303a3bc8dba69efbf4fbf84f8b7d113f97f0d,[VIRTUAL]1 x The Traveler for 1500 MtxCurrency,1500,1500,0,0.0,0,2026-09-03T00:00:00Z,2026-09-06T23:59:59.999Z,1,0,-1,Cronus,Cronos: The New Dawn,187,tileGrid,Size_3_x_1,,0,,1,br,Character_DemureIgloo,The Traveler,outfit,gaminglegends,Gaming Legends Series,Cronos: The New Dawn,7,2,2026-04-22T00:00:00Z
2026-09-04,v2:/535e6fbac315be1e7e3257015bece131c915a1df805b715ddf82e88613a84d0d,[VIRTUAL]1 x Bikini Bottom Ice Spice for 1200 MtxCurrency,1200,1200,0,0.0,0,2026-09-04T00:00:00Z,2026-09-07T23:59:59.999Z,1,0,-2,SummerIceSpiceSpongebob,SpongeBob SquarePants,194,tileGrid,Size_1_x_1,,0,,1,br,Character_DangerIndex,Bikini Bottom Ice Spice,outfit,icon,Icon Series,Ice Spice,7,3,2026-07-23T14:00:30Z
2026-09-04,v2:/34f2bc16fef4b9d95789f6c945f9632d7658f64125ae5d6ce665fbd1942d1091,[VIRTUAL]1 x TBD (SID_Placeholder_697) for 500 MtxCurrency,500,500,0,0.0,0,2026-09-01T00:00:00Z,2026-09-17T23:59:59.999Z,1,0,-14,JT090426,Jam Tracks,180,expandableList,Size_1_x_1,,0,,1,track,sid_placeholder_697,New Woman,,,,,,,2025-11-29T19:00:00Z
2026-09-04,v2:/da90b9d3eb6339ba6d5cbad551cfb94c7411c6baf9f655a326217411c466eb10,[VIRTUAL]1 x Dual Katanas for 800 MtxCurrency,800,800,0,0.0,0,2026-09-02T00:00:00Z,2026-09-04T23:59:59.999Z,1,0,-3,SypherNinja,"SypherPK, Ninja & Chica",174,tileGrid,Size_1_x_1,,0,,1,br,Pickaxe_ID_302_TourBus1H,Dual Katanas,pickaxe,icon,Icon Series,Ninja,2,1,2020-01-15T14:58:01Z
2026-09-04,v2:/28291a460f71728b82ca65b4a13c436e75923df923f348e76e4f827bd4f79550,"[VIRTUAL]1 x Shot Caller, 1 x Utility Pack for -1 MtxCurrency",1200,1200,0,0.0,0,2026-09-04T00:00:00Z,2026-09-10T23:59:59.999Z,1,0,-2,FND090426,Spotlight Drops,197,tileGrid,Size_1_x_1,,0,,2,br,CID_428_Athena_Commando_M_UrbanScavenger,Shot Caller,outfit,rare,,Metro Squad,1,9,2019-11-20T12:49:58Z
2026-09-04,v2:/28291a460f71728b82ca65b4a13c436e75923df923f348e76e4f827bd4f79550,"[VIRTUAL]1 x Shot Caller, 1 x Utility Pack for -1 MtxCurrency",1200,1200,0,0.0,0,2026-09-04T00:00:00Z,2026-09-10T23:59:59.999Z,1,0,-2,FND090426,Spotlight Drops,197,tileGrid,Size_1_x_1,,0,,2,br,BID_282_UrbanScavenger,Utility Pack,backpack,rare,,Metro Squad,1,9,2019-11-20T12:50:34Z
2026-09-04,v2:/3779b91ed6f327dad8902950740881faf33c4aea1582aebde2634c2f529652ce,[VIRTUAL]1 x Translucent Tote for 200 MtxCurrency,200,200,0,0.0,0,2026-09-04T00:00:00Z,2026-09-07T23:59:59.999Z,1,0,-1,,,,,Size_1_x_1,,0,,1,br,BID_797_StreetFashionSummer,Translucent Tote,backpack,rare,,Undercover Summer,2,7,2021-06-22T08:25:42Z
2026-09-04,v2:/6ff7059ff60daf965f247e6862add3ea9d7691550b5aecf1a778f87aaa548e41,"[VIRTUAL]1 x Bikini Bottom Kit, 1 x Bikini Bottom Kit, 1 x Bikini Bottom Kit for 800 MtxCurrency",800,800,0,0.0,0,2026-09-04T00:00:00Z,2026-09-07T23:59:59.999Z,1,0,-2,SummerIceSpiceSpongebob,SpongeBob SquarePants,194,tileGrid,Size_1_x_1,,0,,3,br,Backpack_CountyFrog_DrumStick,Bikini Bottom Kit,backpack,rare,,SpongeBob SquarePants,7,1,2025-12-20T00:00:00Z
2026-09-04,v2:/6ff7059ff60daf965f247e6862add3ea9d7691550b5aecf1a778f87aaa548e41,"[VIRTUAL]1 x Bikini Bottom Kit, 1 x Bikini Bottom Kit, 1 x Bikini Bottom Kit for 800 MtxCurrency",800,800,0,0.0,0,2026-09-04T00:00:00Z,2026-09-07T23:59:59.999Z,1,0,-2,SummerIceSpiceSpongebob,SpongeBob SquarePants,194,tileGrid,Size_1_x_1,,0,,3,br,Pickaxe_CountyFrog_DrumStick,Bikini Bottom Kit,pickaxe,rare,,SpongeBob SquarePants,7,1,2025-12-20T00:00:00Z
2026-09-04,v2:/6ff7059ff60daf965f247e6862add3ea9d7691550b5aecf1a778f87aaa548e41,"[VIRTUAL]1 x Bikini Bottom Kit, 1 x Bikini Bottom Kit, 1 x Bikini Bottom Kit for 800 MtxCurrency",800,800,0,0.0,0,2026-09-04T00:00:00Z,2026-09-07T23:59:59.999Z,1,0,-2,SummerIceSpiceSpongebob,SpongeBob SquarePants,194,tileGrid,Size_1_x_1,,0,,3,instrument,Sparks_CountyFrog_DrumKit,Bikini Bottom Kit,drum,common,,,,,2025-12-20T00:00:00Z
2026-09-04,v2:/3f9c85383516b70e4a2bc4c44834b52b7dd2a7d99a878ab89791301e746a43c2,[VIRTUAL]1 x Blinding Lights for 500 MtxCurrency,500,500,0,0.0,0,2026-09-01T00:00:00Z,2026-09-17T23:59:59.999Z,1,0,-29,JT090426,Jam Tracks,180,expandableList,Size_1_x_1,,0,,1,track,sid_placeholder_93,Blinding Lights,,,,,,,2024-01-05T21:55:08Z
2026-09-04,v2:/9cfaed09c14dfa4ac4f5e5495b82fff4cbc97df827025027de8e203b316aecc1,[VIRTUAL]1 x Toxic for 500 MtxCurrency,500,500,0,0.0,0,2026-09-01T00:00:00Z,2026-09-17T23:59:59.999Z,1,0,-38,JT090426,Jam Tracks,180,expandableList,Size_1_x_1,,0,,1,track,sid_placeholder_340,Toxic,,,,,,,2024-09-27T00:00:00Z
2026-09-04,v2:/faa484a9d62248a3305e8b7d4982b9d9ab1eeaa67cc65801032d3de15684f0f6,[VIRTUAL]1 x Bouncy for 500 MtxCurrency,500,500,0,0.0,0,2026-09-02T00:00:00Z,2026-09-05T23:59:59.999Z,1,0,-4,VV0904261,Pop Off,195,tileGrid,Size_1_x_1,,0,,1,br,EID_Knockout,Bouncy,emote,icon,Icon Series,,6,2,2025-04-15T00:00:00Z
2026-09-04,v2:/e2161e3ff749c1e81c727948cbf076a314c8d76c323c0d3e4446470b29d90113,[VIRTUAL]1 x i for 500 MtxCurrency,500,500,0,0.0,0,2026-09-01T00:00:00Z,2026-09-17T23:59:59.999Z,1,0,-45,JT090426,Jam Tracks,180,expandableList,Size_1_x_1,,0,,1,track,sid_placeholder_110,i,,,,,,,2023-12-09T15:00:00Z
2026-09-04,v2:/37579825d3873e0424c8ea9ef2cb85fc6f170112d4f4f71518b85409cf955531,[VIRTUAL]1 x Batman Floatie for 300 MtxCurrency,300,300,0,0.0,0,2026-08-31T00:00:00Z,2026-09-06T23:59:59.999Z,1,0,-3,SummerBatman,Hot Bat Summer,192,tileGrid,Size_1_x_1,,0,,1,br,Backpack_TideCompost,Batman Floatie,backpack,dc,DC SERIES,Gotham City Summer,7,3,2026-07-16T08:00:00Z
2026-09-04,v2:/92dd6980e2741374c4c3a723367215ff59b5549a05bac2dc82e6d251fd46b145,[VIRTUAL]1 x TBD (SID_Placeholder_795) for 500 MtxCurrency,500,500,0,0.0,0,2026-09-01T00:00:00Z,2026-09-17T23:59:59.999Z,1,0,-12,JT090426,Jam Tracks,180,expandableList,Size_1_x_1,,0,,1,track,sid_placeholder_795,I'll Believe in Anything,,,,,,,2026-05-19T14:12:36Z
2026-09-04,v2:/d5276138738922a20cd0d409c49dd599f4026b5effbf4e8f111c475d0daefcf8,[VIRTUAL]1 x TBD (SID_Placeholder_495) for 500 MtxCurrency,500,500,0,0.0,0,2026-09-01T00:00:00Z,2026-09-17T23:59:59.999Z,1,0,-23,JT090426,Jam Tracks,180,expandableList,Size_1_x_1,,0,,1,track,sid_placeholder_495,Bling-Bang-Bang-Born,,,,,,,2025-02-13T17:10:43Z
2026-09-04,v2:/b8725dbd49dcc3e062622995cd014594d7d0416ee694267f9a5d1a0abd246ade,[VIRTUAL]1 x Pompeii for 500 MtxCurrency,500,500,0,0.0,0,2026-09-01T00:00:00Z,2026-09-17T23:59:59.999Z,1,0,-16,JT090426,Jam Tracks,180,expandableList,Size_1_x_1,,0,,1,track,sid_placeholder_113,Pompeii,,,,,,,2024-01-16T20:57:57Z
2026-09-04,v2:/e40b447bb0803d45c4430afbd82ebe0dfdb844e17272e9903411d571be8ee146,[VIRTUAL]1 x AMP KAI for 1800 MtxCurrency,1800,1800,0,0.0,0,2026-09-01T00:00:00Z,2026-09-04T23:59:59.999Z,1,0,-2,KaiCenatBundle,Kai Cenat,173,tileGrid,Size_1_x_1,Reactive to eliminations! ,0,,1,br,Character_EssayViewPier,AMP KAI,outfit,icon,Icon Series,Kai Cenat,6,5,2025-09-10T15:10:30Z
2026-09-04,v2:/d314f63f468238561ecca4d0b81d3f34293b2d043db63fc7c384b23f1569b0dc,[VIRTUAL]1 x Oh Shhh for 500 MtxCurrency,500,500,0,0.0,0,2026-09-04T00:00:00Z,2026-09-07T23:59:59.999Z,1,0,-1,SummerIceSpiceSpongebob,SpongeBob SquarePants,194,tileGrid,Size_1_x_1,,0,,1,br,EID_BerryTartRiver,Oh Shhh,emote,icon,Icon Series,Ice Spice,2,Remix,2024-11-13T10:14:32Z
2026-09-04,v2:/2e9553395e519e101ed3f365d69468dfd651bef78b4f4aa04d61311bf8de5658,[VIRTUAL]1 x TBD (SID_Placeholder_786) for 500 MtxCurrency,500,500,0,0.0,0,2026-09-01T00:00:00Z,2026-09-17T23:59:59.999Z,1,0,-42,JT090426,Jam Tracks,180,expandableList,Size_1_x_1,,0,,1,track,sid_placeholder_786,NEVER ENOUGH,,,,,,,2026-04-28T14:30:14Z
2026-09-04,v2:/31d391333f6b0504ff82d8f94112f4d4c8e06c4b319baa4476fe85441954f6e6,[VIRTUAL]1 x TBD (SID_Placeholder_934) for 500 MtxCurrency,500,500,0,0.0,0,2026-09-04T00:00:00Z,2026-09-10T23:59:59.999Z,1,0,-2,JT090426,Jam Tracks,180,tileGrid,Size_1_x_1,,0,,1,track,sid_placeholder_934,Boston,,,,,,,2026-09-01T17:58:41Z
2026-09-04,v2:/f893d3864a8bfc7b70d3d677f8a22272354d665bcb85c0398f4dd67cb7f363a4,[VIRTUAL]1 x Battle-Worn Cape for 400 MtxCurrency,400,400,0,0.0,0,2026-09-04T00:00:00Z,2026-09-08T23:59:59.999Z,1,0,-1,,,,,Size_1_x_1,,0,,1,br,BID_744_CavernMale_CF6JE,Battle-Worn Cape,backpack,dc,DC SERIES,Batman: Zero Point,2,6,2021-04-29T09:03:59Z
2026-09-04,v2:/911cd5fb861311b3c9390a1fb4692d68bd3d8f26e1dbcde290c94707a333aed4,[VIRTUAL]1 x Gary Slippies for 1000 MtxCurrency,1000,1000,0,0.0,0,2026-09-04T00:00:00Z,2026-09-07T23:59:59.999Z,1,0,-1,SummerIceSpiceSpongebob,SpongeBob SquarePants,194,tileGrid,Size_1_x_1,,0,,1,br,Shoes_OrganBedHook,Gary Slippies,shoe,uncommon,,SpongeBob SquarePants,7,1,2025-12-20T00:00:00Z
2026-09-04,v2:/69a2e3a896f00a22029c12d750adc2dd2afc2817ada0c1e3a453ccb09f68636e,"[VIRTUAL]1 x Pincera, 1 x Hypnotic Mandibles for -1 MtxCurrency",1200,1200,0,0.0,0,2026-09-04T00:00:00Z,2026-09-04T23:59:59.999Z,1,0,-2,BR090426,Full Flex,186,tileGrid,Size_1_x_1,,0,,2,br,Character_LucidAzalea,Pincera,outfit,rare,,,4,4,2023-09-26T14:25:42Z
2026-09-04,v2:/69a2e3a896f00a22029c12d750adc2dd2afc2817ada0c1e3a453ccb09f68636e,"[VIRTUAL]1 x Pincera, 1 x Hypnotic Mandibles for -1 MtxCurrency",1200,1200,0,0.0,0,2026-09-04T00:00:00Z,2026-09-04T23:59:59.999Z,1,0,-2,BR090426,Full Flex,186,tileGrid,Size_1_x_1,,0,,2,br,Backpack_LucidAzalea,Hypnotic Mandibles,backpack,rare,,,4,4,2023-09-26T14:25:42Z
2026-09-04,v2:/ee6ac3ec9a3517ee66086350135f1bcf07585c2e90fa06da57625c1d42c764a7,[VIRTUAL]1 x TBD (SID_Placeholder_823) for 500 MtxCurrency,500,500,0,0.0,0,2026-09-01T00:00:00Z,2026-09-17T23:59:59.999Z,1,0,-20,JT090426,Jam Tracks,180,expandableList,Size_1_x_1,,0,,1,track,sid_placeholder_823,He Gets Me So High,,,,,,,2026-06-16T14:07:21Z
2026-09-04,v2:/a4db243c258c762e5b3c07f6979cbafff36180f7c72d4c68b5f43ce8b2e2947c,[VIRTUAL]1 x SpongeBob Slippies for 1000 MtxCurrency,1000,1000,0,0.0,0,2026-09-04T00:00:00Z,2026-09-07T23:59:59.999Z,1,0,-2,SummerIceSpiceSpongebob,SpongeBob SquarePants,194,tileGrid,Size_1_x_1,,0,,1,br,Shoes_OrganBedCrochet,SpongeBob Slippies,shoe,uncommon,,SpongeBob SquarePants,7,1,2025-12-20T00:00:00Z
2026-09-04,v2:/9b71b72a6caee986f0c148b9966a5c7d3f8135eb7fc5b8e861305707ca94ce88,[VIRTUAL]1 x The Tylil Dance for 500 MtxCurrency,500,500,0,0.0,0,2026-09-01T00:00:00Z,2026-09-04T23:59:59.999Z,1,0,-1,KaiCenatBundle,Kai Cenat,173,tileGrid,Size_1_x_1,,0,,1,br,EID_EssayViewMyth,The Tylil Dance,emote,icon,Icon Series,Kai Cenat,6,5,2025-09-10T15:10:30Z
2026-09-04,v2:/95cc062f09b8301d7b7b8a35c5a6ca1dc6bf5df4d2ca6660b0cde9d29d68276d,"[VIRTUAL]1 x Surf Rider, 1 x Shortwave for -1 MtxCurrency",1200,1200,0,0.0,0,2026-09-04T00:00:00Z,2026-09-07T23:59:59.999Z,1,0,-3,EOSShop,Heatwave,193,tileGrid,Size_1_x_1,,0,,2,br,CID_606_Athena_Commando_F_JetSki,Surf Rider,outfit,rare,,Aqua Marine,2,1,2019-11-20T12:51:18Z
2026-09-04,v2:/95cc062f09b8301d7b7b8a35c5a6ca1dc6bf5df4d2ca6660b0cde9d29d68276d,"[VIRTUAL]1 x Surf Rider, 1 x Shortwave for -1 MtxCurrency",1200,1200,0,0.0,0,2026-09-04T00:00:00Z,2026-09-07T23:59:59.999Z,1,0,-3,EOSShop,Heatwave,193,tileGrid,Size_1_x_1,,0,,2,br,BID_403_JetSkiFemale,Shortwave,backpack,rare,,Aqua Marine,2,1,2019-11-20T12:51:15Z
2026-09-04,v2:/67b1ff04a02086dff5e325412a5d188775284fdaac25c386e2089b55f76422d3,[VIRTUAL]1 x Moxxi's Lip Service for 300 MtxCurrency,300,300,0,0.0,0,2026-08-30T00:00:00Z,2026-09-05T23:59:59.999Z,1,0,-4,LilithPsychoBandit,Borderlands,182,tileGrid,Size_1_x_1,,0,,1,br,EID_GiraffeScallion,Moxxi's Lip Service,emote,gaminglegends,Gaming Legends Series,Mayhem,6,4,2025-07-29T15:40:48Z
2026-09-04,v2:/63b788efa2ba999343f12dff49db2f8b1bcf8f4ce2e7d76ec163f5f314fc6bc6,[VIRTUAL]1 x TBD (SID_Placeholder_506) for 500 MtxCurrency,500,500,0,0.0,0,2026-09-01T00:00:00Z,2026-09-17T23:59:59.999Z,1,0,-75,JT090426,Jam Tracks,180,expandableList,Size_1_x_1,,0,,1,track,sid_placeholder_506,Pumped Up Kicks,,,,,,,2025-03-06T14:32:03Z
2026-09-04,v2:/ab10fdba4b588f9062a621e0934e64ad65fe67938618ce034e0ca393be354a9f,[VIRTUAL]1 x TBD (SID_Placeholder_490) for 500 MtxCurrency,500,500,0,0.0,0,2026-09-01T00:00:00Z,2026-09-17T23:59:59.999Z,1,0,-62,JT090426,Jam Tracks,180,expandableList,Size_1_x_1,,0,,1,track,sid_placeholder_490,Party Like A Rock Star,,,,,,,2025-01-30T16:27:14Z
2026-09-04,v2:/5e15d417ec031402565d36096bcb28c6ffc92ae811e48ba7f755659903652a8e,"[VIRTUAL]1 x Brock, 1 x Homegrown Gym for -1 MtxCurrency",1200,1200,0,0.0,0,2026-09-04T00:00:00Z,2026-09-07T23:59:59.999Z,1,0,-3,EOSShop,Heatwave,193,tileGrid,Size_1_x_1,,1,Brock,2,br,Character_BlobRock,Brock,outfit,epic,,Veggie Maxer,7,1,2026-01-09T09:35:34Z
2026-09-04,v2:/5e15d417ec031402565d36096bcb28c6ffc92ae811e48ba7f755659903652a8e,"[VIRTUAL]1 x Brock, 1 x Homegrown Gym for -1 MtxCurrency",1200,1200,0,0.0,0,2026-09-04T00:00:00Z,2026-09-07T23:59:59.999Z,1,0,-3,EOSShop,Heatwave,193,tileGrid,Size_1_x_1,,1,Brock,2,br,Backpack_BlobRock,Homegrown Gym,backpack,rare,,Veggie Maxer,7,1,2026-01-09T09:35:34Z
2026-09-04,v2:/9005ba6ffe8b9894f06021f249decef0506081b05fa3142aecfb9ae4e66723ce,[VIRTUAL]1 x Say So for 500 MtxCurrency,500,500,0,0.0,0,2026-09-01T00:00:00Z,2026-09-17T23:59:59.999Z,1,0,-39,JT090426,Jam Tracks,180,expandableList,Size_1_x_1,,0,,1,track,sid_placeholder_69,Say So,,,,,,,2024-01-31T00:05:11Z
2026-09-04,v2:/69dcbd2a791cb9d7beb30e550cc3b3f24a76057263842a4411d1708c1e3ba598,[VIRTUAL]1 x AMP for 500 MtxCurrency,500,500,0,0.0,0,2026-09-01T00:00:00Z,2026-09-04T23:59:59.999Z,1,0,-2,KaiCenatBundle,Kai Cenat,173,tileGrid,Size_1_x_1,,0,,1,br,Wrap_EssayView,AMP,wrap,icon,Icon Series,Kai Cenat,6,5,2025-09-10T15:10:30Z
2026-09-04,v2:/e2c8305d763e881a7349cbb71fa57463fded7c21f15d821b7fbd65437b354f30,"[VIRTUAL]1 x Kuno, 1 x Dual Kama for -1 MtxCurrency",1500,1500,0,0.0,0,2026-09-01T00:00:00Z,2026-09-07T23:59:59.999Z,1,0,-2,FND090426,Spotlight Drops,197,tileGrid,Size_1_x_1,,0,,2,br,CID_362_Athena_Commando_F_BandageNinja,Kuno,outfit,epic,,Falcon Clan,1,8,2019-11-20T12:50:04Z
2026-09-04,v2:/e2c8305d763e881a7349cbb71fa57463fded7c21f15d821b7fbd65437b354f30,"[VIRTUAL]1 x Kuno, 1 x Dual Kama for -1 MtxCurrency",1500,1500,0,0.0,0,2026-09-01T00:00:00Z,2026-09-07T23:59:59.999Z,1,0,-2,FND090426,Spotlight Drops,197,tileGrid,Size_1_x_1,,0,,2,br,BID_226_BandageNinjaFemale,Dual Kama,backpack,epic,,Falcon Clan,1,8,2019-11-20T12:50:35Z
2026-09-04,v2:/7eb9dbb5995fdb481be522cda78623f3f408399d6d6c77c4a02df14efd45cd45,"[VIRTUAL]1 x SypherPK, 1 x Oni's Curse, 1 x Sypher's Scimitar, 1 x Sypher's Strut, 1 x Shugoki, 1 x Dark Dragon for -1 MtxCurrency",4600,2800,1800,0.3913,1,2026-09-02T00:00:00Z,2026-09-04T23:59:59.999Z,1,0,-1,SypherNinja,"SypherPK, Ninja & Chica",174,tileGrid,Size_1_x_1,"With the reactive <highlight>EMPOWERED</> style, eliminations build up a demonic aura on <highlight>SYPHERPK</>! <highlight>SYPHER'S SCIMITAR</> and <highlight>ONI'S CURSE</> are reactive as well.",1,SypherPK Bundle,6,br,Character_Headset,SypherPK,outfit,icon,Icon Series,SypherPK,3,4,2022-09-18T10:05:15Z
2026-09-04,v2:/7eb9dbb5995fdb481be522cda78623f3f408399d6d6c77c4a02df14efd45cd45,"[VIRTUAL]1 x SypherPK, 1 x Oni's Curse, 1 x Sypher's Scimitar, 1 x Sypher's Strut, 1 x Shugoki, 1 x Dark Dragon for -1 MtxCurrency",4600,2800,1800,0.3913,1,2026-09-02T00:00:00Z,2026-09-04T23:59:59.999Z,1,0,-1,SypherNinja,"SypherPK, Ninja & Chica",174,tileGrid,Size_1_x_1,"With the reactive <highlight>EMPOWERED</> style, eliminations build up a demonic aura on <highlight>SYPHERPK</>! <highlight>SYPHER'S SCIMITAR</> and <highlight>ONI'S CURSE</> are reactive as well.",1,SypherPK Bundle,6,br,Backpack_Headset,Oni's Curse,backpack,icon,Icon Series,SypherPK,3,4,2022-09-18T10:05:15Z
2026-09-04,v2:/7eb9dbb5995fdb481be522cda78623f3f408399d6d6c77c4a02df14efd45cd45,"[VIRTUAL]1 x SypherPK, 1 x Oni's Curse, 1 x Sypher's Scimitar, 1 x Sypher's Strut, 1 x Shugoki, 1 x Dark Dragon for -1 MtxCurrency",4600,2800,1800,0.3913,1,2026-09-02T00:00:00Z,2026-09-04T23:59:59.999Z,1,0,-1,SypherNinja,"SypherPK, Ninja & Chica",174,tileGrid,Size_1_x_1,"With the reactive <highlight>EMPOWERED</> style, eliminations build up a demonic aura on <highlight>SYPHERPK</>! <highlight>SYPHER'S SCIMITAR</> and <highlight>ONI'S CURSE</> are reactive as well.",1,SypherPK Bundle,6,br,Pickaxe_Headset,Sypher's Scimitar,pickaxe,icon,Icon Series,SypherPK,3,4,2022-09-18T10:05:15Z
2026-09-04,v2:/7eb9dbb5995fdb481be522cda78623f3f408399d6d6c77c4a02df14efd45cd45,"[VIRTUAL]1 x SypherPK, 1 x Oni's Curse, 1 x Sypher's Scimitar, 1 x Sypher's Strut, 1 x Shugoki, 1 x Dark Dragon for -1 MtxCurrency",4600,2800,1800,0.3913,1,2026-09-02T00:00:00Z,2026-09-04T23:59:59.999Z,1,0,-1,SypherNinja,"SypherPK, Ninja & Chica",174,tileGrid,Size_1_x_1,"With the reactive <highlight>EMPOWERED</> style, eliminations build up a demonic aura on <highlight>SYPHERPK</>! <highlight>SYPHER'S SCIMITAR</> and <highlight>ONI'S CURSE</> are reactive as well.",1,SypherPK Bundle,6,br,EID_Headset,Sypher's Strut,emote,icon,Icon Series,SypherPK,3,4,2022-09-18T10:05:15Z
2026-09-04,v2:/7eb9dbb5995fdb481be522cda78623f3f408399d6d6c77c4a02df14efd45cd45,"[VIRTUAL]1 x SypherPK, 1 x Oni's Curse, 1 x Sypher's Scimitar, 1 x Sypher's Strut, 1 x Shugoki, 1 x Dark Dragon for -1 MtxCurrency",4600,2800,1800,0.3913,1,2026-09-02T00:00:00Z,2026-09-04T23:59:59.999Z,1,0,-1,SypherNinja,"SypherPK, Ninja & Chica",174,tileGrid,Size_1_x_1,"With the reactive <highlight>EMPOWERED</> style, eliminations build up a demonic aura on <highlight>SYPHERPK</>! <highlight>SYPHER'S SCIMITAR</> and <highlight>ONI'S CURSE</> are reactive as well.",1,SypherPK Bundle,6,br,Glider_Headset,Shugoki,glider,icon,Icon Series,SypherPK,4,1,2023-02-03T01:02:06Z
2026-09-04,v2:/7eb9dbb5995fdb481be522cda78623f3f408399d6d6c77c4a02df14efd45cd45,"[VIRTUAL]1 x SypherPK, 1 x Oni's Curse, 1 x Sypher's Scimitar, 1 x Sypher's Strut, 1 x Shugoki, 1 x Dark Dragon for -1 MtxCurrency",4600,2800,1800,0.3913,1,2026-09-02T00:00:00Z,2026-09-04T23:59:59.999Z,1,0,-1,SypherNinja,"SypherPK, Ninja & Chica",174,tileGrid,Size_1_x_1,"With the reactive <highlight>EMPOWERED</> style, eliminations build up a demonic aura on <highlight>SYPHERPK</>! <highlight>SYPHER'S SCIMITAR</> and <highlight>ONI'S CURSE</> are reactive as well.",1,SypherPK Bundle,6,br,Wrap_HeadSet,Dark Dragon,wrap,icon,Icon Series,SypherPK,3,4,2022-09-18T10:05:15Z
2026-09-04,v2:/234c073bda4899fc411e183dbc0aeef3ca7bf18fca8397275d5e801ec4793ed0,[VIRTUAL]1 x Surf's Up! for 500 MtxCurrency,500,500,0,0.0,0,2026-08-31T00:00:00Z,2026-09-06T23:59:59.999Z,1,0,-2,SummerBatman,Hot Bat Summer,192,tileGrid,Size_1_x_1,,0,,1,br,EID_TideCompost,Surf's Up!,emote,dc,DC SERIES,Gotham City Summer,7,3,2026-07-16T08:00:00Z
2026-09-04,v2:/d05dff7407ea46c1459853c451b2ec5e24c34b5c71c11225069d0f51bb97cf84,[VIRTUAL]1 x Kyo for 1200 MtxCurrency,1200,1200,0,0.0,0,2026-09-01T00:00:00Z,2026-09-07T23:59:59.999Z,1,0,-3,FND090426,Spotlight Drops,197,tileGrid,Size_1_x_1,This Sidekick includes quests that unlock new items upon completion!,0,,1,br,Companion_AutoMeow,Kyo,sidekick,uncommon,,Sky Style,,,2026-06-25T12:03:20Z
2026-09-04,v2:/07bc2fe99652393133f32021d802beeea173bea1d18d6df0af63e941520dbfa4,[VIRTUAL]1 x Snorkel Ops for 1200 MtxCurrency,1200,1200,0,0.0,0,2026-09-04T00:00:00Z,2026-09-07T23:59:59.999Z,1,0,-3,EOSShop,Heatwave,193,tileGrid,Size_1_x_1,,0,,1,br,CID_073_Athena_Commando_F_Scuba,Snorkel Ops,outfit,rare,,,1,2,2019-11-20T12:50:27Z
2026-09-04,v2:/f911dcf194c2b323b405d166442dafdce4d446fc83a1749171bb289e34494a49,"[VIRTUAL]1 x Dodge Viper GTS-R, 1 x American Made, 1 x Track Ready, 1 x Stripes, 1 x Wings, 1 x Flames, 1 x Dodge Viper GTS-R for -1 MtxCurrency",2200,2200,0,0.0,0,2026-09-01T00:00:00Z,2026-09-07T23:59:59.999Z,1,0,-1,FancyFlake1,Dodge Viper GTS-R,178,tileGrid,Size_3_x_1,Decals in this bundle are restricted to the Dodge Viper GTS-R car body.,1,Dodge Viper GTS-R,7,car,CarBody_FancyFlake,Dodge Viper GTS-R,body,uncommon,DODGE SERIES,,,,2026-07-01T13:01:06Z
2026-09-04,v2:/f911dcf194c2b323b405d166442dafdce4d446fc83a1749171bb289e34494a49,"[VIRTUAL]1 x Dodge Viper GTS-R, 1 x American Made, 1 x Track Ready, 1 x Stripes, 1 x Wings, 1 x Flames, 1 x Dodge Viper GTS-R for -1 MtxCurrency",2200,2200,0,0.0,0,2026-09-01T00:00:00Z,2026-09-07T23:59:59.999Z,1,0,-1,FancyFlake1,Dodge Viper GTS-R,178,tileGrid,Size_3_x_1,Decals in this bundle are restricted to the Dodge Viper GTS-R car body.,1,Dodge Viper GTS-R,7,car,CarSkin_FancyFlakeLivery01,American Made,skin,common,DODGE SERIES,,,,2026-07-01T13:01:06Z
2026-09-04,v2:/f911dcf194c2b323b405d166442dafdce4d446fc83a1749171bb289e34494a49,"[VIRTUAL]1 x Dodge Viper GTS-R, 1 x American Made, 1 x Track Ready, 1 x Stripes, 1 x Wings, 1 x Flames, 1 x Dodge Viper GTS-R for -1 MtxCurrency",2200,2200,0,0.0,0,2026-09-01T00:00:00Z,2026-09-07T23:59:59.999Z,1,0,-1,FancyFlake1,Dodge Viper GTS-R,178,tileGrid,Size_3_x_1,Decals in this bundle are restricted to the Dodge Viper GTS-R car body.,1,Dodge Viper GTS-R,7,car,CarSkin_FancyFlakeLivery02,Track Ready,skin,common,DODGE SERIES,,,,2026-07-01T13:01:06Z
2026-09-04,v2:/f911dcf194c2b323b405d166442dafdce4d446fc83a1749171bb289e34494a49,"[VIRTUAL]1 x Dodge Viper GTS-R, 1 x American Made, 1 x Track Ready, 1 x Stripes, 1 x Wings, 1 x Flames, 1 x Dodge Viper GTS-R for -1 MtxCurrency",2200,2200,0,0.0,0,2026-09-01T00:00:00Z,2026-09-07T23:59:59.999Z,1,0,-1,FancyFlake1,Dodge Viper GTS-R,178,tileGrid,Size_3_x_1,Decals in this bundle are restricted to the Dodge Viper GTS-R car body.,1,Dodge Viper GTS-R,7,car,CarSkin_FancyFlakeLivery03,Stripes,skin,common,DODGE SERIES,,,,2026-07-01T13:01:06Z
2026-09-04,v2:/f911dcf194c2b323b405d166442dafdce4d446fc83a1749171bb289e34494a49,"[VIRTUAL]1 x Dodge Viper GTS-R, 1 x American Made, 1 x Track Ready, 1 x Stripes, 1 x Wings, 1 x Flames, 1 x Dodge Viper GTS-R for -1 MtxCurrency",2200,2200,0,0.0,0,2026-09-01T00:00:00Z,2026-09-07T23:59:59.999Z,1,0,-1,FancyFlake1,Dodge Viper GTS-R,178,tileGrid,Size_3_x_1,Decals in this bundle are restricted to the Dodge Viper GTS-R car body.,1,Dodge Viper GTS-R,7,car,CarSkin_FancyFlakeWings,Wings,skin,common,DODGE SERIES,,,,2026-07-01T13:01:06Z
2026-09-04,v2:/f911dcf194c2b323b405d166442dafdce4d446fc83a1749171bb289e34494a49,"[VIRTUAL]1 x Dodge Viper GTS-R, 1 x American Made, 1 x Track Ready, 1 x Stripes, 1 x Wings, 1 x Flames, 1 x Dodge Viper GTS-R for -1 MtxCurrency",2200,2200,0,0.0,0,2026-09-01T00:00:00Z,2026-09-07T23:59:59.999Z,1,0,-1,FancyFlake1,Dodge Viper GTS-R,178,tileGrid,Size_3_x_1,Decals in this bundle are restricted to the Dodge Viper GTS-R car body.,1,Dodge Viper GTS-R,7,car,CarSkin_FancyFlakeFlames,Flames,skin,common,DODGE SERIES,,,,2026-07-01T13:01:06Z
2026-09-04,v2:/f911dcf194c2b323b405d166442dafdce4d446fc83a1749171bb289e34494a49,"[VIRTUAL]1 x Dodge Viper GTS-R, 1 x American Made, 1 x Track Ready, 1 x Stripes, 1 x Wings, 1 x Flames, 1 x Dodge Viper GTS-R for -1 MtxCurrency",2200,2200,0,0.0,0,2026-09-01T00:00:00Z,2026-09-07T23:59:59.999Z,1,0,-1,FancyFlake1,Dodge Viper GTS-R,178,tileGrid,Size_3_x_1,Decals in this bundle are restricted to the Dodge Viper GTS-R car body.,1,Dodge Viper GTS-R,7,car,Wheel_FancyFlake01,Dodge Viper GTS-R,wheel,uncommon,DODGE SERIES,,,,2026-07-01T13:01:06Z
2026-09-04,v2:/ef10f53f13bbeee3383ef782f379b22e965dbfd81bd5e83364bff8868fcc33c8,[VIRTUAL]1 x Jakobs for 500 MtxCurrency,500,500,0,0.0,0,2026-08-30T00:00:00Z,2026-09-05T23:59:59.999Z,1,0,-3,LilithPsychoBandit,Borderlands,182,tileGrid,Size_1_x_1,,0,,1,br,Wrap_VaultGunslinger,Jakobs,wrap,gaminglegends,Gaming Legends Series,Mayhem,6,4,2025-07-29T15:40:48Z
2026-09-04,v2:/0f9a7cb62e948184796fb0be1a8be2e06093e3c890eea400e371cf3f07381e90,[VIRTUAL]1 x Welcome To The Jungle for 500 MtxCurrency,500,500,0,0.0,0,2026-09-01T00:00:00Z,2026-09-17T23:59:59.999Z,1,0,-60,JT090426,Jam Tracks,180,expandableList,Size_1_x_1,,0,,1,track,sid_placeholder_272,Welcome To The Jungle,,,,,,,2024-08-09T00:00:00Z
2026-09-04,v2:/189a21578027809123fa275d6447f4427bfe701ef1cd8023954570a6279b97d5,[VIRTUAL]1 x TBD (SID_Placeholder_744) for 500 MtxCurrency,500,500,0,0.0,0,2026-09-01T00:00:00Z,2026-09-17T23:59:59.999Z,1,0,-83,JT090426,Jam Tracks,180,expandableList,Size_1_x_1,,0,,1,track,sid_placeholder_744,Just Pretend,,,,,,,2026-02-11T04:45:25Z
2026-09-04,v2:/cb4b248251d57dd6a8d88200e6f84bc2b06a3e54a3af4bdcc6f71db140a4dedf,[VIRTUAL]1 x Happier Than Ever - Edit for 500 MtxCurrency,500,500,0,0.0,0,2026-09-01T00:00:00Z,2026-09-17T23:59:59.999Z,1,0,-35,JT090426,Jam Tracks,180,expandableList,Size_1_x_1,,0,,1,track,sid_placeholder_171,Happier Than Ever - Edit,,,,,,,2024-04-23T00:00:00Z
2026-09-04,v2:/88cca8b4835564e0609c13770b1133685a6a60a3e91be2e0407807fbb9197a05,[VIRTUAL]1 x Nothing Else Matters for 500 MtxCurrency,500,500,0,0.0,0,2026-09-01T00:00:00Z,2026-09-17T23:59:59.999Z,1,0,-72,JT090426,Jam Tracks,180,expandableList,Size_1_x_1,,0,,1,track,sid_placeholder_237,Nothing Else Matters,,,,,,,2024-06-20T00:00:00Z
2026-09-04,v2:/cbeee8164cc0ebea1620354e694c432360d57356d92f543d49048a5011f90502,[VIRTUAL]1 x Utility Pack for 300 MtxCurrency,300,300,0,0.0,0,2026-09-04T00:00:00Z,2026-09-10T23:59:59.999Z,1,0,-2,,,,,Size_1_x_1,,0,,1,br,BID_282_UrbanScavenger,Utility Pack,backpack,rare,,Metro Squad,1,9,2019-11-20T12:50:34Z
2026-09-04,v2:/0e4eb5d38447bbc87ff52b3ac69c892365a4fbf7a2b6d58fa4a6a3df988ca702,[VIRTUAL]1 x Lux Æterna for 500 MtxCurrency,500,500,0,0.0,0,2026-09-01T00:00:00Z,2026-09-17T23:59:59.999Z,1,0,-88,JT090426,Jam Tracks,180,expandableList,Size_1_x_1,,0,,1,track,sid_placeholder_236,Lux Æterna,,,,,,,2024-06-20T00:00:00Z
2026-09-04,v2:/a5236f185e07d45c77bc6b2d5da016595408c2ed661407604f3286b9b3b668d9,[VIRTUAL]1 x Wings of Madness for 800 MtxCurrency,800,800,0,0.0,0,2026-09-04T00:00:00Z,2026-09-08T23:59:59.999Z,1,0,-3,DeathstrokemanLaugh,DC,191,tileGrid,Size_1_x_1,,0,,1,br,Glider_ID_323_GiggleMale_XADT7,Wings of Madness,glider,dc,DC SERIES,Dark Multiverse,2,8,2021-10-22T16:37:22Z
2026-09-04,v2:/c6d5f243dfaea640c12cbeffc806f9905fba271ed652cf3c87ce74bcf65672b7,[VIRTUAL]1 x Beach Bats for 1000 MtxCurrency,1000,1000,0,0.0,0,2026-08-31T00:00:00Z,2026-09-06T23:59:59.999Z,1,0,-1,SummerBatman,Hot Bat Summer,192,tileGrid,Size_1_x_1,,0,,1,br,Shoes_TideCompostZoo,Beach Bats,shoe,dc,DC SERIES,Gotham City Summer,7,3,2026-07-16T08:00:00Z
2026-09-04,v2:/03212fdb0685433a3fcca538f7d5acdcea5e5d3e0828c55880652c5f2d7a5bcb,[VIRTUAL]1 x Ninja's Edge for 400 MtxCurrency,400,400,0,0.0,0,2026-09-02T00:00:00Z,2026-09-04T23:59:59.999Z,1,0,-3,,,,,Size_1_x_1,,0,,1,br,BID_402_TourBus,Ninja's Edge,backpack,icon,Icon Series,Ninja,2,1,2020-01-15T14:58:00Z
2026-09-04,v2:/5d4f5e9ab2d5135a9f80a1ca97bbe8c7cf003238050bf1bb2f6cbabfc6fcd4c6,[VIRTUAL]1 x TBD (SID_Placeholder_775) for 500 MtxCurrency,500,500,0,0.0,0,2026-09-01T00:00:00Z,2026-09-17T23:59:59.999Z,1,0,-79,JT090426,Jam Tracks,180,expandableList,Size_1_x_1,,0,,1,track,sid_placeholder_775,A Thousand Miles,,,,,,,2026-04-16T08:01:05Z
2026-09-04,v2:/0f60d4763965ed4b74b6d1e864fb32661c9bb590f385f714df576f377cd316ab,[VIRTUAL]1 x TBD (SID_Placeholder_594) for 500 MtxCurrency,500,500,0,0.0,0,2026-09-01T00:00:00Z,2026-09-17T23:59:59.999Z,1,0,-32,JT090426,Jam Tracks,180,expandableList,Size_1_x_1,,0,,1,track,sid_placeholder_594,Sunflower - Spider-Man: Into the Spider-Verse,,,,,,,2025-06-04T00:24:13Z
2026-09-04,v2:/03779421649e87738299f84ae0030cda55db9dd6215bc1bec3c05539599881bc,[VIRTUAL]1 x Walk Em Down for 500 MtxCurrency,500,500,0,0.0,0,2026-09-01T00:00:00Z,2026-09-17T23:59:59.999Z,1,0,-57,JT090426,Jam Tracks,180,expandableList,Size_1_x_1,,0,,1,track,sid_placeholder_269,Walk Em Down,,,,,,,2024-07-18T13:57:48Z
2026-09-04,v2:/dfdeac072121ab792fbdcd43a9ec27485dfe5872e09475a6901b7920191a6145,[VIRTUAL]1 x The Final Countdown for 500 MtxCurrency,500,500,0,0.0,0,2026-09-01T00:00:00Z,2026-09-17T23:59:59.999Z,1,0,-81,JT090426,Jam Tracks,180,expandableList,Size_1_x_1,,0,,1,track,sid_placeholder_261,The Final Countdown,,,,,,,2024-07-26T00:00:00Z
2026-09-04,v2:/1329bd4863253f13dbb074acbead6b11dbd8b664b7253194dbb9c3531d8e3b70,[VIRTUAL]1 x Stitches for 300 MtxCurrency,300,300,0,0.0,0,2026-09-01T00:00:00Z,2026-09-07T23:59:59.999Z,1,0,-4,,,,,Size_1_x_1,,0,,1,br,BID_190_StreetGothFemale,Stitches,backpack,epic,,Ouroboros,1,7,2019-11-20T12:50:37Z
2026-09-04,v2:/ff7e8d0495e6500700111f64c84ebe0393681800416c71989982ae38179be3c8,[VIRTUAL]1 x Dirty Little Secret for 500 MtxCurrency,500,500,0,0.0,0,2026-09-01T00:00:00Z,2026-09-17T23:59:59.999Z,1,0,-19,JT090426,Jam Tracks,180,expandableList,Size_1_x_1,,0,,1,track,sid_placeholder_82,Dirty Little Secret,,,,,,,2023-12-12T00:00:00Z
2026-09-04,v2:/6b8b2e799926e763d03326cdbba4cae0f5f954d71853e4efb1ed160002190388,"[VIRTUAL]1 x Depth Dealer, 1 x Wavepiercer for -1 MtxCurrency",1200,1200,0,0.0,0,2026-09-04T00:00:00Z,2026-09-10T23:59:59.999Z,1,0,-3,FND090426,Spotlight Drops,197,tileGrid,Size_1_x_1,,0,,2,br,CID_622_Athena_Commando_M_BulletBlue,Depth Dealer,outfit,rare,,Open Water,2,1,2019-11-20T12:51:18Z
2026-09-04,v2:/6b8b2e799926e763d03326cdbba4cae0f5f954d71853e4efb1ed160002190388,"[VIRTUAL]1 x Depth Dealer, 1 x Wavepiercer for -1 MtxCurrency",1200,1200,0,0.0,0,2026-09-04T00:00:00Z,2026-09-10T23:59:59.999Z,1,0,-3,FND090426,Spotlight Drops,197,tileGrid,Size_1_x_1,,0,,2,br,BID_418_BulletBlueMale,Wavepiercer,backpack,rare,,Open Water,2,1,2019-11-20T12:51:15Z
2026-09-04,v2:/8800ac44b32b1c3acf39960c69d59f27cb80344435a138bcb8e5c7aa8108f2bc,"[VIRTUAL]1 x Deathstroke's Katanas, 1 x Deathstroke's Katanas for 800 MtxCurrency",800,800,0,0.0,0,2026-09-04T00:00:00Z,2026-09-08T23:59:59.999Z,1,0,-2,,,,,Size_2_x_1,,0,,2,br,Pickaxe_ID_605_GrimMale_8GT61,Deathstroke's Katanas,pickaxe,dc,DC SERIES,Batman: Zero Point,2,6,2021-05-25T17:38:34Z
2026-09-04,v2:/8800ac44b32b1c3acf39960c69d59f27cb80344435a138bcb8e5c7aa8108f2bc,"[VIRTUAL]1 x Deathstroke's Katanas, 1 x Deathstroke's Katanas for 800 MtxCurrency",800,800,0,0.0,0,2026-09-04T00:00:00Z,2026-09-08T23:59:59.999Z,1,0,-2,,,,,Size_2_x_1,,0,,2,br,BID_768_Grim_QR2Q2,Deathstroke's Katanas,backpack,dc,DC SERIES,Batman: Zero Point,2,6,2021-05-25T17:38:34Z
2026-09-04,v2:/6c481f79abd8f30be568e8d6e90796e1a38b54e6e0fc3d7b216aa251b1901599,[VIRTUAL]1 x Nightrave for 500 MtxCurrency,500,500,0,0.0,0,2026-08-31T00:00:00Z,2026-09-04T23:59:59.999Z,1,0,-1,FND090426,Spotlight Drops,197,tileGrid,Size_1_x_1,,0,,1,br,EID_EarPsych,Nightrave,emote,uncommon,,Chaos Operative,7,3,2026-07-30T13:11:09Z
2026-09-04,v2:/c67c6ce454692604be0fd3de043b1e87e52fdb8db2532017a14670f768018504,[VIRTUAL]1 x Barbarian for 500 MtxCurrency,500,500,0,0.0,0,2026-09-01T00:00:00Z,2026-09-17T23:59:59.999Z,1,0,-89,JT090426,Jam Tracks,180,expandableList,Size_1_x_1,,0,,1,track,sid_placeholder_430,Barbarian,,,,,,,2024-12-01T01:00:00Z
2026-09-04,v2:/d5dd7273513e7ab6719c28098820aa0e8a2cae6b4bb5fd1bf9b4fea57d4e2cf3,"[VIRTUAL]1 x Champion Crystal, 1 x Ace's Emblem, 1 x FNCS Star Wand, 1 x Champion's Bolt, 1 x TBD (SID_Placeholder_621) for -1 MtxCurrency",3000,1800,1200,0.4,1,2026-09-04T00:00:00Z,2026-09-06T23:59:59.999Z,1,0,-1,ChampionCrystal,FNCS,190,tileGrid,Size_3_x_1,,1,FNCS C6S3 Bundle,5,br,Character_RowdyDevilFNCS,Champion Crystal,outfit,epic,,FNCS,6,4,2025-07-15T08:18:07Z
2026-09-04,v2:/d5dd7273513e7ab6719c28098820aa0e8a2cae6b4bb5fd1bf9b4fea57d4e2cf3,"[VIRTUAL]1 x Champion Crystal, 1 x Ace's Emblem, 1 x FNCS Star Wand, 1 x Champion's Bolt, 1 x TBD (SID_Placeholder_621) for -1 MtxCurrency",3000,1800,1200,0.4,1,2026-09-04T00:00:00Z,2026-09-06T23:59:59.999Z,1,0,-1,ChampionCrystal,FNCS,190,tileGrid,Size_3_x_1,,1,FNCS C6S3 Bundle,5,br,Backpack_FNCS_S36,Ace's Emblem,backpack,rare,,FNCS,6,4,2025-06-18T09:06:01Z
2026-09-04,v2:/d5dd7273513e7ab6719c28098820aa0e8a2cae6b4bb5fd1bf9b4fea57d4e2cf3,"[VIRTUAL]1 x Champion Crystal, 1 x Ace's Emblem, 1 x FNCS Star Wand, 1 x Champion's Bolt, 1 x TBD (SID_Placeholder_621) for -1 MtxCurrency",3000,1800,1200,0.4,1,2026-09-04T00:00:00Z,2026-09-06T23:59:59.999Z,1,0,-1,ChampionCrystal,FNCS,190,tileGrid,Size_3_x_1,,1,FNCS C6S3 Bundle,5,br,Pickaxe_StarWandFNCS,FNCS Star Wand,pickaxe,rare,,FNCS,6,4,2025-07-15T08:18:07Z
2026-09-04,v2:/d5dd7273513e7ab6719c28098820aa0e8a2cae6b4bb5fd1bf9b4fea57d4e2cf3,"[VIRTUAL]1 x Champion Crystal, 1 x Ace's Emblem, 1 x FNCS Star Wand, 1 x Champion's Bolt, 1 x TBD (SID_Placeholder_621) for -1 MtxCurrency",3000,1800,1200,0.4,1,2026-09-04T00:00:00Z,2026-09-06T23:59:59.999Z,1,0,-1,ChampionCrystal,FNCS,190,tileGrid,Size_3_x_1,,1,FNCS C6S3 Bundle,5,br,Wrap_RowdyDevil,Champion's Bolt,wrap,uncommon,,FNCS,6,4,2025-07-15T08:18:07Z
2026-09-04,v2:/d5dd7273513e7ab6719c28098820aa0e8a2cae6b4bb5fd1bf9b4fea57d4e2cf3,"[VIRTUAL]1 x Champion Crystal, 1 x Ace's Emblem, 1 x FNCS Star Wand, 1 x Champion's Bolt, 1 x TBD (SID_Placeholder_621) for -1 MtxCurrency",3000,1800,1200,0.4,1,2026-09-04T00:00:00Z,2026-09-06T23:59:59.999Z,1,0,-1,ChampionCrystal,FNCS,190,tileGrid,Size_3_x_1,,1,FNCS C6S3 Bundle,5,track,sid_placeholder_621,Eye of the Storm,,,,,,,2025-07-26T02:09:27Z
2026-09-04,v2:/ecceff8d2243b841a440f6b839721a276ebaad787050edc0b580e002a8f867bb,[VIRTUAL]1 x TBD (SID_Placeholder_587) for 500 MtxCurrency,500,500,0,0.0,0,2026-09-01T00:00:00Z,2026-09-17T23:59:59.999Z,1,0,-51,JT090426,Jam Tracks,180,expandableList,Size_1_x_1,,0,,1,track,sid_placeholder_587,Dream On,,,,,,,2025-05-14T00:00:00Z
2026-09-04,v2:/66ae8c92bbe49d4f192ca507e295be1adce65f20e1a9f82ce73bba2946355192,[VIRTUAL]1 x Air Jordan 4 Retro 'Iced Carmine' for 1000 MtxCurrency,1000,1000,0,0.0,0,2026-08-29T00:00:00Z,2026-09-04T23:59:59.999Z,1,0,-1,FND090426,Spotlight Drops,197,tileGrid,Size_1_x_1,,0,,1,br,Shoes_JuiceMediumNap,Air Jordan 4 Retro 'Iced Carmine',shoe,uncommon,,Jordan Shoes,7,4,2026-08-23T11:46:51Z
2026-09-04,v2:/9aa1c89e4494e75e37c91805a9d1baba401210dc31f3df4e641ea972436af68d,"[VIRTUAL]1 x Nightburn Highwire, 1 x Brightnite for -1 MtxCurrency",1200,1200,0,0.0,0,2026-08-31T00:00:00Z,2026-09-04T23:59:59.999Z,1,0,-2,FND090426,Spotlight Drops,197,tileGrid,Size_1_x_1,,0,,2,br,Character_EarPsych,Nightburn Highwire,outfit,epic,,Chaos Operative,7,3,2026-07-30T13:11:09Z
2026-09-04,v2:/9aa1c89e4494e75e37c91805a9d1baba401210dc31f3df4e641ea972436af68d,"[VIRTUAL]1 x Nightburn Highwire, 1 x Brightnite for -1 MtxCurrency",1200,1200,0,0.0,0,2026-08-31T00:00:00Z,2026-09-04T23:59:59.999Z,1,0,-2,FND090426,Spotlight Drops,197,tileGrid,Size_1_x_1,,0,,2,br,Wrap_EarPsych_01,Brightnite,wrap,rare,,Chaos Operative,7,3,2026-07-30T13:11:09Z
2026-09-04,v2:/7f2f3c5a65c29fce690a8917e63b5c5921d97489eb0d69318fb56ec01ae2e192,[VIRTUAL]1 x Tsuzure for -1 MtxCurrency,400,400,0,0.0,0,2026-08-29T00:00:00Z,2026-09-04T23:59:59.999Z,1,0,-2,VehicleAccessories082926,Vehicle Accessories,175,tileGrid,Size_1_x_1,,1,Tsuzure Boost,1,car,ID_Booster_GoldenOutline,Tsuzure,booster,uncommon,,,,,2024-12-18T12:18:27Z
2026-09-04,v2:/e4da19e1df2e1e2a5174b1895a7cfdc58d28fb212677e7d7759afdc04c5427cd,[VIRTUAL]1 x Feel Good Inc for 500 MtxCurrency,500,500,0,0.0,0,2026-09-04T00:00:00Z,2026-09-10T23:59:59.999Z,1,0,-4,JT090426,Jam Tracks,180,tileGrid,Size_1_x_1,,0,,1,track,sid_placeholder_31,Feel Good Inc,,,,,,,2024-03-05T20:11:31Z
2026-09-04,v2:/1c79457083b20781792255d1440d39f911a7621aaa4038b30683f5e9056f7db3,"[VIRTUAL]1 x Power Chord, 1 x Six String for -1 MtxCurrency",2000,2000,0,0.0,0,2026-09-01T00:00:00Z,2026-09-07T23:59:59.999Z,1,0,-2,NS0901,No Sweat,184,tileGrid,Size_1_x_1,"Included Backbling is a Backbling only, and not useable as an Instrument or Pickaxe.",0,,2,br,CID_097_Athena_Commando_F_RockerPunk,Power Chord,outfit,legendary,,Volume 11,1,3,2019-11-20T12:50:26Z
2026-09-04,v2:/1c79457083b20781792255d1440d39f911a7621aaa4038b30683f5e9056f7db3,"[VIRTUAL]1 x Power Chord, 1 x Six String for -1 MtxCurrency",2000,2000,0,0.0,0,2026-09-01T00:00:00Z,2026-09-07T23:59:59.999Z,1,0,-2,NS0901,No Sweat,184,tileGrid,Size_1_x_1,"Included Backbling is a Backbling only, and not useable as an Instrument or Pickaxe.",0,,2,br,BID_034_RockerPunk,Six String,backpack,legendary,,Volume 11,1,3,2019-11-20T12:50:41Z
2026-09-04,v2:/aee59a17affbc9b25bfe0da18eb7e23c8d03745302832c4ece907775882f06b7,[VIRTUAL]1 x Jump Rope Jig for 500 MtxCurrency,500,500,0,0.0,0,2026-09-04T00:00:00Z,2026-09-07T23:59:59.999Z,1,0,-4,VV0904261,Pop Off,195,tileGrid,Size_1_x_1,,0,,1,br,EID_Hoist,Jump Rope Jig,emote,icon,Icon Series,,4,4,2023-10-05T00:00:00Z
2026-09-04,v2:/4022673e6125b7d052c33072eb71569d4b416bde4b54d84128cea42ad91605bf,[VIRTUAL]1 x TBD (SID_Placeholder_497) for 500 MtxCurrency,500,500,0,0.0,0,2026-09-01T00:00:00Z,2026-09-17T23:59:59.999Z,1,0,-92,JT090426,Jam Tracks,180,expandableList,Size_1_x_1,,0,,1,track,sid_placeholder_497,Still Into You,,,,,,,2025-03-18T15:58:31Z
2026-09-04,v2:/230f349ce8a86a426a012947fd7940c488d7390886acb583460acbc5ac463085,[VIRTUAL]1 x Zoey's Thumbs Up for 300 MtxCurrency,300,300,0,0.0,0,2026-09-02T00:00:00Z,2026-09-06T23:59:59.999Z,1,0,-6,KPop1,KPop Demon Hunters,185,tileGrid,Size_1_x_1,,0,,1,br,EID_QuailWink,Zoey's Thumbs Up,emote,icon,Icon Series,KPop Demon Hunters,6,5,2025-10-02T08:00:00Z
2026-09-04,v2:/a308378bef2c221a07427634ef7b9a6feccc6fc10643def44afb6cef155ccf36,[VIRTUAL]1 x TBD (SID_Placeholder_796) for 500 MtxCurrency,500,500,0,0.0,0,2026-09-01T00:00:00Z,2026-09-17T23:59:59.999Z,1,0,-43,JT090426,Jam Tracks,180,expandableList,Size_1_x_1,,0,,1,track,sid_placeholder_796,Snow on The Bluff,,,,,,,2026-05-26T14:09:46Z
2026-09-04,v2:/f7c36f2bf7294b569838ff825948103256ae687c45ad3b2375205a5a18b2bbda,[VIRTUAL]1 x Castaway Jonesy for 800 MtxCurrency,800,800,0,0.0,0,2026-09-04T00:00:00Z,2026-09-07T23:59:59.999Z,1,0,-2,EOSShop,Heatwave,193,tileGrid,Size_1_x_1,,0,,1,br,CID_836_Athena_Commando_M_JonesyFlare,Castaway Jonesy,outfit,uncommon,,,2,3,2020-08-05T08:09:19Z
2026-09-04,v2:/d0a7528c7083d02b60b3a8a2771dae2a35cf09347750a0390f5b73db50f40698,[VIRTUAL]1 x Amari for 800 MtxCurrency,800,800,0,0.0,0,2026-09-04T00:00:00Z,2026-09-07T23:59:59.999Z,1,0,-4,EOSShop,Heatwave,193,tileGrid,Size_1_x_1,,0,,1,br,Character_PowerSpin,Amari,outfit,epic,,,7,1,2026-01-09T09:35:34Z
2026-09-04,v2:/6e107a468f407b08e9a2ed63a20c95bfd1acb51735739cbaaca12b371f0f3d00,[VIRTUAL]1 x Rescue Paddle for 800 MtxCurrency,800,800,0,0.0,0,2026-09-04T00:00:00Z,2026-09-07T23:59:59.999Z,1,0,-6,EOSShop,Heatwave,193,tileGrid,Size_1_x_1,,0,,1,br,Pickaxe_ID_078_Lifeguard,Rescue Paddle,pickaxe,rare,,Rescue Patrol,1,5,2019-11-20T12:48:03Z
2026-09-04,v2:/55e979a3c2837c51d86c08fb24c6c4948507da0a7e4b01da2727722bcb569a1c,[VIRTUAL]1 x Harley Floatie for 300 MtxCurrency,300,300,0,0.0,0,2026-08-31T00:00:00Z,2026-09-06T23:59:59.999Z,1,0,-2,SummerBatman,Hot Bat Summer,192,tileGrid,Size_1_x_1,,0,,1,br,Backpack_HumorShale,Harley Floatie,backpack,dc,DC SERIES,Gotham City Summer,7,3,2026-07-16T08:00:00Z
2026-09-04,v2:/4ebf1334d3daa35a3bf879f88120030e1d7e434d0e896531407e22dea7f2c23f,[VIRTUAL]1 x The Search for 500 MtxCurrency,500,500,0,0.0,0,2026-09-01T00:00:00Z,2026-09-17T23:59:59.999Z,1,0,-1,JT090426,Jam Tracks,180,expandableList,Size_1_x_1,,0,,1,track,sid_placeholder_56,The Search,,,,,,,2023-12-11T00:00:00Z
2026-09-04,v2:/d9c9fa701c2146a187c6f2d3f27db844ad1788a5c985c9f26adec7f8d024ccc4,"[VIRTUAL]1 x Komplex, 1 x Purple Jam for -1 MtxCurrency",1200,1200,0,0.0,0,2026-09-04T00:00:00Z,2026-09-06T23:59:59.999Z,1,0,-4,BR090426,Full Flex,186,tileGrid,Size_1_x_1,<highlight_strong>Reactive Outfit:</> Glows at night!,0,,2,br,CID_665_Athena_Commando_F_NeonGraffiti,Komplex,outfit,rare,,Aerosol Assassins,2,1,2020-01-15T09:35:51Z
2026-09-04,v2:/d9c9fa701c2146a187c6f2d3f27db844ad1788a5c985c9f26adec7f8d024ccc4,"[VIRTUAL]1 x Komplex, 1 x Purple Jam for -1 MtxCurrency",1200,1200,0,0.0,0,2026-09-04T00:00:00Z,2026-09-06T23:59:59.999Z,1,0,-4,BR090426,Full Flex,186,tileGrid,Size_1_x_1,<highlight_strong>Reactive Outfit:</> Glows at night!,0,,2,br,BID_455_NeonGraffitiFemale,Purple Jam,backpack,rare,,Aerosol Assassins,2,1,2020-01-15T09:35:49Z
2026-09-04,v2:/9eea0be4961143a90ca361afda1334ab9a21e3cd594353161591a52290879cac,[VIRTUAL]1 x TBD (SID_Placeholder_538) for 500 MtxCurrency,500,500,0,0.0,0,2026-09-01T00:00:00Z,2026-09-17T23:59:59.999Z,1,0,-66,JT090426,Jam Tracks,180,expandableList,Size_1_x_1,,0,,1,track,sid_placeholder_538,Juno,,,,,,,2025-04-08T08:40:23Z
2026-09-04,v2:/47db11ceb9887846dc914500934b6e10d420a86aca652289a2f4464c0d7bfc8a,"[VIRTUAL]1 x Nightburn Highwire, 1 x Brightnite, 1 x Nightrave, 1 x Coresaw Claws, 1 x Unseen Sneakers for -1 MtxCurrency",3000,1600,1400,0.4667,1,2026-08-31T00:00:00Z,2026-09-04T23:59:59.999Z,1,0,-1,FND090426,Spotlight Drops,197,tileGrid,Size_3_x_1,,1,Nightburn Highwire Bundle,5,br,Character_EarPsych,Nightburn Highwire,outfit,epic,,Chaos Operative,7,3,2026-07-30T13:11:09Z
2026-09-04,v2:/47db11ceb9887846dc914500934b6e10d420a86aca652289a2f4464c0d7bfc8a,"[VIRTUAL]1 x Nightburn Highwire, 1 x Brightnite, 1 x Nightrave, 1 x Coresaw Claws, 1 x Unseen Sneakers for -1 MtxCurrency",3000,1600,1400,0.4667,1,2026-08-31T00:00:00Z,2026-09-04T23:59:59.999Z,1,0,-1,FND090426,Spotlight Drops,197,tileGrid,Size_3_x_1,,1,Nightburn Highwire Bundle,5,br,Wrap_EarPsych_01,Brightnite,wrap,rare,,Chaos Operative,7,3,2026-07-30T13:11:09Z
2026-09-04,v2:/47db11ceb9887846dc914500934b6e10d420a86aca652289a2f4464c0d7bfc8a,"[VIRTUAL]1 x Nightburn Highwire, 1 x Brightnite, 1 x Nightrave, 1 x Coresaw Claws, 1 x Unseen Sneakers for -1 MtxCurrency",3000,1600,1400,0.4667,1,2026-08-31T00:00:00Z,2026-09-04T23:59:59.999Z,1,0,-1,FND090426,Spotlight Drops,197,tileGrid,Size_3_x_1,,1,Nightburn Highwire Bundle,5,br,EID_EarPsych,Nightrave,emote,uncommon,,Chaos Operative,7,3,2026-07-30T13:11:09Z
2026-09-04,v2:/47db11ceb9887846dc914500934b6e10d420a86aca652289a2f4464c0d7bfc8a,"[VIRTUAL]1 x Nightburn Highwire, 1 x Brightnite, 1 x Nightrave, 1 x Coresaw Claws, 1 x Unseen Sneakers for -1 MtxCurrency",3000,1600,1400,0.4667,1,2026-08-31T00:00:00Z,2026-09-04T23:59:59.999Z,1,0,-1,FND090426,Spotlight Drops,197,tileGrid,Size_3_x_1,,1,Nightburn Highwire Bundle,5,br,Pickaxe_EarPsych,Coresaw Claws,pickaxe,rare,,Chaos Operative,7,3,2026-07-30T13:11:09Z
2026-09-04,v2:/47db11ceb9887846dc914500934b6e10d420a86aca652289a2f4464c0d7bfc8a,"[VIRTUAL]1 x Nightburn Highwire, 1 x Brightnite, 1 x Nightrave, 1 x Coresaw Claws, 1 x Unseen Sneakers for -1 MtxCurrency",3000,1600,1400,0.4667,1,2026-08-31T00:00:00Z,2026-09-04T23:59:59.999Z,1,0,-1,FND090426,Spotlight Drops,197,tileGrid,Size_3_x_1,,1,Nightburn Highwire Bundle,5,br,Shoes_VoidFlux,Unseen Sneakers,shoe,uncommon,,Chaos Operative,7,3,2026-08-08T00:00:00Z
2026-09-04,v2:/309e47e57a9187d664b1780ce45c25023071461ce12bfb7c90fa2eb3a581fbd5,[VIRTUAL]1 x Renegade for 800 MtxCurrency,800,800,0,0.0,0,2026-09-01T00:00:00Z,2026-09-07T23:59:59.999Z,1,0,-2,NS0901,No Sweat,184,tileGrid,Size_1_x_1,,0,,1,br,CID_013_Athena_Commando_F,Renegade,outfit,uncommon,,,1,1,2019-11-20T12:50:30Z
2026-09-04,v2:/2df43144157c7dbe950807cacd0118b341081b4bef347b6061d99b20ce2839cb,[VIRTUAL]1 x Sypher's Scimitar for 800 MtxCurrency,800,800,0,0.0,0,2026-09-02T00:00:00Z,2026-09-04T23:59:59.999Z,1,0,-1,SypherNinja,"SypherPK, Ninja & Chica",174,tileGrid,Size_1_x_1,"The <highlight>SYPHER'S SCIMITAR</> Pickaxe will react with eliminations, building up a demonic aura.",0,,1,br,Pickaxe_Headset,Sypher's Scimitar,pickaxe,icon,Icon Series,SypherPK,3,4,2022-09-18T10:05:15Z
2026-09-04,v2:/e30b9910f9e3826de9c50d45f46fd633dbf20d5880487cb37ddfb4ee45d91009,"[VIRTUAL]1 x Crash Bandicoot, 1 x Bandicoot, 1 x Spyro the Dragon, 1 x Aku Aku, 1 x Crash's Victory, 1 x Crash's Wumpa Mace for -1 MtxCurrency",4900,3000,1900,0.3878,1,2026-08-29T00:00:00Z,2026-09-11T23:59:59.999Z,1,0,-1,CrashSpyro1,Crash Bandicoot & Spyro the Dragon,189,billboard,Size_4_x_1,,1,Crash Bandicoot & Spyro the Dragon Bundle,6,br,Character_SpruceBark,Crash Bandicoot,outfit,gaminglegends,Gaming Legends Series,Crash Bandicoot,7,4,2026-08-26T23:33:06Z
2026-09-04,v2:/e30b9910f9e3826de9c50d45f46fd633dbf20d5880487cb37ddfb4ee45d91009,"[VIRTUAL]1 x Crash Bandicoot, 1 x Bandicoot, 1 x Spyro the Dragon, 1 x Aku Aku, 1 x Crash's Victory, 1 x Crash's Wumpa Mace for -1 MtxCurrency",4900,3000,1900,0.3878,1,2026-08-29T00:00:00Z,2026-09-11T23:59:59.999Z,1,0,-1,CrashSpyro1,Crash Bandicoot & Spyro the Dragon,189,billboard,Size_4_x_1,,1,Crash Bandicoot & Spyro the Dragon Bundle,6,br,Wrap_SpruceBark,Bandicoot,wrap,gaminglegends,Gaming Legends Series,Crash Bandicoot,7,4,2026-08-26T23:33:06Z
2026-09-04,v2:/e30b9910f9e3826de9c50d45f46fd633dbf20d5880487cb37ddfb4ee45d91009,"[VIRTUAL]1 x Crash Bandicoot, 1 x Bandicoot, 1 x Spyro the Dragon, 1 x Aku Aku, 1 x Crash's Victory, 1 x Crash's Wumpa Mace for -1 MtxCurrency",4900,3000,1900,0.3878,1,2026-08-29T00:00:00Z,2026-09-11T23:59:59.999Z,1,0,-1,CrashSpyro1,Crash Bandicoot & Spyro the Dragon,189,billboard,Size_4_x_1,,1,Crash Bandicoot & Spyro the Dragon Bundle,6,br,Companion_SandyInland,Spyro the Dragon,sidekick,gaminglegends,Gaming Legends Series,Spyro,7,4,2026-08-27T13:00:15Z
2026-09-04,v2:/e30b9910f9e3826de9c50d45f46fd633dbf20d5880487cb37ddfb4ee45d91009,"[VIRTUAL]1 x Crash Bandicoot, 1 x Bandicoot, 1 x Spyro the Dragon, 1 x Aku Aku, 1 x Crash's Victory, 1 x Crash's Wumpa Mace for -1 MtxCurrency",4900,3000,1900,0.3878,1,2026-08-29T00:00:00Z,2026-09-11T23:59:59.999Z,1,0,-1,CrashSpyro1,Crash Bandicoot & Spyro the Dragon,189,billboard,Size_4_x_1,,1,Crash Bandicoot & Spyro the Dragon Bundle,6,br,Backpack_SpruceBark,Aku Aku,backpack,gaminglegends,Gaming Legends Series,Crash Bandicoot,7,4,2026-08-27T13:00:15Z
2026-09-04,v2:/e30b9910f9e3826de9c50d45f46fd633dbf20d5880487cb37ddfb4ee45d91009,"[VIRTUAL]1 x Crash Bandicoot, 1 x Bandicoot, 1 x Spyro the Dragon, 1 x Aku Aku, 1 x Crash's Victory, 1 x Crash's Wumpa Mace for -1 MtxCurrency",4900,3000,1900,0.3878,1,2026-08-29T00:00:00Z,2026-09-11T23:59:59.999Z,1,0,-1,CrashSpyro1,Crash Bandicoot & Spyro the Dragon,189,billboard,Size_4_x_1,,1,Crash Bandicoot & Spyro the Dragon Bundle,6,br,EID_SpruceBark,Crash's Victory,emote,gaminglegends,Gaming Legends Series,Crash Bandicoot,7,4,2026-08-26T23:33:06Z
2026-09-04,v2:/e30b9910f9e3826de9c50d45f46fd633dbf20d5880487cb37ddfb4ee45d91009,"[VIRTUAL]1 x Crash Bandicoot, 1 x Bandicoot, 1 x Spyro the Dragon, 1 x Aku Aku, 1 x Crash's Victory, 1 x Crash's Wumpa Mace for -1 MtxCurrency",4900,3000,1900,0.3878,1,2026-08-29T00:00:00Z,2026-09-11T23:59:59.999Z,1,0,-1,CrashSpyro1,Crash Bandicoot & Spyro the Dragon,189,billboard,Size_4_x_1,,1,Crash Bandicoot & Spyro the Dragon Bundle,6,br,Pickaxe_SpruceBark,Crash's Wumpa Mace,pickaxe,gaminglegends,Gaming Legends Series,Crash Bandicoot,7,4,2026-08-27T13:00:15Z
2026-09-04,v2:/1662f69c946a98f4d45e1dce9888bf1945200f9242e40f84b64992961088d771,[VIRTUAL]1 x Rambo's War for 300 MtxCurrency,300,300,0,0.0,0,2026-09-01T00:00:00Z,2026-09-05T23:59:59.999Z,1,0,-4,Rambo,Rambo,183,tileGrid,Size_1_x_1,,0,,1,br,Wrap_RaisinHunt,Rambo's War,wrap,rare,,Rambo,7,3,2026-06-18T13:01:07Z
2026-09-04,v2:/e000b3c63a78a80cbce5b706c4f8bbb52e0631e8601a6cd3b094fff8cd0c2dc6,"[VIRTUAL]1 x Sun Tan Specialist, 1 x Rescue Ring for -1 MtxCurrency",1500,1500,0,0.0,0,2026-09-04T00:00:00Z,2026-09-07T23:59:59.999Z,1,0,-5,EOSShop,Heatwave,193,tileGrid,Size_1_x_1,,0,,2,br,CID_176_Athena_Commando_M_Lifeguard,Sun Tan Specialist,outfit,epic,,Rescue Patrol,1,5,2019-11-20T12:50:20Z
2026-09-04,v2:/e000b3c63a78a80cbce5b706c4f8bbb52e0631e8601a6cd3b094fff8cd0c2dc6,"[VIRTUAL]1 x Sun Tan Specialist, 1 x Rescue Ring for -1 MtxCurrency",1500,1500,0,0.0,0,2026-09-04T00:00:00Z,2026-09-07T23:59:59.999Z,1,0,-5,EOSShop,Heatwave,193,tileGrid,Size_1_x_1,,0,,2,br,BID_083_LifeguardMale,Rescue Ring,backpack,epic,,Rescue Patrol,1,5,2019-11-20T12:50:39Z
2026-09-04,v2:/fe8a667b00c71819688a2c2d4f6ecaf344b58adbab49009574003494eb3fb620,[VIRTUAL]1 x Queen Persephone for 1200 MtxCurrency,1200,1200,0,0.0,0,2026-09-04T00:00:00Z,2026-09-05T23:59:59.999Z,1,0,-3,BR090426,Full Flex,186,tileGrid,Size_1_x_1,,0,,1,br,Character_GraveFlannel,Queen Persephone,outfit,epic,,The Call of Winter,6,5,2025-10-02T12:10:53Z
2026-09-04,v2:/49a13a2d98bfedc4aeaebef7c9b048aaae9c7eb989871e86182e5d3a86b31737,[VIRTUAL]1 x Party Rock Anthem for 500 MtxCurrency,500,500,0,0.0,0,2026-09-01T00:00:00Z,2026-09-17T23:59:59.999Z,1,0,-9,JT090426,Jam Tracks,180,expandableList,Size_1_x_1,,0,,1,track,sid_placeholder_10,Party Rock Anthem,,,,,,,2023-12-11T00:00:00Z
2026-09-04,v2:/fa44b1971250321932296dd0b7e42935524a81a08a4e359afeca910a0a519c3c,[VIRTUAL]1 x Black Beatles for 500 MtxCurrency,500,500,0,0.0,0,2026-09-01T00:00:00Z,2026-09-17T23:59:59.999Z,1,0,-3,JT090426,Jam Tracks,180,expandableList,Size_1_x_1,,0,,1,track,sid_placeholder_291,Black Beatles,,,,,,,2024-08-09T02:00:00Z
2026-09-04,v2:/2fa620ce4060817d7afe8ec8794cdccf262c07682cb413bc444b9133af0fdfd7,"[VIRTUAL]1 x Boardwalk Ruby, 1 x Translucent Tote for -1 MtxCurrency",1200,1200,0,0.0,0,2026-09-04T00:00:00Z,2026-09-07T23:59:59.999Z,1,0,-1,EOSShop,Heatwave,193,tileGrid,Size_1_x_1,,0,,2,br,CID_A_135_Athena_Commando_F_StreetFashionSummer,Boardwalk Ruby,outfit,rare,,Undercover Summer,2,7,2021-06-22T08:25:42Z
2026-09-04,v2:/2fa620ce4060817d7afe8ec8794cdccf262c07682cb413bc444b9133af0fdfd7,"[VIRTUAL]1 x Boardwalk Ruby, 1 x Translucent Tote for -1 MtxCurrency",1200,1200,0,0.0,0,2026-09-04T00:00:00Z,2026-09-07T23:59:59.999Z,1,0,-1,EOSShop,Heatwave,193,tileGrid,Size_1_x_1,,0,,2,br,BID_797_StreetFashionSummer,Translucent Tote,backpack,rare,,Undercover Summer,2,7,2021-06-22T08:25:42Z
2026-09-04,v2:/76b855f3c8e4c18081d0fef71b7c5b6bda46fd4572ace46c456620762e06e19c,[VIRTUAL]1 x TBD (SID_Placeholder_546) for 500 MtxCurrency,500,500,0,0.0,0,2026-09-01T00:00:00Z,2026-09-17T23:59:59.999Z,1,0,-100,JT090426,Jam Tracks,180,expandableList,Size_1_x_1,,0,,1,track,sid_placeholder_546,Through the Fire and Flames,,,,,,,2025-03-15T00:10:15Z
2026-09-04,v2:/ee04f4814e50b10f7b3be7d450498b7484f7df8bafc04ba58fcbb2553d3884a7,[VIRTUAL]1 x Fade to Black for 500 MtxCurrency,500,500,0,0.0,0,2026-09-01T00:00:00Z,2026-09-17T23:59:59.999Z,1,0,-5,JT090426,Jam Tracks,180,expandableList,Size_1_x_1,,0,,1,track,sid_placeholder_240,Fade to Black,,,,,,,2024-08-01T19:28:39Z
2026-09-04,v2:/ccf5debb1bb76de9bcb476320dd44c59429988b6c0c7a0069012be23a5103efb,"[VIRTUAL]1 x John Rambo, 1 x Rambo's Quiver for -1 MtxCurrency",1500,1500,0,0.0,0,2026-09-01T00:00:00Z,2026-09-05T23:59:59.999Z,1,0,-3,Rambo,Rambo,183,tileGrid,Size_1_x_1,,1,John Rambo,2,br,Character_RaisinHunt_Rag,John Rambo,outfit,epic,,Rambo,7,3,2026-06-18T13:01:07Z
2026-09-04,v2:/ccf5debb1bb76de9bcb476320dd44c59429988b6c0c7a0069012be23a5103efb,"[VIRTUAL]1 x John Rambo, 1 x Rambo's Quiver for -1 MtxCurrency",1500,1500,0,0.0,0,2026-09-01T00:00:00Z,2026-09-05T23:59:59.999Z,1,0,-3,Rambo,Rambo,183,tileGrid,Size_1_x_1,,1,John Rambo,2,br,Backpack_RaisinHunt_Rag,Rambo's Quiver,backpack,rare,,Rambo,7,3,2026-06-18T13:01:07Z
2026-09-04,v2:/38f05270123644795d7ac446b5ad64c40ab8e3f01890a5193da99f664586d036,[VIRTUAL]1 x Master of Puppets for 500 MtxCurrency,500,500,0,0.0,0,2026-09-04T00:00:00Z,2026-09-10T23:59:59.999Z,1,0,-2,JT090426,Jam Tracks,180,tileGrid,Size_1_x_1,,0,,1,track,sid_placeholder_229,Master of Puppets,,,,,,,2024-06-06T13:32:50Z
2026-09-04,v2:/0dd61ecfd397b29f963532245ad50cfa5348043cf4265c2b3a5f13c0d6021c9d,[VIRTUAL]1 x TBD (SID_Placeholder_724) for 500 MtxCurrency,500,500,0,0.0,0,2026-09-01T00:00:00Z,2026-09-17T23:59:59.999Z,1,0,-95,JT090426,Jam Tracks,180,expandableList,Size_1_x_1,,0,,1,track,sid_placeholder_724,mirai,,,,,,,2026-01-13T19:59:54Z
2026-09-04,v2:/e36810c03fb02de389f644bd6ede29c4178c39e783a9b2e6f5a7c20f689d70cf,"[VIRTUAL]1 x Deathstroke Zero, 1 x Deathstroke's Katanas, 1 x Deathstroke's Katanas, 1 x Deathstroke Destroyer for -1 MtxCurrency",2600,2000,600,0.2308,1,2026-09-04T00:00:00Z,2026-09-08T23:59:59.999Z,1,0,-2,DeathstrokemanLaugh,DC,191,tileGrid,Size_2_x_1,Unsheathe the included Pickaxe from the Deathstroke's Katanas Back Bling when both are equipped!,1,Deathstroke Zero Bundle,4,br,CID_A_103_Athena_Commando_M_Grim_VM52M,Deathstroke Zero,outfit,dc,DC SERIES,Batman: Zero Point,2,6,2021-05-25T17:38:34Z
2026-09-04,v2:/e36810c03fb02de389f644bd6ede29c4178c39e783a9b2e6f5a7c20f689d70cf,"[VIRTUAL]1 x Deathstroke Zero, 1 x Deathstroke's Katanas, 1 x Deathstroke's Katanas, 1 x Deathstroke Destroyer for -1 MtxCurrency",2600,2000,600,0.2308,1,2026-09-04T00:00:00Z,2026-09-08T23:59:59.999Z,1,0,-2,DeathstrokemanLaugh,DC,191,tileGrid,Size_2_x_1,Unsheathe the included Pickaxe from the Deathstroke's Katanas Back Bling when both are equipped!,1,Deathstroke Zero Bundle,4,br,BID_768_Grim_QR2Q2,Deathstroke's Katanas,backpack,dc,DC SERIES,Batman: Zero Point,2,6,2021-05-25T17:38:34Z
2026-09-04,v2:/e36810c03fb02de389f644bd6ede29c4178c39e783a9b2e6f5a7c20f689d70cf,"[VIRTUAL]1 x Deathstroke Zero, 1 x Deathstroke's Katanas, 1 x Deathstroke's Katanas, 1 x Deathstroke Destroyer for -1 MtxCurrency",2600,2000,600,0.2308,1,2026-09-04T00:00:00Z,2026-09-08T23:59:59.999Z,1,0,-2,DeathstrokemanLaugh,DC,191,tileGrid,Size_2_x_1,Unsheathe the included Pickaxe from the Deathstroke's Katanas Back Bling when both are equipped!,1,Deathstroke Zero Bundle,4,br,Pickaxe_ID_605_GrimMale_8GT61,Deathstroke's Katanas,pickaxe,dc,DC SERIES,Batman: Zero Point,2,6,2021-05-25T17:38:34Z
2026-09-04,v2:/e36810c03fb02de389f644bd6ede29c4178c39e783a9b2e6f5a7c20f689d70cf,"[VIRTUAL]1 x Deathstroke Zero, 1 x Deathstroke's Katanas, 1 x Deathstroke's Katanas, 1 x Deathstroke Destroyer for -1 MtxCurrency",2600,2000,600,0.2308,1,2026-09-04T00:00:00Z,2026-09-08T23:59:59.999Z,1,0,-2,DeathstrokemanLaugh,DC,191,tileGrid,Size_2_x_1,Unsheathe the included Pickaxe from the Deathstroke's Katanas Back Bling when both are equipped!,1,Deathstroke Zero Bundle,4,br,Glider_ID_292_GrimMale,Deathstroke Destroyer,glider,dc,DC SERIES,Batman: Zero Point,2,6,2021-05-25T08:48:30Z
2026-09-04,v2:/365932077660627769ecf5868912ed856e624cd516cd46a4e474c336d235a6d4,[VIRTUAL]1 x Oni's Curse for 600 MtxCurrency,600,600,0,0.0,0,2026-09-02T00:00:00Z,2026-09-04T23:59:59.999Z,1,0,-1,,,,,Size_1_x_1,,0,,1,br,Backpack_Headset,Oni's Curse,backpack,icon,Icon Series,SypherPK,3,4,2022-09-18T10:05:15Z
2026-09-04,v2:/0f4f256d2be4110ba96ae65f312e366f7d14a944e7ee1eff5d2429c01b764ae0,[VIRTUAL]1 x Mercedes-Benz 190E Evo II for 400 MtxCurrency,400,400,0,0.0,0,2026-08-26T00:00:00Z,2026-09-04T23:59:59.999Z,1,0,-1,,,,,Size_3_x_1,,0,,1,car,Wheel_TrackSpice01,Mercedes-Benz 190E Evo II,wheel,uncommon,,,,,2026-08-24T13:00:27Z
2026-09-04,v2:/f6573dc3cbcf2f889279b0c9effbd1ef0dd210787dfd8b4d293976ee1690bd74,[VIRTUAL]1 x Lean Wit Me for 500 MtxCurrency,500,500,0,0.0,0,2026-09-04T00:00:00Z,2026-09-10T23:59:59.999Z,1,0,-3,JT090426,Jam Tracks,180,tileGrid,Size_1_x_1,,0,,1,track,sid_placeholder_426,Lean Wit Me,,,,,,,2024-11-27T14:32:37Z
2026-09-04,v2:/c11c95800d7714700c7148e435e18c537be74e1a45a0efc1550a8d256eea2d05,[VIRTUAL]1 x Bad Romance for 500 MtxCurrency,500,500,0,0.0,0,2026-09-01T00:00:00Z,2026-09-17T23:59:59.999Z,1,0,-4,JT090426,Jam Tracks,180,expandableList,Size_1_x_1,,0,,1,track,sid_placeholder_24,Bad Romance,,,,,,,2023-12-09T15:00:00Z
2026-09-04,v2:/7950993fc62fbed9271337f0524de8e759151df5db6e9d54e029a21a32ffaee5,[VIRTUAL]1 x Poker Face for 500 MtxCurrency,500,500,0,0.0,0,2026-09-01T00:00:00Z,2026-09-17T23:59:59.999Z,1,0,-41,JT090426,Jam Tracks,180,expandableList,Size_1_x_1,,0,,1,track,sid_placeholder_78,Poker Face,,,,,,,2024-02-22T10:58:10Z
2026-09-04,v2:/79d4528ce40d8f403597254f03cebb1ba4b4b06aef554dd449fc72518f06e1ef,[VIRTUAL]1 x TBD (SID_Placeholder_696) for 500 MtxCurrency,500,500,0,0.0,0,2026-09-04T00:00:00Z,2026-09-10T23:59:59.999Z,1,0,-1,JT090426,Jam Tracks,180,tileGrid,Size_1_x_1,,0,,1,track,sid_placeholder_696,Rockstar,,,,,,,2025-11-29T19:00:00Z
2026-09-04,v2:/2fbfef9831b2f2542f5d5189da74aec9c749578b7e9f8dc0a617497c12844094,[VIRTUAL]1 x Maliwan for 500 MtxCurrency,500,500,0,0.0,0,2026-08-30T00:00:00Z,2026-09-05T23:59:59.999Z,1,0,-2,LilithPsychoBandit,Borderlands,182,tileGrid,Size_1_x_1,,0,,1,br,Wrap_VaultRogue,Maliwan,wrap,gaminglegends,Gaming Legends Series,Mayhem,6,4,2025-07-29T15:40:48Z
2026-09-04,v2:/833d34ed131db6ee888babcf61ff2605d918c86de111c31ebf61240f25bf38ca,"[VIRTUAL]1 x Chlorophyll Ivy, 1 x Lily Lounger for -1 MtxCurrency",1500,1500,0,0.0,0,2026-08-31T00:00:00Z,2026-09-06T23:59:59.999Z,1,0,-4,SummerBatman,Hot Bat Summer,192,tileGrid,Size_1_x_1,,0,,2,br,Character_CrimpPerfume,Chlorophyll Ivy,outfit,dc,DC SERIES,Gotham City Summer,7,3,2026-07-16T08:00:00Z
2026-09-04,v2:/833d34ed131db6ee888babcf61ff2605d918c86de111c31ebf61240f25bf38ca,"[VIRTUAL]1 x Chlorophyll Ivy, 1 x Lily Lounger for -1 MtxCurrency",1500,1500,0,0.0,0,2026-08-31T00:00:00Z,2026-09-06T23:59:59.999Z,1,0,-4,SummerBatman,Hot Bat Summer,192,tileGrid,Size_1_x_1,,0,,2,br,EID_CrimpPerfume,Lily Lounger,emote,dc,DC SERIES,Gotham City Summer,7,3,2026-07-16T08:00:00Z
2026-09-04,v2:/ed35613be1dc6a2dbabd4723fc89645fa53f3b61a7f486ac247a9ff9cbed560a,"[VIRTUAL]1 x Sugar, We're Goin Down for 500 MtxCurrency",500,500,0,0.0,0,2026-09-01T00:00:00Z,2026-09-17T23:59:59.999Z,1,0,-93,JT090426,Jam Tracks,180,expandableList,Size_1_x_1,,0,,1,track,sid_placeholder_388,"Sugar, We're Goin Down",,,,,,,2024-12-26T14:34:39Z
2026-09-04,v2:/00eb767283fed41b081d59730e39c5abd4aae07a42df92f51926793894536c38,[VIRTUAL]1 x Mercedes-Benz 190E Evo II Redux for 400 MtxCurrency,400,400,0,0.0,0,2026-08-26T00:00:00Z,2026-09-04T23:59:59.999Z,1,0,-1,,,,,Size_3_x_1,,0,,1,car,Wheel_TrackSpice02,Mercedes-Benz 190E Evo II Redux,wheel,uncommon,,,,,2026-08-24T13:00:27Z
2026-09-04,v2:/c22aacf6225d87f57e6e7cbe72bf5c0feaf75f04f4a0394fc687afc619393ef0,[VIRTUAL]1 x Wavy Warrior for 800 MtxCurrency,800,800,0,0.0,0,2026-09-04T00:00:00Z,2026-09-06T23:59:59.999Z,1,0,-2,BR090426,Full Flex,186,tileGrid,Size_1_x_1,Combine three color choices in one of six different patterns to customize your tie-dye!,0,,1,br,CID_A_176_Athena_Commando_F_TieDyeFashion,Wavy Warrior,outfit,uncommon,,Get Far Out,2,7,2021-08-17T08:35:25Z
2026-09-04,v2:/8c5bbdb5d310f94c9853b5f34481351b490b32978d5327419bd652059920bb4f,[VIRTUAL]1 x TBD (SID_Placeholder_482) for 500 MtxCurrency,500,500,0,0.0,0,2026-09-01T00:00:00Z,2026-09-17T23:59:59.999Z,1,0,-101,JT090426,Jam Tracks,180,expandableList,Size_1_x_1,,0,,1,track,sid_placeholder_482,Daisy 2.0,,,,,,,2025-01-14T09:00:00Z
2026-09-04,v2:/79ca06682198bd9040fe2389dd46703fbb97c7e1662e25a28608adf4ce6a4a2a,[VIRTUAL]1 x Closer for 500 MtxCurrency,500,500,0,0.0,0,2026-09-01T00:00:00Z,2026-09-17T23:59:59.999Z,1,0,-91,JT090426,Jam Tracks,180,expandableList,Size_1_x_1,,0,,1,track,sid_placeholder_62,Closer,,,,,,,2024-02-29T00:02:26Z
2026-09-04,v2:/3fe9c8b97d68b2f61321d00f77a56cda472fbc232dd4c5a2d4767df87d5d1f2d,[VIRTUAL]1 x Riptide Claws for 500 MtxCurrency,500,500,0,0.0,0,2026-08-31T00:00:00Z,2026-09-06T23:59:59.999Z,1,0,-3,SummerBatman,Hot Bat Summer,192,tileGrid,Size_1_x_1,,0,,1,br,Pickaxe_HammerVice,Riptide Claws,pickaxe,dc,DC SERIES,Gotham City Summer,7,3,2026-07-16T08:00:00Z
2026-09-04,v2:/1945efb9d3aafabf2fbfaa62b308f82febdc05470304f054be0d7ecc0d5623a8,"[VIRTUAL]1 x Paulie Featherface, 1 x Parrot Packer for -1 MtxCurrency",1200,1200,0,0.0,0,2026-09-04T00:00:00Z,2026-09-07T23:59:59.999Z,1,0,-1,EOSShop,Heatwave,193,tileGrid,Size_1_x_1,,0,,2,br,Character_SunnySquawk,Paulie Featherface,outfit,epic,,Cracker Craver,5,4,2024-09-17T08:31:42Z
2026-09-04,v2:/1945efb9d3aafabf2fbfaa62b308f82febdc05470304f054be0d7ecc0d5623a8,"[VIRTUAL]1 x Paulie Featherface, 1 x Parrot Packer for -1 MtxCurrency",1200,1200,0,0.0,0,2026-09-04T00:00:00Z,2026-09-07T23:59:59.999Z,1,0,-1,EOSShop,Heatwave,193,tileGrid,Size_1_x_1,,0,,2,br,Backpack_SunnySquawk,Parrot Packer,backpack,rare,,Cracker Craver,5,4,2024-09-17T08:31:42Z
2026-09-04,v2:/76845cc4108fb808cb43b66372ad408b0fc7d7e0b111112ebbb7a6c11ca721ab,[VIRTUAL]1 x Jelly Parade for -1 MtxCurrency,400,400,0,0.0,0,2026-09-04T00:00:00Z,2026-09-07T23:59:59.999Z,1,0,-3,SummerIceSpiceSpongebob,SpongeBob SquarePants,194,tileGrid,Size_1_x_1,,1,Jelly Parade Boost,1,car,ID_Booster_LionsMane01,Jelly Parade,booster,uncommon,,,,,2025-12-20T00:00:00Z
2026-09-04,v2:/09fcc331c9e5ea91fb79e4c77aebb8c55db9f6f633eabf26463666d48c7642b6,[VIRTUAL]1 x MONTERO (Call Me By Your Name) for 500 MtxCurrency,500,500,0,0.0,0,2026-09-01T00:00:00Z,2026-09-17T23:59:59.999Z,1,0,-74,JT090426,Jam Tracks,180,expandableList,Size_1_x_1,,0,,1,track,sid_placeholder_286,MONTERO (Call Me By Your Name),,,,,,,2024-10-24T14:53:04Z
2026-09-04,v2:/895dfabd729338a2fee5222bda7dd9c7fc707b1bbc465e2703decc3054698d95,"[VIRTUAL]1 x Kai Cenat, 1 x Air Jordan 4 Retro OG 'Bred', 1 x AMP KAI, 1 x Lil' Cenat, 1 x Fire Hazard, 1 x AMP Zap, 1 x Pyro Rocket, 1 x AMP, 1 x The Tylil Dance, 1 x Rocket Recline for -1 MtxCurrency",8200,3500,4700,0.5732,1,2026-09-01T00:00:00Z,2026-09-04T23:59:59.999Z,1,0,-1,KaiCenatBundle,Kai Cenat,173,tileGrid,Size_2_x_1,"AMP KAI, Fire Hazard, and Lil' Cenat react to eliminations! AMP Zap reacts to weak points!",1,Kai Cenat Bundle,10,br,Character_EssayViewMyth,Kai Cenat,outfit,icon,Icon Series,Kai Cenat,6,5,2025-09-10T15:10:30Z
2026-09-04,v2:/895dfabd729338a2fee5222bda7dd9c7fc707b1bbc465e2703decc3054698d95,"[VIRTUAL]1 x Kai Cenat, 1 x Air Jordan 4 Retro OG 'Bred', 1 x AMP KAI, 1 x Lil' Cenat, 1 x Fire Hazard, 1 x AMP Zap, 1 x Pyro Rocket, 1 x AMP, 1 x The Tylil Dance, 1 x Rocket Recline for -1 MtxCurrency",8200,3500,4700,0.5732,1,2026-09-01T00:00:00Z,2026-09-04T23:59:59.999Z,1,0,-1,KaiCenatBundle,Kai Cenat,173,tileGrid,Size_2_x_1,"AMP KAI, Fire Hazard, and Lil' Cenat react to eliminations! AMP Zap reacts to weak points!",1,Kai Cenat Bundle,10,br,Shoes_BalletChockOstrich,Air Jordan 4 Retro OG 'Bred',shoe,uncommon,,Jordan Shoes,6,5,2025-09-10T11:24:45Z
2026-09-04,v2:/895dfabd729338a2fee5222bda7dd9c7fc707b1bbc465e2703decc3054698d95,"[VIRTUAL]1 x Kai Cenat, 1 x Air Jordan 4 Retro OG 'Bred', 1 x AMP KAI, 1 x Lil' Cenat, 1 x Fire Hazard, 1 x AMP Zap, 1 x Pyro Rocket, 1 x AMP, 1 x The Tylil Dance, 1 x Rocket Recline for -1 MtxCurrency",8200,3500,4700,0.5732,1,2026-09-01T00:00:00Z,2026-09-04T23:59:59.999Z,1,0,-1,KaiCenatBundle,Kai Cenat,173,tileGrid,Size_2_x_1,"AMP KAI, Fire Hazard, and Lil' Cenat react to eliminations! AMP Zap reacts to weak points!",1,Kai Cenat Bundle,10,br,Character_EssayViewPier,AMP KAI,outfit,icon,Icon Series,Kai Cenat,6,5,2025-09-10T15:10:30Z
2026-09-04,v2:/895dfabd729338a2fee5222bda7dd9c7fc707b1bbc465e2703decc3054698d95,"[VIRTUAL]1 x Kai Cenat, 1 x Air Jordan 4 Retro OG 'Bred', 1 x AMP KAI, 1 x Lil' Cenat, 1 x Fire Hazard, 1 x AMP Zap, 1 x Pyro Rocket, 1 x AMP, 1 x The Tylil Dance, 1 x Rocket Recline for -1 MtxCurrency",8200,3500,4700,0.5732,1,2026-09-01T00:00:00Z,2026-09-04T23:59:59.999Z,1,0,-1,KaiCenatBundle,Kai Cenat,173,tileGrid,Size_2_x_1,"AMP KAI, Fire Hazard, and Lil' Cenat react to eliminations! AMP Zap reacts to weak points!",1,Kai Cenat Bundle,10,br,Backpack_EssayViewMyth,Lil' Cenat,backpack,icon,Icon Series,Kai Cenat,6,5,2025-09-10T15:10:30Z
2026-09-04,v2:/895dfabd729338a2fee5222bda7dd9c7fc707b1bbc465e2703decc3054698d95,"[VIRTUAL]1 x Kai Cenat, 1 x Air Jordan 4 Retro OG 'Bred', 1 x AMP KAI, 1 x Lil' Cenat, 1 x Fire Hazard, 1 x AMP Zap, 1 x Pyro Rocket, 1 x AMP, 1 x The Tylil Dance, 1 x Rocket Recline for -1 MtxCurrency",8200,3500,4700,0.5732,1,2026-09-01T00:00:00Z,2026-09-04T23:59:59.999Z,1,0,-1,KaiCenatBundle,Kai Cenat,173,tileGrid,Size_2_x_1,"AMP KAI, Fire Hazard, and Lil' Cenat react to eliminations! AMP Zap reacts to weak points!",1,Kai Cenat Bundle,10,br,Backpack_EssayViewPier,Fire Hazard,backpack,icon,Icon Series,Kai Cenat,6,5,2025-09-10T15:10:30Z
2026-09-04,v2:/895dfabd729338a2fee5222bda7dd9c7fc707b1bbc465e2703decc3054698d95,"[VIRTUAL]1 x Kai Cenat, 1 x Air Jordan 4 Retro OG 'Bred', 1 x AMP KAI, 1 x Lil' Cenat, 1 x Fire Hazard, 1 x AMP Zap, 1 x Pyro Rocket, 1 x AMP, 1 x The Tylil Dance, 1 x Rocket Recline for -1 MtxCurrency",8200,3500,4700,0.5732,1,2026-09-01T00:00:00Z,2026-09-04T23:59:59.999Z,1,0,-1,KaiCenatBundle,Kai Cenat,173,tileGrid,Size_2_x_1,"AMP KAI, Fire Hazard, and Lil' Cenat react to eliminations! AMP Zap reacts to weak points!",1,Kai Cenat Bundle,10,br,Pickaxe_EssayViewMyth,AMP Zap,pickaxe,icon,Icon Series,Kai Cenat,6,5,2025-09-10T15:10:30Z
2026-09-04,v2:/895dfabd729338a2fee5222bda7dd9c7fc707b1bbc465e2703decc3054698d95,"[VIRTUAL]1 x Kai Cenat, 1 x Air Jordan 4 Retro OG 'Bred', 1 x AMP KAI, 1 x Lil' Cenat, 1 x Fire Hazard, 1 x AMP Zap, 1 x Pyro Rocket, 1 x AMP, 1 x The Tylil Dance, 1 x Rocket Recline for -1 MtxCurrency",8200,3500,4700,0.5732,1,2026-09-01T00:00:00Z,2026-09-04T23:59:59.999Z,1,0,-1,KaiCenatBundle,Kai Cenat,173,tileGrid,Size_2_x_1,"AMP KAI, Fire Hazard, and Lil' Cenat react to eliminations! AMP Zap reacts to weak points!",1,Kai Cenat Bundle,10,br,Pickaxe_EssayViewPier,Pyro Rocket,pickaxe,icon,Icon Series,Kai Cenat,6,5,2025-09-10T15:10:30Z
2026-09-04,v2:/895dfabd729338a2fee5222bda7dd9c7fc707b1bbc465e2703decc3054698d95,"[VIRTUAL]1 x Kai Cenat, 1 x Air Jordan 4 Retro OG 'Bred', 1 x AMP KAI, 1 x Lil' Cenat, 1 x Fire Hazard, 1 x AMP Zap, 1 x Pyro Rocket, 1 x AMP, 1 x The Tylil Dance, 1 x Rocket Recline for -1 MtxCurrency",8200,3500,4700,0.5732,1,2026-09-01T00:00:00Z,2026-09-04T23:59:59.999Z,1,0,-1,KaiCenatBundle,Kai Cenat,173,tileGrid,Size_2_x_1,"AMP KAI, Fire Hazard, and Lil' Cenat react to eliminations! AMP Zap reacts to weak points!",1,Kai Cenat Bundle,10,br,Wrap_EssayView,AMP,wrap,icon,Icon Series,Kai Cenat,6,5,2025-09-10T15:10:30Z
2026-09-04,v2:/895dfabd729338a2fee5222bda7dd9c7fc707b1bbc465e2703decc3054698d95,"[VIRTUAL]1 x Kai Cenat, 1 x Air Jordan 4 Retro OG 'Bred', 1 x AMP KAI, 1 x Lil' Cenat, 1 x Fire Hazard, 1 x AMP Zap, 1 x Pyro Rocket, 1 x AMP, 1 x The Tylil Dance, 1 x Rocket Recline for -1 MtxCurrency",8200,3500,4700,0.5732,1,2026-09-01T00:00:00Z,2026-09-04T23:59:59.999Z,1,0,-1,KaiCenatBundle,Kai Cenat,173,tileGrid,Size_2_x_1,"AMP KAI, Fire Hazard, and Lil' Cenat react to eliminations! AMP Zap reacts to weak points!",1,Kai Cenat Bundle,10,br,EID_EssayViewMyth,The Tylil Dance,emote,icon,Icon Series,Kai Cenat,6,5,2025-09-10T15:10:30Z
2026-09-04,v2:/895dfabd729338a2fee5222bda7dd9c7fc707b1bbc465e2703decc3054698d95,"[VIRTUAL]1 x Kai Cenat, 1 x Air Jordan 4 Retro OG 'Bred', 1 x AMP KAI, 1 x Lil' Cenat, 1 x Fire Hazard, 1 x AMP Zap, 1 x Pyro Rocket, 1 x AMP, 1 x The Tylil Dance, 1 x Rocket Recline for -1 MtxCurrency",8200,3500,4700,0.5732,1,2026-09-01T00:00:00Z,2026-09-04T23:59:59.999Z,1,0,-1,KaiCenatBundle,Kai Cenat,173,tileGrid,Size_2_x_1,"AMP KAI, Fire Hazard, and Lil' Cenat react to eliminations! AMP Zap reacts to weak points!",1,Kai Cenat Bundle,10,br,EID_EssayViewPier,Rocket Recline,emote,icon,Icon Series,Kai Cenat,6,5,2025-09-10T15:10:30Z
2026-09-04,v2:/d40d2f42039b939d0fb1955b93b5b376ad581e389aa7d5408170041b8b7be699,"[VIRTUAL]1 x High Tide Harley, 1 x Harley Floatie for -1 MtxCurrency",1500,1500,0,0.0,0,2026-08-31T00:00:00Z,2026-09-06T23:59:59.999Z,1,0,-3,SummerBatman,Hot Bat Summer,192,tileGrid,Size_1_x_1,,0,,2,br,Character_HumorShale_Teak,High Tide Harley,outfit,dc,DC SERIES,Gotham City Summer,7,3,2026-07-16T08:00:00Z
2026-09-04,v2:/d40d2f42039b939d0fb1955b93b5b376ad581e389aa7d5408170041b8b7be699,"[VIRTUAL]1 x High Tide Harley, 1 x Harley Floatie for -1 MtxCurrency",1500,1500,0,0.0,0,2026-08-31T00:00:00Z,2026-09-06T23:59:59.999Z,1,0,-3,SummerBatman,Hot Bat Summer,192,tileGrid,Size_1_x_1,,0,,2,br,Backpack_HumorShale,Harley Floatie,backpack,dc,DC SERIES,Gotham City Summer,7,3,2026-07-16T08:00:00Z
2026-09-04,v2:/9fef96839073be3d2abf4e74f8c76bdaf9044cac55561c1cfd1cd1653adcdb0d,[VIRTUAL]1 x Deathstroke Destroyer for 800 MtxCurrency,800,800,0,0.0,0,2026-09-04T00:00:00Z,2026-09-08T23:59:59.999Z,1,0,-4,DeathstrokemanLaugh,DC,191,tileGrid,Size_1_x_1,,0,,1,br,Glider_ID_292_GrimMale,Deathstroke Destroyer,glider,dc,DC SERIES,Batman: Zero Point,2,6,2021-05-25T08:48:30Z
2026-09-04,v2:/13e966baabf09db4afc6f7bb49c409e0d92c2a0e61a648057e2bb537177b5ec8,[VIRTUAL]1 x Sweet Child O' Mine for 500 MtxCurrency,500,500,0,0.0,0,2026-09-01T00:00:00Z,2026-09-17T23:59:59.999Z,1,0,-53,JT090426,Jam Tracks,180,expandableList,Size_1_x_1,,0,,1,track,sid_placeholder_271,Sweet Child O' Mine,,,,,,,2024-08-09T00:00:00Z
2026-09-04,v2:/19f917804bda8c56de7b8f7727e83c749d740f8ba3143ccf74b0d89a00e8e9f8,[VIRTUAL]1 x Fire Hazard for 600 MtxCurrency,600,600,0,0.0,0,2026-09-01T00:00:00Z,2026-09-04T23:59:59.999Z,1,0,-5,KaiCenatBundle,Kai Cenat,173,tileGrid,Size_1_x_1,Reactive to eliminations! ,0,,1,br,Backpack_EssayViewPier,Fire Hazard,backpack,icon,Icon Series,Kai Cenat,6,5,2025-09-10T15:10:30Z
2026-09-04,v2:/2876e39f6dda7386f6b02545c9239b8a26cffc14a04b23b26e1136b7959aa122,[VIRTUAL]1 x Rescue Ring for 300 MtxCurrency,300,300,0,0.0,0,2026-09-04T00:00:00Z,2026-09-07T23:59:59.999Z,1,0,-5,,,,,Size_1_x_1,,0,,1,br,BID_083_LifeguardMale,Rescue Ring,backpack,epic,,Rescue Patrol,1,5,2019-11-20T12:50:39Z
2026-09-04,v2:/138f5a25832ee07159a3a0e2286cf0d12d6183b5dda82b315ebbea17be2f9117,[VIRTUAL]1 x Brightnite for 500 MtxCurrency,500,500,0,0.0,0,2026-08-31T00:00:00Z,2026-09-04T23:59:59.999Z,1,0,-3,FND090426,Spotlight Drops,197,tileGrid,Size_1_x_1,,0,,1,br,Wrap_EarPsych_01,Brightnite,wrap,rare,,Chaos Operative,7,3,2026-07-30T13:11:09Z
2026-09-04,v2:/3c4e8742b1027a774a99918239703bf178f6aedada7e22402260b7b488d9821d,[VIRTUAL]1 x Butter for 500 MtxCurrency,500,500,0,0.0,0,2026-09-02T00:00:00Z,2026-09-04T23:59:59.999Z,1,0,-3,BR090426,Full Flex,186,tileGrid,Size_1_x_1,,0,,1,track,sid_placeholder_267,Butter,,,,,,,2024-07-18T13:57:48Z
2026-09-04,v2:/b711bed4bc293dea53d768731ca28e70f40f8c04679085913ea7c2f16978f8bd,[VIRTUAL]1 x Zoey's Ramyeon for 300 MtxCurrency,300,300,0,0.0,0,2026-09-02T00:00:00Z,2026-09-06T23:59:59.999Z,1,0,-2,KPop1,KPop Demon Hunters,185,tileGrid,Size_1_x_1,,0,,1,br,Backpack_EvokeFind,Zoey's Ramyeon,backpack,icon,Icon Series,KPop Demon Hunters,6,5,2025-10-02T08:00:00Z
2026-09-04,v2:/27ea69c706ca769441f798c3191f1a7beccef96ff328f56e683c9b97bfe50632,[VIRTUAL]1 x Armed And Dangerous for 500 MtxCurrency,500,500,0,0.0,0,2026-09-01T00:00:00Z,2026-09-17T23:59:59.999Z,1,0,-36,JT090426,Jam Tracks,180,expandableList,Size_1_x_1,,0,,1,track,sid_placeholder_428,Armed And Dangerous,,,,,,,2024-11-21T14:39:11Z
2026-09-04,v2:/e6ecbeffb8b1b8086772346ccf978b719763c29e0aa1371b3d65596ad90af64c,[VIRTUAL]1 x Aida's Edge for 800 MtxCurrency,800,800,0,0.0,0,2026-09-02T00:00:00Z,2026-09-04T23:59:59.999Z,1,0,-1,SypherNinja,"SypherPK, Ninja & Chica",174,tileGrid,Size_1_x_1,,0,,1,br,Pickaxe_ID_771_LittleEggFemale,Aida's Edge,pickaxe,icon,Icon Series,Chica,3,2,2022-05-04T16:00:03Z
2026-09-04,v2:/16853592fa34d3625b236c4403027fad976e22c3f250f3da00dd6b89d25eb228,"[VIRTUAL]1 x Ninja, 1 x Ninja's Edge, 1 x Dual Katanas, 1 x Ninja Style for -1 MtxCurrency",2600,2000,600,0.2308,1,2026-09-02T00:00:00Z,2026-09-04T23:59:59.999Z,1,0,-3,SypherNinja,"SypherPK, Ninja & Chica",174,tileGrid,Size_1_x_1,,1,Ninja Bundle,4,br,CID_605_Athena_Commando_M_TourBus,Ninja,outfit,icon,Icon Series,Ninja,2,1,2020-01-15T14:58:01Z
2026-09-04,v2:/16853592fa34d3625b236c4403027fad976e22c3f250f3da00dd6b89d25eb228,"[VIRTUAL]1 x Ninja, 1 x Ninja's Edge, 1 x Dual Katanas, 1 x Ninja Style for -1 MtxCurrency",2600,2000,600,0.2308,1,2026-09-02T00:00:00Z,2026-09-04T23:59:59.999Z,1,0,-3,SypherNinja,"SypherPK, Ninja & Chica",174,tileGrid,Size_1_x_1,,1,Ninja Bundle,4,br,BID_402_TourBus,Ninja's Edge,backpack,icon,Icon Series,Ninja,2,1,2020-01-15T14:58:00Z
2026-09-04,v2:/16853592fa34d3625b236c4403027fad976e22c3f250f3da00dd6b89d25eb228,"[VIRTUAL]1 x Ninja, 1 x Ninja's Edge, 1 x Dual Katanas, 1 x Ninja Style for -1 MtxCurrency",2600,2000,600,0.2308,1,2026-09-02T00:00:00Z,2026-09-04T23:59:59.999Z,1,0,-3,SypherNinja,"SypherPK, Ninja & Chica",174,tileGrid,Size_1_x_1,,1,Ninja Bundle,4,br,Pickaxe_ID_302_TourBus1H,Dual Katanas,pickaxe,icon,Icon Series,Ninja,2,1,2020-01-15T14:58:01Z
2026-09-04,v2:/16853592fa34d3625b236c4403027fad976e22c3f250f3da00dd6b89d25eb228,"[VIRTUAL]1 x Ninja, 1 x Ninja's Edge, 1 x Dual Katanas, 1 x Ninja Style for -1 MtxCurrency",2600,2000,600,0.2308,1,2026-09-02T00:00:00Z,2026-09-04T23:59:59.999Z,1,0,-3,SypherNinja,"SypherPK, Ninja & Chica",174,tileGrid,Size_1_x_1,,1,Ninja Bundle,4,br,EID_TourBus,Ninja Style,emote,icon,Icon Series,Ninja,2,1,2020-01-15T14:58:00Z
2026-09-04,v2:/3c1359df9326db0d00f3f8751a79584f75cc02690d83f665a51f5a7faf540c10,[VIRTUAL]1 x Boy's A Liar Pt. 2 for 500 MtxCurrency,500,500,0,0.0,0,2026-09-01T00:00:00Z,2026-09-17T23:59:59.999Z,1,0,-28,JT090426,Jam Tracks,180,expandableList,Size_1_x_1,,0,,1,track,sid_placeholder_169,Boy's A Liar Pt. 2,,,,,,,2024-04-09T15:02:47Z
2026-09-04,v2:/ea03e3300f6d8c1d85a1f7d60d13c4fe520c12fecc86729fe99fa7efb4366944,[VIRTUAL]1 x Harmonizer for 1200 MtxCurrency,1200,1200,0,0.0,0,2026-08-29T00:00:00Z,2026-09-04T23:59:59.999Z,1,0,-2,FND090426,Spotlight Drops,197,tileGrid,Size_1_x_1,Outfit lights up and changes colors in response to music!,0,,1,br,CID_A_171_Athena_Commando_F_Stands_D,Harmonizer,outfit,rare,,Press Play,2,7,2021-08-03T11:17:43Z
2026-09-04,v2:/8794899dd0c6ae671e348475c989f69438fc740e05673b3b07e7f37b5bf7e1a5,[VIRTUAL]1 x Prepare for Battle for 300 MtxCurrency,300,300,0,0.0,0,2026-09-01T00:00:00Z,2026-09-05T23:59:59.999Z,1,0,-3,Rambo,Rambo,183,tileGrid,Size_1_x_1,,0,,1,br,EID_RaisinHunt,Prepare for Battle,emote,uncommon,,Rambo,7,3,2026-06-18T13:01:07Z
2026-09-04,v2:/753ca1af650fd362a5756ddc9d97b965c2a5aa40ac060cae1d218121d9a186e8,[VIRTUAL]1 x TBD (SID_Placeholder_706) for 500 MtxCurrency,500,500,0,0.0,0,2026-09-01T00:00:00Z,2026-09-17T23:59:59.999Z,1,0,-21,JT090426,Jam Tracks,180,expandableList,Size_1_x_1,,0,,1,track,sid_placeholder_706,EVIL J0RDAN,,,,,,,2025-12-11T17:20:09Z
2026-09-04,v2:/87c517258bde6e859927dc99de91c4c2508cec78373fa93a6c9b6dca96b07691,[VIRTUAL]1 x Ace the Bat-Hound for 1500 MtxCurrency,1500,1500,0,0.0,0,2026-08-31T00:00:00Z,2026-09-06T23:59:59.999Z,1,0,-1,SummerBatman,Hot Bat Summer,192,tileGrid,Size_1_x_1,,0,,1,br,Companion_ScoffFrill,Ace the Bat-Hound,sidekick,dc,DC SERIES,Gotham City Summer,7,3,2026-07-16T08:00:00Z
2026-09-04,v2:/25dbeadce8a54d0d3746fb27a2f12915d7918ddd9b0f2a53aab2f517dae2065d,"[VIRTUAL]1 x Big Guy (From ""The Spongebob Movie: Search for SquarePants"") for 500 MtxCurrency",500,500,0,0.0,0,2026-09-04T00:00:00Z,2026-09-07T23:59:59.999Z,1,0,-2,SummerIceSpiceSpongebob,SpongeBob SquarePants,194,tileGrid,Size_1_x_1,,0,,1,br,EID_SeaFloor,"Big Guy (From ""The Spongebob Movie: Search for SquarePants"")",emote,icon,Icon Series,Ice Spice,7,3,2026-07-23T14:00:30Z
2026-09-04,v2:/008a76f848e1a0a724e4a41e2d574e2d4ddb4203d0c995f59ab0cd3584696da9,"[VIRTUAL]1 x Wave Rider Axo, 1 x Nash Nori, 1 x Medley, 1 x Aquatic Wings, 1 x Surf Rider, 1 x Shortwave for -1 MtxCurrency",4400,2000,2400,0.5455,1,2026-09-04T00:00:00Z,2026-09-07T23:59:59.999Z,1,0,-1,EOSShop,Heatwave,193,tileGrid,Size_1_x_1,,1,Surf Rider Bundle,6,br,Character_CaneAxl,Wave Rider Axo,outfit,epic,,,6,2,2025-02-21T12:17:00Z
2026-09-04,v2:/008a76f848e1a0a724e4a41e2d574e2d4ddb4203d0c995f59ab0cd3584696da9,"[VIRTUAL]1 x Wave Rider Axo, 1 x Nash Nori, 1 x Medley, 1 x Aquatic Wings, 1 x Surf Rider, 1 x Shortwave for -1 MtxCurrency",4400,2000,2400,0.5455,1,2026-09-04T00:00:00Z,2026-09-07T23:59:59.999Z,1,0,-1,EOSShop,Heatwave,193,tileGrid,Size_1_x_1,,1,Surf Rider Bundle,6,br,Character_SeaFlake,Nash Nori,outfit,epic,,Sashimi Surfer,6,4,2025-06-18T09:06:01Z
2026-09-04,v2:/008a76f848e1a0a724e4a41e2d574e2d4ddb4203d0c995f59ab0cd3584696da9,"[VIRTUAL]1 x Wave Rider Axo, 1 x Nash Nori, 1 x Medley, 1 x Aquatic Wings, 1 x Surf Rider, 1 x Shortwave for -1 MtxCurrency",4400,2000,2400,0.5455,1,2026-09-04T00:00:00Z,2026-09-07T23:59:59.999Z,1,0,-1,EOSShop,Heatwave,193,tileGrid,Size_1_x_1,,1,Surf Rider Bundle,6,br,CID_A_455_Athena_Commando_F_SummerStride,Medley,outfit,rare,,Surf Watch,3,3,2022-07-18T12:38:54Z
2026-09-04,v2:/008a76f848e1a0a724e4a41e2d574e2d4ddb4203d0c995f59ab0cd3584696da9,"[VIRTUAL]1 x Wave Rider Axo, 1 x Nash Nori, 1 x Medley, 1 x Aquatic Wings, 1 x Surf Rider, 1 x Shortwave for -1 MtxCurrency",4400,2000,2400,0.5455,1,2026-09-04T00:00:00Z,2026-09-07T23:59:59.999Z,1,0,-1,EOSShop,Heatwave,193,tileGrid,Size_1_x_1,,1,Surf Rider Bundle,6,br,BID_A_044_SummerStride,Aquatic Wings,backpack,rare,,Surf Watch,3,3,2022-07-18T12:38:54Z
2026-09-04,v2:/008a76f848e1a0a724e4a41e2d574e2d4ddb4203d0c995f59ab0cd3584696da9,"[VIRTUAL]1 x Wave Rider Axo, 1 x Nash Nori, 1 x Medley, 1 x Aquatic Wings, 1 x Surf Rider, 1 x Shortwave for -1 MtxCurrency",4400,2000,2400,0.5455,1,2026-09-04T00:00:00Z,2026-09-07T23:59:59.999Z,1,0,-1,EOSShop,Heatwave,193,tileGrid,Size_1_x_1,,1,Surf Rider Bundle,6,br,CID_606_Athena_Commando_F_JetSki,Surf Rider,outfit,rare,,Aqua Marine,2,1,2019-11-20T12:51:18Z
2026-09-04,v2:/008a76f848e1a0a724e4a41e2d574e2d4ddb4203d0c995f59ab0cd3584696da9,"[VIRTUAL]1 x Wave Rider Axo, 1 x Nash Nori, 1 x Medley, 1 x Aquatic Wings, 1 x Surf Rider, 1 x Shortwave for -1 MtxCurrency",4400,2000,2400,0.5455,1,2026-09-04T00:00:00Z,2026-09-07T23:59:59.999Z,1,0,-1,EOSShop,Heatwave,193,tileGrid,Size_1_x_1,,1,Surf Rider Bundle,6,br,BID_403_JetSkiFemale,Shortwave,backpack,rare,,Aqua Marine,2,1,2019-11-20T12:51:15Z
2026-09-04,v2:/fc62e45559eca39b11d486abfdaee0989c5fabfbce41e74aaced7b0ce899b8de,[VIRTUAL]1 x Better Now for 500 MtxCurrency,500,500,0,0.0,0,2026-09-01T00:00:00Z,2026-09-17T23:59:59.999Z,1,0,-64,JT090426,Jam Tracks,180,expandableList,Size_1_x_1,,0,,1,track,sid_placeholder_203,Better Now,,,,,,,2024-06-06T13:32:50Z
2026-09-04,v2:/ed23d07650f5ce5f7b7dcf704dbc2548afa91efeedaf92c1f446b2b56a36defe,[VIRTUAL]1 x Heavy Hooks for 800 MtxCurrency,800,800,0,0.0,0,2026-09-04T00:00:00Z,2026-09-10T23:59:59.999Z,1,0,-4,FND090426,Spotlight Drops,197,tileGrid,Size_1_x_1,,0,,1,br,Pickaxe_ID_286_FishermanFemale1H,Heavy Hooks,pickaxe,rare,,Open Water,2,1,2019-11-20T12:48:04Z
2026-09-04,v2:/866bdd26c2712fca02aef2980907a11b5d0fab3e888ef6428d985de59eba8cc1,[VIRTUAL]1 x Lil' Big Jellyfish for 500 MtxCurrency,500,500,0,0.0,0,2026-09-04T00:00:00Z,2026-09-07T23:59:59.999Z,1,0,-4,SummerIceSpiceSpongebob,SpongeBob SquarePants,194,tileGrid,Size_1_x_1,,0,,1,br,EID_CountyFrog_Loaf,Lil' Big Jellyfish,emote,uncommon,,SpongeBob SquarePants,7,1,2025-12-20T00:00:00Z
2026-09-04,v2:/e2367bc066057f13bb598f8dad3323088685060cff26db3c083a518712d2083b,[VIRTUAL]1 x SexyBack for 500 MtxCurrency,500,500,0,0.0,0,2026-09-01T00:00:00Z,2026-09-17T23:59:59.999Z,1,0,-40,JT090426,Jam Tracks,180,expandableList,Size_1_x_1,,0,,1,track,sid_placeholder_342,SexyBack,,,,,,,2024-09-27T00:00:00Z
2026-09-04,v2:/b558679cd5e4b73080b40c30ae7cda4614c6b8a5fbb918c74bb7182dd851c356,[VIRTUAL]1 x Gunship for 1200 MtxCurrency,1200,1200,0,0.0,0,2026-09-01T00:00:00Z,2026-09-05T23:59:59.999Z,1,0,-2,Rambo,Rambo,183,tileGrid,Size_1_x_1,,0,,1,br,Glider_RaisinHunt_Rag,Gunship,glider,epic,,Rambo,7,3,2026-06-18T13:01:07Z
2026-09-04,v2:/d78d1d06e70590e9cb3692c4115bcbcfeef56e0d81578bf7a382b35123ef909f,[VIRTUAL]1 x Ninja Style for 300 MtxCurrency,300,300,0,0.0,0,2026-09-02T00:00:00Z,2026-09-04T23:59:59.999Z,1,0,-4,SypherNinja,"SypherPK, Ninja & Chica",174,tileGrid,Size_1_x_1,,0,,1,br,EID_TourBus,Ninja Style,emote,icon,Icon Series,Ninja,2,1,2020-01-15T14:58:00Z
2026-09-04,v2:/4348afe395ac614a85ea0f94adc1c289dc44ceab4e0a77f3bd3e503345efba9d,[VIRTUAL]1 x Ice's Parasol for 500 MtxCurrency,500,500,0,0.0,0,2026-09-04T00:00:00Z,2026-09-07T23:59:59.999Z,1,0,-1,SummerIceSpiceSpongebob,SpongeBob SquarePants,194,tileGrid,Size_1_x_1,,0,,1,br,Pickaxe_DangerIndex,Ice's Parasol,pickaxe,icon,Icon Series,Ice Spice,7,3,2026-07-23T14:00:30Z
2026-09-04,v2:/b24156d6754c93298b8907a7183621f30cd0302e5227af8f287a5ef176e267b4,[VIRTUAL]1 x Dual Kama for 200 MtxCurrency,200,200,0,0.0,0,2026-09-01T00:00:00Z,2026-09-07T23:59:59.999Z,1,0,-2,,,,,Size_1_x_1,,0,,1,br,BID_226_BandageNinjaFemale,Dual Kama,backpack,epic,,Falcon Clan,1,8,2019-11-20T12:50:35Z
2026-09-04,v2:/c6d8c9519a1b7c4a7979ecac6d042bae92333bd87602950ca9a28c65423a4d0d,[VIRTUAL]1 x Torgue for 500 MtxCurrency,500,500,0,0.0,0,2026-08-30T00:00:00Z,2026-09-05T23:59:59.999Z,1,0,-1,LilithPsychoBandit,Borderlands,182,tileGrid,Size_1_x_1,,0,,1,br,Wrap_VaultSniper,Torgue,wrap,gaminglegends,Gaming Legends Series,Mayhem,6,4,2025-07-29T15:40:48Z
2026-09-04,v2:/4167ecf1f23fdff7992c0582c4a52a87a4b0c932fec850dad74b776b8042091a,"[VIRTUAL]1 x Tsuki, 1 x Tahna for -1 MtxCurrency",1200,1200,0,0.0,0,2026-09-01T00:00:00Z,2026-09-07T23:59:59.999Z,1,0,-4,FND090426,Spotlight Drops,197,tileGrid,Size_1_x_1,,0,,2,br,CID_472_Athena_Commando_F_CyberKarate,Tsuki,outfit,rare,,Kata Tech,1,9,2019-11-20T12:49:55Z
2026-09-04,v2:/4167ecf1f23fdff7992c0582c4a52a87a4b0c932fec850dad74b776b8042091a,"[VIRTUAL]1 x Tsuki, 1 x Tahna for -1 MtxCurrency",1200,1200,0,0.0,0,2026-09-01T00:00:00Z,2026-09-07T23:59:59.999Z,1,0,-4,FND090426,Spotlight Drops,197,tileGrid,Size_1_x_1,,0,,2,br,BID_308_CyberKarateFemale,Tahna,backpack,rare,,Kata Tech,1,9,2019-11-20T12:50:33Z
2026-09-04,v2:/93710ad5ef7283a4fd80e92be1d62d57a5b808e4adc523864350422cb4be486c,[VIRTUAL]1 x Light It Up for 200 MtxCurrency,200,200,0,0.0,0,2026-09-04T00:00:00Z,2026-09-04T23:59:59.999Z,1,0,-2,BR090426,Full Flex,186,tileGrid,Size_1_x_1,,0,,1,br,EID_Spotlight,Light It Up,emote,uncommon,,,5,4,2024-08-17T06:38:59Z
2026-09-04,v2:/cf44eb6c4ed422bf7f1a6c04a668e5727b2af77f360eae07af51c6d98308adfe,[VIRTUAL]1 x Paradise City for 500 MtxCurrency,500,500,0,0.0,0,2026-09-01T00:00:00Z,2026-09-17T23:59:59.999Z,1,0,-98,JT090426,Jam Tracks,180,expandableList,Size_1_x_1,,0,,1,track,sid_placeholder_270,Paradise City,,,,,,,2024-08-09T00:00:00Z
2026-09-04,v2:/784e84ef5a9a6344947fec468c41885b93d5255ed3a834fe6e73ebfdf5a7e7d6,[VIRTUAL]1 x Gunny Sack for 200 MtxCurrency,200,200,0,0.0,0,2026-09-01T00:00:00Z,2026-09-07T23:59:59.999Z,1,0,-3,,,,,Size_1_x_1,,0,,1,br,BID_555_HeartBreaker,Gunny Sack,backpack,rare,,Wildest West,2,3,2020-06-30T06:09:08Z
2026-09-04,v2:/9eaa50516324f6e10e410e38720a3f2f8e77582bb8504f99fe49ccf365625b11,[VIRTUAL]1 x Zoey (HUNTR/X) for 1500 MtxCurrency,1500,1500,0,0.0,0,2026-09-02T00:00:00Z,2026-09-06T23:59:59.999Z,1,0,-4,KPop1,KPop Demon Hunters,185,tileGrid,Size_1_x_1,,0,,1,br,Character_EvokeFind,Zoey (HUNTR/X),outfit,icon,Icon Series,KPop Demon Hunters,6,5,2025-10-02T08:00:00Z
2026-09-04,v2:/2766158c27e8e4dab86d80976b1d1e430e113d8c5ee0340f5f7cbe97f88a9c03,[VIRTUAL]1 x Oh Shhh... for 500 MtxCurrency,500,500,0,0.0,0,2026-09-04T00:00:00Z,2026-09-07T23:59:59.999Z,1,0,-2,SummerIceSpiceSpongebob,SpongeBob SquarePants,194,tileGrid,Size_1_x_1,,0,,1,track,sid_placeholder_423,Oh Shhh...,,,,,,,2024-11-14T14:31:49Z
2026-09-04,v2:/7485e8be997638bef44ec35b013950eeac19949052ecb73dfb9094ecd185b024,[VIRTUAL]1 x My Songs Know What You Did In The Dark (Light Em Up) for 500 MtxCurrency,500,500,0,0.0,0,2026-09-01T00:00:00Z,2026-09-17T23:59:59.999Z,1,0,-58,JT090426,Jam Tracks,180,expandableList,Size_1_x_1,,0,,1,track,sid_placeholder_90,My Songs Know What You Did In The Dark (Light Em Up),,,,,,,2024-01-05T21:55:08Z
2026-09-04,v2:/afb5691ad324a2cdd81ea7e3df904c52c23b97939bb53fd377762923673ac93c,[VIRTUAL]1 x TBD (SID_Placeholder_488) for 500 MtxCurrency,500,500,0,0.0,0,2026-09-01T00:00:00Z,2026-09-17T23:59:59.999Z,1,0,-30,JT090426,Jam Tracks,180,expandableList,Size_1_x_1,,0,,1,track,sid_placeholder_488,No Scrubs,,,,,,,2025-01-23T15:05:07Z
2026-09-04,v2:/ef3a5125e0f04abb64ebd6d675da5dd1d490b051611951e44e3de86196385ea7,[VIRTUAL]1 x TBD (SID_Placeholder_743) for 500 MtxCurrency,500,500,0,0.0,0,2026-09-04T00:00:00Z,2026-09-10T23:59:59.999Z,1,0,-3,JT090426,Jam Tracks,180,tileGrid,Size_1_x_1,,0,,1,track,sid_placeholder_743,BAILE INoLVIDABLE,,,,,,,2026-02-04T16:58:53Z
2026-09-04,v2:/0f4dcefcff92228bca51a83b700146184dbeabcace04974174ec15e1ff079ba5,"[VIRTUAL]1 x Joey Caliente, 1 x Liquid Regret for -1 MtxCurrency",1500,1500,0,0.0,0,2026-09-04T00:00:00Z,2026-09-07T23:59:59.999Z,1,0,-2,EOSShop,Heatwave,193,tileGrid,Size_1_x_1,,0,,2,br,Character_CarolinaChili,Joey Caliente,outfit,epic,,Well-Seasoned,5,3,2024-06-22T08:21:26Z
2026-09-04,v2:/0f4dcefcff92228bca51a83b700146184dbeabcace04974174ec15e1ff079ba5,"[VIRTUAL]1 x Joey Caliente, 1 x Liquid Regret for -1 MtxCurrency",1500,1500,0,0.0,0,2026-09-04T00:00:00Z,2026-09-07T23:59:59.999Z,1,0,-2,EOSShop,Heatwave,193,tileGrid,Size_1_x_1,,0,,2,br,Backpack_CarolinaChili,Liquid Regret,backpack,rare,,Well-Seasoned,5,3,2024-06-22T08:21:26Z
2026-09-04,v2:/999df03871bc5ad50385e4c40178938ce1badedad9867db5774da6a7f7059b03,[VIRTUAL]1 x TBD (SID_Placeholder_835) for 500 MtxCurrency,500,500,0,0.0,0,2026-09-04T00:00:00Z,2026-09-10T23:59:59.999Z,1,0,-2,JT090426,Jam Tracks,180,tileGrid,Size_1_x_1,,0,,1,track,sid_placeholder_835,"I miss you, I'm sorry",,,,,,,2026-06-16T14:08:22Z
2026-09-04,v2:/392fb81306b9db5f21de10d5090bba94e9e3389a351fc4c04db645765a49c2c7,[VIRTUAL]1 x TBD (SID_Placeholder_878) for 500 MtxCurrency,500,500,0,0.0,0,2026-09-04T00:00:00Z,2026-09-10T23:59:59.999Z,1,0,-1,JT090426,Jam Tracks,180,tileGrid,Size_1_x_1,,0,,1,track,sid_placeholder_878,Can You Feel My Heart,,,,,,,2026-09-01T19:03:58Z
2026-09-04,v2:/d20e66133636beccb2a18054d8fa9a6be33f87d8f4ac1b65cd6ead782faf9825,[VIRTUAL]1 x TBD (SID_Placeholder_650) for 500 MtxCurrency,500,500,0,0.0,0,2026-09-01T00:00:00Z,2026-09-17T23:59:59.999Z,1,0,-69,JT090426,Jam Tracks,180,expandableList,Size_1_x_1,,0,,1,track,sid_placeholder_650,Rocket Man,,,,,,,2025-10-09T08:44:55Z
2026-09-04,v2:/3a23b62b61fdc9418c0bb0c823061352938fd7980d2e8dc9a8b7895de44b82b2,[VIRTUAL]1 x Spicefish for 600 MtxCurrency,600,600,0,0.0,0,2026-09-04T00:00:00Z,2026-09-07T23:59:59.999Z,1,0,-2,SummerIceSpiceSpongebob,SpongeBob SquarePants,194,tileGrid,Size_1_x_1,,0,,1,br,Backpack_DangerIndex,Spicefish,backpack,icon,Icon Series,Ice Spice,7,3,2026-07-23T14:00:30Z
2026-09-04,v2:/d7a958edec10d4f468249035c253c636ffd08c8bc0c14d0f1e55a10311b26606,[VIRTUAL]1 x Claptrap for 1000 MtxCurrency,1000,1000,0,0.0,0,2026-08-30T00:00:00Z,2026-09-05T23:59:59.999Z,1,0,-3,,,,,Size_1_x_1,,0,,1,br,PetCarrier_013_BbqLarry,Claptrap,petcarrier,gaminglegends,Gaming Legends Series,Mayhem,1,X,2019-11-20T12:50:30Z
2026-09-04,v2:/98e874a3d3a67b554d8fd5f4d7e6a96d265d59b1625d1e621ca0a796a4a20a8b,"[VIRTUAL]1 x Fractal Brite Bomber, 1 x Armored Brite Bag, 1 x Fractal Llamacorn, 1 x Multi-Angle, 1 x Platformer Pace, 1 x Sprite Squishems for -1 MtxCurrency",3500,2000,1500,0.4286,1,2026-09-04T00:00:00Z,2026-09-10T23:59:59.999Z,1,0,-1,FND090426,Spotlight Drops,197,tileGrid,Size_1_x_1,,1,Fractal Brite Bomber's Bundle,6,br,Character_DyeBlast,Fractal Brite Bomber,outfit,epic,,Fractal Heroes,7,4,2026-09-03T15:24:18Z
2026-09-04,v2:/98e874a3d3a67b554d8fd5f4d7e6a96d265d59b1625d1e621ca0a796a4a20a8b,"[VIRTUAL]1 x Fractal Brite Bomber, 1 x Armored Brite Bag, 1 x Fractal Llamacorn, 1 x Multi-Angle, 1 x Platformer Pace, 1 x Sprite Squishems for -1 MtxCurrency",3500,2000,1500,0.4286,1,2026-09-04T00:00:00Z,2026-09-10T23:59:59.999Z,1,0,-1,FND090426,Spotlight Drops,197,tileGrid,Size_1_x_1,,1,Fractal Brite Bomber's Bundle,6,br,Backpack_DyeBlast,Armored Brite Bag,backpack,rare,,Fractal Heroes,7,4,2026-09-03T15:24:18Z
2026-09-04,v2:/98e874a3d3a67b554d8fd5f4d7e6a96d265d59b1625d1e621ca0a796a4a20a8b,"[VIRTUAL]1 x Fractal Brite Bomber, 1 x Armored Brite Bag, 1 x Fractal Llamacorn, 1 x Multi-Angle, 1 x Platformer Pace, 1 x Sprite Squishems for -1 MtxCurrency",3500,2000,1500,0.4286,1,2026-09-04T00:00:00Z,2026-09-10T23:59:59.999Z,1,0,-1,FND090426,Spotlight Drops,197,tileGrid,Size_1_x_1,,1,Fractal Brite Bomber's Bundle,6,br,Pickaxe_DyeBlast,Fractal Llamacorn,pickaxe,rare,,Fractal Heroes,7,4,2026-09-03T15:24:18Z
2026-09-04,v2:/98e874a3d3a67b554d8fd5f4d7e6a96d265d59b1625d1e621ca0a796a4a20a8b,"[VIRTUAL]1 x Fractal Brite Bomber, 1 x Armored Brite Bag, 1 x Fractal Llamacorn, 1 x Multi-Angle, 1 x Platformer Pace, 1 x Sprite Squishems for -1 MtxCurrency",3500,2000,1500,0.4286,1,2026-09-04T00:00:00Z,2026-09-10T23:59:59.999Z,1,0,-1,FND090426,Spotlight Drops,197,tileGrid,Size_1_x_1,,1,Fractal Brite Bomber's Bundle,6,br,Wrap_DyeBlast,Multi-Angle,wrap,rare,,Fractal Heroes,7,4,2026-09-03T15:24:18Z
2026-09-04,v2:/98e874a3d3a67b554d8fd5f4d7e6a96d265d59b1625d1e621ca0a796a4a20a8b,"[VIRTUAL]1 x Fractal Brite Bomber, 1 x Armored Brite Bag, 1 x Fractal Llamacorn, 1 x Multi-Angle, 1 x Platformer Pace, 1 x Sprite Squishems for -1 MtxCurrency",3500,2000,1500,0.4286,1,2026-09-04T00:00:00Z,2026-09-10T23:59:59.999Z,1,0,-1,FND090426,Spotlight Drops,197,tileGrid,Size_1_x_1,,1,Fractal Brite Bomber's Bundle,6,br,EID_FrameDash,Platformer Pace,emote,uncommon,,,7,4,2026-09-03T15:24:18Z
2026-09-04,v2:/98e874a3d3a67b554d8fd5f4d7e6a96d265d59b1625d1e621ca0a796a4a20a8b,"[VIRTUAL]1 x Fractal Brite Bomber, 1 x Armored Brite Bag, 1 x Fractal Llamacorn, 1 x Multi-Angle, 1 x Platformer Pace, 1 x Sprite Squishems for -1 MtxCurrency",3500,2000,1500,0.4286,1,2026-09-04T00:00:00Z,2026-09-10T23:59:59.999Z,1,0,-1,FND090426,Spotlight Drops,197,tileGrid,Size_1_x_1,,1,Fractal Brite Bomber's Bundle,6,br,Shoes_PlushPlane,Sprite Squishems,shoe,uncommon,,,7,4,2026-09-04T00:00:00Z
2026-09-04,v2:/10ef55791283bc51671a485db9ec70e7f814ea91ec9dada678bd94c0eb53a64f,[VIRTUAL]1 x TBD (SID_Placeholder_805) for 500 MtxCurrency,500,500,0,0.0,0,2026-09-04T00:00:00Z,2026-09-10T23:59:59.999Z,1,0,-3,JT090426,Jam Tracks,180,tileGrid,Size_1_x_1,,0,,1,track,sid_placeholder_805,Dracula,,,,,,,2026-06-04T14:31:15Z
2026-09-04,v2:/c642d60bf52e8a6de40dc77312dc72de50cfe7384d78e0f6701afca54a53291d,[VIRTUAL]1 x Nightmare for 500 MtxCurrency,500,500,0,0.0,0,2026-09-01T00:00:00Z,2026-09-17T23:59:59.999Z,1,0,-56,JT090426,Jam Tracks,180,expandableList,Size_1_x_1,,0,,1,track,sid_placeholder_301,Nightmare,,,,,,,2024-10-17T13:33:26Z
2026-09-04,v2:/676b3efc9b667674ecf39eae8c810f936db2557eeb96b0df5473edb6f57a2a8e,"[VIRTUAL]1 x The Incredibile, 1 x Modern Super Suit, 1 x Frozone, 1 x Incrediwheel for -1 MtxCurrency",1800,1800,0,0.0,0,2026-09-04T00:00:00Z,2026-09-10T23:59:59.999Z,1,0,-1,IncredibleCar,The Incredibles,179,tileGrid,Size_3_x_1,Decals in this bundle are restricted to The Incredibile car body.,1,The Incredibile,4,car,CarBody_Hero,The Incredibile,body,epic,,,,,2024-09-28T00:02:33Z
2026-09-04,v2:/676b3efc9b667674ecf39eae8c810f936db2557eeb96b0df5473edb6f57a2a8e,"[VIRTUAL]1 x The Incredibile, 1 x Modern Super Suit, 1 x Frozone, 1 x Incrediwheel for -1 MtxCurrency",1800,1800,0,0.0,0,2026-09-04T00:00:00Z,2026-09-10T23:59:59.999Z,1,0,-1,IncredibleCar,The Incredibles,179,tileGrid,Size_3_x_1,Decals in this bundle are restricted to The Incredibile car body.,1,The Incredibile,4,car,CarSkin_Hero01,Modern Super Suit,skin,uncommon,,,,,2024-09-28T00:02:33Z
2026-09-04,v2:/676b3efc9b667674ecf39eae8c810f936db2557eeb96b0df5473edb6f57a2a8e,"[VIRTUAL]1 x The Incredibile, 1 x Modern Super Suit, 1 x Frozone, 1 x Incrediwheel for -1 MtxCurrency",1800,1800,0,0.0,0,2026-09-04T00:00:00Z,2026-09-10T23:59:59.999Z,1,0,-1,IncredibleCar,The Incredibles,179,tileGrid,Size_3_x_1,Decals in this bundle are restricted to The Incredibile car body.,1,The Incredibile,4,car,CarSkin_Hero03,Frozone,skin,uncommon,,,,,2024-09-28T00:02:33Z
2026-09-04,v2:/676b3efc9b667674ecf39eae8c810f936db2557eeb96b0df5473edb6f57a2a8e,"[VIRTUAL]1 x The Incredibile, 1 x Modern Super Suit, 1 x Frozone, 1 x Incrediwheel for -1 MtxCurrency",1800,1800,0,0.0,0,2026-09-04T00:00:00Z,2026-09-10T23:59:59.999Z,1,0,-1,IncredibleCar,The Incredibles,179,tileGrid,Size_3_x_1,Decals in this bundle are restricted to The Incredibile car body.,1,The Incredibile,4,car,Wheel_161Hero,Incrediwheel,wheel,uncommon,,,,,2024-09-25T23:11:28Z
2026-09-04,v2:/d7933e58231ee0a65de948d88a66e155bc609b6a0c0b31f9e6057c505716b8b3,[VIRTUAL]1 x TBD (SID_Placeholder_779) for 500 MtxCurrency,500,500,0,0.0,0,2026-09-01T00:00:00Z,2026-09-17T23:59:59.999Z,1,0,-52,JT090426,Jam Tracks,180,expandableList,Size_1_x_1,,0,,1,track,sid_placeholder_779,back to friends,,,,,,,2026-04-16T08:01:05Z
2026-09-04,v2:/f999abe52ede5472be9f6b9c2d86139ac37a18f49f42c8e63cac30fc51f5953d,[VIRTUAL]1 x Windmill Floss for 500 MtxCurrency,500,500,0,0.0,0,2026-09-01T00:00:00Z,2026-09-07T23:59:59.999Z,1,0,-4,NS0901,No Sweat,184,tileGrid,Size_1_x_1,,0,,1,br,EID_WindmillFloss,Windmill Floss,emote,rare,,,1,X,2019-11-20T12:49:41Z
2026-09-04,v2:/37b40e16f95967f1f56ca991531201de487e5d5646e348a6b5b57b48bd82442b,[VIRTUAL]1 x Zoey's Shin-Kal for 500 MtxCurrency,500,500,0,0.0,0,2026-09-02T00:00:00Z,2026-09-06T23:59:59.999Z,1,0,-3,KPop1,KPop Demon Hunters,185,tileGrid,Size_1_x_1,,0,,1,br,Pickaxe_EvokeFind,Zoey's Shin-Kal,pickaxe,icon,Icon Series,KPop Demon Hunters,6,5,2025-10-02T08:00:00Z
2026-09-04,v2:/c2eec06ee67d68805492bd349e2f8d3d17a9871ee52f4325c8fc0d72a62f4811,[VIRTUAL]1 x Sexy And I Know It for 500 MtxCurrency,500,500,0,0.0,0,2026-09-01T00:00:00Z,2026-09-17T23:59:59.999Z,1,0,-97,JT090426,Jam Tracks,180,expandableList,Size_1_x_1,,0,,1,track,sid_placeholder_260,Sexy And I Know It,,,,,,,2024-07-03T14:17:57Z
2026-09-04,v2:/515391125b33363964cde0183f581f24f5147622b5e038c2157423a2e03e129b,[VIRTUAL]1 x The Unforgiven for 500 MtxCurrency,500,500,0,0.0,0,2026-09-01T00:00:00Z,2026-09-17T23:59:59.999Z,1,0,-85,JT090426,Jam Tracks,180,expandableList,Size_1_x_1,,0,,1,track,sid_placeholder_228,The Unforgiven,,,,,,,2024-06-13T08:00:00Z
2026-09-04,v2:/bc04a152b39b7e24b7b2c4da3981103b3387aef14e1163bdccc00de112429a64,[VIRTUAL]1 x Death Metal Scythe for 800 MtxCurrency,800,800,0,0.0,0,2026-09-04T00:00:00Z,2026-09-08T23:59:59.999Z,1,0,-4,DeathstrokemanLaugh,DC,191,tileGrid,Size_1_x_1,,0,,1,br,Pickaxe_ID_687_GiggleMale_YCQ4S,Death Metal Scythe,pickaxe,dc,DC SERIES,Dark Multiverse,2,8,2021-10-22T16:37:22Z
2026-09-04,v2:/9c19f17899e345e32b84adeb8cf633381bc4d6b8a1b9db598f8222eeda9951be,[VIRTUAL]1 x Miso for 1200 MtxCurrency,1200,1200,0,0.0,0,2026-09-01T00:00:00Z,2026-09-07T23:59:59.999Z,1,0,-1,FND090426,Spotlight Drops,197,tileGrid,Size_1_x_1,This Sidekick includes quests that unlock new items upon completion!,0,,1,br,Companion_SesameWarp,Miso,sidekick,uncommon,,Shinobi Shiba,7,2,2026-04-16T08:20:44Z
2026-09-04,v2:/b996e699bfa8c2743a1fb28abfbc7ec404f0f4ed037bca5e94ec0effc377fdd9,[VIRTUAL]1 x Doughberman for 800 MtxCurrency,800,800,0,0.0,0,2026-09-02T00:00:00Z,2026-09-04T23:59:59.999Z,1,0,-2,BR090426,Full Flex,186,tileGrid,Size_1_x_1,,0,,1,br,Character_BatterBoi,Doughberman,outfit,epic,,Pure Bread,6,1,2024-12-18T12:19:13Z
2026-09-04,v2:/0ca5f13f308f4abbf390778298fa33b7a6015f6fd7244d7cbde08a75bb7fe09c,[VIRTUAL]1 x Sprite Squishems for 600 MtxCurrency,600,600,0,0.0,0,2026-09-04T00:00:00Z,2026-09-10T23:59:59.999Z,1,0,-4,FND090426,Spotlight Drops,197,tileGrid,Size_1_x_1,,0,,1,br,Shoes_PlushPlane,Sprite Squishems,shoe,uncommon,,,7,4,2026-09-04T00:00:00Z
2026-09-04,v2:/9cbd284a2f0487fc13391c4a15d7e59e6dd57630e257a0e0560364744ee6c367,[VIRTUAL]1 x Relay for 800 MtxCurrency,800,800,0,0.0,0,2026-09-04T00:00:00Z,2026-09-06T23:59:59.999Z,1,0,-2,BR090426,Full Flex,186,tileGrid,Size_1_x_1,,0,,1,br,CID_436_Athena_Commando_M_ReconSpecialist,Relay,outfit,uncommon,,,1,9,2019-11-20T12:49:57Z
2026-09-04,v2:/626e6eb06060c5ba9c68682c6293fa1e3f0b368f91de3c638ab497a7e20f66e2,[VIRTUAL]1 x Bikini Bottom Jellyfish for 400 MtxCurrency,400,400,0,0.0,0,2026-09-04T00:00:00Z,2026-09-07T23:59:59.999Z,1,0,-4,SummerIceSpiceSpongebob,SpongeBob SquarePants,194,tileGrid,Size_1_x_1,,0,,1,br,Backpack_GainSneeze,Bikini Bottom Jellyfish,backpack,rare,,SpongeBob SquarePants,7,3,2026-07-23T14:00:30Z
2026-09-04,v2:/43b0ad656a0d0961f866488389d54fc72610abe669d280d949c2593f7f0375ef,[VIRTUAL]1 x Crash's Wumpa Mace for 800 MtxCurrency,800,800,0,0.0,0,2026-08-29T00:00:00Z,2026-09-11T23:59:59.999Z,1,0,-2,CrashSpyro1,Crash Bandicoot & Spyro the Dragon,189,tileGrid,Size_1_x_1,,0,,1,br,Pickaxe_SpruceBark,Crash's Wumpa Mace,pickaxe,gaminglegends,Gaming Legends Series,Crash Bandicoot,7,4,2026-08-27T13:00:15Z
2026-09-04,v2:/74781d2ad6a2c9ef093435fde860eacda88bf8b1c2fce1351649a69cbf35bb00,[VIRTUAL]1 x DÁKITI for 500 MtxCurrency,500,500,0,0.0,0,2026-09-01T00:00:00Z,2026-09-17T23:59:59.999Z,1,0,-68,JT090426,Jam Tracks,180,expandableList,Size_1_x_1,,0,,1,track,sid_placeholder_140,DÁKITI,,,,,,,2024-06-28T00:00:00Z
2026-09-04,v2:/f5ac318802380d876bb1d116b13d09f8b9ace592f31cbcc66f90a0e70fe613a8,[VIRTUAL]1 x TBD (SID_Placeholder_621) for 500 MtxCurrency,500,500,0,0.0,0,2026-09-04T00:00:00Z,2026-09-06T23:59:59.999Z,1,0,-4,ChampionCrystal,FNCS,190,tileGrid,Size_1_x_1,,0,,1,track,sid_placeholder_621,Eye of the Storm,,,,,,,2025-07-26T02:09:27Z
2026-09-04,v2:/32f0b6260451179f97fa50875cb4df31f95bb1a188a02323b0dab5ffba2258d4,[VIRTUAL]1 x TBD (SID_Placeholder_528) for 500 MtxCurrency,500,500,0,0.0,0,2026-09-01T00:00:00Z,2026-09-17T23:59:59.999Z,1,0,-24,JT090426,Jam Tracks,180,expandableList,Size_1_x_1,,0,,1,track,sid_placeholder_528,I Want It That Way,,,,,,,2025-03-06T14:32:03Z
2026-09-04,v2:/edbb9b20f4a4e4b1eade8e9bdc655bfd0cf296fd0cfb2860fde03afea546ea56,[VIRTUAL]1 x Selina's Treasure Tote for 400 MtxCurrency,400,400,0,0.0,0,2026-08-31T00:00:00Z,2026-09-06T23:59:59.999Z,1,0,-4,SummerBatman,Hot Bat Summer,192,tileGrid,Size_1_x_1,,0,,1,br,Backpack_HammerVice,Selina's Treasure Tote,backpack,dc,DC SERIES,Gotham City Summer,7,3,2026-07-16T08:00:00Z
2026-09-04,v2:/634343266fb25d5b3d17b859e99f33debea11e3a741c246290b518ac24c61493,[VIRTUAL]1 x Brite Board for 300 MtxCurrency,300,300,0,0.0,0,2026-09-04T00:00:00Z,2026-09-07T23:59:59.999Z,1,0,-4,,,,,Size_1_x_1,,0,,1,br,BID_299_BriteBomberSummer,Brite Board,backpack,rare,,Sunshine And Rainbows,1,9,2019-11-20T12:50:33Z
2026-09-04,v2:/9f6a377d23acb2797ea9ac460b435d9d75f4fad044ea15aeb68c257a7c719960,"[VIRTUAL]1 x Ninja, 1 x Ninja's Edge for -1 MtxCurrency",1500,1500,0,0.0,0,2026-09-02T00:00:00Z,2026-09-04T23:59:59.999Z,1,0,-2,SypherNinja,"SypherPK, Ninja & Chica",174,tileGrid,Size_2_x_1,,0,,2,br,CID_605_Athena_Commando_M_TourBus,Ninja,outfit,icon,Icon Series,Ninja,2,1,2020-01-15T14:58:01Z
2026-09-04,v2:/9f6a377d23acb2797ea9ac460b435d9d75f4fad044ea15aeb68c257a7c719960,"[VIRTUAL]1 x Ninja, 1 x Ninja's Edge for -1 MtxCurrency",1500,1500,0,0.0,0,2026-09-02T00:00:00Z,2026-09-04T23:59:59.999Z,1,0,-2,SypherNinja,"SypherPK, Ninja & Chica",174,tileGrid,Size_2_x_1,,0,,2,br,BID_402_TourBus,Ninja's Edge,backpack,icon,Icon Series,Ninja,2,1,2020-01-15T14:58:00Z
2026-09-04,v2:/d0d8fe4b67f9254c960f421b000041225cd5b2aa4cc4e47ed454fa0708d42df2,[VIRTUAL]1 x Industry Baby for 500 MtxCurrency,500,500,0,0.0,0,2026-09-01T00:00:00Z,2026-09-17T23:59:59.999Z,1,0,-25,JT090426,Jam Tracks,180,expandableList,Size_1_x_1,,0,,1,track,sid_placeholder_09,Industry Baby,,,,,,,2024-11-07T17:50:41Z
2026-09-04,v2:/ec6a44e76154bf052825aab24b2a9c8ea1361303fcc6c16c64e01118c06ab36a,[VIRTUAL]1 x Nike Air Force 1 'Red Gummi' for 1000 MtxCurrency,1000,1000,0,0.0,0,2026-08-29T00:00:00Z,2026-09-04T23:59:59.999Z,1,0,-3,FND090426,Spotlight Drops,197,tileGrid,Size_1_x_1,,0,,1,br,Shoes_JuiceMediumSaw,Nike Air Force 1 'Red Gummi',shoe,uncommon,,NIKE Shoes,7,4,2026-08-23T11:46:51Z
2026-09-04,v2:/358606d48ba995a4cc960b716341d12615e32898e7e474ac4561cc88c3d2b697,[VIRTUAL]1 x Mira's Gok-Do for 500 MtxCurrency,500,500,0,0.0,0,2026-09-02T00:00:00Z,2026-09-06T23:59:59.999Z,1,0,-2,KPop1,KPop Demon Hunters,185,tileGrid,Size_2_x_1,,0,,1,br,Pickaxe_QuailWink,Mira's Gok-Do,pickaxe,icon,Icon Series,KPop Demon Hunters,6,5,2025-10-02T08:00:00Z
2026-09-04,v2:/a8abe6844607a5643477405c0eb4afdccddfa46885f2e4f2cebb955501a58e1e,"[VIRTUAL]1 x Rumi (HUNTR/X), 1 x Mira (HUNTR/X), 1 x Zoey (HUNTR/X), 1 x Zoey's Thumbs Up, 1 x Zoey's Shin-Kal, 1 x Rumi's Sain-Geom, 1 x Mira's Gok-Do, 1 x Zoey's Ramyeon, 1 x Rumi's Ramyeon, 1 x Mira's Ramyeon for -1 MtxCurrency",7200,3500,3700,0.5139,1,2026-09-02T00:00:00Z,2026-09-06T23:59:59.999Z,1,0,-1,KPop1,KPop Demon Hunters,185,tileGrid,Size_1_x_1,,1,KPop Demon Hunters Bundle,10,br,Character_LoanFloat,Rumi (HUNTR/X),outfit,icon,Icon Series,KPop Demon Hunters,6,5,2025-10-02T08:00:00Z
2026-09-04,v2:/a8abe6844607a5643477405c0eb4afdccddfa46885f2e4f2cebb955501a58e1e,"[VIRTUAL]1 x Rumi (HUNTR/X), 1 x Mira (HUNTR/X), 1 x Zoey (HUNTR/X), 1 x Zoey's Thumbs Up, 1 x Zoey's Shin-Kal, 1 x Rumi's Sain-Geom, 1 x Mira's Gok-Do, 1 x Zoey's Ramyeon, 1 x Rumi's Ramyeon, 1 x Mira's Ramyeon for -1 MtxCurrency",7200,3500,3700,0.5139,1,2026-09-02T00:00:00Z,2026-09-06T23:59:59.999Z,1,0,-1,KPop1,KPop Demon Hunters,185,tileGrid,Size_1_x_1,,1,KPop Demon Hunters Bundle,10,br,Character_QuailWink,Mira (HUNTR/X),outfit,icon,Icon Series,KPop Demon Hunters,6,5,2025-10-02T08:00:00Z
2026-09-04,v2:/a8abe6844607a5643477405c0eb4afdccddfa46885f2e4f2cebb955501a58e1e,"[VIRTUAL]1 x Rumi (HUNTR/X), 1 x Mira (HUNTR/X), 1 x Zoey (HUNTR/X), 1 x Zoey's Thumbs Up, 1 x Zoey's Shin-Kal, 1 x Rumi's Sain-Geom, 1 x Mira's Gok-Do, 1 x Zoey's Ramyeon, 1 x Rumi's Ramyeon, 1 x Mira's Ramyeon for -1 MtxCurrency",7200,3500,3700,0.5139,1,2026-09-02T00:00:00Z,2026-09-06T23:59:59.999Z,1,0,-1,KPop1,KPop Demon Hunters,185,tileGrid,Size_1_x_1,,1,KPop Demon Hunters Bundle,10,br,Character_EvokeFind,Zoey (HUNTR/X),outfit,icon,Icon Series,KPop Demon Hunters,6,5,2025-10-02T08:00:00Z
2026-09-04,v2:/a8abe6844607a5643477405c0eb4afdccddfa46885f2e4f2cebb955501a58e1e,"[VIRTUAL]1 x Rumi (HUNTR/X), 1 x Mira (HUNTR/X), 1 x Zoey (HUNTR/X), 1 x Zoey's Thumbs Up, 1 x Zoey's Shin-Kal, 1 x Rumi's Sain-Geom, 1 x Mira's Gok-Do, 1 x Zoey's Ramyeon, 1 x Rumi's Ramyeon, 1 x Mira's Ramyeon for -1 MtxCurrency",7200,3500,3700,0.5139,1,2026-09-02T00:00:00Z,2026-09-06T23:59:59.999Z,1,0,-1,KPop1,KPop Demon Hunters,185,tileGrid,Size_1_x_1,,1,KPop Demon Hunters Bundle,10,br,EID_QuailWink,Zoey's Thumbs Up,emote,icon,Icon Series,KPop Demon Hunters,6,5,2025-10-02T08:00:00Z
2026-09-04,v2:/a8abe6844607a5643477405c0eb4afdccddfa46885f2e4f2cebb955501a58e1e,"[VIRTUAL]1 x Rumi (HUNTR/X), 1 x Mira (HUNTR/X), 1 x Zoey (HUNTR/X), 1 x Zoey's Thumbs Up, 1 x Zoey's Shin-Kal, 1 x Rumi's Sain-Geom, 1 x Mira's Gok-Do, 1 x Zoey's Ramyeon, 1 x Rumi's Ramyeon, 1 x Mira's Ramyeon for -1 MtxCurrency",7200,3500,3700,0.5139,1,2026-09-02T00:00:00Z,2026-09-06T23:59:59.999Z,1,0,-1,KPop1,KPop Demon Hunters,185,tileGrid,Size_1_x_1,,1,KPop Demon Hunters Bundle,10,br,Pickaxe_EvokeFind,Zoey's Shin-Kal,pickaxe,icon,Icon Series,KPop Demon Hunters,6,5,2025-10-02T08:00:00Z
2026-09-04,v2:/a8abe6844607a5643477405c0eb4afdccddfa46885f2e4f2cebb955501a58e1e,"[VIRTUAL]1 x Rumi (HUNTR/X), 1 x Mira (HUNTR/X), 1 x Zoey (HUNTR/X), 1 x Zoey's Thumbs Up, 1 x Zoey's Shin-Kal, 1 x Rumi's Sain-Geom, 1 x Mira's Gok-Do, 1 x Zoey's Ramyeon, 1 x Rumi's Ramyeon, 1 x Mira's Ramyeon for -1 MtxCurrency",7200,3500,3700,0.5139,1,2026-09-02T00:00:00Z,2026-09-06T23:59:59.999Z,1,0,-1,KPop1,KPop Demon Hunters,185,tileGrid,Size_1_x_1,,1,KPop Demon Hunters Bundle,10,br,Pickaxe_LoanFloat,Rumi's Sain-Geom,pickaxe,icon,Icon Series,KPop Demon Hunters,6,5,2025-10-02T08:00:00Z
2026-09-04,v2:/a8abe6844607a5643477405c0eb4afdccddfa46885f2e4f2cebb955501a58e1e,"[VIRTUAL]1 x Rumi (HUNTR/X), 1 x Mira (HUNTR/X), 1 x Zoey (HUNTR/X), 1 x Zoey's Thumbs Up, 1 x Zoey's Shin-Kal, 1 x Rumi's Sain-Geom, 1 x Mira's Gok-Do, 1 x Zoey's Ramyeon, 1 x Rumi's Ramyeon, 1 x Mira's Ramyeon for -1 MtxCurrency",7200,3500,3700,0.5139,1,2026-09-02T00:00:00Z,2026-09-06T23:59:59.999Z,1,0,-1,KPop1,KPop Demon Hunters,185,tileGrid,Size_1_x_1,,1,KPop Demon Hunters Bundle,10,br,Pickaxe_QuailWink,Mira's Gok-Do,pickaxe,icon,Icon Series,KPop Demon Hunters,6,5,2025-10-02T08:00:00Z
2026-09-04,v2:/a8abe6844607a5643477405c0eb4afdccddfa46885f2e4f2cebb955501a58e1e,"[VIRTUAL]1 x Rumi (HUNTR/X), 1 x Mira (HUNTR/X), 1 x Zoey (HUNTR/X), 1 x Zoey's Thumbs Up, 1 x Zoey's Shin-Kal, 1 x Rumi's Sain-Geom, 1 x Mira's Gok-Do, 1 x Zoey's Ramyeon, 1 x Rumi's Ramyeon, 1 x Mira's Ramyeon for -1 MtxCurrency",7200,3500,3700,0.5139,1,2026-09-02T00:00:00Z,2026-09-06T23:59:59.999Z,1,0,-1,KPop1,KPop Demon Hunters,185,tileGrid,Size_1_x_1,,1,KPop Demon Hunters Bundle,10,br,Backpack_EvokeFind,Zoey's Ramyeon,backpack,icon,Icon Series,KPop Demon Hunters,6,5,2025-10-02T08:00:00Z
2026-09-04,v2:/a8abe6844607a5643477405c0eb4afdccddfa46885f2e4f2cebb955501a58e1e,"[VIRTUAL]1 x Rumi (HUNTR/X), 1 x Mira (HUNTR/X), 1 x Zoey (HUNTR/X), 1 x Zoey's Thumbs Up, 1 x Zoey's Shin-Kal, 1 x Rumi's Sain-Geom, 1 x Mira's Gok-Do, 1 x Zoey's Ramyeon, 1 x Rumi's Ramyeon, 1 x Mira's Ramyeon for -1 MtxCurrency",7200,3500,3700,0.5139,1,2026-09-02T00:00:00Z,2026-09-06T23:59:59.999Z,1,0,-1,KPop1,KPop Demon Hunters,185,tileGrid,Size_1_x_1,,1,KPop Demon Hunters Bundle,10,br,Backpack_LoanFloat,Rumi's Ramyeon,backpack,icon,Icon Series,KPop Demon Hunters,6,5,2025-10-02T08:00:00Z
2026-09-04,v2:/a8abe6844607a5643477405c0eb4afdccddfa46885f2e4f2cebb955501a58e1e,"[VIRTUAL]1 x Rumi (HUNTR/X), 1 x Mira (HUNTR/X), 1 x Zoey (HUNTR/X), 1 x Zoey's Thumbs Up, 1 x Zoey's Shin-Kal, 1 x Rumi's Sain-Geom, 1 x Mira's Gok-Do, 1 x Zoey's Ramyeon, 1 x Rumi's Ramyeon, 1 x Mira's Ramyeon for -1 MtxCurrency",7200,3500,3700,0.5139,1,2026-09-02T00:00:00Z,2026-09-06T23:59:59.999Z,1,0,-1,KPop1,KPop Demon Hunters,185,tileGrid,Size_1_x_1,,1,KPop Demon Hunters Bundle,10,br,Backpack_QuailWink,Mira's Ramyeon,backpack,icon,Icon Series,KPop Demon Hunters,6,5,2025-10-02T08:00:00Z
2026-09-04,v2:/897c8f8cb96ef2b253aa043395208db63790e9d2145a3b01250bd089d3fdcd4c,[VIRTUAL]1 x Squadron Leader for 1200 MtxCurrency,1200,1200,0,0.0,0,2026-09-04T00:00:00Z,2026-09-06T23:59:59.999Z,1,0,-5,BR090426,Full Flex,186,tileGrid,Size_1_x_1,,0,,1,br,Character_RaggedRebel,Squadron Leader,outfit,epic,,Horizon's Flight,6,3,2025-05-16T08:50:37Z
2026-09-04,v2:/f30e82da26a7b6d29487467b40cbeb5e7069920e9d361efbd0d9491ef0ca482e,[VIRTUAL]1 x Rising Tide for 300 MtxCurrency,300,300,0,0.0,0,2026-09-04T00:00:00Z,2026-09-07T23:59:59.999Z,1,0,-3,,,,,Size_1_x_1,,0,,1,br,Backpack_DorsalDance,Rising Tide,backpack,rare,,Safety Shark,5,3,2024-06-22T08:21:26Z
2026-09-04,v2:/cf2245414e192c85c13455ff0d72142211b821cc4847001d95dab50543555179,[VIRTUAL]1 x Rumi's Ramyeon for 300 MtxCurrency,300,300,0,0.0,0,2026-09-02T00:00:00Z,2026-09-06T23:59:59.999Z,1,0,-5,KPop1,KPop Demon Hunters,185,tileGrid,Size_1_x_1,,0,,1,br,Backpack_LoanFloat,Rumi's Ramyeon,backpack,icon,Icon Series,KPop Demon Hunters,6,5,2025-10-02T08:00:00Z
2026-09-04,v2:/3eda2d93a4272e97a0d32fd75ce5a74e6207a747ecfad79cbc609080961b71f4,"[VIRTUAL]1 x Rockstarfish, 1 x Rockstarfish, 1 x Rockstarfish for 800 MtxCurrency",800,800,0,0.0,0,2026-09-04T00:00:00Z,2026-09-07T23:59:59.999Z,1,0,-3,SummerIceSpiceSpongebob,SpongeBob SquarePants,194,tileGrid,Size_1_x_1,,0,,3,br,Backpack_GainSneeze_Guitar,Rockstarfish,backpack,rare,,SpongeBob SquarePants,7,3,2026-07-23T14:00:30Z
2026-09-04,v2:/3eda2d93a4272e97a0d32fd75ce5a74e6207a747ecfad79cbc609080961b71f4,"[VIRTUAL]1 x Rockstarfish, 1 x Rockstarfish, 1 x Rockstarfish for 800 MtxCurrency",800,800,0,0.0,0,2026-09-04T00:00:00Z,2026-09-07T23:59:59.999Z,1,0,-3,SummerIceSpiceSpongebob,SpongeBob SquarePants,194,tileGrid,Size_1_x_1,,0,,3,br,Pickaxe_GainSneeze_Guitar,Rockstarfish,pickaxe,rare,,SpongeBob SquarePants,7,3,2026-07-23T14:00:30Z
2026-09-04,v2:/3eda2d93a4272e97a0d32fd75ce5a74e6207a747ecfad79cbc609080961b71f4,"[VIRTUAL]1 x Rockstarfish, 1 x Rockstarfish, 1 x Rockstarfish for 800 MtxCurrency",800,800,0,0.0,0,2026-09-04T00:00:00Z,2026-09-07T23:59:59.999Z,1,0,-3,SummerIceSpiceSpongebob,SpongeBob SquarePants,194,tileGrid,Size_1_x_1,,0,,3,instrument,Sparks_GainSneeze_Guitar,Rockstarfish,guitar,common,,,,,2026-07-23T14:00:30Z
2026-09-04,v2:/f42fd16a0f9d70f1309a6f19bebb17099f8c2a8df35c975cc063aa16735553ff,[VIRTUAL]1 x Crash's Victory for 500 MtxCurrency,500,500,0,0.0,0,2026-08-29T00:00:00Z,2026-09-11T23:59:59.999Z,1,0,-1,CrashSpyro1,Crash Bandicoot & Spyro the Dragon,189,tileGrid,Size_1_x_1,,0,,1,br,EID_SpruceBark,Crash's Victory,emote,gaminglegends,Gaming Legends Series,Crash Bandicoot,7,4,2026-08-26T23:33:06Z
2026-09-04,v2:/1ed2b0ac25ee8c0a3cebb2349ccbc3d3ac3e9c8fddf3f320a196e1b7bb2849fb,[VIRTUAL]1 x Kiss Me More for 500 MtxCurrency,500,500,0,0.0,0,2026-09-01T00:00:00Z,2026-09-17T23:59:59.999Z,1,0,-48,JT090426,Jam Tracks,180,expandableList,Size_1_x_1,,0,,1,track,sid_placeholder_168,Kiss Me More,,,,,,,2024-05-07T14:47:23Z
2026-09-04,v2:/fda1a0b259924acc34ac611b1899163068fe2cb783960f457859e4fd68cc4ae5,[VIRTUAL]1 x Coresaw Claws for 500 MtxCurrency,500,500,0,0.0,0,2026-08-31T00:00:00Z,2026-09-04T23:59:59.999Z,1,0,-2,FND090426,Spotlight Drops,197,tileGrid,Size_1_x_1,,0,,1,br,Pickaxe_EarPsych,Coresaw Claws,pickaxe,rare,,Chaos Operative,7,3,2026-07-30T13:11:09Z
2026-09-04,v2:/8a3fd13a3ccabe0effd4a7ac2d254122bc7c2e2cdf7cff31a1686d6d19e00ff2,[VIRTUAL]1 x Air Jordan 13 Retro 'Flint' for 1000 MtxCurrency,1000,1000,0,0.0,0,2026-09-04T00:00:00Z,2026-09-10T23:59:59.999Z,1,0,-1,FND090426,Spotlight Drops,197,tileGrid,Size_1_x_1,,0,,1,br,Shoes_TugBlooperCurt,Air Jordan 13 Retro 'Flint',shoe,uncommon,,Jordan Shoes,7,4,2026-09-04T00:00:00Z
2026-09-04,v2:/28639aa6b3930dd74de445df041b58fe6b363998c3ee482742c4566e4247d38d,[VIRTUAL]1 x Rambo's Combat Knife for 500 MtxCurrency,500,500,0,0.0,0,2026-09-01T00:00:00Z,2026-09-05T23:59:59.999Z,1,0,-1,Rambo,Rambo,183,tileGrid,Size_1_x_1,,0,,1,br,Pickaxe_RaisinHunt_Rag,Rambo's Combat Knife,pickaxe,rare,,Rambo,7,3,2026-06-18T13:01:07Z
2026-09-04,v2:/eab91f4e8e5a147d2b88b041b6fa5877a4019eba2847441bba2040841a6160a0,[VIRTUAL]1 x Jellyfish Net for 800 MtxCurrency,800,800,0,0.0,0,2026-09-04T00:00:00Z,2026-09-07T23:59:59.999Z,1,0,-4,SummerIceSpiceSpongebob,SpongeBob SquarePants,194,tileGrid,Size_1_x_1,,0,,1,br,Pickaxe_GainSneezeVital,Jellyfish Net,pickaxe,rare,,SpongeBob SquarePants,7,3,2026-07-23T14:00:30Z
2026-09-04,v2:/55f19782231b671275b84e9113e6b56ea3bcefaf7ad05677cf233cfd033368f7,[VIRTUAL]1 x Armored Brite Bag for 400 MtxCurrency,400,400,0,0.0,0,2026-09-04T00:00:00Z,2026-09-10T23:59:59.999Z,1,0,-3,FND090426,Spotlight Drops,197,tileGrid,Size_1_x_1,,0,,1,br,Backpack_DyeBlast,Armored Brite Bag,backpack,rare,,Fractal Heroes,7,4,2026-09-03T15:24:18Z
2026-09-04,v2:/ce52a9a64be8b1e88a837d383b85dc8daae40f899db0433a58e8045af0ea754a,[VIRTUAL]1 x TBD (SID_Placeholder_799) for 500 MtxCurrency,500,500,0,0.0,0,2026-09-04T00:00:00Z,2026-09-07T23:59:59.999Z,1,0,-1,SummerIceSpiceSpongebob,SpongeBob SquarePants,194,tileGrid,Size_1_x_1,,0,,1,track,sid_placeholder_799,"Big Guy (from ""The SpongeBob Movie: Search for SquarePants”)",,,,,,,2026-07-22T16:05:03Z
2026-09-04,v2:/d3e81e2fb36b7db10b1ff97c30b87c7b51de9886f603a98ed397ba39bbb35c5c,[VIRTUAL]1 x Nuthin But A G Thang for 500 MtxCurrency,500,500,0,0.0,0,2026-09-04T00:00:00Z,2026-09-07T23:59:59.999Z,1,0,-2,VV0904261,Pop Off,195,tileGrid,Size_1_x_1,,0,,1,br,EID_Lowrider,Nuthin But A G Thang,emote,icon,Icon Series,,2,Remix,2024-11-21T00:00:00Z
2026-09-04,v2:/11a51b043898abae859caa00c8f8bc19031620738fcb7dd35ba62f0188445417,[VIRTUAL]1 x Champion Crystal for 1000 MtxCurrency,1000,1000,0,0.0,0,2026-09-04T00:00:00Z,2026-09-06T23:59:59.999Z,1,0,-2,ChampionCrystal,FNCS,190,tileGrid,Size_1_x_1,,0,,1,br,Character_RowdyDevilFNCS,Champion Crystal,outfit,epic,,FNCS,6,4,2025-07-15T08:18:07Z
2026-09-04,v2:/5145d90e956080db143caf776b175ec432c918e0827f0929f394ef437a7cf382,"[VIRTUAL]1 x High Tide Harley, 1 x Harley Floatie, 1 x Chlorophyll Ivy, 1 x Lily Lounger, 1 x Summer Snapper, 1 x Carnation of Carnage, 1 x Harley's Boogie Bat for -1 MtxCurrency",4300,2300,2000,0.4651,1,2026-08-31T00:00:00Z,2026-09-06T23:59:59.999Z,1,0,-2,SummerBatman,Hot Bat Summer,192,tileGrid,Size_2_x_1,,1,High Tide Harley & Chlorophyll Ivy Bundle,7,br,Character_HumorShale_Teak,High Tide Harley,outfit,dc,DC SERIES,Gotham City Summer,7,3,2026-07-16T08:00:00Z
2026-09-04,v2:/5145d90e956080db143caf776b175ec432c918e0827f0929f394ef437a7cf382,"[VIRTUAL]1 x High Tide Harley, 1 x Harley Floatie, 1 x Chlorophyll Ivy, 1 x Lily Lounger, 1 x Summer Snapper, 1 x Carnation of Carnage, 1 x Harley's Boogie Bat for -1 MtxCurrency",4300,2300,2000,0.4651,1,2026-08-31T00:00:00Z,2026-09-06T23:59:59.999Z,1,0,-2,SummerBatman,Hot Bat Summer,192,tileGrid,Size_2_x_1,,1,High Tide Harley & Chlorophyll Ivy Bundle,7,br,Backpack_HumorShale,Harley Floatie,backpack,dc,DC SERIES,Gotham City Summer,7,3,2026-07-16T08:00:00Z
2026-09-04,v2:/5145d90e956080db143caf776b175ec432c918e0827f0929f394ef437a7cf382,"[VIRTUAL]1 x High Tide Harley, 1 x Harley Floatie, 1 x Chlorophyll Ivy, 1 x Lily Lounger, 1 x Summer Snapper, 1 x Carnation of Carnage, 1 x Harley's Boogie Bat for -1 MtxCurrency",4300,2300,2000,0.4651,1,2026-08-31T00:00:00Z,2026-09-06T23:59:59.999Z,1,0,-2,SummerBatman,Hot Bat Summer,192,tileGrid,Size_2_x_1,,1,High Tide Harley & Chlorophyll Ivy Bundle,7,br,Character_CrimpPerfume,Chlorophyll Ivy,outfit,dc,DC SERIES,Gotham City Summer,7,3,2026-07-16T08:00:00Z
2026-09-04,v2:/5145d90e956080db143caf776b175ec432c918e0827f0929f394ef437a7cf382,"[VIRTUAL]1 x High Tide Harley, 1 x Harley Floatie, 1 x Chlorophyll Ivy, 1 x Lily Lounger, 1 x Summer Snapper, 1 x Carnation of Carnage, 1 x Harley's Boogie Bat for -1 MtxCurrency",4300,2300,2000,0.4651,1,2026-08-31T00:00:00Z,2026-09-06T23:59:59.999Z,1,0,-2,SummerBatman,Hot Bat Summer,192,tileGrid,Size_2_x_1,,1,High Tide Harley & Chlorophyll Ivy Bundle,7,br,EID_CrimpPerfume,Lily Lounger,emote,dc,DC SERIES,Gotham City Summer,7,3,2026-07-16T08:00:00Z
2026-09-04,v2:/5145d90e956080db143caf776b175ec432c918e0827f0929f394ef437a7cf382,"[VIRTUAL]1 x High Tide Harley, 1 x Harley Floatie, 1 x Chlorophyll Ivy, 1 x Lily Lounger, 1 x Summer Snapper, 1 x Carnation of Carnage, 1 x Harley's Boogie Bat for -1 MtxCurrency",4300,2300,2000,0.4651,1,2026-08-31T00:00:00Z,2026-09-06T23:59:59.999Z,1,0,-2,SummerBatman,Hot Bat Summer,192,tileGrid,Size_2_x_1,,1,High Tide Harley & Chlorophyll Ivy Bundle,7,br,Backpack_CrimpPerfume,Summer Snapper,backpack,dc,DC SERIES,Gotham City Summer,7,3,2026-07-16T08:00:00Z
2026-09-04,v2:/5145d90e956080db143caf776b175ec432c918e0827f0929f394ef437a7cf382,"[VIRTUAL]1 x High Tide Harley, 1 x Harley Floatie, 1 x Chlorophyll Ivy, 1 x Lily Lounger, 1 x Summer Snapper, 1 x Carnation of Carnage, 1 x Harley's Boogie Bat for -1 MtxCurrency",4300,2300,2000,0.4651,1,2026-08-31T00:00:00Z,2026-09-06T23:59:59.999Z,1,0,-2,SummerBatman,Hot Bat Summer,192,tileGrid,Size_2_x_1,,1,High Tide Harley & Chlorophyll Ivy Bundle,7,br,Pickaxe_CrimpPerfume,Carnation of Carnage,pickaxe,dc,DC SERIES,Gotham City Summer,7,3,2026-07-16T08:00:00Z
2026-09-04,v2:/5145d90e956080db143caf776b175ec432c918e0827f0929f394ef437a7cf382,"[VIRTUAL]1 x High Tide Harley, 1 x Harley Floatie, 1 x Chlorophyll Ivy, 1 x Lily Lounger, 1 x Summer Snapper, 1 x Carnation of Carnage, 1 x Harley's Boogie Bat for -1 MtxCurrency",4300,2300,2000,0.4651,1,2026-08-31T00:00:00Z,2026-09-06T23:59:59.999Z,1,0,-2,SummerBatman,Hot Bat Summer,192,tileGrid,Size_2_x_1,,1,High Tide Harley & Chlorophyll Ivy Bundle,7,br,Pickaxe_HumorShale,Harley's Boogie Bat,pickaxe,dc,DC SERIES,Gotham City Summer,7,3,2026-07-16T08:00:00Z
2026-09-04,v2:/4eaf0f65d52e6390b9bba824da5cc047aafa3748300562ebaadf616816c376c8,[VIRTUAL]1 x In Ha Mood for 500 MtxCurrency,500,500,0,0.0,0,2026-09-04T00:00:00Z,2026-09-07T23:59:59.999Z,1,0,-4,SummerIceSpiceSpongebob,SpongeBob SquarePants,194,tileGrid,Size_1_x_1,,0,,1,track,sid_placeholder_424,In Ha Mood,,,,,,,2024-11-14T14:31:49Z
2026-09-04,v2:/d50853d2e936201b94c348ebc6266d7110ffeec044f989e3aa40d888a83a90f2,"[VIRTUAL]1 x Patty Wagon, 1 x Patty Wagon, 1 x Patty Wagon, 1 x Patty Wagon, 1 x Patty Wagon, 1 x Patty Wagon, 1 x Patty Wagon, 1 x Patty Wagon, 1 x Patty Wagon, 1 x Patty Wagon, 1 x Patty Wagon, 1 x Patty Wagon, 1 x Patty Wagon, 1 x Patty Wagon, 1 x DoodleBob Wagon, 1 x Gary Wagon, 1 x Steel Belted Pickles for -1 MtxCurrency",2000,2000,0,0.0,0,2026-09-04T00:00:00Z,2026-09-07T23:59:59.999Z,1,0,-1,SummerIceSpiceSpongebob,SpongeBob SquarePants,194,tileGrid,Size_3_x_1,Decals in this bundle are restricted to the Patty Wagon car body.,1,SpongeBob's Patty Wagon,3,car,CarSkin_LionsMane02,DoodleBob Wagon,skin,uncommon,,,,,2025-12-20T00:00:00Z
2026-09-04,v2:/d50853d2e936201b94c348ebc6266d7110ffeec044f989e3aa40d888a83a90f2,"[VIRTUAL]1 x Patty Wagon, 1 x Patty Wagon, 1 x Patty Wagon, 1 x Patty Wagon, 1 x Patty Wagon, 1 x Patty Wagon, 1 x Patty Wagon, 1 x Patty Wagon, 1 x Patty Wagon, 1 x Patty Wagon, 1 x Patty Wagon, 1 x Patty Wagon, 1 x Patty Wagon, 1 x Patty Wagon, 1 x DoodleBob Wagon, 1 x Gary Wagon, 1 x Steel Belted Pickles for -1 MtxCurrency",2000,2000,0,0.0,0,2026-09-04T00:00:00Z,2026-09-07T23:59:59.999Z,1,0,-1,SummerIceSpiceSpongebob,SpongeBob SquarePants,194,tileGrid,Size_3_x_1,Decals in this bundle are restricted to the Patty Wagon car body.,1,SpongeBob's Patty Wagon,3,car,CarSkin_LionsMane03,Gary Wagon,skin,uncommon,,,,,2025-12-20T00:00:00Z
2026-09-04,v2:/d50853d2e936201b94c348ebc6266d7110ffeec044f989e3aa40d888a83a90f2,"[VIRTUAL]1 x Patty Wagon, 1 x Patty Wagon, 1 x Patty Wagon, 1 x Patty Wagon, 1 x Patty Wagon, 1 x Patty Wagon, 1 x Patty Wagon, 1 x Patty Wagon, 1 x Patty Wagon, 1 x Patty Wagon, 1 x Patty Wagon, 1 x Patty Wagon, 1 x Patty Wagon, 1 x Patty Wagon, 1 x DoodleBob Wagon, 1 x Gary Wagon, 1 x Steel Belted Pickles for -1 MtxCurrency",2000,2000,0,0.0,0,2026-09-04T00:00:00Z,2026-09-07T23:59:59.999Z,1,0,-1,SummerIceSpiceSpongebob,SpongeBob SquarePants,194,tileGrid,Size_3_x_1,Decals in this bundle are restricted to the Patty Wagon car body.,1,SpongeBob's Patty Wagon,3,car,Wheel_Lionsmane01,Steel Belted Pickles,wheel,uncommon,,,,,2025-12-20T00:00:00Z
2026-09-04,v2:/bae9c837250d401408b738e991e05cc7938bc8feca24b1de40e33c727ce4e956,[VIRTUAL]1 x CHIHIRO for 500 MtxCurrency,500,500,0,0.0,0,2026-09-01T00:00:00Z,2026-09-17T23:59:59.999Z,1,0,-55,JT090426,Jam Tracks,180,expandableList,Size_1_x_1,,0,,1,track,sid_placeholder_218,CHIHIRO,,,,,,,2024-05-17T18:21:48Z
2026-09-04,v2:/0184bf84b3990c6224484176f803495d6422c68102a629b0b52f366b98df2597,[VIRTUAL]1 x Batman Paddle for 500 MtxCurrency,500,500,0,0.0,0,2026-08-31T00:00:00Z,2026-09-06T23:59:59.999Z,1,0,-4,SummerBatman,Hot Bat Summer,192,tileGrid,Size_1_x_1,,0,,1,br,Pickaxe_TideCompost,Batman Paddle,pickaxe,dc,DC SERIES,Gotham City Summer,7,3,2026-07-16T08:00:00Z
2026-09-04,v2:/f5ee1e5daa038163914fcce5032b49593657820bd59007c3e7fc4f24f49a2244,[VIRTUAL]1 x Aku Aku for 600 MtxCurrency,600,600,0,0.0,0,2026-08-29T00:00:00Z,2026-09-11T23:59:59.999Z,1,0,-3,CrashSpyro1,Crash Bandicoot & Spyro the Dragon,189,tileGrid,Size_1_x_1,"Backbling reacts to gliding, damage, eliminations, opening chests, and more!",0,,1,br,Backpack_SpruceBark,Aku Aku,backpack,gaminglegends,Gaming Legends Series,Crash Bandicoot,7,4,2026-08-27T13:00:15Z
2026-09-04,v2:/b8161b8c31e32cbcd86c7d833f7fb8bd37d18a874e066102976f27b76b15d275,[VIRTUAL]1 x TBD (SID_Placeholder_811) for 500 MtxCurrency,500,500,0,0.0,0,2026-09-04T00:00:00Z,2026-09-10T23:59:59.999Z,1,0,-4,JT090426,Jam Tracks,180,tileGrid,Size_1_x_1,,0,,1,track,sid_placeholder_811,DAISIES,,,,,,,2026-06-09T14:22:51Z
2026-09-04,v2:/7afc25aeca1890616a0b16ae9cc10c68cb4ba35c1d1ddd2b7bafd5ca84e3d549,[VIRTUAL]1 x Fractal Cat for 1200 MtxCurrency,1200,1200,0,0.0,0,2026-09-04T00:00:00Z,2026-09-12T23:59:59.999Z,1,0,-5,FND090426,Spotlight Drops,197,tileGrid,Size_1_x_1,This Sidekick includes quests that unlock new items upon completion!,0,,1,br,Companion_FacetWhisk,Fractal Cat,sidekick,uncommon,,,7,4,2026-09-03T15:24:18Z
