shop_date,offer_id,dev_name,regular_price,final_price,discount_vbucks,discount_pct,is_discounted,in_date,out_date,giftable,refundable,sort_priority,layout_id,layout_name,layout_rank,layout_display_type,tile_size,offer_tag,is_bundle,bundle_name,items_in_offer,item_kind,item_id,item_name,item_type,item_rarity,item_series,item_set,item_intro_chapter,item_intro_season,item_added
2026-09-11,v2:/dd65acee4a1f07ec2f9cd4c4482f60a2b24fd50d993fd8e3529285c8d7999426,[VIRTUAL]1 x GEEK TIMË for 500 MtxCurrency,500,500,0,0.0,0,2026-09-10T00:00:00Z,2026-09-13T23:59:59.999Z,1,0,-3,VV091126,Zero Chill,194,tileGrid,Size_1_x_1,,0,,1,br,EID_NerdStomp,GEEK TIMË,emote,icon,Icon Series,,6,2,2025-04-11T00:00:00Z
2026-09-11,v2:/f0cef02bf0290a93c250d98e39ece88012720a4d5b36f635171dd79afc4c46d5,"[VIRTUAL]1 x Combat Cue, 1 x Combat Cue for 800 MtxCurrency",800,800,0,0.0,0,2026-09-05T00:00:00Z,2026-09-11T23:59:59.999Z,1,0,-1,Unvaulted,Unvaulted,185,tileGrid,Size_1_x_1,,0,,2,br,Pickaxe_StageCue,Combat Cue,pickaxe,rare,,In the Pocket,2,Remix,2024-11-02T17:09:31Z
2026-09-11,v2:/f0cef02bf0290a93c250d98e39ece88012720a4d5b36f635171dd79afc4c46d5,"[VIRTUAL]1 x Combat Cue, 1 x Combat Cue for 800 MtxCurrency",800,800,0,0.0,0,2026-09-05T00:00:00Z,2026-09-11T23:59:59.999Z,1,0,-1,Unvaulted,Unvaulted,185,tileGrid,Size_1_x_1,,0,,2,br,Backpack_StageCue,Combat Cue,backpack,rare,,In the Pocket,2,Remix,2024-11-02T17:09:31Z
2026-09-11,v2:/4c2a3f5d6776c95e0f4addb56b0b39649c9b71b329562620ff3919508a2d45a5,"[VIRTUAL]1 x Revolver, 1 x The Number, 1 x Power GT, 1 x Slipstream Edge, 1 x Cruise Caliber, 1 x Solid Gold for -1 MtxCurrency",1500,1500,0,0.0,0,2026-09-09T00:00:00Z,2026-09-15T23:59:59.999Z,1,0,-1,Revolver,Revolver,174,tileGrid,Size_3_x_1,Decals in this bundle are restricted to the Revolver car body.,1,Revolver,6,car,CarBody_Zuse,Revolver,body,epic,,,,,2025-02-21T12:16:05Z
2026-09-11,v2:/4c2a3f5d6776c95e0f4addb56b0b39649c9b71b329562620ff3919508a2d45a5,"[VIRTUAL]1 x Revolver, 1 x The Number, 1 x Power GT, 1 x Slipstream Edge, 1 x Cruise Caliber, 1 x Solid Gold for -1 MtxCurrency",1500,1500,0,0.0,0,2026-09-09T00:00:00Z,2026-09-15T23:59:59.999Z,1,0,-1,Revolver,Revolver,174,tileGrid,Size_3_x_1,Decals in this bundle are restricted to the Revolver car body.,1,Revolver,6,car,CarSkin_Zuse1,The Number,skin,common,,,,,2025-02-21T12:16:05Z
2026-09-11,v2:/4c2a3f5d6776c95e0f4addb56b0b39649c9b71b329562620ff3919508a2d45a5,"[VIRTUAL]1 x Revolver, 1 x The Number, 1 x Power GT, 1 x Slipstream Edge, 1 x Cruise Caliber, 1 x Solid Gold for -1 MtxCurrency",1500,1500,0,0.0,0,2026-09-09T00:00:00Z,2026-09-15T23:59:59.999Z,1,0,-1,Revolver,Revolver,174,tileGrid,Size_3_x_1,Decals in this bundle are restricted to the Revolver car body.,1,Revolver,6,car,CarSkin_Zuse2,Power GT,skin,common,,,,,2025-02-21T12:16:05Z
2026-09-11,v2:/4c2a3f5d6776c95e0f4addb56b0b39649c9b71b329562620ff3919508a2d45a5,"[VIRTUAL]1 x Revolver, 1 x The Number, 1 x Power GT, 1 x Slipstream Edge, 1 x Cruise Caliber, 1 x Solid Gold for -1 MtxCurrency",1500,1500,0,0.0,0,2026-09-09T00:00:00Z,2026-09-15T23:59:59.999Z,1,0,-1,Revolver,Revolver,174,tileGrid,Size_3_x_1,Decals in this bundle are restricted to the Revolver car body.,1,Revolver,6,car,CarSkin_Zuse3,Slipstream Edge,skin,common,,,,,2025-02-21T12:16:05Z
2026-09-11,v2:/4c2a3f5d6776c95e0f4addb56b0b39649c9b71b329562620ff3919508a2d45a5,"[VIRTUAL]1 x Revolver, 1 x The Number, 1 x Power GT, 1 x Slipstream Edge, 1 x Cruise Caliber, 1 x Solid Gold for -1 MtxCurrency",1500,1500,0,0.0,0,2026-09-09T00:00:00Z,2026-09-15T23:59:59.999Z,1,0,-1,Revolver,Revolver,174,tileGrid,Size_3_x_1,Decals in this bundle are restricted to the Revolver car body.,1,Revolver,6,car,Wheel_Zuse,Cruise Caliber,wheel,uncommon,,,,,2025-02-21T12:16:05Z
2026-09-11,v2:/4c2a3f5d6776c95e0f4addb56b0b39649c9b71b329562620ff3919508a2d45a5,"[VIRTUAL]1 x Revolver, 1 x The Number, 1 x Power GT, 1 x Slipstream Edge, 1 x Cruise Caliber, 1 x Solid Gold for -1 MtxCurrency",1500,1500,0,0.0,0,2026-09-09T00:00:00Z,2026-09-15T23:59:59.999Z,1,0,-1,Revolver,Revolver,174,tileGrid,Size_3_x_1,Decals in this bundle are restricted to the Revolver car body.,1,Revolver,6,car,CarSkin_Zusegold,Solid Gold,skin,uncommon,,,,,2025-02-21T12:16:05Z
2026-09-11,v2:/275b860193c43bac3d0983e627224cea57d78ad4d7c1e9d16e1a8b04723dd450,[VIRTUAL]1 x The Rack-Up for 500 MtxCurrency,500,500,0,0.0,0,2026-09-05T00:00:00Z,2026-09-11T23:59:59.999Z,1,0,-2,Unvaulted,Unvaulted,185,tileGrid,Size_1_x_1,,0,,1,br,Glider_StageCue,The Rack-Up,glider,epic,,In the Pocket,2,Remix,2024-11-02T17:09:31Z
2026-09-11,v2:/f8df7f715aaccc2e8d832837a296dccf354330294f500b6ccecf214e22deea82,[VIRTUAL]1 x FLAWLESS VICTORY for 300 MtxCurrency,300,300,0,0.0,0,2026-09-06T00:00:00Z,2026-09-12T23:59:59.999Z,1,0,-4,MortalKombat1,Mortal Kombat,184,tileGrid,Size_1_x_1,,0,,1,br,EID_GarlicWhisk_Clobber,FLAWLESS VICTORY,emote,gaminglegends,Gaming Legends Series,Klassic Kombat,6,2,2025-03-27T15:08:18Z
2026-09-11,v2:/ae9166ba9fe76036051a1c2e3f319105a208e2223963807b8de12a90b6dc4bd4,[VIRTUAL]1 x DRG Backpack for 300 MtxCurrency,300,300,0,0.0,0,2026-09-08T00:00:00Z,2026-09-11T23:59:59.999Z,1,0,-1,DRG,Deep Rock Galactic,182,tileGrid,Size_1_x_1,,0,,1,br,Backpack_CampusSire,DRG Backpack,backpack,gaminglegends,Gaming Legends Series,Deep Rock Galactic,6,5,2025-08-30T00:00:00Z
2026-09-11,v2:/c5042594dcdc321e796bdc979d99a53b7cde5294f8941bb69834546b1fb831d3,"[VIRTUAL]1 x Porsche 911 Turbo, 1 x Porsche 911 Turbo, 1 x Porsche 911 Turbo, 1 x Porsche 911 Turbo, 1 x Porsche 911 Turbo, 1 x Porsche 911 Turbo, 1 x Porsche 911 Turbo, 1 x Porsche 911 Turbo, 1 x Porsche 911 Turbo, 1 x Porsche 911 Turbo, 1 x Porsche 911 Turbo, 1 x Porsche 911 Turbo, 1 x Porsche 911 Turbo, 1 x Blank, 1 x Blank, 1 x Ombre, 1 x Wings, 1 x Stripes, 1 x Lightning, 1 x Flames, 1 x Porsche 911 for -1 MtxCurrency",2000,2000,0,0.0,0,2026-09-05T00:00:00Z,2026-09-14T23:59:59.999Z,1,0,-1,Porsche911Turbo,Porsche 911 Turbo,175,tileGrid,Size_3_x_1,,1,Porsche 911 Turbo,8,car,CarSkin_ButterT1Rainbow,Porsche 75th Anniversary,skin,uncommon,,,,,2026-09-03T15:24:18Z
2026-09-11,v2:/c5042594dcdc321e796bdc979d99a53b7cde5294f8941bb69834546b1fb831d3,"[VIRTUAL]1 x Porsche 911 Turbo, 1 x Porsche 911 Turbo, 1 x Porsche 911 Turbo, 1 x Porsche 911 Turbo, 1 x Porsche 911 Turbo, 1 x Porsche 911 Turbo, 1 x Porsche 911 Turbo, 1 x Porsche 911 Turbo, 1 x Porsche 911 Turbo, 1 x Porsche 911 Turbo, 1 x Porsche 911 Turbo, 1 x Porsche 911 Turbo, 1 x Porsche 911 Turbo, 1 x Blank, 1 x Blank, 1 x Ombre, 1 x Wings, 1 x Stripes, 1 x Lightning, 1 x Flames, 1 x Porsche 911 for -1 MtxCurrency",2000,2000,0,0.0,0,2026-09-05T00:00:00Z,2026-09-14T23:59:59.999Z,1,0,-1,Porsche911Turbo,Porsche 911 Turbo,175,tileGrid,Size_3_x_1,,1,Porsche 911 Turbo,8,car,CarSkin_ButterT1Huntress,Huntress,skin,uncommon,,,,,2026-09-03T15:24:18Z
2026-09-11,v2:/c5042594dcdc321e796bdc979d99a53b7cde5294f8941bb69834546b1fb831d3,"[VIRTUAL]1 x Porsche 911 Turbo, 1 x Porsche 911 Turbo, 1 x Porsche 911 Turbo, 1 x Porsche 911 Turbo, 1 x Porsche 911 Turbo, 1 x Porsche 911 Turbo, 1 x Porsche 911 Turbo, 1 x Porsche 911 Turbo, 1 x Porsche 911 Turbo, 1 x Porsche 911 Turbo, 1 x Porsche 911 Turbo, 1 x Porsche 911 Turbo, 1 x Porsche 911 Turbo, 1 x Blank, 1 x Blank, 1 x Ombre, 1 x Wings, 1 x Stripes, 1 x Lightning, 1 x Flames, 1 x Porsche 911 for -1 MtxCurrency",2000,2000,0,0.0,0,2026-09-05T00:00:00Z,2026-09-14T23:59:59.999Z,1,0,-1,Porsche911Turbo,Porsche 911 Turbo,175,tileGrid,Size_3_x_1,,1,Porsche 911 Turbo,8,car,CarSkin_ButterT1Frosted,Ombre,skin,uncommon,,,,,2026-09-03T15:24:18Z
2026-09-11,v2:/c5042594dcdc321e796bdc979d99a53b7cde5294f8941bb69834546b1fb831d3,"[VIRTUAL]1 x Porsche 911 Turbo, 1 x Porsche 911 Turbo, 1 x Porsche 911 Turbo, 1 x Porsche 911 Turbo, 1 x Porsche 911 Turbo, 1 x Porsche 911 Turbo, 1 x Porsche 911 Turbo, 1 x Porsche 911 Turbo, 1 x Porsche 911 Turbo, 1 x Porsche 911 Turbo, 1 x Porsche 911 Turbo, 1 x Porsche 911 Turbo, 1 x Porsche 911 Turbo, 1 x Blank, 1 x Blank, 1 x Ombre, 1 x Wings, 1 x Stripes, 1 x Lightning, 1 x Flames, 1 x Porsche 911 for -1 MtxCurrency",2000,2000,0,0.0,0,2026-09-05T00:00:00Z,2026-09-14T23:59:59.999Z,1,0,-1,Porsche911Turbo,Porsche 911 Turbo,175,tileGrid,Size_3_x_1,,1,Porsche 911 Turbo,8,car,CarSkin_ButterT1Wings,Wings,skin,uncommon,,,,,2026-09-03T15:24:18Z
2026-09-11,v2:/c5042594dcdc321e796bdc979d99a53b7cde5294f8941bb69834546b1fb831d3,"[VIRTUAL]1 x Porsche 911 Turbo, 1 x Porsche 911 Turbo, 1 x Porsche 911 Turbo, 1 x Porsche 911 Turbo, 1 x Porsche 911 Turbo, 1 x Porsche 911 Turbo, 1 x Porsche 911 Turbo, 1 x Porsche 911 Turbo, 1 x Porsche 911 Turbo, 1 x Porsche 911 Turbo, 1 x Porsche 911 Turbo, 1 x Porsche 911 Turbo, 1 x Porsche 911 Turbo, 1 x Blank, 1 x Blank, 1 x Ombre, 1 x Wings, 1 x Stripes, 1 x Lightning, 1 x Flames, 1 x Porsche 911 for -1 MtxCurrency",2000,2000,0,0.0,0,2026-09-05T00:00:00Z,2026-09-14T23:59:59.999Z,1,0,-1,Porsche911Turbo,Porsche 911 Turbo,175,tileGrid,Size_3_x_1,,1,Porsche 911 Turbo,8,car,CarSkin_ButterT1Stripes,Stripes,skin,uncommon,,,,,2026-09-03T15:24:18Z
2026-09-11,v2:/c5042594dcdc321e796bdc979d99a53b7cde5294f8941bb69834546b1fb831d3,"[VIRTUAL]1 x Porsche 911 Turbo, 1 x Porsche 911 Turbo, 1 x Porsche 911 Turbo, 1 x Porsche 911 Turbo, 1 x Porsche 911 Turbo, 1 x Porsche 911 Turbo, 1 x Porsche 911 Turbo, 1 x Porsche 911 Turbo, 1 x Porsche 911 Turbo, 1 x Porsche 911 Turbo, 1 x Porsche 911 Turbo, 1 x Porsche 911 Turbo, 1 x Porsche 911 Turbo, 1 x Blank, 1 x Blank, 1 x Ombre, 1 x Wings, 1 x Stripes, 1 x Lightning, 1 x Flames, 1 x Porsche 911 for -1 MtxCurrency",2000,2000,0,0.0,0,2026-09-05T00:00:00Z,2026-09-14T23:59:59.999Z,1,0,-1,Porsche911Turbo,Porsche 911 Turbo,175,tileGrid,Size_3_x_1,,1,Porsche 911 Turbo,8,car,CarSkin_ButterT1Lightning,Lightning,skin,uncommon,,,,,2026-09-03T15:24:18Z
2026-09-11,v2:/c5042594dcdc321e796bdc979d99a53b7cde5294f8941bb69834546b1fb831d3,"[VIRTUAL]1 x Porsche 911 Turbo, 1 x Porsche 911 Turbo, 1 x Porsche 911 Turbo, 1 x Porsche 911 Turbo, 1 x Porsche 911 Turbo, 1 x Porsche 911 Turbo, 1 x Porsche 911 Turbo, 1 x Porsche 911 Turbo, 1 x Porsche 911 Turbo, 1 x Porsche 911 Turbo, 1 x Porsche 911 Turbo, 1 x Porsche 911 Turbo, 1 x Porsche 911 Turbo, 1 x Blank, 1 x Blank, 1 x Ombre, 1 x Wings, 1 x Stripes, 1 x Lightning, 1 x Flames, 1 x Porsche 911 for -1 MtxCurrency",2000,2000,0,0.0,0,2026-09-05T00:00:00Z,2026-09-14T23:59:59.999Z,1,0,-1,Porsche911Turbo,Porsche 911 Turbo,175,tileGrid,Size_3_x_1,,1,Porsche 911 Turbo,8,car,CarSkin_ButterT1Flames,Flames,skin,uncommon,,,,,2026-09-03T15:24:18Z
2026-09-11,v2:/c5042594dcdc321e796bdc979d99a53b7cde5294f8941bb69834546b1fb831d3,"[VIRTUAL]1 x Porsche 911 Turbo, 1 x Porsche 911 Turbo, 1 x Porsche 911 Turbo, 1 x Porsche 911 Turbo, 1 x Porsche 911 Turbo, 1 x Porsche 911 Turbo, 1 x Porsche 911 Turbo, 1 x Porsche 911 Turbo, 1 x Porsche 911 Turbo, 1 x Porsche 911 Turbo, 1 x Porsche 911 Turbo, 1 x Porsche 911 Turbo, 1 x Porsche 911 Turbo, 1 x Blank, 1 x Blank, 1 x Ombre, 1 x Wings, 1 x Stripes, 1 x Lightning, 1 x Flames, 1 x Porsche 911 for -1 MtxCurrency",2000,2000,0,0.0,0,2026-09-05T00:00:00Z,2026-09-14T23:59:59.999Z,1,0,-1,Porsche911Turbo,Porsche 911 Turbo,175,tileGrid,Size_3_x_1,,1,Porsche 911 Turbo,8,car,Wheel_ButterT1,Porsche 911,wheel,uncommon,,,,,2025-12-11T10:20:11Z
2026-09-11,v2:/e17da5c7cced62e4ff6e708f07bbf86f24cccfff1977126369eb7bcef7201458,[VIRTUAL]1 x Saltwater Satchel for 200 MtxCurrency,200,200,0,0.0,0,2026-09-08T00:00:00Z,2026-09-14T23:59:59.999Z,1,0,-1,,,,,Size_1_x_1,,0,,1,br,BID_193_TeriyakiFishMale,Saltwater Satchel,backpack,rare,,Fish Food,1,7,2019-11-20T12:50:36Z
2026-09-11,v2:/542033dd88cccf16392cd9ca21af9ce969a0277fcd86f118aa203c0e4253571d,[VIRTUAL]1 x Pack-sune Miku for 300 MtxCurrency,300,300,0,0.0,0,2026-09-10T00:00:00Z,2026-09-13T23:59:59.999Z,1,0,-1,,,,,Size_1_x_1,,0,,1,br,Backpack_JadeTowelGloss,Pack-sune Miku,backpack,icon,Icon Series,Hatsune Miku,6,1,2025-01-14T09:00:00Z
2026-09-11,v2:/a7117bca759d442f225227ea42c677a7a63db57cb19a607c1cb946050033a9a6,[VIRTUAL]1 x Agent Webb for 800 MtxCurrency,800,800,0,0.0,0,2026-09-11T00:00:00Z,2026-09-13T23:59:59.999Z,1,0,-2,BR091126,Full Flex,187,tileGrid,Size_1_x_1,,0,,1,br,Character_AntiZappo,Agent Webb,outfit,epic,,Spyder Agency,6,4,2025-07-29T08:28:45Z
2026-09-11,v2:/c5f15bf11f2fd6f2f1083deadbe11199cbd08ed619a4f281b542bba1fd28b3c2,[VIRTUAL]1 x Seven Nation Army for 500 MtxCurrency,500,500,0,0.0,0,2026-09-01T00:00:00Z,2026-09-30T23:59:59.999Z,1,0,-2,JT091126,Jam Tracks,180,expandableList,Size_1_x_1,,0,,1,track,sid_placeholder_36,Seven Nation Army,,,,,,,2023-12-09T15:00:00Z
2026-09-11,v2:/ab970fe3d4d3b8ab6965a6def2931d2afabc1cfcbad6835c37a00212c4a8cd39,[VIRTUAL]1 x Ain't No Rest For The Wicked for 500 MtxCurrency,500,500,0,0.0,0,2026-09-01T00:00:00Z,2026-09-30T23:59:59.999Z,1,0,-67,JT091126,Jam Tracks,180,expandableList,Size_1_x_1,,0,,1,track,sid_placeholder_296,Ain't No Rest For The Wicked,,,,,,,2024-08-09T00:00:00Z
2026-09-11,v2:/e6290ce1edc1e685bdeb1c81f810c83f8f489ca8a9c044259d8ca9644888260a,[VIRTUAL]1 x Pixellator for 500 MtxCurrency,500,500,0,0.0,0,2026-09-08T00:00:00Z,2026-09-13T23:59:59.999Z,1,0,-2,,,,,Size_1_x_1,,0,,1,br,Wrap_379_Pliant,Pixellator,wrap,rare,,Show Your Style,2,7,2021-07-20T07:27:39Z
2026-09-11,v2:/6c8b2464e1bf8d3aa3e7ae3caf5d14046e4326712861acd882ba880e58b89eba,"[VIRTUAL]1 x Potassius Peels, 1 x Cape of Potassius for -1 MtxCurrency",1200,1200,0,0.0,0,2026-09-09T00:00:00Z,2026-09-13T23:59:59.999Z,1,0,-2,WrixelShop,Override,191,tileGrid,Size_1_x_1,,0,,2,br,CID_A_045_Athena_Commando_M_BananaLeader,Potassius Peels,outfit,rare,,The Ides of Bunch,2,6,2021-03-17T11:14:28Z
2026-09-11,v2:/6c8b2464e1bf8d3aa3e7ae3caf5d14046e4326712861acd882ba880e58b89eba,"[VIRTUAL]1 x Potassius Peels, 1 x Cape of Potassius for -1 MtxCurrency",1200,1200,0,0.0,0,2026-09-09T00:00:00Z,2026-09-13T23:59:59.999Z,1,0,-2,WrixelShop,Override,191,tileGrid,Size_1_x_1,,0,,2,br,BID_724_BananaLeader,Cape of Potassius,backpack,rare,,The Ides of Bunch,2,6,2021-03-17T11:14:28Z
2026-09-11,v2:/2d46b86e5a7dcad0df465b242e19ff1c674206eadcc716d7400260b79c571dea,[VIRTUAL]1 x Miku Live for 500 MtxCurrency,500,500,0,0.0,0,2026-09-10T00:00:00Z,2026-09-13T23:59:59.999Z,1,0,-3,Hatsune2,Hatsune Miku,179,tileGrid,Size_1_x_1,,0,,1,br,EID_JadeTowel,Miku Live,emote,icon,Icon Series,Hatsune Miku,6,1,2025-01-14T09:00:00Z
2026-09-11,v2:/48d986892e7400468a17a794c1493d3df3739cc00a61882b9327014d5cb033c2,[VIRTUAL]1 x Walter Irons for 1500 MtxCurrency,1500,1500,0,0.0,0,2026-09-06T00:00:00Z,2026-09-12T23:59:59.999Z,1,0,-1,ToxicCommNOVIOLATOR,John Carpenter's Toxic Commando,183,tileGrid,Size_3_x_1,,0,,1,br,Character_TikkaTaste,Walter Irons,outfit,epic,,John Carpenter's Toxic Commando,7,4,2026-09-06T00:00:00Z
2026-09-11,v2:/f0159fb7f5e70f14b1fac143026ef787e897c3d9ea09e64e1ce507deb88ff673,[VIRTUAL]1 x TBD (SID_Placeholder_299) for 500 MtxCurrency,500,500,0,0.0,0,2026-09-01T00:00:00Z,2026-09-30T23:59:59.999Z,1,0,-37,JT091126,Jam Tracks,180,expandableList,Size_1_x_1,,0,,1,track,sid_placeholder_299,I Write Sins Not Tragedies,,,,,,,2025-01-23T15:05:07Z
2026-09-11,v2:/51799bd08c583c683cc5e0315c8e084ed2ddfd6f06438159892096560ab9b177,[VIRTUAL]1 x 24K Magic for 500 MtxCurrency,500,500,0,0.0,0,2026-09-01T00:00:00Z,2026-09-30T23:59:59.999Z,1,0,-78,JT091126,Jam Tracks,180,expandableList,Size_1_x_1,,0,,1,track,sid_placeholder_70,24K Magic,,,,,,,2024-06-28T00:00:00Z
2026-09-11,v2:/197dc1138c66c0ae8bd7bd14049a79a3d8019d60244b97fa76296788762ed546,[VIRTUAL]1 x Toxicity for 500 MtxCurrency,500,500,0,0.0,0,2026-09-11T00:00:00Z,2026-09-17T23:59:59.999Z,1,0,-4,JT091126,Jam Tracks,180,tileGrid,Size_1_x_1,,0,,1,track,sid_placeholder_206,Toxicity,,,,,,,2024-05-07T14:47:23Z
2026-09-11,v2:/80bbcf7a4497294f0c0fc0ff64cbee1ee31a7fe29f687a73d90135beefceb3f1,[VIRTUAL]1 x Heathens for 500 MtxCurrency,500,500,0,0.0,0,2026-09-01T00:00:00Z,2026-09-30T23:59:59.999Z,1,0,-70,JT091126,Jam Tracks,180,expandableList,Size_1_x_1,,0,,1,track,sid_placeholder_200,Heathens,,,,,,,2024-05-14T14:56:14Z
2026-09-11,v2:/b256776770930d6a85b747d6399119315c57a06668b3786ce08b5c257e51fbd6,[VIRTUAL]1 x Mega Buster Flex for 400 MtxCurrency,400,400,0,0.0,0,2026-09-11T00:00:00Z,2026-09-20T23:59:59.999Z,1,0,-5,MegamanNew,Mega Man,198,tileGrid,Size_1_x_1,,0,,1,br,EID_DuneBrief,Mega Buster Flex,emote,gaminglegends,Gaming Legends Series,Mega Man,7,4,2026-09-07T20:23:20Z
2026-09-11,v2:/6dead3b75b13d05719e386d7a873a1f3aedcc18522c26995ecd2293841c289ef,[VIRTUAL]1 x Get Low for 500 MtxCurrency,500,500,0,0.0,0,2026-09-11T00:00:00Z,2026-09-17T23:59:59.999Z,1,0,-1,JT091126,Jam Tracks,180,tileGrid,Size_1_x_1,,0,,1,track,sid_placeholder_193,Get Low,,,,,,,2024-04-24T03:56:26Z
2026-09-11,v2:/0b6d0d99e43c31960c1ce10c2dd8280fc6069f0fc7412b413e56b6d2c726cc8b,[VIRTUAL]1 x A Goat for 1200 MtxCurrency,1200,1200,0,0.0,0,2026-09-10T00:00:00Z,2026-09-13T23:59:59.999Z,1,0,-1,BR091126,Full Flex,187,tileGrid,Size_1_x_1,,0,,1,br,Character_Billy,A Goat,outfit,gaminglegends,Gaming Legends Series,Goat Simulator 3,3,4,2022-09-29T17:53:53Z
2026-09-11,v2:/6677205627aac414fbf2bfaa0171d5383b7c378a578291b8a567e63758c3e5fb,[VIRTUAL]1 x Chaos Directive for 500 MtxCurrency,500,500,0,0.0,0,2026-09-05T00:00:00Z,2026-09-11T23:59:59.999Z,1,0,-3,Unvaulted,Unvaulted,185,tileGrid,Size_1_x_1,,0,,1,br,Wrap_MissusMind,Chaos Directive,wrap,rare,,Bleakest Bedlam,2,Remix,2024-11-02T17:09:31Z
2026-09-11,v2:/f8c9bd2caa57c7f4ce17865f7cd5d0161d78ca38b154e5c133ea55329e02f62d,[VIRTUAL]1 x Bandicoot for 500 MtxCurrency,500,500,0,0.0,0,2026-08-29T00:00:00Z,2026-09-11T23:59:59.999Z,1,0,-2,CrashSpyro1,Crash Bandicoot & Spyro the Dragon,190,tileGrid,Size_1_x_1,,0,,1,br,Wrap_SpruceBark,Bandicoot,wrap,gaminglegends,Gaming Legends Series,Crash Bandicoot,7,4,2026-08-26T23:33:06Z
2026-09-11,v2:/73235e9b73cccbf8d9b36884242040bc6125f956643b0f305e68712f6ba9beba,"[VIRTUAL]1 x Mega Man X, 1 x Buster Cannon Blades, 1 x E-Tank Power Pack for -1 MtxCurrency",1800,1800,0,0.0,0,2026-09-11T00:00:00Z,2026-09-20T23:59:59.999Z,1,0,-2,MegamanNew,Mega Man,198,tileGrid,Size_2_x_1,,0,,3,br,Character_DuneBriefShift,Mega Man X,outfit,gaminglegends,Gaming Legends Series,Mega Man,7,4,2026-09-07T20:23:20Z
2026-09-11,v2:/73235e9b73cccbf8d9b36884242040bc6125f956643b0f305e68712f6ba9beba,"[VIRTUAL]1 x Mega Man X, 1 x Buster Cannon Blades, 1 x E-Tank Power Pack for -1 MtxCurrency",1800,1800,0,0.0,0,2026-09-11T00:00:00Z,2026-09-20T23:59:59.999Z,1,0,-2,MegamanNew,Mega Man,198,tileGrid,Size_2_x_1,,0,,3,br,Pickaxe_DuneBriefShift,Buster Cannon Blades,pickaxe,gaminglegends,Gaming Legends Series,Mega Man,7,4,2026-09-07T20:23:20Z
2026-09-11,v2:/73235e9b73cccbf8d9b36884242040bc6125f956643b0f305e68712f6ba9beba,"[VIRTUAL]1 x Mega Man X, 1 x Buster Cannon Blades, 1 x E-Tank Power Pack for -1 MtxCurrency",1800,1800,0,0.0,0,2026-09-11T00:00:00Z,2026-09-20T23:59:59.999Z,1,0,-2,MegamanNew,Mega Man,198,tileGrid,Size_2_x_1,,0,,3,br,Backpack_DuneBriefShift,E-Tank Power Pack,backpack,gaminglegends,Gaming Legends Series,Mega Man,7,4,2026-09-07T20:23:20Z
2026-09-11,v2:/8336fc26e92d89a1c946d7598c63c3c3bb395b3ed98de96aafadbfec89f4440a,[VIRTUAL]1 x Unsainted for 500 MtxCurrency,500,500,0,0.0,0,2026-09-01T00:00:00Z,2026-09-30T23:59:59.999Z,1,0,-63,JT091126,Jam Tracks,180,expandableList,Size_1_x_1,,0,,1,track,sid_placeholder_266,Unsainted,,,,,,,2024-07-26T00:00:00Z
2026-09-11,v2:/37a0ab5a68a1f321e42876083f30e27178f7aac87c21ae0c7106d5ffb9c9a6e6,[VIRTUAL]1 x Cape of Potassius for 400 MtxCurrency,400,400,0,0.0,0,2026-09-09T00:00:00Z,2026-09-13T23:59:59.999Z,1,0,-2,,,,,Size_1_x_1,,0,,1,br,BID_724_BananaLeader,Cape of Potassius,backpack,rare,,The Ides of Bunch,2,6,2021-03-17T11:14:28Z
2026-09-11,v2:/f53a55c5a60445b10d3da30955a554e3f245857bec2a8c11334397a45c5db44c,[VIRTUAL]1 x Lumi Core Green for 400 MtxCurrency,400,400,0,0.0,0,2026-09-11T00:00:00Z,2026-09-11T23:59:59.999Z,1,0,-2,,,,,Size_1_x_1,,0,,1,br,BID_294_GlowBroMale,Lumi Core Green,backpack,epic,,Stormlight,1,9,2019-11-20T12:50:33Z
2026-09-11,v2:/2e629454763d226c9e513f1011104ab4d71fe976b65d852897f160f0150e4851,"[VIRTUAL]1 x Flare, 1 x Lumi Core Green for -1 MtxCurrency",1500,1500,0,0.0,0,2026-09-11T00:00:00Z,2026-09-11T23:59:59.999Z,1,0,-2,BR091126,Full Flex,187,tileGrid,Size_1_x_1,,0,,2,br,CID_454_Athena_Commando_M_GlowBro,Flare,outfit,epic,,Stormlight,1,9,2019-11-20T12:49:56Z
2026-09-11,v2:/2e629454763d226c9e513f1011104ab4d71fe976b65d852897f160f0150e4851,"[VIRTUAL]1 x Flare, 1 x Lumi Core Green for -1 MtxCurrency",1500,1500,0,0.0,0,2026-09-11T00:00:00Z,2026-09-11T23:59:59.999Z,1,0,-2,BR091126,Full Flex,187,tileGrid,Size_1_x_1,,0,,2,br,BID_294_GlowBroMale,Lumi Core Green,backpack,epic,,Stormlight,1,9,2019-11-20T12:50:33Z
2026-09-11,v2:/4a043775a75a056a0f3b4effe491ddc7336743327bcf5ce922b81c24a8c14cd1,"[VIRTUAL]1 x Twistie, 1 x Twistie Inflator for -1 MtxCurrency",1200,1200,0,0.0,0,2026-09-11T00:00:00Z,2026-09-13T23:59:59.999Z,1,0,-6,BR091126,Full Flex,187,tileGrid,Size_1_x_1,,0,,2,br,CID_326_Athena_Commando_F_WavyMan,Twistie,outfit,rare,,Hot Air,1,7,2019-11-20T12:50:07Z
2026-09-11,v2:/4a043775a75a056a0f3b4effe491ddc7336743327bcf5ce922b81c24a8c14cd1,"[VIRTUAL]1 x Twistie, 1 x Twistie Inflator for -1 MtxCurrency",1200,1200,0,0.0,0,2026-09-11T00:00:00Z,2026-09-13T23:59:59.999Z,1,0,-6,BR091126,Full Flex,187,tileGrid,Size_1_x_1,,0,,2,br,BID_202_WavyManFemale,Twistie Inflator,backpack,rare,,Hot Air,1,7,2019-11-20T12:50:36Z
2026-09-11,v2:/90945c194246a21b02d86829749f13d00d89d1b6b407eb09812a42980f7a3724,"[VIRTUAL]1 x Aniyah, 1 x Clothier's Spellkit for -1 MtxCurrency",1500,1500,0,0.0,0,2026-09-08T00:00:00Z,2026-09-14T23:59:59.999Z,1,0,-4,NS090826,No Sweat,186,tileGrid,Size_1_x_1,Reactive to eliminations! ,0,,2,br,Character_DyedDuelist,Aniyah,outfit,epic,,Savvy Sorceress,4,4,2023-09-26T14:25:42Z
2026-09-11,v2:/90945c194246a21b02d86829749f13d00d89d1b6b407eb09812a42980f7a3724,"[VIRTUAL]1 x Aniyah, 1 x Clothier's Spellkit for -1 MtxCurrency",1500,1500,0,0.0,0,2026-09-08T00:00:00Z,2026-09-14T23:59:59.999Z,1,0,-4,NS090826,No Sweat,186,tileGrid,Size_1_x_1,Reactive to eliminations! ,0,,2,br,Backpack_DyedDuelist,Clothier's Spellkit,backpack,epic,,Savvy Sorceress,4,4,2023-09-26T14:25:42Z
2026-09-11,v2:/0e8635a22f15b412c7e2608bf6911b6b431a7844608ff03e6c5ae2a221c20c62,[VIRTUAL]1 x Raiden (MK3) for 1500 MtxCurrency,1500,1500,0,0.0,0,2026-09-06T00:00:00Z,2026-09-12T23:59:59.999Z,1,0,-2,MortalKombat1,Mortal Kombat,184,tileGrid,Size_1_x_1,,0,,1,br,Character_TotalFlock,Raiden (MK3),outfit,gaminglegends,Gaming Legends Series,Klassic Kombat,6,2,2025-03-27T15:08:18Z
2026-09-11,v2:/422e8e3db7526c951b8b36d82009ee8295013e8358ea0a8106fc690473ae4c6b,[VIRTUAL]1 x FaSHioN for 500 MtxCurrency,500,500,0,0.0,0,2026-09-08T00:00:00Z,2026-09-11T23:59:59.999Z,1,0,-1,VV091126,Zero Chill,194,tileGrid,Size_1_x_1,,0,,1,br,EID_FivePoints,FaSHioN,emote,icon,Icon Series,,7,4,2026-09-08T00:00:00Z
2026-09-11,v2:/3881490810a4853597e5e3efcba31618cbb34e28e74276c88987af83abfd991a,[VIRTUAL]1 x Cute Cutout for 600 MtxCurrency,600,600,0,0.0,0,2026-09-08T00:00:00Z,2026-09-12T23:59:59.999Z,1,0,-2,SabrinaCarpenterSweet,Sabrina Carpenter,178,tileGrid,Size_1_x_1,,0,,1,br,Contrail_DimeBlanket,Cute Cutout,contrail,icon,Icon Series,Sabrina Carpenter,6,2,2025-04-08T08:00:00Z
2026-09-11,v2:/76ac446e130eb40e3dba9a3d49884a520af4331c8e8f61f74ff1351f0172326d,[VIRTUAL]1 x Give Me Everything for 500 MtxCurrency,500,500,0,0.0,0,2026-09-01T00:00:00Z,2026-09-30T23:59:59.999Z,1,0,-7,JT091126,Jam Tracks,180,expandableList,Size_1_x_1,,0,,1,track,sid_placeholder_249,Give Me Everything,,,,,,,2024-06-06T13:32:50Z
2026-09-11,v2:/b6ce4e0d3226594f343485b2d92923a05bff4bc6685b23e762c575512fb354bf,[VIRTUAL]1 x Miku Light for 600 MtxCurrency,600,600,0,0.0,0,2026-09-10T00:00:00Z,2026-09-13T23:59:59.999Z,1,0,-2,Hatsune2,Hatsune Miku,179,tileGrid,Size_1_x_1,,0,,1,br,Contrail_JadeTowel,Miku Light,contrail,icon,Icon Series,Hatsune Miku,6,1,2025-01-14T09:00:00Z
2026-09-11,v2:/2537988cb40dab630b7174fb56940f30dfa7b5484d26075a51447b5042e0f1f4,[VIRTUAL]1 x Continue? Coin for 300 MtxCurrency,300,300,0,0.0,0,2026-09-06T00:00:00Z,2026-09-12T23:59:59.999Z,1,0,-1,FND091126,Spotlight Drops,189,tileGrid,Size_1_x_1,,0,,1,br,EID_GlintRush,Continue? Coin,emote,uncommon,,Fractal Heroes,7,4,2026-09-03T15:24:18Z
2026-09-11,v2:/820a5ac7e8ab43e3ef4b08a0147ba3c041eef2da94779a2619c2c3df33eb24dd,[VIRTUAL]1 x All Eyez On Me for 500 MtxCurrency,500,500,0,0.0,0,2026-09-01T00:00:00Z,2026-09-30T23:59:59.999Z,1,0,-33,JT091126,Jam Tracks,180,expandableList,Size_1_x_1,,0,,1,track,sid_placeholder_419,All Eyez On Me,,,,,,,2024-11-23T00:00:00Z
2026-09-11,v2:/cd4e3adfefd36fe740482f17d610823597dd1a905797ada4ceabbf2b64c66d25,[VIRTUAL]1 x Mothmando Elite for 800 MtxCurrency,800,800,0,0.0,0,2026-09-11T00:00:00Z,2026-09-11T23:59:59.999Z,1,0,-4,BR091126,Full Flex,187,tileGrid,Size_1_x_1,,0,,1,br,Character_BugBandit,Mothmando Elite,outfit,epic,,Moth Command,6,6,2025-11-11T09:37:13Z
2026-09-11,v2:/136881d8b35940fb76224044fa0e45c4c308be75d6c43b21769baf7a1d0cdc90,[VIRTUAL]1 x American Idiot for 500 MtxCurrency,500,500,0,0.0,0,2026-09-01T00:00:00Z,2026-09-30T23:59:59.999Z,1,0,-99,JT091126,Jam Tracks,180,expandableList,Size_1_x_1,,0,,1,track,sid_placeholder_281,American Idiot,,,,,,,2024-09-20T00:00:00Z
2026-09-11,v2:/738854990c9c4996900110cea340ef20b3c43a2cdf27fa2ad963c49a3ef9bfa8,"[VIRTUAL]1 x Miku's Beat Drums, 1 x Miku's Beat Drums, 1 x Miku's Beat Drums for 800 MtxCurrency",800,800,0,0.0,0,2026-09-10T00:00:00Z,2026-09-13T23:59:59.999Z,1,0,-3,Hatsune2,Hatsune Miku,179,tileGrid,Size_1_x_1,,0,,3,br,Backpack_JadeTowel_Drum,Miku's Beat Drums,backpack,icon,Icon Series,Hatsune Miku,,,2025-01-14T09:00:00Z
2026-09-11,v2:/738854990c9c4996900110cea340ef20b3c43a2cdf27fa2ad963c49a3ef9bfa8,"[VIRTUAL]1 x Miku's Beat Drums, 1 x Miku's Beat Drums, 1 x Miku's Beat Drums for 800 MtxCurrency",800,800,0,0.0,0,2026-09-10T00:00:00Z,2026-09-13T23:59:59.999Z,1,0,-3,Hatsune2,Hatsune Miku,179,tileGrid,Size_1_x_1,,0,,3,br,Pickaxe_JadeTowel_Drum,Miku's Beat Drums,pickaxe,icon,Icon Series,Hatsune Miku,,,2025-01-14T09:00:00Z
2026-09-11,v2:/738854990c9c4996900110cea340ef20b3c43a2cdf27fa2ad963c49a3ef9bfa8,"[VIRTUAL]1 x Miku's Beat Drums, 1 x Miku's Beat Drums, 1 x Miku's Beat Drums for 800 MtxCurrency",800,800,0,0.0,0,2026-09-10T00:00:00Z,2026-09-13T23:59:59.999Z,1,0,-3,Hatsune2,Hatsune Miku,179,tileGrid,Size_1_x_1,,0,,3,instrument,Sparks_Drum_JadeTowel,Miku's Beat Drums,drum,icon,Icon Series,,,,2025-01-14T09:00:00Z
2026-09-11,v2:/15107e0a23ac824a6073ae298c6b8f3475d37829b4221c2d96e6531c753c7049,[VIRTUAL]1 x Stressed Out for 500 MtxCurrency,500,500,0,0.0,0,2026-09-01T00:00:00Z,2026-09-30T23:59:59.999Z,1,0,-59,JT091126,Jam Tracks,180,expandableList,Size_1_x_1,,0,,1,track,sid_placeholder_40,Stressed Out,,,,,,,2024-05-14T14:56:14Z
2026-09-11,v2:/a590d061a8f22109710d0effb43f0e3c9ac036fb90c5925ff8d0b1776c024ed0,[VIRTUAL]1 x TBD (SID_Placeholder_496) for 500 MtxCurrency,500,500,0,0.0,0,2026-09-01T00:00:00Z,2026-09-30T23:59:59.999Z,1,0,-46,JT091126,Jam Tracks,180,expandableList,Size_1_x_1,,0,,1,track,sid_placeholder_496,Ain't It Fun,,,,,,,2025-03-18T15:58:31Z
2026-09-11,v2:/0b43a4cc8a39bea41e9f884a4b6ffaa04207bae693f7fc5dc1ffd41af382d4ad,[VIRTUAL]1 x TBD (SID_Placeholder_784) for 500 MtxCurrency,500,500,0,0.0,0,2026-09-01T00:00:00Z,2026-09-30T23:59:59.999Z,1,0,-31,JT091126,Jam Tracks,180,expandableList,Size_1_x_1,,0,,1,track,sid_placeholder_784,Into Oblivion,,,,,,,2026-04-21T14:08:43Z
2026-09-11,v2:/abed30f2437184cdcfbf3575048b58ba6e907a70afed008f6543e8fd576b60e2,[VIRTUAL]1 x TBD (SID_Placeholder_753) for 500 MtxCurrency,500,500,0,0.0,0,2026-09-11T00:00:00Z,2026-09-17T23:59:59.999Z,1,0,-2,JT091126,Jam Tracks,180,tileGrid,Size_1_x_1,,0,,1,track,sid_placeholder_753,So Far So Fake,,,,,,,2026-02-26T18:54:59Z
2026-09-11,v2:/81e6ab5bf874c63ece9a5fb962dfd5d71201a4c6698f6fcb34586a8ce5f64ba3,[VIRTUAL]1 x Kitana (MK3) for 1500 MtxCurrency,1500,1500,0,0.0,0,2026-09-06T00:00:00Z,2026-09-12T23:59:59.999Z,1,0,-3,MortalKombat1,Mortal Kombat,184,tileGrid,Size_1_x_1,,0,,1,br,Character_GarlicWhisk,Kitana (MK3),outfit,gaminglegends,Gaming Legends Series,Klassic Kombat,6,2,2025-03-27T15:08:18Z
2026-09-11,v2:/b1204fbf47e444561e11f1d56e5f6a9ee578d288217cb2fbee2bcd97411311fe,[VIRTUAL]1 x TBD (SID_Placeholder_742) for 500 MtxCurrency,500,500,0,0.0,0,2026-09-01T00:00:00Z,2026-09-30T23:59:59.999Z,1,0,-13,JT091126,Jam Tracks,180,expandableList,Size_1_x_1,,0,,1,track,sid_placeholder_742,Never Meant,,,,,,,2026-02-04T16:58:53Z
2026-09-11,v2:/f8ef61a25f19dcab3d71986e0cd0925250cc1e9437bb5b4007c7fe41c46aa438,[VIRTUAL]1 x TBD (SID_Placeholder_765) for 500 MtxCurrency,500,500,0,0.0,0,2026-09-01T00:00:00Z,2026-09-30T23:59:59.999Z,1,0,-26,JT091126,Jam Tracks,180,expandableList,Size_1_x_1,,0,,1,track,sid_placeholder_765,From the Start,,,,,,,2026-04-16T08:01:05Z
2026-09-11,v2:/a1c812fb596055cca78a9de44a6a09b30a45fe6a81f6f3a4279f1f17483670b0,[VIRTUAL]1 x Oxytocin for 500 MtxCurrency,500,500,0,0.0,0,2026-09-01T00:00:00Z,2026-09-30T23:59:59.999Z,1,0,-50,JT091126,Jam Tracks,180,expandableList,Size_1_x_1,,0,,1,track,sid_placeholder_174,Oxytocin,,,,,,,2024-04-23T08:25:19Z
2026-09-11,v2:/459971e599c8dbced59110aa2f291e346d4a9f3df62b48bd6d2f63b8627559f7,[VIRTUAL]1 x MILLION DOLLAR BABY for 500 MtxCurrency,500,500,0,0.0,0,2026-09-01T00:00:00Z,2026-09-30T23:59:59.999Z,1,0,-87,JT091126,Jam Tracks,180,expandableList,Size_1_x_1,,0,,1,track,sid_placeholder_417,MILLION DOLLAR BABY,,,,,,,2024-11-07T17:50:41Z
2026-09-11,v2:/7cdbcb37e7ed5d831062864d9e87de5a1b327fd19d93ae48c04dc4173af5450e,[VIRTUAL]1 x TBD (SID_Placeholder_708) for 500 MtxCurrency,500,500,0,0.0,0,2026-09-01T00:00:00Z,2026-09-30T23:59:59.999Z,1,0,-8,JT091126,Jam Tracks,180,expandableList,Size_1_x_1,,0,,1,track,sid_placeholder_708,Sky,,,,,,,2025-12-11T17:20:09Z
2026-09-11,v2:/70cbbae59e0f3bbcf981a83cf21cc4c9d6d58d1ca0769437e44d50dd19daa118,"[VIRTUAL]1 x Haze, 1 x Ridgeback for -1 MtxCurrency",1200,1200,0,0.0,0,2026-09-09T00:00:00Z,2026-09-13T23:59:59.999Z,1,0,-2,WrixelShop,Override,191,tileGrid,Size_1_x_1,,0,,2,br,CID_586_Athena_Commando_F_PunkDevil,Haze,outfit,rare,,Midnight Star,2,1,2019-11-20T12:51:16Z
2026-09-11,v2:/70cbbae59e0f3bbcf981a83cf21cc4c9d6d58d1ca0769437e44d50dd19daa118,"[VIRTUAL]1 x Haze, 1 x Ridgeback for -1 MtxCurrency",1200,1200,0,0.0,0,2026-09-09T00:00:00Z,2026-09-13T23:59:59.999Z,1,0,-2,WrixelShop,Override,191,tileGrid,Size_1_x_1,,0,,2,br,BID_387_PunkDevil,Ridgeback,backpack,rare,,Midnight Star,2,1,2019-11-20T12:51:14Z
2026-09-11,v2:/19aec5d7ad317e3f8abe1ebd23946a09536c6f88f4fca0d313d580a986b5b931,"[VIRTUAL]1 x Champion PJ, 1 x FNCS Tape Decker, 1 x Champion's Hexaglow, 1 x TBD (SID_Placeholder_543), 1 x FNCS Raider for -1 MtxCurrency",3000,1800,1200,0.4,1,2026-09-10T00:00:00Z,2026-09-13T23:59:59.999Z,1,0,-1,ChampPJFNCS,FNCS,193,tileGrid,Size_2_x_1,,1,FNCS C6S2 Bundle,5,br,Character_WaywardRebelFNCS,Champion PJ,outfit,rare,,FNCS,6,2,2025-04-08T08:41:18Z
2026-09-11,v2:/19aec5d7ad317e3f8abe1ebd23946a09536c6f88f4fca0d313d580a986b5b931,"[VIRTUAL]1 x Champion PJ, 1 x FNCS Tape Decker, 1 x Champion's Hexaglow, 1 x TBD (SID_Placeholder_543), 1 x FNCS Raider for -1 MtxCurrency",3000,1800,1200,0.4,1,2026-09-10T00:00:00Z,2026-09-13T23:59:59.999Z,1,0,-1,ChampPJFNCS,FNCS,193,tileGrid,Size_2_x_1,,1,FNCS C6S2 Bundle,5,br,Pickaxe_WayWardRebelFNCS,FNCS Tape Decker,pickaxe,rare,,FNCS,6,2,2025-04-08T08:41:18Z
2026-09-11,v2:/19aec5d7ad317e3f8abe1ebd23946a09536c6f88f4fca0d313d580a986b5b931,"[VIRTUAL]1 x Champion PJ, 1 x FNCS Tape Decker, 1 x Champion's Hexaglow, 1 x TBD (SID_Placeholder_543), 1 x FNCS Raider for -1 MtxCurrency",3000,1800,1200,0.4,1,2026-09-10T00:00:00Z,2026-09-13T23:59:59.999Z,1,0,-1,ChampPJFNCS,FNCS,193,tileGrid,Size_2_x_1,,1,FNCS C6S2 Bundle,5,br,Wrap_WaywardRebel,Champion's Hexaglow,wrap,uncommon,,FNCS,6,2,2025-04-08T08:41:18Z
2026-09-11,v2:/19aec5d7ad317e3f8abe1ebd23946a09536c6f88f4fca0d313d580a986b5b931,"[VIRTUAL]1 x Champion PJ, 1 x FNCS Tape Decker, 1 x Champion's Hexaglow, 1 x TBD (SID_Placeholder_543), 1 x FNCS Raider for -1 MtxCurrency",3000,1800,1200,0.4,1,2026-09-10T00:00:00Z,2026-09-13T23:59:59.999Z,1,0,-1,ChampPJFNCS,FNCS,193,tileGrid,Size_2_x_1,,1,FNCS C6S2 Bundle,5,br,Backpack_FNCS_S34,FNCS Raider,backpack,rare,,FNCS,6,2,2025-04-08T08:41:18Z
2026-09-11,v2:/19aec5d7ad317e3f8abe1ebd23946a09536c6f88f4fca0d313d580a986b5b931,"[VIRTUAL]1 x Champion PJ, 1 x FNCS Tape Decker, 1 x Champion's Hexaglow, 1 x TBD (SID_Placeholder_543), 1 x FNCS Raider for -1 MtxCurrency",3000,1800,1200,0.4,1,2026-09-10T00:00:00Z,2026-09-13T23:59:59.999Z,1,0,-1,ChampPJFNCS,FNCS,193,tileGrid,Size_2_x_1,,1,FNCS C6S2 Bundle,5,track,sid_placeholder_543,Show Em (What We Can Do),,,,,,,2025-04-13T23:03:46Z
2026-09-11,v2:/a5900c9d91e591bf5705bcf3cc4fa2490afa3bcf859fb73bb9ab1d28ab98ab35,[VIRTUAL]1 x Buster Cannon Blades for 800 MtxCurrency,800,800,0,0.0,0,2026-09-11T00:00:00Z,2026-09-20T23:59:59.999Z,1,0,-3,MegamanNew,Mega Man,198,tileGrid,Size_1_x_1,,0,,1,br,Pickaxe_DuneBriefShift,Buster Cannon Blades,pickaxe,gaminglegends,Gaming Legends Series,Mega Man,7,4,2026-09-07T20:23:20Z
2026-09-11,v2:/8f734d2367629e9be15cd81b1d37f3ca3ec0f58f88829d36a89a212b1fe17e3d,[VIRTUAL]1 x Hollaback Girl for 500 MtxCurrency,500,500,0,0.0,0,2026-09-01T00:00:00Z,2026-09-30T23:59:59.999Z,1,0,-18,JT091126,Jam Tracks,180,expandableList,Size_1_x_1,,0,,1,track,sid_placeholder_259,Hollaback Girl,,,,,,,2024-07-03T14:17:57Z
2026-09-11,v2:/b1e24dd8671308ecd9d68bbdb1fbe7bd2c2f7b8bfd4a98e2df2c706548757153,"[VIRTUAL]1 x Fractal Midas, 1 x Fractured SHADOW Pack for -1 MtxCurrency",1500,1500,0,0.0,0,2026-09-06T00:00:00Z,2026-09-12T23:59:59.999Z,1,0,-2,FND091126,Spotlight Drops,189,tileGrid,Size_1_x_1,,0,,2,br,Character_GlintRush,Fractal Midas,outfit,epic,,Fractal Heroes,7,4,2026-09-03T15:24:18Z
2026-09-11,v2:/b1e24dd8671308ecd9d68bbdb1fbe7bd2c2f7b8bfd4a98e2df2c706548757153,"[VIRTUAL]1 x Fractal Midas, 1 x Fractured SHADOW Pack for -1 MtxCurrency",1500,1500,0,0.0,0,2026-09-06T00:00:00Z,2026-09-12T23:59:59.999Z,1,0,-2,FND091126,Spotlight Drops,189,tileGrid,Size_1_x_1,,0,,2,br,Backpack_GlintRush,Fractured SHADOW Pack,backpack,rare,,Fractal Heroes,7,4,2026-09-03T15:24:18Z
2026-09-11,v2:/dcfa394045dfc57cff5d9b7806c7b960dd9d7a61dd3744f1fb832aeec5379988,[VIRTUAL]1 x TBD (SID_Placeholder_825) for 500 MtxCurrency,500,500,0,0.0,0,2026-09-11T00:00:00Z,2026-09-17T23:59:59.999Z,1,0,-4,JT091126,Jam Tracks,180,tileGrid,Size_1_x_1,,0,,1,track,sid_placeholder_825,Big Feeling,,,,,,,2026-07-07T14:30:51Z
2026-09-11,v2:/e81020e71d713622676c94b9856973a8be88d3e1e8e9db58220761e0f44894b4,[VIRTUAL]1 x Taste for 500 MtxCurrency,500,500,0,0.0,0,2026-09-08T00:00:00Z,2026-09-12T23:59:59.999Z,1,0,-4,SabrinaCarpenterSweet,Sabrina Carpenter,178,tileGrid,Size_1_x_1,,0,,1,br,EID_DimeBlanket,Taste,emote,icon,Icon Series,Sabrina Carpenter,6,2,2025-04-08T08:00:00Z
2026-09-11,v2:/4df36e354407375766aefd5f9e3cda8d61f5868375ad7523d766cddda76a7d65,"[VIRTUAL]1 x Sabrina's Mic, 1 x Sabrina's Mic, 1 x Sabrina's Mic for 800 MtxCurrency",800,800,0,0.0,0,2026-09-08T00:00:00Z,2026-09-12T23:59:59.999Z,1,0,-3,SabrinaCarpenterSweet,Sabrina Carpenter,178,tileGrid,Size_1_x_1,,0,,3,br,Backpack_DimeBlanket_Mic,Sabrina's Mic,backpack,icon,Icon Series,Sabrina Carpenter,,,2025-04-08T08:00:00Z
2026-09-11,v2:/4df36e354407375766aefd5f9e3cda8d61f5868375ad7523d766cddda76a7d65,"[VIRTUAL]1 x Sabrina's Mic, 1 x Sabrina's Mic, 1 x Sabrina's Mic for 800 MtxCurrency",800,800,0,0.0,0,2026-09-08T00:00:00Z,2026-09-12T23:59:59.999Z,1,0,-3,SabrinaCarpenterSweet,Sabrina Carpenter,178,tileGrid,Size_1_x_1,,0,,3,br,Pickaxe_DimeBlanket_Mic,Sabrina's Mic,pickaxe,icon,Icon Series,Sabrina Carpenter,,,2025-04-08T08:00:00Z
2026-09-11,v2:/4df36e354407375766aefd5f9e3cda8d61f5868375ad7523d766cddda76a7d65,"[VIRTUAL]1 x Sabrina's Mic, 1 x Sabrina's Mic, 1 x Sabrina's Mic for 800 MtxCurrency",800,800,0,0.0,0,2026-09-08T00:00:00Z,2026-09-12T23:59:59.999Z,1,0,-3,SabrinaCarpenterSweet,Sabrina Carpenter,178,tileGrid,Size_1_x_1,,0,,3,instrument,Sparks_Mic_DimeBlanket,Sabrina's Mic,mic,icon,Icon Series,,,,2025-04-08T08:00:00Z
2026-09-11,v2:/3e2840918dc6158a44010f8db1e4107f27a83218c0e9b567e8f9c7ca2fa32d1b,[VIRTUAL]1 x Castaway Jonesy for 800 MtxCurrency,800,800,0,0.0,0,2026-09-09T00:00:00Z,2026-09-13T23:59:59.999Z,1,0,-4,WrixelShop,Override,191,tileGrid,Size_1_x_1,,0,,1,br,CID_836_Athena_Commando_M_JonesyFlare,Castaway Jonesy,outfit,uncommon,,,2,3,2020-08-05T08:09:19Z
2026-09-11,v2:/bbc666abc76605ec4c0a051de9abed79fe9754e3015691ead251eaa2fd21d8c2,[VIRTUAL]1 x Skatemonster for 500 MtxCurrency,500,500,0,0.0,0,2026-09-05T00:00:00Z,2026-09-11T23:59:59.999Z,1,0,-2,Unvaulted,Unvaulted,185,tileGrid,Size_1_x_1,,0,,1,br,EID_DenimEquip,Skatemonster,emote,uncommon,,Mighty Questie,2,Remix,2024-11-02T17:09:31Z
2026-09-11,v2:/127eb23283061a72ef1e9c6b9d624aa6cde4a3111dc124b7146fd97fd71810cd,[VIRTUAL]1 x Take On Me for 500 MtxCurrency,500,500,0,0.0,0,2026-09-01T00:00:00Z,2026-09-30T23:59:59.999Z,1,0,-76,JT091126,Jam Tracks,180,expandableList,Size_1_x_1,,0,,1,track,sid_placeholder_445,Take On Me,,,,,,,2024-12-05T14:58:09Z
2026-09-11,v2:/52514ba3f3d5a4deaf763fe6ce31e1cd02a327dcfb605b993bf03202c788ed96,"[VIRTUAL]1 x Red Knight, 1 x Red Shield for -1 MtxCurrency",2000,2000,0,0.0,0,2026-09-08T00:00:00Z,2026-09-14T23:59:59.999Z,1,0,-4,NS090826,No Sweat,186,tileGrid,Size_1_x_1,,0,,2,br,CID_034_Athena_Commando_F_Medieval,Red Knight,outfit,legendary,,Fort Knights,1,1,2019-11-20T12:50:29Z
2026-09-11,v2:/52514ba3f3d5a4deaf763fe6ce31e1cd02a327dcfb605b993bf03202c788ed96,"[VIRTUAL]1 x Red Knight, 1 x Red Shield for -1 MtxCurrency",2000,2000,0,0.0,0,2026-09-08T00:00:00Z,2026-09-14T23:59:59.999Z,1,0,-4,NS090826,No Sweat,186,tileGrid,Size_1_x_1,,0,,2,br,BID_003_RedKnight,Red Shield,backpack,legendary,,Fort Knights,1,3,2019-11-20T12:50:41Z
2026-09-11,v2:/f947652ed95c3cdc456820c71f059fde48654efe1b9550ae89e1e594ff03be8c,"[VIRTUAL]1 x Autograph, Please! for 300 MtxCurrency",300,300,0,0.0,0,2026-09-11T00:00:00Z,2026-09-11T23:59:59.999Z,1,0,-3,BR091126,Full Flex,187,tileGrid,Size_1_x_1,,0,,1,br,EID_Trademark,"Autograph, Please!",emote,uncommon,,,4,3,2023-06-12T21:47:52Z
2026-09-11,v2:/31dda0c46c9b4ddfa34376ab677765597131c730a9bfe8734db471fec351d952,[VIRTUAL]1 x In Ha Mood for 500 MtxCurrency,500,500,0,0.0,0,2026-09-04T00:00:00Z,2026-09-11T23:59:59.999Z,1,0,-3,VV091126,Zero Chill,194,tileGrid,Size_1_x_1,,0,,1,br,EID_BerryTart,In Ha Mood,emote,icon,Icon Series,Ice Spice,2,Remix,2024-11-13T10:14:32Z
2026-09-11,v2:/499a1ed41b3e911598d485369fbefa4ed39d5c72b1f4496927e727af01cf4868,[VIRTUAL]1 x GOATed for 500 MtxCurrency,500,500,0,0.0,0,2026-09-10T00:00:00Z,2026-09-13T23:59:59.999Z,1,0,-2,BR091126,Full Flex,187,tileGrid,Size_1_x_1,,0,,1,br,EID_Spectacular,GOATed,emote,icon,Icon Series,,4,3,2023-07-18T00:00:00Z
2026-09-11,v2:/0befbc8358eaa89ba00e4940342784549fc06f7761ebaec8b2845d922de320c0,[VIRTUAL]1 x TBD (SID_Placeholder_543) for 500 MtxCurrency,500,500,0,0.0,0,2026-09-10T00:00:00Z,2026-09-13T23:59:59.999Z,1,0,-4,ChampPJFNCS,FNCS,193,tileGrid,Size_1_x_1,,0,,1,track,sid_placeholder_543,Show Em (What We Can Do),,,,,,,2025-04-13T23:03:46Z
2026-09-11,v2:/ba3bcfa4905c9ad11c9b98905134eb1bc28e3d309137d9e0bc68033a39fd117a,[VIRTUAL]1 x Go With the Flow for 500 MtxCurrency,500,500,0,0.0,0,2026-09-10T00:00:00Z,2026-09-13T23:59:59.999Z,1,0,-4,VV091126,Zero Chill,194,tileGrid,Size_1_x_1,,0,,1,br,EID_Destiny,Go With the Flow,emote,icon,Icon Series,,5,1,2024-02-08T00:00:00Z
2026-09-11,v2:/bb4ae9555c904515a71c07032eda0c4c54be5f1e7e5c48046f006945dbfbef52,[VIRTUAL]1 x TBD (SID_Placeholder_508) for 500 MtxCurrency,500,500,0,0.0,0,2026-09-01T00:00:00Z,2026-09-30T23:59:59.999Z,1,0,-82,JT091126,Jam Tracks,180,expandableList,Size_1_x_1,,0,,1,track,sid_placeholder_508,The Way I Are,,,,,,,2025-02-27T16:52:57Z
2026-09-11,v2:/b898036a58350b0c6070aa6685d046c5466e811213e2e51ecfe5964b34c4d795,"[VIRTUAL]1 x Ichigo Kurosaki (Bankai), 1 x BMW M4 GT3 EVO, 1 x Ichigo Kurosaki (Fully-Hollowfied), 1 x Rukia Kuchiki (Hakka no Togame), 1 x BMW Motorsport, 1 x Lightning, 1 x Flames, 1 x Stripes, 1 x Wings, 1 x BMW M4 GT3 EVO for -1 MtxCurrency",2800,2800,0,0.0,0,2026-09-11T00:00:00Z,2026-09-15T23:59:59.999Z,1,0,-1,BMWm4,BMW M4 GT3 EVO,176,tileGrid,Size_3_x_1,Decals in this bundle are restricted to the BMW M4 GT3 EVO car body.,1,BMW M4 GT3 EVO + BLEACH,10,car,CarSkin_ToppleBlightShield03,Ichigo Kurosaki (Bankai),skin,uncommon,,,,,2025-12-19T14:50:15Z
2026-09-11,v2:/b898036a58350b0c6070aa6685d046c5466e811213e2e51ecfe5964b34c4d795,"[VIRTUAL]1 x Ichigo Kurosaki (Bankai), 1 x BMW M4 GT3 EVO, 1 x Ichigo Kurosaki (Fully-Hollowfied), 1 x Rukia Kuchiki (Hakka no Togame), 1 x BMW Motorsport, 1 x Lightning, 1 x Flames, 1 x Stripes, 1 x Wings, 1 x BMW M4 GT3 EVO for -1 MtxCurrency",2800,2800,0,0.0,0,2026-09-11T00:00:00Z,2026-09-15T23:59:59.999Z,1,0,-1,BMWm4,BMW M4 GT3 EVO,176,tileGrid,Size_3_x_1,Decals in this bundle are restricted to the BMW M4 GT3 EVO car body.,1,BMW M4 GT3 EVO + BLEACH,10,car,CarBody_Topple,BMW M4 GT3 EVO,body,uncommon,BMW SERIES,,,,2025-12-19T14:50:15Z
2026-09-11,v2:/b898036a58350b0c6070aa6685d046c5466e811213e2e51ecfe5964b34c4d795,"[VIRTUAL]1 x Ichigo Kurosaki (Bankai), 1 x BMW M4 GT3 EVO, 1 x Ichigo Kurosaki (Fully-Hollowfied), 1 x Rukia Kuchiki (Hakka no Togame), 1 x BMW Motorsport, 1 x Lightning, 1 x Flames, 1 x Stripes, 1 x Wings, 1 x BMW M4 GT3 EVO for -1 MtxCurrency",2800,2800,0,0.0,0,2026-09-11T00:00:00Z,2026-09-15T23:59:59.999Z,1,0,-1,BMWm4,BMW M4 GT3 EVO,176,tileGrid,Size_3_x_1,Decals in this bundle are restricted to the BMW M4 GT3 EVO car body.,1,BMW M4 GT3 EVO + BLEACH,10,car,CarSkin_ToppleBlightShield01,Ichigo Kurosaki (Fully-Hollowfied),skin,uncommon,,,,,2025-12-19T14:50:15Z
2026-09-11,v2:/b898036a58350b0c6070aa6685d046c5466e811213e2e51ecfe5964b34c4d795,"[VIRTUAL]1 x Ichigo Kurosaki (Bankai), 1 x BMW M4 GT3 EVO, 1 x Ichigo Kurosaki (Fully-Hollowfied), 1 x Rukia Kuchiki (Hakka no Togame), 1 x BMW Motorsport, 1 x Lightning, 1 x Flames, 1 x Stripes, 1 x Wings, 1 x BMW M4 GT3 EVO for -1 MtxCurrency",2800,2800,0,0.0,0,2026-09-11T00:00:00Z,2026-09-15T23:59:59.999Z,1,0,-1,BMWm4,BMW M4 GT3 EVO,176,tileGrid,Size_3_x_1,Decals in this bundle are restricted to the BMW M4 GT3 EVO car body.,1,BMW M4 GT3 EVO + BLEACH,10,car,CarSkin_ToppleBlightShield02,Rukia Kuchiki (Hakka no Togame),skin,uncommon,,,,,2025-12-19T14:50:15Z
2026-09-11,v2:/b898036a58350b0c6070aa6685d046c5466e811213e2e51ecfe5964b34c4d795,"[VIRTUAL]1 x Ichigo Kurosaki (Bankai), 1 x BMW M4 GT3 EVO, 1 x Ichigo Kurosaki (Fully-Hollowfied), 1 x Rukia Kuchiki (Hakka no Togame), 1 x BMW Motorsport, 1 x Lightning, 1 x Flames, 1 x Stripes, 1 x Wings, 1 x BMW M4 GT3 EVO for -1 MtxCurrency",2800,2800,0,0.0,0,2026-09-11T00:00:00Z,2026-09-15T23:59:59.999Z,1,0,-1,BMWm4,BMW M4 GT3 EVO,176,tileGrid,Size_3_x_1,Decals in this bundle are restricted to the BMW M4 GT3 EVO car body.,1,BMW M4 GT3 EVO + BLEACH,10,car,CarSkin_ToppleLivery01,BMW Motorsport,skin,uncommon,BMW SERIES,,,,2025-12-19T14:50:15Z
2026-09-11,v2:/b898036a58350b0c6070aa6685d046c5466e811213e2e51ecfe5964b34c4d795,"[VIRTUAL]1 x Ichigo Kurosaki (Bankai), 1 x BMW M4 GT3 EVO, 1 x Ichigo Kurosaki (Fully-Hollowfied), 1 x Rukia Kuchiki (Hakka no Togame), 1 x BMW Motorsport, 1 x Lightning, 1 x Flames, 1 x Stripes, 1 x Wings, 1 x BMW M4 GT3 EVO for -1 MtxCurrency",2800,2800,0,0.0,0,2026-09-11T00:00:00Z,2026-09-15T23:59:59.999Z,1,0,-1,BMWm4,BMW M4 GT3 EVO,176,tileGrid,Size_3_x_1,Decals in this bundle are restricted to the BMW M4 GT3 EVO car body.,1,BMW M4 GT3 EVO + BLEACH,10,car,CarSkin_ToppleLightning,Lightning,skin,uncommon,BMW SERIES,,,,2025-12-19T14:50:15Z
2026-09-11,v2:/b898036a58350b0c6070aa6685d046c5466e811213e2e51ecfe5964b34c4d795,"[VIRTUAL]1 x Ichigo Kurosaki (Bankai), 1 x BMW M4 GT3 EVO, 1 x Ichigo Kurosaki (Fully-Hollowfied), 1 x Rukia Kuchiki (Hakka no Togame), 1 x BMW Motorsport, 1 x Lightning, 1 x Flames, 1 x Stripes, 1 x Wings, 1 x BMW M4 GT3 EVO for -1 MtxCurrency",2800,2800,0,0.0,0,2026-09-11T00:00:00Z,2026-09-15T23:59:59.999Z,1,0,-1,BMWm4,BMW M4 GT3 EVO,176,tileGrid,Size_3_x_1,Decals in this bundle are restricted to the BMW M4 GT3 EVO car body.,1,BMW M4 GT3 EVO + BLEACH,10,car,CarSkin_ToppleFlames,Flames,skin,uncommon,BMW SERIES,,,,2025-12-19T14:50:15Z
2026-09-11,v2:/b898036a58350b0c6070aa6685d046c5466e811213e2e51ecfe5964b34c4d795,"[VIRTUAL]1 x Ichigo Kurosaki (Bankai), 1 x BMW M4 GT3 EVO, 1 x Ichigo Kurosaki (Fully-Hollowfied), 1 x Rukia Kuchiki (Hakka no Togame), 1 x BMW Motorsport, 1 x Lightning, 1 x Flames, 1 x Stripes, 1 x Wings, 1 x BMW M4 GT3 EVO for -1 MtxCurrency",2800,2800,0,0.0,0,2026-09-11T00:00:00Z,2026-09-15T23:59:59.999Z,1,0,-1,BMWm4,BMW M4 GT3 EVO,176,tileGrid,Size_3_x_1,Decals in this bundle are restricted to the BMW M4 GT3 EVO car body.,1,BMW M4 GT3 EVO + BLEACH,10,car,CarSkin_ToppleStripes,Stripes,skin,uncommon,BMW SERIES,,,,2025-12-19T14:50:15Z
2026-09-11,v2:/b898036a58350b0c6070aa6685d046c5466e811213e2e51ecfe5964b34c4d795,"[VIRTUAL]1 x Ichigo Kurosaki (Bankai), 1 x BMW M4 GT3 EVO, 1 x Ichigo Kurosaki (Fully-Hollowfied), 1 x Rukia Kuchiki (Hakka no Togame), 1 x BMW Motorsport, 1 x Lightning, 1 x Flames, 1 x Stripes, 1 x Wings, 1 x BMW M4 GT3 EVO for -1 MtxCurrency",2800,2800,0,0.0,0,2026-09-11T00:00:00Z,2026-09-15T23:59:59.999Z,1,0,-1,BMWm4,BMW M4 GT3 EVO,176,tileGrid,Size_3_x_1,Decals in this bundle are restricted to the BMW M4 GT3 EVO car body.,1,BMW M4 GT3 EVO + BLEACH,10,car,CarSkin_ToppleWings,Wings,skin,uncommon,BMW SERIES,,,,2025-12-19T14:50:15Z
2026-09-11,v2:/b898036a58350b0c6070aa6685d046c5466e811213e2e51ecfe5964b34c4d795,"[VIRTUAL]1 x Ichigo Kurosaki (Bankai), 1 x BMW M4 GT3 EVO, 1 x Ichigo Kurosaki (Fully-Hollowfied), 1 x Rukia Kuchiki (Hakka no Togame), 1 x BMW Motorsport, 1 x Lightning, 1 x Flames, 1 x Stripes, 1 x Wings, 1 x BMW M4 GT3 EVO for -1 MtxCurrency",2800,2800,0,0.0,0,2026-09-11T00:00:00Z,2026-09-15T23:59:59.999Z,1,0,-1,BMWm4,BMW M4 GT3 EVO,176,tileGrid,Size_3_x_1,Decals in this bundle are restricted to the BMW M4 GT3 EVO car body.,1,BMW M4 GT3 EVO + BLEACH,10,car,Wheel_Topple01,BMW M4 GT3 EVO,wheel,uncommon,BMW SERIES,,,,2025-12-19T14:50:15Z
2026-09-11,v2:/5406dd496e477002a7d1535f1e771e187d64980d788e71b3aed3729a00f85af5,[VIRTUAL]1 x Stateside for 500 MtxCurrency,500,500,0,0.0,0,2026-09-10T00:00:00Z,2026-09-13T23:59:59.999Z,1,0,-2,VV091126,Zero Chill,194,tileGrid,Size_1_x_1,,0,,1,br,EID_GoldenGlory,Stateside,emote,icon,Icon Series,,7,2,2026-05-01T00:00:00Z
2026-09-11,v2:/e4bc2cc62b8c52ac4e22ba4130bae0ae6f6a506bd21657659f0c8951542ad587,[VIRTUAL]1 x Killing In The Name for 500 MtxCurrency,500,500,0,0.0,0,2026-09-01T00:00:00Z,2026-09-30T23:59:59.999Z,1,0,-94,JT091126,Jam Tracks,180,expandableList,Size_1_x_1,,0,,1,track,sid_placeholder_202,Killing In The Name,,,,,,,2024-04-30T14:34:03Z
2026-09-11,v2:/8a9bc634929cd71b9025404ab32717f1f637e7d3e68a73efd7b1dac8ee3da1d9,[VIRTUAL]1 x Broccoli for 500 MtxCurrency,500,500,0,0.0,0,2026-09-01T00:00:00Z,2026-09-30T23:59:59.999Z,1,0,-77,JT091126,Jam Tracks,180,expandableList,Size_1_x_1,,0,,1,track,sid_placeholder_284,Broccoli,,,,,,,2024-08-29T13:33:26Z
2026-09-11,v2:/2a5e9c93c20ba3b73984bee4c90c55da4b6f4e48052502a2583e318e645f3993,[VIRTUAL]1 x Dark Void for 300 MtxCurrency,300,300,0,0.0,0,2026-09-11T00:00:00Z,2026-09-13T23:59:59.999Z,1,0,-4,,,,,Size_1_x_1,,0,,1,br,BID_039_SpaceBlackFemale,Dark Void,backpack,legendary,,Space Explorers,1,3,2019-11-20T12:50:41Z
2026-09-11,v2:/bc57d80b3ee7ec352cd03ec028b10be13932530b8e00b32b50e5a56283cf8420,[VIRTUAL]1 x Everybody (Backstreet's Back) for 500 MtxCurrency,500,500,0,0.0,0,2026-09-01T00:00:00Z,2026-09-30T23:59:59.999Z,1,0,-90,JT091126,Jam Tracks,180,expandableList,Size_1_x_1,,0,,1,track,sid_placeholder_432,Everybody (Backstreet's Back),,,,,,,2024-11-27T14:32:37Z
2026-09-11,v2:/c145f9231c093e5238374b8d58c517a929179508211d8ebc838445d8d523ea14,[VIRTUAL]1 x TBD (SID_Placeholder_462) for 500 MtxCurrency,500,500,0,0.0,0,2026-09-10T00:00:00Z,2026-09-13T23:59:59.999Z,1,0,-4,Hatsune2,Hatsune Miku,179,tileGrid,Size_1_x_1,,0,,1,track,sid_placeholder_462,M@GICAL☆CURE! LOVE SHOT!,,,,,,,2025-01-14T09:32:50Z
2026-09-11,v2:/da611c07dfaed422fa44e0e5394f3be811101924616e3c99429d7672801054d9,[VIRTUAL]1 x TBD (SID_Placeholder_483) for 500 MtxCurrency,500,500,0,0.0,0,2026-09-10T00:00:00Z,2026-09-13T23:59:59.999Z,1,0,-2,Hatsune2,Hatsune Miku,179,tileGrid,Size_1_x_1,,0,,1,track,sid_placeholder_483,World Is Mine,,,,,,,2025-01-14T09:00:00Z
2026-09-11,v2:/9fe81306a322ae91d1786a021c3c2c3ffc0e13ef818ae13039169dab45cba406,[VIRTUAL]1 x TBD (SID_Placeholder_725) for 500 MtxCurrency,500,500,0,0.0,0,2026-09-11T00:00:00Z,2026-09-17T23:59:59.999Z,1,0,-3,JT091126,Jam Tracks,180,tileGrid,Size_1_x_1,,0,,1,track,sid_placeholder_725,No One Noticed,,,,,,,2025-12-12T00:04:51Z
2026-09-11,v2:/eb067abe5d21078d21b70c067abf4445650fda68ef93f504f9a59ce06f107aec,[VIRTUAL]1 x Just Dance for 500 MtxCurrency,500,500,0,0.0,0,2026-09-01T00:00:00Z,2026-09-30T23:59:59.999Z,1,0,-54,JT091126,Jam Tracks,180,expandableList,Size_1_x_1,,0,,1,track,sid_placeholder_80,Just Dance,,,,,,,2024-02-22T09:00:00Z
2026-09-11,v2:/c71ec83530f7e9b27a55f0b8d355480686d9707985eb40149cd554dd6e6d839f,"[VIRTUAL]1 x Hatsune's Mic-u, 1 x Hatsune's Mic-u, 1 x Hatsune's Mic-u for 800 MtxCurrency",800,800,0,0.0,0,2026-09-10T00:00:00Z,2026-09-13T23:59:59.999Z,1,0,-4,Hatsune2,Hatsune Miku,179,tileGrid,Size_1_x_1,,0,,3,br,Backpack_JadeTowel_Mic,Hatsune's Mic-u,backpack,icon,Icon Series,Hatsune Miku,,,2025-01-14T09:00:00Z
2026-09-11,v2:/c71ec83530f7e9b27a55f0b8d355480686d9707985eb40149cd554dd6e6d839f,"[VIRTUAL]1 x Hatsune's Mic-u, 1 x Hatsune's Mic-u, 1 x Hatsune's Mic-u for 800 MtxCurrency",800,800,0,0.0,0,2026-09-10T00:00:00Z,2026-09-13T23:59:59.999Z,1,0,-4,Hatsune2,Hatsune Miku,179,tileGrid,Size_1_x_1,,0,,3,br,Pickaxe_JadeTowel_Mic,Hatsune's Mic-u,pickaxe,icon,Icon Series,Hatsune Miku,,,2025-01-14T09:00:00Z
2026-09-11,v2:/c71ec83530f7e9b27a55f0b8d355480686d9707985eb40149cd554dd6e6d839f,"[VIRTUAL]1 x Hatsune's Mic-u, 1 x Hatsune's Mic-u, 1 x Hatsune's Mic-u for 800 MtxCurrency",800,800,0,0.0,0,2026-09-10T00:00:00Z,2026-09-13T23:59:59.999Z,1,0,-4,Hatsune2,Hatsune Miku,179,tileGrid,Size_1_x_1,,0,,3,instrument,Sparks_Mic_JadeTowel,Hatsune's Mic-u,mic,icon,Icon Series,,,,2025-01-14T09:00:00Z
2026-09-11,v2:/0bb51aaa38315090c1b965960cec1c7094c86ecfa3af92e87a95ae7c4b7b05a6,[VIRTUAL]1 x TBD (SID_Placeholder_481) for 500 MtxCurrency,500,500,0,0.0,0,2026-09-10T00:00:00Z,2026-09-13T23:59:59.999Z,1,0,-4,Hatsune2,Hatsune Miku,179,tileGrid,Size_1_x_1,,0,,1,track,sid_placeholder_481,Miku,,,,,,,2025-01-14T09:00:00Z
2026-09-11,v2:/add8fcaedfcf350cbf7f08c0f3c5b2a05adf4a8c6377362eeed9e68ea6e09f57,[VIRTUAL]1 x The Diary Of Jane for 500 MtxCurrency,500,500,0,0.0,0,2026-09-01T00:00:00Z,2026-09-30T23:59:59.999Z,1,0,-49,JT091126,Jam Tracks,180,expandableList,Size_1_x_1,,0,,1,track,sid_placeholder_451,The Diary Of Jane,,,,,,,2024-12-19T21:10:30Z
2026-09-11,v2:/59b1d5e607c1193ae15d1c11d559e9d2833555c902c81a038aac462ddeb4a4a3,[VIRTUAL]1 x Spyro the Dragon for 1500 MtxCurrency,1500,1500,0,0.0,0,2026-08-29T00:00:00Z,2026-09-11T23:59:59.999Z,1,0,-3,CrashSpyro1,Crash Bandicoot & Spyro the Dragon,190,tileGrid,Size_2_x_1,Complete Quests to Unlock 4 Styles!,0,,1,br,Companion_SandyInland,Spyro the Dragon,sidekick,gaminglegends,Gaming Legends Series,Spyro,7,4,2026-08-27T13:00:15Z
2026-09-11,v2:/a5770ce343164772ed968cfb732b354bce2c9f16a438d1a1cc58eda1f85d7347,[VIRTUAL]1 x Black Hole Sun for 500 MtxCurrency,500,500,0,0.0,0,2026-09-01T00:00:00Z,2026-09-30T23:59:59.999Z,1,0,-10,JT091126,Jam Tracks,180,expandableList,Size_1_x_1,,0,,1,track,sid_placeholder_100,Black Hole Sun,,,,,,,2024-02-22T10:58:10Z
2026-09-11,v2:/4b964f7fe8ae2a72a9b5b3854cffddb7dc40afa7f5f29b9e9af695e1d53e4c92,[VIRTUAL]1 x Red Shield for 300 MtxCurrency,300,300,0,0.0,0,2026-09-08T00:00:00Z,2026-09-14T23:59:59.999Z,1,0,-4,,,,,Size_1_x_1,,0,,1,br,BID_003_RedKnight,Red Shield,backpack,legendary,,Fort Knights,1,3,2019-11-20T12:50:41Z
2026-09-11,v2:/188bb66e118af688f2bb726c41eaef0c0e7c63d53c77be52084b2a75873da943,[VIRTUAL]1 x Cruise Caliber for 400 MtxCurrency,400,400,0,0.0,0,2026-09-09T00:00:00Z,2026-09-15T23:59:59.999Z,1,0,-1,,,,,Size_3_x_1,,0,,1,car,Wheel_Zuse,Cruise Caliber,wheel,uncommon,,,,,2025-02-21T12:16:05Z
2026-09-11,v2:/4f9c770bddeae172afdbe0917e2d5f30ded830be8a35273841b8e1653bd14d08,"[VIRTUAL]1 x Golden Nemesis, 1 x Golden Nemesis, 1 x Golden Nemesis for 800 MtxCurrency",800,800,0,0.0,0,2026-09-05T00:00:00Z,2026-09-11T23:59:59.999Z,1,0,-2,Unvaulted,Unvaulted,185,tileGrid,Size_1_x_1,,0,,3,br,Backpack_GoldCat_Bass,Golden Nemesis,backpack,rare,,Swole 'n Gold,,,2025-05-22T01:55:14Z
2026-09-11,v2:/4f9c770bddeae172afdbe0917e2d5f30ded830be8a35273841b8e1653bd14d08,"[VIRTUAL]1 x Golden Nemesis, 1 x Golden Nemesis, 1 x Golden Nemesis for 800 MtxCurrency",800,800,0,0.0,0,2026-09-05T00:00:00Z,2026-09-11T23:59:59.999Z,1,0,-2,Unvaulted,Unvaulted,185,tileGrid,Size_1_x_1,,0,,3,br,Pickaxe_GoldCat_Bass,Golden Nemesis,pickaxe,rare,,Swole 'n Gold,,,2025-05-22T01:55:14Z
2026-09-11,v2:/4f9c770bddeae172afdbe0917e2d5f30ded830be8a35273841b8e1653bd14d08,"[VIRTUAL]1 x Golden Nemesis, 1 x Golden Nemesis, 1 x Golden Nemesis for 800 MtxCurrency",800,800,0,0.0,0,2026-09-05T00:00:00Z,2026-09-11T23:59:59.999Z,1,0,-2,Unvaulted,Unvaulted,185,tileGrid,Size_1_x_1,,0,,3,instrument,Sparks_Bass_GoldCat,Golden Nemesis,bass,common,,,,,2024-11-02T17:08:05Z
2026-09-11,v2:/77cbc3a2ab734b023ae15c26cee58b8a7aee7d5db943602993943e4e6a6febd2,"[VIRTUAL]1 x Ruby, 1 x Red Alert for -1 MtxCurrency",1200,1200,0,0.0,0,2026-09-09T00:00:00Z,2026-09-13T23:59:59.999Z,1,0,-6,WrixelShop,Override,191,tileGrid,Size_1_x_1,,0,,2,br,CID_527_Athena_Commando_F_StreetFashionRed,Ruby,outfit,rare,,Street Stripes,1,X,2019-11-20T12:49:50Z
2026-09-11,v2:/77cbc3a2ab734b023ae15c26cee58b8a7aee7d5db943602993943e4e6a6febd2,"[VIRTUAL]1 x Ruby, 1 x Red Alert for -1 MtxCurrency",1200,1200,0,0.0,0,2026-09-09T00:00:00Z,2026-09-13T23:59:59.999Z,1,0,-6,WrixelShop,Override,191,tileGrid,Size_1_x_1,,0,,2,br,BID_354_StreetFashionRed,Red Alert,backpack,rare,,Street Stripes,1,X,2019-11-20T12:50:32Z
2026-09-11,v2:/3c6bbe1ec9b9d56050bb76d8b4b178a489846b3003772523c715aec57afd3791,[VIRTUAL]1 x Inflatable Hammer for 800 MtxCurrency,800,800,0,0.0,0,2026-09-09T00:00:00Z,2026-09-12T23:59:59.999Z,1,0,-3,REPO,R.E.P.O,192,tileGrid,Size_1_x_1,,0,,1,br,Pickaxe_ServeStreet,Inflatable Hammer,pickaxe,gaminglegends,Gaming Legends Series,R.E.P.O.,6,5,2025-10-09T18:35:35Z
2026-09-11,v2:/4acb63f6df5d8cf7ef9a1de9934936dc635ac63ef40b3e414702c9a9e2f99681,[VIRTUAL]1 x Fractured SHADOW Pack for 400 MtxCurrency,400,400,0,0.0,0,2026-09-06T00:00:00Z,2026-09-12T23:59:59.999Z,1,0,-3,FND091126,Spotlight Drops,189,tileGrid,Size_1_x_1,,0,,1,br,Backpack_GlintRush,Fractured SHADOW Pack,backpack,rare,,Fractal Heroes,7,4,2026-09-03T15:24:18Z
2026-09-11,v2:/36c8b394b58d03b5988a566d2706a68df090069919cf465667ee3a609b40285b,[VIRTUAL]1 x The Spins for 500 MtxCurrency,500,500,0,0.0,0,2026-09-01T00:00:00Z,2026-09-30T23:59:59.999Z,1,0,-73,JT091126,Jam Tracks,180,expandableList,Size_1_x_1,,0,,1,track,sid_placeholder_334,The Spins,,,,,,,2024-10-24T14:53:04Z
2026-09-11,v2:/e24f462d78aa3ec1d0d0d7d8b8168f10ec7e127a74f155f2bad832f66bd18c35,[VIRTUAL]1 x Starships for 500 MtxCurrency,500,500,0,0.0,0,2026-09-01T00:00:00Z,2026-09-30T23:59:59.999Z,1,0,-65,JT091126,Jam Tracks,180,expandableList,Size_1_x_1,,0,,1,track,sid_placeholder_53,Starships,,,,,,,2024-05-07T14:47:23Z
2026-09-11,v2:/71d7e7d1646c847e4c95b5c2211d93b52235527ac4ddb846acbdb53fc56545bc,[VIRTUAL]1 x Nike Dunk Low 'Panda' for 1000 MtxCurrency,1000,1000,0,0.0,0,2026-09-07T00:00:00Z,2026-09-13T23:59:59.999Z,1,0,-1,BR091126,Full Flex,187,tileGrid,Size_1_x_1,,0,,1,br,Shoes_LumenDrakePat,Nike Dunk Low 'Panda',shoe,uncommon,,NIKE Shoes,7,1,2026-01-10T00:00:00Z
2026-09-11,v2:/2082a4695aa0ef426592f000aebb716223860e517c9e22f7d9bc6439fac93d4f,"[VIRTUAL]1 x Scorpion (MK3), 1 x Kitana (MK3), 1 x Raiden (MK3), 1 x Raiden's Staff, 1 x Raiden's Amulet, 1 x Scorpion's Flaming Skull, 1 x Scorpion's Twin Katana, 1 x Kitana's Steel Fans, 1 x Kitana's Fan-Bearer, 1 x Kitana's Fan-Nado, 1 x FLAWLESS VICTORY, 1 x Toasty!, 1 x Test Your Might, 1 x Conducting Rod Brand, 1 x Raiden's Victory for -1 MtxCurrency",9100,3600,5500,0.6044,1,2026-09-06T00:00:00Z,2026-09-12T23:59:59.999Z,1,0,-1,MortalKombat1,Mortal Kombat,184,tileGrid,Size_3_x_1,,1,Klassic Kombat Bundle,15,br,Character_SoapPocket,Scorpion (MK3),outfit,gaminglegends,Gaming Legends Series,Klassic Kombat,6,2,2025-03-27T15:08:18Z
2026-09-11,v2:/2082a4695aa0ef426592f000aebb716223860e517c9e22f7d9bc6439fac93d4f,"[VIRTUAL]1 x Scorpion (MK3), 1 x Kitana (MK3), 1 x Raiden (MK3), 1 x Raiden's Staff, 1 x Raiden's Amulet, 1 x Scorpion's Flaming Skull, 1 x Scorpion's Twin Katana, 1 x Kitana's Steel Fans, 1 x Kitana's Fan-Bearer, 1 x Kitana's Fan-Nado, 1 x FLAWLESS VICTORY, 1 x Toasty!, 1 x Test Your Might, 1 x Conducting Rod Brand, 1 x Raiden's Victory for -1 MtxCurrency",9100,3600,5500,0.6044,1,2026-09-06T00:00:00Z,2026-09-12T23:59:59.999Z,1,0,-1,MortalKombat1,Mortal Kombat,184,tileGrid,Size_3_x_1,,1,Klassic Kombat Bundle,15,br,Character_GarlicWhisk,Kitana (MK3),outfit,gaminglegends,Gaming Legends Series,Klassic Kombat,6,2,2025-03-27T15:08:18Z
2026-09-11,v2:/2082a4695aa0ef426592f000aebb716223860e517c9e22f7d9bc6439fac93d4f,"[VIRTUAL]1 x Scorpion (MK3), 1 x Kitana (MK3), 1 x Raiden (MK3), 1 x Raiden's Staff, 1 x Raiden's Amulet, 1 x Scorpion's Flaming Skull, 1 x Scorpion's Twin Katana, 1 x Kitana's Steel Fans, 1 x Kitana's Fan-Bearer, 1 x Kitana's Fan-Nado, 1 x FLAWLESS VICTORY, 1 x Toasty!, 1 x Test Your Might, 1 x Conducting Rod Brand, 1 x Raiden's Victory for -1 MtxCurrency",9100,3600,5500,0.6044,1,2026-09-06T00:00:00Z,2026-09-12T23:59:59.999Z,1,0,-1,MortalKombat1,Mortal Kombat,184,tileGrid,Size_3_x_1,,1,Klassic Kombat Bundle,15,br,Character_TotalFlock,Raiden (MK3),outfit,gaminglegends,Gaming Legends Series,Klassic Kombat,6,2,2025-03-27T15:08:18Z
2026-09-11,v2:/2082a4695aa0ef426592f000aebb716223860e517c9e22f7d9bc6439fac93d4f,"[VIRTUAL]1 x Scorpion (MK3), 1 x Kitana (MK3), 1 x Raiden (MK3), 1 x Raiden's Staff, 1 x Raiden's Amulet, 1 x Scorpion's Flaming Skull, 1 x Scorpion's Twin Katana, 1 x Kitana's Steel Fans, 1 x Kitana's Fan-Bearer, 1 x Kitana's Fan-Nado, 1 x FLAWLESS VICTORY, 1 x Toasty!, 1 x Test Your Might, 1 x Conducting Rod Brand, 1 x Raiden's Victory for -1 MtxCurrency",9100,3600,5500,0.6044,1,2026-09-06T00:00:00Z,2026-09-12T23:59:59.999Z,1,0,-1,MortalKombat1,Mortal Kombat,184,tileGrid,Size_3_x_1,,1,Klassic Kombat Bundle,15,br,Pickaxe_TotalFlock,Raiden's Staff,pickaxe,gaminglegends,Gaming Legends Series,Klassic Kombat,6,2,2025-03-27T15:08:18Z
2026-09-11,v2:/2082a4695aa0ef426592f000aebb716223860e517c9e22f7d9bc6439fac93d4f,"[VIRTUAL]1 x Scorpion (MK3), 1 x Kitana (MK3), 1 x Raiden (MK3), 1 x Raiden's Staff, 1 x Raiden's Amulet, 1 x Scorpion's Flaming Skull, 1 x Scorpion's Twin Katana, 1 x Kitana's Steel Fans, 1 x Kitana's Fan-Bearer, 1 x Kitana's Fan-Nado, 1 x FLAWLESS VICTORY, 1 x Toasty!, 1 x Test Your Might, 1 x Conducting Rod Brand, 1 x Raiden's Victory for -1 MtxCurrency",9100,3600,5500,0.6044,1,2026-09-06T00:00:00Z,2026-09-12T23:59:59.999Z,1,0,-1,MortalKombat1,Mortal Kombat,184,tileGrid,Size_3_x_1,,1,Klassic Kombat Bundle,15,br,Backpack_TotalFlock,Raiden's Amulet,backpack,gaminglegends,Gaming Legends Series,Klassic Kombat,6,2,2025-03-27T15:08:18Z
2026-09-11,v2:/2082a4695aa0ef426592f000aebb716223860e517c9e22f7d9bc6439fac93d4f,"[VIRTUAL]1 x Scorpion (MK3), 1 x Kitana (MK3), 1 x Raiden (MK3), 1 x Raiden's Staff, 1 x Raiden's Amulet, 1 x Scorpion's Flaming Skull, 1 x Scorpion's Twin Katana, 1 x Kitana's Steel Fans, 1 x Kitana's Fan-Bearer, 1 x Kitana's Fan-Nado, 1 x FLAWLESS VICTORY, 1 x Toasty!, 1 x Test Your Might, 1 x Conducting Rod Brand, 1 x Raiden's Victory for -1 MtxCurrency",9100,3600,5500,0.6044,1,2026-09-06T00:00:00Z,2026-09-12T23:59:59.999Z,1,0,-1,MortalKombat1,Mortal Kombat,184,tileGrid,Size_3_x_1,,1,Klassic Kombat Bundle,15,br,Backpack_SoapPocket,Scorpion's Flaming Skull,backpack,gaminglegends,Gaming Legends Series,Klassic Kombat,6,2,2025-03-27T15:08:18Z
2026-09-11,v2:/2082a4695aa0ef426592f000aebb716223860e517c9e22f7d9bc6439fac93d4f,"[VIRTUAL]1 x Scorpion (MK3), 1 x Kitana (MK3), 1 x Raiden (MK3), 1 x Raiden's Staff, 1 x Raiden's Amulet, 1 x Scorpion's Flaming Skull, 1 x Scorpion's Twin Katana, 1 x Kitana's Steel Fans, 1 x Kitana's Fan-Bearer, 1 x Kitana's Fan-Nado, 1 x FLAWLESS VICTORY, 1 x Toasty!, 1 x Test Your Might, 1 x Conducting Rod Brand, 1 x Raiden's Victory for -1 MtxCurrency",9100,3600,5500,0.6044,1,2026-09-06T00:00:00Z,2026-09-12T23:59:59.999Z,1,0,-1,MortalKombat1,Mortal Kombat,184,tileGrid,Size_3_x_1,,1,Klassic Kombat Bundle,15,br,Pickaxe_SoapPocket,Scorpion's Twin Katana,pickaxe,gaminglegends,Gaming Legends Series,Klassic Kombat,6,2,2025-03-27T15:08:18Z
2026-09-11,v2:/2082a4695aa0ef426592f000aebb716223860e517c9e22f7d9bc6439fac93d4f,"[VIRTUAL]1 x Scorpion (MK3), 1 x Kitana (MK3), 1 x Raiden (MK3), 1 x Raiden's Staff, 1 x Raiden's Amulet, 1 x Scorpion's Flaming Skull, 1 x Scorpion's Twin Katana, 1 x Kitana's Steel Fans, 1 x Kitana's Fan-Bearer, 1 x Kitana's Fan-Nado, 1 x FLAWLESS VICTORY, 1 x Toasty!, 1 x Test Your Might, 1 x Conducting Rod Brand, 1 x Raiden's Victory for -1 MtxCurrency",9100,3600,5500,0.6044,1,2026-09-06T00:00:00Z,2026-09-12T23:59:59.999Z,1,0,-1,MortalKombat1,Mortal Kombat,184,tileGrid,Size_3_x_1,,1,Klassic Kombat Bundle,15,br,Pickaxe_GarlicWhisk,Kitana's Steel Fans,pickaxe,gaminglegends,Gaming Legends Series,Klassic Kombat,6,2,2025-03-27T15:08:18Z
2026-09-11,v2:/2082a4695aa0ef426592f000aebb716223860e517c9e22f7d9bc6439fac93d4f,"[VIRTUAL]1 x Scorpion (MK3), 1 x Kitana (MK3), 1 x Raiden (MK3), 1 x Raiden's Staff, 1 x Raiden's Amulet, 1 x Scorpion's Flaming Skull, 1 x Scorpion's Twin Katana, 1 x Kitana's Steel Fans, 1 x Kitana's Fan-Bearer, 1 x Kitana's Fan-Nado, 1 x FLAWLESS VICTORY, 1 x Toasty!, 1 x Test Your Might, 1 x Conducting Rod Brand, 1 x Raiden's Victory for -1 MtxCurrency",9100,3600,5500,0.6044,1,2026-09-06T00:00:00Z,2026-09-12T23:59:59.999Z,1,0,-1,MortalKombat1,Mortal Kombat,184,tileGrid,Size_3_x_1,,1,Klassic Kombat Bundle,15,br,Backpack_GarlicWhisk,Kitana's Fan-Bearer,backpack,gaminglegends,Gaming Legends Series,Klassic Kombat,6,2,2025-03-27T15:08:18Z
2026-09-11,v2:/2082a4695aa0ef426592f000aebb716223860e517c9e22f7d9bc6439fac93d4f,"[VIRTUAL]1 x Scorpion (MK3), 1 x Kitana (MK3), 1 x Raiden (MK3), 1 x Raiden's Staff, 1 x Raiden's Amulet, 1 x Scorpion's Flaming Skull, 1 x Scorpion's Twin Katana, 1 x Kitana's Steel Fans, 1 x Kitana's Fan-Bearer, 1 x Kitana's Fan-Nado, 1 x FLAWLESS VICTORY, 1 x Toasty!, 1 x Test Your Might, 1 x Conducting Rod Brand, 1 x Raiden's Victory for -1 MtxCurrency",9100,3600,5500,0.6044,1,2026-09-06T00:00:00Z,2026-09-12T23:59:59.999Z,1,0,-1,MortalKombat1,Mortal Kombat,184,tileGrid,Size_3_x_1,,1,Klassic Kombat Bundle,15,br,EID_GarlicWhisk,Kitana's Fan-Nado,emote,gaminglegends,Gaming Legends Series,Klassic Kombat,6,2,2025-03-27T15:08:18Z
2026-09-11,v2:/2082a4695aa0ef426592f000aebb716223860e517c9e22f7d9bc6439fac93d4f,"[VIRTUAL]1 x Scorpion (MK3), 1 x Kitana (MK3), 1 x Raiden (MK3), 1 x Raiden's Staff, 1 x Raiden's Amulet, 1 x Scorpion's Flaming Skull, 1 x Scorpion's Twin Katana, 1 x Kitana's Steel Fans, 1 x Kitana's Fan-Bearer, 1 x Kitana's Fan-Nado, 1 x FLAWLESS VICTORY, 1 x Toasty!, 1 x Test Your Might, 1 x Conducting Rod Brand, 1 x Raiden's Victory for -1 MtxCurrency",9100,3600,5500,0.6044,1,2026-09-06T00:00:00Z,2026-09-12T23:59:59.999Z,1,0,-1,MortalKombat1,Mortal Kombat,184,tileGrid,Size_3_x_1,,1,Klassic Kombat Bundle,15,br,EID_GarlicWhisk_Clobber,FLAWLESS VICTORY,emote,gaminglegends,Gaming Legends Series,Klassic Kombat,6,2,2025-03-27T15:08:18Z
2026-09-11,v2:/2082a4695aa0ef426592f000aebb716223860e517c9e22f7d9bc6439fac93d4f,"[VIRTUAL]1 x Scorpion (MK3), 1 x Kitana (MK3), 1 x Raiden (MK3), 1 x Raiden's Staff, 1 x Raiden's Amulet, 1 x Scorpion's Flaming Skull, 1 x Scorpion's Twin Katana, 1 x Kitana's Steel Fans, 1 x Kitana's Fan-Bearer, 1 x Kitana's Fan-Nado, 1 x FLAWLESS VICTORY, 1 x Toasty!, 1 x Test Your Might, 1 x Conducting Rod Brand, 1 x Raiden's Victory for -1 MtxCurrency",9100,3600,5500,0.6044,1,2026-09-06T00:00:00Z,2026-09-12T23:59:59.999Z,1,0,-1,MortalKombat1,Mortal Kombat,184,tileGrid,Size_3_x_1,,1,Klassic Kombat Bundle,15,br,EID_SoapPocket,Toasty!,emote,gaminglegends,Gaming Legends Series,Klassic Kombat,6,2,2025-03-27T15:08:18Z
2026-09-11,v2:/2082a4695aa0ef426592f000aebb716223860e517c9e22f7d9bc6439fac93d4f,"[VIRTUAL]1 x Scorpion (MK3), 1 x Kitana (MK3), 1 x Raiden (MK3), 1 x Raiden's Staff, 1 x Raiden's Amulet, 1 x Scorpion's Flaming Skull, 1 x Scorpion's Twin Katana, 1 x Kitana's Steel Fans, 1 x Kitana's Fan-Bearer, 1 x Kitana's Fan-Nado, 1 x FLAWLESS VICTORY, 1 x Toasty!, 1 x Test Your Might, 1 x Conducting Rod Brand, 1 x Raiden's Victory for -1 MtxCurrency",9100,3600,5500,0.6044,1,2026-09-06T00:00:00Z,2026-09-12T23:59:59.999Z,1,0,-1,MortalKombat1,Mortal Kombat,184,tileGrid,Size_3_x_1,,1,Klassic Kombat Bundle,15,br,EID_SoapPocket_Punch,Test Your Might,emote,gaminglegends,Gaming Legends Series,Klassic Kombat,6,2,2025-03-27T15:08:18Z
2026-09-11,v2:/2082a4695aa0ef426592f000aebb716223860e517c9e22f7d9bc6439fac93d4f,"[VIRTUAL]1 x Scorpion (MK3), 1 x Kitana (MK3), 1 x Raiden (MK3), 1 x Raiden's Staff, 1 x Raiden's Amulet, 1 x Scorpion's Flaming Skull, 1 x Scorpion's Twin Katana, 1 x Kitana's Steel Fans, 1 x Kitana's Fan-Bearer, 1 x Kitana's Fan-Nado, 1 x FLAWLESS VICTORY, 1 x Toasty!, 1 x Test Your Might, 1 x Conducting Rod Brand, 1 x Raiden's Victory for -1 MtxCurrency",9100,3600,5500,0.6044,1,2026-09-06T00:00:00Z,2026-09-12T23:59:59.999Z,1,0,-1,MortalKombat1,Mortal Kombat,184,tileGrid,Size_3_x_1,,1,Klassic Kombat Bundle,15,br,EID_TotalFlock,Conducting Rod Brand,emote,gaminglegends,Gaming Legends Series,Klassic Kombat,6,2,2025-03-27T15:08:18Z
2026-09-11,v2:/2082a4695aa0ef426592f000aebb716223860e517c9e22f7d9bc6439fac93d4f,"[VIRTUAL]1 x Scorpion (MK3), 1 x Kitana (MK3), 1 x Raiden (MK3), 1 x Raiden's Staff, 1 x Raiden's Amulet, 1 x Scorpion's Flaming Skull, 1 x Scorpion's Twin Katana, 1 x Kitana's Steel Fans, 1 x Kitana's Fan-Bearer, 1 x Kitana's Fan-Nado, 1 x FLAWLESS VICTORY, 1 x Toasty!, 1 x Test Your Might, 1 x Conducting Rod Brand, 1 x Raiden's Victory for -1 MtxCurrency",9100,3600,5500,0.6044,1,2026-09-06T00:00:00Z,2026-09-12T23:59:59.999Z,1,0,-1,MortalKombat1,Mortal Kombat,184,tileGrid,Size_3_x_1,,1,Klassic Kombat Bundle,15,br,EID_TotalFlock_Slash,Raiden's Victory,emote,gaminglegends,Gaming Legends Series,Klassic Kombat,6,2,2025-03-27T15:08:18Z
2026-09-11,v2:/6e91138e44ee293bec2754992ba2f6dff5cdfe5a1683426396cde2a8bdf3536e,"[VIRTUAL]1 x Wendell, 1 x Nut Hutch for -1 MtxCurrency",1200,1200,0,0.0,0,2026-09-06T00:00:00Z,2026-09-12T23:59:59.999Z,1,0,-3,FND091126,Spotlight Drops,189,tileGrid,Size_1_x_1,Includes built-in emote!,0,,2,br,Character_SirWolf,Wendell,outfit,rare,,Wendell & Walnut,4,2,2023-04-11T10:06:45Z
2026-09-11,v2:/6e91138e44ee293bec2754992ba2f6dff5cdfe5a1683426396cde2a8bdf3536e,"[VIRTUAL]1 x Wendell, 1 x Nut Hutch for -1 MtxCurrency",1200,1200,0,0.0,0,2026-09-06T00:00:00Z,2026-09-12T23:59:59.999Z,1,0,-3,FND091126,Spotlight Drops,189,tileGrid,Size_1_x_1,Includes built-in emote!,0,,2,br,Backpack_SirWolf,Nut Hutch,backpack,rare,,Wendell & Walnut,4,2,2023-04-11T10:06:45Z
2026-09-11,v2:/776e690ef52d46a5f30e3b68b769bd17e093ba00ac22757e1ec87066887fdfe3,"[VIRTUAL]1 x Hajime, 1 x Hajime's Kasa for -1 MtxCurrency",1500,1500,0,0.0,0,2026-09-11T00:00:00Z,2026-09-12T23:59:59.999Z,1,0,-2,BR091126,Full Flex,187,tileGrid,Size_1_x_1,,0,,2,br,Character_HealedScar,Hajime,outfit,epic,,Tough Tanuki,6,1,2025-01-14T09:36:24Z
2026-09-11,v2:/776e690ef52d46a5f30e3b68b769bd17e093ba00ac22757e1ec87066887fdfe3,"[VIRTUAL]1 x Hajime, 1 x Hajime's Kasa for -1 MtxCurrency",1500,1500,0,0.0,0,2026-09-11T00:00:00Z,2026-09-12T23:59:59.999Z,1,0,-2,BR091126,Full Flex,187,tileGrid,Size_1_x_1,,0,,2,br,Backpack_HealedScar,Hajime's Kasa,backpack,rare,,Tough Tanuki,6,1,2025-01-14T09:36:24Z
2026-09-11,v2:/aed6d706756c669a6c3d033b3268c74bfec935af8b0bec5ae06f81464a645359,[VIRTUAL]1 x In The End for 500 MtxCurrency,500,500,0,0.0,0,2026-09-01T00:00:00Z,2026-09-30T23:59:59.999Z,1,0,-11,JT091126,Jam Tracks,180,expandableList,Size_1_x_1,,0,,1,track,sid_placeholder_298,In The End,,,,,,,2024-08-29T13:33:26Z
2026-09-11,v2:/5f0db4879813ab90e949e3f794be5d9bedc1a2bf4a2ad0adb10e6b5cd5a0732e,[VIRTUAL]1 x Rap Monster for 500 MtxCurrency,500,500,0,0.0,0,2026-09-10T00:00:00Z,2026-09-13T23:59:59.999Z,1,0,-1,VV091126,Zero Chill,194,tileGrid,Size_1_x_1,,0,,1,br,EID_ClayPlug,Rap Monster,emote,icon,Icon Series,Eminem,2,Remix,2024-11-13T10:14:32Z
2026-09-11,v2:/de61d9551ede9237a450dc9f8d9a352bf7f370a32d1cb7266f9ee27185160ab4,[VIRTUAL]1 x Kitsune for 1200 MtxCurrency,1200,1200,0,0.0,0,2026-09-08T00:00:00Z,2026-09-13T23:59:59.999Z,1,0,-1,BR091126,Full Flex,187,tileGrid,Size_1_x_1,This Sidekick includes quests that unlock new items upon completion!,0,,1,br,Companion_MuzzleSwish,Kitsune,sidekick,uncommon,,Fox Clan,7,1,2025-12-18T10:38:26Z
2026-09-11,v2:/b6a7859727df75bc02bb9509e911cc1de7ab66743a5977e8b5f4f1b329c1f448,[VIRTUAL]1 x Buddy Holly for 500 MtxCurrency,500,500,0,0.0,0,2026-09-01T00:00:00Z,2026-09-30T23:59:59.999Z,1,0,-17,JT091126,Jam Tracks,180,expandableList,Size_1_x_1,,0,,1,track,sid_placeholder_25,Buddy Holly,,,,,,,2023-12-14T00:00:00Z
2026-09-11,v2:/eabe9f29f6fdf3541f67b49b803d06fb3b3bf86dcf24dcdbc5f47223efb22de4,"[VIRTUAL]1 x Meowdas, 1 x Feline Dagger, 1 x The Gilded Filet, 1 x Skelleshark, 1 x Purr-demonium, 1 x Golden Nemesis, 1 x Golden Nemesis, 1 x Golden Nemesis, 1 x Golden Grin, 1 x SHADOW Meowdas, 1 x Meowdas for -1 MtxCurrency",5600,2400,3200,0.5714,1,2026-09-05T00:00:00Z,2026-09-11T23:59:59.999Z,1,0,-3,Unvaulted,Unvaulted,185,tileGrid,Size_2_x_1,,1,Meowdas Bundle,11,br,Character_GoldCat_Claw,Meowdas,outfit,epic,,Swole 'n Gold,2,Remix,2024-11-02T17:09:31Z
2026-09-11,v2:/eabe9f29f6fdf3541f67b49b803d06fb3b3bf86dcf24dcdbc5f47223efb22de4,"[VIRTUAL]1 x Meowdas, 1 x Feline Dagger, 1 x The Gilded Filet, 1 x Skelleshark, 1 x Purr-demonium, 1 x Golden Nemesis, 1 x Golden Nemesis, 1 x Golden Nemesis, 1 x Golden Grin, 1 x SHADOW Meowdas, 1 x Meowdas for -1 MtxCurrency",5600,2400,3200,0.5714,1,2026-09-05T00:00:00Z,2026-09-11T23:59:59.999Z,1,0,-3,Unvaulted,Unvaulted,185,tileGrid,Size_2_x_1,,1,Meowdas Bundle,11,br,Backpack_GoldCat,Feline Dagger,backpack,rare,,Swole 'n Gold,2,Remix,2024-11-02T17:09:31Z
2026-09-11,v2:/eabe9f29f6fdf3541f67b49b803d06fb3b3bf86dcf24dcdbc5f47223efb22de4,"[VIRTUAL]1 x Meowdas, 1 x Feline Dagger, 1 x The Gilded Filet, 1 x Skelleshark, 1 x Purr-demonium, 1 x Golden Nemesis, 1 x Golden Nemesis, 1 x Golden Nemesis, 1 x Golden Grin, 1 x SHADOW Meowdas, 1 x Meowdas for -1 MtxCurrency",5600,2400,3200,0.5714,1,2026-09-05T00:00:00Z,2026-09-11T23:59:59.999Z,1,0,-3,Unvaulted,Unvaulted,185,tileGrid,Size_2_x_1,,1,Meowdas Bundle,11,br,Pickaxe_GoldCat,The Gilded Filet,pickaxe,rare,,Swole 'n Gold,2,Remix,2024-11-02T17:09:31Z
2026-09-11,v2:/eabe9f29f6fdf3541f67b49b803d06fb3b3bf86dcf24dcdbc5f47223efb22de4,"[VIRTUAL]1 x Meowdas, 1 x Feline Dagger, 1 x The Gilded Filet, 1 x Skelleshark, 1 x Purr-demonium, 1 x Golden Nemesis, 1 x Golden Nemesis, 1 x Golden Nemesis, 1 x Golden Grin, 1 x SHADOW Meowdas, 1 x Meowdas for -1 MtxCurrency",5600,2400,3200,0.5714,1,2026-09-05T00:00:00Z,2026-09-11T23:59:59.999Z,1,0,-3,Unvaulted,Unvaulted,185,tileGrid,Size_2_x_1,,1,Meowdas Bundle,11,br,Glider_GoldCat,Skelleshark,glider,epic,,Swole 'n Gold,2,Remix,2024-11-02T17:09:31Z
2026-09-11,v2:/eabe9f29f6fdf3541f67b49b803d06fb3b3bf86dcf24dcdbc5f47223efb22de4,"[VIRTUAL]1 x Meowdas, 1 x Feline Dagger, 1 x The Gilded Filet, 1 x Skelleshark, 1 x Purr-demonium, 1 x Golden Nemesis, 1 x Golden Nemesis, 1 x Golden Nemesis, 1 x Golden Grin, 1 x SHADOW Meowdas, 1 x Meowdas for -1 MtxCurrency",5600,2400,3200,0.5714,1,2026-09-05T00:00:00Z,2026-09-11T23:59:59.999Z,1,0,-3,Unvaulted,Unvaulted,185,tileGrid,Size_2_x_1,,1,Meowdas Bundle,11,br,EID_GoldCat,Purr-demonium,emote,uncommon,,Swole 'n Gold,2,Remix,2024-11-02T17:09:31Z
2026-09-11,v2:/eabe9f29f6fdf3541f67b49b803d06fb3b3bf86dcf24dcdbc5f47223efb22de4,"[VIRTUAL]1 x Meowdas, 1 x Feline Dagger, 1 x The Gilded Filet, 1 x Skelleshark, 1 x Purr-demonium, 1 x Golden Nemesis, 1 x Golden Nemesis, 1 x Golden Nemesis, 1 x Golden Grin, 1 x SHADOW Meowdas, 1 x Meowdas for -1 MtxCurrency",5600,2400,3200,0.5714,1,2026-09-05T00:00:00Z,2026-09-11T23:59:59.999Z,1,0,-3,Unvaulted,Unvaulted,185,tileGrid,Size_2_x_1,,1,Meowdas Bundle,11,br,Backpack_GoldCat_Bass,Golden Nemesis,backpack,rare,,Swole 'n Gold,,,2025-05-22T01:55:14Z
2026-09-11,v2:/eabe9f29f6fdf3541f67b49b803d06fb3b3bf86dcf24dcdbc5f47223efb22de4,"[VIRTUAL]1 x Meowdas, 1 x Feline Dagger, 1 x The Gilded Filet, 1 x Skelleshark, 1 x Purr-demonium, 1 x Golden Nemesis, 1 x Golden Nemesis, 1 x Golden Nemesis, 1 x Golden Grin, 1 x SHADOW Meowdas, 1 x Meowdas for -1 MtxCurrency",5600,2400,3200,0.5714,1,2026-09-05T00:00:00Z,2026-09-11T23:59:59.999Z,1,0,-3,Unvaulted,Unvaulted,185,tileGrid,Size_2_x_1,,1,Meowdas Bundle,11,br,Pickaxe_GoldCat_Bass,Golden Nemesis,pickaxe,rare,,Swole 'n Gold,,,2025-05-22T01:55:14Z
2026-09-11,v2:/eabe9f29f6fdf3541f67b49b803d06fb3b3bf86dcf24dcdbc5f47223efb22de4,"[VIRTUAL]1 x Meowdas, 1 x Feline Dagger, 1 x The Gilded Filet, 1 x Skelleshark, 1 x Purr-demonium, 1 x Golden Nemesis, 1 x Golden Nemesis, 1 x Golden Nemesis, 1 x Golden Grin, 1 x SHADOW Meowdas, 1 x Meowdas for -1 MtxCurrency",5600,2400,3200,0.5714,1,2026-09-05T00:00:00Z,2026-09-11T23:59:59.999Z,1,0,-3,Unvaulted,Unvaulted,185,tileGrid,Size_2_x_1,,1,Meowdas Bundle,11,br,Wrap_GoldCat,Golden Grin,wrap,rare,,Swole 'n Gold,2,Remix,2024-11-02T17:09:31Z
2026-09-11,v2:/eabe9f29f6fdf3541f67b49b803d06fb3b3bf86dcf24dcdbc5f47223efb22de4,"[VIRTUAL]1 x Meowdas, 1 x Feline Dagger, 1 x The Gilded Filet, 1 x Skelleshark, 1 x Purr-demonium, 1 x Golden Nemesis, 1 x Golden Nemesis, 1 x Golden Nemesis, 1 x Golden Grin, 1 x SHADOW Meowdas, 1 x Meowdas for -1 MtxCurrency",5600,2400,3200,0.5714,1,2026-09-05T00:00:00Z,2026-09-11T23:59:59.999Z,1,0,-3,Unvaulted,Unvaulted,185,tileGrid,Size_2_x_1,,1,Meowdas Bundle,11,br,LoadingScreen_GoldCat_ClawTux,SHADOW Meowdas,loadingscreen,uncommon,,Swole 'n Gold,2,Remix,2024-11-02T17:09:31Z
2026-09-11,v2:/eabe9f29f6fdf3541f67b49b803d06fb3b3bf86dcf24dcdbc5f47223efb22de4,"[VIRTUAL]1 x Meowdas, 1 x Feline Dagger, 1 x The Gilded Filet, 1 x Skelleshark, 1 x Purr-demonium, 1 x Golden Nemesis, 1 x Golden Nemesis, 1 x Golden Nemesis, 1 x Golden Grin, 1 x SHADOW Meowdas, 1 x Meowdas for -1 MtxCurrency",5600,2400,3200,0.5714,1,2026-09-05T00:00:00Z,2026-09-11T23:59:59.999Z,1,0,-3,Unvaulted,Unvaulted,185,tileGrid,Size_2_x_1,,1,Meowdas Bundle,11,br,LoadingScreen_GoldCat_Claw,Meowdas,loadingscreen,uncommon,,Swole 'n Gold,2,Remix,2024-11-02T17:09:31Z
2026-09-11,v2:/eabe9f29f6fdf3541f67b49b803d06fb3b3bf86dcf24dcdbc5f47223efb22de4,"[VIRTUAL]1 x Meowdas, 1 x Feline Dagger, 1 x The Gilded Filet, 1 x Skelleshark, 1 x Purr-demonium, 1 x Golden Nemesis, 1 x Golden Nemesis, 1 x Golden Nemesis, 1 x Golden Grin, 1 x SHADOW Meowdas, 1 x Meowdas for -1 MtxCurrency",5600,2400,3200,0.5714,1,2026-09-05T00:00:00Z,2026-09-11T23:59:59.999Z,1,0,-3,Unvaulted,Unvaulted,185,tileGrid,Size_2_x_1,,1,Meowdas Bundle,11,instrument,Sparks_Bass_GoldCat,Golden Nemesis,bass,common,,,,,2024-11-02T17:08:05Z
2026-09-11,v2:/531a6b3ed963aceb5f786a54cddea50e0bf461210150b69ee4aee521030c44f3,[VIRTUAL]1 x Raiden's Victory for 300 MtxCurrency,300,300,0,0.0,0,2026-09-06T00:00:00Z,2026-09-12T23:59:59.999Z,1,0,-4,MortalKombat1,Mortal Kombat,184,tileGrid,Size_1_x_1,,0,,1,br,EID_TotalFlock_Slash,Raiden's Victory,emote,gaminglegends,Gaming Legends Series,Klassic Kombat,6,2,2025-03-27T15:08:18Z
2026-09-11,v2:/0bf7aecccb7fb82e20b6e385586bf43c1625d0bc1b2a1f33e94f2c03e473701f,[VIRTUAL]1 x TBD (SID_Placeholder_391) for 500 MtxCurrency,500,500,0,0.0,0,2026-09-01T00:00:00Z,2026-09-30T23:59:59.999Z,1,0,-80,JT091126,Jam Tracks,180,expandableList,Size_1_x_1,,0,,1,track,sid_placeholder_391,Locked Out Of Heaven,,,,,,,2025-07-16T00:00:48Z
2026-09-11,v2:/00f191fa533216f0e9969cdd75730a59d4b16b056f48234673bb2467241b2692,[VIRTUAL]1 x Sky Ray for 1200 MtxCurrency,1200,1200,0,0.0,0,2026-09-06T00:00:00Z,2026-09-11T23:59:59.999Z,1,0,-1,SommersetLockerBundle,Sommerset's Locker ,177,tileGrid,Size_2_x_1,,0,,1,br,Glider_ID_229_Angler,Sky Ray,glider,epic,,Sea Glow,2,3,2020-08-05T08:09:19Z
2026-09-11,v2:/57cbb30cabd34cfa7325a733a6b37d8abfb16209d8fa61f0399a6112e5459512,[VIRTUAL]1 x Scorpion (MK3) for 1500 MtxCurrency,1500,1500,0,0.0,0,2026-09-06T00:00:00Z,2026-09-12T23:59:59.999Z,1,0,-2,MortalKombat1,Mortal Kombat,184,tileGrid,Size_1_x_1,,0,,1,br,Character_SoapPocket,Scorpion (MK3),outfit,gaminglegends,Gaming Legends Series,Klassic Kombat,6,2,2025-03-27T15:08:18Z
2026-09-11,v2:/853b5aca8be92df1bab4cb2942cb6d7c6832ac9e1beea75053c67a18fb41d78d,[VIRTUAL]1 x Bunny Bounce (Murda Beatz Remix) for 500 MtxCurrency,500,500,0,0.0,0,2026-09-05T00:00:00Z,2026-09-11T23:59:59.999Z,1,0,-6,Unvaulted,Unvaulted,185,tileGrid,Size_1_x_1,,0,,1,track,sid_placeholder_353,Bunny Bounce (Murda Beatz Remix),,,,,,,2024-11-02T07:02:33Z
2026-09-11,v2:/4a4f415a0a75cdd695bb3ea541d3a50827f6e16a42e23d7a5b6787a97683e52e,[VIRTUAL]1 x Kryptonite for 500 MtxCurrency,500,500,0,0.0,0,2026-09-01T00:00:00Z,2026-09-30T23:59:59.999Z,1,0,-86,JT091126,Jam Tracks,180,expandableList,Size_1_x_1,,0,,1,track,sid_placeholder_300,Kryptonite,,,,,,,2024-12-26T14:34:39Z
2026-09-11,v2:/1b5514fe91aa20d3e572859c235793596361a30dd975ac03ab77440b0154f294,[VIRTUAL]1 x TBD (SID_Placeholder_686) for 500 MtxCurrency,500,500,0,0.0,0,2026-09-01T00:00:00Z,2026-09-30T23:59:59.999Z,1,0,-27,JT091126,Jam Tracks,180,expandableList,Size_1_x_1,,0,,1,track,sid_placeholder_686,Ring Ring Ring,,,,,,,2025-11-14T14:43:54Z
2026-09-11,v2:/2b6cd6515c8de6e98edf3ae6102aab71b9f35dba7b9533d68f005e76af3d58eb,[VIRTUAL]1 x Semibot for 1500 MtxCurrency,1500,1500,0,0.0,0,2026-09-09T00:00:00Z,2026-09-12T23:59:59.999Z,1,0,-2,REPO,R.E.P.O,192,tileGrid,Size_1_x_1,,0,,1,br,Character_ServeStreet,Semibot,outfit,gaminglegends,Gaming Legends Series,R.E.P.O.,6,5,2025-10-09T18:35:35Z
2026-09-11,v2:/e50857ed0104ef4cbbfc958f7b1499d32c5c560a5b04608b7fa2d95e2be07515,[VIRTUAL]1 x Aura for 800 MtxCurrency,800,800,0,0.0,0,2026-09-09T00:00:00Z,2026-09-13T23:59:59.999Z,1,0,-4,WrixelShop,Override,191,tileGrid,Size_1_x_1,,0,,1,br,CID_397_Athena_Commando_F_TreasureHunterFashion,Aura,outfit,uncommon,,,1,8,2019-11-20T12:50:02Z
2026-09-11,v2:/654fe962a82bd0297becd82968c1cf7f5b40b8f2772c8c37fc1b5d59091e7a54,"[VIRTUAL]1 x Peri, 1 x Peri's Snapblade, 1 x Violet Eye for -1 MtxCurrency",1500,1100,400,0.2667,1,2026-09-10T00:00:00Z,2026-09-11T23:59:59.999Z,1,0,-1,BR091126,Full Flex,187,tileGrid,Size_1_x_1,,1,Lavender Gamer Bundle,3,br,Character_CataclysmCity,Peri,outfit,epic,,Lavender Gamer,6,3,2025-05-02T13:15:59Z
2026-09-11,v2:/654fe962a82bd0297becd82968c1cf7f5b40b8f2772c8c37fc1b5d59091e7a54,"[VIRTUAL]1 x Peri, 1 x Peri's Snapblade, 1 x Violet Eye for -1 MtxCurrency",1500,1100,400,0.2667,1,2026-09-10T00:00:00Z,2026-09-11T23:59:59.999Z,1,0,-1,BR091126,Full Flex,187,tileGrid,Size_1_x_1,,1,Lavender Gamer Bundle,3,br,Pickaxe_CataclysmCity,Peri's Snapblade,pickaxe,rare,,Lavender Gamer,6,3,2025-05-02T13:15:59Z
2026-09-11,v2:/654fe962a82bd0297becd82968c1cf7f5b40b8f2772c8c37fc1b5d59091e7a54,"[VIRTUAL]1 x Peri, 1 x Peri's Snapblade, 1 x Violet Eye for -1 MtxCurrency",1500,1100,400,0.2667,1,2026-09-10T00:00:00Z,2026-09-11T23:59:59.999Z,1,0,-1,BR091126,Full Flex,187,tileGrid,Size_1_x_1,,1,Lavender Gamer Bundle,3,br,Backpack_CataclysmCity,Violet Eye,backpack,rare,,Lavender Gamer,6,3,2025-05-02T13:15:59Z
2026-09-11,v2:/3e31575c45e685066dc18c0acebf941e75f43533b3a3c60e74ca94554f3cdcc9,[VIRTUAL]1 x Cradles for 500 MtxCurrency,500,500,0,0.0,0,2026-09-11T00:00:00Z,2026-09-17T23:59:59.999Z,1,0,-4,JT091126,Jam Tracks,180,tileGrid,Size_1_x_1,,0,,1,track,sid_placeholder_29,Cradles,,,,,,,2023-12-12T00:00:00Z
2026-09-11,v2:/8b7e99dbd5b13253bd2387863d39f49220b50d99aa276baa2055a1f41f3b45df,"[VIRTUAL]1 x Crash Bandicoot, 1 x Bandicoot for -1 MtxCurrency",1500,1500,0,0.0,0,2026-08-29T00:00:00Z,2026-09-11T23:59:59.999Z,1,0,-1,CrashSpyro1,Crash Bandicoot & Spyro the Dragon,190,tileGrid,Size_2_x_1,,0,,2,br,Character_SpruceBark,Crash Bandicoot,outfit,gaminglegends,Gaming Legends Series,Crash Bandicoot,7,4,2026-08-26T23:33:06Z
2026-09-11,v2:/8b7e99dbd5b13253bd2387863d39f49220b50d99aa276baa2055a1f41f3b45df,"[VIRTUAL]1 x Crash Bandicoot, 1 x Bandicoot for -1 MtxCurrency",1500,1500,0,0.0,0,2026-08-29T00:00:00Z,2026-09-11T23:59:59.999Z,1,0,-1,CrashSpyro1,Crash Bandicoot & Spyro the Dragon,190,tileGrid,Size_2_x_1,,0,,2,br,Wrap_SpruceBark,Bandicoot,wrap,gaminglegends,Gaming Legends Series,Crash Bandicoot,7,4,2026-08-26T23:33:06Z
2026-09-11,v2:/cb6a51e3a6c04bfefa72b501ab6c0ea304757cab01171ac3c55e6f95d10580e7,"[VIRTUAL]1 x Iso, 1 x Exploding Axis, 1 x Butterfly Knives, 1 x Sky Ray, 1 x Phono Follies for -1 MtxCurrency",3800,2400,1400,0.3684,1,2026-09-09T00:00:00Z,2026-09-11T23:59:59.999Z,1,0,-1,SommersetLockerBundle,Sommerset's Locker ,177,tileGrid,Size_3_x_1,,1,Sommerset's Locker Bundle,5,br,CID_732_Athena_Commando_F_Stars,Iso,outfit,epic,,Edge Factor,2,5,2020-12-15T11:25:12Z
2026-09-11,v2:/cb6a51e3a6c04bfefa72b501ab6c0ea304757cab01171ac3c55e6f95d10580e7,"[VIRTUAL]1 x Iso, 1 x Exploding Axis, 1 x Butterfly Knives, 1 x Sky Ray, 1 x Phono Follies for -1 MtxCurrency",3800,2400,1400,0.3684,1,2026-09-09T00:00:00Z,2026-09-11T23:59:59.999Z,1,0,-1,SommersetLockerBundle,Sommerset's Locker ,177,tileGrid,Size_3_x_1,,1,Sommerset's Locker Bundle,5,br,BID_668_StarsFemale,Exploding Axis,backpack,epic,,Edge Factor,2,5,2020-12-15T11:25:12Z
2026-09-11,v2:/cb6a51e3a6c04bfefa72b501ab6c0ea304757cab01171ac3c55e6f95d10580e7,"[VIRTUAL]1 x Iso, 1 x Exploding Axis, 1 x Butterfly Knives, 1 x Sky Ray, 1 x Phono Follies for -1 MtxCurrency",3800,2400,1400,0.3684,1,2026-09-09T00:00:00Z,2026-09-11T23:59:59.999Z,1,0,-1,SommersetLockerBundle,Sommerset's Locker ,177,tileGrid,Size_3_x_1,,1,Sommerset's Locker Bundle,5,br,Pickaxe_ID_366_SpyMale1H,Butterfly Knives,pickaxe,rare,,Espionage,2,2,2020-04-29T06:13:35Z
2026-09-11,v2:/cb6a51e3a6c04bfefa72b501ab6c0ea304757cab01171ac3c55e6f95d10580e7,"[VIRTUAL]1 x Iso, 1 x Exploding Axis, 1 x Butterfly Knives, 1 x Sky Ray, 1 x Phono Follies for -1 MtxCurrency",3800,2400,1400,0.3684,1,2026-09-09T00:00:00Z,2026-09-11T23:59:59.999Z,1,0,-1,SommersetLockerBundle,Sommerset's Locker ,177,tileGrid,Size_3_x_1,,1,Sommerset's Locker Bundle,5,br,Glider_ID_229_Angler,Sky Ray,glider,epic,,Sea Glow,2,3,2020-08-05T08:09:19Z
2026-09-11,v2:/cb6a51e3a6c04bfefa72b501ab6c0ea304757cab01171ac3c55e6f95d10580e7,"[VIRTUAL]1 x Iso, 1 x Exploding Axis, 1 x Butterfly Knives, 1 x Sky Ray, 1 x Phono Follies for -1 MtxCurrency",3800,2400,1400,0.3684,1,2026-09-09T00:00:00Z,2026-09-11T23:59:59.999Z,1,0,-1,SommersetLockerBundle,Sommerset's Locker ,177,tileGrid,Size_3_x_1,,1,Sommerset's Locker Bundle,5,br,EID_Phonograph,Phono Follies,emote,uncommon,,,2,6,2021-03-17T11:14:28Z
2026-09-11,v2:/033c1e357d437bf53c3c8949af4d251e4beb6bd57b9b68fb9c4edfc19cf63d56,[VIRTUAL]1 x Hey Ya! for 500 MtxCurrency,500,500,0,0.0,0,2026-09-01T00:00:00Z,2026-09-30T23:59:59.999Z,1,0,-84,JT091126,Jam Tracks,180,expandableList,Size_1_x_1,,0,,1,track,sid_placeholder_283,Hey Ya!,,,,,,,2024-11-27T14:32:37Z
2026-09-11,v2:/2767138459a9816efc7964c9a486806b4ad2ea355bdab8eb524cf82b550ef89a,[VIRTUAL]1 x Crank That (Soulja Boy) for 500 MtxCurrency,500,500,0,0.0,0,2026-09-01T00:00:00Z,2026-09-30T23:59:59.999Z,1,0,-47,JT091126,Jam Tracks,180,expandableList,Size_1_x_1,,0,,1,track,sid_placeholder_382,Crank That (Soulja Boy),,,,,,,2024-11-02T07:02:33Z
2026-09-11,v2:/7bd80941b9a0f8ea9165a08f842010da85f9dcaa3fe4eb7ae791f24a92f20834,[VIRTUAL]1 x Regulate for 500 MtxCurrency,500,500,0,0.0,0,2026-09-01T00:00:00Z,2026-09-30T23:59:59.999Z,1,0,-61,JT091126,Jam Tracks,180,expandableList,Size_1_x_1,,0,,1,track,sid_placeholder_265,Regulate,,,,,,,2024-11-02T06:00:00Z
2026-09-11,v2:/5342cc9f2676c955b61dd78a3dac282c5acfc9ab7dd0d6ee05e1818a09119bc6,[VIRTUAL]1 x Raven Team Syd for 1500 MtxCurrency,1500,1500,0,0.0,0,2026-09-08T00:00:00Z,2026-09-14T23:59:59.999Z,1,0,-3,NS090826,No Sweat,186,tileGrid,Size_1_x_1,,0,,1,br,Character_FuzzyClaw,Raven Team Syd,outfit,epic,,Scare Bear,5,4,2024-10-12T06:22:57Z
2026-09-11,v2:/7ca0359f6aab7e19dcb8efc43ed159730534f6c0f7af5a8484ed770bbd819f32,[VIRTUAL]1 x XO Tour Llif3  for 500 MtxCurrency,500,500,0,0.0,0,2026-09-01T00:00:00Z,2026-09-30T23:59:59.999Z,1,0,-22,JT091126,Jam Tracks,180,expandableList,Size_1_x_1,,0,,1,track,sid_placeholder_184,XO Tour Llif3,,,,,,,2024-04-16T20:20:56Z
2026-09-11,v2:/3593b6035bb26129d455f4f3b09f6e8b7a2c127d76a361244b93a71096d7bc86,[VIRTUAL]1 x Carry on Wayward Son for 500 MtxCurrency,500,500,0,0.0,0,2026-09-01T00:00:00Z,2026-09-30T23:59:59.999Z,1,0,-44,JT091126,Jam Tracks,180,expandableList,Size_1_x_1,,0,,1,track,sid_placeholder_11,Carry on Wayward Son,,,,,,,2024-03-20T00:05:45Z
2026-09-11,v2:/ce0e95d438eb78ce428a3db3786644340d24dc609f8d76b4b4599972b7aa33b4,[VIRTUAL]1 x Golden Grin for 500 MtxCurrency,500,500,0,0.0,0,2026-09-05T00:00:00Z,2026-09-11T23:59:59.999Z,1,0,-1,Unvaulted,Unvaulted,185,tileGrid,Size_1_x_1,,0,,1,br,Wrap_GoldCat,Golden Grin,wrap,rare,,Swole 'n Gold,2,Remix,2024-11-02T17:09:31Z
2026-09-11,v2:/b0f5d11de29dc552975dd89ae73826b6b877a395ced49a4be57d18ffcbb58e2c,"[VIRTUAL]1 x Relaxed Fit Jonesy, 1 x Beef Pack for -1 MtxCurrency",1200,1200,0,0.0,0,2026-09-09T00:00:00Z,2026-09-13T23:59:59.999Z,1,0,-1,WrixelShop,Override,191,tileGrid,Size_1_x_1,,0,,2,br,CID_798_Athena_Commando_M_JonesyVagabond,Relaxed Fit Jonesy,outfit,rare,,Relaxed Fit,2,3,2020-06-30T06:09:08Z
2026-09-11,v2:/b0f5d11de29dc552975dd89ae73826b6b877a395ced49a4be57d18ffcbb58e2c,"[VIRTUAL]1 x Relaxed Fit Jonesy, 1 x Beef Pack for -1 MtxCurrency",1200,1200,0,0.0,0,2026-09-09T00:00:00Z,2026-09-13T23:59:59.999Z,1,0,-1,WrixelShop,Override,191,tileGrid,Size_1_x_1,,0,,2,br,BID_550_JonesyVagabond,Beef Pack,backpack,rare,,Relaxed Fit,2,3,2020-06-30T06:09:08Z
2026-09-11,v2:/f1d4a7ea84475d08d950f713e01c0271a16a3995f1301c834002990bda159b67,[VIRTUAL]1 x TBD (SID_Placeholder_722) for 500 MtxCurrency,500,500,0,0.0,0,2026-09-01T00:00:00Z,2026-09-30T23:59:59.999Z,1,0,-96,JT091126,Jam Tracks,180,expandableList,Size_1_x_1,,0,,1,track,sid_placeholder_722,future base,,,,,,,2026-01-13T19:59:54Z
2026-09-11,v2:/cf2f952b10258214166d065211198afe6915b7f7cd71a43c8629f3fae1c6c59a,[VIRTUAL]1 x I Had Some Help for 500 MtxCurrency,500,500,0,0.0,0,2026-09-01T00:00:00Z,2026-09-30T23:59:59.999Z,1,0,-6,JT091126,Jam Tracks,180,expandableList,Size_1_x_1,,0,,1,track,sid_placeholder_248,I Had Some Help,,,,,,,2024-06-06T13:32:50Z
2026-09-11,v2:/92f41ca08bd30b2e79c8cc345079c7fd4cb2f63708339726137407f7e41f52ea,"[VIRTUAL]1 x Tour-Ready Sabrina Carpenter, 1 x SC Heart Purse, 1 x Taste, 1 x Please Please Please, 1 x Cute Cutout, 1 x Sabrina's Mic, 1 x Sabrina's Mic, 1 x Sabrina's Mic, 1 x TBD (SID_Placeholder_537) for -1 MtxCurrency",4800,2800,2000,0.4167,1,2026-09-08T00:00:00Z,2026-09-12T23:59:59.999Z,1,0,-1,SabrinaCarpenterSweet,Sabrina Carpenter,178,tileGrid,Size_1_x_1,,1,A Sweet Little Bundle,9,br,Character_DimeBlanketGrace,Tour-Ready Sabrina Carpenter,outfit,icon,Icon Series,Sabrina Carpenter,6,2,2025-04-08T08:00:00Z
2026-09-11,v2:/92f41ca08bd30b2e79c8cc345079c7fd4cb2f63708339726137407f7e41f52ea,"[VIRTUAL]1 x Tour-Ready Sabrina Carpenter, 1 x SC Heart Purse, 1 x Taste, 1 x Please Please Please, 1 x Cute Cutout, 1 x Sabrina's Mic, 1 x Sabrina's Mic, 1 x Sabrina's Mic, 1 x TBD (SID_Placeholder_537) for -1 MtxCurrency",4800,2800,2000,0.4167,1,2026-09-08T00:00:00Z,2026-09-12T23:59:59.999Z,1,0,-1,SabrinaCarpenterSweet,Sabrina Carpenter,178,tileGrid,Size_1_x_1,,1,A Sweet Little Bundle,9,br,Backpack_DimeBlanketGrace,SC Heart Purse,backpack,icon,Icon Series,Sabrina Carpenter,6,2,2025-04-08T08:00:00Z
2026-09-11,v2:/92f41ca08bd30b2e79c8cc345079c7fd4cb2f63708339726137407f7e41f52ea,"[VIRTUAL]1 x Tour-Ready Sabrina Carpenter, 1 x SC Heart Purse, 1 x Taste, 1 x Please Please Please, 1 x Cute Cutout, 1 x Sabrina's Mic, 1 x Sabrina's Mic, 1 x Sabrina's Mic, 1 x TBD (SID_Placeholder_537) for -1 MtxCurrency",4800,2800,2000,0.4167,1,2026-09-08T00:00:00Z,2026-09-12T23:59:59.999Z,1,0,-1,SabrinaCarpenterSweet,Sabrina Carpenter,178,tileGrid,Size_1_x_1,,1,A Sweet Little Bundle,9,br,EID_DimeBlanket,Taste,emote,icon,Icon Series,Sabrina Carpenter,6,2,2025-04-08T08:00:00Z
2026-09-11,v2:/92f41ca08bd30b2e79c8cc345079c7fd4cb2f63708339726137407f7e41f52ea,"[VIRTUAL]1 x Tour-Ready Sabrina Carpenter, 1 x SC Heart Purse, 1 x Taste, 1 x Please Please Please, 1 x Cute Cutout, 1 x Sabrina's Mic, 1 x Sabrina's Mic, 1 x Sabrina's Mic, 1 x TBD (SID_Placeholder_537) for -1 MtxCurrency",4800,2800,2000,0.4167,1,2026-09-08T00:00:00Z,2026-09-12T23:59:59.999Z,1,0,-1,SabrinaCarpenterSweet,Sabrina Carpenter,178,tileGrid,Size_1_x_1,,1,A Sweet Little Bundle,9,br,EID_DimeBlanketGrace,Please Please Please,emote,icon,Icon Series,Sabrina Carpenter,6,2,2025-04-08T08:00:00Z
2026-09-11,v2:/92f41ca08bd30b2e79c8cc345079c7fd4cb2f63708339726137407f7e41f52ea,"[VIRTUAL]1 x Tour-Ready Sabrina Carpenter, 1 x SC Heart Purse, 1 x Taste, 1 x Please Please Please, 1 x Cute Cutout, 1 x Sabrina's Mic, 1 x Sabrina's Mic, 1 x Sabrina's Mic, 1 x TBD (SID_Placeholder_537) for -1 MtxCurrency",4800,2800,2000,0.4167,1,2026-09-08T00:00:00Z,2026-09-12T23:59:59.999Z,1,0,-1,SabrinaCarpenterSweet,Sabrina Carpenter,178,tileGrid,Size_1_x_1,,1,A Sweet Little Bundle,9,br,Contrail_DimeBlanket,Cute Cutout,contrail,icon,Icon Series,Sabrina Carpenter,6,2,2025-04-08T08:00:00Z
2026-09-11,v2:/92f41ca08bd30b2e79c8cc345079c7fd4cb2f63708339726137407f7e41f52ea,"[VIRTUAL]1 x Tour-Ready Sabrina Carpenter, 1 x SC Heart Purse, 1 x Taste, 1 x Please Please Please, 1 x Cute Cutout, 1 x Sabrina's Mic, 1 x Sabrina's Mic, 1 x Sabrina's Mic, 1 x TBD (SID_Placeholder_537) for -1 MtxCurrency",4800,2800,2000,0.4167,1,2026-09-08T00:00:00Z,2026-09-12T23:59:59.999Z,1,0,-1,SabrinaCarpenterSweet,Sabrina Carpenter,178,tileGrid,Size_1_x_1,,1,A Sweet Little Bundle,9,br,Backpack_DimeBlanket_Mic,Sabrina's Mic,backpack,icon,Icon Series,Sabrina Carpenter,,,2025-04-08T08:00:00Z
2026-09-11,v2:/92f41ca08bd30b2e79c8cc345079c7fd4cb2f63708339726137407f7e41f52ea,"[VIRTUAL]1 x Tour-Ready Sabrina Carpenter, 1 x SC Heart Purse, 1 x Taste, 1 x Please Please Please, 1 x Cute Cutout, 1 x Sabrina's Mic, 1 x Sabrina's Mic, 1 x Sabrina's Mic, 1 x TBD (SID_Placeholder_537) for -1 MtxCurrency",4800,2800,2000,0.4167,1,2026-09-08T00:00:00Z,2026-09-12T23:59:59.999Z,1,0,-1,SabrinaCarpenterSweet,Sabrina Carpenter,178,tileGrid,Size_1_x_1,,1,A Sweet Little Bundle,9,br,Pickaxe_DimeBlanket_Mic,Sabrina's Mic,pickaxe,icon,Icon Series,Sabrina Carpenter,,,2025-04-08T08:00:00Z
2026-09-11,v2:/92f41ca08bd30b2e79c8cc345079c7fd4cb2f63708339726137407f7e41f52ea,"[VIRTUAL]1 x Tour-Ready Sabrina Carpenter, 1 x SC Heart Purse, 1 x Taste, 1 x Please Please Please, 1 x Cute Cutout, 1 x Sabrina's Mic, 1 x Sabrina's Mic, 1 x Sabrina's Mic, 1 x TBD (SID_Placeholder_537) for -1 MtxCurrency",4800,2800,2000,0.4167,1,2026-09-08T00:00:00Z,2026-09-12T23:59:59.999Z,1,0,-1,SabrinaCarpenterSweet,Sabrina Carpenter,178,tileGrid,Size_1_x_1,,1,A Sweet Little Bundle,9,track,sid_placeholder_537,Please Please Please,,,,,,,2025-04-08T08:00:00Z
2026-09-11,v2:/92f41ca08bd30b2e79c8cc345079c7fd4cb2f63708339726137407f7e41f52ea,"[VIRTUAL]1 x Tour-Ready Sabrina Carpenter, 1 x SC Heart Purse, 1 x Taste, 1 x Please Please Please, 1 x Cute Cutout, 1 x Sabrina's Mic, 1 x Sabrina's Mic, 1 x Sabrina's Mic, 1 x TBD (SID_Placeholder_537) for -1 MtxCurrency",4800,2800,2000,0.4167,1,2026-09-08T00:00:00Z,2026-09-12T23:59:59.999Z,1,0,-1,SabrinaCarpenterSweet,Sabrina Carpenter,178,tileGrid,Size_1_x_1,,1,A Sweet Little Bundle,9,instrument,Sparks_Mic_DimeBlanket,Sabrina's Mic,mic,icon,Icon Series,,,,2025-04-08T08:00:00Z
2026-09-11,v2:/f44ac112008f0a541929f065c7d7ffc51961bca47dadbe20a264b711df9ce5e1,[VIRTUAL]1 x Ooze for 500 MtxCurrency,500,500,0,0.0,0,2026-09-05T00:00:00Z,2026-09-11T23:59:59.999Z,1,0,-2,Unvaulted,Unvaulted,185,tileGrid,Size_1_x_1,,0,,1,br,Contrail_MissusMind,Ooze,contrail,uncommon,,Bleakest Bedlam,2,Remix,2024-11-02T17:09:31Z
2026-09-11,v2:/7b69ccd1cff6cfb2a452341a920bab10904ca9af62ba7aac7aa71d4950619a40,[VIRTUAL]1 x Guff Puffs for 500 MtxCurrency,500,500,0,0.0,0,2026-09-05T00:00:00Z,2026-09-11T23:59:59.999Z,1,0,-6,Unvaulted,Unvaulted,185,tileGrid,Size_1_x_1,,0,,1,br,Contrail_DenimEquip,Guff Puffs,contrail,uncommon,,Mighty Questie,2,Remix,2024-11-02T17:09:31Z
2026-09-11,v2:/4442fae515905164626a21d95d31f064bf177ac947e2877ceb090f2fa3517781,[VIRTUAL]1 x Radiant 1 for 500 MtxCurrency,500,500,0,0.0,0,2026-09-05T00:00:00Z,2026-09-11T23:59:59.999Z,1,0,-3,Unvaulted,Unvaulted,185,tileGrid,Size_1_x_1,,0,,1,br,Wrap_StageCue,Radiant 1,wrap,rare,,In the Pocket,2,Remix,2024-11-02T17:09:31Z
2026-09-11,v2:/849cfa750c3aeaa292cae88007926cf8a91d36491f73229d2988e03f699eae76,[VIRTUAL]1 x Spies! (Murda Beatz Remix) for 500 MtxCurrency,500,500,0,0.0,0,2026-09-05T00:00:00Z,2026-09-11T23:59:59.999Z,1,0,-4,Unvaulted,Unvaulted,185,tileGrid,Size_1_x_1,,0,,1,track,sid_placeholder_351,Spies! (Murda Beatz Remix),,,,,,,2024-11-02T07:02:33Z
2026-09-11,v2:/1f0f4d39bb88c086ae28226a5ec0916f0aadbeff34d9625bfd25035f33b457c3,[VIRTUAL]1 x TBD (SID_Placeholder_455) for 500 MtxCurrency,500,500,0,0.0,0,2026-09-01T00:00:00Z,2026-09-30T23:59:59.999Z,1,0,-71,JT091126,Jam Tracks,180,expandableList,Size_1_x_1,,0,,1,track,sid_placeholder_455,IDOL,,,,,,,2025-02-06T21:54:35Z
2026-09-11,v2:/b52dec58364ddb621b8e55a6f029a4d68957b8f506f0e5faf63db123f72ed585,[VIRTUAL]1 x Test Your Might for 300 MtxCurrency,300,300,0,0.0,0,2026-09-06T00:00:00Z,2026-09-12T23:59:59.999Z,1,0,-3,MortalKombat1,Mortal Kombat,184,tileGrid,Size_1_x_1,,0,,1,br,EID_SoapPocket_Punch,Test Your Might,emote,gaminglegends,Gaming Legends Series,Klassic Kombat,6,2,2025-03-27T15:08:18Z
2026-09-11,v2:/5d03048e321867180fac43ac93e40599cad72e1396e4e6f5c95f4a66eb80ebff,[VIRTUAL]1 x Beef Pack for 400 MtxCurrency,400,400,0,0.0,0,2026-09-09T00:00:00Z,2026-09-13T23:59:59.999Z,1,0,-1,,,,,Size_1_x_1,,0,,1,br,BID_550_JonesyVagabond,Beef Pack,backpack,rare,,Relaxed Fit,2,3,2020-06-30T06:09:08Z
2026-09-11,v2:/f8f706f466469ab4fdd011a9dabb9a2c03294c094299b96d5d28ed4cbf8b505e,[VIRTUAL]1 x BMW M4 GT3 EVO for 700 MtxCurrency,700,700,0,0.0,0,2026-09-11T00:00:00Z,2026-09-15T23:59:59.999Z,1,0,-1,,,,,Size_3_x_1,,0,,1,car,Wheel_Topple01,BMW M4 GT3 EVO,wheel,uncommon,BMW SERIES,,,,2025-12-19T14:50:15Z
2026-09-11,v2:/186520dadc5ea939f02f985d8cbef3494a9d17631588264e73e384e96b1be0ab,[VIRTUAL]1 x Hatchback for 300 MtxCurrency,300,300,0,0.0,0,2026-09-08T00:00:00Z,2026-09-13T23:59:59.999Z,1,0,-4,,,,,Size_1_x_1,,0,,1,br,BID_154_Feathers,Hatchback,backpack,epic,,Fowl Play,1,6,2019-11-20T12:50:37Z
2026-09-11,v2:/5ba1c4c649b390eacf4d54f4d15f2e4d33b39dd3fba93ead30b9271976ea5073,"[VIRTUAL]1 x Atlantean Fishstick, 1 x Titan Scale for -1 MtxCurrency",1200,1200,0,0.0,0,2026-09-09T00:00:00Z,2026-09-13T23:59:59.999Z,1,0,-3,WrixelShop,Override,191,tileGrid,Size_1_x_1,,0,,2,br,CID_813_Athena_Commando_M_TeriyakiAtlantis,Atlantean Fishstick,outfit,rare,,Fishlantis,2,3,2020-07-23T00:00:00Z
2026-09-11,v2:/5ba1c4c649b390eacf4d54f4d15f2e4d33b39dd3fba93ead30b9271976ea5073,"[VIRTUAL]1 x Atlantean Fishstick, 1 x Titan Scale for -1 MtxCurrency",1200,1200,0,0.0,0,2026-09-09T00:00:00Z,2026-09-13T23:59:59.999Z,1,0,-3,WrixelShop,Override,191,tileGrid,Size_1_x_1,,0,,2,br,BID_566_TeriyakiAtlantis,Titan Scale,backpack,rare,,Fishlantis,2,3,2020-07-23T00:00:00Z
2026-09-11,v2:/2698b1289749cee196f6609fbd72459e38eebd612e73087cbdbbde585f70b611,"[VIRTUAL]1 x Human Bill, 1 x A WEATHER BALLOON for -1 MtxCurrency",1800,1800,0,0.0,0,2026-09-08T00:00:00Z,2026-09-14T23:59:59.999Z,1,0,-2,NS090826,No Sweat,186,tileGrid,Size_1_x_1,,0,,2,br,CID_A_175_Athena_Commando_M_AlienSummer,Human Bill,outfit,epic,,Hot Alien Summer,2,7,2021-08-03T11:17:43Z
2026-09-11,v2:/2698b1289749cee196f6609fbd72459e38eebd612e73087cbdbbde585f70b611,"[VIRTUAL]1 x Human Bill, 1 x A WEATHER BALLOON for -1 MtxCurrency",1800,1800,0,0.0,0,2026-09-08T00:00:00Z,2026-09-14T23:59:59.999Z,1,0,-2,NS090826,No Sweat,186,tileGrid,Size_1_x_1,,0,,2,br,BID_822_AlienSummer,A WEATHER BALLOON,backpack,epic,,Hot Alien Summer,2,7,2021-08-03T11:17:43Z
2026-09-11,v2:/34f2bc16fef4b9d95789f6c945f9632d7658f64125ae5d6ce665fbd1942d1091,[VIRTUAL]1 x TBD (SID_Placeholder_697) for 500 MtxCurrency,500,500,0,0.0,0,2026-09-01T00:00:00Z,2026-09-30T23:59:59.999Z,1,0,-14,JT091126,Jam Tracks,180,expandableList,Size_1_x_1,,0,,1,track,sid_placeholder_697,New Woman,,,,,,,2025-11-29T19:00:00Z
2026-09-11,v2:/111d4f74e1312d652d7284958770e75ad41228fb7292ec785d75120b3221309b,[VIRTUAL]1 x Titan Scale for 200 MtxCurrency,200,200,0,0.0,0,2026-09-09T00:00:00Z,2026-09-13T23:59:59.999Z,1,0,-3,,,,,Size_1_x_1,,0,,1,br,BID_566_TeriyakiAtlantis,Titan Scale,backpack,rare,,Fishlantis,2,3,2020-07-23T00:00:00Z
2026-09-11,v2:/fe30e2722722fc848d0030dcdad74b3adbf39d0ebe956dbea1b0fe14080d067e,[VIRTUAL]1 x TBD (SID_Placeholder_789) for 500 MtxCurrency,500,500,0,0.0,0,2026-09-11T00:00:00Z,2026-09-17T23:59:59.999Z,1,0,-1,JT091126,Jam Tracks,180,tileGrid,Size_1_x_1,,0,,1,track,sid_placeholder_789,I'm So ATL,,,,,,,2026-05-12T14:27:52Z
2026-09-11,v2:/3f9c85383516b70e4a2bc4c44834b52b7dd2a7d99a878ab89791301e746a43c2,[VIRTUAL]1 x Blinding Lights for 500 MtxCurrency,500,500,0,0.0,0,2026-09-01T00:00:00Z,2026-09-30T23:59:59.999Z,1,0,-29,JT091126,Jam Tracks,180,expandableList,Size_1_x_1,,0,,1,track,sid_placeholder_93,Blinding Lights,,,,,,,2024-01-05T21:55:08Z
2026-09-11,v2:/9cfaed09c14dfa4ac4f5e5495b82fff4cbc97df827025027de8e203b316aecc1,[VIRTUAL]1 x Toxic for 500 MtxCurrency,500,500,0,0.0,0,2026-09-01T00:00:00Z,2026-09-30T23:59:59.999Z,1,0,-38,JT091126,Jam Tracks,180,expandableList,Size_1_x_1,,0,,1,track,sid_placeholder_340,Toxic,,,,,,,2024-09-27T00:00:00Z
2026-09-11,v2:/92dd6980e2741374c4c3a723367215ff59b5549a05bac2dc82e6d251fd46b145,[VIRTUAL]1 x TBD (SID_Placeholder_795) for 500 MtxCurrency,500,500,0,0.0,0,2026-09-01T00:00:00Z,2026-09-30T23:59:59.999Z,1,0,-12,JT091126,Jam Tracks,180,expandableList,Size_1_x_1,,0,,1,track,sid_placeholder_795,I'll Believe in Anything,,,,,,,2026-05-19T14:12:36Z
2026-09-11,v2:/469e35a3646e3a844768350e0d54d752ed85ef187cd3b28b96133bdb88f820b2,[VIRTUAL]1 x Conducting Rod Brand for 300 MtxCurrency,300,300,0,0.0,0,2026-09-06T00:00:00Z,2026-09-12T23:59:59.999Z,1,0,-3,MortalKombat1,Mortal Kombat,184,tileGrid,Size_1_x_1,,0,,1,br,EID_TotalFlock,Conducting Rod Brand,emote,gaminglegends,Gaming Legends Series,Klassic Kombat,6,2,2025-03-27T15:08:18Z
2026-09-11,v2:/e2161e3ff749c1e81c727948cbf076a314c8d76c323c0d3e4446470b29d90113,[VIRTUAL]1 x i for 500 MtxCurrency,500,500,0,0.0,0,2026-09-01T00:00:00Z,2026-09-30T23:59:59.999Z,1,0,-45,JT091126,Jam Tracks,180,expandableList,Size_1_x_1,,0,,1,track,sid_placeholder_110,i,,,,,,,2023-12-09T15:00:00Z
2026-09-11,v2:/d5276138738922a20cd0d409c49dd599f4026b5effbf4e8f111c475d0daefcf8,[VIRTUAL]1 x TBD (SID_Placeholder_495) for 500 MtxCurrency,500,500,0,0.0,0,2026-09-01T00:00:00Z,2026-09-30T23:59:59.999Z,1,0,-23,JT091126,Jam Tracks,180,expandableList,Size_1_x_1,,0,,1,track,sid_placeholder_495,Bling-Bang-Bang-Born,,,,,,,2025-02-13T17:10:43Z
2026-09-11,v2:/b8725dbd49dcc3e062622995cd014594d7d0416ee694267f9a5d1a0abd246ade,[VIRTUAL]1 x Pompeii for 500 MtxCurrency,500,500,0,0.0,0,2026-09-01T00:00:00Z,2026-09-30T23:59:59.999Z,1,0,-16,JT091126,Jam Tracks,180,expandableList,Size_1_x_1,,0,,1,track,sid_placeholder_113,Pompeii,,,,,,,2024-01-16T20:57:57Z
2026-09-11,v2:/832b10436430a176363f833773216356927306b89ea99c9509b47333911fcd32,[VIRTUAL]1 x Toasty! for 300 MtxCurrency,300,300,0,0.0,0,2026-09-06T00:00:00Z,2026-09-12T23:59:59.999Z,1,0,-2,MortalKombat1,Mortal Kombat,184,tileGrid,Size_1_x_1,,0,,1,br,EID_SoapPocket,Toasty!,emote,gaminglegends,Gaming Legends Series,Klassic Kombat,6,2,2025-03-27T15:08:18Z
2026-09-11,v2:/9ba377550977e4b3b092aa5185739f80125a1c873f023a186d2ecfc90deb47d6,[VIRTUAL]1 x The Gilded Filet for 800 MtxCurrency,800,800,0,0.0,0,2026-09-05T00:00:00Z,2026-09-11T23:59:59.999Z,1,0,-4,Unvaulted,Unvaulted,185,tileGrid,Size_1_x_1,,0,,1,br,Pickaxe_GoldCat,The Gilded Filet,pickaxe,rare,,Swole 'n Gold,2,Remix,2024-11-02T17:09:31Z
2026-09-11,v2:/53b8e5ee2e8b8674eeb6d34fd2f3ab48d94cd7784344c249693ad1b087e28163,[VIRTUAL]1 x Kitana's Fan-Nado for 300 MtxCurrency,300,300,0,0.0,0,2026-09-06T00:00:00Z,2026-09-12T23:59:59.999Z,1,0,-4,MortalKombat1,Mortal Kombat,184,tileGrid,Size_1_x_1,,0,,1,br,EID_GarlicWhisk,Kitana's Fan-Nado,emote,gaminglegends,Gaming Legends Series,Klassic Kombat,6,2,2025-03-27T15:08:18Z
2026-09-11,v2:/e9d1e50c088db6b3cf81564e88ff4eaa4e81568e4f719cdf3fe04f5339de4bf5,[VIRTUAL]1 x Miku Miku Beam for 500 MtxCurrency,500,500,0,0.0,0,2026-09-10T00:00:00Z,2026-09-13T23:59:59.999Z,1,0,-1,Hatsune2,Hatsune Miku,179,tileGrid,Size_1_x_1,,0,,1,br,EID_JadeTowel_Gloss,Miku Miku Beam,emote,icon,Icon Series,Hatsune Miku,6,1,2025-01-14T09:00:00Z
2026-09-11,v2:/2e9553395e519e101ed3f365d69468dfd651bef78b4f4aa04d61311bf8de5658,[VIRTUAL]1 x TBD (SID_Placeholder_786) for 500 MtxCurrency,500,500,0,0.0,0,2026-09-01T00:00:00Z,2026-09-30T23:59:59.999Z,1,0,-42,JT091126,Jam Tracks,180,expandableList,Size_1_x_1,,0,,1,track,sid_placeholder_786,NEVER ENOUGH,,,,,,,2026-04-28T14:30:14Z
2026-09-11,v2:/ee6ac3ec9a3517ee66086350135f1bcf07585c2e90fa06da57625c1d42c764a7,[VIRTUAL]1 x TBD (SID_Placeholder_823) for 500 MtxCurrency,500,500,0,0.0,0,2026-09-01T00:00:00Z,2026-09-30T23:59:59.999Z,1,0,-20,JT091126,Jam Tracks,180,expandableList,Size_1_x_1,,0,,1,track,sid_placeholder_823,He Gets Me So High,,,,,,,2026-06-16T14:07:21Z
2026-09-11,v2:/cbdda873254dd1930050ae5d2921c7f56d6eaf28865f8f7585e0e9a2b9a924dd,[VIRTUAL]1 x cliché for 500 MtxCurrency,500,500,0,0.0,0,2026-09-08T00:00:00Z,2026-09-11T23:59:59.999Z,1,0,-2,VV091126,Zero Chill,194,tileGrid,Size_1_x_1,,0,,1,br,EID_Flatbed,cliché,emote,icon,Icon Series,,6,5,2025-10-28T14:14:43Z
2026-09-11,v2:/cdc5f9daacd192b15dd91b4cb65066cedb2bb7eb8857b69353e2e2daef92933e,[VIRTUAL]1 x Scout's Favorite for 500 MtxCurrency,500,500,0,0.0,0,2026-09-08T00:00:00Z,2026-09-11T23:59:59.999Z,1,0,-4,DRG,Deep Rock Galactic,182,tileGrid,Size_1_x_1,,0,,1,br,Wrap_CampusSire,Scout's Favorite,wrap,rare,,Deep Rock Galactic,6,5,2025-08-30T00:00:00Z
2026-09-11,v2:/20f4b03d97ce9097a34da216323858543cc9d4f82d3e52bbbda6acec998d2b6b,[VIRTUAL]1 x TBD (SID_Placeholder_541) for 500 MtxCurrency,500,500,0,0.0,0,2026-09-10T00:00:00Z,2026-09-13T23:59:59.999Z,1,0,-3,Hatsune2,Hatsune Miku,179,tileGrid,Size_1_x_1,,0,,1,track,sid_placeholder_541,Decade,,,,,,,2025-03-13T14:24:29Z
2026-09-11,v2:/63b788efa2ba999343f12dff49db2f8b1bcf8f4ce2e7d76ec163f5f314fc6bc6,[VIRTUAL]1 x TBD (SID_Placeholder_506) for 500 MtxCurrency,500,500,0,0.0,0,2026-09-01T00:00:00Z,2026-09-30T23:59:59.999Z,1,0,-75,JT091126,Jam Tracks,180,expandableList,Size_1_x_1,,0,,1,track,sid_placeholder_506,Pumped Up Kicks,,,,,,,2025-03-06T14:32:03Z
2026-09-11,v2:/f062a4e6858e6d5d1d732dd1ad73eb38ae136ea92a1f0826d86d88ae31df72e3,"[VIRTUAL]1 x Z-Saber, 1 x Z-Saber for 800 MtxCurrency",800,800,0,0.0,0,2026-09-11T00:00:00Z,2026-09-20T23:59:59.999Z,1,0,-2,MegamanNew,Mega Man,198,tileGrid,Size_1_x_1,Z-Saber Gradient style will be added in a future update,0,,2,br,Pickaxe_TackleShow,Z-Saber,pickaxe,gaminglegends,Gaming Legends Series,Mega Man,7,4,2026-09-07T20:23:20Z
2026-09-11,v2:/f062a4e6858e6d5d1d732dd1ad73eb38ae136ea92a1f0826d86d88ae31df72e3,"[VIRTUAL]1 x Z-Saber, 1 x Z-Saber for 800 MtxCurrency",800,800,0,0.0,0,2026-09-11T00:00:00Z,2026-09-20T23:59:59.999Z,1,0,-2,MegamanNew,Mega Man,198,tileGrid,Size_1_x_1,Z-Saber Gradient style will be added in a future update,0,,2,br,Backpack_TackleShow,Z-Saber,backpack,gaminglegends,Gaming Legends Series,Mega Man,7,4,2026-09-07T20:23:20Z
2026-09-11,v2:/ab10fdba4b588f9062a621e0934e64ad65fe67938618ce034e0ca393be354a9f,[VIRTUAL]1 x TBD (SID_Placeholder_490) for 500 MtxCurrency,500,500,0,0.0,0,2026-09-01T00:00:00Z,2026-09-30T23:59:59.999Z,1,0,-62,JT091126,Jam Tracks,180,expandableList,Size_1_x_1,,0,,1,track,sid_placeholder_490,Party Like A Rock Star,,,,,,,2025-01-30T16:27:14Z
2026-09-11,v2:/660408a050b2c4a16464c81604d07febf527960071d871b1bd19610bcee67734,[VIRTUAL]1 x Skelleshark for 1200 MtxCurrency,1200,1200,0,0.0,0,2026-09-05T00:00:00Z,2026-09-11T23:59:59.999Z,1,0,-3,Unvaulted,Unvaulted,185,tileGrid,Size_1_x_1,,0,,1,br,Glider_GoldCat,Skelleshark,glider,epic,,Swole 'n Gold,2,Remix,2024-11-02T17:09:31Z
2026-09-11,v2:/8362da0df63b301e35e30f046746a5e0463087bd469809129ce7d5d699e71387,[VIRTUAL]1 x Miner's Shanty for 400 MtxCurrency,400,400,0,0.0,0,2026-09-08T00:00:00Z,2026-09-11T23:59:59.999Z,1,0,-3,DRG,Deep Rock Galactic,182,tileGrid,Size_1_x_1,,0,,1,br,EID_CampusSire,Miner's Shanty,emote,gaminglegends,Gaming Legends Series,Deep Rock Galactic,6,5,2025-08-30T00:00:00Z
2026-09-11,v2:/9005ba6ffe8b9894f06021f249decef0506081b05fa3142aecfb9ae4e66723ce,[VIRTUAL]1 x Say So for 500 MtxCurrency,500,500,0,0.0,0,2026-09-01T00:00:00Z,2026-09-30T23:59:59.999Z,1,0,-39,JT091126,Jam Tracks,180,expandableList,Size_1_x_1,,0,,1,track,sid_placeholder_69,Say So,,,,,,,2024-01-31T00:05:11Z
2026-09-11,v2:/2362a567a3f9ce04920777588afa03559ccd344a9ab976002d3dc47cefa4d110,"[VIRTUAL]1 x Dark Vanguard, 1 x Dark Void for -1 MtxCurrency",2000,2000,0,0.0,0,2026-09-11T00:00:00Z,2026-09-13T23:59:59.999Z,1,0,-4,BR091126,Full Flex,187,tileGrid,Size_1_x_1,,0,,2,br,CID_105_Athena_Commando_F_SpaceBlack,Dark Vanguard,outfit,legendary,,Space Explorers,1,3,2019-11-20T12:50:25Z
2026-09-11,v2:/2362a567a3f9ce04920777588afa03559ccd344a9ab976002d3dc47cefa4d110,"[VIRTUAL]1 x Dark Vanguard, 1 x Dark Void for -1 MtxCurrency",2000,2000,0,0.0,0,2026-09-11T00:00:00Z,2026-09-13T23:59:59.999Z,1,0,-4,BR091126,Full Flex,187,tileGrid,Size_1_x_1,,0,,2,br,BID_039_SpaceBlackFemale,Dark Void,backpack,legendary,,Space Explorers,1,3,2019-11-20T12:50:41Z
2026-09-11,v2:/0940abf65ba8ec159dcf7d6ae35af9435a155341fd67f4ed368080e2613a78b7,[VIRTUAL]1 x Chaos Director for 1200 MtxCurrency,1200,1200,0,0.0,0,2026-09-05T00:00:00Z,2026-09-11T23:59:59.999Z,1,0,-1,Unvaulted,Unvaulted,185,tileGrid,Size_2_x_1,,0,,1,br,Character_MissusMind_Suit,Chaos Director,outfit,epic,,Bleakest Bedlam,2,Remix,2024-11-02T17:09:31Z
2026-09-11,v2:/8f554f1ea73f7c8d912fe9673ea8341cdc2d39b93694854b7262fd3bf4c02f5b,[VIRTUAL]1 x Rhythm of Chaos for 500 MtxCurrency,500,500,0,0.0,0,2026-09-05T00:00:00Z,2026-09-11T23:59:59.999Z,1,0,-4,Unvaulted,Unvaulted,185,tileGrid,Size_1_x_1,,0,,1,br,EID_MissusMind,Rhythm of Chaos,emote,uncommon,,Bleakest Bedlam,2,Remix,2024-11-02T17:09:31Z
2026-09-11,v2:/ebd8a9c2443b43af0d26e87db2d64fee1f5716fbf77f249dd5c8e87db1d58b8c,[VIRTUAL]1 x Raiden's Staff for 800 MtxCurrency,800,800,0,0.0,0,2026-09-06T00:00:00Z,2026-09-12T23:59:59.999Z,1,0,-1,MortalKombat1,Mortal Kombat,184,tileGrid,Size_1_x_1,,0,,1,br,Pickaxe_TotalFlock,Raiden's Staff,pickaxe,gaminglegends,Gaming Legends Series,Klassic Kombat,6,2,2025-03-27T15:08:18Z
2026-09-11,v2:/27f53244d601d8a1f10c3d262e320b81950839e8eeb22098ed1d0a3e8fcbff37,[VIRTUAL]1 x Rock and Stone for 300 MtxCurrency,300,300,0,0.0,0,2026-09-08T00:00:00Z,2026-09-11T23:59:59.999Z,1,0,-3,DRG,Deep Rock Galactic,182,tileGrid,Size_1_x_1,,0,,1,br,EID_CampusSire_Gem,Rock and Stone,emote,gaminglegends,Gaming Legends Series,Deep Rock Galactic,6,5,2025-08-30T00:00:00Z
2026-09-11,v2:/0f9a7cb62e948184796fb0be1a8be2e06093e3c890eea400e371cf3f07381e90,[VIRTUAL]1 x Welcome To The Jungle for 500 MtxCurrency,500,500,0,0.0,0,2026-09-01T00:00:00Z,2026-09-30T23:59:59.999Z,1,0,-60,JT091126,Jam Tracks,180,expandableList,Size_1_x_1,,0,,1,track,sid_placeholder_272,Welcome To The Jungle,,,,,,,2024-08-09T00:00:00Z
2026-09-11,v2:/189a21578027809123fa275d6447f4427bfe701ef1cd8023954570a6279b97d5,[VIRTUAL]1 x TBD (SID_Placeholder_744) for 500 MtxCurrency,500,500,0,0.0,0,2026-09-01T00:00:00Z,2026-09-30T23:59:59.999Z,1,0,-83,JT091126,Jam Tracks,180,expandableList,Size_1_x_1,,0,,1,track,sid_placeholder_744,Just Pretend,,,,,,,2026-02-11T04:45:25Z
2026-09-11,v2:/cb4b248251d57dd6a8d88200e6f84bc2b06a3e54a3af4bdcc6f71db140a4dedf,[VIRTUAL]1 x Happier Than Ever - Edit for 500 MtxCurrency,500,500,0,0.0,0,2026-09-01T00:00:00Z,2026-09-30T23:59:59.999Z,1,0,-35,JT091126,Jam Tracks,180,expandableList,Size_1_x_1,,0,,1,track,sid_placeholder_171,Happier Than Ever - Edit,,,,,,,2024-04-23T00:00:00Z
2026-09-11,v2:/695e483107f610d0df769f5b8787bfe107050f8d23e00576af3a44f0ed8c7c24,[VIRTUAL]1 x Come & Go for 500 MtxCurrency,500,500,0,0.0,0,2026-09-11T00:00:00Z,2026-09-17T23:59:59.999Z,1,0,-2,JT091126,Jam Tracks,180,tileGrid,Size_1_x_1,,0,,1,track,sid_placeholder_28,Come & Go,,,,,,,2024-03-14T03:43:45Z
2026-09-11,v2:/d558dee158377087c874a8af7a5649a14b9e9cdf514f2d6d61cef907c2435b64,[VIRTUAL]1 x Champion PJ for 1000 MtxCurrency,1000,1000,0,0.0,0,2026-09-10T00:00:00Z,2026-09-13T23:59:59.999Z,1,0,-2,ChampPJFNCS,FNCS,193,tileGrid,Size_2_x_1,,0,,1,br,Character_WaywardRebelFNCS,Champion PJ,outfit,rare,,FNCS,6,2,2025-04-08T08:41:18Z
2026-09-11,v2:/88cca8b4835564e0609c13770b1133685a6a60a3e91be2e0407807fbb9197a05,[VIRTUAL]1 x Nothing Else Matters for 500 MtxCurrency,500,500,0,0.0,0,2026-09-01T00:00:00Z,2026-09-30T23:59:59.999Z,1,0,-72,JT091126,Jam Tracks,180,expandableList,Size_1_x_1,,0,,1,track,sid_placeholder_237,Nothing Else Matters,,,,,,,2024-06-20T00:00:00Z
2026-09-11,v2:/0e4eb5d38447bbc87ff52b3ac69c892365a4fbf7a2b6d58fa4a6a3df988ca702,[VIRTUAL]1 x Lux Æterna for 500 MtxCurrency,500,500,0,0.0,0,2026-09-01T00:00:00Z,2026-09-30T23:59:59.999Z,1,0,-88,JT091126,Jam Tracks,180,expandableList,Size_1_x_1,,0,,1,track,sid_placeholder_236,Lux Æterna,,,,,,,2024-06-20T00:00:00Z
2026-09-11,v2:/90777100c8d0561beb6514fb8bd6a80483af562908984924034c013a79cf7636,[VIRTUAL]1 x Cuddle Bow for 200 MtxCurrency,200,200,0,0.0,0,2026-09-09T00:00:00Z,2026-09-13T23:59:59.999Z,1,0,-3,,,,,Size_1_x_1,,0,,1,br,BID_023_Pinkbear,Cuddle Bow,backpack,legendary,,Royale Hearts,1,3,2019-11-20T12:50:41Z
2026-09-11,v2:/5d4f5e9ab2d5135a9f80a1ca97bbe8c7cf003238050bf1bb2f6cbabfc6fcd4c6,[VIRTUAL]1 x TBD (SID_Placeholder_775) for 500 MtxCurrency,500,500,0,0.0,0,2026-09-01T00:00:00Z,2026-09-30T23:59:59.999Z,1,0,-79,JT091126,Jam Tracks,180,expandableList,Size_1_x_1,,0,,1,track,sid_placeholder_775,A Thousand Miles,,,,,,,2026-04-16T08:01:05Z
2026-09-11,v2:/0f60d4763965ed4b74b6d1e864fb32661c9bb590f385f714df576f377cd316ab,[VIRTUAL]1 x TBD (SID_Placeholder_594) for 500 MtxCurrency,500,500,0,0.0,0,2026-09-01T00:00:00Z,2026-09-30T23:59:59.999Z,1,0,-32,JT091126,Jam Tracks,180,expandableList,Size_1_x_1,,0,,1,track,sid_placeholder_594,Sunflower - Spider-Man: Into the Spider-Verse,,,,,,,2025-06-04T00:24:13Z
2026-09-11,v2:/03779421649e87738299f84ae0030cda55db9dd6215bc1bec3c05539599881bc,[VIRTUAL]1 x Walk Em Down for 500 MtxCurrency,500,500,0,0.0,0,2026-09-01T00:00:00Z,2026-09-30T23:59:59.999Z,1,0,-57,JT091126,Jam Tracks,180,expandableList,Size_1_x_1,,0,,1,track,sid_placeholder_269,Walk Em Down,,,,,,,2024-07-18T13:57:48Z
2026-09-11,v2:/3376ee513e4a6ffbd1132a7c410c77713f01ac1d0254175f5da20e2b75fa6d1e,[VIRTUAL]1 x Limitless (Murda Beatz Remix) for 500 MtxCurrency,500,500,0,0.0,0,2026-09-05T00:00:00Z,2026-09-11T23:59:59.999Z,1,0,-5,Unvaulted,Unvaulted,185,tileGrid,Size_1_x_1,,0,,1,track,sid_placeholder_352,Limitless (Murda Beatz Remix),,,,,,,2024-11-02T07:02:33Z
2026-09-11,v2:/ff1069eb9dba0f3239fadb41057439505c5b12a02ee95f3d6e99b540095e29d0,[VIRTUAL]1 x TBD (SID_Placeholder_732) for 500 MtxCurrency,500,500,0,0.0,0,2026-09-11T00:00:00Z,2026-09-17T23:59:59.999Z,1,0,-4,JT091126,Jam Tracks,180,tileGrid,Size_1_x_1,,0,,1,track,sid_placeholder_732,Mary on a Cross,,,,,,,2026-01-22T14:02:05Z
2026-09-11,v2:/7cbb866a82d1e2c89f77c985def60fbe0ef59b05fba6918e6fd3763fb5cacbcb,[VIRTUAL]1 x Ridgeback for 300 MtxCurrency,300,300,0,0.0,0,2026-09-09T00:00:00Z,2026-09-13T23:59:59.999Z,1,0,-2,,,,,Size_1_x_1,,0,,1,br,BID_387_PunkDevil,Ridgeback,backpack,rare,,Midnight Star,2,1,2019-11-20T12:51:14Z
2026-09-11,v2:/dfdeac072121ab792fbdcd43a9ec27485dfe5872e09475a6901b7920191a6145,[VIRTUAL]1 x The Final Countdown for 500 MtxCurrency,500,500,0,0.0,0,2026-09-01T00:00:00Z,2026-09-30T23:59:59.999Z,1,0,-81,JT091126,Jam Tracks,180,expandableList,Size_1_x_1,,0,,1,track,sid_placeholder_261,The Final Countdown,,,,,,,2024-07-26T00:00:00Z
2026-09-11,v2:/ff7e8d0495e6500700111f64c84ebe0393681800416c71989982ae38179be3c8,[VIRTUAL]1 x Dirty Little Secret for 500 MtxCurrency,500,500,0,0.0,0,2026-09-01T00:00:00Z,2026-09-30T23:59:59.999Z,1,0,-19,JT091126,Jam Tracks,180,expandableList,Size_1_x_1,,0,,1,track,sid_placeholder_82,Dirty Little Secret,,,,,,,2023-12-12T00:00:00Z
2026-09-11,v2:/25689a889dc842e09f946d784cf39aeae6cd4922c2afcdec93d930859edf51f1,"[VIRTUAL]1 x Tender Defender, 1 x Hatchback for -1 MtxCurrency",1500,1500,0,0.0,0,2026-09-08T00:00:00Z,2026-09-13T23:59:59.999Z,1,0,-4,BR091126,Full Flex,187,tileGrid,Size_1_x_1,,0,,2,br,CID_274_Athena_Commando_M_Feathers,Tender Defender,outfit,epic,,Fowl Play,1,6,2019-11-20T12:50:11Z
2026-09-11,v2:/25689a889dc842e09f946d784cf39aeae6cd4922c2afcdec93d930859edf51f1,"[VIRTUAL]1 x Tender Defender, 1 x Hatchback for -1 MtxCurrency",1500,1500,0,0.0,0,2026-09-08T00:00:00Z,2026-09-13T23:59:59.999Z,1,0,-4,BR091126,Full Flex,187,tileGrid,Size_1_x_1,,0,,2,br,BID_154_Feathers,Hatchback,backpack,epic,,Fowl Play,1,6,2019-11-20T12:50:37Z
2026-09-11,v2:/9a1d28571a6ae64174a98ee10076fcedf163b17ee4d8494344b2b3d3138caeb6,[VIRTUAL]1 x Pupper Slippers for 600 MtxCurrency,600,600,0,0.0,0,2026-09-07T00:00:00Z,2026-09-13T23:59:59.999Z,1,0,-5,BR091126,Full Flex,187,tileGrid,Size_1_x_1,,0,,1,br,Shoes_HowlFeast,Pupper Slippers,shoe,uncommon,,,6,4,2025-06-08T00:19:13Z
2026-09-11,v2:/c67c6ce454692604be0fd3de043b1e87e52fdb8db2532017a14670f768018504,[VIRTUAL]1 x Barbarian for 500 MtxCurrency,500,500,0,0.0,0,2026-09-01T00:00:00Z,2026-09-30T23:59:59.999Z,1,0,-89,JT091126,Jam Tracks,180,expandableList,Size_1_x_1,,0,,1,track,sid_placeholder_430,Barbarian,,,,,,,2024-12-01T01:00:00Z
2026-09-11,v2:/ecceff8d2243b841a440f6b839721a276ebaad787050edc0b580e002a8f867bb,[VIRTUAL]1 x TBD (SID_Placeholder_587) for 500 MtxCurrency,500,500,0,0.0,0,2026-09-01T00:00:00Z,2026-09-30T23:59:59.999Z,1,0,-51,JT091126,Jam Tracks,180,expandableList,Size_1_x_1,,0,,1,track,sid_placeholder_587,Dream On,,,,,,,2025-05-14T00:00:00Z
2026-09-11,v2:/beb1707ba167b4484c14f6a7d0f6a697892a067892f92b1f0fe4d2497a5b0393,[VIRTUAL]1 x Meowdas for 1500 MtxCurrency,1500,1500,0,0.0,0,2026-09-05T00:00:00Z,2026-09-11T23:59:59.999Z,1,0,-1,Unvaulted,Unvaulted,185,tileGrid,Size_2_x_1,,0,,1,br,Character_GoldCat_Claw,Meowdas,outfit,epic,,Swole 'n Gold,2,Remix,2024-11-02T17:09:31Z
2026-09-11,v2:/a7fc11b6aa53710a229a971b95839a9e6149a730387c09f8b6b3256ea59f7781,[VIRTUAL]1 x Song 2 for 500 MtxCurrency,500,500,0,0.0,0,2026-09-08T00:00:00Z,2026-09-11T23:59:59.999Z,1,0,-4,VV091126,Zero Chill,194,tileGrid,Size_1_x_1,,0,,1,br,EID_TeenSpirit,Song 2,emote,icon,Icon Series,,6,5,2025-09-08T05:24:38Z
2026-09-11,v2:/4022673e6125b7d052c33072eb71569d4b416bde4b54d84128cea42ad91605bf,[VIRTUAL]1 x TBD (SID_Placeholder_497) for 500 MtxCurrency,500,500,0,0.0,0,2026-09-01T00:00:00Z,2026-09-30T23:59:59.999Z,1,0,-92,JT091126,Jam Tracks,180,expandableList,Size_1_x_1,,0,,1,track,sid_placeholder_497,Still Into You,,,,,,,2025-03-18T15:58:31Z
2026-09-11,v2:/7d5d19a17360328c75afef2ce5236f8fa4f62c7699a7b66ee8121fe73610c1aa,[VIRTUAL]1 x Please Please Please for 500 MtxCurrency,500,500,0,0.0,0,2026-09-08T00:00:00Z,2026-09-12T23:59:59.999Z,1,0,-1,SabrinaCarpenterSweet,Sabrina Carpenter,178,tileGrid,Size_1_x_1,,0,,1,br,EID_DimeBlanketGrace,Please Please Please,emote,icon,Icon Series,Sabrina Carpenter,6,2,2025-04-08T08:00:00Z
2026-09-11,v2:/14100308a831420e5be3018bba70f7839725bcada138d88a5231d8ebdb54261f,[VIRTUAL]1 x Tactical Guff for 500 MtxCurrency,500,500,0,0.0,0,2026-09-05T00:00:00Z,2026-09-11T23:59:59.999Z,1,0,-5,Unvaulted,Unvaulted,185,tileGrid,Size_1_x_1,,0,,1,br,Wrap_DenimEquip,Tactical Guff,wrap,rare,,Mighty Questie,2,Remix,2024-11-02T17:09:31Z
2026-09-11,v2:/a308378bef2c221a07427634ef7b9a6feccc6fc10643def44afb6cef155ccf36,[VIRTUAL]1 x TBD (SID_Placeholder_796) for 500 MtxCurrency,500,500,0,0.0,0,2026-09-01T00:00:00Z,2026-09-30T23:59:59.999Z,1,0,-43,JT091126,Jam Tracks,180,expandableList,Size_1_x_1,,0,,1,track,sid_placeholder_796,Snow on The Bluff,,,,,,,2026-05-26T14:09:46Z
2026-09-11,v2:/3eaeaf2b559e02554e836dca92071251de5d8fdaca68a93046671079e0960061,[VIRTUAL]1 x NaNa Scroll for 300 MtxCurrency,300,300,0,0.0,0,2026-09-09T00:00:00Z,2026-09-13T23:59:59.999Z,1,0,-1,,,,,Size_1_x_1,,0,,1,br,Backpack_BananaPhilosopher,NaNa Scroll,backpack,uncommon,,Bananontology,5,2,2024-04-23T08:26:50Z
2026-09-11,v2:/c7a264a19af69fc45fd9d4095f8a1aaf4212ac621672a7face955eb101cd4d79,[VIRTUAL]1 x Save Your Tears for 500 MtxCurrency,500,500,0,0.0,0,2026-09-11T00:00:00Z,2026-09-17T23:59:59.999Z,1,0,-3,JT091126,Jam Tracks,180,tileGrid,Size_1_x_1,,0,,1,track,sid_placeholder_05,Save Your Tears,,,,,,,2023-12-09T15:00:00Z
2026-09-11,v2:/5c8ffb2ae2c4bbbf490626be13fba21bc3be929d553589bde925d14c0aa4d49d,[VIRTUAL]1 x Blank for 400 MtxCurrency,400,400,0,0.0,0,2026-09-11T00:00:00Z,2026-09-17T23:59:59.999Z,1,0,-1,,,,,Size_3_x_1,,0,,1,car,Wheel_BurnishedRaven01,Cadillac CT5-V Blackwing,wheel,uncommon,,,,,2026-09-10T13:00:47Z
2026-09-11,v2:/4ebf1334d3daa35a3bf879f88120030e1d7e434d0e896531407e22dea7f2c23f,[VIRTUAL]1 x The Search for 500 MtxCurrency,500,500,0,0.0,0,2026-09-01T00:00:00Z,2026-09-30T23:59:59.999Z,1,0,-1,JT091126,Jam Tracks,180,expandableList,Size_1_x_1,,0,,1,track,sid_placeholder_56,The Search,,,,,,,2023-12-11T00:00:00Z
2026-09-11,v2:/3c1eb02d50ef331337c15d26f10b801cbf93f46626fd359dbcd4a75182348e4f,[VIRTUAL]1 x FNCS Raider for 200 MtxCurrency,200,200,0,0.0,0,2026-09-10T00:00:00Z,2026-09-13T23:59:59.999Z,1,0,-1,ChampPJFNCS,FNCS,193,tileGrid,Size_1_x_1,,0,,1,br,Backpack_FNCS_S34,FNCS Raider,backpack,rare,,FNCS,6,2,2025-04-08T08:41:18Z
2026-09-11,v2:/137b09aaa1b6b4685444ff4d1a03ab8812975fdcbfab5e8ebe80b5a72fe435ba,"[VIRTUAL]1 x Semibot, 1 x Inflatable Hammer for -1 MtxCurrency",2300,1800,500,0.2174,1,2026-09-09T00:00:00Z,2026-09-12T23:59:59.999Z,1,0,-1,REPO,R.E.P.O,192,tileGrid,Size_2_x_1,,1,R.E.P.O. Bundle,2,br,Character_ServeStreet,Semibot,outfit,gaminglegends,Gaming Legends Series,R.E.P.O.,6,5,2025-10-09T18:35:35Z
2026-09-11,v2:/137b09aaa1b6b4685444ff4d1a03ab8812975fdcbfab5e8ebe80b5a72fe435ba,"[VIRTUAL]1 x Semibot, 1 x Inflatable Hammer for -1 MtxCurrency",2300,1800,500,0.2174,1,2026-09-09T00:00:00Z,2026-09-12T23:59:59.999Z,1,0,-1,REPO,R.E.P.O,192,tileGrid,Size_2_x_1,,1,R.E.P.O. Bundle,2,br,Pickaxe_ServeStreet,Inflatable Hammer,pickaxe,gaminglegends,Gaming Legends Series,R.E.P.O.,6,5,2025-10-09T18:35:35Z
2026-09-11,v2:/9eea0be4961143a90ca361afda1334ab9a21e3cd594353161591a52290879cac,[VIRTUAL]1 x TBD (SID_Placeholder_538) for 500 MtxCurrency,500,500,0,0.0,0,2026-09-01T00:00:00Z,2026-09-30T23:59:59.999Z,1,0,-66,JT091126,Jam Tracks,180,expandableList,Size_1_x_1,,0,,1,track,sid_placeholder_538,Juno,,,,,,,2025-04-08T08:40:23Z
2026-09-11,v2:/fef5293880c6c42463d34fb76a89fa8cb38ffc6159914cbc415eef2093ff8e37,[VIRTUAL]1 x Undercover Skye for 1200 MtxCurrency,1200,1200,0,0.0,0,2026-09-05T00:00:00Z,2026-09-11T23:59:59.999Z,1,0,-2,Unvaulted,Unvaulted,185,tileGrid,Size_1_x_1,,0,,1,br,Character_DenimEquip_Stock,Undercover Skye,outfit,epic,,Mighty Questie,2,Remix,2024-11-02T17:09:31Z
2026-09-11,v2:/87a7146276482daa0ecc6bcab49917ec69f8c713619f6474490928c05bc95642,[VIRTUAL]1 x 1-Ball for 1200 MtxCurrency,1200,1200,0,0.0,0,2026-09-05T00:00:00Z,2026-09-11T23:59:59.999Z,1,0,-2,Unvaulted,Unvaulted,185,tileGrid,Size_1_x_1,,0,,1,br,Character_StageCue_Chalk,1-Ball,outfit,epic,,In the Pocket,2,Remix,2024-11-02T17:09:31Z
2026-09-11,v2:/82c1b626274016ba0cd968b568a6964e05e8f8f5adbf07144a2a762e6a5afc7a,[VIRTUAL]1 x A WEATHER BALLOON for 500 MtxCurrency,500,500,0,0.0,0,2026-09-08T00:00:00Z,2026-09-14T23:59:59.999Z,1,0,-2,,,,,Size_1_x_1,,0,,1,br,BID_822_AlienSummer,A WEATHER BALLOON,backpack,epic,,Hot Alien Summer,2,7,2021-08-03T11:17:43Z
2026-09-11,v2:/e30b9910f9e3826de9c50d45f46fd633dbf20d5880487cb37ddfb4ee45d91009,"[VIRTUAL]1 x Crash Bandicoot, 1 x Bandicoot, 1 x Spyro the Dragon, 1 x Aku Aku, 1 x Crash's Victory, 1 x Crash's Wumpa Mace for -1 MtxCurrency",4900,3000,1900,0.3878,1,2026-08-29T00:00:00Z,2026-09-11T23:59:59.999Z,1,0,-1,CrashSpyro1,Crash Bandicoot & Spyro the Dragon,190,tileGrid,Size_4_x_1,,1,Crash Bandicoot & Spyro the Dragon Bundle,6,br,Character_SpruceBark,Crash Bandicoot,outfit,gaminglegends,Gaming Legends Series,Crash Bandicoot,7,4,2026-08-26T23:33:06Z
2026-09-11,v2:/e30b9910f9e3826de9c50d45f46fd633dbf20d5880487cb37ddfb4ee45d91009,"[VIRTUAL]1 x Crash Bandicoot, 1 x Bandicoot, 1 x Spyro the Dragon, 1 x Aku Aku, 1 x Crash's Victory, 1 x Crash's Wumpa Mace for -1 MtxCurrency",4900,3000,1900,0.3878,1,2026-08-29T00:00:00Z,2026-09-11T23:59:59.999Z,1,0,-1,CrashSpyro1,Crash Bandicoot & Spyro the Dragon,190,tileGrid,Size_4_x_1,,1,Crash Bandicoot & Spyro the Dragon Bundle,6,br,Wrap_SpruceBark,Bandicoot,wrap,gaminglegends,Gaming Legends Series,Crash Bandicoot,7,4,2026-08-26T23:33:06Z
2026-09-11,v2:/e30b9910f9e3826de9c50d45f46fd633dbf20d5880487cb37ddfb4ee45d91009,"[VIRTUAL]1 x Crash Bandicoot, 1 x Bandicoot, 1 x Spyro the Dragon, 1 x Aku Aku, 1 x Crash's Victory, 1 x Crash's Wumpa Mace for -1 MtxCurrency",4900,3000,1900,0.3878,1,2026-08-29T00:00:00Z,2026-09-11T23:59:59.999Z,1,0,-1,CrashSpyro1,Crash Bandicoot & Spyro the Dragon,190,tileGrid,Size_4_x_1,,1,Crash Bandicoot & Spyro the Dragon Bundle,6,br,Companion_SandyInland,Spyro the Dragon,sidekick,gaminglegends,Gaming Legends Series,Spyro,7,4,2026-08-27T13:00:15Z
2026-09-11,v2:/e30b9910f9e3826de9c50d45f46fd633dbf20d5880487cb37ddfb4ee45d91009,"[VIRTUAL]1 x Crash Bandicoot, 1 x Bandicoot, 1 x Spyro the Dragon, 1 x Aku Aku, 1 x Crash's Victory, 1 x Crash's Wumpa Mace for -1 MtxCurrency",4900,3000,1900,0.3878,1,2026-08-29T00:00:00Z,2026-09-11T23:59:59.999Z,1,0,-1,CrashSpyro1,Crash Bandicoot & Spyro the Dragon,190,tileGrid,Size_4_x_1,,1,Crash Bandicoot & Spyro the Dragon Bundle,6,br,Backpack_SpruceBark,Aku Aku,backpack,gaminglegends,Gaming Legends Series,Crash Bandicoot,7,4,2026-08-27T13:00:15Z
2026-09-11,v2:/e30b9910f9e3826de9c50d45f46fd633dbf20d5880487cb37ddfb4ee45d91009,"[VIRTUAL]1 x Crash Bandicoot, 1 x Bandicoot, 1 x Spyro the Dragon, 1 x Aku Aku, 1 x Crash's Victory, 1 x Crash's Wumpa Mace for -1 MtxCurrency",4900,3000,1900,0.3878,1,2026-08-29T00:00:00Z,2026-09-11T23:59:59.999Z,1,0,-1,CrashSpyro1,Crash Bandicoot & Spyro the Dragon,190,tileGrid,Size_4_x_1,,1,Crash Bandicoot & Spyro the Dragon Bundle,6,br,EID_SpruceBark,Crash's Victory,emote,gaminglegends,Gaming Legends Series,Crash Bandicoot,7,4,2026-08-26T23:33:06Z
2026-09-11,v2:/e30b9910f9e3826de9c50d45f46fd633dbf20d5880487cb37ddfb4ee45d91009,"[VIRTUAL]1 x Crash Bandicoot, 1 x Bandicoot, 1 x Spyro the Dragon, 1 x Aku Aku, 1 x Crash's Victory, 1 x Crash's Wumpa Mace for -1 MtxCurrency",4900,3000,1900,0.3878,1,2026-08-29T00:00:00Z,2026-09-11T23:59:59.999Z,1,0,-1,CrashSpyro1,Crash Bandicoot & Spyro the Dragon,190,tileGrid,Size_4_x_1,,1,Crash Bandicoot & Spyro the Dragon Bundle,6,br,Pickaxe_SpruceBark,Crash's Wumpa Mace,pickaxe,gaminglegends,Gaming Legends Series,Crash Bandicoot,7,4,2026-08-27T13:00:15Z
2026-09-11,v2:/49a13a2d98bfedc4aeaebef7c9b048aaae9c7eb989871e86182e5d3a86b31737,[VIRTUAL]1 x Party Rock Anthem for 500 MtxCurrency,500,500,0,0.0,0,2026-09-01T00:00:00Z,2026-09-30T23:59:59.999Z,1,0,-9,JT091126,Jam Tracks,180,expandableList,Size_1_x_1,,0,,1,track,sid_placeholder_10,Party Rock Anthem,,,,,,,2023-12-11T00:00:00Z
2026-09-11,v2:/fa44b1971250321932296dd0b7e42935524a81a08a4e359afeca910a0a519c3c,[VIRTUAL]1 x Black Beatles for 500 MtxCurrency,500,500,0,0.0,0,2026-09-01T00:00:00Z,2026-09-30T23:59:59.999Z,1,0,-3,JT091126,Jam Tracks,180,expandableList,Size_1_x_1,,0,,1,track,sid_placeholder_291,Black Beatles,,,,,,,2024-08-09T02:00:00Z
2026-09-11,v2:/530227f962cb9bdcbcb82e39760d42e654e65fad22ed459b96724a8c6eb47be4,[VIRTUAL]1 x TBD (SID_Placeholder_482) for 500 MtxCurrency,500,500,0,0.0,0,2026-09-10T00:00:00Z,2026-09-13T23:59:59.999Z,1,0,-5,Hatsune2,Hatsune Miku,179,tileGrid,Size_1_x_1,,0,,1,track,sid_placeholder_482,Daisy 2.0,,,,,,,2025-01-14T09:00:00Z
2026-09-11,v2:/76b855f3c8e4c18081d0fef71b7c5b6bda46fd4572ace46c456620762e06e19c,[VIRTUAL]1 x TBD (SID_Placeholder_546) for 500 MtxCurrency,500,500,0,0.0,0,2026-09-01T00:00:00Z,2026-09-30T23:59:59.999Z,1,0,-100,JT091126,Jam Tracks,180,expandableList,Size_1_x_1,,0,,1,track,sid_placeholder_546,Through the Fire and Flames,,,,,,,2025-03-15T00:10:15Z
2026-09-11,v2:/c80f289f378c30d15489e2940389751e8ab0979721b0217c0469805017cd978c,[VIRTUAL]1 x Phono Follies for 300 MtxCurrency,300,300,0,0.0,0,2026-09-09T00:00:00Z,2026-09-11T23:59:59.999Z,1,0,-3,SommersetLockerBundle,Sommerset's Locker ,177,tileGrid,Size_1_x_1,,0,,1,br,EID_Phonograph,Phono Follies,emote,uncommon,,,2,6,2021-03-17T11:14:28Z
2026-09-11,v2:/ee04f4814e50b10f7b3be7d450498b7484f7df8bafc04ba58fcbb2553d3884a7,[VIRTUAL]1 x Fade to Black for 500 MtxCurrency,500,500,0,0.0,0,2026-09-01T00:00:00Z,2026-09-30T23:59:59.999Z,1,0,-5,JT091126,Jam Tracks,180,expandableList,Size_1_x_1,,0,,1,track,sid_placeholder_240,Fade to Black,,,,,,,2024-08-01T19:28:39Z
2026-09-11,v2:/5a7cb0aa715e1b8be77b2c76781747b1c922c8db44461855a10f4acb3801bace,"[VIRTUAL]1 x Mega Man (Dual Override), 1 x Buster Cannon Fire Sword, 1 x Mega Man X, 1 x Buster Cannon Blades, 1 x E-Tank Power Pack, 1 x Zero (Mega Man), 1 x Z-Saber, 1 x Z-Saber, 1 x Rush (Mega Man), 1 x Mega Buster Flex for -1 MtxCurrency",7300,3800,3500,0.4795,1,2026-09-11T00:00:00Z,2026-09-20T23:59:59.999Z,1,0,-1,MegamanNew,Mega Man,198,billboard,Size_4_x_1,Z-Saber Gradient style will be added in a future update,1,Mega Man Bundle,10,br,Character_DuneBriefMerry,Mega Man (Dual Override),outfit,gaminglegends,Gaming Legends Series,Mega Man,7,4,2026-09-07T20:23:20Z
2026-09-11,v2:/5a7cb0aa715e1b8be77b2c76781747b1c922c8db44461855a10f4acb3801bace,"[VIRTUAL]1 x Mega Man (Dual Override), 1 x Buster Cannon Fire Sword, 1 x Mega Man X, 1 x Buster Cannon Blades, 1 x E-Tank Power Pack, 1 x Zero (Mega Man), 1 x Z-Saber, 1 x Z-Saber, 1 x Rush (Mega Man), 1 x Mega Buster Flex for -1 MtxCurrency",7300,3800,3500,0.4795,1,2026-09-11T00:00:00Z,2026-09-20T23:59:59.999Z,1,0,-1,MegamanNew,Mega Man,198,billboard,Size_4_x_1,Z-Saber Gradient style will be added in a future update,1,Mega Man Bundle,10,br,Pickaxe_DuneBriefMerry,Buster Cannon Fire Sword,pickaxe,gaminglegends,Gaming Legends Series,Mega Man,7,4,2026-09-07T20:23:20Z
2026-09-11,v2:/5a7cb0aa715e1b8be77b2c76781747b1c922c8db44461855a10f4acb3801bace,"[VIRTUAL]1 x Mega Man (Dual Override), 1 x Buster Cannon Fire Sword, 1 x Mega Man X, 1 x Buster Cannon Blades, 1 x E-Tank Power Pack, 1 x Zero (Mega Man), 1 x Z-Saber, 1 x Z-Saber, 1 x Rush (Mega Man), 1 x Mega Buster Flex for -1 MtxCurrency",7300,3800,3500,0.4795,1,2026-09-11T00:00:00Z,2026-09-20T23:59:59.999Z,1,0,-1,MegamanNew,Mega Man,198,billboard,Size_4_x_1,Z-Saber Gradient style will be added in a future update,1,Mega Man Bundle,10,br,Character_DuneBriefShift,Mega Man X,outfit,gaminglegends,Gaming Legends Series,Mega Man,7,4,2026-09-07T20:23:20Z
2026-09-11,v2:/5a7cb0aa715e1b8be77b2c76781747b1c922c8db44461855a10f4acb3801bace,"[VIRTUAL]1 x Mega Man (Dual Override), 1 x Buster Cannon Fire Sword, 1 x Mega Man X, 1 x Buster Cannon Blades, 1 x E-Tank Power Pack, 1 x Zero (Mega Man), 1 x Z-Saber, 1 x Z-Saber, 1 x Rush (Mega Man), 1 x Mega Buster Flex for -1 MtxCurrency",7300,3800,3500,0.4795,1,2026-09-11T00:00:00Z,2026-09-20T23:59:59.999Z,1,0,-1,MegamanNew,Mega Man,198,billboard,Size_4_x_1,Z-Saber Gradient style will be added in a future update,1,Mega Man Bundle,10,br,Pickaxe_DuneBriefShift,Buster Cannon Blades,pickaxe,gaminglegends,Gaming Legends Series,Mega Man,7,4,2026-09-07T20:23:20Z
2026-09-11,v2:/5a7cb0aa715e1b8be77b2c76781747b1c922c8db44461855a10f4acb3801bace,"[VIRTUAL]1 x Mega Man (Dual Override), 1 x Buster Cannon Fire Sword, 1 x Mega Man X, 1 x Buster Cannon Blades, 1 x E-Tank Power Pack, 1 x Zero (Mega Man), 1 x Z-Saber, 1 x Z-Saber, 1 x Rush (Mega Man), 1 x Mega Buster Flex for -1 MtxCurrency",7300,3800,3500,0.4795,1,2026-09-11T00:00:00Z,2026-09-20T23:59:59.999Z,1,0,-1,MegamanNew,Mega Man,198,billboard,Size_4_x_1,Z-Saber Gradient style will be added in a future update,1,Mega Man Bundle,10,br,Backpack_DuneBriefShift,E-Tank Power Pack,backpack,gaminglegends,Gaming Legends Series,Mega Man,7,4,2026-09-07T20:23:20Z
2026-09-11,v2:/5a7cb0aa715e1b8be77b2c76781747b1c922c8db44461855a10f4acb3801bace,"[VIRTUAL]1 x Mega Man (Dual Override), 1 x Buster Cannon Fire Sword, 1 x Mega Man X, 1 x Buster Cannon Blades, 1 x E-Tank Power Pack, 1 x Zero (Mega Man), 1 x Z-Saber, 1 x Z-Saber, 1 x Rush (Mega Man), 1 x Mega Buster Flex for -1 MtxCurrency",7300,3800,3500,0.4795,1,2026-09-11T00:00:00Z,2026-09-20T23:59:59.999Z,1,0,-1,MegamanNew,Mega Man,198,billboard,Size_4_x_1,Z-Saber Gradient style will be added in a future update,1,Mega Man Bundle,10,br,Character_TackleShow,Zero (Mega Man),outfit,gaminglegends,Gaming Legends Series,Mega Man,7,4,2026-09-07T20:23:20Z
2026-09-11,v2:/5a7cb0aa715e1b8be77b2c76781747b1c922c8db44461855a10f4acb3801bace,"[VIRTUAL]1 x Mega Man (Dual Override), 1 x Buster Cannon Fire Sword, 1 x Mega Man X, 1 x Buster Cannon Blades, 1 x E-Tank Power Pack, 1 x Zero (Mega Man), 1 x Z-Saber, 1 x Z-Saber, 1 x Rush (Mega Man), 1 x Mega Buster Flex for -1 MtxCurrency",7300,3800,3500,0.4795,1,2026-09-11T00:00:00Z,2026-09-20T23:59:59.999Z,1,0,-1,MegamanNew,Mega Man,198,billboard,Size_4_x_1,Z-Saber Gradient style will be added in a future update,1,Mega Man Bundle,10,br,Pickaxe_TackleShow,Z-Saber,pickaxe,gaminglegends,Gaming Legends Series,Mega Man,7,4,2026-09-07T20:23:20Z
2026-09-11,v2:/5a7cb0aa715e1b8be77b2c76781747b1c922c8db44461855a10f4acb3801bace,"[VIRTUAL]1 x Mega Man (Dual Override), 1 x Buster Cannon Fire Sword, 1 x Mega Man X, 1 x Buster Cannon Blades, 1 x E-Tank Power Pack, 1 x Zero (Mega Man), 1 x Z-Saber, 1 x Z-Saber, 1 x Rush (Mega Man), 1 x Mega Buster Flex for -1 MtxCurrency",7300,3800,3500,0.4795,1,2026-09-11T00:00:00Z,2026-09-20T23:59:59.999Z,1,0,-1,MegamanNew,Mega Man,198,billboard,Size_4_x_1,Z-Saber Gradient style will be added in a future update,1,Mega Man Bundle,10,br,Backpack_TackleShow,Z-Saber,backpack,gaminglegends,Gaming Legends Series,Mega Man,7,4,2026-09-07T20:23:20Z
2026-09-11,v2:/5a7cb0aa715e1b8be77b2c76781747b1c922c8db44461855a10f4acb3801bace,"[VIRTUAL]1 x Mega Man (Dual Override), 1 x Buster Cannon Fire Sword, 1 x Mega Man X, 1 x Buster Cannon Blades, 1 x E-Tank Power Pack, 1 x Zero (Mega Man), 1 x Z-Saber, 1 x Z-Saber, 1 x Rush (Mega Man), 1 x Mega Buster Flex for -1 MtxCurrency",7300,3800,3500,0.4795,1,2026-09-11T00:00:00Z,2026-09-20T23:59:59.999Z,1,0,-1,MegamanNew,Mega Man,198,billboard,Size_4_x_1,Z-Saber Gradient style will be added in a future update,1,Mega Man Bundle,10,br,Companion_CacaoLynx,Rush (Mega Man),sidekick,uncommon,,Mega Man,7,4,2026-09-07T16:00:18Z
2026-09-11,v2:/5a7cb0aa715e1b8be77b2c76781747b1c922c8db44461855a10f4acb3801bace,"[VIRTUAL]1 x Mega Man (Dual Override), 1 x Buster Cannon Fire Sword, 1 x Mega Man X, 1 x Buster Cannon Blades, 1 x E-Tank Power Pack, 1 x Zero (Mega Man), 1 x Z-Saber, 1 x Z-Saber, 1 x Rush (Mega Man), 1 x Mega Buster Flex for -1 MtxCurrency",7300,3800,3500,0.4795,1,2026-09-11T00:00:00Z,2026-09-20T23:59:59.999Z,1,0,-1,MegamanNew,Mega Man,198,billboard,Size_4_x_1,Z-Saber Gradient style will be added in a future update,1,Mega Man Bundle,10,br,EID_DuneBrief,Mega Buster Flex,emote,gaminglegends,Gaming Legends Series,Mega Man,7,4,2026-09-07T20:23:20Z
2026-09-11,v2:/0dd61ecfd397b29f963532245ad50cfa5348043cf4265c2b3a5f13c0d6021c9d,[VIRTUAL]1 x TBD (SID_Placeholder_724) for 500 MtxCurrency,500,500,0,0.0,0,2026-09-01T00:00:00Z,2026-09-30T23:59:59.999Z,1,0,-95,JT091126,Jam Tracks,180,expandableList,Size_1_x_1,,0,,1,track,sid_placeholder_724,mirai,,,,,,,2026-01-13T19:59:54Z
2026-09-11,v2:/47e43b97a641ce554394fb31741d6e8fa3b6a4d60956ebadf5d823e457716b8f,[VIRTUAL]1 x Zadie for 1200 MtxCurrency,1200,1200,0,0.0,0,2026-09-08T00:00:00Z,2026-09-14T23:59:59.999Z,1,0,-1,NS090826,No Sweat,186,tileGrid,Size_1_x_1,,0,,1,br,CID_625_Athena_Commando_F_PinkTrooper,Zadie,outfit,rare,,Metal Masq,2,1,2020-01-15T09:35:54Z
2026-09-11,v2:/c11c95800d7714700c7148e435e18c537be74e1a45a0efc1550a8d256eea2d05,[VIRTUAL]1 x Bad Romance for 500 MtxCurrency,500,500,0,0.0,0,2026-09-01T00:00:00Z,2026-09-30T23:59:59.999Z,1,0,-4,JT091126,Jam Tracks,180,expandableList,Size_1_x_1,,0,,1,track,sid_placeholder_24,Bad Romance,,,,,,,2023-12-09T15:00:00Z
2026-09-11,v2:/9f4823b66e5cf35cf364d2c273597172a5a48d00e67bc0b9ed07dc7c52a9297f,"[VIRTUAL]1 x 1-Ball, 1 x Combat Cue, 1 x Combat Cue, 1 x The Break Shot, 1 x The Rack-Up, 1 x Baller Faller, 1 x Radiant 1, 1 x 1-Ball, 1 x Chalked Up 1-Ball for -1 MtxCurrency",3800,2000,1800,0.4737,1,2026-09-05T00:00:00Z,2026-09-11T23:59:59.999Z,1,0,-1,Unvaulted,Unvaulted,185,tileGrid,Size_3_x_1,,1,1-Ball Bundle,9,br,Character_StageCue_Chalk,1-Ball,outfit,epic,,In the Pocket,2,Remix,2024-11-02T17:09:31Z
2026-09-11,v2:/9f4823b66e5cf35cf364d2c273597172a5a48d00e67bc0b9ed07dc7c52a9297f,"[VIRTUAL]1 x 1-Ball, 1 x Combat Cue, 1 x Combat Cue, 1 x The Break Shot, 1 x The Rack-Up, 1 x Baller Faller, 1 x Radiant 1, 1 x 1-Ball, 1 x Chalked Up 1-Ball for -1 MtxCurrency",3800,2000,1800,0.4737,1,2026-09-05T00:00:00Z,2026-09-11T23:59:59.999Z,1,0,-1,Unvaulted,Unvaulted,185,tileGrid,Size_3_x_1,,1,1-Ball Bundle,9,br,Pickaxe_StageCue,Combat Cue,pickaxe,rare,,In the Pocket,2,Remix,2024-11-02T17:09:31Z
2026-09-11,v2:/9f4823b66e5cf35cf364d2c273597172a5a48d00e67bc0b9ed07dc7c52a9297f,"[VIRTUAL]1 x 1-Ball, 1 x Combat Cue, 1 x Combat Cue, 1 x The Break Shot, 1 x The Rack-Up, 1 x Baller Faller, 1 x Radiant 1, 1 x 1-Ball, 1 x Chalked Up 1-Ball for -1 MtxCurrency",3800,2000,1800,0.4737,1,2026-09-05T00:00:00Z,2026-09-11T23:59:59.999Z,1,0,-1,Unvaulted,Unvaulted,185,tileGrid,Size_3_x_1,,1,1-Ball Bundle,9,br,Backpack_StageCue,Combat Cue,backpack,rare,,In the Pocket,2,Remix,2024-11-02T17:09:31Z
2026-09-11,v2:/9f4823b66e5cf35cf364d2c273597172a5a48d00e67bc0b9ed07dc7c52a9297f,"[VIRTUAL]1 x 1-Ball, 1 x Combat Cue, 1 x Combat Cue, 1 x The Break Shot, 1 x The Rack-Up, 1 x Baller Faller, 1 x Radiant 1, 1 x 1-Ball, 1 x Chalked Up 1-Ball for -1 MtxCurrency",3800,2000,1800,0.4737,1,2026-09-05T00:00:00Z,2026-09-11T23:59:59.999Z,1,0,-1,Unvaulted,Unvaulted,185,tileGrid,Size_3_x_1,,1,1-Ball Bundle,9,br,EID_StageCue,The Break Shot,emote,uncommon,,In the Pocket,2,Remix,2024-11-02T17:09:31Z
2026-09-11,v2:/9f4823b66e5cf35cf364d2c273597172a5a48d00e67bc0b9ed07dc7c52a9297f,"[VIRTUAL]1 x 1-Ball, 1 x Combat Cue, 1 x Combat Cue, 1 x The Break Shot, 1 x The Rack-Up, 1 x Baller Faller, 1 x Radiant 1, 1 x 1-Ball, 1 x Chalked Up 1-Ball for -1 MtxCurrency",3800,2000,1800,0.4737,1,2026-09-05T00:00:00Z,2026-09-11T23:59:59.999Z,1,0,-1,Unvaulted,Unvaulted,185,tileGrid,Size_3_x_1,,1,1-Ball Bundle,9,br,Glider_StageCue,The Rack-Up,glider,epic,,In the Pocket,2,Remix,2024-11-02T17:09:31Z
2026-09-11,v2:/9f4823b66e5cf35cf364d2c273597172a5a48d00e67bc0b9ed07dc7c52a9297f,"[VIRTUAL]1 x 1-Ball, 1 x Combat Cue, 1 x Combat Cue, 1 x The Break Shot, 1 x The Rack-Up, 1 x Baller Faller, 1 x Radiant 1, 1 x 1-Ball, 1 x Chalked Up 1-Ball for -1 MtxCurrency",3800,2000,1800,0.4737,1,2026-09-05T00:00:00Z,2026-09-11T23:59:59.999Z,1,0,-1,Unvaulted,Unvaulted,185,tileGrid,Size_3_x_1,,1,1-Ball Bundle,9,br,Contrail_StageCue,Baller Faller,contrail,uncommon,,In the Pocket,2,Remix,2024-11-02T17:09:31Z
2026-09-11,v2:/9f4823b66e5cf35cf364d2c273597172a5a48d00e67bc0b9ed07dc7c52a9297f,"[VIRTUAL]1 x 1-Ball, 1 x Combat Cue, 1 x Combat Cue, 1 x The Break Shot, 1 x The Rack-Up, 1 x Baller Faller, 1 x Radiant 1, 1 x 1-Ball, 1 x Chalked Up 1-Ball for -1 MtxCurrency",3800,2000,1800,0.4737,1,2026-09-05T00:00:00Z,2026-09-11T23:59:59.999Z,1,0,-1,Unvaulted,Unvaulted,185,tileGrid,Size_3_x_1,,1,1-Ball Bundle,9,br,Wrap_StageCue,Radiant 1,wrap,rare,,In the Pocket,2,Remix,2024-11-02T17:09:31Z
2026-09-11,v2:/9f4823b66e5cf35cf364d2c273597172a5a48d00e67bc0b9ed07dc7c52a9297f,"[VIRTUAL]1 x 1-Ball, 1 x Combat Cue, 1 x Combat Cue, 1 x The Break Shot, 1 x The Rack-Up, 1 x Baller Faller, 1 x Radiant 1, 1 x 1-Ball, 1 x Chalked Up 1-Ball for -1 MtxCurrency",3800,2000,1800,0.4737,1,2026-09-05T00:00:00Z,2026-09-11T23:59:59.999Z,1,0,-1,Unvaulted,Unvaulted,185,tileGrid,Size_3_x_1,,1,1-Ball Bundle,9,br,LoadingScreen_StageCue_Chalk,1-Ball,loadingscreen,uncommon,,In the Pocket,2,Remix,2024-11-02T17:09:31Z
2026-09-11,v2:/9f4823b66e5cf35cf364d2c273597172a5a48d00e67bc0b9ed07dc7c52a9297f,"[VIRTUAL]1 x 1-Ball, 1 x Combat Cue, 1 x Combat Cue, 1 x The Break Shot, 1 x The Rack-Up, 1 x Baller Faller, 1 x Radiant 1, 1 x 1-Ball, 1 x Chalked Up 1-Ball for -1 MtxCurrency",3800,2000,1800,0.4737,1,2026-09-05T00:00:00Z,2026-09-11T23:59:59.999Z,1,0,-1,Unvaulted,Unvaulted,185,tileGrid,Size_3_x_1,,1,1-Ball Bundle,9,br,LoadingScreen_StageCue_ChalkMustard,Chalked Up 1-Ball,loadingscreen,uncommon,,In the Pocket,2,Remix,2024-11-02T17:09:31Z
2026-09-11,v2:/e24220f6d6cbe1c4418e9e92cf16c4ed9e3e269946948208e2db3b7f75a968b1,[VIRTUAL]1 x Champion's Hexaglow for 500 MtxCurrency,500,500,0,0.0,0,2026-09-10T00:00:00Z,2026-09-13T23:59:59.999Z,1,0,-3,ChampPJFNCS,FNCS,193,tileGrid,Size_1_x_1,,0,,1,br,Wrap_WaywardRebel,Champion's Hexaglow,wrap,uncommon,,FNCS,6,2,2025-04-08T08:41:18Z
2026-09-11,v2:/7950993fc62fbed9271337f0524de8e759151df5db6e9d54e029a21a32ffaee5,[VIRTUAL]1 x Poker Face for 500 MtxCurrency,500,500,0,0.0,0,2026-09-01T00:00:00Z,2026-09-30T23:59:59.999Z,1,0,-41,JT091126,Jam Tracks,180,expandableList,Size_1_x_1,,0,,1,track,sid_placeholder_78,Poker Face,,,,,,,2024-02-22T10:58:10Z
2026-09-11,v2:/aa124bde55c25800b8aafac16281dfb60544bd046f34c259ab9b239a39ecf4d6,"[VIRTUAL]1 x Cuddle Team Leader, 1 x Cuddle Bow for -1 MtxCurrency",2000,2000,0,0.0,0,2026-09-09T00:00:00Z,2026-09-13T23:59:59.999Z,1,0,-3,WrixelShop,Override,191,tileGrid,Size_1_x_1,,0,,2,br,CID_069_Athena_Commando_F_PinkBear,Cuddle Team Leader,outfit,legendary,,Royale Hearts,1,2,2019-11-20T12:50:28Z
2026-09-11,v2:/aa124bde55c25800b8aafac16281dfb60544bd046f34c259ab9b239a39ecf4d6,"[VIRTUAL]1 x Cuddle Team Leader, 1 x Cuddle Bow for -1 MtxCurrency",2000,2000,0,0.0,0,2026-09-09T00:00:00Z,2026-09-13T23:59:59.999Z,1,0,-3,WrixelShop,Override,191,tileGrid,Size_1_x_1,,0,,2,br,BID_023_Pinkbear,Cuddle Bow,backpack,legendary,,Royale Hearts,1,3,2019-11-20T12:50:41Z
2026-09-11,v2:/ed35613be1dc6a2dbabd4723fc89645fa53f3b61a7f486ac247a9ff9cbed560a,"[VIRTUAL]1 x Sugar, We're Goin Down for 500 MtxCurrency",500,500,0,0.0,0,2026-09-01T00:00:00Z,2026-09-30T23:59:59.999Z,1,0,-93,JT091126,Jam Tracks,180,expandableList,Size_1_x_1,,0,,1,track,sid_placeholder_388,"Sugar, We're Goin Down",,,,,,,2024-12-26T14:34:39Z
2026-09-11,v2:/28154f1bc98181894d992acc81880ebaddbd70b53b96273ccdf64ce177b132b9,[VIRTUAL]1 x Porsche 911 for 400 MtxCurrency,400,400,0,0.0,0,2026-09-05T00:00:00Z,2026-09-14T23:59:59.999Z,1,0,-1,,,,,Size_3_x_1,,0,,1,car,Wheel_ButterT1,Porsche 911,wheel,uncommon,,,,,2025-12-11T10:20:11Z
2026-09-11,v2:/69a2c33de9c539a9f156660e9c1f37137f846115542bd1ba2cba6c68cd05fc82,[VIRTUAL]1 x adidas adizero Aruku 'Red' for 800 MtxCurrency,800,800,0,0.0,0,2026-09-07T00:00:00Z,2026-09-13T23:59:59.999Z,1,0,-3,BR091126,Full Flex,187,tileGrid,Size_1_x_1,,0,,1,br,Shoes_PacketCrescentMauve,adidas adizero Aruku 'Red',shoe,uncommon,,adidas Shoes,6,1,2025-02-07T14:13:11Z
2026-09-11,v2:/79ca06682198bd9040fe2389dd46703fbb97c7e1662e25a28608adf4ce6a4a2a,[VIRTUAL]1 x Closer for 500 MtxCurrency,500,500,0,0.0,0,2026-09-01T00:00:00Z,2026-09-30T23:59:59.999Z,1,0,-91,JT091126,Jam Tracks,180,expandableList,Size_1_x_1,,0,,1,track,sid_placeholder_62,Closer,,,,,,,2024-02-29T00:02:26Z
2026-09-11,v2:/bffb41f4de15c51e24cc304f283760cb4afa6cf060e5a19ff0934bce9a2666d4,"[VIRTUAL]1 x Zero (Mega Man), 1 x Z-Saber, 1 x Z-Saber for -1 MtxCurrency",1800,1800,0,0.0,0,2026-09-11T00:00:00Z,2026-09-20T23:59:59.999Z,1,0,-3,MegamanNew,Mega Man,198,tileGrid,Size_1_x_1,Z-Saber Gradient style will be added in a future update,0,,3,br,Character_TackleShow,Zero (Mega Man),outfit,gaminglegends,Gaming Legends Series,Mega Man,7,4,2026-09-07T20:23:20Z
2026-09-11,v2:/bffb41f4de15c51e24cc304f283760cb4afa6cf060e5a19ff0934bce9a2666d4,"[VIRTUAL]1 x Zero (Mega Man), 1 x Z-Saber, 1 x Z-Saber for -1 MtxCurrency",1800,1800,0,0.0,0,2026-09-11T00:00:00Z,2026-09-20T23:59:59.999Z,1,0,-3,MegamanNew,Mega Man,198,tileGrid,Size_1_x_1,Z-Saber Gradient style will be added in a future update,0,,3,br,Pickaxe_TackleShow,Z-Saber,pickaxe,gaminglegends,Gaming Legends Series,Mega Man,7,4,2026-09-07T20:23:20Z
2026-09-11,v2:/bffb41f4de15c51e24cc304f283760cb4afa6cf060e5a19ff0934bce9a2666d4,"[VIRTUAL]1 x Zero (Mega Man), 1 x Z-Saber, 1 x Z-Saber for -1 MtxCurrency",1800,1800,0,0.0,0,2026-09-11T00:00:00Z,2026-09-20T23:59:59.999Z,1,0,-3,MegamanNew,Mega Man,198,tileGrid,Size_1_x_1,Z-Saber Gradient style will be added in a future update,0,,3,br,Backpack_TackleShow,Z-Saber,backpack,gaminglegends,Gaming Legends Series,Mega Man,7,4,2026-09-07T20:23:20Z
2026-09-11,v2:/09fcc331c9e5ea91fb79e4c77aebb8c55db9f6f633eabf26463666d48c7642b6,[VIRTUAL]1 x MONTERO (Call Me By Your Name) for 500 MtxCurrency,500,500,0,0.0,0,2026-09-01T00:00:00Z,2026-09-30T23:59:59.999Z,1,0,-74,JT091126,Jam Tracks,180,expandableList,Size_1_x_1,,0,,1,track,sid_placeholder_286,MONTERO (Call Me By Your Name),,,,,,,2024-10-24T14:53:04Z
2026-09-11,v2:/f8933907277cf63259d8014fa0c92665a3ad3ea1bdf5030765f85d08f1c63dd6,[VIRTUAL]1 x Twistie Inflator for 400 MtxCurrency,400,400,0,0.0,0,2026-09-11T00:00:00Z,2026-09-13T23:59:59.999Z,1,0,-6,,,,,Size_1_x_1,,0,,1,br,BID_202_WavyManFemale,Twistie Inflator,backpack,rare,,Hot Air,1,7,2019-11-20T12:50:36Z
2026-09-11,v2:/13e966baabf09db4afc6f7bb49c409e0d92c2a0e61a648057e2bb537177b5ec8,[VIRTUAL]1 x Sweet Child O' Mine for 500 MtxCurrency,500,500,0,0.0,0,2026-09-01T00:00:00Z,2026-09-30T23:59:59.999Z,1,0,-53,JT091126,Jam Tracks,180,expandableList,Size_1_x_1,,0,,1,track,sid_placeholder_271,Sweet Child O' Mine,,,,,,,2024-08-09T00:00:00Z
2026-09-11,v2:/1fdd02013f64a9d3ccb23f08729e242b1623a45c18aa1e061b3bc2650df13782,[VIRTUAL]1 x Shuttle Stompers for 800 MtxCurrency,800,800,0,0.0,0,2026-09-07T00:00:00Z,2026-09-13T23:59:59.999Z,1,0,-3,BR091126,Full Flex,187,tileGrid,Size_1_x_1,Includes reactivity when sprinting or jumping!,0,,1,br,Shoes_JetPropel,Shuttle Stompers,shoe,uncommon,,,6,5,2025-09-20T00:06:09Z
2026-09-11,v2:/30a7a2f6607a6f4b50f7db687ec08d107afcd6ea856bb5b06c037b9a7e30b4b3,[VIRTUAL]1 x Waters of Change for 500 MtxCurrency,500,500,0,0.0,0,2026-09-09T00:00:00Z,2026-09-13T23:59:59.999Z,1,0,-5,,,,,Size_1_x_1,,0,,1,br,Wrap_BrightDisk,Waters of Change,wrap,uncommon,,Hope Bringer,5,4,2024-08-17T06:38:59Z
2026-09-11,v2:/a84e3d94b3a8f57163fa4b10ddd407e1ff6ffef8642b4d470cbf032c68f462cc,"[VIRTUAL]1 x Guffy 6-String, 1 x Guffy 6-String, 1 x Guffy 6-String for 800 MtxCurrency",800,800,0,0.0,0,2026-09-05T00:00:00Z,2026-09-11T23:59:59.999Z,1,0,-4,Unvaulted,Unvaulted,185,tileGrid,Size_1_x_1,,0,,3,br,Backpack_DenimEquip_Guitar,Guffy 6-String,backpack,rare,,Mighty Questie,2,Remix,2025-05-22T01:55:14Z
2026-09-11,v2:/a84e3d94b3a8f57163fa4b10ddd407e1ff6ffef8642b4d470cbf032c68f462cc,"[VIRTUAL]1 x Guffy 6-String, 1 x Guffy 6-String, 1 x Guffy 6-String for 800 MtxCurrency",800,800,0,0.0,0,2026-09-05T00:00:00Z,2026-09-11T23:59:59.999Z,1,0,-4,Unvaulted,Unvaulted,185,tileGrid,Size_1_x_1,,0,,3,br,Pickaxe_DenimEquip_Guitar,Guffy 6-String,pickaxe,rare,,Mighty Questie,2,Remix,2025-05-22T01:55:14Z
2026-09-11,v2:/a84e3d94b3a8f57163fa4b10ddd407e1ff6ffef8642b4d470cbf032c68f462cc,"[VIRTUAL]1 x Guffy 6-String, 1 x Guffy 6-String, 1 x Guffy 6-String for 800 MtxCurrency",800,800,0,0.0,0,2026-09-05T00:00:00Z,2026-09-11T23:59:59.999Z,1,0,-4,Unvaulted,Unvaulted,185,tileGrid,Size_1_x_1,,0,,3,instrument,Sparks_Guitar_DenimEquip,Guffy 6-String,guitar,common,,,,,2024-11-02T17:08:05Z
2026-09-11,v2:/996c3f8efaf385c1fb11109618d330a58bc5cec3ee570b68326aaaf02b0c4918,[VIRTUAL]1 x Survival Specialist for 1200 MtxCurrency,1200,1200,0,0.0,0,2026-09-06T00:00:00Z,2026-09-12T23:59:59.999Z,1,0,-2,FND091126,Spotlight Drops,189,tileGrid,Size_1_x_1,,0,,1,br,CID_027_Athena_Commando_F,Survival Specialist,outfit,rare,,,1,1,2019-11-20T12:48:05Z
2026-09-11,v2:/59f7a89bd2d724001d243fe81bb68f41a01862d89bef683e116e86af3a61015b,[VIRTUAL]1 x Purr-demonium for 500 MtxCurrency,500,500,0,0.0,0,2026-09-05T00:00:00Z,2026-09-11T23:59:59.999Z,1,0,-2,Unvaulted,Unvaulted,185,tileGrid,Size_1_x_1,,0,,1,br,EID_GoldCat,Purr-demonium,emote,uncommon,,Swole 'n Gold,2,Remix,2024-11-02T17:09:31Z
2026-09-11,v2:/27ea69c706ca769441f798c3191f1a7beccef96ff328f56e683c9b97bfe50632,[VIRTUAL]1 x Armed And Dangerous for 500 MtxCurrency,500,500,0,0.0,0,2026-09-01T00:00:00Z,2026-09-30T23:59:59.999Z,1,0,-36,JT091126,Jam Tracks,180,expandableList,Size_1_x_1,,0,,1,track,sid_placeholder_428,Armed And Dangerous,,,,,,,2024-11-21T14:39:11Z
2026-09-11,v2:/96a2335d1a91a9c03c620bfcf6f5c46d5c111add151e0999776e70b7450d5a35,[VIRTUAL]1 x Coral Commandos for 300 MtxCurrency,300,300,0,0.0,0,2026-09-09T00:00:00Z,2026-09-13T23:59:59.999Z,1,0,-4,,,,,Size_1_x_1,,0,,1,br,BID_421_TeriyakiWarrior,Coral Commandos,backpack,rare,,Fish Food,2,1,2019-11-23T00:00:03Z
2026-09-11,v2:/8ef9f186d270437db4777431c64d941dc3f2ee437f2441e594c6e79b3718cf4e,[VIRTUAL]1 x The Break Shot for 300 MtxCurrency,300,300,0,0.0,0,2026-09-05T00:00:00Z,2026-09-11T23:59:59.999Z,1,0,-3,Unvaulted,Unvaulted,185,tileGrid,Size_1_x_1,,0,,1,br,EID_StageCue,The Break Shot,emote,uncommon,,In the Pocket,2,Remix,2024-11-02T17:09:31Z
2026-09-11,v2:/3c1359df9326db0d00f3f8751a79584f75cc02690d83f665a51f5a7faf540c10,[VIRTUAL]1 x Boy's A Liar Pt. 2 for 500 MtxCurrency,500,500,0,0.0,0,2026-09-01T00:00:00Z,2026-09-30T23:59:59.999Z,1,0,-28,JT091126,Jam Tracks,180,expandableList,Size_1_x_1,,0,,1,track,sid_placeholder_169,Boy's A Liar Pt. 2,,,,,,,2024-04-09T15:02:47Z
2026-09-11,v2:/cdb674e164578a0eaaa1bd4f1f21b45697d03400f9eb58a96a0813b5485e045b,[VIRTUAL]1 x Gilded Splinter for 800 MtxCurrency,800,800,0,0.0,0,2026-09-06T00:00:00Z,2026-09-12T23:59:59.999Z,1,0,-2,FND091126,Spotlight Drops,189,tileGrid,Size_1_x_1,,0,,1,br,Pickaxe_GlintRush,Gilded Splinter,pickaxe,rare,,Fractal Heroes,7,4,2026-09-03T15:24:18Z
2026-09-11,v2:/d3861b7d8e403e33dde98c91ff09df187c79fcb33017a2c8415d1c07f6e708f6,[VIRTUAL]1 x FNCS Tape Decker for 800 MtxCurrency,800,800,0,0.0,0,2026-09-10T00:00:00Z,2026-09-13T23:59:59.999Z,1,0,-2,ChampPJFNCS,FNCS,193,tileGrid,Size_1_x_1,,0,,1,br,Pickaxe_WayWardRebelFNCS,FNCS Tape Decker,pickaxe,rare,,FNCS,6,2,2025-04-08T08:41:18Z
2026-09-11,v2:/753ca1af650fd362a5756ddc9d97b965c2a5aa40ac060cae1d218121d9a186e8,[VIRTUAL]1 x TBD (SID_Placeholder_706) for 500 MtxCurrency,500,500,0,0.0,0,2026-09-01T00:00:00Z,2026-09-30T23:59:59.999Z,1,0,-21,JT091126,Jam Tracks,180,expandableList,Size_1_x_1,,0,,1,track,sid_placeholder_706,EVIL J0RDAN,,,,,,,2025-12-11T17:20:09Z
2026-09-11,v2:/1eda10541d73954423a60690282b9cd2254f9eec4898a3e9e93ebe1c1be6507e,[VIRTUAL]1 x Buster Cannon Fire Sword for 800 MtxCurrency,800,800,0,0.0,0,2026-09-11T00:00:00Z,2026-09-20T23:59:59.999Z,1,0,-2,MegamanNew,Mega Man,198,tileGrid,Size_2_x_1,,0,,1,br,Pickaxe_DuneBriefMerry,Buster Cannon Fire Sword,pickaxe,gaminglegends,Gaming Legends Series,Mega Man,7,4,2026-09-07T20:23:20Z
2026-09-11,v2:/2c2fe79cc65317fc6f5fbc76ca97dc16f901ef6eb56621ea0d0ce1d707b72a23,[VIRTUAL]1 x Espresso for 500 MtxCurrency,500,500,0,0.0,0,2026-09-11T00:00:00Z,2026-09-17T23:59:59.999Z,1,0,-3,JT091126,Jam Tracks,180,tileGrid,Size_1_x_1,,0,,1,track,sid_placeholder_307,Espresso,,,,,,,2024-08-22T14:07:17Z
2026-09-11,v2:/16bbc7bdc37622353b28c53dec30c52b364d3b19eecfd7ef270f43e3d20581d8,[VIRTUAL]1 x Saura for 800 MtxCurrency,800,800,0,0.0,0,2026-09-09T00:00:00Z,2026-09-13T23:59:59.999Z,1,0,-2,WrixelShop,Override,191,tileGrid,Size_1_x_1,,0,,1,br,Character_VelociTeeth,Saura,outfit,uncommon,,Dino Guard,4,OG,2023-11-03T09:12:39Z
2026-09-11,v2:/4f8275355308853451481ab07aaefb8ea801dfd14fc82887875b5f45376c57cb,[VIRTUAL]1 x Barbie Girl for 500 MtxCurrency,500,500,0,0.0,0,2026-09-11T00:00:00Z,2026-09-17T23:59:59.999Z,1,0,-2,JT091126,Jam Tracks,180,tileGrid,Size_1_x_1,,0,,1,track,sid_placeholder_119,Barbie Girl,,,,,,,2024-02-13T18:03:02Z
2026-09-11,v2:/49433db6c2ab855ec2121a2b045d994148bfbbb948e1fa50fae3c57e3644d9c8,"[VIRTUAL]1 x Iso, 1 x Exploding Axis for -1 MtxCurrency",1500,1500,0,0.0,0,2026-09-09T00:00:00Z,2026-09-11T23:59:59.999Z,1,0,-2,SommersetLockerBundle,Sommerset's Locker ,177,tileGrid,Size_1_x_1,,0,,2,br,CID_732_Athena_Commando_F_Stars,Iso,outfit,epic,,Edge Factor,2,5,2020-12-15T11:25:12Z
2026-09-11,v2:/49433db6c2ab855ec2121a2b045d994148bfbbb948e1fa50fae3c57e3644d9c8,"[VIRTUAL]1 x Iso, 1 x Exploding Axis for -1 MtxCurrency",1500,1500,0,0.0,0,2026-09-09T00:00:00Z,2026-09-11T23:59:59.999Z,1,0,-2,SommersetLockerBundle,Sommerset's Locker ,177,tileGrid,Size_1_x_1,,0,,2,br,BID_668_StarsFemale,Exploding Axis,backpack,epic,,Edge Factor,2,5,2020-12-15T11:25:12Z
2026-09-11,v2:/7050373845aba74496ab9c53373e7e233875bb9d704934a7a7639589cd7052a8,[VIRTUAL]1 x Baller Faller for 500 MtxCurrency,500,500,0,0.0,0,2026-09-05T00:00:00Z,2026-09-11T23:59:59.999Z,1,0,-4,Unvaulted,Unvaulted,185,tileGrid,Size_1_x_1,,0,,1,br,Contrail_StageCue,Baller Faller,contrail,uncommon,,In the Pocket,2,Remix,2024-11-02T17:09:31Z
2026-09-11,v2:/fc62e45559eca39b11d486abfdaee0989c5fabfbce41e74aaced7b0ce899b8de,[VIRTUAL]1 x Better Now for 500 MtxCurrency,500,500,0,0.0,0,2026-09-01T00:00:00Z,2026-09-30T23:59:59.999Z,1,0,-64,JT091126,Jam Tracks,180,expandableList,Size_1_x_1,,0,,1,track,sid_placeholder_203,Better Now,,,,,,,2024-06-06T13:32:50Z
2026-09-11,v2:/398e3885c7806da1c1da067141f8b9fdfdd7875cd325792c0c2825e626c369d7,[VIRTUAL]1 x E-Tank Power Pack for 300 MtxCurrency,300,300,0,0.0,0,2026-09-11T00:00:00Z,2026-09-20T23:59:59.999Z,1,0,-1,MegamanNew,Mega Man,198,tileGrid,Size_1_x_1,,0,,1,br,Backpack_DuneBriefShift,E-Tank Power Pack,backpack,gaminglegends,Gaming Legends Series,Mega Man,7,4,2026-09-07T20:23:20Z
2026-09-11,v2:/fe653f478261af68de80e69764375009a5c978d655fe17cc46758ebf3ed99959,"[VIRTUAL]1 x Heroic Hope, 1 x Waters of Change for -1 MtxCurrency",1200,1200,0,0.0,0,2026-09-09T00:00:00Z,2026-09-13T23:59:59.999Z,1,0,-5,WrixelShop,Override,191,tileGrid,Size_1_x_1,,0,,2,br,Character_BrightDisk,Heroic Hope,outfit,epic,,Hope Bringer,5,4,2024-08-17T06:38:59Z
2026-09-11,v2:/fe653f478261af68de80e69764375009a5c978d655fe17cc46758ebf3ed99959,"[VIRTUAL]1 x Heroic Hope, 1 x Waters of Change for -1 MtxCurrency",1200,1200,0,0.0,0,2026-09-09T00:00:00Z,2026-09-13T23:59:59.999Z,1,0,-5,WrixelShop,Override,191,tileGrid,Size_1_x_1,,0,,2,br,Wrap_BrightDisk,Waters of Change,wrap,uncommon,,Hope Bringer,5,4,2024-08-17T06:38:59Z
2026-09-11,v2:/7a583383c57d01d751e8c9fae35584b504a3e25d0e09a07ed279f82ce30c0233,[VIRTUAL]1 x All The Stars for 500 MtxCurrency,500,500,0,0.0,0,2026-09-11T00:00:00Z,2026-09-17T23:59:59.999Z,1,0,-1,JT091126,Jam Tracks,180,tileGrid,Size_1_x_1,,0,,1,track,sid_placeholder_21,All The Stars,,,,,,,2024-07-03T14:17:57Z
2026-09-11,v2:/7d010b0de7f13b5026f2211808fd5a9cdc13000bcfde6dc5ceb1d4f6dad42d29,[VIRTUAL]1 x Dark Cloud Katana for 800 MtxCurrency,800,800,0,0.0,0,2026-09-11T00:00:00Z,2026-09-12T23:59:59.999Z,1,0,-3,BR091126,Full Flex,187,tileGrid,Size_1_x_1,,0,,1,br,Pickaxe_HealedScar,Dark Cloud Katana,pickaxe,rare,,Tough Tanuki,6,1,2025-01-14T09:36:24Z
2026-09-11,v2:/8d56bf453b573b15361a623990d112f869d8729e5b92aa84cf89c13ddd220ff9,[VIRTUAL]1 x Clothier's Spellkit for 300 MtxCurrency,300,300,0,0.0,0,2026-09-08T00:00:00Z,2026-09-14T23:59:59.999Z,1,0,-4,,,,,Size_1_x_1,,0,,1,br,Backpack_DyedDuelist,Clothier's Spellkit,backpack,epic,,Savvy Sorceress,4,4,2023-09-26T14:25:42Z
2026-09-11,v2:/e2367bc066057f13bb598f8dad3323088685060cff26db3c083a518712d2083b,[VIRTUAL]1 x SexyBack for 500 MtxCurrency,500,500,0,0.0,0,2026-09-01T00:00:00Z,2026-09-30T23:59:59.999Z,1,0,-40,JT091126,Jam Tracks,180,expandableList,Size_1_x_1,,0,,1,track,sid_placeholder_342,SexyBack,,,,,,,2024-09-27T00:00:00Z
2026-09-11,v2:/f97f5473fac52b5902ddeb90af7b8e4fdd000776a5f3e2466095204871728ca9,[VIRTUAL]1 x Nut Hutch for 400 MtxCurrency,400,400,0,0.0,0,2026-09-06T00:00:00Z,2026-09-12T23:59:59.999Z,1,0,-3,,,,,Size_1_x_1,,0,,1,br,Backpack_SirWolf,Nut Hutch,backpack,rare,,Wendell & Walnut,4,2,2023-04-11T10:06:45Z
2026-09-11,v2:/307b7ca407185dd64a72e85bc6f18c747dbe70d84b1b72300f2f08388edf3911,[VIRTUAL]1 x Red Alert for 300 MtxCurrency,300,300,0,0.0,0,2026-09-09T00:00:00Z,2026-09-13T23:59:59.999Z,1,0,-6,,,,,Size_1_x_1,,0,,1,br,BID_354_StreetFashionRed,Red Alert,backpack,rare,,Street Stripes,1,X,2019-11-20T12:50:32Z
2026-09-11,v2:/fdde6705fef85c8c58012e8c4c6c7a5e5c60d4775ab115a920bdca5b65a9c1f0,[VIRTUAL]1 x SC Heart Purse for 400 MtxCurrency,400,400,0,0.0,0,2026-09-08T00:00:00Z,2026-09-12T23:59:59.999Z,1,0,-3,SabrinaCarpenterSweet,Sabrina Carpenter,178,tileGrid,Size_1_x_1,,0,,1,br,Backpack_DimeBlanketGrace,SC Heart Purse,backpack,icon,Icon Series,Sabrina Carpenter,6,2,2025-04-08T08:00:00Z
2026-09-11,v2:/2d74ab7bb6eddbb4ca67b5c506cb59d9d2175903d49a2706230c4bfedb5a0a48,[VIRTUAL]1 x TBD (SID_Placeholder_537) for 500 MtxCurrency,500,500,0,0.0,0,2026-09-05T00:00:00Z,2026-09-25T23:59:59.999Z,1,0,-4,SabrinaCarpenterSweet,Sabrina Carpenter,178,tileGrid,Size_1_x_1,,0,,1,track,sid_placeholder_537,Please Please Please,,,,,,,2025-04-08T08:00:00Z
2026-09-11,v2:/0347e3c9206c388b40d7d13ef3b2d27ad784bcb4a355c494c8fe77a1f7c7c618,[VIRTUAL]1 x Peri for 800 MtxCurrency,800,800,0,0.0,0,2026-09-10T00:00:00Z,2026-09-11T23:59:59.999Z,1,0,-2,BR091126,Full Flex,187,tileGrid,Size_1_x_1,,0,,1,br,Character_CataclysmCity,Peri,outfit,epic,,Lavender Gamer,6,3,2025-05-02T13:15:59Z
2026-09-11,v2:/cf44eb6c4ed422bf7f1a6c04a668e5727b2af77f360eae07af51c6d98308adfe,[VIRTUAL]1 x Paradise City for 500 MtxCurrency,500,500,0,0.0,0,2026-09-01T00:00:00Z,2026-09-30T23:59:59.999Z,1,0,-98,JT091126,Jam Tracks,180,expandableList,Size_1_x_1,,0,,1,track,sid_placeholder_270,Paradise City,,,,,,,2024-08-09T00:00:00Z
2026-09-11,v2:/36a82d7c6b5321b7a019e5a66347436fcea0170593c899a66655445589fa45e7,"[VIRTUAL]1 x Hajime, 1 x Hajime's Kasa, 1 x Dark Cloud Katana for -1 MtxCurrency",2300,1800,500,0.2174,1,2026-09-11T00:00:00Z,2026-09-12T23:59:59.999Z,1,0,-1,BR091126,Full Flex,187,tileGrid,Size_2_x_1,,1,Tough Tanuki Bundle,3,br,Character_HealedScar,Hajime,outfit,epic,,Tough Tanuki,6,1,2025-01-14T09:36:24Z
2026-09-11,v2:/36a82d7c6b5321b7a019e5a66347436fcea0170593c899a66655445589fa45e7,"[VIRTUAL]1 x Hajime, 1 x Hajime's Kasa, 1 x Dark Cloud Katana for -1 MtxCurrency",2300,1800,500,0.2174,1,2026-09-11T00:00:00Z,2026-09-12T23:59:59.999Z,1,0,-1,BR091126,Full Flex,187,tileGrid,Size_2_x_1,,1,Tough Tanuki Bundle,3,br,Backpack_HealedScar,Hajime's Kasa,backpack,rare,,Tough Tanuki,6,1,2025-01-14T09:36:24Z
2026-09-11,v2:/36a82d7c6b5321b7a019e5a66347436fcea0170593c899a66655445589fa45e7,"[VIRTUAL]1 x Hajime, 1 x Hajime's Kasa, 1 x Dark Cloud Katana for -1 MtxCurrency",2300,1800,500,0.2174,1,2026-09-11T00:00:00Z,2026-09-12T23:59:59.999Z,1,0,-1,BR091126,Full Flex,187,tileGrid,Size_2_x_1,,1,Tough Tanuki Bundle,3,br,Pickaxe_HealedScar,Dark Cloud Katana,pickaxe,rare,,Tough Tanuki,6,1,2025-01-14T09:36:24Z
2026-09-11,v2:/bbe54ff5dc82afb2a5d962c7c7e91b51142580bd754613b8c5d26ddfc497f2c0,[VIRTUAL]1 x Bad Kit for 1200 MtxCurrency,1200,1200,0,0.0,0,2026-09-06T00:00:00Z,2026-09-12T23:59:59.999Z,1,0,-4,FND091126,Spotlight Drops,189,tileGrid,Size_1_x_1,,0,,1,br,Character_BadCat,Bad Kit,outfit,epic,,Mad Mecha,6,2,2025-04-08T08:41:18Z
2026-09-11,v2:/6410d0af2e1082aa9e894fcab55b8286285aa1402d388edb2994b4333e7d2084,[VIRTUAL]1 x Tour-Ready Sabrina Carpenter for 1500 MtxCurrency,1500,1500,0,0.0,0,2026-09-08T00:00:00Z,2026-09-12T23:59:59.999Z,1,0,-2,SabrinaCarpenterSweet,Sabrina Carpenter,178,tileGrid,Size_1_x_1,,0,,1,br,Character_DimeBlanketGrace,Tour-Ready Sabrina Carpenter,outfit,icon,Icon Series,Sabrina Carpenter,6,2,2025-04-08T08:00:00Z
2026-09-11,v2:/7485e8be997638bef44ec35b013950eeac19949052ecb73dfb9094ecd185b024,[VIRTUAL]1 x My Songs Know What You Did In The Dark (Light Em Up) for 500 MtxCurrency,500,500,0,0.0,0,2026-09-01T00:00:00Z,2026-09-30T23:59:59.999Z,1,0,-58,JT091126,Jam Tracks,180,expandableList,Size_1_x_1,,0,,1,track,sid_placeholder_90,My Songs Know What You Did In The Dark (Light Em Up),,,,,,,2024-01-05T21:55:08Z
2026-09-11,v2:/b440a2e9d5dee23063b836c0f4b0a4324ee2c31a14c592f2c0c5448dba01479e,[VIRTUAL]1 x Faceted Gold for 500 MtxCurrency,500,500,0,0.0,0,2026-09-06T00:00:00Z,2026-09-12T23:59:59.999Z,1,0,-3,FND091126,Spotlight Drops,189,tileGrid,Size_1_x_1,,0,,1,br,Wrap_GlintRush,Faceted Gold,wrap,rare,,Fractal Heroes,7,4,2026-09-03T15:24:18Z
2026-09-11,v2:/afb5691ad324a2cdd81ea7e3df904c52c23b97939bb53fd377762923673ac93c,[VIRTUAL]1 x TBD (SID_Placeholder_488) for 500 MtxCurrency,500,500,0,0.0,0,2026-09-01T00:00:00Z,2026-09-30T23:59:59.999Z,1,0,-30,JT091126,Jam Tracks,180,expandableList,Size_1_x_1,,0,,1,track,sid_placeholder_488,No Scrubs,,,,,,,2025-01-23T15:05:07Z
2026-09-11,v2:/dcf99340f902f451f8fc0e32826d21865287b0fe0d4518e36fc59fda0d540beb,[VIRTUAL]1 x Company Standard for 500 MtxCurrency,500,500,0,0.0,0,2026-09-08T00:00:00Z,2026-09-11T23:59:59.999Z,1,0,-2,DRG,Deep Rock Galactic,182,tileGrid,Size_1_x_1,,0,,1,br,Pickaxe_CampusSire,Company Standard,pickaxe,gaminglegends,Gaming Legends Series,Deep Rock Galactic,6,5,2025-08-30T00:00:00Z
2026-09-11,v2:/cedc7d7fa6b02a0af0a00e513fa07f9e6cebe2eb9032f16fc1ca7628e11d7cb4,"[VIRTUAL]1 x Mega Man (Dual Override), 1 x Buster Cannon Fire Sword for -1 MtxCurrency",1800,1800,0,0.0,0,2026-09-11T00:00:00Z,2026-09-20T23:59:59.999Z,1,0,-1,MegamanNew,Mega Man,198,tileGrid,Size_2_x_1,,0,,2,br,Character_DuneBriefMerry,Mega Man (Dual Override),outfit,gaminglegends,Gaming Legends Series,Mega Man,7,4,2026-09-07T20:23:20Z
2026-09-11,v2:/cedc7d7fa6b02a0af0a00e513fa07f9e6cebe2eb9032f16fc1ca7628e11d7cb4,"[VIRTUAL]1 x Mega Man (Dual Override), 1 x Buster Cannon Fire Sword for -1 MtxCurrency",1800,1800,0,0.0,0,2026-09-11T00:00:00Z,2026-09-20T23:59:59.999Z,1,0,-1,MegamanNew,Mega Man,198,tileGrid,Size_2_x_1,,0,,2,br,Pickaxe_DuneBriefMerry,Buster Cannon Fire Sword,pickaxe,gaminglegends,Gaming Legends Series,Mega Man,7,4,2026-09-07T20:23:20Z
2026-09-11,v2:/d53b73310a76b58029667053c1794a3026325dbcfdaf17d888f4f56555fd90bb,[VIRTUAL]1 x Desperado for 1200 MtxCurrency,1200,1200,0,0.0,0,2026-09-11T00:00:00Z,2026-09-11T23:59:59.999Z,1,0,-1,BR091126,Full Flex,187,tileGrid,Size_1_x_1,,0,,1,br,CID_026_Athena_Commando_M,Desperado,outfit,rare,,,1,1,2019-11-20T12:50:29Z
2026-09-11,v2:/80fd170fde0e9ffb0d3001b42a437699ec78d514f25f59f0d2c44e44fddaa2ca,"[VIRTUAL]1 x Kitana's Steel Fans, 1 x Kitana's Fan-Bearer for 800 MtxCurrency",800,800,0,0.0,0,2026-09-06T00:00:00Z,2026-09-12T23:59:59.999Z,1,0,-1,MortalKombat1,Mortal Kombat,184,tileGrid,Size_1_x_1,,0,,2,br,Pickaxe_GarlicWhisk,Kitana's Steel Fans,pickaxe,gaminglegends,Gaming Legends Series,Klassic Kombat,6,2,2025-03-27T15:08:18Z
2026-09-11,v2:/80fd170fde0e9ffb0d3001b42a437699ec78d514f25f59f0d2c44e44fddaa2ca,"[VIRTUAL]1 x Kitana's Steel Fans, 1 x Kitana's Fan-Bearer for 800 MtxCurrency",800,800,0,0.0,0,2026-09-06T00:00:00Z,2026-09-12T23:59:59.999Z,1,0,-1,MortalKombat1,Mortal Kombat,184,tileGrid,Size_1_x_1,,0,,2,br,Backpack_GarlicWhisk,Kitana's Fan-Bearer,backpack,gaminglegends,Gaming Legends Series,Klassic Kombat,6,2,2025-03-27T15:08:18Z
2026-09-11,v2:/d20e66133636beccb2a18054d8fa9a6be33f87d8f4ac1b65cd6ead782faf9825,[VIRTUAL]1 x TBD (SID_Placeholder_650) for 500 MtxCurrency,500,500,0,0.0,0,2026-09-01T00:00:00Z,2026-09-30T23:59:59.999Z,1,0,-69,JT091126,Jam Tracks,180,expandableList,Size_1_x_1,,0,,1,track,sid_placeholder_650,Rocket Man,,,,,,,2025-10-09T08:44:55Z
2026-09-11,v2:/53c6bcf22a70d6c383bdcdcde2e44e7f6646429c4f264e0511e8b9bb3563616b,"[VIRTUAL]1 x The Stylist, 1 x Pixellator for -1 MtxCurrency",1500,1500,0,0.0,0,2026-09-08T00:00:00Z,2026-09-13T23:59:59.999Z,1,0,-2,BR091126,Full Flex,187,tileGrid,Size_1_x_1,Show off any of your wraps! Pick a color for your hair and clothing accents. Includes Pixellator Wrap!,1,The Stylist,2,br,CID_A_149_Athena_Commando_F_Pliant_C,The Stylist,outfit,epic,,Show Your Style,2,7,2021-07-20T07:27:39Z
2026-09-11,v2:/53c6bcf22a70d6c383bdcdcde2e44e7f6646429c4f264e0511e8b9bb3563616b,"[VIRTUAL]1 x The Stylist, 1 x Pixellator for -1 MtxCurrency",1500,1500,0,0.0,0,2026-09-08T00:00:00Z,2026-09-13T23:59:59.999Z,1,0,-2,BR091126,Full Flex,187,tileGrid,Size_1_x_1,Show off any of your wraps! Pick a color for your hair and clothing accents. Includes Pixellator Wrap!,1,The Stylist,2,br,Wrap_379_Pliant,Pixellator,wrap,rare,,Show Your Style,2,7,2021-07-20T07:27:39Z
2026-09-11,v2:/c642d60bf52e8a6de40dc77312dc72de50cfe7384d78e0f6701afca54a53291d,[VIRTUAL]1 x Nightmare for 500 MtxCurrency,500,500,0,0.0,0,2026-09-01T00:00:00Z,2026-09-30T23:59:59.999Z,1,0,-56,JT091126,Jam Tracks,180,expandableList,Size_1_x_1,,0,,1,track,sid_placeholder_301,Nightmare,,,,,,,2024-10-17T13:33:26Z
2026-09-11,v2:/a78735968c7d7b2caad11a51c1c52fafaa74838e4053e72337c34ac423373bcb,[VIRTUAL]1 x TBD (SID_Placeholder_879) for 500 MtxCurrency,500,500,0,0.0,0,2026-09-11T00:00:00Z,2026-09-17T23:59:59.999Z,1,0,-1,JT091126,Jam Tracks,180,tileGrid,Size_1_x_1,,0,,1,track,sid_placeholder_879,El Sonidito,,,,,,,2026-09-08T18:01:18Z
2026-09-11,v2:/d7933e58231ee0a65de948d88a66e155bc609b6a0c0b31f9e6057c505716b8b3,[VIRTUAL]1 x TBD (SID_Placeholder_779) for 500 MtxCurrency,500,500,0,0.0,0,2026-09-01T00:00:00Z,2026-09-30T23:59:59.999Z,1,0,-52,JT091126,Jam Tracks,180,expandableList,Size_1_x_1,,0,,1,track,sid_placeholder_779,back to friends,,,,,,,2026-04-16T08:01:05Z
2026-09-11,v2:/6e29ab42133f158dd84ec05cbf906b10c4ef7a2a8599a060397f037238a574dd,[VIRTUAL]1 x Distracted for 200 MtxCurrency,200,200,0,0.0,0,2026-09-11T00:00:00Z,2026-09-11T23:59:59.999Z,1,0,-4,BR091126,Full Flex,187,tileGrid,Size_1_x_1,,0,,1,br,EID_Chopsticks,Distracted,emote,uncommon,,,2,5,2019-11-20T12:49:45Z
2026-09-11,v2:/c2eec06ee67d68805492bd349e2f8d3d17a9871ee52f4325c8fc0d72a62f4811,[VIRTUAL]1 x Sexy And I Know It for 500 MtxCurrency,500,500,0,0.0,0,2026-09-01T00:00:00Z,2026-09-30T23:59:59.999Z,1,0,-97,JT091126,Jam Tracks,180,expandableList,Size_1_x_1,,0,,1,track,sid_placeholder_260,Sexy And I Know It,,,,,,,2024-07-03T14:17:57Z
2026-09-11,v2:/515391125b33363964cde0183f581f24f5147622b5e038c2157423a2e03e129b,[VIRTUAL]1 x The Unforgiven for 500 MtxCurrency,500,500,0,0.0,0,2026-09-01T00:00:00Z,2026-09-30T23:59:59.999Z,1,0,-85,JT091126,Jam Tracks,180,expandableList,Size_1_x_1,,0,,1,track,sid_placeholder_228,The Unforgiven,,,,,,,2024-06-13T08:00:00Z
2026-09-11,v2:/5e3145eba398f4e5867f49608cc30981d5709cb36e840d6dbdac444b681f3273,[VIRTUAL]1 x Butterfly Knives for 800 MtxCurrency,800,800,0,0.0,0,2026-09-09T00:00:00Z,2026-09-11T23:59:59.999Z,1,0,-2,SommersetLockerBundle,Sommerset's Locker ,177,tileGrid,Size_1_x_1,,0,,1,br,Pickaxe_ID_366_SpyMale1H,Butterfly Knives,pickaxe,rare,,Espionage,2,2,2020-04-29T06:13:35Z
2026-09-11,v2:/15e1a227411695535f8ffa388799bdb9922b288f9aaee3308d0ad0c534f233b7,[VIRTUAL]1 x Par Patroller for 800 MtxCurrency,800,800,0,0.0,0,2026-09-08T00:00:00Z,2026-09-14T23:59:59.999Z,1,0,-2,NS090826,No Sweat,186,tileGrid,Size_1_x_1,,0,,1,br,CID_801_Athena_Commando_F_GolfSummer,Par Patroller,outfit,uncommon,,Rough Raiders,2,3,2020-06-30T06:09:08Z
2026-09-11,v2:/fe5fb2e8ac7333329b6465f718a6ca7e849a8ac918a597ab447356358dec01b4,[VIRTUAL]1 x Exploding Axis for 400 MtxCurrency,400,400,0,0.0,0,2026-09-09T00:00:00Z,2026-09-11T23:59:59.999Z,1,0,-1,,,,,Size_3_x_1,,0,,1,br,BID_668_StarsFemale,Exploding Axis,backpack,epic,,Edge Factor,2,5,2020-12-15T11:25:12Z
2026-09-11,v2:/43b0ad656a0d0961f866488389d54fc72610abe669d280d949c2593f7f0375ef,[VIRTUAL]1 x Crash's Wumpa Mace for 800 MtxCurrency,800,800,0,0.0,0,2026-08-29T00:00:00Z,2026-09-11T23:59:59.999Z,1,0,-2,CrashSpyro1,Crash Bandicoot & Spyro the Dragon,190,tileGrid,Size_1_x_1,,0,,1,br,Pickaxe_SpruceBark,Crash's Wumpa Mace,pickaxe,gaminglegends,Gaming Legends Series,Crash Bandicoot,7,4,2026-08-27T13:00:15Z
2026-09-11,v2:/74781d2ad6a2c9ef093435fde860eacda88bf8b1c2fce1351649a69cbf35bb00,[VIRTUAL]1 x DÁKITI for 500 MtxCurrency,500,500,0,0.0,0,2026-09-01T00:00:00Z,2026-09-30T23:59:59.999Z,1,0,-68,JT091126,Jam Tracks,180,expandableList,Size_1_x_1,,0,,1,track,sid_placeholder_140,DÁKITI,,,,,,,2024-06-28T00:00:00Z
2026-09-11,v2:/32f0b6260451179f97fa50875cb4df31f95bb1a188a02323b0dab5ffba2258d4,[VIRTUAL]1 x TBD (SID_Placeholder_528) for 500 MtxCurrency,500,500,0,0.0,0,2026-09-01T00:00:00Z,2026-09-30T23:59:59.999Z,1,0,-24,JT091126,Jam Tracks,180,expandableList,Size_1_x_1,,0,,1,track,sid_placeholder_528,I Want It That Way,,,,,,,2025-03-06T14:32:03Z
2026-09-11,v2:/02665089a2d825d56573a2523a9d13e001d758ee4a8009ac347e145becc1c9d6,[VIRTUAL]1 x Scarlet Commander for 800 MtxCurrency,800,800,0,0.0,0,2026-09-08T00:00:00Z,2026-09-14T23:59:59.999Z,1,0,-3,NS090826,No Sweat,186,tileGrid,Size_1_x_1,,0,,1,br,CID_734_Athena_Commando_F_BannerRed,Scarlet Commander,outfit,uncommon,,Nightfire,2,2,2020-03-17T11:00:47Z
2026-09-11,v2:/0e0f13c645df2487289aac3152ce197978bcfecaec50facc7a2be43b89de39c5,"[VIRTUAL]1 x Fishstick, 1 x Saltwater Satchel for -1 MtxCurrency",1200,1200,0,0.0,0,2026-09-08T00:00:00Z,2026-09-14T23:59:59.999Z,1,0,-1,NS090826,No Sweat,186,tileGrid,Size_1_x_1,,0,,2,br,CID_315_Athena_Commando_M_TeriyakiFish,Fishstick,outfit,rare,,Fish Food,1,7,2019-11-20T12:50:09Z
2026-09-11,v2:/0e0f13c645df2487289aac3152ce197978bcfecaec50facc7a2be43b89de39c5,"[VIRTUAL]1 x Fishstick, 1 x Saltwater Satchel for -1 MtxCurrency",1200,1200,0,0.0,0,2026-09-08T00:00:00Z,2026-09-14T23:59:59.999Z,1,0,-1,NS090826,No Sweat,186,tileGrid,Size_1_x_1,,0,,2,br,BID_193_TeriyakiFishMale,Saltwater Satchel,backpack,rare,,Fish Food,1,7,2019-11-20T12:50:36Z
2026-09-11,v2:/d34b453b8c64df6a21ea9ddc8738502250c0e93e01da555ce5dc0aefe4613e80,[VIRTUAL]1 x Feline Dagger for 300 MtxCurrency,300,300,0,0.0,0,2026-09-05T00:00:00Z,2026-09-11T23:59:59.999Z,1,0,-3,Unvaulted,Unvaulted,185,tileGrid,Size_1_x_1,,0,,1,br,Backpack_GoldCat,Feline Dagger,backpack,rare,,Swole 'n Gold,2,Remix,2024-11-02T17:09:31Z
2026-09-11,v2:/2cd9b628c6d33f9875641334cd97787610f8774d71cd5c10a02a57aa2317761c,"[VIRTUAL]1 x Fractal Midas, 1 x Fractured SHADOW Pack, 1 x Gilded Splinter, 1 x Continue? Coin, 1 x Faceted Gold for -1 MtxCurrency",3100,2000,1100,0.3548,1,2026-09-06T00:00:00Z,2026-09-12T23:59:59.999Z,1,0,-1,FND091126,Spotlight Drops,189,tileGrid,Size_2_x_1,,1,Fractal Midas' Bundle,5,br,Character_GlintRush,Fractal Midas,outfit,epic,,Fractal Heroes,7,4,2026-09-03T15:24:18Z
2026-09-11,v2:/2cd9b628c6d33f9875641334cd97787610f8774d71cd5c10a02a57aa2317761c,"[VIRTUAL]1 x Fractal Midas, 1 x Fractured SHADOW Pack, 1 x Gilded Splinter, 1 x Continue? Coin, 1 x Faceted Gold for -1 MtxCurrency",3100,2000,1100,0.3548,1,2026-09-06T00:00:00Z,2026-09-12T23:59:59.999Z,1,0,-1,FND091126,Spotlight Drops,189,tileGrid,Size_2_x_1,,1,Fractal Midas' Bundle,5,br,Backpack_GlintRush,Fractured SHADOW Pack,backpack,rare,,Fractal Heroes,7,4,2026-09-03T15:24:18Z
2026-09-11,v2:/2cd9b628c6d33f9875641334cd97787610f8774d71cd5c10a02a57aa2317761c,"[VIRTUAL]1 x Fractal Midas, 1 x Fractured SHADOW Pack, 1 x Gilded Splinter, 1 x Continue? Coin, 1 x Faceted Gold for -1 MtxCurrency",3100,2000,1100,0.3548,1,2026-09-06T00:00:00Z,2026-09-12T23:59:59.999Z,1,0,-1,FND091126,Spotlight Drops,189,tileGrid,Size_2_x_1,,1,Fractal Midas' Bundle,5,br,Pickaxe_GlintRush,Gilded Splinter,pickaxe,rare,,Fractal Heroes,7,4,2026-09-03T15:24:18Z
2026-09-11,v2:/2cd9b628c6d33f9875641334cd97787610f8774d71cd5c10a02a57aa2317761c,"[VIRTUAL]1 x Fractal Midas, 1 x Fractured SHADOW Pack, 1 x Gilded Splinter, 1 x Continue? Coin, 1 x Faceted Gold for -1 MtxCurrency",3100,2000,1100,0.3548,1,2026-09-06T00:00:00Z,2026-09-12T23:59:59.999Z,1,0,-1,FND091126,Spotlight Drops,189,tileGrid,Size_2_x_1,,1,Fractal Midas' Bundle,5,br,EID_GlintRush,Continue? Coin,emote,uncommon,,Fractal Heroes,7,4,2026-09-03T15:24:18Z
2026-09-11,v2:/2cd9b628c6d33f9875641334cd97787610f8774d71cd5c10a02a57aa2317761c,"[VIRTUAL]1 x Fractal Midas, 1 x Fractured SHADOW Pack, 1 x Gilded Splinter, 1 x Continue? Coin, 1 x Faceted Gold for -1 MtxCurrency",3100,2000,1100,0.3548,1,2026-09-06T00:00:00Z,2026-09-12T23:59:59.999Z,1,0,-1,FND091126,Spotlight Drops,189,tileGrid,Size_2_x_1,,1,Fractal Midas' Bundle,5,br,Wrap_GlintRush,Faceted Gold,wrap,rare,,Fractal Heroes,7,4,2026-09-03T15:24:18Z
2026-09-11,v2:/d0d8fe4b67f9254c960f421b000041225cd5b2aa4cc4e47ed454fa0708d42df2,[VIRTUAL]1 x Industry Baby for 500 MtxCurrency,500,500,0,0.0,0,2026-09-01T00:00:00Z,2026-09-30T23:59:59.999Z,1,0,-25,JT091126,Jam Tracks,180,expandableList,Size_1_x_1,,0,,1,track,sid_placeholder_09,Industry Baby,,,,,,,2024-11-07T17:50:41Z
2026-09-11,v2:/41cce56bb8ae62c41689c72027f7235035b2617fc35a34c6552c7da223a4c453,"[VIRTUAL]1 x Blank, 1 x Blank, 1 x Blank, 1 x Blank, 1 x Blank, 1 x Blank, 1 x Blank for -1 MtxCurrency",2200,2200,0,0.0,0,2026-09-11T00:00:00Z,2026-09-17T23:59:59.999Z,1,0,-1,CadillacBlackwingNEW,Cadillac CT5-V Blackwing,196,tileGrid,Size_3_x_1,,1,Cadillac CT5-V Blackwing,7,car,CarBody_BurnishedRaven,Cadillac CT5-V Blackwing,body,uncommon,,,,,2026-09-10T13:00:47Z
2026-09-11,v2:/41cce56bb8ae62c41689c72027f7235035b2617fc35a34c6552c7da223a4c453,"[VIRTUAL]1 x Blank, 1 x Blank, 1 x Blank, 1 x Blank, 1 x Blank, 1 x Blank, 1 x Blank for -1 MtxCurrency",2200,2200,0,0.0,0,2026-09-11T00:00:00Z,2026-09-17T23:59:59.999Z,1,0,-1,CadillacBlackwingNEW,Cadillac CT5-V Blackwing,196,tileGrid,Size_3_x_1,,1,Cadillac CT5-V Blackwing,7,car,CarSkin_BurnishedRavenLivery01,Absolute Blackwing,skin,common,,,,,2026-09-10T13:00:47Z
2026-09-11,v2:/41cce56bb8ae62c41689c72027f7235035b2617fc35a34c6552c7da223a4c453,"[VIRTUAL]1 x Blank, 1 x Blank, 1 x Blank, 1 x Blank, 1 x Blank, 1 x Blank, 1 x Blank for -1 MtxCurrency",2200,2200,0,0.0,0,2026-09-11T00:00:00Z,2026-09-17T23:59:59.999Z,1,0,-1,CadillacBlackwingNEW,Cadillac CT5-V Blackwing,196,tileGrid,Size_3_x_1,,1,Cadillac CT5-V Blackwing,7,car,CarSkin_BurnishedRavenWings,Wings,skin,common,,,,,2026-09-10T13:00:47Z
2026-09-11,v2:/41cce56bb8ae62c41689c72027f7235035b2617fc35a34c6552c7da223a4c453,"[VIRTUAL]1 x Blank, 1 x Blank, 1 x Blank, 1 x Blank, 1 x Blank, 1 x Blank, 1 x Blank for -1 MtxCurrency",2200,2200,0,0.0,0,2026-09-11T00:00:00Z,2026-09-17T23:59:59.999Z,1,0,-1,CadillacBlackwingNEW,Cadillac CT5-V Blackwing,196,tileGrid,Size_3_x_1,,1,Cadillac CT5-V Blackwing,7,car,CarSkin_BurnishedRavenLightning,Lightning,skin,common,,,,,2026-09-10T13:00:47Z
2026-09-11,v2:/41cce56bb8ae62c41689c72027f7235035b2617fc35a34c6552c7da223a4c453,"[VIRTUAL]1 x Blank, 1 x Blank, 1 x Blank, 1 x Blank, 1 x Blank, 1 x Blank, 1 x Blank for -1 MtxCurrency",2200,2200,0,0.0,0,2026-09-11T00:00:00Z,2026-09-17T23:59:59.999Z,1,0,-1,CadillacBlackwingNEW,Cadillac CT5-V Blackwing,196,tileGrid,Size_3_x_1,,1,Cadillac CT5-V Blackwing,7,car,CarSkin_BurnishedRavenFlames,Flames,skin,common,,,,,2026-09-10T13:00:47Z
2026-09-11,v2:/41cce56bb8ae62c41689c72027f7235035b2617fc35a34c6552c7da223a4c453,"[VIRTUAL]1 x Blank, 1 x Blank, 1 x Blank, 1 x Blank, 1 x Blank, 1 x Blank, 1 x Blank for -1 MtxCurrency",2200,2200,0,0.0,0,2026-09-11T00:00:00Z,2026-09-17T23:59:59.999Z,1,0,-1,CadillacBlackwingNEW,Cadillac CT5-V Blackwing,196,tileGrid,Size_3_x_1,,1,Cadillac CT5-V Blackwing,7,car,CarSkin_BurnishedRavenStripes,Stripes,skin,common,,,,,2026-09-10T13:00:47Z
2026-09-11,v2:/41cce56bb8ae62c41689c72027f7235035b2617fc35a34c6552c7da223a4c453,"[VIRTUAL]1 x Blank, 1 x Blank, 1 x Blank, 1 x Blank, 1 x Blank, 1 x Blank, 1 x Blank for -1 MtxCurrency",2200,2200,0,0.0,0,2026-09-11T00:00:00Z,2026-09-17T23:59:59.999Z,1,0,-1,CadillacBlackwingNEW,Cadillac CT5-V Blackwing,196,tileGrid,Size_3_x_1,,1,Cadillac CT5-V Blackwing,7,car,Wheel_BurnishedRaven01,Cadillac CT5-V Blackwing,wheel,uncommon,,,,,2026-09-10T13:00:47Z
2026-09-11,v2:/186f47aae8ca01517cfb30f2341ddb50905c599d27709d785c232e4556800bf3,"[VIRTUAL]1 x Scorpion's Flaming Skull, 1 x Scorpion's Twin Katana for 800 MtxCurrency",800,800,0,0.0,0,2026-09-06T00:00:00Z,2026-09-12T23:59:59.999Z,1,0,-1,MortalKombat1,Mortal Kombat,184,tileGrid,Size_1_x_1,,0,,2,br,Backpack_SoapPocket,Scorpion's Flaming Skull,backpack,gaminglegends,Gaming Legends Series,Klassic Kombat,6,2,2025-03-27T15:08:18Z
2026-09-11,v2:/186f47aae8ca01517cfb30f2341ddb50905c599d27709d785c232e4556800bf3,"[VIRTUAL]1 x Scorpion's Flaming Skull, 1 x Scorpion's Twin Katana for 800 MtxCurrency",800,800,0,0.0,0,2026-09-06T00:00:00Z,2026-09-12T23:59:59.999Z,1,0,-1,MortalKombat1,Mortal Kombat,184,tileGrid,Size_1_x_1,,0,,2,br,Pickaxe_SoapPocket,Scorpion's Twin Katana,pickaxe,gaminglegends,Gaming Legends Series,Klassic Kombat,6,2,2025-03-27T15:08:18Z
2026-09-11,v2:/7acb0e08eb2bf72451508150f867717481328aa48556e866c7628871443b455e,[VIRTUAL]1 x Believer for 500 MtxCurrency,500,500,0,0.0,0,2026-09-11T00:00:00Z,2026-09-17T23:59:59.999Z,1,0,-3,JT091126,Jam Tracks,180,tileGrid,Size_1_x_1,,0,,1,track,sid_placeholder_54,Believer,,,,,,,2023-12-21T00:00:00Z
2026-09-11,v2:/f5477a70025f05dbf8495edc2ac5fd974d00c6eb91dbc83db225a069d0f391a2,"[VIRTUAL]1 x DJ Bop, 1 x Glow Show for -1 MtxCurrency",2000,2000,0,0.0,0,2026-09-11T00:00:00Z,2026-09-11T23:59:59.999Z,1,0,-5,BR091126,Full Flex,187,tileGrid,Size_1_x_1,,0,,2,br,CID_308_Athena_Commando_F_FortniteDJ,DJ Bop,outfit,legendary,,Twin Turntables,1,7,2019-11-20T12:50:09Z
2026-09-11,v2:/f5477a70025f05dbf8495edc2ac5fd974d00c6eb91dbc83db225a069d0f391a2,"[VIRTUAL]1 x DJ Bop, 1 x Glow Show for -1 MtxCurrency",2000,2000,0,0.0,0,2026-09-11T00:00:00Z,2026-09-11T23:59:59.999Z,1,0,-5,BR091126,Full Flex,187,tileGrid,Size_1_x_1,,0,,2,br,BID_188_FortniteDJFemale,Glow Show,backpack,legendary,,Twin Turntables,1,7,2019-11-20T12:50:36Z
2026-09-11,v2:/2221003d0b2c866e2ca684792d5778e1b23d3b46ea3ed7a62ff6373f6e98dcff,[VIRTUAL]1 x X Gon' Give It To Ya for 500 MtxCurrency,500,500,0,0.0,0,2026-09-11T00:00:00Z,2026-09-17T23:59:59.999Z,1,0,-2,JT091126,Jam Tracks,180,tileGrid,Size_1_x_1,,0,,1,track,sid_placeholder_142,X Gon' Give It To Ya,,,,,,,2024-03-14T03:43:45Z
2026-09-11,v2:/f42fd16a0f9d70f1309a6f19bebb17099f8c2a8df35c975cc063aa16735553ff,[VIRTUAL]1 x Crash's Victory for 500 MtxCurrency,500,500,0,0.0,0,2026-08-29T00:00:00Z,2026-09-11T23:59:59.999Z,1,0,-1,CrashSpyro1,Crash Bandicoot & Spyro the Dragon,190,tileGrid,Size_1_x_1,,0,,1,br,EID_SpruceBark,Crash's Victory,emote,gaminglegends,Gaming Legends Series,Crash Bandicoot,7,4,2026-08-26T23:33:06Z
2026-09-11,v2:/ec882656790998989529da857afa275f9c219feed3bdfc095e005b2282edb987,"[VIRTUAL]1 x Peelosopher Bananocrates, 1 x NaNa Scroll for -1 MtxCurrency",1200,1200,0,0.0,0,2026-09-09T00:00:00Z,2026-09-13T23:59:59.999Z,1,0,-1,WrixelShop,Override,191,tileGrid,Size_1_x_1,,0,,2,br,Character_BananaPhilosopher,Peelosopher Bananocrates,outfit,epic,,Bananontology,5,2,2024-04-23T08:26:50Z
2026-09-11,v2:/ec882656790998989529da857afa275f9c219feed3bdfc095e005b2282edb987,"[VIRTUAL]1 x Peelosopher Bananocrates, 1 x NaNa Scroll for -1 MtxCurrency",1200,1200,0,0.0,0,2026-09-09T00:00:00Z,2026-09-13T23:59:59.999Z,1,0,-1,WrixelShop,Override,191,tileGrid,Size_1_x_1,,0,,2,br,Backpack_BananaPhilosopher,NaNa Scroll,backpack,uncommon,,Bananontology,5,2,2024-04-23T08:26:50Z
2026-09-11,v2:/1ed2b0ac25ee8c0a3cebb2349ccbc3d3ac3e9c8fddf3f320a196e1b7bb2849fb,[VIRTUAL]1 x Kiss Me More for 500 MtxCurrency,500,500,0,0.0,0,2026-09-01T00:00:00Z,2026-09-30T23:59:59.999Z,1,0,-48,JT091126,Jam Tracks,180,expandableList,Size_1_x_1,,0,,1,track,sid_placeholder_168,Kiss Me More,,,,,,,2024-05-07T14:47:23Z
2026-09-11,v2:/05bb133c1fc63a18661552e2ea5ffc8324616485682028036a6bde2eee335dd1,"[VIRTUAL]1 x Triggerfish, 1 x Coral Commandos for -1 MtxCurrency",1200,1200,0,0.0,0,2026-09-09T00:00:00Z,2026-09-13T23:59:59.999Z,1,0,-4,WrixelShop,Override,191,tileGrid,Size_1_x_1,,0,,2,br,CID_624_Athena_Commando_M_TeriyakiWarrior,Triggerfish,outfit,rare,,Fish Food,2,1,2019-11-23T00:00:04Z
2026-09-11,v2:/05bb133c1fc63a18661552e2ea5ffc8324616485682028036a6bde2eee335dd1,"[VIRTUAL]1 x Triggerfish, 1 x Coral Commandos for -1 MtxCurrency",1200,1200,0,0.0,0,2026-09-09T00:00:00Z,2026-09-13T23:59:59.999Z,1,0,-4,WrixelShop,Override,191,tileGrid,Size_1_x_1,,0,,2,br,BID_421_TeriyakiWarrior,Coral Commandos,backpack,rare,,Fish Food,2,1,2019-11-23T00:00:03Z
2026-09-11,v2:/9eb16da04751091286f0c7320a1825f629286df8289facd203cec7bb99e732f5,"[VIRTUAL]1 x Hatsune Miku, 1 x Pack-sune Miku for -1 MtxCurrency",1500,1500,0,0.0,0,2026-09-10T00:00:00Z,2026-09-13T23:59:59.999Z,1,0,-2,Hatsune2,Hatsune Miku,179,tileGrid,Size_1_x_1,,0,,2,br,Character_JadeTowelGloss,Hatsune Miku,outfit,icon,Icon Series,Hatsune Miku,6,1,2025-01-14T09:00:00Z
2026-09-11,v2:/9eb16da04751091286f0c7320a1825f629286df8289facd203cec7bb99e732f5,"[VIRTUAL]1 x Hatsune Miku, 1 x Pack-sune Miku for -1 MtxCurrency",1500,1500,0,0.0,0,2026-09-10T00:00:00Z,2026-09-13T23:59:59.999Z,1,0,-2,Hatsune2,Hatsune Miku,179,tileGrid,Size_1_x_1,,0,,2,br,Backpack_JadeTowelGloss,Pack-sune Miku,backpack,icon,Icon Series,Hatsune Miku,6,1,2025-01-14T09:00:00Z
2026-09-11,v2:/3353591c7b1f153dda74dbec1df3557e560d577b01fd3dcd829ef1f10146ff52,"[VIRTUAL]1 x The Scout, 1 x DRG Backpack, 1 x Miner's Shanty, 1 x Rock and Stone, 1 x Company Standard, 1 x Scout's Favorite for -1 MtxCurrency",3200,1800,1400,0.4375,1,2026-09-08T00:00:00Z,2026-09-11T23:59:59.999Z,1,0,-1,DRG,Deep Rock Galactic,182,tileGrid,Size_2_x_1,,1,Deep Rock Galactic Bundle,6,br,Character_CampusSire,The Scout,outfit,gaminglegends,Gaming Legends Series,Deep Rock Galactic,6,5,2025-08-30T00:00:00Z
2026-09-11,v2:/3353591c7b1f153dda74dbec1df3557e560d577b01fd3dcd829ef1f10146ff52,"[VIRTUAL]1 x The Scout, 1 x DRG Backpack, 1 x Miner's Shanty, 1 x Rock and Stone, 1 x Company Standard, 1 x Scout's Favorite for -1 MtxCurrency",3200,1800,1400,0.4375,1,2026-09-08T00:00:00Z,2026-09-11T23:59:59.999Z,1,0,-1,DRG,Deep Rock Galactic,182,tileGrid,Size_2_x_1,,1,Deep Rock Galactic Bundle,6,br,Backpack_CampusSire,DRG Backpack,backpack,gaminglegends,Gaming Legends Series,Deep Rock Galactic,6,5,2025-08-30T00:00:00Z
2026-09-11,v2:/3353591c7b1f153dda74dbec1df3557e560d577b01fd3dcd829ef1f10146ff52,"[VIRTUAL]1 x The Scout, 1 x DRG Backpack, 1 x Miner's Shanty, 1 x Rock and Stone, 1 x Company Standard, 1 x Scout's Favorite for -1 MtxCurrency",3200,1800,1400,0.4375,1,2026-09-08T00:00:00Z,2026-09-11T23:59:59.999Z,1,0,-1,DRG,Deep Rock Galactic,182,tileGrid,Size_2_x_1,,1,Deep Rock Galactic Bundle,6,br,EID_CampusSire,Miner's Shanty,emote,gaminglegends,Gaming Legends Series,Deep Rock Galactic,6,5,2025-08-30T00:00:00Z
2026-09-11,v2:/3353591c7b1f153dda74dbec1df3557e560d577b01fd3dcd829ef1f10146ff52,"[VIRTUAL]1 x The Scout, 1 x DRG Backpack, 1 x Miner's Shanty, 1 x Rock and Stone, 1 x Company Standard, 1 x Scout's Favorite for -1 MtxCurrency",3200,1800,1400,0.4375,1,2026-09-08T00:00:00Z,2026-09-11T23:59:59.999Z,1,0,-1,DRG,Deep Rock Galactic,182,tileGrid,Size_2_x_1,,1,Deep Rock Galactic Bundle,6,br,EID_CampusSire_Gem,Rock and Stone,emote,gaminglegends,Gaming Legends Series,Deep Rock Galactic,6,5,2025-08-30T00:00:00Z
2026-09-11,v2:/3353591c7b1f153dda74dbec1df3557e560d577b01fd3dcd829ef1f10146ff52,"[VIRTUAL]1 x The Scout, 1 x DRG Backpack, 1 x Miner's Shanty, 1 x Rock and Stone, 1 x Company Standard, 1 x Scout's Favorite for -1 MtxCurrency",3200,1800,1400,0.4375,1,2026-09-08T00:00:00Z,2026-09-11T23:59:59.999Z,1,0,-1,DRG,Deep Rock Galactic,182,tileGrid,Size_2_x_1,,1,Deep Rock Galactic Bundle,6,br,Pickaxe_CampusSire,Company Standard,pickaxe,gaminglegends,Gaming Legends Series,Deep Rock Galactic,6,5,2025-08-30T00:00:00Z
2026-09-11,v2:/3353591c7b1f153dda74dbec1df3557e560d577b01fd3dcd829ef1f10146ff52,"[VIRTUAL]1 x The Scout, 1 x DRG Backpack, 1 x Miner's Shanty, 1 x Rock and Stone, 1 x Company Standard, 1 x Scout's Favorite for -1 MtxCurrency",3200,1800,1400,0.4375,1,2026-09-08T00:00:00Z,2026-09-11T23:59:59.999Z,1,0,-1,DRG,Deep Rock Galactic,182,tileGrid,Size_2_x_1,,1,Deep Rock Galactic Bundle,6,br,Wrap_CampusSire,Scout's Favorite,wrap,rare,,Deep Rock Galactic,6,5,2025-08-30T00:00:00Z
2026-09-11,v2:/abbfeffeb2cfaa6210d886433bc306b05208e8d21059c267c570f5b33f0d1359,[VIRTUAL]1 x Glow Show for 600 MtxCurrency,600,600,0,0.0,0,2026-09-11T00:00:00Z,2026-09-11T23:59:59.999Z,1,0,-5,,,,,Size_1_x_1,,0,,1,br,BID_188_FortniteDJFemale,Glow Show,backpack,legendary,,Twin Turntables,1,7,2019-11-20T12:50:36Z
2026-09-11,v2:/9dc350a583001d0bd3e772ce6b4d50e0b04334749ba3dd3a3da819254a419b31,[VIRTUAL]1 x Raiden's Amulet for 400 MtxCurrency,400,400,0,0.0,0,2026-09-06T00:00:00Z,2026-09-12T23:59:59.999Z,1,0,-2,MortalKombat1,Mortal Kombat,184,tileGrid,Size_1_x_1,Reacts to eliminations!,0,,1,br,Backpack_TotalFlock,Raiden's Amulet,backpack,gaminglegends,Gaming Legends Series,Klassic Kombat,6,2,2025-03-27T15:08:18Z
2026-09-11,v2:/b388e092cb980f67efa983d7962786b8ec4c707356d98304a3f2277984ed8bc1,[VIRTUAL]1 x The Scout for 1200 MtxCurrency,1200,1200,0,0.0,0,2026-09-08T00:00:00Z,2026-09-11T23:59:59.999Z,1,0,-2,DRG,Deep Rock Galactic,182,tileGrid,Size_1_x_1,,0,,1,br,Character_CampusSire,The Scout,outfit,gaminglegends,Gaming Legends Series,Deep Rock Galactic,6,5,2025-08-30T00:00:00Z
2026-09-11,v2:/cd83b6cfbdb4110db2cb124b7e30dc9fa2f00c487b986ba3c0007366cf57d4af,[VIRTUAL]1 x Violet Eye for 200 MtxCurrency,200,200,0,0.0,0,2026-09-10T00:00:00Z,2026-09-11T23:59:59.999Z,1,0,-3,BR091126,Full Flex,187,tileGrid,Size_1_x_1,,0,,1,br,Backpack_CataclysmCity,Violet Eye,backpack,rare,,Lavender Gamer,6,3,2025-05-02T13:15:59Z
2026-09-11,v2:/da48ddd056307464cfcb0c20914e63566ffabfc864b238fe79bfa79c8998521f,[VIRTUAL]1 x Midnight Ops for 1200 MtxCurrency,1200,1200,0,0.0,0,2026-09-11T00:00:00Z,2026-09-13T23:59:59.999Z,1,0,-4,BR091126,Full Flex,187,tileGrid,Size_1_x_1,,0,,1,br,CID_101_Athena_Commando_M_Stealth,Midnight Ops,outfit,rare,,Stealth Syndicate,1,3,2019-11-20T12:50:25Z
2026-09-11,v2:/735a0266f438a87ae6c48fe6c3177ddf1ae465d055bbf0aba6510e6be4783b83,[VIRTUAL]1 x Hajime's Kasa for 300 MtxCurrency,300,300,0,0.0,0,2026-09-11T00:00:00Z,2026-09-12T23:59:59.999Z,1,0,-1,,,,,Size_2_x_1,,0,,1,br,Backpack_HealedScar,Hajime's Kasa,backpack,rare,,Tough Tanuki,6,1,2025-01-14T09:36:24Z
2026-09-11,v2:/bae9c837250d401408b738e991e05cc7938bc8feca24b1de40e33c727ce4e956,[VIRTUAL]1 x CHIHIRO for 500 MtxCurrency,500,500,0,0.0,0,2026-09-01T00:00:00Z,2026-09-30T23:59:59.999Z,1,0,-55,JT091126,Jam Tracks,180,expandableList,Size_1_x_1,,0,,1,track,sid_placeholder_218,CHIHIRO,,,,,,,2024-05-17T18:21:48Z
2026-09-11,v2:/f5ee1e5daa038163914fcce5032b49593657820bd59007c3e7fc4f24f49a2244,[VIRTUAL]1 x Aku Aku for 600 MtxCurrency,600,600,0,0.0,0,2026-08-29T00:00:00Z,2026-09-11T23:59:59.999Z,1,0,-3,CrashSpyro1,Crash Bandicoot & Spyro the Dragon,190,tileGrid,Size_1_x_1,"Backbling reacts to gliding, damage, eliminations, opening chests, and more!",0,,1,br,Backpack_SpruceBark,Aku Aku,backpack,gaminglegends,Gaming Legends Series,Crash Bandicoot,7,4,2026-08-27T13:00:15Z
2026-09-11,v2:/497fb357e04c37fd10985a40e0e4d96d4114ee113419aaac12f434b47d89f9cb,[VIRTUAL]1 x Peri's Snapblade for 500 MtxCurrency,500,500,0,0.0,0,2026-09-10T00:00:00Z,2026-09-11T23:59:59.999Z,1,0,-4,BR091126,Full Flex,187,tileGrid,Size_1_x_1,,0,,1,br,Pickaxe_CataclysmCity,Peri's Snapblade,pickaxe,rare,,Lavender Gamer,6,3,2025-05-02T13:15:59Z
2026-09-11,v2:/1dc977f960ac817c58392575a813fae1c438f8ed7cd5ec7f3eeeaf4ba90bdeed,"[VIRTUAL]1 x Hatsune Miku, 1 x Pack-sune Miku, 1 x Miku Live, 1 x Miku Miku Beam, 1 x Miku Light, 1 x TBD (SID_Placeholder_481), 1 x Miku's Beat Drums, 1 x Miku's Beat Drums, 1 x Miku's Beat Drums, 1 x Hatsune's Mic-u, 1 x Hatsune's Mic-u, 1 x Hatsune's Mic-u for -1 MtxCurrency",5200,3200,2000,0.3846,1,2026-09-10T00:00:00Z,2026-09-13T23:59:59.999Z,1,0,-1,Hatsune2,Hatsune Miku,179,tileGrid,Size_1_x_1,,1,Hatsune Miku Bundle,12,br,Character_JadeTowelGloss,Hatsune Miku,outfit,icon,Icon Series,Hatsune Miku,6,1,2025-01-14T09:00:00Z
2026-09-11,v2:/1dc977f960ac817c58392575a813fae1c438f8ed7cd5ec7f3eeeaf4ba90bdeed,"[VIRTUAL]1 x Hatsune Miku, 1 x Pack-sune Miku, 1 x Miku Live, 1 x Miku Miku Beam, 1 x Miku Light, 1 x TBD (SID_Placeholder_481), 1 x Miku's Beat Drums, 1 x Miku's Beat Drums, 1 x Miku's Beat Drums, 1 x Hatsune's Mic-u, 1 x Hatsune's Mic-u, 1 x Hatsune's Mic-u for -1 MtxCurrency",5200,3200,2000,0.3846,1,2026-09-10T00:00:00Z,2026-09-13T23:59:59.999Z,1,0,-1,Hatsune2,Hatsune Miku,179,tileGrid,Size_1_x_1,,1,Hatsune Miku Bundle,12,br,Backpack_JadeTowelGloss,Pack-sune Miku,backpack,icon,Icon Series,Hatsune Miku,6,1,2025-01-14T09:00:00Z
2026-09-11,v2:/1dc977f960ac817c58392575a813fae1c438f8ed7cd5ec7f3eeeaf4ba90bdeed,"[VIRTUAL]1 x Hatsune Miku, 1 x Pack-sune Miku, 1 x Miku Live, 1 x Miku Miku Beam, 1 x Miku Light, 1 x TBD (SID_Placeholder_481), 1 x Miku's Beat Drums, 1 x Miku's Beat Drums, 1 x Miku's Beat Drums, 1 x Hatsune's Mic-u, 1 x Hatsune's Mic-u, 1 x Hatsune's Mic-u for -1 MtxCurrency",5200,3200,2000,0.3846,1,2026-09-10T00:00:00Z,2026-09-13T23:59:59.999Z,1,0,-1,Hatsune2,Hatsune Miku,179,tileGrid,Size_1_x_1,,1,Hatsune Miku Bundle,12,br,EID_JadeTowel,Miku Live,emote,icon,Icon Series,Hatsune Miku,6,1,2025-01-14T09:00:00Z
2026-09-11,v2:/1dc977f960ac817c58392575a813fae1c438f8ed7cd5ec7f3eeeaf4ba90bdeed,"[VIRTUAL]1 x Hatsune Miku, 1 x Pack-sune Miku, 1 x Miku Live, 1 x Miku Miku Beam, 1 x Miku Light, 1 x TBD (SID_Placeholder_481), 1 x Miku's Beat Drums, 1 x Miku's Beat Drums, 1 x Miku's Beat Drums, 1 x Hatsune's Mic-u, 1 x Hatsune's Mic-u, 1 x Hatsune's Mic-u for -1 MtxCurrency",5200,3200,2000,0.3846,1,2026-09-10T00:00:00Z,2026-09-13T23:59:59.999Z,1,0,-1,Hatsune2,Hatsune Miku,179,tileGrid,Size_1_x_1,,1,Hatsune Miku Bundle,12,br,EID_JadeTowel_Gloss,Miku Miku Beam,emote,icon,Icon Series,Hatsune Miku,6,1,2025-01-14T09:00:00Z
2026-09-11,v2:/1dc977f960ac817c58392575a813fae1c438f8ed7cd5ec7f3eeeaf4ba90bdeed,"[VIRTUAL]1 x Hatsune Miku, 1 x Pack-sune Miku, 1 x Miku Live, 1 x Miku Miku Beam, 1 x Miku Light, 1 x TBD (SID_Placeholder_481), 1 x Miku's Beat Drums, 1 x Miku's Beat Drums, 1 x Miku's Beat Drums, 1 x Hatsune's Mic-u, 1 x Hatsune's Mic-u, 1 x Hatsune's Mic-u for -1 MtxCurrency",5200,3200,2000,0.3846,1,2026-09-10T00:00:00Z,2026-09-13T23:59:59.999Z,1,0,-1,Hatsune2,Hatsune Miku,179,tileGrid,Size_1_x_1,,1,Hatsune Miku Bundle,12,br,Contrail_JadeTowel,Miku Light,contrail,icon,Icon Series,Hatsune Miku,6,1,2025-01-14T09:00:00Z
2026-09-11,v2:/1dc977f960ac817c58392575a813fae1c438f8ed7cd5ec7f3eeeaf4ba90bdeed,"[VIRTUAL]1 x Hatsune Miku, 1 x Pack-sune Miku, 1 x Miku Live, 1 x Miku Miku Beam, 1 x Miku Light, 1 x TBD (SID_Placeholder_481), 1 x Miku's Beat Drums, 1 x Miku's Beat Drums, 1 x Miku's Beat Drums, 1 x Hatsune's Mic-u, 1 x Hatsune's Mic-u, 1 x Hatsune's Mic-u for -1 MtxCurrency",5200,3200,2000,0.3846,1,2026-09-10T00:00:00Z,2026-09-13T23:59:59.999Z,1,0,-1,Hatsune2,Hatsune Miku,179,tileGrid,Size_1_x_1,,1,Hatsune Miku Bundle,12,br,Backpack_JadeTowel_Drum,Miku's Beat Drums,backpack,icon,Icon Series,Hatsune Miku,,,2025-01-14T09:00:00Z
2026-09-11,v2:/1dc977f960ac817c58392575a813fae1c438f8ed7cd5ec7f3eeeaf4ba90bdeed,"[VIRTUAL]1 x Hatsune Miku, 1 x Pack-sune Miku, 1 x Miku Live, 1 x Miku Miku Beam, 1 x Miku Light, 1 x TBD (SID_Placeholder_481), 1 x Miku's Beat Drums, 1 x Miku's Beat Drums, 1 x Miku's Beat Drums, 1 x Hatsune's Mic-u, 1 x Hatsune's Mic-u, 1 x Hatsune's Mic-u for -1 MtxCurrency",5200,3200,2000,0.3846,1,2026-09-10T00:00:00Z,2026-09-13T23:59:59.999Z,1,0,-1,Hatsune2,Hatsune Miku,179,tileGrid,Size_1_x_1,,1,Hatsune Miku Bundle,12,br,Pickaxe_JadeTowel_Drum,Miku's Beat Drums,pickaxe,icon,Icon Series,Hatsune Miku,,,2025-01-14T09:00:00Z
2026-09-11,v2:/1dc977f960ac817c58392575a813fae1c438f8ed7cd5ec7f3eeeaf4ba90bdeed,"[VIRTUAL]1 x Hatsune Miku, 1 x Pack-sune Miku, 1 x Miku Live, 1 x Miku Miku Beam, 1 x Miku Light, 1 x TBD (SID_Placeholder_481), 1 x Miku's Beat Drums, 1 x Miku's Beat Drums, 1 x Miku's Beat Drums, 1 x Hatsune's Mic-u, 1 x Hatsune's Mic-u, 1 x Hatsune's Mic-u for -1 MtxCurrency",5200,3200,2000,0.3846,1,2026-09-10T00:00:00Z,2026-09-13T23:59:59.999Z,1,0,-1,Hatsune2,Hatsune Miku,179,tileGrid,Size_1_x_1,,1,Hatsune Miku Bundle,12,br,Backpack_JadeTowel_Mic,Hatsune's Mic-u,backpack,icon,Icon Series,Hatsune Miku,,,2025-01-14T09:00:00Z
2026-09-11,v2:/1dc977f960ac817c58392575a813fae1c438f8ed7cd5ec7f3eeeaf4ba90bdeed,"[VIRTUAL]1 x Hatsune Miku, 1 x Pack-sune Miku, 1 x Miku Live, 1 x Miku Miku Beam, 1 x Miku Light, 1 x TBD (SID_Placeholder_481), 1 x Miku's Beat Drums, 1 x Miku's Beat Drums, 1 x Miku's Beat Drums, 1 x Hatsune's Mic-u, 1 x Hatsune's Mic-u, 1 x Hatsune's Mic-u for -1 MtxCurrency",5200,3200,2000,0.3846,1,2026-09-10T00:00:00Z,2026-09-13T23:59:59.999Z,1,0,-1,Hatsune2,Hatsune Miku,179,tileGrid,Size_1_x_1,,1,Hatsune Miku Bundle,12,br,Pickaxe_JadeTowel_Mic,Hatsune's Mic-u,pickaxe,icon,Icon Series,Hatsune Miku,,,2025-01-14T09:00:00Z
2026-09-11,v2:/1dc977f960ac817c58392575a813fae1c438f8ed7cd5ec7f3eeeaf4ba90bdeed,"[VIRTUAL]1 x Hatsune Miku, 1 x Pack-sune Miku, 1 x Miku Live, 1 x Miku Miku Beam, 1 x Miku Light, 1 x TBD (SID_Placeholder_481), 1 x Miku's Beat Drums, 1 x Miku's Beat Drums, 1 x Miku's Beat Drums, 1 x Hatsune's Mic-u, 1 x Hatsune's Mic-u, 1 x Hatsune's Mic-u for -1 MtxCurrency",5200,3200,2000,0.3846,1,2026-09-10T00:00:00Z,2026-09-13T23:59:59.999Z,1,0,-1,Hatsune2,Hatsune Miku,179,tileGrid,Size_1_x_1,,1,Hatsune Miku Bundle,12,track,sid_placeholder_481,Miku,,,,,,,2025-01-14T09:00:00Z
2026-09-11,v2:/1dc977f960ac817c58392575a813fae1c438f8ed7cd5ec7f3eeeaf4ba90bdeed,"[VIRTUAL]1 x Hatsune Miku, 1 x Pack-sune Miku, 1 x Miku Live, 1 x Miku Miku Beam, 1 x Miku Light, 1 x TBD (SID_Placeholder_481), 1 x Miku's Beat Drums, 1 x Miku's Beat Drums, 1 x Miku's Beat Drums, 1 x Hatsune's Mic-u, 1 x Hatsune's Mic-u, 1 x Hatsune's Mic-u for -1 MtxCurrency",5200,3200,2000,0.3846,1,2026-09-10T00:00:00Z,2026-09-13T23:59:59.999Z,1,0,-1,Hatsune2,Hatsune Miku,179,tileGrid,Size_1_x_1,,1,Hatsune Miku Bundle,12,instrument,Sparks_Drum_JadeTowel,Miku's Beat Drums,drum,icon,Icon Series,,,,2025-01-14T09:00:00Z
2026-09-11,v2:/1dc977f960ac817c58392575a813fae1c438f8ed7cd5ec7f3eeeaf4ba90bdeed,"[VIRTUAL]1 x Hatsune Miku, 1 x Pack-sune Miku, 1 x Miku Live, 1 x Miku Miku Beam, 1 x Miku Light, 1 x TBD (SID_Placeholder_481), 1 x Miku's Beat Drums, 1 x Miku's Beat Drums, 1 x Miku's Beat Drums, 1 x Hatsune's Mic-u, 1 x Hatsune's Mic-u, 1 x Hatsune's Mic-u for -1 MtxCurrency",5200,3200,2000,0.3846,1,2026-09-10T00:00:00Z,2026-09-13T23:59:59.999Z,1,0,-1,Hatsune2,Hatsune Miku,179,tileGrid,Size_1_x_1,,1,Hatsune Miku Bundle,12,instrument,Sparks_Mic_JadeTowel,Hatsune's Mic-u,mic,icon,Icon Series,,,,2025-01-14T09:00:00Z
2026-09-11,v2:/01302146ed7dc3146cc9e9647af5423376a91586409b1a6dca4eb855b86af22c,[VIRTUAL]1 x Rush (Mega Man) for 1500 MtxCurrency,1500,1500,0,0.0,0,2026-09-11T00:00:00Z,2026-09-20T23:59:59.999Z,1,0,-4,MegamanNew,Mega Man,198,tileGrid,Size_1_x_1,This Sidekick includes quests that unlock new items upon completion!,0,,1,br,Companion_CacaoLynx,Rush (Mega Man),sidekick,uncommon,,Mega Man,7,4,2026-09-07T16:00:18Z
2026-09-11,v2:/c84cccea9ccebdcee680302f168d86f812ab09ba6aa5a6eda2c919480d66655f,[VIRTUAL]1 x Doodle-Doo for 1200 MtxCurrency,1200,1200,0,0.0,0,2026-09-08T00:00:00Z,2026-09-13T23:59:59.999Z,1,0,-3,BR091126,Full Flex,187,tileGrid,Size_1_x_1,This Sidekick includes quests that unlock new items upon completion!,0,,1,br,Companion_EggBawk,Doodle-Doo,sidekick,uncommon,,Coop Co-Op,7,1,2025-12-11T16:07:07Z
2026-09-11,v2:/fa79d4995ad8b815129b30f3214640e0f0cbf9af66e748907415b882ad628c77,[VIRTUAL]1 x Hammy for 1200 MtxCurrency,1200,1200,0,0.0,0,2026-09-06T00:00:00Z,2026-09-12T23:59:59.999Z,1,0,-1,FND091126,Spotlight Drops,189,tileGrid,Size_1_x_1,This Sidekick includes quests that unlock new items upon completion!,0,,1,br,Companion_PouchGnaw,Hammy,sidekick,uncommon,,,7,4,2026-09-03T15:24:18Z
2026-09-11,v2:/5e4cc46dbafb925896b320324bc2d0eef34b3dfa674d641bda9c6e9ae042d22a,[VIRTUAL]1 x Fractal Cat for 1200 MtxCurrency,1200,1200,0,0.0,0,2026-09-04T00:00:00Z,2026-09-12T23:59:59.999Z,1,0,-4,FND091126,Spotlight Drops,189,tileGrid,Size_1_x_1,This Sidekick includes quests that unlock new items upon completion!,0,,1,br,Companion_FacetWhisk,Fractal Cat,sidekick,uncommon,,,7,4,2026-09-03T15:24:18Z
