shop_date,offer_id,dev_name,regular_price,final_price,discount_vbucks,discount_pct,is_discounted,in_date,out_date,giftable,refundable,sort_priority,layout_id,layout_name,layout_rank,layout_display_type,tile_size,offer_tag,is_bundle,bundle_name,items_in_offer,item_kind,item_id,item_name,item_type,item_rarity,item_series,item_set,item_intro_chapter,item_intro_season,item_added
2026-09-13,v2:/dd65acee4a1f07ec2f9cd4c4482f60a2b24fd50d993fd8e3529285c8d7999426,[VIRTUAL]1 x GEEK TIMË for 500 MtxCurrency,500,500,0,0.0,0,2026-09-10T00:00:00Z,2026-09-13T23:59:59.999Z,1,0,-3,VV091326,Party Moves,193,tileGrid,Size_1_x_1,,0,,1,br,EID_NerdStomp,GEEK TIMË,emote,icon,Icon Series,,6,2,2025-04-11T00:00:00Z
2026-09-13,v2:/60ece53527cad7d525c9ca570562d47669b031ca5addf1e684c44aaa16b66f5d,[VIRTUAL]1 x Travel Tokki Model for 400 MtxCurrency,400,400,0,0.0,0,2026-09-12T00:00:00Z,2026-09-16T23:59:59.999Z,1,0,-2,Overwatch,Overwatch,195,tileGrid,Size_1_x_1,,0,,1,br,Backpack_SkiffGrind,Travel Tokki Model,backpack,gaminglegends,Gaming Legends Series,Overwatch,7,2,2026-05-14T09:00:00Z
2026-09-13,v2:/ec89975791cdf79b62772577887bdc7e7b23ea19f5568d7cae212967aed654ec,[VIRTUAL]1 x TBD (SID_Placeholder_538) for 500 MtxCurrency,500,500,0,0.0,0,2026-09-01T00:00:00Z,2026-09-30T23:59:59.999Z,1,0,-64,JT091326,Jam Tracks,185,expandableList,Size_1_x_1,,0,,1,track,sid_placeholder_538,Juno,,,,,,,2025-04-08T08:40:23Z
2026-09-13,v2:/32859cb7cf4dbe274e14268919d1822a86af7dc182e3c96e6e7d97c63e211fa6,"[VIRTUAL]1 x Mercy's Valkyrie Wings, 1 x Mercy's Valkyrie Wings for 800 MtxCurrency",800,800,0,0.0,0,2026-09-12T00:00:00Z,2026-09-16T23:59:59.999Z,1,0,-3,Overwatch,Overwatch,195,tileGrid,Size_1_x_1,,0,,2,br,Backpack_TrackWaver,Mercy's Valkyrie Wings,backpack,gaminglegends,Gaming Legends Series,Overwatch,7,2,2026-05-14T09:00:00Z
2026-09-13,v2:/32859cb7cf4dbe274e14268919d1822a86af7dc182e3c96e6e7d97c63e211fa6,"[VIRTUAL]1 x Mercy's Valkyrie Wings, 1 x Mercy's Valkyrie Wings for 800 MtxCurrency",800,800,0,0.0,0,2026-09-12T00:00:00Z,2026-09-16T23:59:59.999Z,1,0,-3,Overwatch,Overwatch,195,tileGrid,Size_1_x_1,,0,,2,br,Glider_TrackWaver,Mercy's Valkyrie Wings,glider,gaminglegends,Gaming Legends Series,Overwatch,7,2,2026-05-14T09:00:00Z
2026-09-13,v2:/aa1b837cab30296ba96bd31e851de9c55f9f0ceb4c410b213cce8574fc309342,[VIRTUAL]1 x DÁKITI for 500 MtxCurrency,500,500,0,0.0,0,2026-09-01T00:00:00Z,2026-09-30T23:59:59.999Z,1,0,-66,JT091326,Jam Tracks,185,expandableList,Size_1_x_1,,0,,1,track,sid_placeholder_140,DÁKITI,,,,,,,2024-06-28T00:00:00Z
2026-09-13,v2:/4c2a3f5d6776c95e0f4addb56b0b39649c9b71b329562620ff3919508a2d45a5,"[VIRTUAL]1 x Revolver, 1 x The Number, 1 x Power GT, 1 x Slipstream Edge, 1 x Cruise Caliber, 1 x Solid Gold for -1 MtxCurrency",1500,1500,0,0.0,0,2026-09-09T00:00:00Z,2026-09-15T23:59:59.999Z,1,0,-1,Revolver,Revolver,178,tileGrid,Size_3_x_1,Decals in this bundle are restricted to the Revolver car body.,1,Revolver,6,car,CarBody_Zuse,Revolver,body,epic,,,,,2025-02-21T12:16:05Z
2026-09-13,v2:/4c2a3f5d6776c95e0f4addb56b0b39649c9b71b329562620ff3919508a2d45a5,"[VIRTUAL]1 x Revolver, 1 x The Number, 1 x Power GT, 1 x Slipstream Edge, 1 x Cruise Caliber, 1 x Solid Gold for -1 MtxCurrency",1500,1500,0,0.0,0,2026-09-09T00:00:00Z,2026-09-15T23:59:59.999Z,1,0,-1,Revolver,Revolver,178,tileGrid,Size_3_x_1,Decals in this bundle are restricted to the Revolver car body.,1,Revolver,6,car,CarSkin_Zuse1,The Number,skin,common,,,,,2025-02-21T12:16:05Z
2026-09-13,v2:/4c2a3f5d6776c95e0f4addb56b0b39649c9b71b329562620ff3919508a2d45a5,"[VIRTUAL]1 x Revolver, 1 x The Number, 1 x Power GT, 1 x Slipstream Edge, 1 x Cruise Caliber, 1 x Solid Gold for -1 MtxCurrency",1500,1500,0,0.0,0,2026-09-09T00:00:00Z,2026-09-15T23:59:59.999Z,1,0,-1,Revolver,Revolver,178,tileGrid,Size_3_x_1,Decals in this bundle are restricted to the Revolver car body.,1,Revolver,6,car,CarSkin_Zuse2,Power GT,skin,common,,,,,2025-02-21T12:16:05Z
2026-09-13,v2:/4c2a3f5d6776c95e0f4addb56b0b39649c9b71b329562620ff3919508a2d45a5,"[VIRTUAL]1 x Revolver, 1 x The Number, 1 x Power GT, 1 x Slipstream Edge, 1 x Cruise Caliber, 1 x Solid Gold for -1 MtxCurrency",1500,1500,0,0.0,0,2026-09-09T00:00:00Z,2026-09-15T23:59:59.999Z,1,0,-1,Revolver,Revolver,178,tileGrid,Size_3_x_1,Decals in this bundle are restricted to the Revolver car body.,1,Revolver,6,car,CarSkin_Zuse3,Slipstream Edge,skin,common,,,,,2025-02-21T12:16:05Z
2026-09-13,v2:/4c2a3f5d6776c95e0f4addb56b0b39649c9b71b329562620ff3919508a2d45a5,"[VIRTUAL]1 x Revolver, 1 x The Number, 1 x Power GT, 1 x Slipstream Edge, 1 x Cruise Caliber, 1 x Solid Gold for -1 MtxCurrency",1500,1500,0,0.0,0,2026-09-09T00:00:00Z,2026-09-15T23:59:59.999Z,1,0,-1,Revolver,Revolver,178,tileGrid,Size_3_x_1,Decals in this bundle are restricted to the Revolver car body.,1,Revolver,6,car,Wheel_Zuse,Cruise Caliber,wheel,uncommon,,,,,2025-02-21T12:16:05Z
2026-09-13,v2:/4c2a3f5d6776c95e0f4addb56b0b39649c9b71b329562620ff3919508a2d45a5,"[VIRTUAL]1 x Revolver, 1 x The Number, 1 x Power GT, 1 x Slipstream Edge, 1 x Cruise Caliber, 1 x Solid Gold for -1 MtxCurrency",1500,1500,0,0.0,0,2026-09-09T00:00:00Z,2026-09-15T23:59:59.999Z,1,0,-1,Revolver,Revolver,178,tileGrid,Size_3_x_1,Decals in this bundle are restricted to the Revolver car body.,1,Revolver,6,car,CarSkin_Zusegold,Solid Gold,skin,uncommon,,,,,2025-02-21T12:16:05Z
2026-09-13,v2:/c5042594dcdc321e796bdc979d99a53b7cde5294f8941bb69834546b1fb831d3,"[VIRTUAL]1 x Porsche 911 Turbo, 1 x Porsche 911 Turbo, 1 x Porsche 911 Turbo, 1 x Porsche 911 Turbo, 1 x Porsche 911 Turbo, 1 x Porsche 911 Turbo, 1 x Porsche 911 Turbo, 1 x Porsche 911 Turbo, 1 x Porsche 911 Turbo, 1 x Porsche 911 Turbo, 1 x Porsche 911 Turbo, 1 x Porsche 911 Turbo, 1 x Porsche 911 Turbo, 1 x Blank, 1 x Blank, 1 x Ombre, 1 x Wings, 1 x Stripes, 1 x Lightning, 1 x Flames, 1 x Porsche 911 for -1 MtxCurrency",2000,2000,0,0.0,0,2026-09-05T00:00:00Z,2026-09-14T23:59:59.999Z,1,0,-1,Porsche911Turbo,Porsche 911 Turbo,179,tileGrid,Size_3_x_1,,1,Porsche 911 Turbo,8,car,CarSkin_ButterT1Rainbow,Porsche 75th Anniversary,skin,uncommon,,,,,2026-09-03T15:24:18Z
2026-09-13,v2:/c5042594dcdc321e796bdc979d99a53b7cde5294f8941bb69834546b1fb831d3,"[VIRTUAL]1 x Porsche 911 Turbo, 1 x Porsche 911 Turbo, 1 x Porsche 911 Turbo, 1 x Porsche 911 Turbo, 1 x Porsche 911 Turbo, 1 x Porsche 911 Turbo, 1 x Porsche 911 Turbo, 1 x Porsche 911 Turbo, 1 x Porsche 911 Turbo, 1 x Porsche 911 Turbo, 1 x Porsche 911 Turbo, 1 x Porsche 911 Turbo, 1 x Porsche 911 Turbo, 1 x Blank, 1 x Blank, 1 x Ombre, 1 x Wings, 1 x Stripes, 1 x Lightning, 1 x Flames, 1 x Porsche 911 for -1 MtxCurrency",2000,2000,0,0.0,0,2026-09-05T00:00:00Z,2026-09-14T23:59:59.999Z,1,0,-1,Porsche911Turbo,Porsche 911 Turbo,179,tileGrid,Size_3_x_1,,1,Porsche 911 Turbo,8,car,CarSkin_ButterT1Huntress,Huntress,skin,uncommon,,,,,2026-09-03T15:24:18Z
2026-09-13,v2:/c5042594dcdc321e796bdc979d99a53b7cde5294f8941bb69834546b1fb831d3,"[VIRTUAL]1 x Porsche 911 Turbo, 1 x Porsche 911 Turbo, 1 x Porsche 911 Turbo, 1 x Porsche 911 Turbo, 1 x Porsche 911 Turbo, 1 x Porsche 911 Turbo, 1 x Porsche 911 Turbo, 1 x Porsche 911 Turbo, 1 x Porsche 911 Turbo, 1 x Porsche 911 Turbo, 1 x Porsche 911 Turbo, 1 x Porsche 911 Turbo, 1 x Porsche 911 Turbo, 1 x Blank, 1 x Blank, 1 x Ombre, 1 x Wings, 1 x Stripes, 1 x Lightning, 1 x Flames, 1 x Porsche 911 for -1 MtxCurrency",2000,2000,0,0.0,0,2026-09-05T00:00:00Z,2026-09-14T23:59:59.999Z,1,0,-1,Porsche911Turbo,Porsche 911 Turbo,179,tileGrid,Size_3_x_1,,1,Porsche 911 Turbo,8,car,CarSkin_ButterT1Frosted,Ombre,skin,uncommon,,,,,2026-09-03T15:24:18Z
2026-09-13,v2:/c5042594dcdc321e796bdc979d99a53b7cde5294f8941bb69834546b1fb831d3,"[VIRTUAL]1 x Porsche 911 Turbo, 1 x Porsche 911 Turbo, 1 x Porsche 911 Turbo, 1 x Porsche 911 Turbo, 1 x Porsche 911 Turbo, 1 x Porsche 911 Turbo, 1 x Porsche 911 Turbo, 1 x Porsche 911 Turbo, 1 x Porsche 911 Turbo, 1 x Porsche 911 Turbo, 1 x Porsche 911 Turbo, 1 x Porsche 911 Turbo, 1 x Porsche 911 Turbo, 1 x Blank, 1 x Blank, 1 x Ombre, 1 x Wings, 1 x Stripes, 1 x Lightning, 1 x Flames, 1 x Porsche 911 for -1 MtxCurrency",2000,2000,0,0.0,0,2026-09-05T00:00:00Z,2026-09-14T23:59:59.999Z,1,0,-1,Porsche911Turbo,Porsche 911 Turbo,179,tileGrid,Size_3_x_1,,1,Porsche 911 Turbo,8,car,CarSkin_ButterT1Wings,Wings,skin,uncommon,,,,,2026-09-03T15:24:18Z
2026-09-13,v2:/c5042594dcdc321e796bdc979d99a53b7cde5294f8941bb69834546b1fb831d3,"[VIRTUAL]1 x Porsche 911 Turbo, 1 x Porsche 911 Turbo, 1 x Porsche 911 Turbo, 1 x Porsche 911 Turbo, 1 x Porsche 911 Turbo, 1 x Porsche 911 Turbo, 1 x Porsche 911 Turbo, 1 x Porsche 911 Turbo, 1 x Porsche 911 Turbo, 1 x Porsche 911 Turbo, 1 x Porsche 911 Turbo, 1 x Porsche 911 Turbo, 1 x Porsche 911 Turbo, 1 x Blank, 1 x Blank, 1 x Ombre, 1 x Wings, 1 x Stripes, 1 x Lightning, 1 x Flames, 1 x Porsche 911 for -1 MtxCurrency",2000,2000,0,0.0,0,2026-09-05T00:00:00Z,2026-09-14T23:59:59.999Z,1,0,-1,Porsche911Turbo,Porsche 911 Turbo,179,tileGrid,Size_3_x_1,,1,Porsche 911 Turbo,8,car,CarSkin_ButterT1Stripes,Stripes,skin,uncommon,,,,,2026-09-03T15:24:18Z
2026-09-13,v2:/c5042594dcdc321e796bdc979d99a53b7cde5294f8941bb69834546b1fb831d3,"[VIRTUAL]1 x Porsche 911 Turbo, 1 x Porsche 911 Turbo, 1 x Porsche 911 Turbo, 1 x Porsche 911 Turbo, 1 x Porsche 911 Turbo, 1 x Porsche 911 Turbo, 1 x Porsche 911 Turbo, 1 x Porsche 911 Turbo, 1 x Porsche 911 Turbo, 1 x Porsche 911 Turbo, 1 x Porsche 911 Turbo, 1 x Porsche 911 Turbo, 1 x Porsche 911 Turbo, 1 x Blank, 1 x Blank, 1 x Ombre, 1 x Wings, 1 x Stripes, 1 x Lightning, 1 x Flames, 1 x Porsche 911 for -1 MtxCurrency",2000,2000,0,0.0,0,2026-09-05T00:00:00Z,2026-09-14T23:59:59.999Z,1,0,-1,Porsche911Turbo,Porsche 911 Turbo,179,tileGrid,Size_3_x_1,,1,Porsche 911 Turbo,8,car,CarSkin_ButterT1Lightning,Lightning,skin,uncommon,,,,,2026-09-03T15:24:18Z
2026-09-13,v2:/c5042594dcdc321e796bdc979d99a53b7cde5294f8941bb69834546b1fb831d3,"[VIRTUAL]1 x Porsche 911 Turbo, 1 x Porsche 911 Turbo, 1 x Porsche 911 Turbo, 1 x Porsche 911 Turbo, 1 x Porsche 911 Turbo, 1 x Porsche 911 Turbo, 1 x Porsche 911 Turbo, 1 x Porsche 911 Turbo, 1 x Porsche 911 Turbo, 1 x Porsche 911 Turbo, 1 x Porsche 911 Turbo, 1 x Porsche 911 Turbo, 1 x Porsche 911 Turbo, 1 x Blank, 1 x Blank, 1 x Ombre, 1 x Wings, 1 x Stripes, 1 x Lightning, 1 x Flames, 1 x Porsche 911 for -1 MtxCurrency",2000,2000,0,0.0,0,2026-09-05T00:00:00Z,2026-09-14T23:59:59.999Z,1,0,-1,Porsche911Turbo,Porsche 911 Turbo,179,tileGrid,Size_3_x_1,,1,Porsche 911 Turbo,8,car,CarSkin_ButterT1Flames,Flames,skin,uncommon,,,,,2026-09-03T15:24:18Z
2026-09-13,v2:/c5042594dcdc321e796bdc979d99a53b7cde5294f8941bb69834546b1fb831d3,"[VIRTUAL]1 x Porsche 911 Turbo, 1 x Porsche 911 Turbo, 1 x Porsche 911 Turbo, 1 x Porsche 911 Turbo, 1 x Porsche 911 Turbo, 1 x Porsche 911 Turbo, 1 x Porsche 911 Turbo, 1 x Porsche 911 Turbo, 1 x Porsche 911 Turbo, 1 x Porsche 911 Turbo, 1 x Porsche 911 Turbo, 1 x Porsche 911 Turbo, 1 x Porsche 911 Turbo, 1 x Blank, 1 x Blank, 1 x Ombre, 1 x Wings, 1 x Stripes, 1 x Lightning, 1 x Flames, 1 x Porsche 911 for -1 MtxCurrency",2000,2000,0,0.0,0,2026-09-05T00:00:00Z,2026-09-14T23:59:59.999Z,1,0,-1,Porsche911Turbo,Porsche 911 Turbo,179,tileGrid,Size_3_x_1,,1,Porsche 911 Turbo,8,car,Wheel_ButterT1,Porsche 911,wheel,uncommon,,,,,2025-12-11T10:20:11Z
2026-09-13,v2:/cf01c1454898861e1ac1ff41b742f3633f17f61e2b9368e35d78b9593ddb8d56,[VIRTUAL]1 x Fast Feet for 500 MtxCurrency,500,500,0,0.0,0,2026-09-12T00:00:00Z,2026-09-15T23:59:59.999Z,1,0,-4,VV091326,Party Moves,193,tileGrid,Size_1_x_1,,0,,1,br,EID_BlueApparel,Fast Feet,emote,icon,Icon Series,,4,2,2023-05-05T00:00:00Z
2026-09-13,v2:/e28321cb1c82b60455670752145b143681507e9e02b21378b3086998cba1f611,[VIRTUAL]1 x Energy Burn for 500 MtxCurrency,500,500,0,0.0,0,2026-09-13T00:00:00Z,2026-09-15T23:59:59.999Z,1,0,-3,TypicalGamerIcons,Typical Gamer,184,tileGrid,Size_1_x_1,,0,,1,br,Wrap_QuarterClaspZoom,Energy Burn,wrap,icon,Icon Series,Typical Gamer,7,2,2026-05-24T21:01:00Z
2026-09-13,v2:/10173d9f4667bea37ba53a91ac615cffdea1440a96f406fa38e2bf7dc5f324b6,[VIRTUAL]1 x Industry Baby for 500 MtxCurrency,500,500,0,0.0,0,2026-09-01T00:00:00Z,2026-09-30T23:59:59.999Z,1,0,-24,JT091326,Jam Tracks,185,expandableList,Size_1_x_1,,0,,1,track,sid_placeholder_09,Industry Baby,,,,,,,2024-11-07T17:50:41Z
2026-09-13,v2:/63e8915b99ee86cda3f556b28718e4501042aea0738c71e6f935d23ae06c17f9,"[VIRTUAL]1 x Ryū Ichimonji, 1 x Ryū Ichimonji for 800 MtxCurrency",800,800,0,0.0,0,2026-09-12T00:00:00Z,2026-09-16T23:59:59.999Z,1,0,-6,Overwatch,Overwatch,195,tileGrid,Size_1_x_1,,0,,2,br,Pickaxe_FacetBlom,Ryū Ichimonji,pickaxe,gaminglegends,Gaming Legends Series,Overwatch,7,2,2026-05-14T09:00:00Z
2026-09-13,v2:/63e8915b99ee86cda3f556b28718e4501042aea0738c71e6f935d23ae06c17f9,"[VIRTUAL]1 x Ryū Ichimonji, 1 x Ryū Ichimonji for 800 MtxCurrency",800,800,0,0.0,0,2026-09-12T00:00:00Z,2026-09-16T23:59:59.999Z,1,0,-6,Overwatch,Overwatch,195,tileGrid,Size_1_x_1,,0,,2,br,Backpack_FacetBlom,Ryū Ichimonji,backpack,gaminglegends,Gaming Legends Series,Overwatch,7,2,2026-05-14T09:00:00Z
2026-09-13,v2:/e17da5c7cced62e4ff6e708f07bbf86f24cccfff1977126369eb7bcef7201458,[VIRTUAL]1 x Saltwater Satchel for 200 MtxCurrency,200,200,0,0.0,0,2026-09-08T00:00:00Z,2026-09-14T23:59:59.999Z,1,0,-1,,,,,Size_1_x_1,,0,,1,br,BID_193_TeriyakiFishMale,Saltwater Satchel,backpack,rare,,Fish Food,1,7,2019-11-20T12:50:36Z
2026-09-13,v2:/542033dd88cccf16392cd9ca21af9ce969a0277fcd86f118aa203c0e4253571d,[VIRTUAL]1 x Pack-sune Miku for 300 MtxCurrency,300,300,0,0.0,0,2026-09-10T00:00:00Z,2026-09-13T23:59:59.999Z,1,0,-1,,,,,Size_1_x_1,,0,,1,br,Backpack_JadeTowelGloss,Pack-sune Miku,backpack,icon,Icon Series,Hatsune Miku,6,1,2025-01-14T09:00:00Z
2026-09-13,v2:/a7117bca759d442f225227ea42c677a7a63db57cb19a607c1cb946050033a9a6,[VIRTUAL]1 x Agent Webb for 800 MtxCurrency,800,800,0,0.0,0,2026-09-11T00:00:00Z,2026-09-13T23:59:59.999Z,1,0,-2,BR091326,Full Flex,191,tileGrid,Size_1_x_1,,0,,1,br,Character_AntiZappo,Agent Webb,outfit,epic,,Spyder Agency,6,4,2025-07-29T08:28:45Z
2026-09-13,v2:/c5f15bf11f2fd6f2f1083deadbe11199cbd08ed619a4f281b542bba1fd28b3c2,[VIRTUAL]1 x Seven Nation Army for 500 MtxCurrency,500,500,0,0.0,0,2026-09-01T00:00:00Z,2026-09-30T23:59:59.999Z,1,0,-2,JT091326,Jam Tracks,185,expandableList,Size_1_x_1,,0,,1,track,sid_placeholder_36,Seven Nation Army,,,,,,,2023-12-09T15:00:00Z
2026-09-13,v2:/e6290ce1edc1e685bdeb1c81f810c83f8f489ca8a9c044259d8ca9644888260a,[VIRTUAL]1 x Pixellator for 500 MtxCurrency,500,500,0,0.0,0,2026-09-08T00:00:00Z,2026-09-13T23:59:59.999Z,1,0,-2,,,,,Size_1_x_1,,0,,1,br,Wrap_379_Pliant,Pixellator,wrap,rare,,Show Your Style,2,7,2021-07-20T07:27:39Z
2026-09-13,v2:/e2631f4e866e60745f70a3c4db26ecc9bf6f9b9ad4ec41349efe1b7925747826,[VIRTUAL]1 x TBD (SID_Placeholder_587) for 500 MtxCurrency,500,500,0,0.0,0,2026-09-01T00:00:00Z,2026-09-30T23:59:59.999Z,1,0,-49,JT091326,Jam Tracks,185,expandableList,Size_1_x_1,,0,,1,track,sid_placeholder_587,Dream On,,,,,,,2025-05-14T00:00:00Z
2026-09-13,v2:/bf9adaa9805f5c100ef9cca564983e018949c7f6708e81a23b87a3c2f54bbc12,[VIRTUAL]1 x Buddy Holly for 500 MtxCurrency,500,500,0,0.0,0,2026-09-01T00:00:00Z,2026-09-30T23:59:59.999Z,1,0,-16,JT091326,Jam Tracks,185,expandableList,Size_1_x_1,,0,,1,track,sid_placeholder_25,Buddy Holly,,,,,,,2023-12-14T00:00:00Z
2026-09-13,v2:/6c8b2464e1bf8d3aa3e7ae3caf5d14046e4326712861acd882ba880e58b89eba,"[VIRTUAL]1 x Potassius Peels, 1 x Cape of Potassius for -1 MtxCurrency",1200,1200,0,0.0,0,2026-09-09T00:00:00Z,2026-09-13T23:59:59.999Z,1,0,-2,WrixelShop,Override,189,tileGrid,Size_1_x_1,,0,,2,br,CID_A_045_Athena_Commando_M_BananaLeader,Potassius Peels,outfit,rare,,The Ides of Bunch,2,6,2021-03-17T11:14:28Z
2026-09-13,v2:/6c8b2464e1bf8d3aa3e7ae3caf5d14046e4326712861acd882ba880e58b89eba,"[VIRTUAL]1 x Potassius Peels, 1 x Cape of Potassius for -1 MtxCurrency",1200,1200,0,0.0,0,2026-09-09T00:00:00Z,2026-09-13T23:59:59.999Z,1,0,-2,WrixelShop,Override,189,tileGrid,Size_1_x_1,,0,,2,br,BID_724_BananaLeader,Cape of Potassius,backpack,rare,,The Ides of Bunch,2,6,2021-03-17T11:14:28Z
2026-09-13,v2:/2d46b86e5a7dcad0df465b242e19ff1c674206eadcc716d7400260b79c571dea,[VIRTUAL]1 x Miku Live for 500 MtxCurrency,500,500,0,0.0,0,2026-09-10T00:00:00Z,2026-09-13T23:59:59.999Z,1,0,-3,Hatsune2,Hatsune Miku,183,tileGrid,Size_1_x_1,,0,,1,br,EID_JadeTowel,Miku Live,emote,icon,Icon Series,Hatsune Miku,6,1,2025-01-14T09:00:00Z
2026-09-13,v2:/7a556796270c1da93d8baa6bcac94c01fe08a230eb66e05b67fd9212fa3b89ab,[VIRTUAL]1 x My Songs Know What You Did In The Dark (Light Em Up) for 500 MtxCurrency,500,500,0,0.0,0,2026-09-01T00:00:00Z,2026-09-30T23:59:59.999Z,1,0,-56,JT091326,Jam Tracks,185,expandableList,Size_1_x_1,,0,,1,track,sid_placeholder_90,My Songs Know What You Did In The Dark (Light Em Up),,,,,,,2024-01-05T21:55:08Z
2026-09-13,v2:/4629db3fa77c4e59d9679f7f613aa643d8e3e45f6dd7f2e2b26f0f10f3040517,[VIRTUAL]1 x Blinkin' Amazing for 300 MtxCurrency,300,300,0,0.0,0,2026-09-12T00:00:00Z,2026-09-16T23:59:59.999Z,1,0,-4,Overwatch,Overwatch,195,tileGrid,Size_1_x_1,,0,,1,br,EID_LooseCreep,Blinkin' Amazing,emote,gaminglegends,Gaming Legends Series,Overwatch,7,2,2026-05-14T09:00:00Z
2026-09-13,v2:/0d860c4ee94534a0e40a0dab260f236d7c08e762ea0c5e8784f8cdb5c25344c8,[VIRTUAL]1 x TBD (SID_Placeholder_722) for 500 MtxCurrency,500,500,0,0.0,0,2026-09-01T00:00:00Z,2026-09-30T23:59:59.999Z,1,0,-94,JT091326,Jam Tracks,185,expandableList,Size_1_x_1,,0,,1,track,sid_placeholder_722,future base,,,,,,,2026-01-13T19:59:54Z
2026-09-13,v2:/197dc1138c66c0ae8bd7bd14049a79a3d8019d60244b97fa76296788762ed546,[VIRTUAL]1 x Toxicity for 500 MtxCurrency,500,500,0,0.0,0,2026-09-11T00:00:00Z,2026-09-17T23:59:59.999Z,1,0,-4,JT091326,Jam Tracks,185,tileGrid,Size_1_x_1,,0,,1,track,sid_placeholder_206,Toxicity,,,,,,,2024-05-07T14:47:23Z
2026-09-13,v2:/773de5971162e114189cd4f9224f84dc1f93b30c19dab72d3fa7ca5836efd69f,[VIRTUAL]1 x Pterodactyl Coin for 300 MtxCurrency,300,300,0,0.0,0,2026-09-12T00:00:00Z,2026-09-15T23:59:59.999Z,1,0,-2,Rangers,Power Rangers,192,tileGrid,Size_1_x_1,,0,,1,br,Backpack_FumeFleeceJig,Pterodactyl Coin,backpack,rare,,Mighty Morphin,6,5,2025-08-07T13:36:11Z
2026-09-13,v2:/6263922db3dd19cc2160f7607ead6b7b4f71e10a44e02355066be3d127a5f439,[VIRTUAL]1 x TBD (SID_Placeholder_779) for 500 MtxCurrency,500,500,0,0.0,0,2026-09-01T00:00:00Z,2026-09-30T23:59:59.999Z,1,0,-50,JT091326,Jam Tracks,185,expandableList,Size_1_x_1,,0,,1,track,sid_placeholder_779,back to friends,,,,,,,2026-04-16T08:01:05Z
2026-09-13,v2:/6dead3b75b13d05719e386d7a873a1f3aedcc18522c26995ecd2293841c289ef,[VIRTUAL]1 x Get Low for 500 MtxCurrency,500,500,0,0.0,0,2026-09-11T00:00:00Z,2026-09-17T23:59:59.999Z,1,0,-1,JT091326,Jam Tracks,185,tileGrid,Size_1_x_1,,0,,1,track,sid_placeholder_193,Get Low,,,,,,,2024-04-24T03:56:26Z
2026-09-13,v2:/0b6d0d99e43c31960c1ce10c2dd8280fc6069f0fc7412b413e56b6d2c726cc8b,[VIRTUAL]1 x A Goat for 1200 MtxCurrency,1200,1200,0,0.0,0,2026-09-10T00:00:00Z,2026-09-13T23:59:59.999Z,1,0,-1,BR091326,Full Flex,191,tileGrid,Size_1_x_1,,0,,1,br,Character_Billy,A Goat,outfit,gaminglegends,Gaming Legends Series,Goat Simulator 3,3,4,2022-09-29T17:53:53Z
2026-09-13,v2:/111620e6a43ace41d161c315888c36d93d14651eb7271a992b7cc116e19406a2,[VIRTUAL]1 x Lux Æterna for 500 MtxCurrency,500,500,0,0.0,0,2026-09-01T00:00:00Z,2026-09-30T23:59:59.999Z,1,0,-86,JT091326,Jam Tracks,185,expandableList,Size_1_x_1,,0,,1,track,sid_placeholder_236,Lux Æterna,,,,,,,2024-06-20T00:00:00Z
2026-09-13,v2:/8f2a78cbf81b3245e4827ab38bf23ccfdad1b9f3cf9a4017431098518ad16fe2,[VIRTUAL]1 x Heist Duffel for 400 MtxCurrency,400,400,0,0.0,0,2026-09-13T00:00:00Z,2026-09-15T23:59:59.999Z,1,0,-2,TypicalGamerIcons,Typical Gamer,184,tileGrid,Size_2_x_1,,0,,1,br,Backpack_QuarterClasp,Heist Duffel,backpack,icon,Icon Series,Typical Gamer,7,2,2026-05-24T21:01:00Z
2026-09-13,v2:/73235e9b73cccbf8d9b36884242040bc6125f956643b0f305e68712f6ba9beba,"[VIRTUAL]1 x Mega Man X, 1 x Buster Cannon Blades, 1 x E-Tank Power Pack for -1 MtxCurrency",1800,1800,0,0.0,0,2026-09-11T00:00:00Z,2026-09-20T23:59:59.999Z,1,0,-2,Megaman,Mega Man,197,tileGrid,Size_2_x_1,,0,,3,br,Character_DuneBriefShift,Mega Man X,outfit,gaminglegends,Gaming Legends Series,Mega Man,7,4,2026-09-07T20:23:20Z
2026-09-13,v2:/73235e9b73cccbf8d9b36884242040bc6125f956643b0f305e68712f6ba9beba,"[VIRTUAL]1 x Mega Man X, 1 x Buster Cannon Blades, 1 x E-Tank Power Pack for -1 MtxCurrency",1800,1800,0,0.0,0,2026-09-11T00:00:00Z,2026-09-20T23:59:59.999Z,1,0,-2,Megaman,Mega Man,197,tileGrid,Size_2_x_1,,0,,3,br,Pickaxe_DuneBriefShift,Buster Cannon Blades,pickaxe,gaminglegends,Gaming Legends Series,Mega Man,7,4,2026-09-07T20:23:20Z
2026-09-13,v2:/73235e9b73cccbf8d9b36884242040bc6125f956643b0f305e68712f6ba9beba,"[VIRTUAL]1 x Mega Man X, 1 x Buster Cannon Blades, 1 x E-Tank Power Pack for -1 MtxCurrency",1800,1800,0,0.0,0,2026-09-11T00:00:00Z,2026-09-20T23:59:59.999Z,1,0,-2,Megaman,Mega Man,197,tileGrid,Size_2_x_1,,0,,3,br,Backpack_DuneBriefShift,E-Tank Power Pack,backpack,gaminglegends,Gaming Legends Series,Mega Man,7,4,2026-09-07T20:23:20Z
2026-09-13,v2:/37a0ab5a68a1f321e42876083f30e27178f7aac87c21ae0c7106d5ffb9c9a6e6,[VIRTUAL]1 x Cape of Potassius for 400 MtxCurrency,400,400,0,0.0,0,2026-09-09T00:00:00Z,2026-09-13T23:59:59.999Z,1,0,-2,,,,,Size_1_x_1,,0,,1,br,BID_724_BananaLeader,Cape of Potassius,backpack,rare,,The Ides of Bunch,2,6,2021-03-17T11:14:28Z
2026-09-13,v2:/4a043775a75a056a0f3b4effe491ddc7336743327bcf5ce922b81c24a8c14cd1,"[VIRTUAL]1 x Twistie, 1 x Twistie Inflator for -1 MtxCurrency",1200,1200,0,0.0,0,2026-09-11T00:00:00Z,2026-09-13T23:59:59.999Z,1,0,-6,BR091326,Full Flex,191,tileGrid,Size_1_x_1,,0,,2,br,CID_326_Athena_Commando_F_WavyMan,Twistie,outfit,rare,,Hot Air,1,7,2019-11-20T12:50:07Z
2026-09-13,v2:/4a043775a75a056a0f3b4effe491ddc7336743327bcf5ce922b81c24a8c14cd1,"[VIRTUAL]1 x Twistie, 1 x Twistie Inflator for -1 MtxCurrency",1200,1200,0,0.0,0,2026-09-11T00:00:00Z,2026-09-13T23:59:59.999Z,1,0,-6,BR091326,Full Flex,191,tileGrid,Size_1_x_1,,0,,2,br,BID_202_WavyManFemale,Twistie Inflator,backpack,rare,,Hot Air,1,7,2019-11-20T12:50:36Z
2026-09-13,v2:/96cda2c3abf7827f494dbb054ba050f6805e3936d4200d375449b57e76dbb9a5,[VIRTUAL]1 x Power Bow for 500 MtxCurrency,500,500,0,0.0,0,2026-09-12T00:00:00Z,2026-09-15T23:59:59.999Z,1,0,-3,Rangers,Power Rangers,192,tileGrid,Size_1_x_1,,0,,1,br,Pickaxe_FumeFleeceJig,Power Bow,pickaxe,rare,,Mighty Morphin,6,5,2025-08-07T13:36:11Z
2026-09-13,v2:/90945c194246a21b02d86829749f13d00d89d1b6b407eb09812a42980f7a3724,"[VIRTUAL]1 x Aniyah, 1 x Clothier's Spellkit for -1 MtxCurrency",1500,1500,0,0.0,0,2026-09-08T00:00:00Z,2026-09-14T23:59:59.999Z,1,0,-4,NS090826,No Sweat,188,tileGrid,Size_1_x_1,Reactive to eliminations! ,0,,2,br,Character_DyedDuelist,Aniyah,outfit,epic,,Savvy Sorceress,4,4,2023-09-26T14:25:42Z
2026-09-13,v2:/90945c194246a21b02d86829749f13d00d89d1b6b407eb09812a42980f7a3724,"[VIRTUAL]1 x Aniyah, 1 x Clothier's Spellkit for -1 MtxCurrency",1500,1500,0,0.0,0,2026-09-08T00:00:00Z,2026-09-14T23:59:59.999Z,1,0,-4,NS090826,No Sweat,188,tileGrid,Size_1_x_1,Reactive to eliminations! ,0,,2,br,Backpack_DyedDuelist,Clothier's Spellkit,backpack,epic,,Savvy Sorceress,4,4,2023-09-26T14:25:42Z
2026-09-13,v2:/b6ce4e0d3226594f343485b2d92923a05bff4bc6685b23e762c575512fb354bf,[VIRTUAL]1 x Miku Light for 600 MtxCurrency,600,600,0,0.0,0,2026-09-10T00:00:00Z,2026-09-13T23:59:59.999Z,1,0,-2,Hatsune2,Hatsune Miku,183,tileGrid,Size_1_x_1,,0,,1,br,Contrail_JadeTowel,Miku Light,contrail,icon,Icon Series,Hatsune Miku,6,1,2025-01-14T09:00:00Z
2026-09-13,v2:/76ac446e130eb40e3dba9a3d49884a520af4331c8e8f61f74ff1351f0172326d,[VIRTUAL]1 x Give Me Everything for 500 MtxCurrency,500,500,0,0.0,0,2026-09-01T00:00:00Z,2026-09-30T23:59:59.999Z,1,0,-7,JT091326,Jam Tracks,185,expandableList,Size_1_x_1,,0,,1,track,sid_placeholder_249,Give Me Everything,,,,,,,2024-06-06T13:32:50Z
2026-09-13,v2:/7c15250cbd36a0bc486e97c3a84424b4b7395e9d83e3dcf6caddfda96678ab1e,[VIRTUAL]1 x The Unforgiven for 500 MtxCurrency,500,500,0,0.0,0,2026-09-01T00:00:00Z,2026-09-30T23:59:59.999Z,1,0,-83,JT091326,Jam Tracks,185,expandableList,Size_1_x_1,,0,,1,track,sid_placeholder_228,The Unforgiven,,,,,,,2024-06-13T08:00:00Z
2026-09-13,v2:/1c2985629fbf795994d33c2066e5aa8ea8440d2dac28177830e5c0a8e2cf4d6f,[VIRTUAL]1 x i for 500 MtxCurrency,500,500,0,0.0,0,2026-09-01T00:00:00Z,2026-09-30T23:59:59.999Z,1,0,-43,JT091326,Jam Tracks,185,expandableList,Size_1_x_1,,0,,1,track,sid_placeholder_110,i,,,,,,,2023-12-09T15:00:00Z
2026-09-13,v2:/738854990c9c4996900110cea340ef20b3c43a2cdf27fa2ad963c49a3ef9bfa8,"[VIRTUAL]1 x Miku's Beat Drums, 1 x Miku's Beat Drums, 1 x Miku's Beat Drums for 800 MtxCurrency",800,800,0,0.0,0,2026-09-10T00:00:00Z,2026-09-13T23:59:59.999Z,1,0,-3,Hatsune2,Hatsune Miku,183,tileGrid,Size_1_x_1,,0,,3,br,Backpack_JadeTowel_Drum,Miku's Beat Drums,backpack,icon,Icon Series,Hatsune Miku,,,2025-01-14T09:00:00Z
2026-09-13,v2:/738854990c9c4996900110cea340ef20b3c43a2cdf27fa2ad963c49a3ef9bfa8,"[VIRTUAL]1 x Miku's Beat Drums, 1 x Miku's Beat Drums, 1 x Miku's Beat Drums for 800 MtxCurrency",800,800,0,0.0,0,2026-09-10T00:00:00Z,2026-09-13T23:59:59.999Z,1,0,-3,Hatsune2,Hatsune Miku,183,tileGrid,Size_1_x_1,,0,,3,br,Pickaxe_JadeTowel_Drum,Miku's Beat Drums,pickaxe,icon,Icon Series,Hatsune Miku,,,2025-01-14T09:00:00Z
2026-09-13,v2:/738854990c9c4996900110cea340ef20b3c43a2cdf27fa2ad963c49a3ef9bfa8,"[VIRTUAL]1 x Miku's Beat Drums, 1 x Miku's Beat Drums, 1 x Miku's Beat Drums for 800 MtxCurrency",800,800,0,0.0,0,2026-09-10T00:00:00Z,2026-09-13T23:59:59.999Z,1,0,-3,Hatsune2,Hatsune Miku,183,tileGrid,Size_1_x_1,,0,,3,instrument,Sparks_Drum_JadeTowel,Miku's Beat Drums,drum,icon,Icon Series,,,,2025-01-14T09:00:00Z
2026-09-13,v2:/010751b6abd3e56c7ce61a81a35188787eb77e6d1d35ce3ed62c039c9fa6a87c,[VIRTUAL]1 x Ceremonial Gong for 200 MtxCurrency,200,200,0,0.0,0,2026-09-13T00:00:00Z,2026-09-14T23:59:59.999Z,1,0,-1,,,,,Size_1_x_1,,0,,1,br,Backpack_SteelyKendama,Ceremonial Gong,backpack,rare,,Mountain Monk,6,1,2025-01-31T14:25:34Z
2026-09-13,v2:/abed30f2437184cdcfbf3575048b58ba6e907a70afed008f6543e8fd576b60e2,[VIRTUAL]1 x TBD (SID_Placeholder_753) for 500 MtxCurrency,500,500,0,0.0,0,2026-09-11T00:00:00Z,2026-09-17T23:59:59.999Z,1,0,-2,JT091326,Jam Tracks,185,tileGrid,Size_1_x_1,,0,,1,track,sid_placeholder_753,So Far So Fake,,,,,,,2026-02-26T18:54:59Z
2026-09-13,v2:/b1204fbf47e444561e11f1d56e5f6a9ee578d288217cb2fbee2bcd97411311fe,[VIRTUAL]1 x TBD (SID_Placeholder_742) for 500 MtxCurrency,500,500,0,0.0,0,2026-09-01T00:00:00Z,2026-09-30T23:59:59.999Z,1,0,-13,JT091326,Jam Tracks,185,expandableList,Size_1_x_1,,0,,1,track,sid_placeholder_742,Never Meant,,,,,,,2026-02-04T16:58:53Z
2026-09-13,v2:/efe1abe95e9eb97dd8c6149571d74a44fc0031092cc56c8f7d042042098bf18b,[VIRTUAL]1 x Broccoli for 500 MtxCurrency,500,500,0,0.0,0,2026-09-01T00:00:00Z,2026-09-30T23:59:59.999Z,1,0,-75,JT091326,Jam Tracks,185,expandableList,Size_1_x_1,,0,,1,track,sid_placeholder_284,Broccoli,,,,,,,2024-08-29T13:33:26Z
2026-09-13,v2:/f2efd9a8739df55ea9dfd1411a5364af96acc5faabccef1010d6dac6248605c1,[VIRTUAL]1 x Toxic for 500 MtxCurrency,500,500,0,0.0,0,2026-09-01T00:00:00Z,2026-09-30T23:59:59.999Z,1,0,-36,JT091326,Jam Tracks,185,expandableList,Size_1_x_1,,0,,1,track,sid_placeholder_340,Toxic,,,,,,,2024-09-27T00:00:00Z
2026-09-13,v2:/7cdbcb37e7ed5d831062864d9e87de5a1b327fd19d93ae48c04dc4173af5450e,[VIRTUAL]1 x TBD (SID_Placeholder_708) for 500 MtxCurrency,500,500,0,0.0,0,2026-09-01T00:00:00Z,2026-09-30T23:59:59.999Z,1,0,-8,JT091326,Jam Tracks,185,expandableList,Size_1_x_1,,0,,1,track,sid_placeholder_708,Sky,,,,,,,2025-12-11T17:20:09Z
2026-09-13,v2:/70cbbae59e0f3bbcf981a83cf21cc4c9d6d58d1ca0769437e44d50dd19daa118,"[VIRTUAL]1 x Haze, 1 x Ridgeback for -1 MtxCurrency",1200,1200,0,0.0,0,2026-09-09T00:00:00Z,2026-09-13T23:59:59.999Z,1,0,-2,WrixelShop,Override,189,tileGrid,Size_1_x_1,,0,,2,br,CID_586_Athena_Commando_F_PunkDevil,Haze,outfit,rare,,Midnight Star,2,1,2019-11-20T12:51:16Z
2026-09-13,v2:/70cbbae59e0f3bbcf981a83cf21cc4c9d6d58d1ca0769437e44d50dd19daa118,"[VIRTUAL]1 x Haze, 1 x Ridgeback for -1 MtxCurrency",1200,1200,0,0.0,0,2026-09-09T00:00:00Z,2026-09-13T23:59:59.999Z,1,0,-2,WrixelShop,Override,189,tileGrid,Size_1_x_1,,0,,2,br,BID_387_PunkDevil,Ridgeback,backpack,rare,,Midnight Star,2,1,2019-11-20T12:51:14Z
2026-09-13,v2:/0a84ae24480f24edecf08967023782ad2be954c074c0d705c4d2a3902f387581,[VIRTUAL]1 x Barbarian for 500 MtxCurrency,500,500,0,0.0,0,2026-09-01T00:00:00Z,2026-09-30T23:59:59.999Z,1,0,-87,JT091326,Jam Tracks,185,expandableList,Size_1_x_1,,0,,1,track,sid_placeholder_430,Barbarian,,,,,,,2024-12-01T01:00:00Z
2026-09-13,v2:/432a32ef9933cfaafe1001a55176b1c061df6cf584165a74a4d62e1f38be9f89,[VIRTUAL]1 x TBD (SID_Placeholder_765) for 500 MtxCurrency,500,500,0,0.0,0,2026-09-01T00:00:00Z,2026-09-30T23:59:59.999Z,1,0,-25,JT091326,Jam Tracks,185,expandableList,Size_1_x_1,,0,,1,track,sid_placeholder_765,From the Start,,,,,,,2026-04-16T08:01:05Z
2026-09-13,v2:/a5900c9d91e591bf5705bcf3cc4fa2490afa3bcf859fb73bb9ab1d28ab98ab35,[VIRTUAL]1 x Buster Cannon Blades for 800 MtxCurrency,800,800,0,0.0,0,2026-09-11T00:00:00Z,2026-09-20T23:59:59.999Z,1,0,-3,Megaman,Mega Man,197,tileGrid,Size_1_x_1,,0,,1,br,Pickaxe_DuneBriefShift,Buster Cannon Blades,pickaxe,gaminglegends,Gaming Legends Series,Mega Man,7,4,2026-09-07T20:23:20Z
2026-09-13,v2:/19aec5d7ad317e3f8abe1ebd23946a09536c6f88f4fca0d313d580a986b5b931,"[VIRTUAL]1 x Champion PJ, 1 x FNCS Tape Decker, 1 x Champion's Hexaglow, 1 x TBD (SID_Placeholder_543), 1 x FNCS Raider for -1 MtxCurrency",3000,1800,1200,0.4,1,2026-09-10T00:00:00Z,2026-09-13T23:59:59.999Z,1,0,-1,ChampPJFNCS,FNCS,187,tileGrid,Size_2_x_1,,1,FNCS C6S2 Bundle,5,br,Character_WaywardRebelFNCS,Champion PJ,outfit,rare,,FNCS,6,2,2025-04-08T08:41:18Z
2026-09-13,v2:/19aec5d7ad317e3f8abe1ebd23946a09536c6f88f4fca0d313d580a986b5b931,"[VIRTUAL]1 x Champion PJ, 1 x FNCS Tape Decker, 1 x Champion's Hexaglow, 1 x TBD (SID_Placeholder_543), 1 x FNCS Raider for -1 MtxCurrency",3000,1800,1200,0.4,1,2026-09-10T00:00:00Z,2026-09-13T23:59:59.999Z,1,0,-1,ChampPJFNCS,FNCS,187,tileGrid,Size_2_x_1,,1,FNCS C6S2 Bundle,5,br,Pickaxe_WayWardRebelFNCS,FNCS Tape Decker,pickaxe,rare,,FNCS,6,2,2025-04-08T08:41:18Z
2026-09-13,v2:/19aec5d7ad317e3f8abe1ebd23946a09536c6f88f4fca0d313d580a986b5b931,"[VIRTUAL]1 x Champion PJ, 1 x FNCS Tape Decker, 1 x Champion's Hexaglow, 1 x TBD (SID_Placeholder_543), 1 x FNCS Raider for -1 MtxCurrency",3000,1800,1200,0.4,1,2026-09-10T00:00:00Z,2026-09-13T23:59:59.999Z,1,0,-1,ChampPJFNCS,FNCS,187,tileGrid,Size_2_x_1,,1,FNCS C6S2 Bundle,5,br,Wrap_WaywardRebel,Champion's Hexaglow,wrap,uncommon,,FNCS,6,2,2025-04-08T08:41:18Z
2026-09-13,v2:/19aec5d7ad317e3f8abe1ebd23946a09536c6f88f4fca0d313d580a986b5b931,"[VIRTUAL]1 x Champion PJ, 1 x FNCS Tape Decker, 1 x Champion's Hexaglow, 1 x TBD (SID_Placeholder_543), 1 x FNCS Raider for -1 MtxCurrency",3000,1800,1200,0.4,1,2026-09-10T00:00:00Z,2026-09-13T23:59:59.999Z,1,0,-1,ChampPJFNCS,FNCS,187,tileGrid,Size_2_x_1,,1,FNCS C6S2 Bundle,5,br,Backpack_FNCS_S34,FNCS Raider,backpack,rare,,FNCS,6,2,2025-04-08T08:41:18Z
2026-09-13,v2:/19aec5d7ad317e3f8abe1ebd23946a09536c6f88f4fca0d313d580a986b5b931,"[VIRTUAL]1 x Champion PJ, 1 x FNCS Tape Decker, 1 x Champion's Hexaglow, 1 x TBD (SID_Placeholder_543), 1 x FNCS Raider for -1 MtxCurrency",3000,1800,1200,0.4,1,2026-09-10T00:00:00Z,2026-09-13T23:59:59.999Z,1,0,-1,ChampPJFNCS,FNCS,187,tileGrid,Size_2_x_1,,1,FNCS C6S2 Bundle,5,track,sid_placeholder_543,Show Em (What We Can Do),,,,,,,2025-04-13T23:03:46Z
2026-09-13,v2:/a483a68c9faf8da2249671eb1c30860b7fbc72a193ce75b53b246c474405b1cf,[VIRTUAL]1 x Closer for 500 MtxCurrency,500,500,0,0.0,0,2026-09-01T00:00:00Z,2026-09-30T23:59:59.999Z,1,0,-89,JT091326,Jam Tracks,185,expandableList,Size_1_x_1,,0,,1,track,sid_placeholder_62,Closer,,,,,,,2024-02-29T00:02:26Z
2026-09-13,v2:/dcfa394045dfc57cff5d9b7806c7b960dd9d7a61dd3744f1fb832aeec5379988,[VIRTUAL]1 x TBD (SID_Placeholder_825) for 500 MtxCurrency,500,500,0,0.0,0,2026-09-11T00:00:00Z,2026-09-17T23:59:59.999Z,1,0,-4,JT091326,Jam Tracks,185,tileGrid,Size_1_x_1,,0,,1,track,sid_placeholder_825,Big Feeling,,,,,,,2026-07-07T14:30:51Z
2026-09-13,v2:/3e2840918dc6158a44010f8db1e4107f27a83218c0e9b567e8f9c7ca2fa32d1b,[VIRTUAL]1 x Castaway Jonesy for 800 MtxCurrency,800,800,0,0.0,0,2026-09-09T00:00:00Z,2026-09-13T23:59:59.999Z,1,0,-4,WrixelShop,Override,189,tileGrid,Size_1_x_1,,0,,1,br,CID_836_Athena_Commando_M_JonesyFlare,Castaway Jonesy,outfit,uncommon,,,2,3,2020-08-05T08:09:19Z
2026-09-13,v2:/590f0e9c7f7d8fe6dda67c206b9e5ff5523679a8b3d3154f81025dcd412e5d36,[VIRTUAL]1 x Ranger for 800 MtxCurrency,800,800,0,0.0,0,2026-09-13T00:00:00Z,2026-09-13T23:59:59.999Z,1,0,-4,BR091326,Full Flex,191,tileGrid,Size_1_x_1,,0,,1,br,CID_010_Athena_Commando_M,Ranger,outfit,uncommon,,,1,1,2019-11-20T12:50:30Z
2026-09-13,v2:/1b5f44f6010c0b09e3705bafe78569abac94d4ac6f9c4725ad9513b2cc9737a9,"[VIRTUAL]1 x Lil Wayne, 1 x Milli Bricks for -1 MtxCurrency",1500,1500,0,0.0,0,2026-09-13T00:00:00Z,2026-09-22T23:59:59.999Z,1,0,-1,LilWayneNew,Lil Wayne,198,tileGrid,Size_2_x_1,,0,,2,br,Character_NoiseClueLurch,Lil Wayne,outfit,icon,Icon Series,Lil Wayne,7,4,2026-09-10T16:36:49Z
2026-09-13,v2:/1b5f44f6010c0b09e3705bafe78569abac94d4ac6f9c4725ad9513b2cc9737a9,"[VIRTUAL]1 x Lil Wayne, 1 x Milli Bricks for -1 MtxCurrency",1500,1500,0,0.0,0,2026-09-13T00:00:00Z,2026-09-22T23:59:59.999Z,1,0,-1,LilWayneNew,Lil Wayne,198,tileGrid,Size_2_x_1,,0,,2,br,Backpack_NoiseClueLurch,Milli Bricks,backpack,icon,Icon Series,Lil Wayne,7,4,2026-09-10T16:36:49Z
2026-09-13,v2:/52514ba3f3d5a4deaf763fe6ce31e1cd02a327dcfb605b993bf03202c788ed96,"[VIRTUAL]1 x Red Knight, 1 x Red Shield for -1 MtxCurrency",2000,2000,0,0.0,0,2026-09-08T00:00:00Z,2026-09-14T23:59:59.999Z,1,0,-4,NS090826,No Sweat,188,tileGrid,Size_1_x_1,,0,,2,br,CID_034_Athena_Commando_F_Medieval,Red Knight,outfit,legendary,,Fort Knights,1,1,2019-11-20T12:50:29Z
2026-09-13,v2:/52514ba3f3d5a4deaf763fe6ce31e1cd02a327dcfb605b993bf03202c788ed96,"[VIRTUAL]1 x Red Knight, 1 x Red Shield for -1 MtxCurrency",2000,2000,0,0.0,0,2026-09-08T00:00:00Z,2026-09-14T23:59:59.999Z,1,0,-4,NS090826,No Sweat,188,tileGrid,Size_1_x_1,,0,,2,br,BID_003_RedKnight,Red Shield,backpack,legendary,,Fort Knights,1,3,2019-11-20T12:50:41Z
2026-09-13,v2:/934b2ec50fc3b7522ef8778d6da67809086597881be11c73ce1b7a8be913f9c2,[VIRTUAL]1 x Nightmare for 500 MtxCurrency,500,500,0,0.0,0,2026-09-01T00:00:00Z,2026-09-30T23:59:59.999Z,1,0,-54,JT091326,Jam Tracks,185,expandableList,Size_1_x_1,,0,,1,track,sid_placeholder_301,Nightmare,,,,,,,2024-10-17T13:33:26Z
2026-09-13,v2:/6dfbcc19f96cc5943e1c20b2a8202ebaa17aaea8096c77d9969e67c7c6424413,"[VIRTUAL]1 x Tha Guitar, 1 x Tha Guitar, 1 x Tha Guitar for 800 MtxCurrency",800,800,0,0.0,0,2026-09-13T00:00:00Z,2026-09-22T23:59:59.999Z,1,0,-3,LilWayneNew,Lil Wayne,198,tileGrid,Size_2_x_1,,0,,3,br,Backpack_NoiseClue_Guitar,Tha Guitar,backpack,icon,Icon Series,Lil Wayne,7,4,2026-09-10T16:00:38Z
2026-09-13,v2:/6dfbcc19f96cc5943e1c20b2a8202ebaa17aaea8096c77d9969e67c7c6424413,"[VIRTUAL]1 x Tha Guitar, 1 x Tha Guitar, 1 x Tha Guitar for 800 MtxCurrency",800,800,0,0.0,0,2026-09-13T00:00:00Z,2026-09-22T23:59:59.999Z,1,0,-3,LilWayneNew,Lil Wayne,198,tileGrid,Size_2_x_1,,0,,3,br,Pickaxe_NoiseClue_Guitar,Tha Guitar,pickaxe,icon,Icon Series,Lil Wayne,7,4,2026-09-10T16:00:38Z
2026-09-13,v2:/6dfbcc19f96cc5943e1c20b2a8202ebaa17aaea8096c77d9969e67c7c6424413,"[VIRTUAL]1 x Tha Guitar, 1 x Tha Guitar, 1 x Tha Guitar for 800 MtxCurrency",800,800,0,0.0,0,2026-09-13T00:00:00Z,2026-09-22T23:59:59.999Z,1,0,-3,LilWayneNew,Lil Wayne,198,tileGrid,Size_2_x_1,,0,,3,instrument,Sparks_NoiseClue_Guitar,Tha Guitar,guitar,icon,Icon Series,,,,2026-09-10T16:00:38Z
2026-09-13,v2:/d335a9ebe1af3e64dc8440c84129ff89826222d669a670df006f5b827caf4ce9,[VIRTUAL]1 x TBD (SID_Placeholder_870) for 500 MtxCurrency,500,500,0,0.0,0,2026-09-13T00:00:00Z,2026-09-22T23:59:59.999Z,1,0,-2,LilWayneNew,Lil Wayne,198,tileGrid,Size_1_x_1,,0,,1,track,sid_placeholder_870,Lollipop,,,,,,,2026-09-10T16:15:49Z
2026-09-13,v2:/2cc665a7afb81f51f20a1c88f53d9d9b4e7ab24a3479b27258269e0ba724bc58,[VIRTUAL]1 x TBD (SID_Placeholder_744) for 500 MtxCurrency,500,500,0,0.0,0,2026-09-01T00:00:00Z,2026-09-30T23:59:59.999Z,1,0,-81,JT091326,Jam Tracks,185,expandableList,Size_1_x_1,,0,,1,track,sid_placeholder_744,Just Pretend,,,,,,,2026-02-11T04:45:25Z
2026-09-13,v2:/ba3bcfa4905c9ad11c9b98905134eb1bc28e3d309137d9e0bc68033a39fd117a,[VIRTUAL]1 x Go With the Flow for 500 MtxCurrency,500,500,0,0.0,0,2026-09-10T00:00:00Z,2026-09-13T23:59:59.999Z,1,0,-4,VV091326,Party Moves,193,tileGrid,Size_1_x_1,,0,,1,br,EID_Destiny,Go With the Flow,emote,icon,Icon Series,,5,1,2024-02-08T00:00:00Z
2026-09-13,v2:/0befbc8358eaa89ba00e4940342784549fc06f7761ebaec8b2845d922de320c0,[VIRTUAL]1 x TBD (SID_Placeholder_543) for 500 MtxCurrency,500,500,0,0.0,0,2026-09-10T00:00:00Z,2026-09-13T23:59:59.999Z,1,0,-4,ChampPJFNCS,FNCS,187,tileGrid,Size_1_x_1,,0,,1,track,sid_placeholder_543,Show Em (What We Can Do),,,,,,,2025-04-13T23:03:46Z
2026-09-13,v2:/499a1ed41b3e911598d485369fbefa4ed39d5c72b1f4496927e727af01cf4868,[VIRTUAL]1 x GOATed for 500 MtxCurrency,500,500,0,0.0,0,2026-09-10T00:00:00Z,2026-09-13T23:59:59.999Z,1,0,-2,BR091326,Full Flex,191,tileGrid,Size_1_x_1,,0,,1,br,EID_Spectacular,GOATed,emote,icon,Icon Series,,4,3,2023-07-18T00:00:00Z
2026-09-13,v2:/a4b671b2ebe050e75f14dd686085ad3cf34b3a8ff68b1c91b0e1797340c2d8e4,[VIRTUAL]1 x TBD (SID_Placeholder_528) for 500 MtxCurrency,500,500,0,0.0,0,2026-09-01T00:00:00Z,2026-09-30T23:59:59.999Z,1,0,-23,JT091326,Jam Tracks,185,expandableList,Size_1_x_1,,0,,1,track,sid_placeholder_528,I Want It That Way,,,,,,,2025-03-06T14:32:03Z
2026-09-13,v2:/12ac21db867d88474e80e8c91702044923c1261aeb28436c87bf823079f5d520,[VIRTUAL]1 x The Diary Of Jane for 500 MtxCurrency,500,500,0,0.0,0,2026-09-01T00:00:00Z,2026-09-30T23:59:59.999Z,1,0,-47,JT091326,Jam Tracks,185,expandableList,Size_1_x_1,,0,,1,track,sid_placeholder_451,The Diary Of Jane,,,,,,,2024-12-19T21:10:30Z
2026-09-13,v2:/b898036a58350b0c6070aa6685d046c5466e811213e2e51ecfe5964b34c4d795,"[VIRTUAL]1 x Ichigo Kurosaki (Bankai), 1 x BMW M4 GT3 EVO, 1 x Ichigo Kurosaki (Fully-Hollowfied), 1 x Rukia Kuchiki (Hakka no Togame), 1 x BMW Motorsport, 1 x Lightning, 1 x Flames, 1 x Stripes, 1 x Wings, 1 x BMW M4 GT3 EVO for -1 MtxCurrency",2800,2800,0,0.0,0,2026-09-11T00:00:00Z,2026-09-15T23:59:59.999Z,1,0,-1,BMWm4,BMW M4 GT3 EVO,180,tileGrid,Size_3_x_1,Decals in this bundle are restricted to the BMW M4 GT3 EVO car body.,1,BMW M4 GT3 EVO + BLEACH,10,car,CarSkin_ToppleBlightShield03,Ichigo Kurosaki (Bankai),skin,uncommon,,,,,2025-12-19T14:50:15Z
2026-09-13,v2:/b898036a58350b0c6070aa6685d046c5466e811213e2e51ecfe5964b34c4d795,"[VIRTUAL]1 x Ichigo Kurosaki (Bankai), 1 x BMW M4 GT3 EVO, 1 x Ichigo Kurosaki (Fully-Hollowfied), 1 x Rukia Kuchiki (Hakka no Togame), 1 x BMW Motorsport, 1 x Lightning, 1 x Flames, 1 x Stripes, 1 x Wings, 1 x BMW M4 GT3 EVO for -1 MtxCurrency",2800,2800,0,0.0,0,2026-09-11T00:00:00Z,2026-09-15T23:59:59.999Z,1,0,-1,BMWm4,BMW M4 GT3 EVO,180,tileGrid,Size_3_x_1,Decals in this bundle are restricted to the BMW M4 GT3 EVO car body.,1,BMW M4 GT3 EVO + BLEACH,10,car,CarBody_Topple,BMW M4 GT3 EVO,body,uncommon,BMW SERIES,,,,2025-12-19T14:50:15Z
2026-09-13,v2:/b898036a58350b0c6070aa6685d046c5466e811213e2e51ecfe5964b34c4d795,"[VIRTUAL]1 x Ichigo Kurosaki (Bankai), 1 x BMW M4 GT3 EVO, 1 x Ichigo Kurosaki (Fully-Hollowfied), 1 x Rukia Kuchiki (Hakka no Togame), 1 x BMW Motorsport, 1 x Lightning, 1 x Flames, 1 x Stripes, 1 x Wings, 1 x BMW M4 GT3 EVO for -1 MtxCurrency",2800,2800,0,0.0,0,2026-09-11T00:00:00Z,2026-09-15T23:59:59.999Z,1,0,-1,BMWm4,BMW M4 GT3 EVO,180,tileGrid,Size_3_x_1,Decals in this bundle are restricted to the BMW M4 GT3 EVO car body.,1,BMW M4 GT3 EVO + BLEACH,10,car,CarSkin_ToppleBlightShield01,Ichigo Kurosaki (Fully-Hollowfied),skin,uncommon,,,,,2025-12-19T14:50:15Z
2026-09-13,v2:/b898036a58350b0c6070aa6685d046c5466e811213e2e51ecfe5964b34c4d795,"[VIRTUAL]1 x Ichigo Kurosaki (Bankai), 1 x BMW M4 GT3 EVO, 1 x Ichigo Kurosaki (Fully-Hollowfied), 1 x Rukia Kuchiki (Hakka no Togame), 1 x BMW Motorsport, 1 x Lightning, 1 x Flames, 1 x Stripes, 1 x Wings, 1 x BMW M4 GT3 EVO for -1 MtxCurrency",2800,2800,0,0.0,0,2026-09-11T00:00:00Z,2026-09-15T23:59:59.999Z,1,0,-1,BMWm4,BMW M4 GT3 EVO,180,tileGrid,Size_3_x_1,Decals in this bundle are restricted to the BMW M4 GT3 EVO car body.,1,BMW M4 GT3 EVO + BLEACH,10,car,CarSkin_ToppleBlightShield02,Rukia Kuchiki (Hakka no Togame),skin,uncommon,,,,,2025-12-19T14:50:15Z
2026-09-13,v2:/b898036a58350b0c6070aa6685d046c5466e811213e2e51ecfe5964b34c4d795,"[VIRTUAL]1 x Ichigo Kurosaki (Bankai), 1 x BMW M4 GT3 EVO, 1 x Ichigo Kurosaki (Fully-Hollowfied), 1 x Rukia Kuchiki (Hakka no Togame), 1 x BMW Motorsport, 1 x Lightning, 1 x Flames, 1 x Stripes, 1 x Wings, 1 x BMW M4 GT3 EVO for -1 MtxCurrency",2800,2800,0,0.0,0,2026-09-11T00:00:00Z,2026-09-15T23:59:59.999Z,1,0,-1,BMWm4,BMW M4 GT3 EVO,180,tileGrid,Size_3_x_1,Decals in this bundle are restricted to the BMW M4 GT3 EVO car body.,1,BMW M4 GT3 EVO + BLEACH,10,car,CarSkin_ToppleLivery01,BMW Motorsport,skin,uncommon,BMW SERIES,,,,2025-12-19T14:50:15Z
2026-09-13,v2:/b898036a58350b0c6070aa6685d046c5466e811213e2e51ecfe5964b34c4d795,"[VIRTUAL]1 x Ichigo Kurosaki (Bankai), 1 x BMW M4 GT3 EVO, 1 x Ichigo Kurosaki (Fully-Hollowfied), 1 x Rukia Kuchiki (Hakka no Togame), 1 x BMW Motorsport, 1 x Lightning, 1 x Flames, 1 x Stripes, 1 x Wings, 1 x BMW M4 GT3 EVO for -1 MtxCurrency",2800,2800,0,0.0,0,2026-09-11T00:00:00Z,2026-09-15T23:59:59.999Z,1,0,-1,BMWm4,BMW M4 GT3 EVO,180,tileGrid,Size_3_x_1,Decals in this bundle are restricted to the BMW M4 GT3 EVO car body.,1,BMW M4 GT3 EVO + BLEACH,10,car,CarSkin_ToppleLightning,Lightning,skin,uncommon,BMW SERIES,,,,2025-12-19T14:50:15Z
2026-09-13,v2:/b898036a58350b0c6070aa6685d046c5466e811213e2e51ecfe5964b34c4d795,"[VIRTUAL]1 x Ichigo Kurosaki (Bankai), 1 x BMW M4 GT3 EVO, 1 x Ichigo Kurosaki (Fully-Hollowfied), 1 x Rukia Kuchiki (Hakka no Togame), 1 x BMW Motorsport, 1 x Lightning, 1 x Flames, 1 x Stripes, 1 x Wings, 1 x BMW M4 GT3 EVO for -1 MtxCurrency",2800,2800,0,0.0,0,2026-09-11T00:00:00Z,2026-09-15T23:59:59.999Z,1,0,-1,BMWm4,BMW M4 GT3 EVO,180,tileGrid,Size_3_x_1,Decals in this bundle are restricted to the BMW M4 GT3 EVO car body.,1,BMW M4 GT3 EVO + BLEACH,10,car,CarSkin_ToppleFlames,Flames,skin,uncommon,BMW SERIES,,,,2025-12-19T14:50:15Z
2026-09-13,v2:/b898036a58350b0c6070aa6685d046c5466e811213e2e51ecfe5964b34c4d795,"[VIRTUAL]1 x Ichigo Kurosaki (Bankai), 1 x BMW M4 GT3 EVO, 1 x Ichigo Kurosaki (Fully-Hollowfied), 1 x Rukia Kuchiki (Hakka no Togame), 1 x BMW Motorsport, 1 x Lightning, 1 x Flames, 1 x Stripes, 1 x Wings, 1 x BMW M4 GT3 EVO for -1 MtxCurrency",2800,2800,0,0.0,0,2026-09-11T00:00:00Z,2026-09-15T23:59:59.999Z,1,0,-1,BMWm4,BMW M4 GT3 EVO,180,tileGrid,Size_3_x_1,Decals in this bundle are restricted to the BMW M4 GT3 EVO car body.,1,BMW M4 GT3 EVO + BLEACH,10,car,CarSkin_ToppleStripes,Stripes,skin,uncommon,BMW SERIES,,,,2025-12-19T14:50:15Z
2026-09-13,v2:/b898036a58350b0c6070aa6685d046c5466e811213e2e51ecfe5964b34c4d795,"[VIRTUAL]1 x Ichigo Kurosaki (Bankai), 1 x BMW M4 GT3 EVO, 1 x Ichigo Kurosaki (Fully-Hollowfied), 1 x Rukia Kuchiki (Hakka no Togame), 1 x BMW Motorsport, 1 x Lightning, 1 x Flames, 1 x Stripes, 1 x Wings, 1 x BMW M4 GT3 EVO for -1 MtxCurrency",2800,2800,0,0.0,0,2026-09-11T00:00:00Z,2026-09-15T23:59:59.999Z,1,0,-1,BMWm4,BMW M4 GT3 EVO,180,tileGrid,Size_3_x_1,Decals in this bundle are restricted to the BMW M4 GT3 EVO car body.,1,BMW M4 GT3 EVO + BLEACH,10,car,CarSkin_ToppleWings,Wings,skin,uncommon,BMW SERIES,,,,2025-12-19T14:50:15Z
2026-09-13,v2:/b898036a58350b0c6070aa6685d046c5466e811213e2e51ecfe5964b34c4d795,"[VIRTUAL]1 x Ichigo Kurosaki (Bankai), 1 x BMW M4 GT3 EVO, 1 x Ichigo Kurosaki (Fully-Hollowfied), 1 x Rukia Kuchiki (Hakka no Togame), 1 x BMW Motorsport, 1 x Lightning, 1 x Flames, 1 x Stripes, 1 x Wings, 1 x BMW M4 GT3 EVO for -1 MtxCurrency",2800,2800,0,0.0,0,2026-09-11T00:00:00Z,2026-09-15T23:59:59.999Z,1,0,-1,BMWm4,BMW M4 GT3 EVO,180,tileGrid,Size_3_x_1,Decals in this bundle are restricted to the BMW M4 GT3 EVO car body.,1,BMW M4 GT3 EVO + BLEACH,10,car,Wheel_Topple01,BMW M4 GT3 EVO,wheel,uncommon,BMW SERIES,,,,2025-12-19T14:50:15Z
2026-09-13,v2:/086540d36cc5b1784ec0ad91944dd7f8e1103e2ab016e84b90ab6409e0e1250e,[VIRTUAL]1 x Just Dance for 500 MtxCurrency,500,500,0,0.0,0,2026-09-01T00:00:00Z,2026-09-30T23:59:59.999Z,1,0,-52,JT091326,Jam Tracks,185,expandableList,Size_1_x_1,,0,,1,track,sid_placeholder_80,Just Dance,,,,,,,2024-02-22T09:00:00Z
2026-09-13,v2:/5406dd496e477002a7d1535f1e771e187d64980d788e71b3aed3729a00f85af5,[VIRTUAL]1 x Stateside for 500 MtxCurrency,500,500,0,0.0,0,2026-09-10T00:00:00Z,2026-09-13T23:59:59.999Z,1,0,-2,VV091326,Party Moves,193,tileGrid,Size_1_x_1,,0,,1,br,EID_GoldenGlory,Stateside,emote,icon,Icon Series,,7,2,2026-05-01T00:00:00Z
2026-09-13,v2:/92103eca3092f972b04d147b563947f01a4b58849c626bfdd5e0fb034fda42b2,[VIRTUAL]1 x Kayaku for 400 MtxCurrency,400,400,0,0.0,0,2026-09-12T00:00:00Z,2026-09-18T23:59:59.999Z,1,0,-5,,,,,Size_1_x_1,,0,,1,br,Backpack_SunbeamQuest,Kayaku,backpack,rare,,Protective Zenko,4,3,2023-06-12T21:47:52Z
2026-09-13,v2:/cab7febb98c398b74df0b678bafa571d4f2dfe996669cbbd70c6a7692c9d757e,[VIRTUAL]1 x Stressed Out for 500 MtxCurrency,500,500,0,0.0,0,2026-09-01T00:00:00Z,2026-09-30T23:59:59.999Z,1,0,-57,JT091326,Jam Tracks,185,expandableList,Size_1_x_1,,0,,1,track,sid_placeholder_40,Stressed Out,,,,,,,2024-05-14T14:56:14Z
2026-09-13,v2:/e268419825ec3d39703fecb6fcfafae6e438f32c0a5bb9943fceaa38f2d9ab3a,[VIRTUAL]1 x Mark of Mercy for 500 MtxCurrency,500,500,0,0.0,0,2026-09-12T00:00:00Z,2026-09-16T23:59:59.999Z,1,0,-2,Overwatch,Overwatch,195,tileGrid,Size_1_x_1,,0,,1,br,Wrap_TrackWaver,Mark of Mercy,wrap,gaminglegends,Gaming Legends Series,Overwatch,7,2,2026-05-14T09:00:00Z
2026-09-13,v2:/64a2729f029b2675d271bd2c22e6bd20e9f4598fb4ebf8d349428f64f031c531,[VIRTUAL]1 x Sabertooth Tiger Coin for 300 MtxCurrency,300,300,0,0.0,0,2026-09-12T00:00:00Z,2026-09-15T23:59:59.999Z,1,0,-2,Rangers,Power Rangers,192,tileGrid,Size_1_x_1,,0,,1,br,Backpack_FumeFleeceWag,Sabertooth Tiger Coin,backpack,rare,,Mighty Morphin,6,5,2025-08-07T13:36:11Z
2026-09-13,v2:/bf6183be7e2adbf844ece5384cad79072fd13cc5ebc62e81564f8f3332b36ad4,"[VIRTUAL]1 x Kimiko Five-Tails, 1 x Kayaku for -1 MtxCurrency",1200,1200,0,0.0,0,2026-09-12T00:00:00Z,2026-09-18T23:59:59.999Z,1,0,-5,BR091326,Full Flex,191,tileGrid,Size_1_x_1,<highlight>KIMIKO FIVE-TAILS</> adds one tail for each elimination up to 5 tails!,0,,2,br,Character_SunbeamQuest,Kimiko Five-Tails,outfit,rare,,Protective Zenko,4,3,2023-06-12T21:47:52Z
2026-09-13,v2:/bf6183be7e2adbf844ece5384cad79072fd13cc5ebc62e81564f8f3332b36ad4,"[VIRTUAL]1 x Kimiko Five-Tails, 1 x Kayaku for -1 MtxCurrency",1200,1200,0,0.0,0,2026-09-12T00:00:00Z,2026-09-18T23:59:59.999Z,1,0,-5,BR091326,Full Flex,191,tileGrid,Size_1_x_1,<highlight>KIMIKO FIVE-TAILS</> adds one tail for each elimination up to 5 tails!,0,,2,br,Backpack_SunbeamQuest,Kayaku,backpack,rare,,Protective Zenko,4,3,2023-06-12T21:47:52Z
2026-09-13,v2:/16e6b33b6c7faf4cccca661594ce7fe66fd9d7d3bb50b7f7e4cc8002d1ac380f,[VIRTUAL]1 x Rage Quit for 200 MtxCurrency,200,200,0,0.0,0,2026-09-13T00:00:00Z,2026-09-15T23:59:59.999Z,1,0,-3,BanderitaX,BanderitaX's Locker,182,tileGrid,Size_1_x_1,,0,,1,br,EID_RageQuit,Rage Quit,emote,uncommon,,,1,X,2019-11-20T12:49:42Z
2026-09-13,v2:/2a5e9c93c20ba3b73984bee4c90c55da4b6f4e48052502a2583e318e645f3993,[VIRTUAL]1 x Dark Void for 300 MtxCurrency,300,300,0,0.0,0,2026-09-11T00:00:00Z,2026-09-13T23:59:59.999Z,1,0,-4,,,,,Size_1_x_1,,0,,1,br,BID_039_SpaceBlackFemale,Dark Void,backpack,legendary,,Space Explorers,1,3,2019-11-20T12:50:41Z
2026-09-13,v2:/c145f9231c093e5238374b8d58c517a929179508211d8ebc838445d8d523ea14,[VIRTUAL]1 x TBD (SID_Placeholder_462) for 500 MtxCurrency,500,500,0,0.0,0,2026-09-10T00:00:00Z,2026-09-13T23:59:59.999Z,1,0,-4,Hatsune2,Hatsune Miku,183,tileGrid,Size_1_x_1,,0,,1,track,sid_placeholder_462,M@GICAL☆CURE! LOVE SHOT!,,,,,,,2025-01-14T09:32:50Z
2026-09-13,v2:/da611c07dfaed422fa44e0e5394f3be811101924616e3c99429d7672801054d9,[VIRTUAL]1 x TBD (SID_Placeholder_483) for 500 MtxCurrency,500,500,0,0.0,0,2026-09-10T00:00:00Z,2026-09-13T23:59:59.999Z,1,0,-2,Hatsune2,Hatsune Miku,183,tileGrid,Size_1_x_1,,0,,1,track,sid_placeholder_483,World Is Mine,,,,,,,2025-01-14T09:00:00Z
2026-09-13,v2:/9fe81306a322ae91d1786a021c3c2c3ffc0e13ef818ae13039169dab45cba406,[VIRTUAL]1 x TBD (SID_Placeholder_725) for 500 MtxCurrency,500,500,0,0.0,0,2026-09-11T00:00:00Z,2026-09-17T23:59:59.999Z,1,0,-3,JT091326,Jam Tracks,185,tileGrid,Size_1_x_1,,0,,1,track,sid_placeholder_725,No One Noticed,,,,,,,2025-12-12T00:04:51Z
2026-09-13,v2:/78e6604f337dd365b1800fadb1d3a9a8cc1d5942ae9b9b379a0e7e8962b005d5,[VIRTUAL]1 x Power Rangers for 500 MtxCurrency,500,500,0,0.0,0,2026-09-12T00:00:00Z,2026-09-15T23:59:59.999Z,1,0,-4,Rangers,Power Rangers,192,tileGrid,Size_1_x_1,Wrap changes styles based on currently equipped Power Rangers Outfit! Styles maintain base ranger color.,0,,1,br,Wrap_FumeFleece,Power Rangers,wrap,rare,,Mighty Morphin,6,5,2025-08-07T13:36:11Z
2026-09-13,v2:/22ff3e974eeb6a4bf63bff0761aae2486ce6b785be5b6a47b6f797fef8fad05d,[VIRTUAL]1 x Caduceus Pickaxe for 800 MtxCurrency,800,800,0,0.0,0,2026-09-12T00:00:00Z,2026-09-16T23:59:59.999Z,1,0,-1,Overwatch,Overwatch,195,tileGrid,Size_1_x_1,,0,,1,br,Pickaxe_TrackWaver,Caduceus Pickaxe,pickaxe,gaminglegends,Gaming Legends Series,Overwatch,7,2,2026-05-14T09:00:00Z
2026-09-13,v2:/e027274057f26aa781960acad31a8bf1a28bf74864f6ba5dc58a9135d74ede68,[VIRTUAL]1 x TBD (SID_Placeholder_546) for 500 MtxCurrency,500,500,0,0.0,0,2026-09-01T00:00:00Z,2026-09-30T23:59:59.999Z,1,0,-98,JT091326,Jam Tracks,185,expandableList,Size_1_x_1,,0,,1,track,sid_placeholder_546,Through the Fire and Flames,,,,,,,2025-03-15T00:10:15Z
2026-09-13,v2:/0bb51aaa38315090c1b965960cec1c7094c86ecfa3af92e87a95ae7c4b7b05a6,[VIRTUAL]1 x TBD (SID_Placeholder_481) for 500 MtxCurrency,500,500,0,0.0,0,2026-09-10T00:00:00Z,2026-09-13T23:59:59.999Z,1,0,-4,Hatsune2,Hatsune Miku,183,tileGrid,Size_1_x_1,,0,,1,track,sid_placeholder_481,Miku,,,,,,,2025-01-14T09:00:00Z
2026-09-13,v2:/c71ec83530f7e9b27a55f0b8d355480686d9707985eb40149cd554dd6e6d839f,"[VIRTUAL]1 x Hatsune's Mic-u, 1 x Hatsune's Mic-u, 1 x Hatsune's Mic-u for 800 MtxCurrency",800,800,0,0.0,0,2026-09-10T00:00:00Z,2026-09-13T23:59:59.999Z,1,0,-4,Hatsune2,Hatsune Miku,183,tileGrid,Size_1_x_1,,0,,3,br,Backpack_JadeTowel_Mic,Hatsune's Mic-u,backpack,icon,Icon Series,Hatsune Miku,,,2025-01-14T09:00:00Z
2026-09-13,v2:/c71ec83530f7e9b27a55f0b8d355480686d9707985eb40149cd554dd6e6d839f,"[VIRTUAL]1 x Hatsune's Mic-u, 1 x Hatsune's Mic-u, 1 x Hatsune's Mic-u for 800 MtxCurrency",800,800,0,0.0,0,2026-09-10T00:00:00Z,2026-09-13T23:59:59.999Z,1,0,-4,Hatsune2,Hatsune Miku,183,tileGrid,Size_1_x_1,,0,,3,br,Pickaxe_JadeTowel_Mic,Hatsune's Mic-u,pickaxe,icon,Icon Series,Hatsune Miku,,,2025-01-14T09:00:00Z
2026-09-13,v2:/c71ec83530f7e9b27a55f0b8d355480686d9707985eb40149cd554dd6e6d839f,"[VIRTUAL]1 x Hatsune's Mic-u, 1 x Hatsune's Mic-u, 1 x Hatsune's Mic-u for 800 MtxCurrency",800,800,0,0.0,0,2026-09-10T00:00:00Z,2026-09-13T23:59:59.999Z,1,0,-4,Hatsune2,Hatsune Miku,183,tileGrid,Size_1_x_1,,0,,3,instrument,Sparks_Mic_JadeTowel,Hatsune's Mic-u,mic,icon,Icon Series,,,,2025-01-14T09:00:00Z
2026-09-13,v2:/326731d8b150f7f3ff8002caf8a9e708953a72cd48a1fb71befc0edff4933076,[VIRTUAL]1 x SexyBack for 500 MtxCurrency,500,500,0,0.0,0,2026-09-01T00:00:00Z,2026-09-30T23:59:59.999Z,1,0,-38,JT091326,Jam Tracks,185,expandableList,Size_1_x_1,,0,,1,track,sid_placeholder_342,SexyBack,,,,,,,2024-09-27T00:00:00Z
2026-09-13,v2:/b4082db712de20c8e62ee1ce222159030f7cb2bcbbbd9c23a5d60fdecf8f7d45,[VIRTUAL]1 x Armed And Dangerous for 500 MtxCurrency,500,500,0,0.0,0,2026-09-01T00:00:00Z,2026-09-30T23:59:59.999Z,1,0,-34,JT091326,Jam Tracks,185,expandableList,Size_1_x_1,,0,,1,track,sid_placeholder_428,Armed And Dangerous,,,,,,,2024-11-21T14:39:11Z
2026-09-13,v2:/a5770ce343164772ed968cfb732b354bce2c9f16a438d1a1cc58eda1f85d7347,[VIRTUAL]1 x Black Hole Sun for 500 MtxCurrency,500,500,0,0.0,0,2026-09-01T00:00:00Z,2026-09-30T23:59:59.999Z,1,0,-10,JT091326,Jam Tracks,185,expandableList,Size_1_x_1,,0,,1,track,sid_placeholder_100,Black Hole Sun,,,,,,,2024-02-22T10:58:10Z
2026-09-13,v2:/a8d3960e5deaf6485505266701024d3fdd9b8742c6ebc5f868fa31666f18e5bb,[VIRTUAL]1 x Weezy Board for 500 MtxCurrency,500,500,0,0.0,0,2026-09-13T00:00:00Z,2026-09-22T23:59:59.999Z,1,0,-1,LilWayneNew,Lil Wayne,198,tileGrid,Size_1_x_1,,0,,1,br,Backpack_NoiseClueGust,Weezy Board,backpack,icon,Icon Series,Lil Wayne,7,4,2026-09-10T16:36:49Z
2026-09-13,v2:/4b964f7fe8ae2a72a9b5b3854cffddb7dc40afa7f5f29b9e9af695e1d53e4c92,[VIRTUAL]1 x Red Shield for 300 MtxCurrency,300,300,0,0.0,0,2026-09-08T00:00:00Z,2026-09-14T23:59:59.999Z,1,0,-4,,,,,Size_1_x_1,,0,,1,br,BID_003_RedKnight,Red Shield,backpack,legendary,,Fort Knights,1,3,2019-11-20T12:50:41Z
2026-09-13,v2:/188bb66e118af688f2bb726c41eaef0c0e7c63d53c77be52084b2a75873da943,[VIRTUAL]1 x Cruise Caliber for 400 MtxCurrency,400,400,0,0.0,0,2026-09-09T00:00:00Z,2026-09-15T23:59:59.999Z,1,0,-1,,,,,Size_3_x_1,,0,,1,car,Wheel_Zuse,Cruise Caliber,wheel,uncommon,,,,,2025-02-21T12:16:05Z
2026-09-13,v2:/77cbc3a2ab734b023ae15c26cee58b8a7aee7d5db943602993943e4e6a6febd2,"[VIRTUAL]1 x Ruby, 1 x Red Alert for -1 MtxCurrency",1200,1200,0,0.0,0,2026-09-09T00:00:00Z,2026-09-13T23:59:59.999Z,1,0,-6,WrixelShop,Override,189,tileGrid,Size_1_x_1,,0,,2,br,CID_527_Athena_Commando_F_StreetFashionRed,Ruby,outfit,rare,,Street Stripes,1,X,2019-11-20T12:49:50Z
2026-09-13,v2:/77cbc3a2ab734b023ae15c26cee58b8a7aee7d5db943602993943e4e6a6febd2,"[VIRTUAL]1 x Ruby, 1 x Red Alert for -1 MtxCurrency",1200,1200,0,0.0,0,2026-09-09T00:00:00Z,2026-09-13T23:59:59.999Z,1,0,-6,WrixelShop,Override,189,tileGrid,Size_1_x_1,,0,,2,br,BID_354_StreetFashionRed,Red Alert,backpack,rare,,Street Stripes,1,X,2019-11-20T12:50:32Z
2026-09-13,v2:/c4eb3f33d1178fa70e0456be4bb83afc567ffdf178e106e0e8801788e7367299,[VIRTUAL]1 x TBD (SID_Placeholder_706) for 500 MtxCurrency,500,500,0,0.0,0,2026-09-01T00:00:00Z,2026-09-30T23:59:59.999Z,1,0,-20,JT091326,Jam Tracks,185,expandableList,Size_1_x_1,,0,,1,track,sid_placeholder_706,EVIL J0RDAN,,,,,,,2025-12-11T17:20:09Z
2026-09-13,v2:/00a9369332fedd111000f3dc76b631be01963d04227e4b620bedf1fb2a4377e5,[VIRTUAL]1 x Milli Bricks for 400 MtxCurrency,400,400,0,0.0,0,2026-09-13T00:00:00Z,2026-09-22T23:59:59.999Z,1,0,-2,LilWayneNew,Lil Wayne,198,tileGrid,Size_1_x_1,,0,,1,br,Backpack_NoiseClueLurch,Milli Bricks,backpack,icon,Icon Series,Lil Wayne,7,4,2026-09-10T16:36:49Z
2026-09-13,v2:/9b7c83adc24f303407c326064522530c561a4d6fd124e1cf3f85abe14d5a7982,"[VIRTUAL]1 x Redway Ruby, 1 x Gifford Shuffle for -1 MtxCurrency",1200,1200,0,0.0,0,2026-09-13T00:00:00Z,2026-09-15T23:59:59.999Z,1,0,-3,TypicalGamerIcons,Typical Gamer,184,tileGrid,Size_1_x_1,,1,Redway Ruby,2,br,Character_QuarterClaspJoin,Redway Ruby,outfit,icon,Icon Series,Typical Gamer,7,2,2026-05-24T21:01:00Z
2026-09-13,v2:/9b7c83adc24f303407c326064522530c561a4d6fd124e1cf3f85abe14d5a7982,"[VIRTUAL]1 x Redway Ruby, 1 x Gifford Shuffle for -1 MtxCurrency",1200,1200,0,0.0,0,2026-09-13T00:00:00Z,2026-09-15T23:59:59.999Z,1,0,-3,TypicalGamerIcons,Typical Gamer,184,tileGrid,Size_1_x_1,,1,Redway Ruby,2,br,Backpack_QuarterClaspJoin_How,Gifford Shuffle,backpack,icon,Icon Series,Typical Gamer,7,2,2026-05-24T21:01:00Z
2026-09-13,v2:/71d7e7d1646c847e4c95b5c2211d93b52235527ac4ddb846acbdb53fc56545bc,[VIRTUAL]1 x Nike Dunk Low 'Panda' for 1000 MtxCurrency,1000,1000,0,0.0,0,2026-09-07T00:00:00Z,2026-09-13T23:59:59.999Z,1,0,-1,BR091326,Full Flex,191,tileGrid,Size_1_x_1,,0,,1,br,Shoes_LumenDrakePat,Nike Dunk Low 'Panda',shoe,uncommon,,NIKE Shoes,7,1,2026-01-10T00:00:00Z
2026-09-13,v2:/dc3d78b48ed1b97dae1387ac8bfe0718940406e091a89f74c4adf5b0d785d397,[VIRTUAL]1 x Kryptonite for 500 MtxCurrency,500,500,0,0.0,0,2026-09-01T00:00:00Z,2026-09-30T23:59:59.999Z,1,0,-84,JT091326,Jam Tracks,185,expandableList,Size_1_x_1,,0,,1,track,sid_placeholder_300,Kryptonite,,,,,,,2024-12-26T14:34:39Z
2026-09-13,v2:/aed6d706756c669a6c3d033b3268c74bfec935af8b0bec5ae06f81464a645359,[VIRTUAL]1 x In The End for 500 MtxCurrency,500,500,0,0.0,0,2026-09-01T00:00:00Z,2026-09-30T23:59:59.999Z,1,0,-11,JT091326,Jam Tracks,185,expandableList,Size_1_x_1,,0,,1,track,sid_placeholder_298,In The End,,,,,,,2024-08-29T13:33:26Z
2026-09-13,v2:/22ebb700902ab510b61584945300863502c6f95188d826a61b10a9ce31068118,[VIRTUAL]1 x TBD (SID_Placeholder_497) for 500 MtxCurrency,500,500,0,0.0,0,2026-09-01T00:00:00Z,2026-09-30T23:59:59.999Z,1,0,-90,JT091326,Jam Tracks,185,expandableList,Size_1_x_1,,0,,1,track,sid_placeholder_497,Still Into You,,,,,,,2025-03-18T15:58:31Z
2026-09-13,v2:/5f0db4879813ab90e949e3f794be5d9bedc1a2bf4a2ad0adb10e6b5cd5a0732e,[VIRTUAL]1 x Rap Monster for 500 MtxCurrency,500,500,0,0.0,0,2026-09-10T00:00:00Z,2026-09-13T23:59:59.999Z,1,0,-1,VV091326,Party Moves,193,tileGrid,Size_1_x_1,,0,,1,br,EID_ClayPlug,Rap Monster,emote,icon,Icon Series,Eminem,2,Remix,2024-11-13T10:14:32Z
2026-09-13,v2:/de4dfae6115c6c6313bf6de04a893e58c3bd370e5b55901f76dbbd6e8804b8db,"[VIRTUAL]1 x Mercy, 1 x Mercy's Valkyrie Wings, 1 x Mercy's Valkyrie Wings for -1 MtxCurrency",1600,1600,0,0.0,0,2026-09-12T00:00:00Z,2026-09-16T23:59:59.999Z,1,0,-2,Overwatch,Overwatch,195,tileGrid,Size_2_x_1,,1,Mercy,3,br,Character_TrackWaver,Mercy,outfit,gaminglegends,Gaming Legends Series,Overwatch,7,2,2026-05-14T09:00:00Z
2026-09-13,v2:/de4dfae6115c6c6313bf6de04a893e58c3bd370e5b55901f76dbbd6e8804b8db,"[VIRTUAL]1 x Mercy, 1 x Mercy's Valkyrie Wings, 1 x Mercy's Valkyrie Wings for -1 MtxCurrency",1600,1600,0,0.0,0,2026-09-12T00:00:00Z,2026-09-16T23:59:59.999Z,1,0,-2,Overwatch,Overwatch,195,tileGrid,Size_2_x_1,,1,Mercy,3,br,Backpack_TrackWaver,Mercy's Valkyrie Wings,backpack,gaminglegends,Gaming Legends Series,Overwatch,7,2,2026-05-14T09:00:00Z
2026-09-13,v2:/de4dfae6115c6c6313bf6de04a893e58c3bd370e5b55901f76dbbd6e8804b8db,"[VIRTUAL]1 x Mercy, 1 x Mercy's Valkyrie Wings, 1 x Mercy's Valkyrie Wings for -1 MtxCurrency",1600,1600,0,0.0,0,2026-09-12T00:00:00Z,2026-09-16T23:59:59.999Z,1,0,-2,Overwatch,Overwatch,195,tileGrid,Size_2_x_1,,1,Mercy,3,br,Glider_TrackWaver,Mercy's Valkyrie Wings,glider,gaminglegends,Gaming Legends Series,Overwatch,7,2,2026-05-14T09:00:00Z
2026-09-13,v2:/bfdb9b38eb8bca730e1a413d747403038642968a7071853750d0d659f05171d9,[VIRTUAL]1 x Power Sword for 500 MtxCurrency,500,500,0,0.0,0,2026-09-12T00:00:00Z,2026-09-15T23:59:59.999Z,1,0,-3,Rangers,Power Rangers,192,tileGrid,Size_1_x_1,,0,,1,br,Pickaxe_FumeFleeceFade,Power Sword,pickaxe,rare,,Mighty Morphin,6,5,2025-08-07T13:36:11Z
2026-09-13,v2:/de61d9551ede9237a450dc9f8d9a352bf7f370a32d1cb7266f9ee27185160ab4,[VIRTUAL]1 x Kitsune for 1200 MtxCurrency,1200,1200,0,0.0,0,2026-09-08T00:00:00Z,2026-09-13T23:59:59.999Z,1,0,-1,BR091326,Full Flex,191,tileGrid,Size_1_x_1,This Sidekick includes quests that unlock new items upon completion!,0,,1,br,Companion_MuzzleSwish,Kitsune,sidekick,uncommon,,Fox Clan,7,1,2025-12-18T10:38:26Z
2026-09-13,v2:/4eeb1731272ecb3969563d981eda237ec2309612b64591ec15f320718156db70,[VIRTUAL]1 x Say So for 500 MtxCurrency,500,500,0,0.0,0,2026-09-01T00:00:00Z,2026-09-30T23:59:59.999Z,1,0,-37,JT091326,Jam Tracks,185,expandableList,Size_1_x_1,,0,,1,track,sid_placeholder_69,Say So,,,,,,,2024-01-31T00:05:11Z
2026-09-13,v2:/ed10df5acc9ea23d44f0622ce5f8079893423267b7d36b3bee1d6cfb84fa92b9,[VIRTUAL]1 x Sweet Child O' Mine for 500 MtxCurrency,500,500,0,0.0,0,2026-09-01T00:00:00Z,2026-09-30T23:59:59.999Z,1,0,-51,JT091326,Jam Tracks,185,expandableList,Size_1_x_1,,0,,1,track,sid_placeholder_271,Sweet Child O' Mine,,,,,,,2024-08-09T00:00:00Z
2026-09-13,v2:/d7af1f2c48771016bc17d45c99b46bda576d9fd101f018c22db75f7c6d5df2d8,[VIRTUAL]1 x Down for 500 MtxCurrency,500,500,0,0.0,0,2026-09-12T00:00:00Z,2026-09-15T23:59:59.999Z,1,0,-3,VV091326,Party Moves,193,tileGrid,Size_1_x_1,,0,,1,br,EID_HoopDreams,Down,emote,icon,Icon Series,,7,2,2026-05-15T00:00:00Z
2026-09-13,v2:/3509df43725f18fc96a6a401ffdc56e503e0cbb603df6d03bcb6a6cf28748e7f,[VIRTUAL]1 x Blinding Lights for 500 MtxCurrency,500,500,0,0.0,0,2026-09-01T00:00:00Z,2026-09-30T23:59:59.999Z,1,0,-28,JT091326,Jam Tracks,185,expandableList,Size_1_x_1,,0,,1,track,sid_placeholder_93,Blinding Lights,,,,,,,2024-01-05T21:55:08Z
2026-09-13,v2:/357931a4ec6baae85452252874e1f7c5bce8940c493d331e6fbc23b134c37b82,[VIRTUAL]1 x Gifford Shuffle for 400 MtxCurrency,400,400,0,0.0,0,2026-09-13T00:00:00Z,2026-09-15T23:59:59.999Z,1,0,-1,TypicalGamerIcons,Typical Gamer,184,tileGrid,Size_1_x_1,,0,,1,br,Backpack_QuarterClaspJoin_How,Gifford Shuffle,backpack,icon,Icon Series,Typical Gamer,7,2,2026-05-24T21:01:00Z
2026-09-13,v2:/ccee7a57a32bcd7f5b33a2c00c55eb74cc00de3ae5148b9988dae968478ab580,"[VIRTUAL]1 x Porsche Cayenne Turbo Electric, 1 x Psych Wave, 1 x Tracer, 1 x Mercy, 1 x D.Va, 1 x Genji, 1 x Porsche Cayenne Turbo Electric for -1 MtxCurrency",2400,2400,0,0.0,0,2026-09-12T00:00:00Z,2026-09-16T23:59:59.999Z,1,0,-2,Overwatch,Overwatch,195,tileGrid,Size_2_x_1,,1,Porsche Cayenne Turbo Electric + Overwatch,7,car,CarBody_BlueTorque,Porsche Cayenne Turbo Electric,body,uncommon,PORSCHE SERIES,,,,2026-05-14T09:00:00Z
2026-09-13,v2:/ccee7a57a32bcd7f5b33a2c00c55eb74cc00de3ae5148b9988dae968478ab580,"[VIRTUAL]1 x Porsche Cayenne Turbo Electric, 1 x Psych Wave, 1 x Tracer, 1 x Mercy, 1 x D.Va, 1 x Genji, 1 x Porsche Cayenne Turbo Electric for -1 MtxCurrency",2400,2400,0,0.0,0,2026-09-12T00:00:00Z,2026-09-16T23:59:59.999Z,1,0,-2,Overwatch,Overwatch,195,tileGrid,Size_2_x_1,,1,Porsche Cayenne Turbo Electric + Overwatch,7,car,CarSkin_BlueTorqueLivery01,Psych Wave,skin,uncommon,PORSCHE SERIES,,,,2026-05-14T09:00:00Z
2026-09-13,v2:/ccee7a57a32bcd7f5b33a2c00c55eb74cc00de3ae5148b9988dae968478ab580,"[VIRTUAL]1 x Porsche Cayenne Turbo Electric, 1 x Psych Wave, 1 x Tracer, 1 x Mercy, 1 x D.Va, 1 x Genji, 1 x Porsche Cayenne Turbo Electric for -1 MtxCurrency",2400,2400,0,0.0,0,2026-09-12T00:00:00Z,2026-09-16T23:59:59.999Z,1,0,-2,Overwatch,Overwatch,195,tileGrid,Size_2_x_1,,1,Porsche Cayenne Turbo Electric + Overwatch,7,car,CarSkin_BlueTorque01,Tracer,skin,uncommon,GAMING LEGENDS SERIES,,,,2026-05-14T09:00:00Z
2026-09-13,v2:/ccee7a57a32bcd7f5b33a2c00c55eb74cc00de3ae5148b9988dae968478ab580,"[VIRTUAL]1 x Porsche Cayenne Turbo Electric, 1 x Psych Wave, 1 x Tracer, 1 x Mercy, 1 x D.Va, 1 x Genji, 1 x Porsche Cayenne Turbo Electric for -1 MtxCurrency",2400,2400,0,0.0,0,2026-09-12T00:00:00Z,2026-09-16T23:59:59.999Z,1,0,-2,Overwatch,Overwatch,195,tileGrid,Size_2_x_1,,1,Porsche Cayenne Turbo Electric + Overwatch,7,car,CarSkin_BlueTorque02,Mercy,skin,uncommon,GAMING LEGENDS SERIES,,,,2026-05-14T09:00:00Z
2026-09-13,v2:/ccee7a57a32bcd7f5b33a2c00c55eb74cc00de3ae5148b9988dae968478ab580,"[VIRTUAL]1 x Porsche Cayenne Turbo Electric, 1 x Psych Wave, 1 x Tracer, 1 x Mercy, 1 x D.Va, 1 x Genji, 1 x Porsche Cayenne Turbo Electric for -1 MtxCurrency",2400,2400,0,0.0,0,2026-09-12T00:00:00Z,2026-09-16T23:59:59.999Z,1,0,-2,Overwatch,Overwatch,195,tileGrid,Size_2_x_1,,1,Porsche Cayenne Turbo Electric + Overwatch,7,car,CarSkin_BlueTorque03,D.Va,skin,uncommon,GAMING LEGENDS SERIES,,,,2026-05-14T09:00:00Z
2026-09-13,v2:/ccee7a57a32bcd7f5b33a2c00c55eb74cc00de3ae5148b9988dae968478ab580,"[VIRTUAL]1 x Porsche Cayenne Turbo Electric, 1 x Psych Wave, 1 x Tracer, 1 x Mercy, 1 x D.Va, 1 x Genji, 1 x Porsche Cayenne Turbo Electric for -1 MtxCurrency",2400,2400,0,0.0,0,2026-09-12T00:00:00Z,2026-09-16T23:59:59.999Z,1,0,-2,Overwatch,Overwatch,195,tileGrid,Size_2_x_1,,1,Porsche Cayenne Turbo Electric + Overwatch,7,car,CarSkin_BlueTorque04,Genji,skin,uncommon,GAMING LEGENDS SERIES,,,,2026-05-14T09:00:00Z
2026-09-13,v2:/ccee7a57a32bcd7f5b33a2c00c55eb74cc00de3ae5148b9988dae968478ab580,"[VIRTUAL]1 x Porsche Cayenne Turbo Electric, 1 x Psych Wave, 1 x Tracer, 1 x Mercy, 1 x D.Va, 1 x Genji, 1 x Porsche Cayenne Turbo Electric for -1 MtxCurrency",2400,2400,0,0.0,0,2026-09-12T00:00:00Z,2026-09-16T23:59:59.999Z,1,0,-2,Overwatch,Overwatch,195,tileGrid,Size_2_x_1,,1,Porsche Cayenne Turbo Electric + Overwatch,7,car,Wheel_BlueTorque01,Porsche Cayenne Turbo Electric,wheel,uncommon,PORSCHE SERIES,,,,2026-05-14T09:00:00Z
2026-09-13,v2:/5494a9eb24b824b2ac4f9cdd953f5a468a512693d50c8c4a7dd0c76586be3498,[VIRTUAL]1 x TBD (SID_Placeholder_724) for 500 MtxCurrency,500,500,0,0.0,0,2026-09-01T00:00:00Z,2026-09-30T23:59:59.999Z,1,0,-93,JT091326,Jam Tracks,185,expandableList,Size_1_x_1,,0,,1,track,sid_placeholder_724,mirai,,,,,,,2026-01-13T19:59:54Z
2026-09-13,v2:/8c53693fb5e392afa0b7a2fbbf835ed4bfa8e1a90a822e3f56e592a011fac749,[VIRTUAL]1 x Tracer's Pulse Bomb for 300 MtxCurrency,300,300,0,0.0,0,2026-09-12T00:00:00Z,2026-09-16T23:59:59.999Z,1,0,-2,Overwatch,Overwatch,195,tileGrid,Size_1_x_1,,0,,1,br,Backpack_LooseCreep,Tracer's Pulse Bomb,backpack,gaminglegends,Gaming Legends Series,Overwatch,7,2,2026-05-14T09:00:00Z
2026-09-13,v2:/2f8b4558eb574c8470c59f6421c66247af1a4de21a4b9c4e0afef1ea7730478e,"[VIRTUAL]1 x Z-Saber, 1 x Z-Saber for 800 MtxCurrency",800,800,0,0.0,0,2026-09-11T00:00:00Z,2026-09-20T23:59:59.999Z,1,0,-1,Megaman,Mega Man,197,tileGrid,Size_1_x_1,,0,,2,br,Pickaxe_TackleShow,Z-Saber,pickaxe,gaminglegends,Gaming Legends Series,Mega Man,7,4,2026-09-07T20:23:20Z
2026-09-13,v2:/2f8b4558eb574c8470c59f6421c66247af1a4de21a4b9c4e0afef1ea7730478e,"[VIRTUAL]1 x Z-Saber, 1 x Z-Saber for 800 MtxCurrency",800,800,0,0.0,0,2026-09-11T00:00:00Z,2026-09-20T23:59:59.999Z,1,0,-1,Megaman,Mega Man,197,tileGrid,Size_1_x_1,,0,,2,br,Backpack_TackleShow,Z-Saber,backpack,gaminglegends,Gaming Legends Series,Mega Man,7,4,2026-09-07T20:23:20Z
2026-09-13,v2:/e6213119f2b02e11345ec6a1b0d08ce506ec9caf564cf805d172af80b4811d58,"[VIRTUAL]1 x Tracer, 1 x Tracer's Pulse Knives, 1 x Tracer's Pulse Bomb for -1 MtxCurrency",1600,1600,0,0.0,0,2026-09-12T00:00:00Z,2026-09-16T23:59:59.999Z,1,0,-1,Overwatch,Overwatch,195,tileGrid,Size_1_x_1,,1,Tracer,3,br,Character_LooseCreep,Tracer,outfit,gaminglegends,Gaming Legends Series,Overwatch,7,2,2026-05-14T09:00:00Z
2026-09-13,v2:/e6213119f2b02e11345ec6a1b0d08ce506ec9caf564cf805d172af80b4811d58,"[VIRTUAL]1 x Tracer, 1 x Tracer's Pulse Knives, 1 x Tracer's Pulse Bomb for -1 MtxCurrency",1600,1600,0,0.0,0,2026-09-12T00:00:00Z,2026-09-16T23:59:59.999Z,1,0,-1,Overwatch,Overwatch,195,tileGrid,Size_1_x_1,,1,Tracer,3,br,Pickaxe_LooseCreep,Tracer's Pulse Knives,pickaxe,gaminglegends,Gaming Legends Series,Overwatch,7,2,2026-05-14T09:00:00Z
2026-09-13,v2:/e6213119f2b02e11345ec6a1b0d08ce506ec9caf564cf805d172af80b4811d58,"[VIRTUAL]1 x Tracer, 1 x Tracer's Pulse Knives, 1 x Tracer's Pulse Bomb for -1 MtxCurrency",1600,1600,0,0.0,0,2026-09-12T00:00:00Z,2026-09-16T23:59:59.999Z,1,0,-1,Overwatch,Overwatch,195,tileGrid,Size_1_x_1,,1,Tracer,3,br,Backpack_LooseCreep,Tracer's Pulse Bomb,backpack,gaminglegends,Gaming Legends Series,Overwatch,7,2,2026-05-14T09:00:00Z
2026-09-13,v2:/43e25f068513c9a6edbef249bd648fb41b83cae0b6d2226b4d6f9fd5dad2d728,[VIRTUAL]1 x Stealth Slicer for 500 MtxCurrency,500,500,0,0.0,0,2026-09-13T00:00:00Z,2026-09-15T23:59:59.999Z,1,0,-1,TypicalGamerIcons,Typical Gamer,184,tileGrid,Size_1_x_1,,0,,1,br,Pickaxe_QuarterClaspJoin,Stealth Slicer,pickaxe,icon,Icon Series,Typical Gamer,7,2,2026-05-24T21:01:00Z
2026-09-13,v2:/5542f9546e94115d511e3c954e41f4833cfe83e728bde9b80cd2b0cfc352b440,"[VIRTUAL]1 x Gilded Skully, 1 x Golden Skully Satchel for -1 MtxCurrency",1200,1200,0,0.0,0,2026-09-13T00:00:00Z,2026-09-13T23:59:59.999Z,1,0,-1,BR091326,Full Flex,191,tileGrid,Size_1_x_1,,0,,2,br,Character_SkullBriteDot,Gilded Skully,outfit,epic,,Skull & Bows,6,1,2024-12-18T12:19:13Z
2026-09-13,v2:/5542f9546e94115d511e3c954e41f4833cfe83e728bde9b80cd2b0cfc352b440,"[VIRTUAL]1 x Gilded Skully, 1 x Golden Skully Satchel for -1 MtxCurrency",1200,1200,0,0.0,0,2026-09-13T00:00:00Z,2026-09-13T23:59:59.999Z,1,0,-1,BR091326,Full Flex,191,tileGrid,Size_1_x_1,,0,,2,br,Backpack_SkullBriteDot,Golden Skully Satchel,backpack,rare,,Skull & Bows,6,1,2024-12-18T12:19:13Z
2026-09-13,v2:/1dd785c2f8a6e8403213caf19ca574050be0367cb2424f3ff8bc2389e64566f4,[VIRTUAL]1 x Take On Me for 500 MtxCurrency,500,500,0,0.0,0,2026-09-01T00:00:00Z,2026-09-30T23:59:59.999Z,1,0,-74,JT091326,Jam Tracks,185,expandableList,Size_1_x_1,,0,,1,track,sid_placeholder_445,Take On Me,,,,,,,2024-12-05T14:58:09Z
2026-09-13,v2:/9ed932492ee88bd4f80d6731beea041f307861a5e4dee69df470fc4ed84a3774,[VIRTUAL]1 x Welcome To The Jungle for 500 MtxCurrency,500,500,0,0.0,0,2026-09-01T00:00:00Z,2026-09-30T23:59:59.999Z,1,0,-58,JT091326,Jam Tracks,185,expandableList,Size_1_x_1,,0,,1,track,sid_placeholder_272,Welcome To The Jungle,,,,,,,2024-08-09T00:00:00Z
2026-09-13,v2:/e50857ed0104ef4cbbfc958f7b1499d32c5c560a5b04608b7fa2d95e2be07515,[VIRTUAL]1 x Aura for 800 MtxCurrency,800,800,0,0.0,0,2026-09-09T00:00:00Z,2026-09-13T23:59:59.999Z,1,0,-4,WrixelShop,Override,189,tileGrid,Size_1_x_1,,0,,1,br,CID_397_Athena_Commando_F_TreasureHunterFashion,Aura,outfit,uncommon,,,1,8,2019-11-20T12:50:02Z
2026-09-13,v2:/adf95dc6c7c183423976149f9eb11ef8c0a3d0c0c50b9e6a428a96db6da78ceb,[VIRTUAL]1 x Red Ranger for 1200 MtxCurrency,1200,1200,0,0.0,0,2026-09-12T00:00:00Z,2026-09-15T23:59:59.999Z,1,0,-1,Rangers,Power Rangers,192,tileGrid,Size_1_x_1,,0,,1,br,Character_FumeFleeceFade,Red Ranger,outfit,epic,,Mighty Morphin,6,5,2025-08-07T13:36:11Z
2026-09-13,v2:/3e31575c45e685066dc18c0acebf941e75f43533b3a3c60e74ca94554f3cdcc9,[VIRTUAL]1 x Cradles for 500 MtxCurrency,500,500,0,0.0,0,2026-09-11T00:00:00Z,2026-09-17T23:59:59.999Z,1,0,-4,JT091326,Jam Tracks,185,tileGrid,Size_1_x_1,,0,,1,track,sid_placeholder_29,Cradles,,,,,,,2023-12-12T00:00:00Z
2026-09-13,v2:/e7b29ef46d5094f722b6ba5fe2188996144029aa52f7df61fd6be4123dbf5c3e,[VIRTUAL]1 x Patty Whacker for 500 MtxCurrency,500,500,0,0.0,0,2026-09-13T00:00:00Z,2026-09-15T23:59:59.999Z,1,0,-1,BanderitaX,BanderitaX's Locker,182,tileGrid,Size_1_x_1,,0,,1,br,Pickaxe_ID_084_DurrburgerHero,Patty Whacker,pickaxe,uncommon,,Durrr Burger,1,5,2019-11-20T12:50:57Z
2026-09-13,v2:/0102605c8ac77736367566931bb87210d51527c9a631305f94ed3bbdd9987617,[VIRTUAL]1 x Nike Air Force 1 Mid 'Bright Melon' for 1000 MtxCurrency,1000,1000,0,0.0,0,2026-09-12T00:00:00Z,2026-09-18T23:59:59.999Z,1,0,-1,BR091326,Full Flex,191,tileGrid,Size_1_x_1,,0,,1,br,Shoes_TugBlooperMorse,Nike Air Force 1 Mid 'Bright Melon',shoe,uncommon,,NIKE Shoes,7,4,2026-09-04T00:00:00Z
2026-09-13,v2:/42d9f349a899d832cef2c8542dfd6f38266b1f28ff8846b7356427751551113c,[VIRTUAL]1 x Black Ranger for 1200 MtxCurrency,1200,1200,0,0.0,0,2026-09-12T00:00:00Z,2026-09-15T23:59:59.999Z,1,0,-1,Rangers,Power Rangers,192,tileGrid,Size_1_x_1,,0,,1,br,Character_FumeFleeceShack,Black Ranger,outfit,epic,,Mighty Morphin,6,5,2025-08-07T13:36:11Z
2026-09-13,v2:/e66571c07e5d18b0911629498e2b8a845bd06daf09e9d69baff8660af2e73d68,"[VIRTUAL]1 x PJ Pepperoni, 1 x Cheesy for -1 MtxCurrency",1200,1200,0,0.0,0,2026-09-13T00:00:00Z,2026-09-15T23:59:59.999Z,1,0,-2,BanderitaX,BanderitaX's Locker,182,tileGrid,Size_2_x_1,,0,,2,br,CID_482_Athena_Commando_F_PizzaPit,PJ Pepperoni,outfit,rare,,Pizza Pit,1,X,2019-11-20T12:49:53Z
2026-09-13,v2:/e66571c07e5d18b0911629498e2b8a845bd06daf09e9d69baff8660af2e73d68,"[VIRTUAL]1 x PJ Pepperoni, 1 x Cheesy for -1 MtxCurrency",1200,1200,0,0.0,0,2026-09-13T00:00:00Z,2026-09-15T23:59:59.999Z,1,0,-2,BanderitaX,BanderitaX's Locker,182,tileGrid,Size_2_x_1,,0,,2,br,BID_315_PizzaPit,Cheesy,backpack,rare,,Pizza Pit,1,X,2019-11-20T12:50:33Z
2026-09-13,v2:/c8af5da91dc211f78ff749da670db4d1a5dee1de76d6a3036a03d7a5a34df60f,[VIRTUAL]1 x Regulate for 500 MtxCurrency,500,500,0,0.0,0,2026-09-01T00:00:00Z,2026-09-30T23:59:59.999Z,1,0,-59,JT091326,Jam Tracks,185,expandableList,Size_1_x_1,,0,,1,track,sid_placeholder_265,Regulate,,,,,,,2024-11-02T06:00:00Z
2026-09-13,v2:/81dcfbc4c659c570b6629bec0605e41babf88b53bb74f2ea3c03b8b0e348bf97,[VIRTUAL]1 x Carry on Wayward Son for 500 MtxCurrency,500,500,0,0.0,0,2026-09-01T00:00:00Z,2026-09-30T23:59:59.999Z,1,0,-42,JT091326,Jam Tracks,185,expandableList,Size_1_x_1,,0,,1,track,sid_placeholder_11,Carry on Wayward Son,,,,,,,2024-03-20T00:05:45Z
2026-09-13,v2:/5342cc9f2676c955b61dd78a3dac282c5acfc9ab7dd0d6ee05e1818a09119bc6,[VIRTUAL]1 x Raven Team Syd for 1500 MtxCurrency,1500,1500,0,0.0,0,2026-09-08T00:00:00Z,2026-09-14T23:59:59.999Z,1,0,-3,NS090826,No Sweat,188,tileGrid,Size_1_x_1,,0,,1,br,Character_FuzzyClaw,Raven Team Syd,outfit,epic,,Scare Bear,5,4,2024-10-12T06:22:57Z
2026-09-13,v2:/45cf7270e2ab768aed17db6cd7a249d8ab32004b8ad801b2a214f3f3535c386a,[VIRTUAL]1 x YM Burner for 500 MtxCurrency,500,500,0,0.0,0,2026-09-13T00:00:00Z,2026-09-22T23:59:59.999Z,1,0,-1,LilWayneNew,Lil Wayne,198,tileGrid,Size_1_x_1,,0,,1,br,Wrap_NoiseClue,YM Burner,wrap,icon,Icon Series,Lil Wayne,7,4,2026-09-10T16:00:38Z
2026-09-13,v2:/b0f5d11de29dc552975dd89ae73826b6b877a395ced49a4be57d18ffcbb58e2c,"[VIRTUAL]1 x Relaxed Fit Jonesy, 1 x Beef Pack for -1 MtxCurrency",1200,1200,0,0.0,0,2026-09-09T00:00:00Z,2026-09-13T23:59:59.999Z,1,0,-1,WrixelShop,Override,189,tileGrid,Size_1_x_1,,0,,2,br,CID_798_Athena_Commando_M_JonesyVagabond,Relaxed Fit Jonesy,outfit,rare,,Relaxed Fit,2,3,2020-06-30T06:09:08Z
2026-09-13,v2:/b0f5d11de29dc552975dd89ae73826b6b877a395ced49a4be57d18ffcbb58e2c,"[VIRTUAL]1 x Relaxed Fit Jonesy, 1 x Beef Pack for -1 MtxCurrency",1200,1200,0,0.0,0,2026-09-09T00:00:00Z,2026-09-13T23:59:59.999Z,1,0,-1,WrixelShop,Override,189,tileGrid,Size_1_x_1,,0,,2,br,BID_550_JonesyVagabond,Beef Pack,backpack,rare,,Relaxed Fit,2,3,2020-06-30T06:09:08Z
2026-09-13,v2:/0b9cafc36fc97ae4de48c53eeeb495872eb2053ce15adbbc2f607b34e71c57f4,[VIRTUAL]1 x TBD (SID_Placeholder_299) for 500 MtxCurrency,500,500,0,0.0,0,2026-09-01T00:00:00Z,2026-09-30T23:59:59.999Z,1,0,-35,JT091326,Jam Tracks,185,expandableList,Size_1_x_1,,0,,1,track,sid_placeholder_299,I Write Sins Not Tragedies,,,,,,,2025-01-23T15:05:07Z
2026-09-13,v2:/cf2f952b10258214166d065211198afe6915b7f7cd71a43c8629f3fae1c6c59a,[VIRTUAL]1 x I Had Some Help for 500 MtxCurrency,500,500,0,0.0,0,2026-09-01T00:00:00Z,2026-09-30T23:59:59.999Z,1,0,-6,JT091326,Jam Tracks,185,expandableList,Size_1_x_1,,0,,1,track,sid_placeholder_248,I Had Some Help,,,,,,,2024-06-06T13:32:50Z
2026-09-13,v2:/de916652c9e65d6d13ab49a19428adaa3e247754bbc4151ee378db2c490d745c,[VIRTUAL]1 x Cuddlebear Cutie for 400 MtxCurrency,400,400,0,0.0,0,2026-09-12T00:00:00Z,2026-09-18T23:59:59.999Z,1,0,-4,,,,,Size_1_x_1,,0,,1,br,BID_A_042_FuzzyBearSummerFemale,Cuddlebear Cutie,backpack,rare,,Beary Cuddly,3,3,2022-07-18T12:38:54Z
2026-09-13,v2:/fb25a14267018bdf0d185659f4adb8cfc2825f86ab13490b045a46e2019d9d47,[VIRTUAL]1 x American Idiot for 500 MtxCurrency,500,500,0,0.0,0,2026-09-01T00:00:00Z,2026-09-30T23:59:59.999Z,1,0,-97,JT091326,Jam Tracks,185,expandableList,Size_1_x_1,,0,,1,track,sid_placeholder_281,American Idiot,,,,,,,2024-09-20T00:00:00Z
2026-09-13,v2:/f2cafb2b9c6511997650cc76ebc363d3fc7fd80aa7e4cdbe2f1e7df6fb6027ad,[VIRTUAL]1 x Heathens for 500 MtxCurrency,500,500,0,0.0,0,2026-09-01T00:00:00Z,2026-09-30T23:59:59.999Z,1,0,-68,JT091326,Jam Tracks,185,expandableList,Size_1_x_1,,0,,1,track,sid_placeholder_200,Heathens,,,,,,,2024-05-14T14:56:14Z
2026-09-13,v2:/068ff9423f3f1fdc4e735622e62aedc834ad67bdcd7cab3c94ac29dd5d2ef8b8,"[VIRTUAL]1 x Syd, 1 x Cuddlebear Cutie for -1 MtxCurrency",1200,1200,0,0.0,0,2026-09-12T00:00:00Z,2026-09-18T23:59:59.999Z,1,0,-4,BR091326,Full Flex,191,tileGrid,Size_1_x_1,,0,,2,br,CID_A_453_Athena_Commando_F_FuzzyBearSummer,Syd,outfit,rare,,Beary Cuddly,3,3,2022-07-18T12:38:54Z
2026-09-13,v2:/068ff9423f3f1fdc4e735622e62aedc834ad67bdcd7cab3c94ac29dd5d2ef8b8,"[VIRTUAL]1 x Syd, 1 x Cuddlebear Cutie for -1 MtxCurrency",1200,1200,0,0.0,0,2026-09-12T00:00:00Z,2026-09-18T23:59:59.999Z,1,0,-4,BR091326,Full Flex,191,tileGrid,Size_1_x_1,,0,,2,br,BID_A_042_FuzzyBearSummerFemale,Cuddlebear Cutie,backpack,rare,,Beary Cuddly,3,3,2022-07-18T12:38:54Z
2026-09-13,v2:/f62a2e8b69630cf1cbf05415bbe6daf701cf528063679f523df87b0fe41fe1bc,[VIRTUAL]1 x Young Money Stage for 800 MtxCurrency,800,800,0,0.0,0,2026-09-13T00:00:00Z,2026-09-22T23:59:59.999Z,1,0,-3,LilWayneNew,Lil Wayne,198,tileGrid,Size_1_x_1,,0,,1,br,Glider_NoiseClueLurch,Young Money Stage,glider,icon,Icon Series,Lil Wayne,7,4,2026-09-10T16:00:38Z
2026-09-13,v2:/5d03048e321867180fac43ac93e40599cad72e1396e4e6f5c95f4a66eb80ebff,[VIRTUAL]1 x Beef Pack for 400 MtxCurrency,400,400,0,0.0,0,2026-09-09T00:00:00Z,2026-09-13T23:59:59.999Z,1,0,-1,,,,,Size_1_x_1,,0,,1,br,BID_550_JonesyVagabond,Beef Pack,backpack,rare,,Relaxed Fit,2,3,2020-06-30T06:09:08Z
2026-09-13,v2:/f8f706f466469ab4fdd011a9dabb9a2c03294c094299b96d5d28ed4cbf8b505e,[VIRTUAL]1 x BMW M4 GT3 EVO for 700 MtxCurrency,700,700,0,0.0,0,2026-09-11T00:00:00Z,2026-09-15T23:59:59.999Z,1,0,-1,,,,,Size_3_x_1,,0,,1,car,Wheel_Topple01,BMW M4 GT3 EVO,wheel,uncommon,BMW SERIES,,,,2025-12-19T14:50:15Z
2026-09-13,v2:/5ba1c4c649b390eacf4d54f4d15f2e4d33b39dd3fba93ead30b9271976ea5073,"[VIRTUAL]1 x Atlantean Fishstick, 1 x Titan Scale for -1 MtxCurrency",1200,1200,0,0.0,0,2026-09-09T00:00:00Z,2026-09-13T23:59:59.999Z,1,0,-3,WrixelShop,Override,189,tileGrid,Size_1_x_1,,0,,2,br,CID_813_Athena_Commando_M_TeriyakiAtlantis,Atlantean Fishstick,outfit,rare,,Fishlantis,2,3,2020-07-23T00:00:00Z
2026-09-13,v2:/5ba1c4c649b390eacf4d54f4d15f2e4d33b39dd3fba93ead30b9271976ea5073,"[VIRTUAL]1 x Atlantean Fishstick, 1 x Titan Scale for -1 MtxCurrency",1200,1200,0,0.0,0,2026-09-09T00:00:00Z,2026-09-13T23:59:59.999Z,1,0,-3,WrixelShop,Override,189,tileGrid,Size_1_x_1,,0,,2,br,BID_566_TeriyakiAtlantis,Titan Scale,backpack,rare,,Fishlantis,2,3,2020-07-23T00:00:00Z
2026-09-13,v2:/13c726ea477744ace667c3312b7839b24976bd8f2adee1b5328be9a10279d43e,[VIRTUAL]1 x TBD (SID_Placeholder_488) for 500 MtxCurrency,500,500,0,0.0,0,2026-09-01T00:00:00Z,2026-09-30T23:59:59.999Z,1,0,-29,JT091326,Jam Tracks,185,expandableList,Size_1_x_1,,0,,1,track,sid_placeholder_488,No Scrubs,,,,,,,2025-01-23T15:05:07Z
2026-09-13,v2:/186520dadc5ea939f02f985d8cbef3494a9d17631588264e73e384e96b1be0ab,[VIRTUAL]1 x Hatchback for 300 MtxCurrency,300,300,0,0.0,0,2026-09-08T00:00:00Z,2026-09-13T23:59:59.999Z,1,0,-4,,,,,Size_1_x_1,,0,,1,br,BID_154_Feathers,Hatchback,backpack,epic,,Fowl Play,1,6,2019-11-20T12:50:37Z
2026-09-13,v2:/91ad4bd56d058b541208984b3104138cd7a526de501402b55ea773f8521e6743,[VIRTUAL]1 x TBD (SID_Placeholder_496) for 500 MtxCurrency,500,500,0,0.0,0,2026-09-01T00:00:00Z,2026-09-30T23:59:59.999Z,1,0,-44,JT091326,Jam Tracks,185,expandableList,Size_1_x_1,,0,,1,track,sid_placeholder_496,Ain't It Fun,,,,,,,2025-03-18T15:58:31Z
2026-09-13,v2:/b3bc961f4c0212d0644cd24ca17b6dba1fef2f64087a12b4dbb4f27d0d2b61da,"[VIRTUAL]1 x Kozaru, 1 x Ceremonial Gong, 1 x Mythical Maulers, 1 x Old World for -1 MtxCurrency",2500,1600,900,0.36,1,2026-09-13T00:00:00Z,2026-09-14T23:59:59.999Z,1,0,-1,BR091326,Full Flex,191,tileGrid,Size_1_x_1,,1,Mountain Monk Bundle,4,br,Character_SteelyKendama,Kozaru,outfit,epic,,Mountain Monk,6,1,2025-01-31T14:25:34Z
2026-09-13,v2:/b3bc961f4c0212d0644cd24ca17b6dba1fef2f64087a12b4dbb4f27d0d2b61da,"[VIRTUAL]1 x Kozaru, 1 x Ceremonial Gong, 1 x Mythical Maulers, 1 x Old World for -1 MtxCurrency",2500,1600,900,0.36,1,2026-09-13T00:00:00Z,2026-09-14T23:59:59.999Z,1,0,-1,BR091326,Full Flex,191,tileGrid,Size_1_x_1,,1,Mountain Monk Bundle,4,br,Backpack_SteelyKendama,Ceremonial Gong,backpack,rare,,Mountain Monk,6,1,2025-01-31T14:25:34Z
2026-09-13,v2:/b3bc961f4c0212d0644cd24ca17b6dba1fef2f64087a12b4dbb4f27d0d2b61da,"[VIRTUAL]1 x Kozaru, 1 x Ceremonial Gong, 1 x Mythical Maulers, 1 x Old World for -1 MtxCurrency",2500,1600,900,0.36,1,2026-09-13T00:00:00Z,2026-09-14T23:59:59.999Z,1,0,-1,BR091326,Full Flex,191,tileGrid,Size_1_x_1,,1,Mountain Monk Bundle,4,br,Pickaxe_SteelyKendama,Mythical Maulers,pickaxe,rare,,Mountain Monk,6,1,2025-01-31T14:25:34Z
2026-09-13,v2:/b3bc961f4c0212d0644cd24ca17b6dba1fef2f64087a12b4dbb4f27d0d2b61da,"[VIRTUAL]1 x Kozaru, 1 x Ceremonial Gong, 1 x Mythical Maulers, 1 x Old World for -1 MtxCurrency",2500,1600,900,0.36,1,2026-09-13T00:00:00Z,2026-09-14T23:59:59.999Z,1,0,-1,BR091326,Full Flex,191,tileGrid,Size_1_x_1,,1,Mountain Monk Bundle,4,br,Wrap_SteelyKendama,Old World,wrap,rare,,Mountain Monk,6,1,2025-01-31T14:25:34Z
2026-09-13,v2:/2698b1289749cee196f6609fbd72459e38eebd612e73087cbdbbde585f70b611,"[VIRTUAL]1 x Human Bill, 1 x A WEATHER BALLOON for -1 MtxCurrency",1800,1800,0,0.0,0,2026-09-08T00:00:00Z,2026-09-14T23:59:59.999Z,1,0,-2,NS090826,No Sweat,188,tileGrid,Size_1_x_1,,0,,2,br,CID_A_175_Athena_Commando_M_AlienSummer,Human Bill,outfit,epic,,Hot Alien Summer,2,7,2021-08-03T11:17:43Z
2026-09-13,v2:/2698b1289749cee196f6609fbd72459e38eebd612e73087cbdbbde585f70b611,"[VIRTUAL]1 x Human Bill, 1 x A WEATHER BALLOON for -1 MtxCurrency",1800,1800,0,0.0,0,2026-09-08T00:00:00Z,2026-09-14T23:59:59.999Z,1,0,-2,NS090826,No Sweat,188,tileGrid,Size_1_x_1,,0,,2,br,BID_822_AlienSummer,A WEATHER BALLOON,backpack,epic,,Hot Alien Summer,2,7,2021-08-03T11:17:43Z
2026-09-13,v2:/5113216e2b0c0f75456c11cd212067eab582951909ec4406c2d701e48ff0197b,[VIRTUAL]1 x 24K Magic for 500 MtxCurrency,500,500,0,0.0,0,2026-09-01T00:00:00Z,2026-09-30T23:59:59.999Z,1,0,-76,JT091326,Jam Tracks,185,expandableList,Size_1_x_1,,0,,1,track,sid_placeholder_70,24K Magic,,,,,,,2024-06-28T00:00:00Z
2026-09-13,v2:/c23ee59551d491921189f80ce7017618983d1beb576b723f7f3e7413f7beb9d5,[VIRTUAL]1 x Go Live for 400 MtxCurrency,400,400,0,0.0,0,2026-09-13T00:00:00Z,2026-09-15T23:59:59.999Z,1,0,-4,TypicalGamerIcons,Typical Gamer,184,tileGrid,Size_1_x_1,,0,,1,br,EID_QuarterClaspJoin,Go Live,emote,icon,Icon Series,Typical Gamer,7,2,2026-05-24T21:01:00Z
2026-09-13,v2:/34f2bc16fef4b9d95789f6c945f9632d7658f64125ae5d6ce665fbd1942d1091,[VIRTUAL]1 x TBD (SID_Placeholder_697) for 500 MtxCurrency,500,500,0,0.0,0,2026-09-01T00:00:00Z,2026-09-30T23:59:59.999Z,1,0,-14,JT091326,Jam Tracks,185,expandableList,Size_1_x_1,,0,,1,track,sid_placeholder_697,New Woman,,,,,,,2025-11-29T19:00:00Z
2026-09-13,v2:/111d4f74e1312d652d7284958770e75ad41228fb7292ec785d75120b3221309b,[VIRTUAL]1 x Titan Scale for 200 MtxCurrency,200,200,0,0.0,0,2026-09-09T00:00:00Z,2026-09-13T23:59:59.999Z,1,0,-3,,,,,Size_1_x_1,,0,,1,br,BID_566_TeriyakiAtlantis,Titan Scale,backpack,rare,,Fishlantis,2,3,2020-07-23T00:00:00Z
2026-09-13,v2:/fe30e2722722fc848d0030dcdad74b3adbf39d0ebe956dbea1b0fe14080d067e,[VIRTUAL]1 x TBD (SID_Placeholder_789) for 500 MtxCurrency,500,500,0,0.0,0,2026-09-11T00:00:00Z,2026-09-17T23:59:59.999Z,1,0,-1,JT091326,Jam Tracks,185,tileGrid,Size_1_x_1,,0,,1,track,sid_placeholder_789,I'm So ATL,,,,,,,2026-05-12T14:27:52Z
2026-09-13,v2:/a482011489f57ef878b5feb1c6576e49aa0fa28e41bcb355dee94dbfed48ff82,[VIRTUAL]1 x Poker Face for 500 MtxCurrency,500,500,0,0.0,0,2026-09-01T00:00:00Z,2026-09-30T23:59:59.999Z,1,0,-39,JT091326,Jam Tracks,185,expandableList,Size_1_x_1,,0,,1,track,sid_placeholder_78,Poker Face,,,,,,,2024-02-22T10:58:10Z
2026-09-13,v2:/92dd6980e2741374c4c3a723367215ff59b5549a05bac2dc82e6d251fd46b145,[VIRTUAL]1 x TBD (SID_Placeholder_795) for 500 MtxCurrency,500,500,0,0.0,0,2026-09-01T00:00:00Z,2026-09-30T23:59:59.999Z,1,0,-12,JT091326,Jam Tracks,185,expandableList,Size_1_x_1,,0,,1,track,sid_placeholder_795,I'll Believe in Anything,,,,,,,2026-05-19T14:12:36Z
2026-09-13,v2:/f0393ca21fb50c024beee84a68c86949caadbbea24b140c5178e1467b7bdb9ae,"[VIRTUAL]1 x D.Va, 1 x Tokki's Slicer, 1 x Travel Tokki Model for -1 MtxCurrency",1600,1600,0,0.0,0,2026-09-12T00:00:00Z,2026-09-16T23:59:59.999Z,1,0,-1,Overwatch,Overwatch,195,tileGrid,Size_1_x_1,,1,D.Va,3,br,Character_SkiffGrind,D.Va,outfit,gaminglegends,Gaming Legends Series,Overwatch,7,2,2026-05-14T09:00:00Z
2026-09-13,v2:/f0393ca21fb50c024beee84a68c86949caadbbea24b140c5178e1467b7bdb9ae,"[VIRTUAL]1 x D.Va, 1 x Tokki's Slicer, 1 x Travel Tokki Model for -1 MtxCurrency",1600,1600,0,0.0,0,2026-09-12T00:00:00Z,2026-09-16T23:59:59.999Z,1,0,-1,Overwatch,Overwatch,195,tileGrid,Size_1_x_1,,1,D.Va,3,br,Pickaxe_SkiffGrind,Tokki's Slicer,pickaxe,gaminglegends,Gaming Legends Series,Overwatch,7,2,2026-05-14T09:00:00Z
2026-09-13,v2:/f0393ca21fb50c024beee84a68c86949caadbbea24b140c5178e1467b7bdb9ae,"[VIRTUAL]1 x D.Va, 1 x Tokki's Slicer, 1 x Travel Tokki Model for -1 MtxCurrency",1600,1600,0,0.0,0,2026-09-12T00:00:00Z,2026-09-16T23:59:59.999Z,1,0,-1,Overwatch,Overwatch,195,tileGrid,Size_1_x_1,,1,D.Va,3,br,Backpack_SkiffGrind,Travel Tokki Model,backpack,gaminglegends,Gaming Legends Series,Overwatch,7,2,2026-05-14T09:00:00Z
2026-09-13,v2:/04ef72eefade2dea42dd5d60a268fc1e4a4582b9cef5010502eeb7486bfa1ce3,[VIRTUAL]1 x Tracer's Pulse Knives for 500 MtxCurrency,500,500,0,0.0,0,2026-09-12T00:00:00Z,2026-09-16T23:59:59.999Z,1,0,-3,Overwatch,Overwatch,195,tileGrid,Size_1_x_1,,0,,1,br,Pickaxe_LooseCreep,Tracer's Pulse Knives,pickaxe,gaminglegends,Gaming Legends Series,Overwatch,7,2,2026-05-14T09:00:00Z
2026-09-13,v2:/8e26f9a2a45a852d4ffd10e113737d9409f870a9e67dba356e4b31cf15681259,[VIRTUAL]1 x Mastodon Coin for 300 MtxCurrency,300,300,0,0.0,0,2026-09-12T00:00:00Z,2026-09-15T23:59:59.999Z,1,0,-2,Rangers,Power Rangers,192,tileGrid,Size_1_x_1,,0,,1,br,Backpack_FumeFleeceShack,Mastodon Coin,backpack,rare,,Mighty Morphin,6,5,2025-08-07T13:36:11Z
2026-09-13,v2:/e9d1e50c088db6b3cf81564e88ff4eaa4e81568e4f719cdf3fe04f5339de4bf5,[VIRTUAL]1 x Miku Miku Beam for 500 MtxCurrency,500,500,0,0.0,0,2026-09-10T00:00:00Z,2026-09-13T23:59:59.999Z,1,0,-1,Hatsune2,Hatsune Miku,183,tileGrid,Size_1_x_1,,0,,1,br,EID_JadeTowel_Gloss,Miku Miku Beam,emote,icon,Icon Series,Hatsune Miku,6,1,2025-01-14T09:00:00Z
2026-09-13,v2:/e5098f42fdf974c78979c8e630ebb5fc76c572aed562d950a3131ed027f845ba,[VIRTUAL]1 x Power Lance for 500 MtxCurrency,500,500,0,0.0,0,2026-09-12T00:00:00Z,2026-09-15T23:59:59.999Z,1,0,-3,Rangers,Power Rangers,192,tileGrid,Size_1_x_1,,0,,1,br,Pickaxe_FumeFleeceClap,Power Lance,pickaxe,rare,,Mighty Morphin,6,5,2025-08-07T13:36:11Z
2026-09-13,v2:/69a30785e933f89bc06ad9935dd08d520ca72a47e8ea5e9ee0bc528f272feae4,[VIRTUAL]1 x TBD (SID_Placeholder_786) for 500 MtxCurrency,500,500,0,0.0,0,2026-09-01T00:00:00Z,2026-09-30T23:59:59.999Z,1,0,-40,JT091326,Jam Tracks,185,expandableList,Size_1_x_1,,0,,1,track,sid_placeholder_786,NEVER ENOUGH,,,,,,,2026-04-28T14:30:14Z
2026-09-13,v2:/809afd4944c71cf64d4104607b1f72a3411d4ff91b12ce62b9dd50798524538d,[VIRTUAL]1 x Recon Ranger for 800 MtxCurrency,800,800,0,0.0,0,2026-09-13T00:00:00Z,2026-09-13T23:59:59.999Z,1,0,-3,BR091326,Full Flex,191,tileGrid,Size_1_x_1,,0,,1,br,CID_503_Athena_Commando_F_TacticalWoodlandFuture,Recon Ranger,outfit,uncommon,,Advanced Forces,1,X,2019-11-20T12:49:52Z
2026-09-13,v2:/9a1270c9b203a4f3cee954b51ee6223b4007633f9b32a3cbb3cf8c9893ceddc5,[VIRTUAL]1 x Tyrannosaurus Coin for 300 MtxCurrency,300,300,0,0.0,0,2026-09-12T00:00:00Z,2026-09-15T23:59:59.999Z,1,0,-2,Rangers,Power Rangers,192,tileGrid,Size_1_x_1,,0,,1,br,Backpack_FumeFleeceFade,Tyrannosaurus Coin,backpack,rare,,Mighty Morphin,6,5,2025-08-07T13:36:11Z
2026-09-13,v2:/0c9d081c7bb04fab30554ae770bdc1297b5ac633ed27b11a7209bc3f5cec5547,[VIRTUAL]1 x Uncontrollable Dance for 400 MtxCurrency,400,400,0,0.0,0,2026-09-12T00:00:00Z,2026-09-15T23:59:59.999Z,1,0,-4,Rangers,Power Rangers,192,tileGrid,Size_1_x_1,,0,,1,br,EID_FumeFleeceWag,Uncontrollable Dance,emote,uncommon,,Mighty Morphin,6,5,2025-08-07T13:36:11Z
2026-09-13,v2:/20f4b03d97ce9097a34da216323858543cc9d4f82d3e52bbbda6acec998d2b6b,[VIRTUAL]1 x TBD (SID_Placeholder_541) for 500 MtxCurrency,500,500,0,0.0,0,2026-09-10T00:00:00Z,2026-09-13T23:59:59.999Z,1,0,-3,Hatsune2,Hatsune Miku,183,tileGrid,Size_1_x_1,,0,,1,track,sid_placeholder_541,Decade,,,,,,,2025-03-13T14:24:29Z
2026-09-13,v2:/84f5159ddd0e1e1eb2f56cf05c4ecc42b1feca97a993316c495e97ea1069a677,[VIRTUAL]1 x TBD (SID_Placeholder_686) for 500 MtxCurrency,500,500,0,0.0,0,2026-09-01T00:00:00Z,2026-09-30T23:59:59.999Z,1,0,-26,JT091326,Jam Tracks,185,expandableList,Size_1_x_1,,0,,1,track,sid_placeholder_686,Ring Ring Ring,,,,,,,2025-11-14T14:43:54Z
2026-09-13,v2:/2362a567a3f9ce04920777588afa03559ccd344a9ab976002d3dc47cefa4d110,"[VIRTUAL]1 x Dark Vanguard, 1 x Dark Void for -1 MtxCurrency",2000,2000,0,0.0,0,2026-09-11T00:00:00Z,2026-09-13T23:59:59.999Z,1,0,-4,BR091326,Full Flex,191,tileGrid,Size_1_x_1,,0,,2,br,CID_105_Athena_Commando_F_SpaceBlack,Dark Vanguard,outfit,legendary,,Space Explorers,1,3,2019-11-20T12:50:25Z
2026-09-13,v2:/2362a567a3f9ce04920777588afa03559ccd344a9ab976002d3dc47cefa4d110,"[VIRTUAL]1 x Dark Vanguard, 1 x Dark Void for -1 MtxCurrency",2000,2000,0,0.0,0,2026-09-11T00:00:00Z,2026-09-13T23:59:59.999Z,1,0,-4,BR091326,Full Flex,191,tileGrid,Size_1_x_1,,0,,2,br,BID_039_SpaceBlackFemale,Dark Void,backpack,legendary,,Space Explorers,1,3,2019-11-20T12:50:41Z
2026-09-13,v2:/907a7e71767b832f36511ce125f90b10faa2b40bc9ecc1715253c40230be1e5a,[VIRTUAL]1 x 6 Foot 7 Foot for 500 MtxCurrency,500,500,0,0.0,0,2026-09-13T00:00:00Z,2026-09-22T23:59:59.999Z,1,0,-2,LilWayneNew,Lil Wayne,198,tileGrid,Size_1_x_1,,0,,1,br,EID_NoiseClueGust,6 Foot 7 Foot,emote,icon,Icon Series,Lil Wayne,7,4,2026-09-10T16:36:49Z
2026-09-13,v2:/6c16bf75af9387a490a74809a1f19c3a58576906ba636c883c8ae89cb81e8c82,[VIRTUAL]1 x Unsainted for 500 MtxCurrency,500,500,0,0.0,0,2026-09-01T00:00:00Z,2026-09-30T23:59:59.999Z,1,0,-61,JT091326,Jam Tracks,185,expandableList,Size_1_x_1,,0,,1,track,sid_placeholder_266,Unsainted,,,,,,,2024-07-26T00:00:00Z
2026-09-13,v2:/0ac8969a000ee7db8dac214e1052f3eb4830612d91e92d520558cf2b56709ea7,[VIRTUAL]1 x Hey Ya! for 500 MtxCurrency,500,500,0,0.0,0,2026-09-01T00:00:00Z,2026-09-30T23:59:59.999Z,1,0,-82,JT091326,Jam Tracks,185,expandableList,Size_1_x_1,,0,,1,track,sid_placeholder_283,Hey Ya!,,,,,,,2024-11-27T14:32:37Z
2026-09-13,v2:/aa3b08e48ec97b961984027f76ba9982fa16e097cb3f00697540548ccfb7539c,[VIRTUAL]1 x Better Now for 500 MtxCurrency,500,500,0,0.0,0,2026-09-01T00:00:00Z,2026-09-30T23:59:59.999Z,1,0,-62,JT091326,Jam Tracks,185,expandableList,Size_1_x_1,,0,,1,track,sid_placeholder_203,Better Now,,,,,,,2024-06-06T13:32:50Z
2026-09-13,v2:/22520791a77c160f6c41d4f2519b64a007916a1f5d694a28042efe773088cce0,[VIRTUAL]1 x Killing In The Name for 500 MtxCurrency,500,500,0,0.0,0,2026-09-01T00:00:00Z,2026-09-30T23:59:59.999Z,1,0,-92,JT091326,Jam Tracks,185,expandableList,Size_1_x_1,,0,,1,track,sid_placeholder_202,Killing In The Name,,,,,,,2024-04-30T14:34:03Z
2026-09-13,v2:/d558dee158377087c874a8af7a5649a14b9e9cdf514f2d6d61cef907c2435b64,[VIRTUAL]1 x Champion PJ for 1000 MtxCurrency,1000,1000,0,0.0,0,2026-09-10T00:00:00Z,2026-09-13T23:59:59.999Z,1,0,-2,ChampPJFNCS,FNCS,187,tileGrid,Size_2_x_1,,0,,1,br,Character_WaywardRebelFNCS,Champion PJ,outfit,rare,,FNCS,6,2,2025-04-08T08:41:18Z
2026-09-13,v2:/695e483107f610d0df769f5b8787bfe107050f8d23e00576af3a44f0ed8c7c24,[VIRTUAL]1 x Come & Go for 500 MtxCurrency,500,500,0,0.0,0,2026-09-11T00:00:00Z,2026-09-17T23:59:59.999Z,1,0,-2,JT091326,Jam Tracks,185,tileGrid,Size_1_x_1,,0,,1,track,sid_placeholder_28,Come & Go,,,,,,,2024-03-14T03:43:45Z
2026-09-13,v2:/e67f4be1d49b5575c97ed8c68117bd061089c3a7cb8df3176b261910fdb19319,[VIRTUAL]1 x Zordon's Message for 300 MtxCurrency,300,300,0,0.0,0,2026-09-12T00:00:00Z,2026-09-15T23:59:59.999Z,1,0,-4,Rangers,Power Rangers,192,tileGrid,Size_1_x_1,,0,,1,br,EID_FumeFleeceShack,Zordon's Message,emote,uncommon,,Mighty Morphin,6,5,2025-08-07T13:36:11Z
2026-09-13,v2:/90777100c8d0561beb6514fb8bd6a80483af562908984924034c013a79cf7636,[VIRTUAL]1 x Cuddle Bow for 200 MtxCurrency,200,200,0,0.0,0,2026-09-09T00:00:00Z,2026-09-13T23:59:59.999Z,1,0,-3,,,,,Size_1_x_1,,0,,1,br,BID_023_Pinkbear,Cuddle Bow,backpack,legendary,,Royale Hearts,1,3,2019-11-20T12:50:41Z
2026-09-13,v2:/bb705b6a6acbe810201381a8e7251d1ca0b195a46bfe3afd9c205e44de23b438,[VIRTUAL]1 x Gilded Splitter for 800 MtxCurrency,800,800,0,0.0,0,2026-09-13T00:00:00Z,2026-09-13T23:59:59.999Z,1,0,-3,BR091326,Full Flex,191,tileGrid,Size_1_x_1,,0,,1,br,Pickaxe_SkullBriteDot,Gilded Splitter,pickaxe,rare,,Skull & Bows,6,1,2024-12-18T12:19:13Z
2026-09-13,v2:/ff1069eb9dba0f3239fadb41057439505c5b12a02ee95f3d6e99b540095e29d0,[VIRTUAL]1 x TBD (SID_Placeholder_732) for 500 MtxCurrency,500,500,0,0.0,0,2026-09-11T00:00:00Z,2026-09-17T23:59:59.999Z,1,0,-4,JT091326,Jam Tracks,185,tileGrid,Size_1_x_1,,0,,1,track,sid_placeholder_732,Mary on a Cross,,,,,,,2026-01-22T14:02:05Z
2026-09-13,v2:/4dbd6a6e81038574342444959ca7e87cb148280fecbe2f82091ae17282ceb777,[VIRTUAL]1 x MONTERO (Call Me By Your Name) for 500 MtxCurrency,500,500,0,0.0,0,2026-09-01T00:00:00Z,2026-09-30T23:59:59.999Z,1,0,-72,JT091326,Jam Tracks,185,expandableList,Size_1_x_1,,0,,1,track,sid_placeholder_286,MONTERO (Call Me By Your Name),,,,,,,2024-10-24T14:53:04Z
2026-09-13,v2:/7cbb866a82d1e2c89f77c985def60fbe0ef59b05fba6918e6fd3763fb5cacbcb,[VIRTUAL]1 x Ridgeback for 300 MtxCurrency,300,300,0,0.0,0,2026-09-09T00:00:00Z,2026-09-13T23:59:59.999Z,1,0,-2,,,,,Size_1_x_1,,0,,1,br,BID_387_PunkDevil,Ridgeback,backpack,rare,,Midnight Star,2,1,2019-11-20T12:51:14Z
2026-09-13,v2:/f4938785bcea257f13b4206826c2ee0cf57a5e5019687fa01943acf3f75031fd,[VIRTUAL]1 x Golden Skully Satchel for 200 MtxCurrency,200,200,0,0.0,0,2026-09-13T00:00:00Z,2026-09-13T23:59:59.999Z,1,0,-1,,,,,Size_1_x_1,,0,,1,br,Backpack_SkullBriteDot,Golden Skully Satchel,backpack,rare,,Skull & Bows,6,1,2024-12-18T12:19:13Z
2026-09-13,v2:/25689a889dc842e09f946d784cf39aeae6cd4922c2afcdec93d930859edf51f1,"[VIRTUAL]1 x Tender Defender, 1 x Hatchback for -1 MtxCurrency",1500,1500,0,0.0,0,2026-09-08T00:00:00Z,2026-09-13T23:59:59.999Z,1,0,-4,BR091326,Full Flex,191,tileGrid,Size_1_x_1,,0,,2,br,CID_274_Athena_Commando_M_Feathers,Tender Defender,outfit,epic,,Fowl Play,1,6,2019-11-20T12:50:11Z
2026-09-13,v2:/25689a889dc842e09f946d784cf39aeae6cd4922c2afcdec93d930859edf51f1,"[VIRTUAL]1 x Tender Defender, 1 x Hatchback for -1 MtxCurrency",1500,1500,0,0.0,0,2026-09-08T00:00:00Z,2026-09-13T23:59:59.999Z,1,0,-4,BR091326,Full Flex,191,tileGrid,Size_1_x_1,,0,,2,br,BID_154_Feathers,Hatchback,backpack,epic,,Fowl Play,1,6,2019-11-20T12:50:37Z
2026-09-13,v2:/9a1d28571a6ae64174a98ee10076fcedf163b17ee4d8494344b2b3d3138caeb6,[VIRTUAL]1 x Pupper Slippers for 600 MtxCurrency,600,600,0,0.0,0,2026-09-07T00:00:00Z,2026-09-13T23:59:59.999Z,1,0,-5,BR091326,Full Flex,191,tileGrid,Size_1_x_1,,0,,1,br,Shoes_HowlFeast,Pupper Slippers,shoe,uncommon,,,6,4,2025-06-08T00:19:13Z
2026-09-13,v2:/2f6eb798f2f600b5e98cf31119b53e57c2151e6ba1a1204f65060978946ec003,[VIRTUAL]1 x TBD (SID_Placeholder_631) for 500 MtxCurrency,500,500,0,0.0,0,2026-09-12T00:00:00Z,2026-09-15T23:59:59.999Z,1,0,-2,Rangers,Power Rangers,192,tileGrid,Size_1_x_1,,0,,1,track,sid_placeholder_631,Go Go Power Rangers,,,,,,,2025-08-08T14:17:52Z
2026-09-13,v2:/ed33eee2c29ab87594055b2949066035488e525ccf5f3d63302ab857990ab816,[VIRTUAL]1 x Shimada Spinners for 400 MtxCurrency,400,400,0,0.0,0,2026-09-12T00:00:00Z,2026-09-16T23:59:59.999Z,1,0,-1,Overwatch,Overwatch,195,tileGrid,Size_1_x_1,,0,,1,car,Wheel_BlueTorque02,Shimada Spinners,wheel,uncommon,GAMING LEGENDS SERIES,,,,2026-05-14T09:00:00Z
2026-09-13,v2:/e5803144dd782ddc2553fb3d6a18dd013db3f8281ded3bface13f2c7f972e214,"[VIRTUAL]1 x Genji, 1 x Ryū Ichimonji, 1 x Ryū Ichimonji for -1 MtxCurrency",1600,1600,0,0.0,0,2026-09-12T00:00:00Z,2026-09-16T23:59:59.999Z,1,0,-5,Overwatch,Overwatch,195,tileGrid,Size_1_x_1,,1,Genji,3,br,Character_FacetBlom,Genji,outfit,gaminglegends,Gaming Legends Series,Overwatch,7,2,2026-05-14T09:00:00Z
2026-09-13,v2:/e5803144dd782ddc2553fb3d6a18dd013db3f8281ded3bface13f2c7f972e214,"[VIRTUAL]1 x Genji, 1 x Ryū Ichimonji, 1 x Ryū Ichimonji for -1 MtxCurrency",1600,1600,0,0.0,0,2026-09-12T00:00:00Z,2026-09-16T23:59:59.999Z,1,0,-5,Overwatch,Overwatch,195,tileGrid,Size_1_x_1,,1,Genji,3,br,Pickaxe_FacetBlom,Ryū Ichimonji,pickaxe,gaminglegends,Gaming Legends Series,Overwatch,7,2,2026-05-14T09:00:00Z
2026-09-13,v2:/e5803144dd782ddc2553fb3d6a18dd013db3f8281ded3bface13f2c7f972e214,"[VIRTUAL]1 x Genji, 1 x Ryū Ichimonji, 1 x Ryū Ichimonji for -1 MtxCurrency",1600,1600,0,0.0,0,2026-09-12T00:00:00Z,2026-09-16T23:59:59.999Z,1,0,-5,Overwatch,Overwatch,195,tileGrid,Size_1_x_1,,1,Genji,3,br,Backpack_FacetBlom,Ryū Ichimonji,backpack,gaminglegends,Gaming Legends Series,Overwatch,7,2,2026-05-14T09:00:00Z
2026-09-13,v2:/c27e76dd50db7f49c7a5818f3fd744434bdf8ba6f06a2ce1331756d253b095ac,[VIRTUAL]1 x TBD (SID_Placeholder_508) for 500 MtxCurrency,500,500,0,0.0,0,2026-09-01T00:00:00Z,2026-09-30T23:59:59.999Z,1,0,-80,JT091326,Jam Tracks,185,expandableList,Size_1_x_1,,0,,1,track,sid_placeholder_508,The Way I Are,,,,,,,2025-02-27T16:52:57Z
2026-09-13,v2:/ae3818cfad4bfe3037056dd6089db06cdbccf624fb2b4763de9feabaefae9ba1,[VIRTUAL]1 x TBD (SID_Placeholder_594) for 500 MtxCurrency,500,500,0,0.0,0,2026-09-01T00:00:00Z,2026-09-30T23:59:59.999Z,1,0,-31,JT091326,Jam Tracks,185,expandableList,Size_1_x_1,,0,,1,track,sid_placeholder_594,Sunflower - Spider-Man: Into the Spider-Verse,,,,,,,2025-06-04T00:24:13Z
2026-09-13,v2:/f2121a1eed5418766ced60119f75353770dd3e8764d380b5a561e60c72e5b0f2,[VIRTUAL]1 x Nothing Else Matters for 500 MtxCurrency,500,500,0,0.0,0,2026-09-01T00:00:00Z,2026-09-30T23:59:59.999Z,1,0,-70,JT091326,Jam Tracks,185,expandableList,Size_1_x_1,,0,,1,track,sid_placeholder_237,Nothing Else Matters,,,,,,,2024-06-20T00:00:00Z
2026-09-13,v2:/80f90d64b6f50026a74b301616a06f17b6a12ca236d87c10f6ac8ad4bed2cf1e,[VIRTUAL]1 x TBD (SID_Placeholder_455) for 500 MtxCurrency,500,500,0,0.0,0,2026-09-01T00:00:00Z,2026-09-30T23:59:59.999Z,1,0,-69,JT091326,Jam Tracks,185,expandableList,Size_1_x_1,,0,,1,track,sid_placeholder_455,IDOL,,,,,,,2025-02-06T21:54:35Z
2026-09-13,v2:/5d49a2738b1d0e4fa52965a4c464c1c709353827f5cf8c155e145ee4025e1fcd,[VIRTUAL]1 x Crank That (Soulja Boy) for 500 MtxCurrency,500,500,0,0.0,0,2026-09-01T00:00:00Z,2026-09-30T23:59:59.999Z,1,0,-45,JT091326,Jam Tracks,185,expandableList,Size_1_x_1,,0,,1,track,sid_placeholder_382,Crank That (Soulja Boy),,,,,,,2024-11-02T07:02:33Z
2026-09-13,v2:/3eaeaf2b559e02554e836dca92071251de5d8fdaca68a93046671079e0960061,[VIRTUAL]1 x NaNa Scroll for 300 MtxCurrency,300,300,0,0.0,0,2026-09-09T00:00:00Z,2026-09-13T23:59:59.999Z,1,0,-1,,,,,Size_1_x_1,,0,,1,br,Backpack_BananaPhilosopher,NaNa Scroll,backpack,uncommon,,Bananontology,5,2,2024-04-23T08:26:50Z
2026-09-13,v2:/c7a264a19af69fc45fd9d4095f8a1aaf4212ac621672a7face955eb101cd4d79,[VIRTUAL]1 x Save Your Tears for 500 MtxCurrency,500,500,0,0.0,0,2026-09-11T00:00:00Z,2026-09-17T23:59:59.999Z,1,0,-3,JT091326,Jam Tracks,185,tileGrid,Size_1_x_1,,0,,1,track,sid_placeholder_05,Save Your Tears,,,,,,,2023-12-09T15:00:00Z
2026-09-13,v2:/f45881d41bc2901c18487fb534f603b8500b6f2c54b9a906f3b1e32dc0032de9,"[VIRTUAL]1 x Lil Wayne, 1 x Milli Bricks, 1 x Lollipop, 1 x Young Money Stage, 1 x Weezy, 1 x Weezy Board, 1 x 6 Foot 7 Foot, 1 x Weezy Boardbreaker, 1 x YM Burner, 1 x Weezy's Pose, 1 x Tha Guitar, 1 x Tha Guitar, 1 x Tha Guitar, 1 x TBD (SID_Placeholder_870), 1 x TBD (SID_Placeholder_871), 1 x TBD (SID_Placeholder_872) for -1 MtxCurrency",8400,3600,4800,0.5714,1,2026-09-13T00:00:00Z,2026-09-22T23:59:59.999Z,1,0,-2,LilWayneNew,Lil Wayne,198,billboard,Size_4_x_1,,1,Lil Wayne Bundle,16,br,Character_NoiseClueLurch,Lil Wayne,outfit,icon,Icon Series,Lil Wayne,7,4,2026-09-10T16:36:49Z
2026-09-13,v2:/f45881d41bc2901c18487fb534f603b8500b6f2c54b9a906f3b1e32dc0032de9,"[VIRTUAL]1 x Lil Wayne, 1 x Milli Bricks, 1 x Lollipop, 1 x Young Money Stage, 1 x Weezy, 1 x Weezy Board, 1 x 6 Foot 7 Foot, 1 x Weezy Boardbreaker, 1 x YM Burner, 1 x Weezy's Pose, 1 x Tha Guitar, 1 x Tha Guitar, 1 x Tha Guitar, 1 x TBD (SID_Placeholder_870), 1 x TBD (SID_Placeholder_871), 1 x TBD (SID_Placeholder_872) for -1 MtxCurrency",8400,3600,4800,0.5714,1,2026-09-13T00:00:00Z,2026-09-22T23:59:59.999Z,1,0,-2,LilWayneNew,Lil Wayne,198,billboard,Size_4_x_1,,1,Lil Wayne Bundle,16,br,Backpack_NoiseClueLurch,Milli Bricks,backpack,icon,Icon Series,Lil Wayne,7,4,2026-09-10T16:36:49Z
2026-09-13,v2:/f45881d41bc2901c18487fb534f603b8500b6f2c54b9a906f3b1e32dc0032de9,"[VIRTUAL]1 x Lil Wayne, 1 x Milli Bricks, 1 x Lollipop, 1 x Young Money Stage, 1 x Weezy, 1 x Weezy Board, 1 x 6 Foot 7 Foot, 1 x Weezy Boardbreaker, 1 x YM Burner, 1 x Weezy's Pose, 1 x Tha Guitar, 1 x Tha Guitar, 1 x Tha Guitar, 1 x TBD (SID_Placeholder_870), 1 x TBD (SID_Placeholder_871), 1 x TBD (SID_Placeholder_872) for -1 MtxCurrency",8400,3600,4800,0.5714,1,2026-09-13T00:00:00Z,2026-09-22T23:59:59.999Z,1,0,-2,LilWayneNew,Lil Wayne,198,billboard,Size_4_x_1,,1,Lil Wayne Bundle,16,br,EID_NoiseClueLurch,Lollipop,emote,icon,Icon Series,Lil Wayne,7,4,2026-09-10T16:36:49Z
2026-09-13,v2:/f45881d41bc2901c18487fb534f603b8500b6f2c54b9a906f3b1e32dc0032de9,"[VIRTUAL]1 x Lil Wayne, 1 x Milli Bricks, 1 x Lollipop, 1 x Young Money Stage, 1 x Weezy, 1 x Weezy Board, 1 x 6 Foot 7 Foot, 1 x Weezy Boardbreaker, 1 x YM Burner, 1 x Weezy's Pose, 1 x Tha Guitar, 1 x Tha Guitar, 1 x Tha Guitar, 1 x TBD (SID_Placeholder_870), 1 x TBD (SID_Placeholder_871), 1 x TBD (SID_Placeholder_872) for -1 MtxCurrency",8400,3600,4800,0.5714,1,2026-09-13T00:00:00Z,2026-09-22T23:59:59.999Z,1,0,-2,LilWayneNew,Lil Wayne,198,billboard,Size_4_x_1,,1,Lil Wayne Bundle,16,br,Glider_NoiseClueLurch,Young Money Stage,glider,icon,Icon Series,Lil Wayne,7,4,2026-09-10T16:00:38Z
2026-09-13,v2:/f45881d41bc2901c18487fb534f603b8500b6f2c54b9a906f3b1e32dc0032de9,"[VIRTUAL]1 x Lil Wayne, 1 x Milli Bricks, 1 x Lollipop, 1 x Young Money Stage, 1 x Weezy, 1 x Weezy Board, 1 x 6 Foot 7 Foot, 1 x Weezy Boardbreaker, 1 x YM Burner, 1 x Weezy's Pose, 1 x Tha Guitar, 1 x Tha Guitar, 1 x Tha Guitar, 1 x TBD (SID_Placeholder_870), 1 x TBD (SID_Placeholder_871), 1 x TBD (SID_Placeholder_872) for -1 MtxCurrency",8400,3600,4800,0.5714,1,2026-09-13T00:00:00Z,2026-09-22T23:59:59.999Z,1,0,-2,LilWayneNew,Lil Wayne,198,billboard,Size_4_x_1,,1,Lil Wayne Bundle,16,br,Character_NoiseClueGust,Weezy,outfit,icon,Icon Series,Lil Wayne,7,4,2026-09-10T16:36:49Z
2026-09-13,v2:/f45881d41bc2901c18487fb534f603b8500b6f2c54b9a906f3b1e32dc0032de9,"[VIRTUAL]1 x Lil Wayne, 1 x Milli Bricks, 1 x Lollipop, 1 x Young Money Stage, 1 x Weezy, 1 x Weezy Board, 1 x 6 Foot 7 Foot, 1 x Weezy Boardbreaker, 1 x YM Burner, 1 x Weezy's Pose, 1 x Tha Guitar, 1 x Tha Guitar, 1 x Tha Guitar, 1 x TBD (SID_Placeholder_870), 1 x TBD (SID_Placeholder_871), 1 x TBD (SID_Placeholder_872) for -1 MtxCurrency",8400,3600,4800,0.5714,1,2026-09-13T00:00:00Z,2026-09-22T23:59:59.999Z,1,0,-2,LilWayneNew,Lil Wayne,198,billboard,Size_4_x_1,,1,Lil Wayne Bundle,16,br,Backpack_NoiseClueGust,Weezy Board,backpack,icon,Icon Series,Lil Wayne,7,4,2026-09-10T16:36:49Z
2026-09-13,v2:/f45881d41bc2901c18487fb534f603b8500b6f2c54b9a906f3b1e32dc0032de9,"[VIRTUAL]1 x Lil Wayne, 1 x Milli Bricks, 1 x Lollipop, 1 x Young Money Stage, 1 x Weezy, 1 x Weezy Board, 1 x 6 Foot 7 Foot, 1 x Weezy Boardbreaker, 1 x YM Burner, 1 x Weezy's Pose, 1 x Tha Guitar, 1 x Tha Guitar, 1 x Tha Guitar, 1 x TBD (SID_Placeholder_870), 1 x TBD (SID_Placeholder_871), 1 x TBD (SID_Placeholder_872) for -1 MtxCurrency",8400,3600,4800,0.5714,1,2026-09-13T00:00:00Z,2026-09-22T23:59:59.999Z,1,0,-2,LilWayneNew,Lil Wayne,198,billboard,Size_4_x_1,,1,Lil Wayne Bundle,16,br,EID_NoiseClueGust,6 Foot 7 Foot,emote,icon,Icon Series,Lil Wayne,7,4,2026-09-10T16:36:49Z
2026-09-13,v2:/f45881d41bc2901c18487fb534f603b8500b6f2c54b9a906f3b1e32dc0032de9,"[VIRTUAL]1 x Lil Wayne, 1 x Milli Bricks, 1 x Lollipop, 1 x Young Money Stage, 1 x Weezy, 1 x Weezy Board, 1 x 6 Foot 7 Foot, 1 x Weezy Boardbreaker, 1 x YM Burner, 1 x Weezy's Pose, 1 x Tha Guitar, 1 x Tha Guitar, 1 x Tha Guitar, 1 x TBD (SID_Placeholder_870), 1 x TBD (SID_Placeholder_871), 1 x TBD (SID_Placeholder_872) for -1 MtxCurrency",8400,3600,4800,0.5714,1,2026-09-13T00:00:00Z,2026-09-22T23:59:59.999Z,1,0,-2,LilWayneNew,Lil Wayne,198,billboard,Size_4_x_1,,1,Lil Wayne Bundle,16,br,Pickaxe_NoiseClueGust,Weezy Boardbreaker,pickaxe,icon,Icon Series,Lil Wayne,7,4,2026-09-10T16:36:49Z
2026-09-13,v2:/f45881d41bc2901c18487fb534f603b8500b6f2c54b9a906f3b1e32dc0032de9,"[VIRTUAL]1 x Lil Wayne, 1 x Milli Bricks, 1 x Lollipop, 1 x Young Money Stage, 1 x Weezy, 1 x Weezy Board, 1 x 6 Foot 7 Foot, 1 x Weezy Boardbreaker, 1 x YM Burner, 1 x Weezy's Pose, 1 x Tha Guitar, 1 x Tha Guitar, 1 x Tha Guitar, 1 x TBD (SID_Placeholder_870), 1 x TBD (SID_Placeholder_871), 1 x TBD (SID_Placeholder_872) for -1 MtxCurrency",8400,3600,4800,0.5714,1,2026-09-13T00:00:00Z,2026-09-22T23:59:59.999Z,1,0,-2,LilWayneNew,Lil Wayne,198,billboard,Size_4_x_1,,1,Lil Wayne Bundle,16,br,Wrap_NoiseClue,YM Burner,wrap,icon,Icon Series,Lil Wayne,7,4,2026-09-10T16:00:38Z
2026-09-13,v2:/f45881d41bc2901c18487fb534f603b8500b6f2c54b9a906f3b1e32dc0032de9,"[VIRTUAL]1 x Lil Wayne, 1 x Milli Bricks, 1 x Lollipop, 1 x Young Money Stage, 1 x Weezy, 1 x Weezy Board, 1 x 6 Foot 7 Foot, 1 x Weezy Boardbreaker, 1 x YM Burner, 1 x Weezy's Pose, 1 x Tha Guitar, 1 x Tha Guitar, 1 x Tha Guitar, 1 x TBD (SID_Placeholder_870), 1 x TBD (SID_Placeholder_871), 1 x TBD (SID_Placeholder_872) for -1 MtxCurrency",8400,3600,4800,0.5714,1,2026-09-13T00:00:00Z,2026-09-22T23:59:59.999Z,1,0,-2,LilWayneNew,Lil Wayne,198,billboard,Size_4_x_1,,1,Lil Wayne Bundle,16,br,LoadingScreen_NoiseClue,Weezy's Pose,loadingscreen,icon,Icon Series,Lil Wayne,7,4,2026-09-10T16:00:38Z
2026-09-13,v2:/f45881d41bc2901c18487fb534f603b8500b6f2c54b9a906f3b1e32dc0032de9,"[VIRTUAL]1 x Lil Wayne, 1 x Milli Bricks, 1 x Lollipop, 1 x Young Money Stage, 1 x Weezy, 1 x Weezy Board, 1 x 6 Foot 7 Foot, 1 x Weezy Boardbreaker, 1 x YM Burner, 1 x Weezy's Pose, 1 x Tha Guitar, 1 x Tha Guitar, 1 x Tha Guitar, 1 x TBD (SID_Placeholder_870), 1 x TBD (SID_Placeholder_871), 1 x TBD (SID_Placeholder_872) for -1 MtxCurrency",8400,3600,4800,0.5714,1,2026-09-13T00:00:00Z,2026-09-22T23:59:59.999Z,1,0,-2,LilWayneNew,Lil Wayne,198,billboard,Size_4_x_1,,1,Lil Wayne Bundle,16,br,Pickaxe_NoiseClue_Guitar,Tha Guitar,pickaxe,icon,Icon Series,Lil Wayne,7,4,2026-09-10T16:00:38Z
2026-09-13,v2:/f45881d41bc2901c18487fb534f603b8500b6f2c54b9a906f3b1e32dc0032de9,"[VIRTUAL]1 x Lil Wayne, 1 x Milli Bricks, 1 x Lollipop, 1 x Young Money Stage, 1 x Weezy, 1 x Weezy Board, 1 x 6 Foot 7 Foot, 1 x Weezy Boardbreaker, 1 x YM Burner, 1 x Weezy's Pose, 1 x Tha Guitar, 1 x Tha Guitar, 1 x Tha Guitar, 1 x TBD (SID_Placeholder_870), 1 x TBD (SID_Placeholder_871), 1 x TBD (SID_Placeholder_872) for -1 MtxCurrency",8400,3600,4800,0.5714,1,2026-09-13T00:00:00Z,2026-09-22T23:59:59.999Z,1,0,-2,LilWayneNew,Lil Wayne,198,billboard,Size_4_x_1,,1,Lil Wayne Bundle,16,br,Backpack_NoiseClue_Guitar,Tha Guitar,backpack,icon,Icon Series,Lil Wayne,7,4,2026-09-10T16:00:38Z
2026-09-13,v2:/f45881d41bc2901c18487fb534f603b8500b6f2c54b9a906f3b1e32dc0032de9,"[VIRTUAL]1 x Lil Wayne, 1 x Milli Bricks, 1 x Lollipop, 1 x Young Money Stage, 1 x Weezy, 1 x Weezy Board, 1 x 6 Foot 7 Foot, 1 x Weezy Boardbreaker, 1 x YM Burner, 1 x Weezy's Pose, 1 x Tha Guitar, 1 x Tha Guitar, 1 x Tha Guitar, 1 x TBD (SID_Placeholder_870), 1 x TBD (SID_Placeholder_871), 1 x TBD (SID_Placeholder_872) for -1 MtxCurrency",8400,3600,4800,0.5714,1,2026-09-13T00:00:00Z,2026-09-22T23:59:59.999Z,1,0,-2,LilWayneNew,Lil Wayne,198,billboard,Size_4_x_1,,1,Lil Wayne Bundle,16,track,sid_placeholder_870,Lollipop,,,,,,,2026-09-10T16:15:49Z
2026-09-13,v2:/f45881d41bc2901c18487fb534f603b8500b6f2c54b9a906f3b1e32dc0032de9,"[VIRTUAL]1 x Lil Wayne, 1 x Milli Bricks, 1 x Lollipop, 1 x Young Money Stage, 1 x Weezy, 1 x Weezy Board, 1 x 6 Foot 7 Foot, 1 x Weezy Boardbreaker, 1 x YM Burner, 1 x Weezy's Pose, 1 x Tha Guitar, 1 x Tha Guitar, 1 x Tha Guitar, 1 x TBD (SID_Placeholder_870), 1 x TBD (SID_Placeholder_871), 1 x TBD (SID_Placeholder_872) for -1 MtxCurrency",8400,3600,4800,0.5714,1,2026-09-13T00:00:00Z,2026-09-22T23:59:59.999Z,1,0,-2,LilWayneNew,Lil Wayne,198,billboard,Size_4_x_1,,1,Lil Wayne Bundle,16,track,sid_placeholder_871,A Milli (2023 Remix),,,,,,,2026-09-10T16:19:51Z
2026-09-13,v2:/f45881d41bc2901c18487fb534f603b8500b6f2c54b9a906f3b1e32dc0032de9,"[VIRTUAL]1 x Lil Wayne, 1 x Milli Bricks, 1 x Lollipop, 1 x Young Money Stage, 1 x Weezy, 1 x Weezy Board, 1 x 6 Foot 7 Foot, 1 x Weezy Boardbreaker, 1 x YM Burner, 1 x Weezy's Pose, 1 x Tha Guitar, 1 x Tha Guitar, 1 x Tha Guitar, 1 x TBD (SID_Placeholder_870), 1 x TBD (SID_Placeholder_871), 1 x TBD (SID_Placeholder_872) for -1 MtxCurrency",8400,3600,4800,0.5714,1,2026-09-13T00:00:00Z,2026-09-22T23:59:59.999Z,1,0,-2,LilWayneNew,Lil Wayne,198,billboard,Size_4_x_1,,1,Lil Wayne Bundle,16,track,sid_placeholder_872,6 Foot 7 Foot,,,,,,,2026-09-10T16:19:51Z
2026-09-13,v2:/f45881d41bc2901c18487fb534f603b8500b6f2c54b9a906f3b1e32dc0032de9,"[VIRTUAL]1 x Lil Wayne, 1 x Milli Bricks, 1 x Lollipop, 1 x Young Money Stage, 1 x Weezy, 1 x Weezy Board, 1 x 6 Foot 7 Foot, 1 x Weezy Boardbreaker, 1 x YM Burner, 1 x Weezy's Pose, 1 x Tha Guitar, 1 x Tha Guitar, 1 x Tha Guitar, 1 x TBD (SID_Placeholder_870), 1 x TBD (SID_Placeholder_871), 1 x TBD (SID_Placeholder_872) for -1 MtxCurrency",8400,3600,4800,0.5714,1,2026-09-13T00:00:00Z,2026-09-22T23:59:59.999Z,1,0,-2,LilWayneNew,Lil Wayne,198,billboard,Size_4_x_1,,1,Lil Wayne Bundle,16,instrument,Sparks_NoiseClue_Guitar,Tha Guitar,guitar,icon,Icon Series,,,,2026-09-10T16:00:38Z
2026-09-13,v2:/5c8ffb2ae2c4bbbf490626be13fba21bc3be929d553589bde925d14c0aa4d49d,[VIRTUAL]1 x Blank for 400 MtxCurrency,400,400,0,0.0,0,2026-09-11T00:00:00Z,2026-09-17T23:59:59.999Z,1,0,-1,,,,,Size_3_x_1,,0,,1,car,Wheel_BurnishedRaven01,Cadillac CT5-V Blackwing,wheel,uncommon,,,,,2026-09-10T13:00:47Z
2026-09-13,v2:/67761add679c1899bd56234da6b301302507a228f25e7f0fbb040b41adad6a5b,[VIRTUAL]1 x TBD (SID_Placeholder_823) for 500 MtxCurrency,500,500,0,0.0,0,2026-09-01T00:00:00Z,2026-09-30T23:59:59.999Z,1,0,-19,JT091326,Jam Tracks,185,expandableList,Size_1_x_1,,0,,1,track,sid_placeholder_823,He Gets Me So High,,,,,,,2026-06-16T14:07:21Z
2026-09-13,v2:/4ebf1334d3daa35a3bf879f88120030e1d7e434d0e896531407e22dea7f2c23f,[VIRTUAL]1 x The Search for 500 MtxCurrency,500,500,0,0.0,0,2026-09-01T00:00:00Z,2026-09-30T23:59:59.999Z,1,0,-1,JT091326,Jam Tracks,185,expandableList,Size_1_x_1,,0,,1,track,sid_placeholder_56,The Search,,,,,,,2023-12-11T00:00:00Z
2026-09-13,v2:/3c1eb02d50ef331337c15d26f10b801cbf93f46626fd359dbcd4a75182348e4f,[VIRTUAL]1 x FNCS Raider for 200 MtxCurrency,200,200,0,0.0,0,2026-09-10T00:00:00Z,2026-09-13T23:59:59.999Z,1,0,-1,ChampPJFNCS,FNCS,187,tileGrid,Size_1_x_1,,0,,1,br,Backpack_FNCS_S34,FNCS Raider,backpack,rare,,FNCS,6,2,2025-04-08T08:41:18Z
2026-09-13,v2:/7d44ab041e93a26fe0eba2e0e54db5a9d4dc214083023a2d12a25e8a70743d0b,[VIRTUAL]1 x Hollaback Girl for 500 MtxCurrency,500,500,0,0.0,0,2026-09-01T00:00:00Z,2026-09-30T23:59:59.999Z,1,0,-17,JT091326,Jam Tracks,185,expandableList,Size_1_x_1,,0,,1,track,sid_placeholder_259,Hollaback Girl,,,,,,,2024-07-03T14:17:57Z
2026-09-13,v2:/40441d468c226d83a5c3d1369960409004f54a97af24a31e24e5a56f3c95c3fa,[VIRTUAL]1 x TBD (SID_Placeholder_506) for 500 MtxCurrency,500,500,0,0.0,0,2026-09-01T00:00:00Z,2026-09-30T23:59:59.999Z,1,0,-73,JT091326,Jam Tracks,185,expandableList,Size_1_x_1,,0,,1,track,sid_placeholder_506,Pumped Up Kicks,,,,,,,2025-03-06T14:32:03Z
2026-09-13,v2:/82c1b626274016ba0cd968b568a6964e05e8f8f5adbf07144a2a762e6a5afc7a,[VIRTUAL]1 x A WEATHER BALLOON for 500 MtxCurrency,500,500,0,0.0,0,2026-09-08T00:00:00Z,2026-09-14T23:59:59.999Z,1,0,-2,,,,,Size_1_x_1,,0,,1,br,BID_822_AlienSummer,A WEATHER BALLOON,backpack,epic,,Hot Alien Summer,2,7,2021-08-03T11:17:43Z
2026-09-13,v2:/53f5abc7befbe7685b789b2aed9303eca6683cac0ab1e6ccd8eef0a94a42d76c,[VIRTUAL]1 x Porsche Cayenne Turbo Electric for 400 MtxCurrency,400,400,0,0.0,0,2026-09-12T00:00:00Z,2026-09-16T23:59:59.999Z,1,0,-2,,,,,Size_2_x_1,,0,,1,car,Wheel_BlueTorque01,Porsche Cayenne Turbo Electric,wheel,uncommon,PORSCHE SERIES,,,,2026-05-14T09:00:00Z
2026-09-13,v2:/eb576ab992ff670b67a44f7c9189b0e432c3868ded9a53af88add49edea632a3,[VIRTUAL]1 x Mercy's Reach for 300 MtxCurrency,300,300,0,0.0,0,2026-09-12T00:00:00Z,2026-09-16T23:59:59.999Z,1,0,-1,Overwatch,Overwatch,195,tileGrid,Size_1_x_1,,0,,1,br,EID_TrackWaver,Mercy's Reach,emote,gaminglegends,Gaming Legends Series,Overwatch,7,2,2026-05-14T09:00:00Z
2026-09-13,v2:/458f0488f60f6b221a987c25da8e67f2762613f31314b6a7b71856ca5b8fbeee,[VIRTUAL]1 x TBD (SID_Placeholder_650) for 500 MtxCurrency,500,500,0,0.0,0,2026-09-01T00:00:00Z,2026-09-30T23:59:59.999Z,1,0,-67,JT091326,Jam Tracks,185,expandableList,Size_1_x_1,,0,,1,track,sid_placeholder_650,Rocket Man,,,,,,,2025-10-09T08:44:55Z
2026-09-13,v2:/8442a51ab1f8b883faae02f8bbe4f26f80fb213a81248946a6089fef31d56ae3,[VIRTUAL]1 x Typical Gamer for 1500 MtxCurrency,1500,1500,0,0.0,0,2026-09-13T00:00:00Z,2026-09-15T23:59:59.999Z,1,0,-2,TypicalGamerIcons,Typical Gamer,184,tileGrid,Size_1_x_1,,0,,1,br,Character_QuarterClaspZoom,Typical Gamer,outfit,icon,Icon Series,Typical Gamer,7,2,2026-05-24T21:01:00Z
2026-09-13,v2:/75666324a5d3d58f529325205be03d64727fe70410818292dcb52652da4d93ce,[VIRTUAL]1 x XO Tour Llif3  for 500 MtxCurrency,500,500,0,0.0,0,2026-09-01T00:00:00Z,2026-09-30T23:59:59.999Z,1,0,-21,JT091326,Jam Tracks,185,expandableList,Size_1_x_1,,0,,1,track,sid_placeholder_184,XO Tour Llif3,,,,,,,2024-04-16T20:20:56Z
2026-09-13,v2:/fa44b1971250321932296dd0b7e42935524a81a08a4e359afeca910a0a519c3c,[VIRTUAL]1 x Black Beatles for 500 MtxCurrency,500,500,0,0.0,0,2026-09-01T00:00:00Z,2026-09-30T23:59:59.999Z,1,0,-3,JT091326,Jam Tracks,185,expandableList,Size_1_x_1,,0,,1,track,sid_placeholder_291,Black Beatles,,,,,,,2024-08-09T02:00:00Z
2026-09-13,v2:/49a13a2d98bfedc4aeaebef7c9b048aaae9c7eb989871e86182e5d3a86b31737,[VIRTUAL]1 x Party Rock Anthem for 500 MtxCurrency,500,500,0,0.0,0,2026-09-01T00:00:00Z,2026-09-30T23:59:59.999Z,1,0,-9,JT091326,Jam Tracks,185,expandableList,Size_1_x_1,,0,,1,track,sid_placeholder_10,Party Rock Anthem,,,,,,,2023-12-11T00:00:00Z
2026-09-13,v2:/4cf66073a0baab41900f295d7d20e3fcde552a9090f183a9fd214bc25745105a,[VIRTUAL]1 x TBD (SID_Placeholder_784) for 500 MtxCurrency,500,500,0,0.0,0,2026-09-01T00:00:00Z,2026-09-30T23:59:59.999Z,1,0,-30,JT091326,Jam Tracks,185,expandableList,Size_1_x_1,,0,,1,track,sid_placeholder_784,Into Oblivion,,,,,,,2026-04-21T14:08:43Z
2026-09-13,v2:/530227f962cb9bdcbcb82e39760d42e654e65fad22ed459b96724a8c6eb47be4,[VIRTUAL]1 x TBD (SID_Placeholder_482) for 500 MtxCurrency,500,500,0,0.0,0,2026-09-10T00:00:00Z,2026-09-13T23:59:59.999Z,1,0,-5,Hatsune2,Hatsune Miku,183,tileGrid,Size_1_x_1,,0,,1,track,sid_placeholder_482,Daisy 2.0,,,,,,,2025-01-14T09:00:00Z
2026-09-13,v2:/628067c4ffa070d1411142155f01764c83fab7ec168f7302acbbf3b60affa135,[VIRTUAL]1 x California Love for 500 MtxCurrency,500,500,0,0.0,0,2026-09-12T00:00:00Z,2026-09-15T23:59:59.999Z,1,0,-2,VV091326,Party Moves,193,tileGrid,Size_1_x_1,,0,,1,br,EID_BeachBreak,California Love,emote,icon,Icon Series,,2,Remix,2024-11-14T00:00:00Z
2026-09-13,v2:/ee04f4814e50b10f7b3be7d450498b7484f7df8bafc04ba58fcbb2553d3884a7,[VIRTUAL]1 x Fade to Black for 500 MtxCurrency,500,500,0,0.0,0,2026-09-01T00:00:00Z,2026-09-30T23:59:59.999Z,1,0,-5,JT091326,Jam Tracks,185,expandableList,Size_1_x_1,,0,,1,track,sid_placeholder_240,Fade to Black,,,,,,,2024-08-01T19:28:39Z
2026-09-13,v2:/0b2a8cc4886bb33249a37a12e2978e890e958b0ea01f781ca032115acc9f3e97,[VIRTUAL]1 x TBD (SID_Placeholder_871) for 500 MtxCurrency,500,500,0,0.0,0,2026-09-13T00:00:00Z,2026-09-22T23:59:59.999Z,1,0,-3,LilWayneNew,Lil Wayne,198,tileGrid,Size_1_x_1,,0,,1,track,sid_placeholder_871,A Milli (2023 Remix),,,,,,,2026-09-10T16:19:51Z
2026-09-13,v2:/5a7cb0aa715e1b8be77b2c76781747b1c922c8db44461855a10f4acb3801bace,"[VIRTUAL]1 x Mega Man (Dual Override), 1 x Buster Cannon Fire Sword, 1 x Mega Man X, 1 x Buster Cannon Blades, 1 x E-Tank Power Pack, 1 x Zero (Mega Man), 1 x Z-Saber, 1 x Z-Saber, 1 x Rush (Mega Man), 1 x Mega Buster Flex for -1 MtxCurrency",7300,3800,3500,0.4795,1,2026-09-11T00:00:00Z,2026-09-20T23:59:59.999Z,1,0,-1,Megaman,Mega Man,197,billboard,Size_4_x_1,,1,Mega Man Bundle,10,br,Character_DuneBriefMerry,Mega Man (Dual Override),outfit,gaminglegends,Gaming Legends Series,Mega Man,7,4,2026-09-07T20:23:20Z
2026-09-13,v2:/5a7cb0aa715e1b8be77b2c76781747b1c922c8db44461855a10f4acb3801bace,"[VIRTUAL]1 x Mega Man (Dual Override), 1 x Buster Cannon Fire Sword, 1 x Mega Man X, 1 x Buster Cannon Blades, 1 x E-Tank Power Pack, 1 x Zero (Mega Man), 1 x Z-Saber, 1 x Z-Saber, 1 x Rush (Mega Man), 1 x Mega Buster Flex for -1 MtxCurrency",7300,3800,3500,0.4795,1,2026-09-11T00:00:00Z,2026-09-20T23:59:59.999Z,1,0,-1,Megaman,Mega Man,197,billboard,Size_4_x_1,,1,Mega Man Bundle,10,br,Pickaxe_DuneBriefMerry,Buster Cannon Fire Sword,pickaxe,gaminglegends,Gaming Legends Series,Mega Man,7,4,2026-09-07T20:23:20Z
2026-09-13,v2:/5a7cb0aa715e1b8be77b2c76781747b1c922c8db44461855a10f4acb3801bace,"[VIRTUAL]1 x Mega Man (Dual Override), 1 x Buster Cannon Fire Sword, 1 x Mega Man X, 1 x Buster Cannon Blades, 1 x E-Tank Power Pack, 1 x Zero (Mega Man), 1 x Z-Saber, 1 x Z-Saber, 1 x Rush (Mega Man), 1 x Mega Buster Flex for -1 MtxCurrency",7300,3800,3500,0.4795,1,2026-09-11T00:00:00Z,2026-09-20T23:59:59.999Z,1,0,-1,Megaman,Mega Man,197,billboard,Size_4_x_1,,1,Mega Man Bundle,10,br,Character_DuneBriefShift,Mega Man X,outfit,gaminglegends,Gaming Legends Series,Mega Man,7,4,2026-09-07T20:23:20Z
2026-09-13,v2:/5a7cb0aa715e1b8be77b2c76781747b1c922c8db44461855a10f4acb3801bace,"[VIRTUAL]1 x Mega Man (Dual Override), 1 x Buster Cannon Fire Sword, 1 x Mega Man X, 1 x Buster Cannon Blades, 1 x E-Tank Power Pack, 1 x Zero (Mega Man), 1 x Z-Saber, 1 x Z-Saber, 1 x Rush (Mega Man), 1 x Mega Buster Flex for -1 MtxCurrency",7300,3800,3500,0.4795,1,2026-09-11T00:00:00Z,2026-09-20T23:59:59.999Z,1,0,-1,Megaman,Mega Man,197,billboard,Size_4_x_1,,1,Mega Man Bundle,10,br,Pickaxe_DuneBriefShift,Buster Cannon Blades,pickaxe,gaminglegends,Gaming Legends Series,Mega Man,7,4,2026-09-07T20:23:20Z
2026-09-13,v2:/5a7cb0aa715e1b8be77b2c76781747b1c922c8db44461855a10f4acb3801bace,"[VIRTUAL]1 x Mega Man (Dual Override), 1 x Buster Cannon Fire Sword, 1 x Mega Man X, 1 x Buster Cannon Blades, 1 x E-Tank Power Pack, 1 x Zero (Mega Man), 1 x Z-Saber, 1 x Z-Saber, 1 x Rush (Mega Man), 1 x Mega Buster Flex for -1 MtxCurrency",7300,3800,3500,0.4795,1,2026-09-11T00:00:00Z,2026-09-20T23:59:59.999Z,1,0,-1,Megaman,Mega Man,197,billboard,Size_4_x_1,,1,Mega Man Bundle,10,br,Backpack_DuneBriefShift,E-Tank Power Pack,backpack,gaminglegends,Gaming Legends Series,Mega Man,7,4,2026-09-07T20:23:20Z
2026-09-13,v2:/5a7cb0aa715e1b8be77b2c76781747b1c922c8db44461855a10f4acb3801bace,"[VIRTUAL]1 x Mega Man (Dual Override), 1 x Buster Cannon Fire Sword, 1 x Mega Man X, 1 x Buster Cannon Blades, 1 x E-Tank Power Pack, 1 x Zero (Mega Man), 1 x Z-Saber, 1 x Z-Saber, 1 x Rush (Mega Man), 1 x Mega Buster Flex for -1 MtxCurrency",7300,3800,3500,0.4795,1,2026-09-11T00:00:00Z,2026-09-20T23:59:59.999Z,1,0,-1,Megaman,Mega Man,197,billboard,Size_4_x_1,,1,Mega Man Bundle,10,br,Character_TackleShow,Zero (Mega Man),outfit,gaminglegends,Gaming Legends Series,Mega Man,7,4,2026-09-07T20:23:20Z
2026-09-13,v2:/5a7cb0aa715e1b8be77b2c76781747b1c922c8db44461855a10f4acb3801bace,"[VIRTUAL]1 x Mega Man (Dual Override), 1 x Buster Cannon Fire Sword, 1 x Mega Man X, 1 x Buster Cannon Blades, 1 x E-Tank Power Pack, 1 x Zero (Mega Man), 1 x Z-Saber, 1 x Z-Saber, 1 x Rush (Mega Man), 1 x Mega Buster Flex for -1 MtxCurrency",7300,3800,3500,0.4795,1,2026-09-11T00:00:00Z,2026-09-20T23:59:59.999Z,1,0,-1,Megaman,Mega Man,197,billboard,Size_4_x_1,,1,Mega Man Bundle,10,br,Pickaxe_TackleShow,Z-Saber,pickaxe,gaminglegends,Gaming Legends Series,Mega Man,7,4,2026-09-07T20:23:20Z
2026-09-13,v2:/5a7cb0aa715e1b8be77b2c76781747b1c922c8db44461855a10f4acb3801bace,"[VIRTUAL]1 x Mega Man (Dual Override), 1 x Buster Cannon Fire Sword, 1 x Mega Man X, 1 x Buster Cannon Blades, 1 x E-Tank Power Pack, 1 x Zero (Mega Man), 1 x Z-Saber, 1 x Z-Saber, 1 x Rush (Mega Man), 1 x Mega Buster Flex for -1 MtxCurrency",7300,3800,3500,0.4795,1,2026-09-11T00:00:00Z,2026-09-20T23:59:59.999Z,1,0,-1,Megaman,Mega Man,197,billboard,Size_4_x_1,,1,Mega Man Bundle,10,br,Backpack_TackleShow,Z-Saber,backpack,gaminglegends,Gaming Legends Series,Mega Man,7,4,2026-09-07T20:23:20Z
2026-09-13,v2:/5a7cb0aa715e1b8be77b2c76781747b1c922c8db44461855a10f4acb3801bace,"[VIRTUAL]1 x Mega Man (Dual Override), 1 x Buster Cannon Fire Sword, 1 x Mega Man X, 1 x Buster Cannon Blades, 1 x E-Tank Power Pack, 1 x Zero (Mega Man), 1 x Z-Saber, 1 x Z-Saber, 1 x Rush (Mega Man), 1 x Mega Buster Flex for -1 MtxCurrency",7300,3800,3500,0.4795,1,2026-09-11T00:00:00Z,2026-09-20T23:59:59.999Z,1,0,-1,Megaman,Mega Man,197,billboard,Size_4_x_1,,1,Mega Man Bundle,10,br,Companion_CacaoLynx,Rush (Mega Man),sidekick,uncommon,,Mega Man,7,4,2026-09-07T16:00:18Z
2026-09-13,v2:/5a7cb0aa715e1b8be77b2c76781747b1c922c8db44461855a10f4acb3801bace,"[VIRTUAL]1 x Mega Man (Dual Override), 1 x Buster Cannon Fire Sword, 1 x Mega Man X, 1 x Buster Cannon Blades, 1 x E-Tank Power Pack, 1 x Zero (Mega Man), 1 x Z-Saber, 1 x Z-Saber, 1 x Rush (Mega Man), 1 x Mega Buster Flex for -1 MtxCurrency",7300,3800,3500,0.4795,1,2026-09-11T00:00:00Z,2026-09-20T23:59:59.999Z,1,0,-1,Megaman,Mega Man,197,billboard,Size_4_x_1,,1,Mega Man Bundle,10,br,EID_DuneBrief,Mega Buster Flex,emote,gaminglegends,Gaming Legends Series,Mega Man,7,4,2026-09-07T20:23:20Z
2026-09-13,v2:/d509bbd3c2719f33daa23873ee48068d7e1dea8e4e25b7a0a660d83a22c4397b,[VIRTUAL]1 x What You Is for 500 MtxCurrency,500,500,0,0.0,0,2026-09-12T00:00:00Z,2026-09-15T23:59:59.999Z,1,0,-1,VV091326,Party Moves,193,tileGrid,Size_1_x_1,,0,,1,br,EID_StairCrew,What You Is,emote,icon,Icon Series,,7,4,2026-09-12T00:00:00Z
2026-09-13,v2:/47e43b97a641ce554394fb31741d6e8fa3b6a4d60956ebadf5d823e457716b8f,[VIRTUAL]1 x Zadie for 1200 MtxCurrency,1200,1200,0,0.0,0,2026-09-08T00:00:00Z,2026-09-14T23:59:59.999Z,1,0,-1,NS090826,No Sweat,188,tileGrid,Size_1_x_1,,0,,1,br,CID_625_Athena_Commando_F_PinkTrooper,Zadie,outfit,rare,,Metal Masq,2,1,2020-01-15T09:35:54Z
2026-09-13,v2:/283186ae11f8f9e37155943c8b9caa33e96717c4b353923dc284e99f29c3610d,[VIRTUAL]1 x All Eyez On Me for 500 MtxCurrency,500,500,0,0.0,0,2026-09-01T00:00:00Z,2026-09-30T23:59:59.999Z,1,0,-32,JT091326,Jam Tracks,185,expandableList,Size_1_x_1,,0,,1,track,sid_placeholder_419,All Eyez On Me,,,,,,,2024-11-23T00:00:00Z
2026-09-13,v2:/c11c95800d7714700c7148e435e18c537be74e1a45a0efc1550a8d256eea2d05,[VIRTUAL]1 x Bad Romance for 500 MtxCurrency,500,500,0,0.0,0,2026-09-01T00:00:00Z,2026-09-30T23:59:59.999Z,1,0,-4,JT091326,Jam Tracks,185,expandableList,Size_1_x_1,,0,,1,track,sid_placeholder_24,Bad Romance,,,,,,,2023-12-09T15:00:00Z
2026-09-13,v2:/e24220f6d6cbe1c4418e9e92cf16c4ed9e3e269946948208e2db3b7f75a968b1,[VIRTUAL]1 x Champion's Hexaglow for 500 MtxCurrency,500,500,0,0.0,0,2026-09-10T00:00:00Z,2026-09-13T23:59:59.999Z,1,0,-3,ChampPJFNCS,FNCS,187,tileGrid,Size_1_x_1,,0,,1,br,Wrap_WaywardRebel,Champion's Hexaglow,wrap,uncommon,,FNCS,6,2,2025-04-08T08:41:18Z
2026-09-13,v2:/b4694bdb1fa253ad6d96a30f16d5ad8c0e8c61d27f64b7ffb7cda00a9acbbbef,[VIRTUAL]1 x IT'S MORPHIN TIME for 300 MtxCurrency,300,300,0,0.0,0,2026-09-12T00:00:00Z,2026-09-15T23:59:59.999Z,1,0,-4,Rangers,Power Rangers,192,tileGrid,Size_1_x_1,,0,,1,br,EID_FumeFleeceClap,IT'S MORPHIN TIME,emote,uncommon,,Mighty Morphin,6,5,2025-08-07T13:36:11Z
2026-09-13,v2:/48891a054e5e4bfa84b8bcff478e24b91049c6c95d9024863376922d0f0f1dbb,[VIRTUAL]1 x Ain't No Rest For The Wicked for 500 MtxCurrency,500,500,0,0.0,0,2026-09-01T00:00:00Z,2026-09-30T23:59:59.999Z,1,0,-65,JT091326,Jam Tracks,185,expandableList,Size_1_x_1,,0,,1,track,sid_placeholder_296,Ain't No Rest For The Wicked,,,,,,,2024-08-09T00:00:00Z
2026-09-13,v2:/aa124bde55c25800b8aafac16281dfb60544bd046f34c259ab9b239a39ecf4d6,"[VIRTUAL]1 x Cuddle Team Leader, 1 x Cuddle Bow for -1 MtxCurrency",2000,2000,0,0.0,0,2026-09-09T00:00:00Z,2026-09-13T23:59:59.999Z,1,0,-3,WrixelShop,Override,189,tileGrid,Size_1_x_1,,0,,2,br,CID_069_Athena_Commando_F_PinkBear,Cuddle Team Leader,outfit,legendary,,Royale Hearts,1,2,2019-11-20T12:50:28Z
2026-09-13,v2:/aa124bde55c25800b8aafac16281dfb60544bd046f34c259ab9b239a39ecf4d6,"[VIRTUAL]1 x Cuddle Team Leader, 1 x Cuddle Bow for -1 MtxCurrency",2000,2000,0,0.0,0,2026-09-09T00:00:00Z,2026-09-13T23:59:59.999Z,1,0,-3,WrixelShop,Override,189,tileGrid,Size_1_x_1,,0,,2,br,BID_023_Pinkbear,Cuddle Bow,backpack,legendary,,Royale Hearts,1,3,2019-11-20T12:50:41Z
2026-09-13,v2:/497bd7633545d4d406ebb300ec8db6c04b19631622052583dc3a3040ba48de5c,[VIRTUAL]1 x Kiss Me More for 500 MtxCurrency,500,500,0,0.0,0,2026-09-01T00:00:00Z,2026-09-30T23:59:59.999Z,1,0,-46,JT091326,Jam Tracks,185,expandableList,Size_1_x_1,,0,,1,track,sid_placeholder_168,Kiss Me More,,,,,,,2024-05-07T14:47:23Z
2026-09-13,v2:/f156f5b1c26a08a1fea5c73443d36aa0f1e8329efaaacfee6888cea324cf5123,[VIRTUAL]1 x Blue Ranger for 1200 MtxCurrency,1200,1200,0,0.0,0,2026-09-12T00:00:00Z,2026-09-15T23:59:59.999Z,1,0,-1,Rangers,Power Rangers,192,tileGrid,Size_1_x_1,,0,,1,br,Character_FumeFleeceClap,Blue Ranger,outfit,epic,,Mighty Morphin,6,5,2025-08-07T13:36:11Z
2026-09-13,v2:/3169d3c1f341853258843ba439053709090a6df90047123e5595bf9f1c3d020b,[VIRTUAL]1 x Everybody (Backstreet's Back) for 500 MtxCurrency,500,500,0,0.0,0,2026-09-01T00:00:00Z,2026-09-30T23:59:59.999Z,1,0,-88,JT091326,Jam Tracks,185,expandableList,Size_1_x_1,,0,,1,track,sid_placeholder_432,Everybody (Backstreet's Back),,,,,,,2024-11-27T14:32:37Z
2026-09-13,v2:/28154f1bc98181894d992acc81880ebaddbd70b53b96273ccdf64ce177b132b9,[VIRTUAL]1 x Porsche 911 for 400 MtxCurrency,400,400,0,0.0,0,2026-09-05T00:00:00Z,2026-09-14T23:59:59.999Z,1,0,-1,,,,,Size_3_x_1,,0,,1,car,Wheel_ButterT1,Porsche 911,wheel,uncommon,,,,,2025-12-11T10:20:11Z
2026-09-13,v2:/69a2c33de9c539a9f156660e9c1f37137f846115542bd1ba2cba6c68cd05fc82,[VIRTUAL]1 x adidas adizero Aruku 'Red' for 800 MtxCurrency,800,800,0,0.0,0,2026-09-07T00:00:00Z,2026-09-13T23:59:59.999Z,1,0,-3,BR091326,Full Flex,191,tileGrid,Size_1_x_1,,0,,1,br,Shoes_PacketCrescentMauve,adidas adizero Aruku 'Red',shoe,uncommon,,adidas Shoes,6,1,2025-02-07T14:13:11Z
2026-09-13,v2:/652dda882d60cec00117a8c7b1cd7f9fe466e186fb61247e1f89aefa0619f391,"[VIRTUAL]1 x Weezy, 1 x Weezy Board for -1 MtxCurrency",1500,1500,0,0.0,0,2026-09-13T00:00:00Z,2026-09-22T23:59:59.999Z,1,0,-2,LilWayneNew,Lil Wayne,198,tileGrid,Size_2_x_1,,0,,2,br,Character_NoiseClueGust,Weezy,outfit,icon,Icon Series,Lil Wayne,7,4,2026-09-10T16:36:49Z
2026-09-13,v2:/652dda882d60cec00117a8c7b1cd7f9fe466e186fb61247e1f89aefa0619f391,"[VIRTUAL]1 x Weezy, 1 x Weezy Board for -1 MtxCurrency",1500,1500,0,0.0,0,2026-09-13T00:00:00Z,2026-09-22T23:59:59.999Z,1,0,-2,LilWayneNew,Lil Wayne,198,tileGrid,Size_2_x_1,,0,,2,br,Backpack_NoiseClueGust,Weezy Board,backpack,icon,Icon Series,Lil Wayne,7,4,2026-09-10T16:36:49Z
2026-09-13,v2:/6f716a3be9bd20f99e40bfb2a903f2e70eb697710ceeefc452ef8b31f7d37e4a,[VIRTUAL]1 x Boy's A Liar Pt. 2 for 500 MtxCurrency,500,500,0,0.0,0,2026-09-01T00:00:00Z,2026-09-30T23:59:59.999Z,1,0,-27,JT091326,Jam Tracks,185,expandableList,Size_1_x_1,,0,,1,track,sid_placeholder_169,Boy's A Liar Pt. 2,,,,,,,2024-04-09T15:02:47Z
2026-09-13,v2:/f8933907277cf63259d8014fa0c92665a3ad3ea1bdf5030765f85d08f1c63dd6,[VIRTUAL]1 x Twistie Inflator for 400 MtxCurrency,400,400,0,0.0,0,2026-09-11T00:00:00Z,2026-09-13T23:59:59.999Z,1,0,-6,,,,,Size_1_x_1,,0,,1,br,BID_202_WavyManFemale,Twistie Inflator,backpack,rare,,Hot Air,1,7,2019-11-20T12:50:36Z
2026-09-13,v2:/8bb16e1b430bb3fb56c8593cd0a5945f0d6ede5dcd19f6170e7df9f2ec55cfd8,[VIRTUAL]1 x CHIHIRO for 500 MtxCurrency,500,500,0,0.0,0,2026-09-01T00:00:00Z,2026-09-30T23:59:59.999Z,1,0,-53,JT091326,Jam Tracks,185,expandableList,Size_1_x_1,,0,,1,track,sid_placeholder_218,CHIHIRO,,,,,,,2024-05-17T18:21:48Z
2026-09-13,v2:/ec6b4b329e3922768e5b1ddf927598997ccdff1f51d9ae70fd99a592c634a7a3,[VIRTUAL]1 x Power Axe for 500 MtxCurrency,500,500,0,0.0,0,2026-09-12T00:00:00Z,2026-09-15T23:59:59.999Z,1,0,-3,Rangers,Power Rangers,192,tileGrid,Size_1_x_1,,0,,1,br,Pickaxe_FumeFleeceShack,Power Axe,pickaxe,rare,,Mighty Morphin,6,5,2025-08-07T13:36:11Z
2026-09-13,v2:/1fdd02013f64a9d3ccb23f08729e242b1623a45c18aa1e061b3bc2650df13782,[VIRTUAL]1 x Shuttle Stompers for 800 MtxCurrency,800,800,0,0.0,0,2026-09-07T00:00:00Z,2026-09-13T23:59:59.999Z,1,0,-3,BR091326,Full Flex,191,tileGrid,Size_1_x_1,Includes reactivity when sprinting or jumping!,0,,1,br,Shoes_JetPropel,Shuttle Stompers,shoe,uncommon,,,6,5,2025-09-20T00:06:09Z
2026-09-13,v2:/30a7a2f6607a6f4b50f7db687ec08d107afcd6ea856bb5b06c037b9a7e30b4b3,[VIRTUAL]1 x Waters of Change for 500 MtxCurrency,500,500,0,0.0,0,2026-09-09T00:00:00Z,2026-09-13T23:59:59.999Z,1,0,-5,,,,,Size_1_x_1,,0,,1,br,Wrap_BrightDisk,Waters of Change,wrap,uncommon,,Hope Bringer,5,4,2024-08-17T06:38:59Z
2026-09-13,v2:/7d082635a06e4ec9d7d6efaa844e2f2ac774a61fd1c36da7c985d76a31c97ccb,[VIRTUAL]1 x Caspian for 800 MtxCurrency,800,800,0,0.0,0,2026-09-13T00:00:00Z,2026-09-13T23:59:59.999Z,1,0,-2,BR091326,Full Flex,191,tileGrid,Size_1_x_1,,0,,1,br,Character_VioletFare,Caspian,outfit,epic,,Seaward Guardian,6,1,2024-12-18T12:19:13Z
2026-09-13,v2:/92f75b2bcbcb290a3b5fcde994484433b4fcb3dc4984c22db4fed90b6ccd23a4,[VIRTUAL]1 x Lil' Tokki for 500 MtxCurrency,500,500,0,0.0,0,2026-09-12T00:00:00Z,2026-09-16T23:59:59.999Z,1,0,-4,Overwatch,Overwatch,195,tileGrid,Size_1_x_1,,0,,1,br,EID_SkiffGrind,Lil' Tokki,emote,gaminglegends,Gaming Legends Series,Overwatch,7,2,2026-05-14T09:00:00Z
2026-09-13,v2:/8512aaaea5469f802d4275d67bd785ca689fee90d20adf8928e77836d427add5,"[VIRTUAL]1 x Zero (Mega Man), 1 x Z-Saber, 1 x Z-Saber for -1 MtxCurrency",1800,1800,0,0.0,0,2026-09-11T00:00:00Z,2026-09-20T23:59:59.999Z,1,0,-2,Megaman,Mega Man,197,tileGrid,Size_1_x_1,,0,,3,br,Character_TackleShow,Zero (Mega Man),outfit,gaminglegends,Gaming Legends Series,Mega Man,7,4,2026-09-07T20:23:20Z
2026-09-13,v2:/8512aaaea5469f802d4275d67bd785ca689fee90d20adf8928e77836d427add5,"[VIRTUAL]1 x Zero (Mega Man), 1 x Z-Saber, 1 x Z-Saber for -1 MtxCurrency",1800,1800,0,0.0,0,2026-09-11T00:00:00Z,2026-09-20T23:59:59.999Z,1,0,-2,Megaman,Mega Man,197,tileGrid,Size_1_x_1,,0,,3,br,Pickaxe_TackleShow,Z-Saber,pickaxe,gaminglegends,Gaming Legends Series,Mega Man,7,4,2026-09-07T20:23:20Z
2026-09-13,v2:/8512aaaea5469f802d4275d67bd785ca689fee90d20adf8928e77836d427add5,"[VIRTUAL]1 x Zero (Mega Man), 1 x Z-Saber, 1 x Z-Saber for -1 MtxCurrency",1800,1800,0,0.0,0,2026-09-11T00:00:00Z,2026-09-20T23:59:59.999Z,1,0,-2,Megaman,Mega Man,197,tileGrid,Size_1_x_1,,0,,3,br,Backpack_TackleShow,Z-Saber,backpack,gaminglegends,Gaming Legends Series,Mega Man,7,4,2026-09-07T20:23:20Z
2026-09-13,v2:/807b660c4234b958e2a4144f1255a71eb19840d8ea2fa82e549b7d5ac6a6d5c8,"[VIRTUAL]1 x Blue Ranger, 1 x Red Ranger, 1 x Pink Ranger, 1 x Black Ranger, 1 x Yellow Ranger, 1 x Power Lance, 1 x Power Sword, 1 x Power Bow, 1 x Power Axe, 1 x Power Daggers, 1 x GO GO POWER RANGERS, 1 x Uncontrollable Dance, 1 x IT'S MORPHIN TIME, 1 x Zordon's Message, 1 x Triceratops Coin, 1 x Tyrannosaurus Coin, 1 x Pterodactyl Coin, 1 x Mastodon Coin, 1 x Sabertooth Tiger Coin, 1 x TBD (SID_Placeholder_631), 1 x Power Rangers for -1 MtxCurrency",12400,3600,8800,0.7097,1,2026-09-12T00:00:00Z,2026-09-15T23:59:59.999Z,1,0,-1,Rangers,Power Rangers,192,tileGrid,Size_3_x_1,,1,Power Rangers Bundle,21,br,Character_FumeFleeceClap,Blue Ranger,outfit,epic,,Mighty Morphin,6,5,2025-08-07T13:36:11Z
2026-09-13,v2:/807b660c4234b958e2a4144f1255a71eb19840d8ea2fa82e549b7d5ac6a6d5c8,"[VIRTUAL]1 x Blue Ranger, 1 x Red Ranger, 1 x Pink Ranger, 1 x Black Ranger, 1 x Yellow Ranger, 1 x Power Lance, 1 x Power Sword, 1 x Power Bow, 1 x Power Axe, 1 x Power Daggers, 1 x GO GO POWER RANGERS, 1 x Uncontrollable Dance, 1 x IT'S MORPHIN TIME, 1 x Zordon's Message, 1 x Triceratops Coin, 1 x Tyrannosaurus Coin, 1 x Pterodactyl Coin, 1 x Mastodon Coin, 1 x Sabertooth Tiger Coin, 1 x TBD (SID_Placeholder_631), 1 x Power Rangers for -1 MtxCurrency",12400,3600,8800,0.7097,1,2026-09-12T00:00:00Z,2026-09-15T23:59:59.999Z,1,0,-1,Rangers,Power Rangers,192,tileGrid,Size_3_x_1,,1,Power Rangers Bundle,21,br,Character_FumeFleeceFade,Red Ranger,outfit,epic,,Mighty Morphin,6,5,2025-08-07T13:36:11Z
2026-09-13,v2:/807b660c4234b958e2a4144f1255a71eb19840d8ea2fa82e549b7d5ac6a6d5c8,"[VIRTUAL]1 x Blue Ranger, 1 x Red Ranger, 1 x Pink Ranger, 1 x Black Ranger, 1 x Yellow Ranger, 1 x Power Lance, 1 x Power Sword, 1 x Power Bow, 1 x Power Axe, 1 x Power Daggers, 1 x GO GO POWER RANGERS, 1 x Uncontrollable Dance, 1 x IT'S MORPHIN TIME, 1 x Zordon's Message, 1 x Triceratops Coin, 1 x Tyrannosaurus Coin, 1 x Pterodactyl Coin, 1 x Mastodon Coin, 1 x Sabertooth Tiger Coin, 1 x TBD (SID_Placeholder_631), 1 x Power Rangers for -1 MtxCurrency",12400,3600,8800,0.7097,1,2026-09-12T00:00:00Z,2026-09-15T23:59:59.999Z,1,0,-1,Rangers,Power Rangers,192,tileGrid,Size_3_x_1,,1,Power Rangers Bundle,21,br,Character_FumeFleeceJig,Pink Ranger,outfit,epic,,Mighty Morphin,6,5,2025-08-07T13:36:11Z
2026-09-13,v2:/807b660c4234b958e2a4144f1255a71eb19840d8ea2fa82e549b7d5ac6a6d5c8,"[VIRTUAL]1 x Blue Ranger, 1 x Red Ranger, 1 x Pink Ranger, 1 x Black Ranger, 1 x Yellow Ranger, 1 x Power Lance, 1 x Power Sword, 1 x Power Bow, 1 x Power Axe, 1 x Power Daggers, 1 x GO GO POWER RANGERS, 1 x Uncontrollable Dance, 1 x IT'S MORPHIN TIME, 1 x Zordon's Message, 1 x Triceratops Coin, 1 x Tyrannosaurus Coin, 1 x Pterodactyl Coin, 1 x Mastodon Coin, 1 x Sabertooth Tiger Coin, 1 x TBD (SID_Placeholder_631), 1 x Power Rangers for -1 MtxCurrency",12400,3600,8800,0.7097,1,2026-09-12T00:00:00Z,2026-09-15T23:59:59.999Z,1,0,-1,Rangers,Power Rangers,192,tileGrid,Size_3_x_1,,1,Power Rangers Bundle,21,br,Character_FumeFleeceShack,Black Ranger,outfit,epic,,Mighty Morphin,6,5,2025-08-07T13:36:11Z
2026-09-13,v2:/807b660c4234b958e2a4144f1255a71eb19840d8ea2fa82e549b7d5ac6a6d5c8,"[VIRTUAL]1 x Blue Ranger, 1 x Red Ranger, 1 x Pink Ranger, 1 x Black Ranger, 1 x Yellow Ranger, 1 x Power Lance, 1 x Power Sword, 1 x Power Bow, 1 x Power Axe, 1 x Power Daggers, 1 x GO GO POWER RANGERS, 1 x Uncontrollable Dance, 1 x IT'S MORPHIN TIME, 1 x Zordon's Message, 1 x Triceratops Coin, 1 x Tyrannosaurus Coin, 1 x Pterodactyl Coin, 1 x Mastodon Coin, 1 x Sabertooth Tiger Coin, 1 x TBD (SID_Placeholder_631), 1 x Power Rangers for -1 MtxCurrency",12400,3600,8800,0.7097,1,2026-09-12T00:00:00Z,2026-09-15T23:59:59.999Z,1,0,-1,Rangers,Power Rangers,192,tileGrid,Size_3_x_1,,1,Power Rangers Bundle,21,br,Character_FumeFleeceWag,Yellow Ranger,outfit,epic,,Mighty Morphin,6,5,2025-08-07T13:36:11Z
2026-09-13,v2:/807b660c4234b958e2a4144f1255a71eb19840d8ea2fa82e549b7d5ac6a6d5c8,"[VIRTUAL]1 x Blue Ranger, 1 x Red Ranger, 1 x Pink Ranger, 1 x Black Ranger, 1 x Yellow Ranger, 1 x Power Lance, 1 x Power Sword, 1 x Power Bow, 1 x Power Axe, 1 x Power Daggers, 1 x GO GO POWER RANGERS, 1 x Uncontrollable Dance, 1 x IT'S MORPHIN TIME, 1 x Zordon's Message, 1 x Triceratops Coin, 1 x Tyrannosaurus Coin, 1 x Pterodactyl Coin, 1 x Mastodon Coin, 1 x Sabertooth Tiger Coin, 1 x TBD (SID_Placeholder_631), 1 x Power Rangers for -1 MtxCurrency",12400,3600,8800,0.7097,1,2026-09-12T00:00:00Z,2026-09-15T23:59:59.999Z,1,0,-1,Rangers,Power Rangers,192,tileGrid,Size_3_x_1,,1,Power Rangers Bundle,21,br,Pickaxe_FumeFleeceClap,Power Lance,pickaxe,rare,,Mighty Morphin,6,5,2025-08-07T13:36:11Z
2026-09-13,v2:/807b660c4234b958e2a4144f1255a71eb19840d8ea2fa82e549b7d5ac6a6d5c8,"[VIRTUAL]1 x Blue Ranger, 1 x Red Ranger, 1 x Pink Ranger, 1 x Black Ranger, 1 x Yellow Ranger, 1 x Power Lance, 1 x Power Sword, 1 x Power Bow, 1 x Power Axe, 1 x Power Daggers, 1 x GO GO POWER RANGERS, 1 x Uncontrollable Dance, 1 x IT'S MORPHIN TIME, 1 x Zordon's Message, 1 x Triceratops Coin, 1 x Tyrannosaurus Coin, 1 x Pterodactyl Coin, 1 x Mastodon Coin, 1 x Sabertooth Tiger Coin, 1 x TBD (SID_Placeholder_631), 1 x Power Rangers for -1 MtxCurrency",12400,3600,8800,0.7097,1,2026-09-12T00:00:00Z,2026-09-15T23:59:59.999Z,1,0,-1,Rangers,Power Rangers,192,tileGrid,Size_3_x_1,,1,Power Rangers Bundle,21,br,Pickaxe_FumeFleeceFade,Power Sword,pickaxe,rare,,Mighty Morphin,6,5,2025-08-07T13:36:11Z
2026-09-13,v2:/807b660c4234b958e2a4144f1255a71eb19840d8ea2fa82e549b7d5ac6a6d5c8,"[VIRTUAL]1 x Blue Ranger, 1 x Red Ranger, 1 x Pink Ranger, 1 x Black Ranger, 1 x Yellow Ranger, 1 x Power Lance, 1 x Power Sword, 1 x Power Bow, 1 x Power Axe, 1 x Power Daggers, 1 x GO GO POWER RANGERS, 1 x Uncontrollable Dance, 1 x IT'S MORPHIN TIME, 1 x Zordon's Message, 1 x Triceratops Coin, 1 x Tyrannosaurus Coin, 1 x Pterodactyl Coin, 1 x Mastodon Coin, 1 x Sabertooth Tiger Coin, 1 x TBD (SID_Placeholder_631), 1 x Power Rangers for -1 MtxCurrency",12400,3600,8800,0.7097,1,2026-09-12T00:00:00Z,2026-09-15T23:59:59.999Z,1,0,-1,Rangers,Power Rangers,192,tileGrid,Size_3_x_1,,1,Power Rangers Bundle,21,br,Pickaxe_FumeFleeceJig,Power Bow,pickaxe,rare,,Mighty Morphin,6,5,2025-08-07T13:36:11Z
2026-09-13,v2:/807b660c4234b958e2a4144f1255a71eb19840d8ea2fa82e549b7d5ac6a6d5c8,"[VIRTUAL]1 x Blue Ranger, 1 x Red Ranger, 1 x Pink Ranger, 1 x Black Ranger, 1 x Yellow Ranger, 1 x Power Lance, 1 x Power Sword, 1 x Power Bow, 1 x Power Axe, 1 x Power Daggers, 1 x GO GO POWER RANGERS, 1 x Uncontrollable Dance, 1 x IT'S MORPHIN TIME, 1 x Zordon's Message, 1 x Triceratops Coin, 1 x Tyrannosaurus Coin, 1 x Pterodactyl Coin, 1 x Mastodon Coin, 1 x Sabertooth Tiger Coin, 1 x TBD (SID_Placeholder_631), 1 x Power Rangers for -1 MtxCurrency",12400,3600,8800,0.7097,1,2026-09-12T00:00:00Z,2026-09-15T23:59:59.999Z,1,0,-1,Rangers,Power Rangers,192,tileGrid,Size_3_x_1,,1,Power Rangers Bundle,21,br,Pickaxe_FumeFleeceShack,Power Axe,pickaxe,rare,,Mighty Morphin,6,5,2025-08-07T13:36:11Z
2026-09-13,v2:/807b660c4234b958e2a4144f1255a71eb19840d8ea2fa82e549b7d5ac6a6d5c8,"[VIRTUAL]1 x Blue Ranger, 1 x Red Ranger, 1 x Pink Ranger, 1 x Black Ranger, 1 x Yellow Ranger, 1 x Power Lance, 1 x Power Sword, 1 x Power Bow, 1 x Power Axe, 1 x Power Daggers, 1 x GO GO POWER RANGERS, 1 x Uncontrollable Dance, 1 x IT'S MORPHIN TIME, 1 x Zordon's Message, 1 x Triceratops Coin, 1 x Tyrannosaurus Coin, 1 x Pterodactyl Coin, 1 x Mastodon Coin, 1 x Sabertooth Tiger Coin, 1 x TBD (SID_Placeholder_631), 1 x Power Rangers for -1 MtxCurrency",12400,3600,8800,0.7097,1,2026-09-12T00:00:00Z,2026-09-15T23:59:59.999Z,1,0,-1,Rangers,Power Rangers,192,tileGrid,Size_3_x_1,,1,Power Rangers Bundle,21,br,Pickaxe_FumeFleeceWag,Power Daggers,pickaxe,rare,,Mighty Morphin,6,5,2025-08-07T13:36:11Z
2026-09-13,v2:/807b660c4234b958e2a4144f1255a71eb19840d8ea2fa82e549b7d5ac6a6d5c8,"[VIRTUAL]1 x Blue Ranger, 1 x Red Ranger, 1 x Pink Ranger, 1 x Black Ranger, 1 x Yellow Ranger, 1 x Power Lance, 1 x Power Sword, 1 x Power Bow, 1 x Power Axe, 1 x Power Daggers, 1 x GO GO POWER RANGERS, 1 x Uncontrollable Dance, 1 x IT'S MORPHIN TIME, 1 x Zordon's Message, 1 x Triceratops Coin, 1 x Tyrannosaurus Coin, 1 x Pterodactyl Coin, 1 x Mastodon Coin, 1 x Sabertooth Tiger Coin, 1 x TBD (SID_Placeholder_631), 1 x Power Rangers for -1 MtxCurrency",12400,3600,8800,0.7097,1,2026-09-12T00:00:00Z,2026-09-15T23:59:59.999Z,1,0,-1,Rangers,Power Rangers,192,tileGrid,Size_3_x_1,,1,Power Rangers Bundle,21,br,EID_FumeFleeceFade,GO GO POWER RANGERS,emote,uncommon,,Mighty Morphin,6,5,2025-08-07T13:36:11Z
2026-09-13,v2:/807b660c4234b958e2a4144f1255a71eb19840d8ea2fa82e549b7d5ac6a6d5c8,"[VIRTUAL]1 x Blue Ranger, 1 x Red Ranger, 1 x Pink Ranger, 1 x Black Ranger, 1 x Yellow Ranger, 1 x Power Lance, 1 x Power Sword, 1 x Power Bow, 1 x Power Axe, 1 x Power Daggers, 1 x GO GO POWER RANGERS, 1 x Uncontrollable Dance, 1 x IT'S MORPHIN TIME, 1 x Zordon's Message, 1 x Triceratops Coin, 1 x Tyrannosaurus Coin, 1 x Pterodactyl Coin, 1 x Mastodon Coin, 1 x Sabertooth Tiger Coin, 1 x TBD (SID_Placeholder_631), 1 x Power Rangers for -1 MtxCurrency",12400,3600,8800,0.7097,1,2026-09-12T00:00:00Z,2026-09-15T23:59:59.999Z,1,0,-1,Rangers,Power Rangers,192,tileGrid,Size_3_x_1,,1,Power Rangers Bundle,21,br,EID_FumeFleeceWag,Uncontrollable Dance,emote,uncommon,,Mighty Morphin,6,5,2025-08-07T13:36:11Z
2026-09-13,v2:/807b660c4234b958e2a4144f1255a71eb19840d8ea2fa82e549b7d5ac6a6d5c8,"[VIRTUAL]1 x Blue Ranger, 1 x Red Ranger, 1 x Pink Ranger, 1 x Black Ranger, 1 x Yellow Ranger, 1 x Power Lance, 1 x Power Sword, 1 x Power Bow, 1 x Power Axe, 1 x Power Daggers, 1 x GO GO POWER RANGERS, 1 x Uncontrollable Dance, 1 x IT'S MORPHIN TIME, 1 x Zordon's Message, 1 x Triceratops Coin, 1 x Tyrannosaurus Coin, 1 x Pterodactyl Coin, 1 x Mastodon Coin, 1 x Sabertooth Tiger Coin, 1 x TBD (SID_Placeholder_631), 1 x Power Rangers for -1 MtxCurrency",12400,3600,8800,0.7097,1,2026-09-12T00:00:00Z,2026-09-15T23:59:59.999Z,1,0,-1,Rangers,Power Rangers,192,tileGrid,Size_3_x_1,,1,Power Rangers Bundle,21,br,EID_FumeFleeceClap,IT'S MORPHIN TIME,emote,uncommon,,Mighty Morphin,6,5,2025-08-07T13:36:11Z
2026-09-13,v2:/807b660c4234b958e2a4144f1255a71eb19840d8ea2fa82e549b7d5ac6a6d5c8,"[VIRTUAL]1 x Blue Ranger, 1 x Red Ranger, 1 x Pink Ranger, 1 x Black Ranger, 1 x Yellow Ranger, 1 x Power Lance, 1 x Power Sword, 1 x Power Bow, 1 x Power Axe, 1 x Power Daggers, 1 x GO GO POWER RANGERS, 1 x Uncontrollable Dance, 1 x IT'S MORPHIN TIME, 1 x Zordon's Message, 1 x Triceratops Coin, 1 x Tyrannosaurus Coin, 1 x Pterodactyl Coin, 1 x Mastodon Coin, 1 x Sabertooth Tiger Coin, 1 x TBD (SID_Placeholder_631), 1 x Power Rangers for -1 MtxCurrency",12400,3600,8800,0.7097,1,2026-09-12T00:00:00Z,2026-09-15T23:59:59.999Z,1,0,-1,Rangers,Power Rangers,192,tileGrid,Size_3_x_1,,1,Power Rangers Bundle,21,br,EID_FumeFleeceShack,Zordon's Message,emote,uncommon,,Mighty Morphin,6,5,2025-08-07T13:36:11Z
2026-09-13,v2:/807b660c4234b958e2a4144f1255a71eb19840d8ea2fa82e549b7d5ac6a6d5c8,"[VIRTUAL]1 x Blue Ranger, 1 x Red Ranger, 1 x Pink Ranger, 1 x Black Ranger, 1 x Yellow Ranger, 1 x Power Lance, 1 x Power Sword, 1 x Power Bow, 1 x Power Axe, 1 x Power Daggers, 1 x GO GO POWER RANGERS, 1 x Uncontrollable Dance, 1 x IT'S MORPHIN TIME, 1 x Zordon's Message, 1 x Triceratops Coin, 1 x Tyrannosaurus Coin, 1 x Pterodactyl Coin, 1 x Mastodon Coin, 1 x Sabertooth Tiger Coin, 1 x TBD (SID_Placeholder_631), 1 x Power Rangers for -1 MtxCurrency",12400,3600,8800,0.7097,1,2026-09-12T00:00:00Z,2026-09-15T23:59:59.999Z,1,0,-1,Rangers,Power Rangers,192,tileGrid,Size_3_x_1,,1,Power Rangers Bundle,21,br,Backpack_FumeFleeceClap,Triceratops Coin,backpack,rare,,Mighty Morphin,6,5,2025-08-07T13:36:11Z
2026-09-13,v2:/807b660c4234b958e2a4144f1255a71eb19840d8ea2fa82e549b7d5ac6a6d5c8,"[VIRTUAL]1 x Blue Ranger, 1 x Red Ranger, 1 x Pink Ranger, 1 x Black Ranger, 1 x Yellow Ranger, 1 x Power Lance, 1 x Power Sword, 1 x Power Bow, 1 x Power Axe, 1 x Power Daggers, 1 x GO GO POWER RANGERS, 1 x Uncontrollable Dance, 1 x IT'S MORPHIN TIME, 1 x Zordon's Message, 1 x Triceratops Coin, 1 x Tyrannosaurus Coin, 1 x Pterodactyl Coin, 1 x Mastodon Coin, 1 x Sabertooth Tiger Coin, 1 x TBD (SID_Placeholder_631), 1 x Power Rangers for -1 MtxCurrency",12400,3600,8800,0.7097,1,2026-09-12T00:00:00Z,2026-09-15T23:59:59.999Z,1,0,-1,Rangers,Power Rangers,192,tileGrid,Size_3_x_1,,1,Power Rangers Bundle,21,br,Backpack_FumeFleeceFade,Tyrannosaurus Coin,backpack,rare,,Mighty Morphin,6,5,2025-08-07T13:36:11Z
2026-09-13,v2:/807b660c4234b958e2a4144f1255a71eb19840d8ea2fa82e549b7d5ac6a6d5c8,"[VIRTUAL]1 x Blue Ranger, 1 x Red Ranger, 1 x Pink Ranger, 1 x Black Ranger, 1 x Yellow Ranger, 1 x Power Lance, 1 x Power Sword, 1 x Power Bow, 1 x Power Axe, 1 x Power Daggers, 1 x GO GO POWER RANGERS, 1 x Uncontrollable Dance, 1 x IT'S MORPHIN TIME, 1 x Zordon's Message, 1 x Triceratops Coin, 1 x Tyrannosaurus Coin, 1 x Pterodactyl Coin, 1 x Mastodon Coin, 1 x Sabertooth Tiger Coin, 1 x TBD (SID_Placeholder_631), 1 x Power Rangers for -1 MtxCurrency",12400,3600,8800,0.7097,1,2026-09-12T00:00:00Z,2026-09-15T23:59:59.999Z,1,0,-1,Rangers,Power Rangers,192,tileGrid,Size_3_x_1,,1,Power Rangers Bundle,21,br,Backpack_FumeFleeceJig,Pterodactyl Coin,backpack,rare,,Mighty Morphin,6,5,2025-08-07T13:36:11Z
2026-09-13,v2:/807b660c4234b958e2a4144f1255a71eb19840d8ea2fa82e549b7d5ac6a6d5c8,"[VIRTUAL]1 x Blue Ranger, 1 x Red Ranger, 1 x Pink Ranger, 1 x Black Ranger, 1 x Yellow Ranger, 1 x Power Lance, 1 x Power Sword, 1 x Power Bow, 1 x Power Axe, 1 x Power Daggers, 1 x GO GO POWER RANGERS, 1 x Uncontrollable Dance, 1 x IT'S MORPHIN TIME, 1 x Zordon's Message, 1 x Triceratops Coin, 1 x Tyrannosaurus Coin, 1 x Pterodactyl Coin, 1 x Mastodon Coin, 1 x Sabertooth Tiger Coin, 1 x TBD (SID_Placeholder_631), 1 x Power Rangers for -1 MtxCurrency",12400,3600,8800,0.7097,1,2026-09-12T00:00:00Z,2026-09-15T23:59:59.999Z,1,0,-1,Rangers,Power Rangers,192,tileGrid,Size_3_x_1,,1,Power Rangers Bundle,21,br,Backpack_FumeFleeceShack,Mastodon Coin,backpack,rare,,Mighty Morphin,6,5,2025-08-07T13:36:11Z
2026-09-13,v2:/807b660c4234b958e2a4144f1255a71eb19840d8ea2fa82e549b7d5ac6a6d5c8,"[VIRTUAL]1 x Blue Ranger, 1 x Red Ranger, 1 x Pink Ranger, 1 x Black Ranger, 1 x Yellow Ranger, 1 x Power Lance, 1 x Power Sword, 1 x Power Bow, 1 x Power Axe, 1 x Power Daggers, 1 x GO GO POWER RANGERS, 1 x Uncontrollable Dance, 1 x IT'S MORPHIN TIME, 1 x Zordon's Message, 1 x Triceratops Coin, 1 x Tyrannosaurus Coin, 1 x Pterodactyl Coin, 1 x Mastodon Coin, 1 x Sabertooth Tiger Coin, 1 x TBD (SID_Placeholder_631), 1 x Power Rangers for -1 MtxCurrency",12400,3600,8800,0.7097,1,2026-09-12T00:00:00Z,2026-09-15T23:59:59.999Z,1,0,-1,Rangers,Power Rangers,192,tileGrid,Size_3_x_1,,1,Power Rangers Bundle,21,br,Backpack_FumeFleeceWag,Sabertooth Tiger Coin,backpack,rare,,Mighty Morphin,6,5,2025-08-07T13:36:11Z
2026-09-13,v2:/807b660c4234b958e2a4144f1255a71eb19840d8ea2fa82e549b7d5ac6a6d5c8,"[VIRTUAL]1 x Blue Ranger, 1 x Red Ranger, 1 x Pink Ranger, 1 x Black Ranger, 1 x Yellow Ranger, 1 x Power Lance, 1 x Power Sword, 1 x Power Bow, 1 x Power Axe, 1 x Power Daggers, 1 x GO GO POWER RANGERS, 1 x Uncontrollable Dance, 1 x IT'S MORPHIN TIME, 1 x Zordon's Message, 1 x Triceratops Coin, 1 x Tyrannosaurus Coin, 1 x Pterodactyl Coin, 1 x Mastodon Coin, 1 x Sabertooth Tiger Coin, 1 x TBD (SID_Placeholder_631), 1 x Power Rangers for -1 MtxCurrency",12400,3600,8800,0.7097,1,2026-09-12T00:00:00Z,2026-09-15T23:59:59.999Z,1,0,-1,Rangers,Power Rangers,192,tileGrid,Size_3_x_1,,1,Power Rangers Bundle,21,br,Wrap_FumeFleece,Power Rangers,wrap,rare,,Mighty Morphin,6,5,2025-08-07T13:36:11Z
2026-09-13,v2:/807b660c4234b958e2a4144f1255a71eb19840d8ea2fa82e549b7d5ac6a6d5c8,"[VIRTUAL]1 x Blue Ranger, 1 x Red Ranger, 1 x Pink Ranger, 1 x Black Ranger, 1 x Yellow Ranger, 1 x Power Lance, 1 x Power Sword, 1 x Power Bow, 1 x Power Axe, 1 x Power Daggers, 1 x GO GO POWER RANGERS, 1 x Uncontrollable Dance, 1 x IT'S MORPHIN TIME, 1 x Zordon's Message, 1 x Triceratops Coin, 1 x Tyrannosaurus Coin, 1 x Pterodactyl Coin, 1 x Mastodon Coin, 1 x Sabertooth Tiger Coin, 1 x TBD (SID_Placeholder_631), 1 x Power Rangers for -1 MtxCurrency",12400,3600,8800,0.7097,1,2026-09-12T00:00:00Z,2026-09-15T23:59:59.999Z,1,0,-1,Rangers,Power Rangers,192,tileGrid,Size_3_x_1,,1,Power Rangers Bundle,21,track,sid_placeholder_631,Go Go Power Rangers,,,,,,,2025-08-08T14:17:52Z
2026-09-13,v2:/b7f03a728232003aa4633e323ee210e913c8f42dc9df3b4df77b7e0821bee38c,[VIRTUAL]1 x Happier Than Ever - Edit for 500 MtxCurrency,500,500,0,0.0,0,2026-09-01T00:00:00Z,2026-09-30T23:59:59.999Z,1,0,-33,JT091326,Jam Tracks,185,expandableList,Size_1_x_1,,0,,1,track,sid_placeholder_171,Happier Than Ever - Edit,,,,,,,2024-04-23T00:00:00Z
2026-09-13,v2:/a25b45b205189533f1d403bffcbb2cbfb237fbacd6706fe4f61f5da00dbb22a2,[VIRTUAL]1 x Power Daggers for 500 MtxCurrency,500,500,0,0.0,0,2026-09-12T00:00:00Z,2026-09-15T23:59:59.999Z,1,0,-3,Rangers,Power Rangers,192,tileGrid,Size_1_x_1,,0,,1,br,Pickaxe_FumeFleeceWag,Power Daggers,pickaxe,rare,,Mighty Morphin,6,5,2025-08-07T13:36:11Z
2026-09-13,v2:/96a2335d1a91a9c03c620bfcf6f5c46d5c111add151e0999776e70b7450d5a35,[VIRTUAL]1 x Coral Commandos for 300 MtxCurrency,300,300,0,0.0,0,2026-09-09T00:00:00Z,2026-09-13T23:59:59.999Z,1,0,-4,,,,,Size_1_x_1,,0,,1,br,BID_421_TeriyakiWarrior,Coral Commandos,backpack,rare,,Fish Food,2,1,2019-11-23T00:00:03Z
2026-09-13,v2:/d3861b7d8e403e33dde98c91ff09df187c79fcb33017a2c8415d1c07f6e708f6,[VIRTUAL]1 x FNCS Tape Decker for 800 MtxCurrency,800,800,0,0.0,0,2026-09-10T00:00:00Z,2026-09-13T23:59:59.999Z,1,0,-2,ChampPJFNCS,FNCS,187,tileGrid,Size_1_x_1,,0,,1,br,Pickaxe_WayWardRebelFNCS,FNCS Tape Decker,pickaxe,rare,,FNCS,6,2,2025-04-08T08:41:18Z
2026-09-13,v2:/8805f481e9586c0a5dd3e348e5156de02cac05bbcbf416aca158cab45f9ed9b9,[VIRTUAL]1 x Flying Saucer for 1200 MtxCurrency,1200,1200,0,0.0,0,2026-09-13T00:00:00Z,2026-09-15T23:59:59.999Z,1,0,-2,BanderitaX,BanderitaX's Locker,182,tileGrid,Size_2_x_1,,0,,1,br,Glider_ID_059_DurrburgerHero,Flying Saucer,glider,epic,,Durrr Burger,1,5,2019-11-20T12:51:08Z
2026-09-13,v2:/1eda10541d73954423a60690282b9cd2254f9eec4898a3e9e93ebe1c1be6507e,[VIRTUAL]1 x Buster Cannon Fire Sword for 800 MtxCurrency,800,800,0,0.0,0,2026-09-11T00:00:00Z,2026-09-20T23:59:59.999Z,1,0,-2,Megaman,Mega Man,197,tileGrid,Size_2_x_1,,0,,1,br,Pickaxe_DuneBriefMerry,Buster Cannon Fire Sword,pickaxe,gaminglegends,Gaming Legends Series,Mega Man,7,4,2026-09-07T20:23:20Z
2026-09-13,v2:/2c2fe79cc65317fc6f5fbc76ca97dc16f901ef6eb56621ea0d0ce1d707b72a23,[VIRTUAL]1 x Espresso for 500 MtxCurrency,500,500,0,0.0,0,2026-09-11T00:00:00Z,2026-09-17T23:59:59.999Z,1,0,-3,JT091326,Jam Tracks,185,tileGrid,Size_1_x_1,,0,,1,track,sid_placeholder_307,Espresso,,,,,,,2024-08-22T14:07:17Z
2026-09-13,v2:/16bbc7bdc37622353b28c53dec30c52b364d3b19eecfd7ef270f43e3d20581d8,[VIRTUAL]1 x Saura for 800 MtxCurrency,800,800,0,0.0,0,2026-09-09T00:00:00Z,2026-09-13T23:59:59.999Z,1,0,-2,WrixelShop,Override,189,tileGrid,Size_1_x_1,,0,,1,br,Character_VelociTeeth,Saura,outfit,uncommon,,Dino Guard,4,OG,2023-11-03T09:12:39Z
2026-09-13,v2:/b866901ca4f031ee5497aafa5a86ce58ced7d7bc95a7980e6bb7f42ca394a9ea,[VIRTUAL]1 x Cheesy for 300 MtxCurrency,300,300,0,0.0,0,2026-09-13T00:00:00Z,2026-09-15T23:59:59.999Z,1,0,-1,,,,,Size_2_x_1,,0,,1,br,BID_315_PizzaPit,Cheesy,backpack,rare,,Pizza Pit,1,X,2019-11-20T12:50:33Z
2026-09-13,v2:/4f8275355308853451481ab07aaefb8ea801dfd14fc82887875b5f45376c57cb,[VIRTUAL]1 x Barbie Girl for 500 MtxCurrency,500,500,0,0.0,0,2026-09-11T00:00:00Z,2026-09-17T23:59:59.999Z,1,0,-2,JT091326,Jam Tracks,185,tileGrid,Size_1_x_1,,0,,1,track,sid_placeholder_119,Barbie Girl,,,,,,,2024-02-13T18:03:02Z
2026-09-13,v2:/7073377d1c85f9a290e5d721123cf302ece390f94319add1591ddb9b6c353046,[VIRTUAL]1 x Mega Buster Flex for 400 MtxCurrency,400,400,0,0.0,0,2026-09-11T00:00:00Z,2026-09-20T23:59:59.999Z,1,0,-4,Megaman,Mega Man,197,tileGrid,Size_1_x_1,,0,,1,br,EID_DuneBrief,Mega Buster Flex,emote,gaminglegends,Gaming Legends Series,Mega Man,7,4,2026-09-07T20:23:20Z
2026-09-13,v2:/8e9f7448a24de3d12810bdd1a066487f9fe244a441531fdb1b761becb994896e,[VIRTUAL]1 x Dirty Little Secret for 500 MtxCurrency,500,500,0,0.0,0,2026-09-01T00:00:00Z,2026-09-30T23:59:59.999Z,1,0,-18,JT091326,Jam Tracks,185,expandableList,Size_1_x_1,,0,,1,track,sid_placeholder_82,Dirty Little Secret,,,,,,,2023-12-12T00:00:00Z
2026-09-13,v2:/398e3885c7806da1c1da067141f8b9fdfdd7875cd325792c0c2825e626c369d7,[VIRTUAL]1 x E-Tank Power Pack for 300 MtxCurrency,300,300,0,0.0,0,2026-09-11T00:00:00Z,2026-09-20T23:59:59.999Z,1,0,-1,Megaman,Mega Man,197,tileGrid,Size_1_x_1,,0,,1,br,Backpack_DuneBriefShift,E-Tank Power Pack,backpack,gaminglegends,Gaming Legends Series,Mega Man,7,4,2026-09-07T20:23:20Z
2026-09-13,v2:/fe653f478261af68de80e69764375009a5c978d655fe17cc46758ebf3ed99959,"[VIRTUAL]1 x Heroic Hope, 1 x Waters of Change for -1 MtxCurrency",1200,1200,0,0.0,0,2026-09-09T00:00:00Z,2026-09-13T23:59:59.999Z,1,0,-5,WrixelShop,Override,189,tileGrid,Size_1_x_1,,0,,2,br,Character_BrightDisk,Heroic Hope,outfit,epic,,Hope Bringer,5,4,2024-08-17T06:38:59Z
2026-09-13,v2:/fe653f478261af68de80e69764375009a5c978d655fe17cc46758ebf3ed99959,"[VIRTUAL]1 x Heroic Hope, 1 x Waters of Change for -1 MtxCurrency",1200,1200,0,0.0,0,2026-09-09T00:00:00Z,2026-09-13T23:59:59.999Z,1,0,-5,WrixelShop,Override,189,tileGrid,Size_1_x_1,,0,,2,br,Wrap_BrightDisk,Waters of Change,wrap,uncommon,,Hope Bringer,5,4,2024-08-17T06:38:59Z
2026-09-13,v2:/7a583383c57d01d751e8c9fae35584b504a3e25d0e09a07ed279f82ce30c0233,[VIRTUAL]1 x All The Stars for 500 MtxCurrency,500,500,0,0.0,0,2026-09-11T00:00:00Z,2026-09-17T23:59:59.999Z,1,0,-1,JT091326,Jam Tracks,185,tileGrid,Size_1_x_1,,0,,1,track,sid_placeholder_21,All The Stars,,,,,,,2024-07-03T14:17:57Z
2026-09-13,v2:/718f8310bbf74ba86b2662f20ece7da2f66f1232a9f0d874cf7be547af13a5db,[VIRTUAL]1 x Pink Ranger for 1200 MtxCurrency,1200,1200,0,0.0,0,2026-09-12T00:00:00Z,2026-09-15T23:59:59.999Z,1,0,-1,Rangers,Power Rangers,192,tileGrid,Size_1_x_1,,0,,1,br,Character_FumeFleeceJig,Pink Ranger,outfit,epic,,Mighty Morphin,6,5,2025-08-07T13:36:11Z
2026-09-13,v2:/8d56bf453b573b15361a623990d112f869d8729e5b92aa84cf89c13ddd220ff9,[VIRTUAL]1 x Clothier's Spellkit for 300 MtxCurrency,300,300,0,0.0,0,2026-09-08T00:00:00Z,2026-09-14T23:59:59.999Z,1,0,-4,,,,,Size_1_x_1,,0,,1,br,Backpack_DyedDuelist,Clothier's Spellkit,backpack,epic,,Savvy Sorceress,4,4,2023-09-26T14:25:42Z
2026-09-13,v2:/307b7ca407185dd64a72e85bc6f18c747dbe70d84b1b72300f2f08388edf3911,[VIRTUAL]1 x Red Alert for 300 MtxCurrency,300,300,0,0.0,0,2026-09-09T00:00:00Z,2026-09-13T23:59:59.999Z,1,0,-6,,,,,Size_1_x_1,,0,,1,br,BID_354_StreetFashionRed,Red Alert,backpack,rare,,Street Stripes,1,X,2019-11-20T12:50:32Z
2026-09-13,v2:/7dd288611e2b0c38babedbcbb76d28f61ece9a0666007ce84eda40b739600f3c,[VIRTUAL]1 x Sexy And I Know It for 500 MtxCurrency,500,500,0,0.0,0,2026-09-01T00:00:00Z,2026-09-30T23:59:59.999Z,1,0,-95,JT091326,Jam Tracks,185,expandableList,Size_1_x_1,,0,,1,track,sid_placeholder_260,Sexy And I Know It,,,,,,,2024-07-03T14:17:57Z
2026-09-13,v2:/de5e299c8108bcf5e398e06fba729a75af1c7336a8382de78fe7112a5c77eaf2,[VIRTUAL]1 x Bubbly Blowpack for 200 MtxCurrency,200,200,0,0.0,0,2026-09-13T00:00:00Z,2026-09-13T23:59:59.999Z,1,0,-4,BR091326,Full Flex,191,tileGrid,Size_1_x_1,,0,,1,br,Backpack_GumOutlaw,Bubbly Blowpack,backpack,rare,,Chews Violence,6,1,2024-12-18T12:19:13Z
2026-09-13,v2:/d269f68554cdb0d7798a3f8800b86cb08c935a182aafb8f061b4cc1cbb5c088f,[VIRTUAL]1 x The Spins for 500 MtxCurrency,500,500,0,0.0,0,2026-09-01T00:00:00Z,2026-09-30T23:59:59.999Z,1,0,-71,JT091326,Jam Tracks,185,expandableList,Size_1_x_1,,0,,1,track,sid_placeholder_334,The Spins,,,,,,,2024-10-24T14:53:04Z
2026-09-13,v2:/2e16d6f3892bb28b6073131da3f8ecba9de89e41de20858c64cf2963afe8755d,[VIRTUAL]1 x Random Challenge for 300 MtxCurrency,300,300,0,0.0,0,2026-09-13T00:00:00Z,2026-09-15T23:59:59.999Z,1,0,-3,TypicalGamerIcons,Typical Gamer,184,tileGrid,Size_1_x_1,,0,,1,br,EID_QuarterClaspZoom,Random Challenge,emote,icon,Icon Series,Typical Gamer,7,2,2026-05-24T21:01:00Z
2026-09-13,v2:/1d3aeae0d98058e2fb1c38265ab7cc8b2c33d7e89a2b2cdd96502209051229d1,[VIRTUAL]1 x MILLION DOLLAR BABY for 500 MtxCurrency,500,500,0,0.0,0,2026-09-01T00:00:00Z,2026-09-30T23:59:59.999Z,1,0,-85,JT091326,Jam Tracks,185,expandableList,Size_1_x_1,,0,,1,track,sid_placeholder_417,MILLION DOLLAR BABY,,,,,,,2024-11-07T17:50:41Z
2026-09-13,v2:/ed205cba1c5eb6d4caac69d047e9697cc98658d7d82750222d09d6a5caeec764,[VIRTUAL]1 x TBD (SID_Placeholder_391) for 500 MtxCurrency,500,500,0,0.0,0,2026-09-01T00:00:00Z,2026-09-30T23:59:59.999Z,1,0,-78,JT091326,Jam Tracks,185,expandableList,Size_1_x_1,,0,,1,track,sid_placeholder_391,Locked Out Of Heaven,,,,,,,2025-07-16T00:00:48Z
2026-09-13,v2:/cedc7d7fa6b02a0af0a00e513fa07f9e6cebe2eb9032f16fc1ca7628e11d7cb4,"[VIRTUAL]1 x Mega Man (Dual Override), 1 x Buster Cannon Fire Sword for -1 MtxCurrency",1800,1800,0,0.0,0,2026-09-11T00:00:00Z,2026-09-20T23:59:59.999Z,1,0,-1,Megaman,Mega Man,197,tileGrid,Size_2_x_1,,0,,2,br,Character_DuneBriefMerry,Mega Man (Dual Override),outfit,gaminglegends,Gaming Legends Series,Mega Man,7,4,2026-09-07T20:23:20Z
2026-09-13,v2:/cedc7d7fa6b02a0af0a00e513fa07f9e6cebe2eb9032f16fc1ca7628e11d7cb4,"[VIRTUAL]1 x Mega Man (Dual Override), 1 x Buster Cannon Fire Sword for -1 MtxCurrency",1800,1800,0,0.0,0,2026-09-11T00:00:00Z,2026-09-20T23:59:59.999Z,1,0,-1,Megaman,Mega Man,197,tileGrid,Size_2_x_1,,0,,2,br,Pickaxe_DuneBriefMerry,Buster Cannon Fire Sword,pickaxe,gaminglegends,Gaming Legends Series,Mega Man,7,4,2026-09-07T20:23:20Z
2026-09-13,v2:/d696a260d6b29c049785a1397be210c72049ba3efbb0346e9fb3981749da836b,[VIRTUAL]1 x TBD (SID_Placeholder_495) for 500 MtxCurrency,500,500,0,0.0,0,2026-09-01T00:00:00Z,2026-09-30T23:59:59.999Z,1,0,-22,JT091326,Jam Tracks,185,expandableList,Size_1_x_1,,0,,1,track,sid_placeholder_495,Bling-Bang-Bang-Born,,,,,,,2025-02-13T17:10:43Z
2026-09-13,v2:/1fc9acf717128065b587cf22072629cc8ebee24690b4a4de08fa3183424070b5,"[VIRTUAL]1 x Sugar, We're Goin Down for 500 MtxCurrency",500,500,0,0.0,0,2026-09-01T00:00:00Z,2026-09-30T23:59:59.999Z,1,0,-91,JT091326,Jam Tracks,185,expandableList,Size_1_x_1,,0,,1,track,sid_placeholder_388,"Sugar, We're Goin Down",,,,,,,2024-12-26T14:34:39Z
2026-09-13,v2:/53c6bcf22a70d6c383bdcdcde2e44e7f6646429c4f264e0511e8b9bb3563616b,"[VIRTUAL]1 x The Stylist, 1 x Pixellator for -1 MtxCurrency",1500,1500,0,0.0,0,2026-09-08T00:00:00Z,2026-09-13T23:59:59.999Z,1,0,-2,BR091326,Full Flex,191,tileGrid,Size_1_x_1,Show off any of your wraps! Pick a color for your hair and clothing accents. Includes Pixellator Wrap!,1,The Stylist,2,br,CID_A_149_Athena_Commando_F_Pliant_C,The Stylist,outfit,epic,,Show Your Style,2,7,2021-07-20T07:27:39Z
2026-09-13,v2:/53c6bcf22a70d6c383bdcdcde2e44e7f6646429c4f264e0511e8b9bb3563616b,"[VIRTUAL]1 x The Stylist, 1 x Pixellator for -1 MtxCurrency",1500,1500,0,0.0,0,2026-09-08T00:00:00Z,2026-09-13T23:59:59.999Z,1,0,-2,BR091326,Full Flex,191,tileGrid,Size_1_x_1,Show off any of your wraps! Pick a color for your hair and clothing accents. Includes Pixellator Wrap!,1,The Stylist,2,br,Wrap_379_Pliant,Pixellator,wrap,rare,,Show Your Style,2,7,2021-07-20T07:27:39Z
2026-09-13,v2:/a78735968c7d7b2caad11a51c1c52fafaa74838e4053e72337c34ac423373bcb,[VIRTUAL]1 x TBD (SID_Placeholder_879) for 500 MtxCurrency,500,500,0,0.0,0,2026-09-11T00:00:00Z,2026-09-17T23:59:59.999Z,1,0,-1,JT091326,Jam Tracks,185,tileGrid,Size_1_x_1,,0,,1,track,sid_placeholder_879,El Sonidito,,,,,,,2026-09-08T18:01:18Z
2026-09-13,v2:/cbd6e622daaae333ae2dfdbaa1d04ea0b64d359038a1d63f0f1e9e75b94f713a,[VIRTUAL]1 x Walk Em Down for 500 MtxCurrency,500,500,0,0.0,0,2026-09-01T00:00:00Z,2026-09-30T23:59:59.999Z,1,0,-55,JT091326,Jam Tracks,185,expandableList,Size_1_x_1,,0,,1,track,sid_placeholder_269,Walk Em Down,,,,,,,2024-07-18T13:57:48Z
2026-09-13,v2:/addef24a2d1bae63887203699bf4740b948bf6e67e6b5241d44aff30df1d02a0,[VIRTUAL]1 x Stealth Breaker for 500 MtxCurrency,500,500,0,0.0,0,2026-09-13T00:00:00Z,2026-09-15T23:59:59.999Z,1,0,-2,TypicalGamerIcons,Typical Gamer,184,tileGrid,Size_1_x_1,,0,,1,br,Pickaxe_QuarterClaspAbove,Stealth Breaker,pickaxe,icon,Icon Series,Typical Gamer,7,2,2026-05-24T21:01:00Z
2026-09-13,v2:/15e1a227411695535f8ffa388799bdb9922b288f9aaee3308d0ad0c534f233b7,[VIRTUAL]1 x Par Patroller for 800 MtxCurrency,800,800,0,0.0,0,2026-09-08T00:00:00Z,2026-09-14T23:59:59.999Z,1,0,-2,NS090826,No Sweat,188,tileGrid,Size_1_x_1,,0,,1,br,CID_801_Athena_Commando_F_GolfSummer,Par Patroller,outfit,uncommon,,Rough Raiders,2,3,2020-06-30T06:09:08Z
2026-09-13,v2:/a00fc7ec655f6f0e69d3580439b73bf707ce65c8b5418618123414c06fea9b42,[VIRTUAL]1 x Oxytocin for 500 MtxCurrency,500,500,0,0.0,0,2026-09-01T00:00:00Z,2026-09-30T23:59:59.999Z,1,0,-48,JT091326,Jam Tracks,185,expandableList,Size_1_x_1,,0,,1,track,sid_placeholder_174,Oxytocin,,,,,,,2024-04-23T08:25:19Z
2026-09-13,v2:/bd20067a50bc0b19d0d95fd975db4cfea79fd04e6af1c5ace6e62e70faa8aad3,[VIRTUAL]1 x Harmonizer for 1200 MtxCurrency,1200,1200,0,0.0,0,2026-09-12T00:00:00Z,2026-09-18T23:59:59.999Z,1,0,-3,BR091326,Full Flex,191,tileGrid,Size_1_x_1,Outfit lights up and changes colors in response to music!,0,,1,br,CID_A_171_Athena_Commando_F_Stands_D,Harmonizer,outfit,rare,,Press Play,2,7,2021-08-03T11:17:43Z
2026-09-13,v2:/72db2d38d41fc4191d92bb13db2200487a20b0f884434e807c7fba4fe9846442,[VIRTUAL]1 x Pompeii for 500 MtxCurrency,500,500,0,0.0,0,2026-09-01T00:00:00Z,2026-09-30T23:59:59.999Z,1,0,-15,JT091326,Jam Tracks,185,expandableList,Size_1_x_1,,0,,1,track,sid_placeholder_113,Pompeii,,,,,,,2024-01-16T20:57:57Z
2026-09-13,v2:/47fc4496a4547de12b93350dd1a62f146f4d5bec58af38a16ba68ba1f3c11aa0,[VIRTUAL]1 x TBD (SID_Placeholder_537) for 500 MtxCurrency,500,500,0,0.0,0,2026-09-05T00:00:00Z,2026-09-17T23:59:59.999Z,1,0,-99,JT091326,Jam Tracks,185,expandableList,Size_1_x_1,,0,,1,track,sid_placeholder_537,Please Please Please,,,,,,,2025-04-08T08:00:00Z
2026-09-13,v2:/02665089a2d825d56573a2523a9d13e001d758ee4a8009ac347e145becc1c9d6,[VIRTUAL]1 x Scarlet Commander for 800 MtxCurrency,800,800,0,0.0,0,2026-09-08T00:00:00Z,2026-09-14T23:59:59.999Z,1,0,-3,NS090826,No Sweat,188,tileGrid,Size_1_x_1,,0,,1,br,CID_734_Athena_Commando_F_BannerRed,Scarlet Commander,outfit,uncommon,,Nightfire,2,2,2020-03-17T11:00:47Z
2026-09-13,v2:/400a5de6888cb848fef7c6797a9ca721b93ef91ea7e866a0596743d17f7778cd,"[VIRTUAL]1 x Mercy, 1 x Mercy's Valkyrie Wings, 1 x Mercy's Valkyrie Wings, 1 x Caduceus Pickaxe, 1 x D.Va, 1 x Tokki's Slicer, 1 x Travel Tokki Model, 1 x Tracer, 1 x Tracer's Pulse Knives, 1 x Tracer's Pulse Bomb, 1 x Genji, 1 x Ryū Ichimonji, 1 x Ryū Ichimonji, 1 x Mercy's Reach, 1 x Lil' Tokki, 1 x Blinkin' Amazing, 1 x Mark of Mercy, 1 x Mercy's Medkit for -1 MtxCurrency",8800,4200,4600,0.5227,1,2026-09-12T00:00:00Z,2026-09-16T23:59:59.999Z,1,0,-1,Overwatch,Overwatch,195,tileGrid,Size_4_x_1,,1,Overwatch Bundle,18,br,Character_TrackWaver,Mercy,outfit,gaminglegends,Gaming Legends Series,Overwatch,7,2,2026-05-14T09:00:00Z
2026-09-13,v2:/400a5de6888cb848fef7c6797a9ca721b93ef91ea7e866a0596743d17f7778cd,"[VIRTUAL]1 x Mercy, 1 x Mercy's Valkyrie Wings, 1 x Mercy's Valkyrie Wings, 1 x Caduceus Pickaxe, 1 x D.Va, 1 x Tokki's Slicer, 1 x Travel Tokki Model, 1 x Tracer, 1 x Tracer's Pulse Knives, 1 x Tracer's Pulse Bomb, 1 x Genji, 1 x Ryū Ichimonji, 1 x Ryū Ichimonji, 1 x Mercy's Reach, 1 x Lil' Tokki, 1 x Blinkin' Amazing, 1 x Mark of Mercy, 1 x Mercy's Medkit for -1 MtxCurrency",8800,4200,4600,0.5227,1,2026-09-12T00:00:00Z,2026-09-16T23:59:59.999Z,1,0,-1,Overwatch,Overwatch,195,tileGrid,Size_4_x_1,,1,Overwatch Bundle,18,br,Backpack_TrackWaver,Mercy's Valkyrie Wings,backpack,gaminglegends,Gaming Legends Series,Overwatch,7,2,2026-05-14T09:00:00Z
2026-09-13,v2:/400a5de6888cb848fef7c6797a9ca721b93ef91ea7e866a0596743d17f7778cd,"[VIRTUAL]1 x Mercy, 1 x Mercy's Valkyrie Wings, 1 x Mercy's Valkyrie Wings, 1 x Caduceus Pickaxe, 1 x D.Va, 1 x Tokki's Slicer, 1 x Travel Tokki Model, 1 x Tracer, 1 x Tracer's Pulse Knives, 1 x Tracer's Pulse Bomb, 1 x Genji, 1 x Ryū Ichimonji, 1 x Ryū Ichimonji, 1 x Mercy's Reach, 1 x Lil' Tokki, 1 x Blinkin' Amazing, 1 x Mark of Mercy, 1 x Mercy's Medkit for -1 MtxCurrency",8800,4200,4600,0.5227,1,2026-09-12T00:00:00Z,2026-09-16T23:59:59.999Z,1,0,-1,Overwatch,Overwatch,195,tileGrid,Size_4_x_1,,1,Overwatch Bundle,18,br,Glider_TrackWaver,Mercy's Valkyrie Wings,glider,gaminglegends,Gaming Legends Series,Overwatch,7,2,2026-05-14T09:00:00Z
2026-09-13,v2:/400a5de6888cb848fef7c6797a9ca721b93ef91ea7e866a0596743d17f7778cd,"[VIRTUAL]1 x Mercy, 1 x Mercy's Valkyrie Wings, 1 x Mercy's Valkyrie Wings, 1 x Caduceus Pickaxe, 1 x D.Va, 1 x Tokki's Slicer, 1 x Travel Tokki Model, 1 x Tracer, 1 x Tracer's Pulse Knives, 1 x Tracer's Pulse Bomb, 1 x Genji, 1 x Ryū Ichimonji, 1 x Ryū Ichimonji, 1 x Mercy's Reach, 1 x Lil' Tokki, 1 x Blinkin' Amazing, 1 x Mark of Mercy, 1 x Mercy's Medkit for -1 MtxCurrency",8800,4200,4600,0.5227,1,2026-09-12T00:00:00Z,2026-09-16T23:59:59.999Z,1,0,-1,Overwatch,Overwatch,195,tileGrid,Size_4_x_1,,1,Overwatch Bundle,18,br,Pickaxe_TrackWaver,Caduceus Pickaxe,pickaxe,gaminglegends,Gaming Legends Series,Overwatch,7,2,2026-05-14T09:00:00Z
2026-09-13,v2:/400a5de6888cb848fef7c6797a9ca721b93ef91ea7e866a0596743d17f7778cd,"[VIRTUAL]1 x Mercy, 1 x Mercy's Valkyrie Wings, 1 x Mercy's Valkyrie Wings, 1 x Caduceus Pickaxe, 1 x D.Va, 1 x Tokki's Slicer, 1 x Travel Tokki Model, 1 x Tracer, 1 x Tracer's Pulse Knives, 1 x Tracer's Pulse Bomb, 1 x Genji, 1 x Ryū Ichimonji, 1 x Ryū Ichimonji, 1 x Mercy's Reach, 1 x Lil' Tokki, 1 x Blinkin' Amazing, 1 x Mark of Mercy, 1 x Mercy's Medkit for -1 MtxCurrency",8800,4200,4600,0.5227,1,2026-09-12T00:00:00Z,2026-09-16T23:59:59.999Z,1,0,-1,Overwatch,Overwatch,195,tileGrid,Size_4_x_1,,1,Overwatch Bundle,18,br,Character_SkiffGrind,D.Va,outfit,gaminglegends,Gaming Legends Series,Overwatch,7,2,2026-05-14T09:00:00Z
2026-09-13,v2:/400a5de6888cb848fef7c6797a9ca721b93ef91ea7e866a0596743d17f7778cd,"[VIRTUAL]1 x Mercy, 1 x Mercy's Valkyrie Wings, 1 x Mercy's Valkyrie Wings, 1 x Caduceus Pickaxe, 1 x D.Va, 1 x Tokki's Slicer, 1 x Travel Tokki Model, 1 x Tracer, 1 x Tracer's Pulse Knives, 1 x Tracer's Pulse Bomb, 1 x Genji, 1 x Ryū Ichimonji, 1 x Ryū Ichimonji, 1 x Mercy's Reach, 1 x Lil' Tokki, 1 x Blinkin' Amazing, 1 x Mark of Mercy, 1 x Mercy's Medkit for -1 MtxCurrency",8800,4200,4600,0.5227,1,2026-09-12T00:00:00Z,2026-09-16T23:59:59.999Z,1,0,-1,Overwatch,Overwatch,195,tileGrid,Size_4_x_1,,1,Overwatch Bundle,18,br,Pickaxe_SkiffGrind,Tokki's Slicer,pickaxe,gaminglegends,Gaming Legends Series,Overwatch,7,2,2026-05-14T09:00:00Z
2026-09-13,v2:/400a5de6888cb848fef7c6797a9ca721b93ef91ea7e866a0596743d17f7778cd,"[VIRTUAL]1 x Mercy, 1 x Mercy's Valkyrie Wings, 1 x Mercy's Valkyrie Wings, 1 x Caduceus Pickaxe, 1 x D.Va, 1 x Tokki's Slicer, 1 x Travel Tokki Model, 1 x Tracer, 1 x Tracer's Pulse Knives, 1 x Tracer's Pulse Bomb, 1 x Genji, 1 x Ryū Ichimonji, 1 x Ryū Ichimonji, 1 x Mercy's Reach, 1 x Lil' Tokki, 1 x Blinkin' Amazing, 1 x Mark of Mercy, 1 x Mercy's Medkit for -1 MtxCurrency",8800,4200,4600,0.5227,1,2026-09-12T00:00:00Z,2026-09-16T23:59:59.999Z,1,0,-1,Overwatch,Overwatch,195,tileGrid,Size_4_x_1,,1,Overwatch Bundle,18,br,Backpack_SkiffGrind,Travel Tokki Model,backpack,gaminglegends,Gaming Legends Series,Overwatch,7,2,2026-05-14T09:00:00Z
2026-09-13,v2:/400a5de6888cb848fef7c6797a9ca721b93ef91ea7e866a0596743d17f7778cd,"[VIRTUAL]1 x Mercy, 1 x Mercy's Valkyrie Wings, 1 x Mercy's Valkyrie Wings, 1 x Caduceus Pickaxe, 1 x D.Va, 1 x Tokki's Slicer, 1 x Travel Tokki Model, 1 x Tracer, 1 x Tracer's Pulse Knives, 1 x Tracer's Pulse Bomb, 1 x Genji, 1 x Ryū Ichimonji, 1 x Ryū Ichimonji, 1 x Mercy's Reach, 1 x Lil' Tokki, 1 x Blinkin' Amazing, 1 x Mark of Mercy, 1 x Mercy's Medkit for -1 MtxCurrency",8800,4200,4600,0.5227,1,2026-09-12T00:00:00Z,2026-09-16T23:59:59.999Z,1,0,-1,Overwatch,Overwatch,195,tileGrid,Size_4_x_1,,1,Overwatch Bundle,18,br,Character_LooseCreep,Tracer,outfit,gaminglegends,Gaming Legends Series,Overwatch,7,2,2026-05-14T09:00:00Z
2026-09-13,v2:/400a5de6888cb848fef7c6797a9ca721b93ef91ea7e866a0596743d17f7778cd,"[VIRTUAL]1 x Mercy, 1 x Mercy's Valkyrie Wings, 1 x Mercy's Valkyrie Wings, 1 x Caduceus Pickaxe, 1 x D.Va, 1 x Tokki's Slicer, 1 x Travel Tokki Model, 1 x Tracer, 1 x Tracer's Pulse Knives, 1 x Tracer's Pulse Bomb, 1 x Genji, 1 x Ryū Ichimonji, 1 x Ryū Ichimonji, 1 x Mercy's Reach, 1 x Lil' Tokki, 1 x Blinkin' Amazing, 1 x Mark of Mercy, 1 x Mercy's Medkit for -1 MtxCurrency",8800,4200,4600,0.5227,1,2026-09-12T00:00:00Z,2026-09-16T23:59:59.999Z,1,0,-1,Overwatch,Overwatch,195,tileGrid,Size_4_x_1,,1,Overwatch Bundle,18,br,Pickaxe_LooseCreep,Tracer's Pulse Knives,pickaxe,gaminglegends,Gaming Legends Series,Overwatch,7,2,2026-05-14T09:00:00Z
2026-09-13,v2:/400a5de6888cb848fef7c6797a9ca721b93ef91ea7e866a0596743d17f7778cd,"[VIRTUAL]1 x Mercy, 1 x Mercy's Valkyrie Wings, 1 x Mercy's Valkyrie Wings, 1 x Caduceus Pickaxe, 1 x D.Va, 1 x Tokki's Slicer, 1 x Travel Tokki Model, 1 x Tracer, 1 x Tracer's Pulse Knives, 1 x Tracer's Pulse Bomb, 1 x Genji, 1 x Ryū Ichimonji, 1 x Ryū Ichimonji, 1 x Mercy's Reach, 1 x Lil' Tokki, 1 x Blinkin' Amazing, 1 x Mark of Mercy, 1 x Mercy's Medkit for -1 MtxCurrency",8800,4200,4600,0.5227,1,2026-09-12T00:00:00Z,2026-09-16T23:59:59.999Z,1,0,-1,Overwatch,Overwatch,195,tileGrid,Size_4_x_1,,1,Overwatch Bundle,18,br,Backpack_LooseCreep,Tracer's Pulse Bomb,backpack,gaminglegends,Gaming Legends Series,Overwatch,7,2,2026-05-14T09:00:00Z
2026-09-13,v2:/400a5de6888cb848fef7c6797a9ca721b93ef91ea7e866a0596743d17f7778cd,"[VIRTUAL]1 x Mercy, 1 x Mercy's Valkyrie Wings, 1 x Mercy's Valkyrie Wings, 1 x Caduceus Pickaxe, 1 x D.Va, 1 x Tokki's Slicer, 1 x Travel Tokki Model, 1 x Tracer, 1 x Tracer's Pulse Knives, 1 x Tracer's Pulse Bomb, 1 x Genji, 1 x Ryū Ichimonji, 1 x Ryū Ichimonji, 1 x Mercy's Reach, 1 x Lil' Tokki, 1 x Blinkin' Amazing, 1 x Mark of Mercy, 1 x Mercy's Medkit for -1 MtxCurrency",8800,4200,4600,0.5227,1,2026-09-12T00:00:00Z,2026-09-16T23:59:59.999Z,1,0,-1,Overwatch,Overwatch,195,tileGrid,Size_4_x_1,,1,Overwatch Bundle,18,br,Character_FacetBlom,Genji,outfit,gaminglegends,Gaming Legends Series,Overwatch,7,2,2026-05-14T09:00:00Z
2026-09-13,v2:/400a5de6888cb848fef7c6797a9ca721b93ef91ea7e866a0596743d17f7778cd,"[VIRTUAL]1 x Mercy, 1 x Mercy's Valkyrie Wings, 1 x Mercy's Valkyrie Wings, 1 x Caduceus Pickaxe, 1 x D.Va, 1 x Tokki's Slicer, 1 x Travel Tokki Model, 1 x Tracer, 1 x Tracer's Pulse Knives, 1 x Tracer's Pulse Bomb, 1 x Genji, 1 x Ryū Ichimonji, 1 x Ryū Ichimonji, 1 x Mercy's Reach, 1 x Lil' Tokki, 1 x Blinkin' Amazing, 1 x Mark of Mercy, 1 x Mercy's Medkit for -1 MtxCurrency",8800,4200,4600,0.5227,1,2026-09-12T00:00:00Z,2026-09-16T23:59:59.999Z,1,0,-1,Overwatch,Overwatch,195,tileGrid,Size_4_x_1,,1,Overwatch Bundle,18,br,Pickaxe_FacetBlom,Ryū Ichimonji,pickaxe,gaminglegends,Gaming Legends Series,Overwatch,7,2,2026-05-14T09:00:00Z
2026-09-13,v2:/400a5de6888cb848fef7c6797a9ca721b93ef91ea7e866a0596743d17f7778cd,"[VIRTUAL]1 x Mercy, 1 x Mercy's Valkyrie Wings, 1 x Mercy's Valkyrie Wings, 1 x Caduceus Pickaxe, 1 x D.Va, 1 x Tokki's Slicer, 1 x Travel Tokki Model, 1 x Tracer, 1 x Tracer's Pulse Knives, 1 x Tracer's Pulse Bomb, 1 x Genji, 1 x Ryū Ichimonji, 1 x Ryū Ichimonji, 1 x Mercy's Reach, 1 x Lil' Tokki, 1 x Blinkin' Amazing, 1 x Mark of Mercy, 1 x Mercy's Medkit for -1 MtxCurrency",8800,4200,4600,0.5227,1,2026-09-12T00:00:00Z,2026-09-16T23:59:59.999Z,1,0,-1,Overwatch,Overwatch,195,tileGrid,Size_4_x_1,,1,Overwatch Bundle,18,br,Backpack_FacetBlom,Ryū Ichimonji,backpack,gaminglegends,Gaming Legends Series,Overwatch,7,2,2026-05-14T09:00:00Z
2026-09-13,v2:/400a5de6888cb848fef7c6797a9ca721b93ef91ea7e866a0596743d17f7778cd,"[VIRTUAL]1 x Mercy, 1 x Mercy's Valkyrie Wings, 1 x Mercy's Valkyrie Wings, 1 x Caduceus Pickaxe, 1 x D.Va, 1 x Tokki's Slicer, 1 x Travel Tokki Model, 1 x Tracer, 1 x Tracer's Pulse Knives, 1 x Tracer's Pulse Bomb, 1 x Genji, 1 x Ryū Ichimonji, 1 x Ryū Ichimonji, 1 x Mercy's Reach, 1 x Lil' Tokki, 1 x Blinkin' Amazing, 1 x Mark of Mercy, 1 x Mercy's Medkit for -1 MtxCurrency",8800,4200,4600,0.5227,1,2026-09-12T00:00:00Z,2026-09-16T23:59:59.999Z,1,0,-1,Overwatch,Overwatch,195,tileGrid,Size_4_x_1,,1,Overwatch Bundle,18,br,EID_TrackWaver,Mercy's Reach,emote,gaminglegends,Gaming Legends Series,Overwatch,7,2,2026-05-14T09:00:00Z
2026-09-13,v2:/400a5de6888cb848fef7c6797a9ca721b93ef91ea7e866a0596743d17f7778cd,"[VIRTUAL]1 x Mercy, 1 x Mercy's Valkyrie Wings, 1 x Mercy's Valkyrie Wings, 1 x Caduceus Pickaxe, 1 x D.Va, 1 x Tokki's Slicer, 1 x Travel Tokki Model, 1 x Tracer, 1 x Tracer's Pulse Knives, 1 x Tracer's Pulse Bomb, 1 x Genji, 1 x Ryū Ichimonji, 1 x Ryū Ichimonji, 1 x Mercy's Reach, 1 x Lil' Tokki, 1 x Blinkin' Amazing, 1 x Mark of Mercy, 1 x Mercy's Medkit for -1 MtxCurrency",8800,4200,4600,0.5227,1,2026-09-12T00:00:00Z,2026-09-16T23:59:59.999Z,1,0,-1,Overwatch,Overwatch,195,tileGrid,Size_4_x_1,,1,Overwatch Bundle,18,br,EID_SkiffGrind,Lil' Tokki,emote,gaminglegends,Gaming Legends Series,Overwatch,7,2,2026-05-14T09:00:00Z
2026-09-13,v2:/400a5de6888cb848fef7c6797a9ca721b93ef91ea7e866a0596743d17f7778cd,"[VIRTUAL]1 x Mercy, 1 x Mercy's Valkyrie Wings, 1 x Mercy's Valkyrie Wings, 1 x Caduceus Pickaxe, 1 x D.Va, 1 x Tokki's Slicer, 1 x Travel Tokki Model, 1 x Tracer, 1 x Tracer's Pulse Knives, 1 x Tracer's Pulse Bomb, 1 x Genji, 1 x Ryū Ichimonji, 1 x Ryū Ichimonji, 1 x Mercy's Reach, 1 x Lil' Tokki, 1 x Blinkin' Amazing, 1 x Mark of Mercy, 1 x Mercy's Medkit for -1 MtxCurrency",8800,4200,4600,0.5227,1,2026-09-12T00:00:00Z,2026-09-16T23:59:59.999Z,1,0,-1,Overwatch,Overwatch,195,tileGrid,Size_4_x_1,,1,Overwatch Bundle,18,br,EID_LooseCreep,Blinkin' Amazing,emote,gaminglegends,Gaming Legends Series,Overwatch,7,2,2026-05-14T09:00:00Z
2026-09-13,v2:/400a5de6888cb848fef7c6797a9ca721b93ef91ea7e866a0596743d17f7778cd,"[VIRTUAL]1 x Mercy, 1 x Mercy's Valkyrie Wings, 1 x Mercy's Valkyrie Wings, 1 x Caduceus Pickaxe, 1 x D.Va, 1 x Tokki's Slicer, 1 x Travel Tokki Model, 1 x Tracer, 1 x Tracer's Pulse Knives, 1 x Tracer's Pulse Bomb, 1 x Genji, 1 x Ryū Ichimonji, 1 x Ryū Ichimonji, 1 x Mercy's Reach, 1 x Lil' Tokki, 1 x Blinkin' Amazing, 1 x Mark of Mercy, 1 x Mercy's Medkit for -1 MtxCurrency",8800,4200,4600,0.5227,1,2026-09-12T00:00:00Z,2026-09-16T23:59:59.999Z,1,0,-1,Overwatch,Overwatch,195,tileGrid,Size_4_x_1,,1,Overwatch Bundle,18,br,Wrap_TrackWaver,Mark of Mercy,wrap,gaminglegends,Gaming Legends Series,Overwatch,7,2,2026-05-14T09:00:00Z
2026-09-13,v2:/400a5de6888cb848fef7c6797a9ca721b93ef91ea7e866a0596743d17f7778cd,"[VIRTUAL]1 x Mercy, 1 x Mercy's Valkyrie Wings, 1 x Mercy's Valkyrie Wings, 1 x Caduceus Pickaxe, 1 x D.Va, 1 x Tokki's Slicer, 1 x Travel Tokki Model, 1 x Tracer, 1 x Tracer's Pulse Knives, 1 x Tracer's Pulse Bomb, 1 x Genji, 1 x Ryū Ichimonji, 1 x Ryū Ichimonji, 1 x Mercy's Reach, 1 x Lil' Tokki, 1 x Blinkin' Amazing, 1 x Mark of Mercy, 1 x Mercy's Medkit for -1 MtxCurrency",8800,4200,4600,0.5227,1,2026-09-12T00:00:00Z,2026-09-16T23:59:59.999Z,1,0,-1,Overwatch,Overwatch,195,tileGrid,Size_4_x_1,,1,Overwatch Bundle,18,br,LoadingScreen_TrackWaver,Mercy's Medkit,loadingscreen,gaminglegends,Gaming Legends Series,Overwatch,7,2,2026-05-14T09:00:00Z
2026-09-13,v2:/591df960b2376780b87cf08111030787d3c468beca2c21eb1c09d089a4929162,"[VIRTUAL]1 x Typical Gamer, 1 x Redway Ruby, 1 x Heist Duffel, 1 x Gifford Shuffle, 1 x Stealth Slicer, 1 x Stealth Breaker, 1 x Go Live, 1 x Random Challenge, 1 x Energy Burn, 1 x The Ultimate Heist for -1 MtxCurrency",5300,2700,2600,0.4906,1,2026-09-13T00:00:00Z,2026-09-15T23:59:59.999Z,1,0,-1,TypicalGamerIcons,Typical Gamer,184,tileGrid,Size_2_x_1,,1,Typical Gamer Bundle,10,br,Character_QuarterClaspZoom,Typical Gamer,outfit,icon,Icon Series,Typical Gamer,7,2,2026-05-24T21:01:00Z
2026-09-13,v2:/591df960b2376780b87cf08111030787d3c468beca2c21eb1c09d089a4929162,"[VIRTUAL]1 x Typical Gamer, 1 x Redway Ruby, 1 x Heist Duffel, 1 x Gifford Shuffle, 1 x Stealth Slicer, 1 x Stealth Breaker, 1 x Go Live, 1 x Random Challenge, 1 x Energy Burn, 1 x The Ultimate Heist for -1 MtxCurrency",5300,2700,2600,0.4906,1,2026-09-13T00:00:00Z,2026-09-15T23:59:59.999Z,1,0,-1,TypicalGamerIcons,Typical Gamer,184,tileGrid,Size_2_x_1,,1,Typical Gamer Bundle,10,br,Character_QuarterClaspJoin,Redway Ruby,outfit,icon,Icon Series,Typical Gamer,7,2,2026-05-24T21:01:00Z
2026-09-13,v2:/591df960b2376780b87cf08111030787d3c468beca2c21eb1c09d089a4929162,"[VIRTUAL]1 x Typical Gamer, 1 x Redway Ruby, 1 x Heist Duffel, 1 x Gifford Shuffle, 1 x Stealth Slicer, 1 x Stealth Breaker, 1 x Go Live, 1 x Random Challenge, 1 x Energy Burn, 1 x The Ultimate Heist for -1 MtxCurrency",5300,2700,2600,0.4906,1,2026-09-13T00:00:00Z,2026-09-15T23:59:59.999Z,1,0,-1,TypicalGamerIcons,Typical Gamer,184,tileGrid,Size_2_x_1,,1,Typical Gamer Bundle,10,br,Backpack_QuarterClasp,Heist Duffel,backpack,icon,Icon Series,Typical Gamer,7,2,2026-05-24T21:01:00Z
2026-09-13,v2:/591df960b2376780b87cf08111030787d3c468beca2c21eb1c09d089a4929162,"[VIRTUAL]1 x Typical Gamer, 1 x Redway Ruby, 1 x Heist Duffel, 1 x Gifford Shuffle, 1 x Stealth Slicer, 1 x Stealth Breaker, 1 x Go Live, 1 x Random Challenge, 1 x Energy Burn, 1 x The Ultimate Heist for -1 MtxCurrency",5300,2700,2600,0.4906,1,2026-09-13T00:00:00Z,2026-09-15T23:59:59.999Z,1,0,-1,TypicalGamerIcons,Typical Gamer,184,tileGrid,Size_2_x_1,,1,Typical Gamer Bundle,10,br,Backpack_QuarterClaspJoin_How,Gifford Shuffle,backpack,icon,Icon Series,Typical Gamer,7,2,2026-05-24T21:01:00Z
2026-09-13,v2:/591df960b2376780b87cf08111030787d3c468beca2c21eb1c09d089a4929162,"[VIRTUAL]1 x Typical Gamer, 1 x Redway Ruby, 1 x Heist Duffel, 1 x Gifford Shuffle, 1 x Stealth Slicer, 1 x Stealth Breaker, 1 x Go Live, 1 x Random Challenge, 1 x Energy Burn, 1 x The Ultimate Heist for -1 MtxCurrency",5300,2700,2600,0.4906,1,2026-09-13T00:00:00Z,2026-09-15T23:59:59.999Z,1,0,-1,TypicalGamerIcons,Typical Gamer,184,tileGrid,Size_2_x_1,,1,Typical Gamer Bundle,10,br,Pickaxe_QuarterClaspJoin,Stealth Slicer,pickaxe,icon,Icon Series,Typical Gamer,7,2,2026-05-24T21:01:00Z
2026-09-13,v2:/591df960b2376780b87cf08111030787d3c468beca2c21eb1c09d089a4929162,"[VIRTUAL]1 x Typical Gamer, 1 x Redway Ruby, 1 x Heist Duffel, 1 x Gifford Shuffle, 1 x Stealth Slicer, 1 x Stealth Breaker, 1 x Go Live, 1 x Random Challenge, 1 x Energy Burn, 1 x The Ultimate Heist for -1 MtxCurrency",5300,2700,2600,0.4906,1,2026-09-13T00:00:00Z,2026-09-15T23:59:59.999Z,1,0,-1,TypicalGamerIcons,Typical Gamer,184,tileGrid,Size_2_x_1,,1,Typical Gamer Bundle,10,br,Pickaxe_QuarterClaspAbove,Stealth Breaker,pickaxe,icon,Icon Series,Typical Gamer,7,2,2026-05-24T21:01:00Z
2026-09-13,v2:/591df960b2376780b87cf08111030787d3c468beca2c21eb1c09d089a4929162,"[VIRTUAL]1 x Typical Gamer, 1 x Redway Ruby, 1 x Heist Duffel, 1 x Gifford Shuffle, 1 x Stealth Slicer, 1 x Stealth Breaker, 1 x Go Live, 1 x Random Challenge, 1 x Energy Burn, 1 x The Ultimate Heist for -1 MtxCurrency",5300,2700,2600,0.4906,1,2026-09-13T00:00:00Z,2026-09-15T23:59:59.999Z,1,0,-1,TypicalGamerIcons,Typical Gamer,184,tileGrid,Size_2_x_1,,1,Typical Gamer Bundle,10,br,EID_QuarterClaspJoin,Go Live,emote,icon,Icon Series,Typical Gamer,7,2,2026-05-24T21:01:00Z
2026-09-13,v2:/591df960b2376780b87cf08111030787d3c468beca2c21eb1c09d089a4929162,"[VIRTUAL]1 x Typical Gamer, 1 x Redway Ruby, 1 x Heist Duffel, 1 x Gifford Shuffle, 1 x Stealth Slicer, 1 x Stealth Breaker, 1 x Go Live, 1 x Random Challenge, 1 x Energy Burn, 1 x The Ultimate Heist for -1 MtxCurrency",5300,2700,2600,0.4906,1,2026-09-13T00:00:00Z,2026-09-15T23:59:59.999Z,1,0,-1,TypicalGamerIcons,Typical Gamer,184,tileGrid,Size_2_x_1,,1,Typical Gamer Bundle,10,br,EID_QuarterClaspZoom,Random Challenge,emote,icon,Icon Series,Typical Gamer,7,2,2026-05-24T21:01:00Z
2026-09-13,v2:/591df960b2376780b87cf08111030787d3c468beca2c21eb1c09d089a4929162,"[VIRTUAL]1 x Typical Gamer, 1 x Redway Ruby, 1 x Heist Duffel, 1 x Gifford Shuffle, 1 x Stealth Slicer, 1 x Stealth Breaker, 1 x Go Live, 1 x Random Challenge, 1 x Energy Burn, 1 x The Ultimate Heist for -1 MtxCurrency",5300,2700,2600,0.4906,1,2026-09-13T00:00:00Z,2026-09-15T23:59:59.999Z,1,0,-1,TypicalGamerIcons,Typical Gamer,184,tileGrid,Size_2_x_1,,1,Typical Gamer Bundle,10,br,Wrap_QuarterClaspZoom,Energy Burn,wrap,icon,Icon Series,Typical Gamer,7,2,2026-05-24T21:01:00Z
2026-09-13,v2:/591df960b2376780b87cf08111030787d3c468beca2c21eb1c09d089a4929162,"[VIRTUAL]1 x Typical Gamer, 1 x Redway Ruby, 1 x Heist Duffel, 1 x Gifford Shuffle, 1 x Stealth Slicer, 1 x Stealth Breaker, 1 x Go Live, 1 x Random Challenge, 1 x Energy Burn, 1 x The Ultimate Heist for -1 MtxCurrency",5300,2700,2600,0.4906,1,2026-09-13T00:00:00Z,2026-09-15T23:59:59.999Z,1,0,-1,TypicalGamerIcons,Typical Gamer,184,tileGrid,Size_2_x_1,,1,Typical Gamer Bundle,10,br,LoadingScreen_QuarterClasp,The Ultimate Heist,loadingscreen,icon,Icon Series,Typical Gamer,7,2,2026-05-24T21:01:00Z
2026-09-13,v2:/0e0f13c645df2487289aac3152ce197978bcfecaec50facc7a2be43b89de39c5,"[VIRTUAL]1 x Fishstick, 1 x Saltwater Satchel for -1 MtxCurrency",1200,1200,0,0.0,0,2026-09-08T00:00:00Z,2026-09-14T23:59:59.999Z,1,0,-1,NS090826,No Sweat,188,tileGrid,Size_1_x_1,,0,,2,br,CID_315_Athena_Commando_M_TeriyakiFish,Fishstick,outfit,rare,,Fish Food,1,7,2019-11-20T12:50:09Z
2026-09-13,v2:/0e0f13c645df2487289aac3152ce197978bcfecaec50facc7a2be43b89de39c5,"[VIRTUAL]1 x Fishstick, 1 x Saltwater Satchel for -1 MtxCurrency",1200,1200,0,0.0,0,2026-09-08T00:00:00Z,2026-09-14T23:59:59.999Z,1,0,-1,NS090826,No Sweat,188,tileGrid,Size_1_x_1,,0,,2,br,BID_193_TeriyakiFishMale,Saltwater Satchel,backpack,rare,,Fish Food,1,7,2019-11-20T12:50:36Z
2026-09-13,v2:/41cce56bb8ae62c41689c72027f7235035b2617fc35a34c6552c7da223a4c453,"[VIRTUAL]1 x Blank, 1 x Blank, 1 x Blank, 1 x Blank, 1 x Blank, 1 x Blank, 1 x Blank for -1 MtxCurrency",2200,2200,0,0.0,0,2026-09-11T00:00:00Z,2026-09-17T23:59:59.999Z,1,0,-1,CadillacBlackwing,Cadillac CT5-V Blackwing,181,tileGrid,Size_3_x_1,,1,Cadillac CT5-V Blackwing,7,car,CarBody_BurnishedRaven,Cadillac CT5-V Blackwing,body,uncommon,,,,,2026-09-10T13:00:47Z
2026-09-13,v2:/41cce56bb8ae62c41689c72027f7235035b2617fc35a34c6552c7da223a4c453,"[VIRTUAL]1 x Blank, 1 x Blank, 1 x Blank, 1 x Blank, 1 x Blank, 1 x Blank, 1 x Blank for -1 MtxCurrency",2200,2200,0,0.0,0,2026-09-11T00:00:00Z,2026-09-17T23:59:59.999Z,1,0,-1,CadillacBlackwing,Cadillac CT5-V Blackwing,181,tileGrid,Size_3_x_1,,1,Cadillac CT5-V Blackwing,7,car,CarSkin_BurnishedRavenLivery01,Absolute Blackwing,skin,common,,,,,2026-09-10T13:00:47Z
2026-09-13,v2:/41cce56bb8ae62c41689c72027f7235035b2617fc35a34c6552c7da223a4c453,"[VIRTUAL]1 x Blank, 1 x Blank, 1 x Blank, 1 x Blank, 1 x Blank, 1 x Blank, 1 x Blank for -1 MtxCurrency",2200,2200,0,0.0,0,2026-09-11T00:00:00Z,2026-09-17T23:59:59.999Z,1,0,-1,CadillacBlackwing,Cadillac CT5-V Blackwing,181,tileGrid,Size_3_x_1,,1,Cadillac CT5-V Blackwing,7,car,CarSkin_BurnishedRavenWings,Wings,skin,common,,,,,2026-09-10T13:00:47Z
2026-09-13,v2:/41cce56bb8ae62c41689c72027f7235035b2617fc35a34c6552c7da223a4c453,"[VIRTUAL]1 x Blank, 1 x Blank, 1 x Blank, 1 x Blank, 1 x Blank, 1 x Blank, 1 x Blank for -1 MtxCurrency",2200,2200,0,0.0,0,2026-09-11T00:00:00Z,2026-09-17T23:59:59.999Z,1,0,-1,CadillacBlackwing,Cadillac CT5-V Blackwing,181,tileGrid,Size_3_x_1,,1,Cadillac CT5-V Blackwing,7,car,CarSkin_BurnishedRavenLightning,Lightning,skin,common,,,,,2026-09-10T13:00:47Z
2026-09-13,v2:/41cce56bb8ae62c41689c72027f7235035b2617fc35a34c6552c7da223a4c453,"[VIRTUAL]1 x Blank, 1 x Blank, 1 x Blank, 1 x Blank, 1 x Blank, 1 x Blank, 1 x Blank for -1 MtxCurrency",2200,2200,0,0.0,0,2026-09-11T00:00:00Z,2026-09-17T23:59:59.999Z,1,0,-1,CadillacBlackwing,Cadillac CT5-V Blackwing,181,tileGrid,Size_3_x_1,,1,Cadillac CT5-V Blackwing,7,car,CarSkin_BurnishedRavenFlames,Flames,skin,common,,,,,2026-09-10T13:00:47Z
2026-09-13,v2:/41cce56bb8ae62c41689c72027f7235035b2617fc35a34c6552c7da223a4c453,"[VIRTUAL]1 x Blank, 1 x Blank, 1 x Blank, 1 x Blank, 1 x Blank, 1 x Blank, 1 x Blank for -1 MtxCurrency",2200,2200,0,0.0,0,2026-09-11T00:00:00Z,2026-09-17T23:59:59.999Z,1,0,-1,CadillacBlackwing,Cadillac CT5-V Blackwing,181,tileGrid,Size_3_x_1,,1,Cadillac CT5-V Blackwing,7,car,CarSkin_BurnishedRavenStripes,Stripes,skin,common,,,,,2026-09-10T13:00:47Z
2026-09-13,v2:/41cce56bb8ae62c41689c72027f7235035b2617fc35a34c6552c7da223a4c453,"[VIRTUAL]1 x Blank, 1 x Blank, 1 x Blank, 1 x Blank, 1 x Blank, 1 x Blank, 1 x Blank for -1 MtxCurrency",2200,2200,0,0.0,0,2026-09-11T00:00:00Z,2026-09-17T23:59:59.999Z,1,0,-1,CadillacBlackwing,Cadillac CT5-V Blackwing,181,tileGrid,Size_3_x_1,,1,Cadillac CT5-V Blackwing,7,car,Wheel_BurnishedRaven01,Cadillac CT5-V Blackwing,wheel,uncommon,,,,,2026-09-10T13:00:47Z
2026-09-13,v2:/05b36928acadf0160ffa6b0eee8b5c5bbe2735948f7d85ec438926169de2f19a,[VIRTUAL]1 x Weezy Boardbreaker for 800 MtxCurrency,800,800,0,0.0,0,2026-09-13T00:00:00Z,2026-09-22T23:59:59.999Z,1,0,-3,LilWayneNew,Lil Wayne,198,tileGrid,Size_1_x_1,,0,,1,br,Pickaxe_NoiseClueGust,Weezy Boardbreaker,pickaxe,icon,Icon Series,Lil Wayne,7,4,2026-09-10T16:36:49Z
2026-09-13,v2:/7acb0e08eb2bf72451508150f867717481328aa48556e866c7628871443b455e,[VIRTUAL]1 x Believer for 500 MtxCurrency,500,500,0,0.0,0,2026-09-11T00:00:00Z,2026-09-17T23:59:59.999Z,1,0,-3,JT091326,Jam Tracks,185,tileGrid,Size_1_x_1,,0,,1,track,sid_placeholder_54,Believer,,,,,,,2023-12-21T00:00:00Z
2026-09-13,v2:/2221003d0b2c866e2ca684792d5778e1b23d3b46ea3ed7a62ff6373f6e98dcff,[VIRTUAL]1 x X Gon' Give It To Ya for 500 MtxCurrency,500,500,0,0.0,0,2026-09-11T00:00:00Z,2026-09-17T23:59:59.999Z,1,0,-2,JT091326,Jam Tracks,185,tileGrid,Size_1_x_1,,0,,1,track,sid_placeholder_142,X Gon' Give It To Ya,,,,,,,2024-03-14T03:43:45Z
2026-09-13,v2:/9774d0824632155125c105adafe0a543ab5a99509f4b15feaeb375e02c3e3196,[VIRTUAL]1 x Old World for 500 MtxCurrency,500,500,0,0.0,0,2026-09-13T00:00:00Z,2026-09-14T23:59:59.999Z,1,0,-4,BR091326,Full Flex,191,tileGrid,Size_1_x_1,,0,,1,br,Wrap_SteelyKendama,Old World,wrap,rare,,Mountain Monk,6,1,2025-01-31T14:25:34Z
2026-09-13,v2:/893804eb671ef746c06a942c09132fd7fef6fed159f830435d081450d38c1dc1,[VIRTUAL]1 x GO GO POWER RANGERS for 400 MtxCurrency,400,400,0,0.0,0,2026-09-12T00:00:00Z,2026-09-15T23:59:59.999Z,1,0,-4,Rangers,Power Rangers,192,tileGrid,Size_1_x_1,,0,,1,br,EID_FumeFleeceFade,GO GO POWER RANGERS,emote,uncommon,,Mighty Morphin,6,5,2025-08-07T13:36:11Z
2026-09-13,v2:/79bfe38c7f773af90e14a2ed403acf96ed277e647c27ec940da89fec0d1aafc2,"[VIRTUAL]1 x PJ Pepperoni, 1 x Cheesy, 1 x Patty Whacker, 1 x Flying Saucer, 1 x Rage Quit for -1 MtxCurrency",3100,2000,1100,0.3548,1,2026-09-13T00:00:00Z,2026-09-15T23:59:59.999Z,1,0,-1,BanderitaX,BanderitaX's Locker,182,tileGrid,Size_2_x_1,,1,BanderitaX's Locker Bundle,5,br,CID_482_Athena_Commando_F_PizzaPit,PJ Pepperoni,outfit,rare,,Pizza Pit,1,X,2019-11-20T12:49:53Z
2026-09-13,v2:/79bfe38c7f773af90e14a2ed403acf96ed277e647c27ec940da89fec0d1aafc2,"[VIRTUAL]1 x PJ Pepperoni, 1 x Cheesy, 1 x Patty Whacker, 1 x Flying Saucer, 1 x Rage Quit for -1 MtxCurrency",3100,2000,1100,0.3548,1,2026-09-13T00:00:00Z,2026-09-15T23:59:59.999Z,1,0,-1,BanderitaX,BanderitaX's Locker,182,tileGrid,Size_2_x_1,,1,BanderitaX's Locker Bundle,5,br,BID_315_PizzaPit,Cheesy,backpack,rare,,Pizza Pit,1,X,2019-11-20T12:50:33Z
2026-09-13,v2:/79bfe38c7f773af90e14a2ed403acf96ed277e647c27ec940da89fec0d1aafc2,"[VIRTUAL]1 x PJ Pepperoni, 1 x Cheesy, 1 x Patty Whacker, 1 x Flying Saucer, 1 x Rage Quit for -1 MtxCurrency",3100,2000,1100,0.3548,1,2026-09-13T00:00:00Z,2026-09-15T23:59:59.999Z,1,0,-1,BanderitaX,BanderitaX's Locker,182,tileGrid,Size_2_x_1,,1,BanderitaX's Locker Bundle,5,br,Pickaxe_ID_084_DurrburgerHero,Patty Whacker,pickaxe,uncommon,,Durrr Burger,1,5,2019-11-20T12:50:57Z
2026-09-13,v2:/79bfe38c7f773af90e14a2ed403acf96ed277e647c27ec940da89fec0d1aafc2,"[VIRTUAL]1 x PJ Pepperoni, 1 x Cheesy, 1 x Patty Whacker, 1 x Flying Saucer, 1 x Rage Quit for -1 MtxCurrency",3100,2000,1100,0.3548,1,2026-09-13T00:00:00Z,2026-09-15T23:59:59.999Z,1,0,-1,BanderitaX,BanderitaX's Locker,182,tileGrid,Size_2_x_1,,1,BanderitaX's Locker Bundle,5,br,Glider_ID_059_DurrburgerHero,Flying Saucer,glider,epic,,Durrr Burger,1,5,2019-11-20T12:51:08Z
2026-09-13,v2:/79bfe38c7f773af90e14a2ed403acf96ed277e647c27ec940da89fec0d1aafc2,"[VIRTUAL]1 x PJ Pepperoni, 1 x Cheesy, 1 x Patty Whacker, 1 x Flying Saucer, 1 x Rage Quit for -1 MtxCurrency",3100,2000,1100,0.3548,1,2026-09-13T00:00:00Z,2026-09-15T23:59:59.999Z,1,0,-1,BanderitaX,BanderitaX's Locker,182,tileGrid,Size_2_x_1,,1,BanderitaX's Locker Bundle,5,br,EID_RageQuit,Rage Quit,emote,uncommon,,,1,X,2019-11-20T12:49:42Z
2026-09-13,v2:/778755e0e01d02e5476111e65889a145220953830db6e93503b004fdf9cb4c54,[VIRTUAL]1 x Yellow Ranger for 1200 MtxCurrency,1200,1200,0,0.0,0,2026-09-12T00:00:00Z,2026-09-15T23:59:59.999Z,1,0,-1,Rangers,Power Rangers,192,tileGrid,Size_1_x_1,,0,,1,br,Character_FumeFleeceWag,Yellow Ranger,outfit,epic,,Mighty Morphin,6,5,2025-08-07T13:36:11Z
2026-09-13,v2:/05a820734a5ab55cb94cac70b4980fb4e81dd2eb18381d44724c4dad15dbd0cd,[VIRTUAL]1 x TBD (SID_Placeholder_490) for 500 MtxCurrency,500,500,0,0.0,0,2026-09-01T00:00:00Z,2026-09-30T23:59:59.999Z,1,0,-60,JT091326,Jam Tracks,185,expandableList,Size_1_x_1,,0,,1,track,sid_placeholder_490,Party Like A Rock Star,,,,,,,2025-01-30T16:27:14Z
2026-09-13,v2:/ec882656790998989529da857afa275f9c219feed3bdfc095e005b2282edb987,"[VIRTUAL]1 x Peelosopher Bananocrates, 1 x NaNa Scroll for -1 MtxCurrency",1200,1200,0,0.0,0,2026-09-09T00:00:00Z,2026-09-13T23:59:59.999Z,1,0,-1,WrixelShop,Override,189,tileGrid,Size_1_x_1,,0,,2,br,Character_BananaPhilosopher,Peelosopher Bananocrates,outfit,epic,,Bananontology,5,2,2024-04-23T08:26:50Z
2026-09-13,v2:/ec882656790998989529da857afa275f9c219feed3bdfc095e005b2282edb987,"[VIRTUAL]1 x Peelosopher Bananocrates, 1 x NaNa Scroll for -1 MtxCurrency",1200,1200,0,0.0,0,2026-09-09T00:00:00Z,2026-09-13T23:59:59.999Z,1,0,-1,WrixelShop,Override,189,tileGrid,Size_1_x_1,,0,,2,br,Backpack_BananaPhilosopher,NaNa Scroll,backpack,uncommon,,Bananontology,5,2,2024-04-23T08:26:50Z
2026-09-13,v2:/077e71631fac6cae563d5ef4379245e7e5603e2659d6b3ef206ab66b09997e3b,[VIRTUAL]1 x TBD (SID_Placeholder_872) for 500 MtxCurrency,500,500,0,0.0,0,2026-09-13T00:00:00Z,2026-09-22T23:59:59.999Z,1,0,-4,LilWayneNew,Lil Wayne,198,tileGrid,Size_1_x_1,,0,,1,track,sid_placeholder_872,6 Foot 7 Foot,,,,,,,2026-09-10T16:19:51Z
2026-09-13,v2:/7ea4ff93477fb0afa717faae1fd5d7a7018e681b007214fcd13e12c8ea2fa2a0,[VIRTUAL]1 x TBD (SID_Placeholder_775) for 500 MtxCurrency,500,500,0,0.0,0,2026-09-01T00:00:00Z,2026-09-30T23:59:59.999Z,1,0,-77,JT091326,Jam Tracks,185,expandableList,Size_1_x_1,,0,,1,track,sid_placeholder_775,A Thousand Miles,,,,,,,2026-04-16T08:01:05Z
2026-09-13,v2:/05bb133c1fc63a18661552e2ea5ffc8324616485682028036a6bde2eee335dd1,"[VIRTUAL]1 x Triggerfish, 1 x Coral Commandos for -1 MtxCurrency",1200,1200,0,0.0,0,2026-09-09T00:00:00Z,2026-09-13T23:59:59.999Z,1,0,-4,WrixelShop,Override,189,tileGrid,Size_1_x_1,,0,,2,br,CID_624_Athena_Commando_M_TeriyakiWarrior,Triggerfish,outfit,rare,,Fish Food,2,1,2019-11-23T00:00:04Z
2026-09-13,v2:/05bb133c1fc63a18661552e2ea5ffc8324616485682028036a6bde2eee335dd1,"[VIRTUAL]1 x Triggerfish, 1 x Coral Commandos for -1 MtxCurrency",1200,1200,0,0.0,0,2026-09-09T00:00:00Z,2026-09-13T23:59:59.999Z,1,0,-4,WrixelShop,Override,189,tileGrid,Size_1_x_1,,0,,2,br,BID_421_TeriyakiWarrior,Coral Commandos,backpack,rare,,Fish Food,2,1,2019-11-23T00:00:03Z
2026-09-13,v2:/9eb16da04751091286f0c7320a1825f629286df8289facd203cec7bb99e732f5,"[VIRTUAL]1 x Hatsune Miku, 1 x Pack-sune Miku for -1 MtxCurrency",1500,1500,0,0.0,0,2026-09-10T00:00:00Z,2026-09-13T23:59:59.999Z,1,0,-2,Hatsune2,Hatsune Miku,183,tileGrid,Size_1_x_1,,0,,2,br,Character_JadeTowelGloss,Hatsune Miku,outfit,icon,Icon Series,Hatsune Miku,6,1,2025-01-14T09:00:00Z
2026-09-13,v2:/9eb16da04751091286f0c7320a1825f629286df8289facd203cec7bb99e732f5,"[VIRTUAL]1 x Hatsune Miku, 1 x Pack-sune Miku for -1 MtxCurrency",1500,1500,0,0.0,0,2026-09-10T00:00:00Z,2026-09-13T23:59:59.999Z,1,0,-2,Hatsune2,Hatsune Miku,183,tileGrid,Size_1_x_1,,0,,2,br,Backpack_JadeTowelGloss,Pack-sune Miku,backpack,icon,Icon Series,Hatsune Miku,6,1,2025-01-14T09:00:00Z
2026-09-13,v2:/0e16d3e9545be62f2a55ed85f6062d7b1e86d7c6bdc580b5fa6a6e86fefbba7c,[VIRTUAL]1 x TBD (SID_Placeholder_796) for 500 MtxCurrency,500,500,0,0.0,0,2026-09-01T00:00:00Z,2026-09-30T23:59:59.999Z,1,0,-41,JT091326,Jam Tracks,185,expandableList,Size_1_x_1,,0,,1,track,sid_placeholder_796,Snow on The Bluff,,,,,,,2026-05-26T14:09:46Z
2026-09-13,v2:/c5878aba0446bd252856a2ad1039365a2e431595512662b05bf91aa299a6597f,[VIRTUAL]1 x Starships for 500 MtxCurrency,500,500,0,0.0,0,2026-09-01T00:00:00Z,2026-09-30T23:59:59.999Z,1,0,-63,JT091326,Jam Tracks,185,expandableList,Size_1_x_1,,0,,1,track,sid_placeholder_53,Starships,,,,,,,2024-05-07T14:47:23Z
2026-09-13,v2:/a97302bf4a2507ad4cf084d13123255f3acfc631ef9caf4abf4bc9f1e9b6087a,[VIRTUAL]1 x Mythical Maulers for 800 MtxCurrency,800,800,0,0.0,0,2026-09-13T00:00:00Z,2026-09-14T23:59:59.999Z,1,0,-3,BR091326,Full Flex,191,tileGrid,Size_1_x_1,,0,,1,br,Pickaxe_SteelyKendama,Mythical Maulers,pickaxe,rare,,Mountain Monk,6,1,2025-01-31T14:25:34Z
2026-09-13,v2:/77260132bf320823f8f964b02007ac019569c840e14e0c0db6fe9b88ece6a1f8,[VIRTUAL]1 x Paradise City for 500 MtxCurrency,500,500,0,0.0,0,2026-09-01T00:00:00Z,2026-09-30T23:59:59.999Z,1,0,-96,JT091326,Jam Tracks,185,expandableList,Size_1_x_1,,0,,1,track,sid_placeholder_270,Paradise City,,,,,,,2024-08-09T00:00:00Z
2026-09-13,v2:/1ca1169ff1401c450f3672a5160f76174a8c393de37028a524022674f1a05cdb,[VIRTUAL]1 x Triceratops Coin for 300 MtxCurrency,300,300,0,0.0,0,2026-09-12T00:00:00Z,2026-09-15T23:59:59.999Z,1,0,-2,Rangers,Power Rangers,192,tileGrid,Size_1_x_1,,0,,1,br,Backpack_FumeFleeceClap,Triceratops Coin,backpack,rare,,Mighty Morphin,6,5,2025-08-07T13:36:11Z
2026-09-13,v2:/da48ddd056307464cfcb0c20914e63566ffabfc864b238fe79bfa79c8998521f,[VIRTUAL]1 x Midnight Ops for 1200 MtxCurrency,1200,1200,0,0.0,0,2026-09-11T00:00:00Z,2026-09-13T23:59:59.999Z,1,0,-4,BR091326,Full Flex,191,tileGrid,Size_1_x_1,,0,,1,br,CID_101_Athena_Commando_M_Stealth,Midnight Ops,outfit,rare,,Stealth Syndicate,1,3,2019-11-20T12:50:25Z
2026-09-13,v2:/183774547271c59188ece8083dfa395865bbf3cab5cf19d67ec383ef7ad8525a,[VIRTUAL]1 x Tokki's Slicer for 800 MtxCurrency,800,800,0,0.0,0,2026-09-12T00:00:00Z,2026-09-16T23:59:59.999Z,1,0,-3,Overwatch,Overwatch,195,tileGrid,Size_1_x_1,,0,,1,br,Pickaxe_SkiffGrind,Tokki's Slicer,pickaxe,gaminglegends,Gaming Legends Series,Overwatch,7,2,2026-05-14T09:00:00Z
2026-09-13,v2:/5dff813b78c56c1142bd8715eb9232c46814d0545eaff1f2479cfaa6d3f6f8b7,"[VIRTUAL]1 x Kozaru, 1 x Ceremonial Gong for -1 MtxCurrency",1200,1200,0,0.0,0,2026-09-13T00:00:00Z,2026-09-14T23:59:59.999Z,1,0,-2,BR091326,Full Flex,191,tileGrid,Size_1_x_1,,0,,2,br,Character_SteelyKendama,Kozaru,outfit,epic,,Mountain Monk,6,1,2025-01-31T14:25:34Z
2026-09-13,v2:/5dff813b78c56c1142bd8715eb9232c46814d0545eaff1f2479cfaa6d3f6f8b7,"[VIRTUAL]1 x Kozaru, 1 x Ceremonial Gong for -1 MtxCurrency",1200,1200,0,0.0,0,2026-09-13T00:00:00Z,2026-09-14T23:59:59.999Z,1,0,-2,BR091326,Full Flex,191,tileGrid,Size_1_x_1,,0,,2,br,Backpack_SteelyKendama,Ceremonial Gong,backpack,rare,,Mountain Monk,6,1,2025-01-31T14:25:34Z
2026-09-13,v2:/d6fbe2605f06fdc4cb94321975427475485ff90100663d780578a5bcd28eb125,[VIRTUAL]1 x Lollipop for 500 MtxCurrency,500,500,0,0.0,0,2026-09-13T00:00:00Z,2026-09-22T23:59:59.999Z,1,0,-1,LilWayneNew,Lil Wayne,198,tileGrid,Size_1_x_1,,0,,1,br,EID_NoiseClueLurch,Lollipop,emote,icon,Icon Series,Lil Wayne,7,4,2026-09-10T16:36:49Z
2026-09-13,v2:/57a4faf71eb4c232ea2fa231f4be1bf6bd343856c92bbf2780cf9c404474a6e5,[VIRTUAL]1 x The Final Countdown for 500 MtxCurrency,500,500,0,0.0,0,2026-09-01T00:00:00Z,2026-09-30T23:59:59.999Z,1,0,-79,JT091326,Jam Tracks,185,expandableList,Size_1_x_1,,0,,1,track,sid_placeholder_261,The Final Countdown,,,,,,,2024-07-26T00:00:00Z
2026-09-13,v2:/1dc977f960ac817c58392575a813fae1c438f8ed7cd5ec7f3eeeaf4ba90bdeed,"[VIRTUAL]1 x Hatsune Miku, 1 x Pack-sune Miku, 1 x Miku Live, 1 x Miku Miku Beam, 1 x Miku Light, 1 x TBD (SID_Placeholder_481), 1 x Miku's Beat Drums, 1 x Miku's Beat Drums, 1 x Miku's Beat Drums, 1 x Hatsune's Mic-u, 1 x Hatsune's Mic-u, 1 x Hatsune's Mic-u for -1 MtxCurrency",5200,3200,2000,0.3846,1,2026-09-10T00:00:00Z,2026-09-13T23:59:59.999Z,1,0,-1,Hatsune2,Hatsune Miku,183,tileGrid,Size_1_x_1,,1,Hatsune Miku Bundle,12,br,Character_JadeTowelGloss,Hatsune Miku,outfit,icon,Icon Series,Hatsune Miku,6,1,2025-01-14T09:00:00Z
2026-09-13,v2:/1dc977f960ac817c58392575a813fae1c438f8ed7cd5ec7f3eeeaf4ba90bdeed,"[VIRTUAL]1 x Hatsune Miku, 1 x Pack-sune Miku, 1 x Miku Live, 1 x Miku Miku Beam, 1 x Miku Light, 1 x TBD (SID_Placeholder_481), 1 x Miku's Beat Drums, 1 x Miku's Beat Drums, 1 x Miku's Beat Drums, 1 x Hatsune's Mic-u, 1 x Hatsune's Mic-u, 1 x Hatsune's Mic-u for -1 MtxCurrency",5200,3200,2000,0.3846,1,2026-09-10T00:00:00Z,2026-09-13T23:59:59.999Z,1,0,-1,Hatsune2,Hatsune Miku,183,tileGrid,Size_1_x_1,,1,Hatsune Miku Bundle,12,br,Backpack_JadeTowelGloss,Pack-sune Miku,backpack,icon,Icon Series,Hatsune Miku,6,1,2025-01-14T09:00:00Z
2026-09-13,v2:/1dc977f960ac817c58392575a813fae1c438f8ed7cd5ec7f3eeeaf4ba90bdeed,"[VIRTUAL]1 x Hatsune Miku, 1 x Pack-sune Miku, 1 x Miku Live, 1 x Miku Miku Beam, 1 x Miku Light, 1 x TBD (SID_Placeholder_481), 1 x Miku's Beat Drums, 1 x Miku's Beat Drums, 1 x Miku's Beat Drums, 1 x Hatsune's Mic-u, 1 x Hatsune's Mic-u, 1 x Hatsune's Mic-u for -1 MtxCurrency",5200,3200,2000,0.3846,1,2026-09-10T00:00:00Z,2026-09-13T23:59:59.999Z,1,0,-1,Hatsune2,Hatsune Miku,183,tileGrid,Size_1_x_1,,1,Hatsune Miku Bundle,12,br,EID_JadeTowel,Miku Live,emote,icon,Icon Series,Hatsune Miku,6,1,2025-01-14T09:00:00Z
2026-09-13,v2:/1dc977f960ac817c58392575a813fae1c438f8ed7cd5ec7f3eeeaf4ba90bdeed,"[VIRTUAL]1 x Hatsune Miku, 1 x Pack-sune Miku, 1 x Miku Live, 1 x Miku Miku Beam, 1 x Miku Light, 1 x TBD (SID_Placeholder_481), 1 x Miku's Beat Drums, 1 x Miku's Beat Drums, 1 x Miku's Beat Drums, 1 x Hatsune's Mic-u, 1 x Hatsune's Mic-u, 1 x Hatsune's Mic-u for -1 MtxCurrency",5200,3200,2000,0.3846,1,2026-09-10T00:00:00Z,2026-09-13T23:59:59.999Z,1,0,-1,Hatsune2,Hatsune Miku,183,tileGrid,Size_1_x_1,,1,Hatsune Miku Bundle,12,br,EID_JadeTowel_Gloss,Miku Miku Beam,emote,icon,Icon Series,Hatsune Miku,6,1,2025-01-14T09:00:00Z
2026-09-13,v2:/1dc977f960ac817c58392575a813fae1c438f8ed7cd5ec7f3eeeaf4ba90bdeed,"[VIRTUAL]1 x Hatsune Miku, 1 x Pack-sune Miku, 1 x Miku Live, 1 x Miku Miku Beam, 1 x Miku Light, 1 x TBD (SID_Placeholder_481), 1 x Miku's Beat Drums, 1 x Miku's Beat Drums, 1 x Miku's Beat Drums, 1 x Hatsune's Mic-u, 1 x Hatsune's Mic-u, 1 x Hatsune's Mic-u for -1 MtxCurrency",5200,3200,2000,0.3846,1,2026-09-10T00:00:00Z,2026-09-13T23:59:59.999Z,1,0,-1,Hatsune2,Hatsune Miku,183,tileGrid,Size_1_x_1,,1,Hatsune Miku Bundle,12,br,Contrail_JadeTowel,Miku Light,contrail,icon,Icon Series,Hatsune Miku,6,1,2025-01-14T09:00:00Z
2026-09-13,v2:/1dc977f960ac817c58392575a813fae1c438f8ed7cd5ec7f3eeeaf4ba90bdeed,"[VIRTUAL]1 x Hatsune Miku, 1 x Pack-sune Miku, 1 x Miku Live, 1 x Miku Miku Beam, 1 x Miku Light, 1 x TBD (SID_Placeholder_481), 1 x Miku's Beat Drums, 1 x Miku's Beat Drums, 1 x Miku's Beat Drums, 1 x Hatsune's Mic-u, 1 x Hatsune's Mic-u, 1 x Hatsune's Mic-u for -1 MtxCurrency",5200,3200,2000,0.3846,1,2026-09-10T00:00:00Z,2026-09-13T23:59:59.999Z,1,0,-1,Hatsune2,Hatsune Miku,183,tileGrid,Size_1_x_1,,1,Hatsune Miku Bundle,12,br,Backpack_JadeTowel_Drum,Miku's Beat Drums,backpack,icon,Icon Series,Hatsune Miku,,,2025-01-14T09:00:00Z
2026-09-13,v2:/1dc977f960ac817c58392575a813fae1c438f8ed7cd5ec7f3eeeaf4ba90bdeed,"[VIRTUAL]1 x Hatsune Miku, 1 x Pack-sune Miku, 1 x Miku Live, 1 x Miku Miku Beam, 1 x Miku Light, 1 x TBD (SID_Placeholder_481), 1 x Miku's Beat Drums, 1 x Miku's Beat Drums, 1 x Miku's Beat Drums, 1 x Hatsune's Mic-u, 1 x Hatsune's Mic-u, 1 x Hatsune's Mic-u for -1 MtxCurrency",5200,3200,2000,0.3846,1,2026-09-10T00:00:00Z,2026-09-13T23:59:59.999Z,1,0,-1,Hatsune2,Hatsune Miku,183,tileGrid,Size_1_x_1,,1,Hatsune Miku Bundle,12,br,Pickaxe_JadeTowel_Drum,Miku's Beat Drums,pickaxe,icon,Icon Series,Hatsune Miku,,,2025-01-14T09:00:00Z
2026-09-13,v2:/1dc977f960ac817c58392575a813fae1c438f8ed7cd5ec7f3eeeaf4ba90bdeed,"[VIRTUAL]1 x Hatsune Miku, 1 x Pack-sune Miku, 1 x Miku Live, 1 x Miku Miku Beam, 1 x Miku Light, 1 x TBD (SID_Placeholder_481), 1 x Miku's Beat Drums, 1 x Miku's Beat Drums, 1 x Miku's Beat Drums, 1 x Hatsune's Mic-u, 1 x Hatsune's Mic-u, 1 x Hatsune's Mic-u for -1 MtxCurrency",5200,3200,2000,0.3846,1,2026-09-10T00:00:00Z,2026-09-13T23:59:59.999Z,1,0,-1,Hatsune2,Hatsune Miku,183,tileGrid,Size_1_x_1,,1,Hatsune Miku Bundle,12,br,Backpack_JadeTowel_Mic,Hatsune's Mic-u,backpack,icon,Icon Series,Hatsune Miku,,,2025-01-14T09:00:00Z
2026-09-13,v2:/1dc977f960ac817c58392575a813fae1c438f8ed7cd5ec7f3eeeaf4ba90bdeed,"[VIRTUAL]1 x Hatsune Miku, 1 x Pack-sune Miku, 1 x Miku Live, 1 x Miku Miku Beam, 1 x Miku Light, 1 x TBD (SID_Placeholder_481), 1 x Miku's Beat Drums, 1 x Miku's Beat Drums, 1 x Miku's Beat Drums, 1 x Hatsune's Mic-u, 1 x Hatsune's Mic-u, 1 x Hatsune's Mic-u for -1 MtxCurrency",5200,3200,2000,0.3846,1,2026-09-10T00:00:00Z,2026-09-13T23:59:59.999Z,1,0,-1,Hatsune2,Hatsune Miku,183,tileGrid,Size_1_x_1,,1,Hatsune Miku Bundle,12,br,Pickaxe_JadeTowel_Mic,Hatsune's Mic-u,pickaxe,icon,Icon Series,Hatsune Miku,,,2025-01-14T09:00:00Z
2026-09-13,v2:/1dc977f960ac817c58392575a813fae1c438f8ed7cd5ec7f3eeeaf4ba90bdeed,"[VIRTUAL]1 x Hatsune Miku, 1 x Pack-sune Miku, 1 x Miku Live, 1 x Miku Miku Beam, 1 x Miku Light, 1 x TBD (SID_Placeholder_481), 1 x Miku's Beat Drums, 1 x Miku's Beat Drums, 1 x Miku's Beat Drums, 1 x Hatsune's Mic-u, 1 x Hatsune's Mic-u, 1 x Hatsune's Mic-u for -1 MtxCurrency",5200,3200,2000,0.3846,1,2026-09-10T00:00:00Z,2026-09-13T23:59:59.999Z,1,0,-1,Hatsune2,Hatsune Miku,183,tileGrid,Size_1_x_1,,1,Hatsune Miku Bundle,12,track,sid_placeholder_481,Miku,,,,,,,2025-01-14T09:00:00Z
2026-09-13,v2:/1dc977f960ac817c58392575a813fae1c438f8ed7cd5ec7f3eeeaf4ba90bdeed,"[VIRTUAL]1 x Hatsune Miku, 1 x Pack-sune Miku, 1 x Miku Live, 1 x Miku Miku Beam, 1 x Miku Light, 1 x TBD (SID_Placeholder_481), 1 x Miku's Beat Drums, 1 x Miku's Beat Drums, 1 x Miku's Beat Drums, 1 x Hatsune's Mic-u, 1 x Hatsune's Mic-u, 1 x Hatsune's Mic-u for -1 MtxCurrency",5200,3200,2000,0.3846,1,2026-09-10T00:00:00Z,2026-09-13T23:59:59.999Z,1,0,-1,Hatsune2,Hatsune Miku,183,tileGrid,Size_1_x_1,,1,Hatsune Miku Bundle,12,instrument,Sparks_Drum_JadeTowel,Miku's Beat Drums,drum,icon,Icon Series,,,,2025-01-14T09:00:00Z
2026-09-13,v2:/1dc977f960ac817c58392575a813fae1c438f8ed7cd5ec7f3eeeaf4ba90bdeed,"[VIRTUAL]1 x Hatsune Miku, 1 x Pack-sune Miku, 1 x Miku Live, 1 x Miku Miku Beam, 1 x Miku Light, 1 x TBD (SID_Placeholder_481), 1 x Miku's Beat Drums, 1 x Miku's Beat Drums, 1 x Miku's Beat Drums, 1 x Hatsune's Mic-u, 1 x Hatsune's Mic-u, 1 x Hatsune's Mic-u for -1 MtxCurrency",5200,3200,2000,0.3846,1,2026-09-10T00:00:00Z,2026-09-13T23:59:59.999Z,1,0,-1,Hatsune2,Hatsune Miku,183,tileGrid,Size_1_x_1,,1,Hatsune Miku Bundle,12,instrument,Sparks_Mic_JadeTowel,Hatsune's Mic-u,mic,icon,Icon Series,,,,2025-01-14T09:00:00Z
2026-09-13,v2:/c84cccea9ccebdcee680302f168d86f812ab09ba6aa5a6eda2c919480d66655f,[VIRTUAL]1 x Doodle-Doo for 1200 MtxCurrency,1200,1200,0,0.0,0,2026-09-08T00:00:00Z,2026-09-13T23:59:59.999Z,1,0,-3,BR091326,Full Flex,191,tileGrid,Size_1_x_1,This Sidekick includes quests that unlock new items upon completion!,0,,1,br,Companion_EggBawk,Doodle-Doo,sidekick,uncommon,,Coop Co-Op,7,1,2025-12-11T16:07:07Z
2026-09-13,v2:/ab592172a9115a2fe961cdd84a20bc754d243c1e5cacf3e327084b4fae959514,[VIRTUAL]1 x Rush (Mega Man) for 1500 MtxCurrency,1500,1500,0,0.0,0,2026-09-11T00:00:00Z,2026-09-20T23:59:59.999Z,1,0,-3,Megaman,Mega Man,197,tileGrid,Size_1_x_1,This Sidekick includes quests that unlock new items upon completion!,0,,1,br,Companion_CacaoLynx,Rush (Mega Man),sidekick,uncommon,,Mega Man,7,4,2026-09-07T16:00:18Z
