shop_date,offer_id,dev_name,regular_price,final_price,discount_vbucks,discount_pct,is_discounted,in_date,out_date,giftable,refundable,sort_priority,layout_id,layout_name,layout_rank,layout_display_type,tile_size,offer_tag,is_bundle,bundle_name,items_in_offer,item_kind,item_id,item_name,item_type,item_rarity,item_series,item_set,item_intro_chapter,item_intro_season,item_added
2026-09-20,v2:/c85a38ebd00e69613a4ac37460cd58616d939fcb5dbeef04189f0f641095e6a4,[VIRTUAL]1 x Barrier Breaker for 500 MtxCurrency,500,500,0,0.0,0,2026-09-20T00:00:00Z,2026-09-23T23:59:59.999Z,1,0,-3,ishowspeed3,iShowSpeed,174,tileGrid,Size_1_x_1,,0,,1,br,EID_HonorBraceLeap,Barrier Breaker,emote,icon,Icon Series,IShowSpeed,7,1,2025-12-25T00:00:00Z
2026-09-20,v2:/0825ee2d879ee64ce2a7e363b8b87204b69601912173517a957cc36b3e8fa6a6,[VIRTUAL]1 x Poker Face for 500 MtxCurrency,500,500,0,0.0,0,2026-09-01T00:00:00Z,2026-09-30T23:59:59.999Z,1,0,-40,JT091826,Jam Tracks,176,expandableList,Size_1_x_1,,0,,1,track,sid_placeholder_78,Poker Face,,,,,,,2024-02-22T10:58:10Z
2026-09-20,v2:/b98b4e4ee70368c3844c1089deb6016274ff32f3abf7b84e744059d16b164359,[VIRTUAL]1 x TBD (SID_Placeholder_712) for 500 MtxCurrency,500,500,0,0.0,0,2026-09-18T00:00:00Z,2026-09-24T23:59:59.999Z,1,0,-4,JT091826,Jam Tracks,176,tileGrid,Size_1_x_1,,0,,1,track,sid_placeholder_712,The Power Of Love,,,,,,,2025-12-24T00:00:00Z
2026-09-20,v2:/7299fe0723b6f116336b791901b5bce94ced91badcfed2c99d5c86a7b9013398,[VIRTUAL]1 x Starstruck Axe for 800 MtxCurrency,800,800,0,0.0,0,2026-09-20T00:00:00Z,2026-09-23T23:59:59.999Z,1,0,-1,PablloVittar,Pabllo Vittar's Locker ,175,tileGrid,Size_1_x_1,<highlight_strong>Reactive Pickaxe:</> Animates with eliminations!,0,,1,br,Pickaxe_ID_426_PunkDevilSummerFemale,Starstruck Axe,pickaxe,rare,,Demon Beach,2,3,2020-06-30T06:09:08Z
2026-09-20,v2:/8082ddb88f9dccc789171fdf8b3f3dc8e3792d0eee8c08034c9cdd08443b2e36,[VIRTUAL]1 x Underworld Poison for 300 MtxCurrency,300,300,0,0.0,0,2026-09-18T00:00:00Z,2026-09-21T23:59:59.999Z,1,0,-3,hugevillian,Disney,196,tileGrid,Size_1_x_1,,0,,1,br,Backpack_FlickLedge,Underworld Poison,backpack,rare,,Disney's Hercules,7,2,2026-03-27T13:00:19Z
2026-09-20,v2:/10173d9f4667bea37ba53a91ac615cffdea1440a96f406fa38e2bf7dc5f324b6,[VIRTUAL]1 x Industry Baby for 500 MtxCurrency,500,500,0,0.0,0,2026-09-01T00:00:00Z,2026-09-30T23:59:59.999Z,1,0,-24,JT091826,Jam Tracks,176,expandableList,Size_1_x_1,,0,,1,track,sid_placeholder_09,Industry Baby,,,,,,,2024-11-07T17:50:41Z
2026-09-20,v2:/c5f15bf11f2fd6f2f1083deadbe11199cbd08ed619a4f281b542bba1fd28b3c2,[VIRTUAL]1 x Seven Nation Army for 500 MtxCurrency,500,500,0,0.0,0,2026-09-01T00:00:00Z,2026-09-30T23:59:59.999Z,1,0,-2,JT091826,Jam Tracks,176,expandableList,Size_1_x_1,,0,,1,track,sid_placeholder_36,Seven Nation Army,,,,,,,2023-12-09T15:00:00Z
2026-09-20,v2:/ca5009e7eceb8c8c66989efb88bd33721a999acc13c4ea777dc766c01139f71d,"[VIRTUAL]1 x Jellie, 1 x Shellie for -1 MtxCurrency",1200,1200,0,0.0,0,2026-09-15T00:00:00Z,2026-09-21T23:59:59.999Z,1,0,-6,BR092026,Fit Check,181,tileGrid,Size_1_x_1,,0,,2,br,CID_664_Athena_Commando_M_Gummi,Jellie,outfit,rare,,Fish Food,2,1,2020-01-15T09:35:50Z
2026-09-20,v2:/ca5009e7eceb8c8c66989efb88bd33721a999acc13c4ea777dc766c01139f71d,"[VIRTUAL]1 x Jellie, 1 x Shellie for -1 MtxCurrency",1200,1200,0,0.0,0,2026-09-15T00:00:00Z,2026-09-21T23:59:59.999Z,1,0,-6,BR092026,Fit Check,181,tileGrid,Size_1_x_1,,0,,2,br,BID_454_Gummi,Shellie,backpack,rare,,Fish Food,2,1,2020-01-15T09:35:49Z
2026-09-20,v2:/036b4c215e4b04bcff877d122dde965996375f0e7d371c6e4e6ced3c007b727b,[VIRTUAL]1 x ISuperSpeed for 1200 MtxCurrency,1200,1200,0,0.0,0,2026-09-20T00:00:00Z,2026-09-23T23:59:59.999Z,1,0,-3,ishowspeed3,iShowSpeed,174,tileGrid,Size_1_x_1,,0,,1,br,Character_HonorBraceLeap,ISuperSpeed,outfit,icon,Icon Series,IShowSpeed,7,1,2025-12-25T00:00:00Z
2026-09-20,v2:/54d4115c24eeba8590d6075b0fb190bbf3f1be997213371bf5cd82a52e04ba1d,[VIRTUAL]1 x TBD (SID_Placeholder_854) for 500 MtxCurrency,500,500,0,0.0,0,2026-09-19T00:00:00Z,2026-10-02T23:59:59.999Z,1,0,-3,IronMouse,Ironmouse,195,tileGrid,Size_1_x_1,,0,,1,track,sid_placeholder_854,Hell Again,,,,,,,2026-09-16T14:47:03Z
2026-09-20,v2:/89174372fdf629e4a6c1309d5fea70a5fdd2b64aba135d8574ae9d30a04cee13,[VIRTUAL]1 x TBD (SID_Placeholder_538) for 500 MtxCurrency,500,500,0,0.0,0,2026-09-01T00:00:00Z,2026-09-30T23:59:59.999Z,1,0,-65,JT091826,Jam Tracks,176,expandableList,Size_1_x_1,,0,,1,track,sid_placeholder_538,Juno,,,,,,,2025-04-08T08:40:23Z
2026-09-20,v2:/51799bd08c583c683cc5e0315c8e084ed2ddfd6f06438159892096560ab9b177,[VIRTUAL]1 x 24K Magic for 500 MtxCurrency,500,500,0,0.0,0,2026-09-01T00:00:00Z,2026-09-30T23:59:59.999Z,1,0,-78,JT091826,Jam Tracks,176,expandableList,Size_1_x_1,,0,,1,track,sid_placeholder_70,24K Magic,,,,,,,2024-06-28T00:00:00Z
2026-09-20,v2:/70abdb539aff8a442fb1520d60a8144fe8fb37f85c9b321d83b97694c071c174,[VIRTUAL]1 x DÁKITI for 500 MtxCurrency,500,500,0,0.0,0,2026-09-01T00:00:00Z,2026-09-30T23:59:59.999Z,1,0,-67,JT091826,Jam Tracks,176,expandableList,Size_1_x_1,,0,,1,track,sid_placeholder_140,DÁKITI,,,,,,,2024-06-28T00:00:00Z
2026-09-20,v2:/3931a03d2635b42e7ff4e0887a2c23cb3e11dc8599327177342cbc4edf673de1,[VIRTUAL]1 x TBD (SID_Placeholder_482) for 500 MtxCurrency,500,500,0,0.0,0,2026-09-10T00:00:00Z,2026-09-30T23:59:59.999Z,1,0,-69,JT091826,Jam Tracks,176,expandableList,Size_1_x_1,,0,,1,track,sid_placeholder_482,Daisy 2.0,,,,,,,2025-01-14T09:00:00Z
2026-09-20,v2:/80bbcf7a4497294f0c0fc0ff64cbee1ee31a7fe29f687a73d90135beefceb3f1,[VIRTUAL]1 x Heathens for 500 MtxCurrency,500,500,0,0.0,0,2026-09-01T00:00:00Z,2026-09-30T23:59:59.999Z,1,0,-70,JT091826,Jam Tracks,176,expandableList,Size_1_x_1,,0,,1,track,sid_placeholder_200,Heathens,,,,,,,2024-05-14T14:56:14Z
2026-09-20,v2:/cc3ed88645f338140b89962279de480d92a9e0353ae58b8a21659b8c7106a453,[VIRTUAL]1 x Rebecca Plushie for 400 MtxCurrency,400,400,0,0.0,0,2026-09-20T00:00:00Z,2026-09-26T23:59:59.999Z,1,0,-2,CyberpunkEdgerunnersNew,Cyberpunk Edgerunners ,198,tileGrid,Size_1_x_1,,0,,1,br,Backpack_FaithPerch,Rebecca Plushie,backpack,rare,,Cyberpunk Edgerunners,7,4,2026-09-17T16:17:14Z
2026-09-20,v2:/c4223f4bab27fd705f06ffd56f17cad8396598e229d54d5bef179d3478ad70be,[VIRTUAL]1 x Blooming Cherub for 800 MtxCurrency,800,800,0,0.0,0,2026-09-18T00:00:00Z,2026-09-21T23:59:59.999Z,1,0,-2,hugevillian,Disney,196,tileGrid,Size_1_x_1,,0,,1,br,Pickaxe_LadderDoor,Blooming Cherub,pickaxe,rare,,Disney's Hercules,7,2,2026-03-27T13:00:19Z
2026-09-20,v2:/9a529abe15a9fa218df45371b6c350b3cfbdffc9eb3e5e3da56b1d1862cc56c3,[VIRTUAL]1 x Attraction for 500 MtxCurrency,500,500,0,0.0,0,2026-09-20T00:00:00Z,2026-09-23T23:59:59.999Z,1,0,-4,VV092026,Dance Floor,193,tileGrid,Size_1_x_1,,0,,1,br,EID_Polarity,Attraction,emote,icon,Icon Series,,6,1,2024-12-15T00:00:00Z
2026-09-20,v2:/73235e9b73cccbf8d9b36884242040bc6125f956643b0f305e68712f6ba9beba,"[VIRTUAL]1 x Mega Man X, 1 x Buster Cannon Blades, 1 x E-Tank Power Pack for -1 MtxCurrency",1800,1800,0,0.0,0,2026-09-11T00:00:00Z,2026-09-20T23:59:59.999Z,1,0,-2,Megaman,Mega Man,182,tileGrid,Size_2_x_1,,0,,3,br,Character_DuneBriefShift,Mega Man X,outfit,gaminglegends,Gaming Legends Series,Mega Man,7,4,2026-09-07T20:23:20Z
2026-09-20,v2:/73235e9b73cccbf8d9b36884242040bc6125f956643b0f305e68712f6ba9beba,"[VIRTUAL]1 x Mega Man X, 1 x Buster Cannon Blades, 1 x E-Tank Power Pack for -1 MtxCurrency",1800,1800,0,0.0,0,2026-09-11T00:00:00Z,2026-09-20T23:59:59.999Z,1,0,-2,Megaman,Mega Man,182,tileGrid,Size_2_x_1,,0,,3,br,Pickaxe_DuneBriefShift,Buster Cannon Blades,pickaxe,gaminglegends,Gaming Legends Series,Mega Man,7,4,2026-09-07T20:23:20Z
2026-09-20,v2:/73235e9b73cccbf8d9b36884242040bc6125f956643b0f305e68712f6ba9beba,"[VIRTUAL]1 x Mega Man X, 1 x Buster Cannon Blades, 1 x E-Tank Power Pack for -1 MtxCurrency",1800,1800,0,0.0,0,2026-09-11T00:00:00Z,2026-09-20T23:59:59.999Z,1,0,-2,Megaman,Mega Man,182,tileGrid,Size_2_x_1,,0,,3,br,Backpack_DuneBriefShift,E-Tank Power Pack,backpack,gaminglegends,Gaming Legends Series,Mega Man,7,4,2026-09-07T20:23:20Z
2026-09-20,v2:/c28214d104e88c062e7c46a14b331c709c58f9994ebab9adeae7eeb25f640eba,[VIRTUAL]1 x Bolt for 800 MtxCurrency,800,800,0,0.0,0,2026-09-15T00:00:00Z,2026-09-21T23:59:59.999Z,1,0,-6,NS091526,No Sweat,179,tileGrid,Size_1_x_1,,0,,1,br,CID_431_Athena_Commando_F_StormPilot,Bolt,outfit,uncommon,,,1,9,2019-11-20T12:49:58Z
2026-09-20,v2:/3a813d171d98b782a60d75c900245701efa85231f4e841ade86f33a98510a20f,[VIRTUAL]1 x Buddy Holly for 500 MtxCurrency,500,500,0,0.0,0,2026-09-01T00:00:00Z,2026-09-30T23:59:59.999Z,1,0,-3,iHeartRadio,Turn The Music Up,183,tileGrid,Size_1_x_1,,0,,1,track,sid_placeholder_25,Buddy Holly,,,,,,,2023-12-14T00:00:00Z
2026-09-20,v2:/5c2fd8cf41c1a1cdef4370fcb63b7a90c21cb8df1423ba41b6149c1c88b210bb,[VIRTUAL]1 x Blank for 400 MtxCurrency,400,400,0,0.0,0,2026-09-18T00:00:00Z,2026-09-24T23:59:59.999Z,1,0,-3,,,,,Size_2_x_1,,0,,1,car,Wheel_Tomb,Batmobile (2022),wheel,uncommon,,,,,2026-09-17T16:17:14Z
2026-09-20,v2:/76ac446e130eb40e3dba9a3d49884a520af4331c8e8f61f74ff1351f0172326d,[VIRTUAL]1 x Give Me Everything for 500 MtxCurrency,500,500,0,0.0,0,2026-09-01T00:00:00Z,2026-09-30T23:59:59.999Z,1,0,-7,JT091826,Jam Tracks,176,expandableList,Size_1_x_1,,0,,1,track,sid_placeholder_249,Give Me Everything,,,,,,,2024-06-06T13:32:50Z
2026-09-20,v2:/282b073a184190ccda0a0e4c8bfc6a56021a35c15a09816363f22533f6841b78,[VIRTUAL]1 x TBD (SID_Placeholder_791) for 500 MtxCurrency,500,500,0,0.0,0,2026-09-18T00:00:00Z,2026-09-24T23:59:59.999Z,1,0,-3,JT091826,Jam Tracks,176,tileGrid,Size_1_x_1,,0,,1,track,sid_placeholder_791,4 Raws,,,,,,,2026-05-14T19:23:26Z
2026-09-20,v2:/820a5ac7e8ab43e3ef4b08a0147ba3c041eef2da94779a2619c2c3df33eb24dd,[VIRTUAL]1 x All Eyez On Me for 500 MtxCurrency,500,500,0,0.0,0,2026-09-01T00:00:00Z,2026-09-30T23:59:59.999Z,1,0,-33,JT091826,Jam Tracks,176,expandableList,Size_1_x_1,,0,,1,track,sid_placeholder_419,All Eyez On Me,,,,,,,2024-11-23T00:00:00Z
2026-09-20,v2:/cf2d35eb3c5b1072d4238d5b341c45f1c4a11b60fc6ebd70a8b37b72b33cc036,"[VIRTUAL]1 x ISuperSpeed's Emblem, 1 x ISuperSpeed's Emblem for 800 MtxCurrency",800,800,0,0.0,0,2026-09-20T00:00:00Z,2026-09-23T23:59:59.999Z,1,0,-2,ishowspeed3,iShowSpeed,174,tileGrid,Size_1_x_1,,0,,2,br,Pickaxe_HonorBraceLeap,ISuperSpeed's Emblem,pickaxe,icon,Icon Series,IShowSpeed,7,1,2025-12-25T00:00:00Z
2026-09-20,v2:/cf2d35eb3c5b1072d4238d5b341c45f1c4a11b60fc6ebd70a8b37b72b33cc036,"[VIRTUAL]1 x ISuperSpeed's Emblem, 1 x ISuperSpeed's Emblem for 800 MtxCurrency",800,800,0,0.0,0,2026-09-20T00:00:00Z,2026-09-23T23:59:59.999Z,1,0,-2,ishowspeed3,iShowSpeed,174,tileGrid,Size_1_x_1,,0,,2,br,Backpack_HonorBraceLeap,ISuperSpeed's Emblem,backpack,icon,Icon Series,IShowSpeed,7,1,2025-12-25T00:00:00Z
2026-09-20,v2:/5e3fa5d0e84a05c479df7aa661aa5599c465796c99dbf9b9f485b0cf2736525c,[VIRTUAL]1 x TBD (SID_Placeholder_650) for 500 MtxCurrency,500,500,0,0.0,0,2026-09-01T00:00:00Z,2026-09-30T23:59:59.999Z,1,0,-68,JT091826,Jam Tracks,176,expandableList,Size_1_x_1,,0,,1,track,sid_placeholder_650,Rocket Man,,,,,,,2025-10-09T08:44:55Z
2026-09-20,v2:/b02b70a74bf6b0ce13bea29c3477a82216d426740cc449a534d522a92f3a40f8,[VIRTUAL]1 x Axizzle for 800 MtxCurrency,800,800,0,0.0,0,2026-09-18T00:00:00Z,2026-09-21T23:59:59.999Z,1,0,-3,iHeartRadio,Turn The Music Up,183,tileGrid,Size_1_x_1,,0,,1,br,Pickaxe_LemonCartGranite,Axizzle,pickaxe,icon,Icon Series,Snoop Dogg,2,Remix,2024-11-02T06:00:00Z
2026-09-20,v2:/794c3e6732adb7b248870bb092031d7b7ad31458b4e9b950621827c510229146,[VIRTUAL]1 x 3 Jokerz Monte for 500 MtxCurrency,500,500,0,0.0,0,2026-09-18T00:00:00Z,2026-09-22T23:59:59.999Z,1,0,-3,Batmanday,Batman,190,tileGrid,Size_1_x_1,,0,,1,br,Wrap_FinchVisit,3 Jokerz Monte,wrap,dc,DC SERIES,Batman Beyond,7,1,2025-12-22T00:00:00Z
2026-09-20,v2:/15c7a15e9d7127ca330145fe134b055419db80612837075b8af179094a4335c1,[VIRTUAL]1 x TBD (SID_Placeholder_772) for 500 MtxCurrency,500,500,0,0.0,0,2026-09-18T00:00:00Z,2026-09-21T23:59:59.999Z,1,0,-4,hugevillian,Disney,196,tileGrid,Size_1_x_1,,0,,1,track,sid_placeholder_772,I Won't Say (I'm In Love),,,,,,,2026-03-28T11:20:54Z
2026-09-20,v2:/0d82c9b69aae50c8bb7598abb05df1bca70259b12a23b9dd198a6561d4395222,[VIRTUAL]1 x Rain for 800 MtxCurrency,800,800,0,0.0,0,2026-09-19T00:00:00Z,2026-09-25T23:59:59.999Z,1,0,-4,FND092026,Front Page,186,tileGrid,Size_1_x_1,,0,,1,br,Character_BlueMonday,Rain,outfit,epic,,Inner Storm,7,1,2025-11-29T20:57:37Z
2026-09-20,v2:/ad4282095cc9cc318e4aa80388ed46ab0cdcaa91a96acb6631dab4a41ea438dc,[VIRTUAL]1 x True Reflection for 300 MtxCurrency,300,300,0,0.0,0,2026-09-20T00:00:00Z,2026-09-22T23:59:59.999Z,1,0,-3,,,,,Size_3_x_1,,0,,1,br,BID_489_TwinDark,True Reflection,backpack,rare,,Twin Echo,2,2,2020-03-03T09:32:28Z
2026-09-20,v2:/136881d8b35940fb76224044fa0e45c4c308be75d6c43b21769baf7a1d0cdc90,[VIRTUAL]1 x American Idiot for 500 MtxCurrency,500,500,0,0.0,0,2026-09-01T00:00:00Z,2026-09-30T23:59:59.999Z,1,0,-99,JT091826,Jam Tracks,176,expandableList,Size_1_x_1,,0,,1,track,sid_placeholder_281,American Idiot,,,,,,,2024-09-20T00:00:00Z
2026-09-20,v2:/a2bf7ca921ac273e93d40dacaa8454cc48d84de862102faf9241f28a42a7a647,[VIRTUAL]1 x Ribbon Dancer for 500 MtxCurrency,500,500,0,0.0,0,2026-09-18T00:00:00Z,2026-09-20T23:59:59.999Z,1,0,-5,BR092026,Fit Check,181,tileGrid,Size_1_x_1,,0,,1,br,EID_RibbonDance,Ribbon Dancer,emote,rare,,,2,3,2020-06-17T08:48:17Z
2026-09-20,v2:/8400e0933b9213401568710eb4422ff4de01f076dada6cfb12b6e819250b8c18,[VIRTUAL]1 x Better Now for 500 MtxCurrency,500,500,0,0.0,0,2026-09-01T00:00:00Z,2026-09-30T23:59:59.999Z,1,0,-63,JT091826,Jam Tracks,176,expandableList,Size_1_x_1,,0,,1,track,sid_placeholder_203,Better Now,,,,,,,2024-06-06T13:32:50Z
2026-09-20,v2:/a02023fb9bbf8ebfea6fb0206a849a8b95de820f1859ee65cb1223ab6e2f23b9,[VIRTUAL]1 x TBD (SID_Placeholder_683) for 500 MtxCurrency,500,500,0,0.0,0,2026-09-18T00:00:00Z,2026-09-24T23:59:59.999Z,1,0,-2,JT091826,Jam Tracks,176,tileGrid,Size_1_x_1,,0,,1,track,sid_placeholder_683,The Monorail Song,,,,,,,2025-11-12T02:00:21Z
2026-09-20,v2:/0b43a4cc8a39bea41e9f884a4b6ffaa04207bae693f7fc5dc1ffd41af382d4ad,[VIRTUAL]1 x TBD (SID_Placeholder_784) for 500 MtxCurrency,500,500,0,0.0,0,2026-09-01T00:00:00Z,2026-09-30T23:59:59.999Z,1,0,-31,JT091826,Jam Tracks,176,expandableList,Size_1_x_1,,0,,1,track,sid_placeholder_784,Into Oblivion,,,,,,,2026-04-21T14:08:43Z
2026-09-20,v2:/5eab5d58a512f14364f1c1be36cb610d51ee82fbc1b2dd555fa9178b8b4e7726,"[VIRTUAL]1 x Oathkeeper & Oblivion, 1 x Oathkeeper & Oblivion for 800 MtxCurrency",800,800,0,0.0,0,2026-09-17T00:00:00Z,2026-10-01T23:59:59.999Z,1,0,-3,KingdomHearts,Kingdom Hearts ,197,tileGrid,Size_1_x_1,,0,,2,br,Pickaxe_FaunaPike,Oathkeeper & Oblivion,pickaxe,gaminglegends,Gaming Legends Series,Kingdom Hearts,7,4,2026-09-17T08:00:00Z
2026-09-20,v2:/5eab5d58a512f14364f1c1be36cb610d51ee82fbc1b2dd555fa9178b8b4e7726,"[VIRTUAL]1 x Oathkeeper & Oblivion, 1 x Oathkeeper & Oblivion for 800 MtxCurrency",800,800,0,0.0,0,2026-09-17T00:00:00Z,2026-10-01T23:59:59.999Z,1,0,-3,KingdomHearts,Kingdom Hearts ,197,tileGrid,Size_1_x_1,,0,,2,br,Backpack_FaunaPike,Oathkeeper & Oblivion,backpack,gaminglegends,Gaming Legends Series,Kingdom Hearts,7,4,2026-09-17T08:00:00Z
2026-09-20,v2:/b1204fbf47e444561e11f1d56e5f6a9ee578d288217cb2fbee2bcd97411311fe,[VIRTUAL]1 x TBD (SID_Placeholder_742) for 500 MtxCurrency,500,500,0,0.0,0,2026-09-01T00:00:00Z,2026-09-30T23:59:59.999Z,1,0,-13,JT091826,Jam Tracks,176,expandableList,Size_1_x_1,,0,,1,track,sid_placeholder_742,Never Meant,,,,,,,2026-02-04T16:58:53Z
2026-09-20,v2:/c2c4f798e0efd721bc16e5a493a7bb3eae95fbcb9df059cc3241a5615c959699,[VIRTUAL]1 x Slingshot for 800 MtxCurrency,800,800,0,0.0,0,2026-09-15T00:00:00Z,2026-09-21T23:59:59.999Z,1,0,-2,NS091526,No Sweat,179,tileGrid,Size_1_x_1,,0,,1,br,CID_552_Athena_Commando_F_TaxiUpgrade,Slingshot,outfit,uncommon,,Racer Royale,1,X,2019-11-20T12:49:48Z
2026-09-20,v2:/21a8d17d8601f05e0ec42827292d214892da30e9befef19cb9fc5a069c069c97,"[VIRTUAL]1 x Sora, 1 x Keyblade, 1 x Keyblade, 1 x Keyblade Flourish for -1 MtxCurrency",1800,1800,0,0.0,0,2026-09-17T00:00:00Z,2026-10-01T23:59:59.999Z,1,0,-1,KingdomHearts,Kingdom Hearts ,197,tileGrid,Size_2_x_1,,0,,4,br,Character_SpireTend,Sora,outfit,gaminglegends,Gaming Legends Series,Kingdom Hearts,7,4,2026-09-17T08:00:00Z
2026-09-20,v2:/21a8d17d8601f05e0ec42827292d214892da30e9befef19cb9fc5a069c069c97,"[VIRTUAL]1 x Sora, 1 x Keyblade, 1 x Keyblade, 1 x Keyblade Flourish for -1 MtxCurrency",1800,1800,0,0.0,0,2026-09-17T00:00:00Z,2026-10-01T23:59:59.999Z,1,0,-1,KingdomHearts,Kingdom Hearts ,197,tileGrid,Size_2_x_1,,0,,4,br,Pickaxe_SpireTend,Keyblade,pickaxe,gaminglegends,Gaming Legends Series,Kingdom Hearts,7,4,2026-09-17T08:00:00Z
2026-09-20,v2:/21a8d17d8601f05e0ec42827292d214892da30e9befef19cb9fc5a069c069c97,"[VIRTUAL]1 x Sora, 1 x Keyblade, 1 x Keyblade, 1 x Keyblade Flourish for -1 MtxCurrency",1800,1800,0,0.0,0,2026-09-17T00:00:00Z,2026-10-01T23:59:59.999Z,1,0,-1,KingdomHearts,Kingdom Hearts ,197,tileGrid,Size_2_x_1,,0,,4,br,Backpack_SpireTend,Keyblade,backpack,gaminglegends,Gaming Legends Series,Kingdom Hearts,7,4,2026-09-17T08:00:00Z
2026-09-20,v2:/21a8d17d8601f05e0ec42827292d214892da30e9befef19cb9fc5a069c069c97,"[VIRTUAL]1 x Sora, 1 x Keyblade, 1 x Keyblade, 1 x Keyblade Flourish for -1 MtxCurrency",1800,1800,0,0.0,0,2026-09-17T00:00:00Z,2026-10-01T23:59:59.999Z,1,0,-1,KingdomHearts,Kingdom Hearts ,197,tileGrid,Size_2_x_1,,0,,4,br,EID_SpireTend,Keyblade Flourish,emote,gaminglegends,Gaming Legends Series,Kingdom Hearts,7,4,2026-09-17T08:00:00Z
2026-09-20,v2:/cc159b1a99c33551975c55f83e47ca268a7fffde65405bfacdd12fc98cfdb036,[VIRTUAL]1 x Baymax Wings for 500 MtxCurrency,500,500,0,0.0,0,2026-09-20T00:00:00Z,2026-09-23T23:59:59.999Z,1,0,-2,hugevillian,Disney,196,tileGrid,Size_1_x_1,,0,,1,br,Glider_OysterKnock,Baymax Wings,glider,legendary,,Big Hero 6,6,1,2024-12-01T03:58:22Z
2026-09-20,v2:/aca2f5e35f58a929b2eac89c88d36c5fd83862ab39509857bb7e72134074f88a,[VIRTUAL]1 x Stressed Out for 500 MtxCurrency,500,500,0,0.0,0,2026-09-01T00:00:00Z,2026-09-30T23:59:59.999Z,1,0,-58,JT091826,Jam Tracks,176,expandableList,Size_1_x_1,,0,,1,track,sid_placeholder_40,Stressed Out,,,,,,,2024-05-14T14:56:14Z
2026-09-20,v2:/459971e599c8dbced59110aa2f291e346d4a9f3df62b48bd6d2f63b8627559f7,[VIRTUAL]1 x MILLION DOLLAR BABY for 500 MtxCurrency,500,500,0,0.0,0,2026-09-01T00:00:00Z,2026-09-30T23:59:59.999Z,1,0,-87,JT091826,Jam Tracks,176,expandableList,Size_1_x_1,,0,,1,track,sid_placeholder_417,MILLION DOLLAR BABY,,,,,,,2024-11-07T17:50:41Z
2026-09-20,v2:/5dd60762f9b330ff551d578c4282c4b9abeb6b5c800ebbf354c2316777be244f,[VIRTUAL]1 x TBD (SID_Placeholder_905) for 500 MtxCurrency,500,500,0,0.0,0,2026-09-17T00:00:00Z,2026-10-01T23:59:59.999Z,1,0,-4,KingdomHearts,Kingdom Hearts ,197,tileGrid,Size_1_x_1,,0,,1,track,sid_placeholder_905,The Other Promise,,,,,,,2026-09-15T14:23:51Z
2026-09-20,v2:/7cdbcb37e7ed5d831062864d9e87de5a1b327fd19d93ae48c04dc4173af5450e,[VIRTUAL]1 x TBD (SID_Placeholder_708) for 500 MtxCurrency,500,500,0,0.0,0,2026-09-01T00:00:00Z,2026-09-30T23:59:59.999Z,1,0,-8,JT091826,Jam Tracks,176,expandableList,Size_1_x_1,,0,,1,track,sid_placeholder_708,Sky,,,,,,,2025-12-11T17:20:09Z
2026-09-20,v2:/6132ebb78fc292378f94ac859b79b3c743d3aef559c3a49c4d3626cb1394dbb4,[VIRTUAL]1 x Welcome To The Jungle for 500 MtxCurrency,500,500,0,0.0,0,2026-09-01T00:00:00Z,2026-09-30T23:59:59.999Z,1,0,-59,JT091826,Jam Tracks,176,expandableList,Size_1_x_1,,0,,1,track,sid_placeholder_272,Welcome To The Jungle,,,,,,,2024-08-09T00:00:00Z
2026-09-20,v2:/a5900c9d91e591bf5705bcf3cc4fa2490afa3bcf859fb73bb9ab1d28ab98ab35,[VIRTUAL]1 x Buster Cannon Blades for 800 MtxCurrency,800,800,0,0.0,0,2026-09-11T00:00:00Z,2026-09-20T23:59:59.999Z,1,0,-3,Megaman,Mega Man,182,tileGrid,Size_1_x_1,,0,,1,br,Pickaxe_DuneBriefShift,Buster Cannon Blades,pickaxe,gaminglegends,Gaming Legends Series,Mega Man,7,4,2026-09-07T20:23:20Z
2026-09-20,v2:/432a32ef9933cfaafe1001a55176b1c061df6cf584165a74a4d62e1f38be9f89,[VIRTUAL]1 x TBD (SID_Placeholder_765) for 500 MtxCurrency,500,500,0,0.0,0,2026-09-01T00:00:00Z,2026-09-30T23:59:59.999Z,1,0,-25,JT091826,Jam Tracks,176,expandableList,Size_1_x_1,,0,,1,track,sid_placeholder_765,From the Start,,,,,,,2026-04-16T08:01:05Z
2026-09-20,v2:/c50e1ef78204b7fead22e53824960673a1b77a744d1a88cfbce88318c14b190d,[VIRTUAL]1 x PAC-MAN's Snacks for 400 MtxCurrency,400,400,0,0.0,0,2026-09-19T00:00:00Z,2026-09-25T23:59:59.999Z,1,0,-1,PacMan,Pac-Man ,191,tileGrid,Size_1_x_1,,0,,1,br,Backpack_AvenuePole,PAC-MAN's Snacks,backpack,gaminglegends,Gaming Legends Series,Pac-Man,7,4,2026-09-18T13:01:02Z
2026-09-20,v2:/aa2413804209e886feb463bdff9bf4aa69da90d36e1b8054f7a7ec54f54dfc02,"[VIRTUAL]1 x Donald Duck TSUM, 1 x Mickey Mouse TSUM, 1 x Goofy TSUM for -1 MtxCurrency",1500,1000,500,0.3333,1,2026-09-18T00:00:00Z,2026-09-21T23:59:59.999Z,1,0,-1,hugevillian,Disney,196,tileGrid,Size_1_x_1,,1,TSUM TSUM Bundle,3,br,Backpack_MonkeyPatentHowl,Donald Duck TSUM,backpack,rare,,TSUM TSUM,7,1,2026-02-23T00:00:00Z
2026-09-20,v2:/aa2413804209e886feb463bdff9bf4aa69da90d36e1b8054f7a7ec54f54dfc02,"[VIRTUAL]1 x Donald Duck TSUM, 1 x Mickey Mouse TSUM, 1 x Goofy TSUM for -1 MtxCurrency",1500,1000,500,0.3333,1,2026-09-18T00:00:00Z,2026-09-21T23:59:59.999Z,1,0,-1,hugevillian,Disney,196,tileGrid,Size_1_x_1,,1,TSUM TSUM Bundle,3,br,Backpack_MonkeyPatentRipe,Mickey Mouse TSUM,backpack,rare,,TSUM TSUM,7,1,2026-02-23T00:00:00Z
2026-09-20,v2:/aa2413804209e886feb463bdff9bf4aa69da90d36e1b8054f7a7ec54f54dfc02,"[VIRTUAL]1 x Donald Duck TSUM, 1 x Mickey Mouse TSUM, 1 x Goofy TSUM for -1 MtxCurrency",1500,1000,500,0.3333,1,2026-09-18T00:00:00Z,2026-09-21T23:59:59.999Z,1,0,-1,hugevillian,Disney,196,tileGrid,Size_1_x_1,,1,TSUM TSUM Bundle,3,br,Backpack_MonkeyPatentSeed,Goofy TSUM,backpack,rare,,TSUM TSUM,7,1,2026-02-23T00:00:00Z
2026-09-20,v2:/a1709d9105cdb372c1d6740cd1ec7cedf64aaa73c6d31930a8119454fae1c6d8,[VIRTUAL]1 x Anarchy Axe for 800 MtxCurrency,800,800,0,0.0,0,2026-09-20T00:00:00Z,2026-09-20T23:59:59.999Z,1,0,-3,BR092026,Fit Check,181,tileGrid,Size_1_x_1,,0,,1,br,Pickaxe_ID_034_RockerPunk,Anarchy Axe,pickaxe,rare,,Volume 11,1,3,2019-11-20T12:48:02Z
2026-09-20,v2:/dc678a60806d20550c619eca0923d9a2c9ee61e8cbcf4f4e8c2e212784aefb85,[VIRTUAL]1 x Aisha for 1500 MtxCurrency,1500,1500,0,0.0,0,2026-09-17T00:00:00Z,2026-09-20T23:59:59.999Z,1,0,-1,MinkCalico,Neopets,180,tileGrid,Size_3_x_1,This Sidekick includes quests that unlock new items upon completion!,0,,1,br,Companion_MinkCalico,Aisha,sidekick,uncommon,,Neopets: Aisha Edition,,,2026-06-29T13:01:06Z
2026-09-20,v2:/700e851dbbe3da5033b5e0874ec2ce072921a07498f863c3dbe24a095dfe3ef3,"[VIRTUAL]1 x Starflare, 1 x Universal Bloom for -1 MtxCurrency",1500,1500,0,0.0,0,2026-09-15T00:00:00Z,2026-09-21T23:59:59.999Z,1,0,-4,BR092026,Fit Check,181,tileGrid,Size_1_x_1,,0,,2,br,CID_808_Athena_Commando_F_ConstellationSun,Starflare,outfit,epic,,Space Fire,2,3,2020-06-30T06:09:08Z
2026-09-20,v2:/700e851dbbe3da5033b5e0874ec2ce072921a07498f863c3dbe24a095dfe3ef3,"[VIRTUAL]1 x Starflare, 1 x Universal Bloom for -1 MtxCurrency",1500,1500,0,0.0,0,2026-09-15T00:00:00Z,2026-09-21T23:59:59.999Z,1,0,-4,BR092026,Fit Check,181,tileGrid,Size_1_x_1,,0,,2,br,BID_552_ConstellationSun,Universal Bloom,backpack,epic,,Space Fire,2,3,2020-06-30T06:09:08Z
2026-09-20,v2:/0649bb807bb9b4ca7450913f506418e53ba10579227f254c66c173625e89e24b,[VIRTUAL]1 x TBD (SID_Placeholder_917) for 500 MtxCurrency,500,500,0,0.0,0,2026-09-18T00:00:00Z,2026-09-24T23:59:59.999Z,1,0,-1,JT091826,Jam Tracks,176,tileGrid,Size_1_x_1,,0,,1,track,sid_placeholder_917,2LOUD,,,,,,,2026-09-17T23:58:25Z
2026-09-20,v2:/1b5f44f6010c0b09e3705bafe78569abac94d4ac6f9c4725ad9513b2cc9737a9,"[VIRTUAL]1 x Lil Wayne, 1 x Milli Bricks for -1 MtxCurrency",1500,1500,0,0.0,0,2026-09-13T00:00:00Z,2026-09-22T23:59:59.999Z,1,0,-1,LilWayneNo/Violators,Lil Wayne,187,tileGrid,Size_2_x_1,,0,,2,br,Character_NoiseClueLurch,Lil Wayne,outfit,icon,Icon Series,Lil Wayne,7,4,2026-09-10T16:36:49Z
2026-09-20,v2:/1b5f44f6010c0b09e3705bafe78569abac94d4ac6f9c4725ad9513b2cc9737a9,"[VIRTUAL]1 x Lil Wayne, 1 x Milli Bricks for -1 MtxCurrency",1500,1500,0,0.0,0,2026-09-13T00:00:00Z,2026-09-22T23:59:59.999Z,1,0,-1,LilWayneNo/Violators,Lil Wayne,187,tileGrid,Size_2_x_1,,0,,2,br,Backpack_NoiseClueLurch,Milli Bricks,backpack,icon,Icon Series,Lil Wayne,7,4,2026-09-10T16:36:49Z
2026-09-20,v2:/127eb23283061a72ef1e9c6b9d624aa6cde4a3111dc124b7146fd97fd71810cd,[VIRTUAL]1 x Take On Me for 500 MtxCurrency,500,500,0,0.0,0,2026-09-01T00:00:00Z,2026-09-30T23:59:59.999Z,1,0,-76,JT091826,Jam Tracks,176,expandableList,Size_1_x_1,,0,,1,track,sid_placeholder_445,Take On Me,,,,,,,2024-12-05T14:58:09Z
2026-09-20,v2:/1c8a40090e4c6f3f174bf47c7db87b036187e854e7640da9b61bc19898a5f58b,[VIRTUAL]1 x Regulate for 500 MtxCurrency,500,500,0,0.0,0,2026-09-01T00:00:00Z,2026-09-30T23:59:59.999Z,1,0,-60,JT091826,Jam Tracks,176,expandableList,Size_1_x_1,,0,,1,track,sid_placeholder_265,Regulate,,,,,,,2024-11-02T06:00:00Z
2026-09-20,v2:/e15571d15b3b77ce5cc0c5ec7234ac4604d952d6eb60c085e592c35a9fb95644,[VIRTUAL]1 x Say So for 500 MtxCurrency,500,500,0,0.0,0,2026-09-01T00:00:00Z,2026-09-30T23:59:59.999Z,1,0,-38,JT091826,Jam Tracks,176,expandableList,Size_1_x_1,,0,,1,track,sid_placeholder_69,Say So,,,,,,,2024-01-31T00:05:11Z
2026-09-20,v2:/b369a08e5dd8193d186cb99f8629ee7278d7f6da5bebee5be5e5eadb3d1c1dfb,[VIRTUAL]1 x Nike Dunk Hi 'Black Panda' for 1000 MtxCurrency,1000,1000,0,0.0,0,2026-09-19T00:00:00Z,2026-09-25T23:59:59.999Z,1,0,-1,FND092026,Front Page,186,tileGrid,Size_1_x_1,,0,,1,br,Shoes_ElbowGroutYin,Nike Dunk Hi 'Black Panda',shoe,uncommon,,NIKE Shoes,7,4,2026-09-17T16:17:14Z
2026-09-20,v2:/d335a9ebe1af3e64dc8440c84129ff89826222d669a670df006f5b827caf4ce9,[VIRTUAL]1 x TBD (SID_Placeholder_870) for 500 MtxCurrency,500,500,0,0.0,0,2026-09-13T00:00:00Z,2026-09-22T23:59:59.999Z,1,0,-2,LilWayneNo/Violators,Lil Wayne,187,tileGrid,Size_1_x_1,,0,,1,track,sid_placeholder_870,Lollipop,,,,,,,2026-09-10T16:15:49Z
2026-09-20,v2:/ff472e2a7ed843b83aad661457b9c3a441576dfa277bcb291ced4f5952aee484,[VIRTUAL]1 x Lok Block for 300 MtxCurrency,300,300,0,0.0,0,2026-09-20T00:00:00Z,2026-09-26T23:59:59.999Z,1,0,-4,,,,,Size_1_x_1,,0,,1,br,BID_767_AssembleL,Lok Block,backpack,rare,,Lok-Bot,2,7,2021-05-25T08:48:30Z
2026-09-20,v2:/1ad6d063a7e1e13e146a230d5d6a3421b0f89243bf68c27ae3fe0f9827ed2587,[VIRTUAL]1 x D0GB0T for 1200 MtxCurrency,1200,1200,0,0.0,0,2026-09-20T00:00:00Z,2026-09-26T23:59:59.999Z,1,0,-1,FND092026,Front Page,186,tileGrid,Size_1_x_1,,0,,1,br,Companion_ServoScout,D0GB0T,sidekick,uncommon,,G00D B0T,7,4,2026-09-17T16:17:14Z
2026-09-20,v2:/716aacf6b6fabbb20ef9bde533a7307ec88f78991eb58ff73930d4720a612825,[VIRTUAL]1 x Adventurer Stitch for 400 MtxCurrency,400,400,0,0.0,0,2026-09-20T00:00:00Z,2026-09-20T23:59:59.999Z,1,0,-4,BR092026,Fit Check,181,tileGrid,Size_1_x_1,,0,,1,br,Backpack_ToughPack,Adventurer Stitch,backpack,rare,,Packed For Adventure,6,4,2025-06-07T19:01:48Z
2026-09-20,v2:/a4b671b2ebe050e75f14dd686085ad3cf34b3a8ff68b1c91b0e1797340c2d8e4,[VIRTUAL]1 x TBD (SID_Placeholder_528) for 500 MtxCurrency,500,500,0,0.0,0,2026-09-01T00:00:00Z,2026-09-30T23:59:59.999Z,1,0,-23,JT091826,Jam Tracks,176,expandableList,Size_1_x_1,,0,,1,track,sid_placeholder_528,I Want It That Way,,,,,,,2025-03-06T14:32:03Z
2026-09-20,v2:/36a6493f8d35f8f40db87cf2266430d9d89e6515ca890392914aae6ebf3157bb,[VIRTUAL]1 x TBD (SID_Placeholder_537) for 500 MtxCurrency,500,500,0,0.0,0,2026-09-01T00:00:00Z,2026-09-30T23:59:59.999Z,1,0,-29,JT091826,Jam Tracks,176,expandableList,Size_1_x_1,,0,,1,track,sid_placeholder_537,Please Please Please,,,,,,,2025-04-08T08:00:00Z
2026-09-20,v2:/4eebe6956b834af0926e0ee8d45007c25c45d56ab947fd6008227debff6b9717,[VIRTUAL]1 x Muse's Amphora for 300 MtxCurrency,300,300,0,0.0,0,2026-09-18T00:00:00Z,2026-09-21T23:59:59.999Z,1,0,-4,hugevillian,Disney,196,tileGrid,Size_1_x_1,,0,,1,br,Backpack_LadderDoor,Muse's Amphora,backpack,rare,,Disney's Hercules,7,2,2026-03-27T13:00:19Z
2026-09-20,v2:/15ea734e06208966d89acf56b269720c5bab7cee2a1949ff15556f02482997fe,"[VIRTUAL]1 x Hercules, 1 x Herc's Mantle, 1 x Megara, 1 x Muse's Amphora, 1 x Hades (Lord of the Dead), 1 x Underworld Poison, 1 x Herc's Feats, 1 x Olympian's Shield, 1 x Blooming Cherub, 1 x Hades' Staff, 1 x TBD (SID_Placeholder_771), 1 x TBD (SID_Placeholder_772) for -1 MtxCurrency",8300,4000,4300,0.5181,1,2026-09-18T00:00:00Z,2026-09-21T23:59:59.999Z,1,0,-2,hugevillian,Disney,196,tileGrid,Size_2_x_1,,1,Disney's Hercules Bundle,12,br,Character_ParadeLotus,Hercules,outfit,epic,,Disney's Hercules,7,2,2026-03-27T13:00:19Z
2026-09-20,v2:/15ea734e06208966d89acf56b269720c5bab7cee2a1949ff15556f02482997fe,"[VIRTUAL]1 x Hercules, 1 x Herc's Mantle, 1 x Megara, 1 x Muse's Amphora, 1 x Hades (Lord of the Dead), 1 x Underworld Poison, 1 x Herc's Feats, 1 x Olympian's Shield, 1 x Blooming Cherub, 1 x Hades' Staff, 1 x TBD (SID_Placeholder_771), 1 x TBD (SID_Placeholder_772) for -1 MtxCurrency",8300,4000,4300,0.5181,1,2026-09-18T00:00:00Z,2026-09-21T23:59:59.999Z,1,0,-2,hugevillian,Disney,196,tileGrid,Size_2_x_1,,1,Disney's Hercules Bundle,12,br,Backpack_ParadeLotusCape,Herc's Mantle,backpack,rare,,Disney's Hercules,7,2,2026-03-27T13:00:19Z
2026-09-20,v2:/15ea734e06208966d89acf56b269720c5bab7cee2a1949ff15556f02482997fe,"[VIRTUAL]1 x Hercules, 1 x Herc's Mantle, 1 x Megara, 1 x Muse's Amphora, 1 x Hades (Lord of the Dead), 1 x Underworld Poison, 1 x Herc's Feats, 1 x Olympian's Shield, 1 x Blooming Cherub, 1 x Hades' Staff, 1 x TBD (SID_Placeholder_771), 1 x TBD (SID_Placeholder_772) for -1 MtxCurrency",8300,4000,4300,0.5181,1,2026-09-18T00:00:00Z,2026-09-21T23:59:59.999Z,1,0,-2,hugevillian,Disney,196,tileGrid,Size_2_x_1,,1,Disney's Hercules Bundle,12,br,Character_LadderDoor,Megara,outfit,uncommon,,Disney's Hercules,7,2,2026-03-27T13:00:19Z
2026-09-20,v2:/15ea734e06208966d89acf56b269720c5bab7cee2a1949ff15556f02482997fe,"[VIRTUAL]1 x Hercules, 1 x Herc's Mantle, 1 x Megara, 1 x Muse's Amphora, 1 x Hades (Lord of the Dead), 1 x Underworld Poison, 1 x Herc's Feats, 1 x Olympian's Shield, 1 x Blooming Cherub, 1 x Hades' Staff, 1 x TBD (SID_Placeholder_771), 1 x TBD (SID_Placeholder_772) for -1 MtxCurrency",8300,4000,4300,0.5181,1,2026-09-18T00:00:00Z,2026-09-21T23:59:59.999Z,1,0,-2,hugevillian,Disney,196,tileGrid,Size_2_x_1,,1,Disney's Hercules Bundle,12,br,Backpack_LadderDoor,Muse's Amphora,backpack,rare,,Disney's Hercules,7,2,2026-03-27T13:00:19Z
2026-09-20,v2:/15ea734e06208966d89acf56b269720c5bab7cee2a1949ff15556f02482997fe,"[VIRTUAL]1 x Hercules, 1 x Herc's Mantle, 1 x Megara, 1 x Muse's Amphora, 1 x Hades (Lord of the Dead), 1 x Underworld Poison, 1 x Herc's Feats, 1 x Olympian's Shield, 1 x Blooming Cherub, 1 x Hades' Staff, 1 x TBD (SID_Placeholder_771), 1 x TBD (SID_Placeholder_772) for -1 MtxCurrency",8300,4000,4300,0.5181,1,2026-09-18T00:00:00Z,2026-09-21T23:59:59.999Z,1,0,-2,hugevillian,Disney,196,tileGrid,Size_2_x_1,,1,Disney's Hercules Bundle,12,br,Character_FlickLedge,Hades (Lord of the Dead),outfit,epic,,Disney's Hercules,7,2,2026-03-27T13:00:19Z
2026-09-20,v2:/15ea734e06208966d89acf56b269720c5bab7cee2a1949ff15556f02482997fe,"[VIRTUAL]1 x Hercules, 1 x Herc's Mantle, 1 x Megara, 1 x Muse's Amphora, 1 x Hades (Lord of the Dead), 1 x Underworld Poison, 1 x Herc's Feats, 1 x Olympian's Shield, 1 x Blooming Cherub, 1 x Hades' Staff, 1 x TBD (SID_Placeholder_771), 1 x TBD (SID_Placeholder_772) for -1 MtxCurrency",8300,4000,4300,0.5181,1,2026-09-18T00:00:00Z,2026-09-21T23:59:59.999Z,1,0,-2,hugevillian,Disney,196,tileGrid,Size_2_x_1,,1,Disney's Hercules Bundle,12,br,Backpack_FlickLedge,Underworld Poison,backpack,rare,,Disney's Hercules,7,2,2026-03-27T13:00:19Z
2026-09-20,v2:/15ea734e06208966d89acf56b269720c5bab7cee2a1949ff15556f02482997fe,"[VIRTUAL]1 x Hercules, 1 x Herc's Mantle, 1 x Megara, 1 x Muse's Amphora, 1 x Hades (Lord of the Dead), 1 x Underworld Poison, 1 x Herc's Feats, 1 x Olympian's Shield, 1 x Blooming Cherub, 1 x Hades' Staff, 1 x TBD (SID_Placeholder_771), 1 x TBD (SID_Placeholder_772) for -1 MtxCurrency",8300,4000,4300,0.5181,1,2026-09-18T00:00:00Z,2026-09-21T23:59:59.999Z,1,0,-2,hugevillian,Disney,196,tileGrid,Size_2_x_1,,1,Disney's Hercules Bundle,12,br,EID_ParadeLotus,Herc's Feats,emote,uncommon,,Disney's Hercules,7,2,2026-03-27T13:00:19Z
2026-09-20,v2:/15ea734e06208966d89acf56b269720c5bab7cee2a1949ff15556f02482997fe,"[VIRTUAL]1 x Hercules, 1 x Herc's Mantle, 1 x Megara, 1 x Muse's Amphora, 1 x Hades (Lord of the Dead), 1 x Underworld Poison, 1 x Herc's Feats, 1 x Olympian's Shield, 1 x Blooming Cherub, 1 x Hades' Staff, 1 x TBD (SID_Placeholder_771), 1 x TBD (SID_Placeholder_772) for -1 MtxCurrency",8300,4000,4300,0.5181,1,2026-09-18T00:00:00Z,2026-09-21T23:59:59.999Z,1,0,-2,hugevillian,Disney,196,tileGrid,Size_2_x_1,,1,Disney's Hercules Bundle,12,br,Pickaxe_ParadeLotus,Olympian's Shield,pickaxe,rare,,Disney's Hercules,7,2,2026-03-27T13:00:19Z
2026-09-20,v2:/15ea734e06208966d89acf56b269720c5bab7cee2a1949ff15556f02482997fe,"[VIRTUAL]1 x Hercules, 1 x Herc's Mantle, 1 x Megara, 1 x Muse's Amphora, 1 x Hades (Lord of the Dead), 1 x Underworld Poison, 1 x Herc's Feats, 1 x Olympian's Shield, 1 x Blooming Cherub, 1 x Hades' Staff, 1 x TBD (SID_Placeholder_771), 1 x TBD (SID_Placeholder_772) for -1 MtxCurrency",8300,4000,4300,0.5181,1,2026-09-18T00:00:00Z,2026-09-21T23:59:59.999Z,1,0,-2,hugevillian,Disney,196,tileGrid,Size_2_x_1,,1,Disney's Hercules Bundle,12,br,Pickaxe_LadderDoor,Blooming Cherub,pickaxe,rare,,Disney's Hercules,7,2,2026-03-27T13:00:19Z
2026-09-20,v2:/15ea734e06208966d89acf56b269720c5bab7cee2a1949ff15556f02482997fe,"[VIRTUAL]1 x Hercules, 1 x Herc's Mantle, 1 x Megara, 1 x Muse's Amphora, 1 x Hades (Lord of the Dead), 1 x Underworld Poison, 1 x Herc's Feats, 1 x Olympian's Shield, 1 x Blooming Cherub, 1 x Hades' Staff, 1 x TBD (SID_Placeholder_771), 1 x TBD (SID_Placeholder_772) for -1 MtxCurrency",8300,4000,4300,0.5181,1,2026-09-18T00:00:00Z,2026-09-21T23:59:59.999Z,1,0,-2,hugevillian,Disney,196,tileGrid,Size_2_x_1,,1,Disney's Hercules Bundle,12,br,Pickaxe_FlickLedge,Hades' Staff,pickaxe,rare,,Disney's Hercules,7,2,2026-03-27T13:00:19Z
2026-09-20,v2:/15ea734e06208966d89acf56b269720c5bab7cee2a1949ff15556f02482997fe,"[VIRTUAL]1 x Hercules, 1 x Herc's Mantle, 1 x Megara, 1 x Muse's Amphora, 1 x Hades (Lord of the Dead), 1 x Underworld Poison, 1 x Herc's Feats, 1 x Olympian's Shield, 1 x Blooming Cherub, 1 x Hades' Staff, 1 x TBD (SID_Placeholder_771), 1 x TBD (SID_Placeholder_772) for -1 MtxCurrency",8300,4000,4300,0.5181,1,2026-09-18T00:00:00Z,2026-09-21T23:59:59.999Z,1,0,-2,hugevillian,Disney,196,tileGrid,Size_2_x_1,,1,Disney's Hercules Bundle,12,track,sid_placeholder_771,Zero to Hero,,,,,,,2026-03-28T11:20:54Z
2026-09-20,v2:/15ea734e06208966d89acf56b269720c5bab7cee2a1949ff15556f02482997fe,"[VIRTUAL]1 x Hercules, 1 x Herc's Mantle, 1 x Megara, 1 x Muse's Amphora, 1 x Hades (Lord of the Dead), 1 x Underworld Poison, 1 x Herc's Feats, 1 x Olympian's Shield, 1 x Blooming Cherub, 1 x Hades' Staff, 1 x TBD (SID_Placeholder_771), 1 x TBD (SID_Placeholder_772) for -1 MtxCurrency",8300,4000,4300,0.5181,1,2026-09-18T00:00:00Z,2026-09-21T23:59:59.999Z,1,0,-2,hugevillian,Disney,196,tileGrid,Size_2_x_1,,1,Disney's Hercules Bundle,12,track,sid_placeholder_772,I Won't Say (I'm In Love),,,,,,,2026-03-28T11:20:54Z
2026-09-20,v2:/cf4a9f1dfc092e10ca8296609f93043def4d80464bf7a615d2ffd532960abf19,[VIRTUAL]1 x TBD (SID_Placeholder_852) for 500 MtxCurrency,500,500,0,0.0,0,2026-09-19T00:00:00Z,2026-10-02T23:59:59.999Z,1,0,-2,IronMouse,Ironmouse,195,tileGrid,Size_1_x_1,,0,,1,track,sid_placeholder_852,Meow,,,,,,,2026-09-16T14:45:02Z
2026-09-20,v2:/bb4ae9555c904515a71c07032eda0c4c54be5f1e7e5c48046f006945dbfbef52,[VIRTUAL]1 x TBD (SID_Placeholder_508) for 500 MtxCurrency,500,500,0,0.0,0,2026-09-01T00:00:00Z,2026-09-30T23:59:59.999Z,1,0,-82,JT091826,Jam Tracks,176,expandableList,Size_1_x_1,,0,,1,track,sid_placeholder_508,The Way I Are,,,,,,,2025-02-27T16:52:57Z
2026-09-20,v2:/b7f44f1a40a61b3318ba134d263b4665c4bfa65ffa87a0c137dbcc8041e64c3c,[VIRTUAL]1 x Toxic for 500 MtxCurrency,500,500,0,0.0,0,2026-09-01T00:00:00Z,2026-09-30T23:59:59.999Z,1,0,-37,JT091826,Jam Tracks,176,expandableList,Size_1_x_1,,0,,1,track,sid_placeholder_340,Toxic,,,,,,,2024-09-27T00:00:00Z
2026-09-20,v2:/9b1d2c56cd5d5bf08002f91dbdcdfe16df8f33d9a5673529fdeb7b6f6744c1a9,"[VIRTUAL]1 x Lok-Bot, 1 x Lok Block for -1 MtxCurrency",1200,1200,0,0.0,0,2026-09-20T00:00:00Z,2026-09-26T23:59:59.999Z,1,0,-4,FND092026,Front Page,186,tileGrid,Size_1_x_1,,1,Lok-Bot,2,br,CID_A_102_Athena_Commando_M_AssembleL,Lok-Bot,outfit,rare,,Lok-Bot,2,7,2021-05-25T08:48:30Z
2026-09-20,v2:/9b1d2c56cd5d5bf08002f91dbdcdfe16df8f33d9a5673529fdeb7b6f6744c1a9,"[VIRTUAL]1 x Lok-Bot, 1 x Lok Block for -1 MtxCurrency",1200,1200,0,0.0,0,2026-09-20T00:00:00Z,2026-09-26T23:59:59.999Z,1,0,-4,FND092026,Front Page,186,tileGrid,Size_1_x_1,,1,Lok-Bot,2,br,BID_767_AssembleL,Lok Block,backpack,rare,,Lok-Bot,2,7,2021-05-25T08:48:30Z
2026-09-20,v2:/e4bc2cc62b8c52ac4e22ba4130bae0ae6f6a506bd21657659f0c8951542ad587,[VIRTUAL]1 x Killing In The Name for 500 MtxCurrency,500,500,0,0.0,0,2026-09-01T00:00:00Z,2026-09-30T23:59:59.999Z,1,0,-94,JT091826,Jam Tracks,176,expandableList,Size_1_x_1,,0,,1,track,sid_placeholder_202,Killing In The Name,,,,,,,2024-04-30T14:34:03Z
2026-09-20,v2:/014397c95a3424de1086ac5ecf07e0f6376c5c19550b08ff15b259e69d6785b2,[VIRTUAL]1 x Cipher for 1200 MtxCurrency,1200,1200,0,0.0,0,2026-09-20T00:00:00Z,2026-09-20T23:59:59.999Z,1,0,-1,BR092026,Fit Check,181,tileGrid,Size_1_x_1,,0,,1,br,CID_110_Athena_Commando_F_CircuitBreaker,Cipher,outfit,rare,,Overclocked,1,3,2019-11-20T12:50:25Z
2026-09-20,v2:/8a9bc634929cd71b9025404ab32717f1f637e7d3e68a73efd7b1dac8ee3da1d9,[VIRTUAL]1 x Broccoli for 500 MtxCurrency,500,500,0,0.0,0,2026-09-01T00:00:00Z,2026-09-30T23:59:59.999Z,1,0,-77,JT091826,Jam Tracks,176,expandableList,Size_1_x_1,,0,,1,track,sid_placeholder_284,Broccoli,,,,,,,2024-08-29T13:33:26Z
2026-09-20,v2:/869df3008894b9f56918c3b79b8769973a387239750982e45aefc3296646fe3a,"[VIRTUAL]1 x Tha Guitar, 1 x Tha Guitar, 1 x Tha Guitar for 800 MtxCurrency",800,800,0,0.0,0,2026-09-13T00:00:00Z,2026-09-22T23:59:59.999Z,1,0,-5,LilWayneNo/Violators,Lil Wayne,187,tileGrid,Size_2_x_1,,0,,3,br,Backpack_NoiseClue_Guitar,Tha Guitar,backpack,icon,Icon Series,Lil Wayne,7,4,2026-09-10T16:00:38Z
2026-09-20,v2:/869df3008894b9f56918c3b79b8769973a387239750982e45aefc3296646fe3a,"[VIRTUAL]1 x Tha Guitar, 1 x Tha Guitar, 1 x Tha Guitar for 800 MtxCurrency",800,800,0,0.0,0,2026-09-13T00:00:00Z,2026-09-22T23:59:59.999Z,1,0,-5,LilWayneNo/Violators,Lil Wayne,187,tileGrid,Size_2_x_1,,0,,3,br,Pickaxe_NoiseClue_Guitar,Tha Guitar,pickaxe,icon,Icon Series,Lil Wayne,7,4,2026-09-10T16:00:38Z
2026-09-20,v2:/869df3008894b9f56918c3b79b8769973a387239750982e45aefc3296646fe3a,"[VIRTUAL]1 x Tha Guitar, 1 x Tha Guitar, 1 x Tha Guitar for 800 MtxCurrency",800,800,0,0.0,0,2026-09-13T00:00:00Z,2026-09-22T23:59:59.999Z,1,0,-5,LilWayneNo/Violators,Lil Wayne,187,tileGrid,Size_2_x_1,,0,,3,instrument,Sparks_NoiseClue_Guitar,Tha Guitar,guitar,icon,Icon Series,,,,2026-09-10T16:00:38Z
2026-09-20,v2:/96c063ae2c6273467773e05aea3564041b9c505a0a10f5e51846e74b58578092,[VIRTUAL]1 x Blank for 400 MtxCurrency,400,400,0,0.0,0,2026-09-17T00:00:00Z,2026-10-01T23:59:59.999Z,1,0,-1,KingdomHearts,Kingdom Hearts ,197,tileGrid,Size_1_x_1,,0,,1,car,Wheel_OpticOrange02,Heartless,wheel,uncommon,,,,,2026-09-17T08:00:00Z
2026-09-20,v2:/d73465b096ff1fe9f72405cd64d138646d7d62bb609b4d28c6091271b79a6edb,[VIRTUAL]1 x TBD (SID_Placeholder_771) for 500 MtxCurrency,500,500,0,0.0,0,2026-09-18T00:00:00Z,2026-09-21T23:59:59.999Z,1,0,-4,hugevillian,Disney,196,tileGrid,Size_1_x_1,,0,,1,track,sid_placeholder_771,Zero to Hero,,,,,,,2026-03-28T11:20:54Z
2026-09-20,v2:/bf8588f5bba3ae7dd9f7135d690522896cd82db20e2180dc0a6aa4cac79896d9,"[VIRTUAL]1 x The Joker (Beyond), 1 x Joker in the Box for -1 MtxCurrency",1500,1500,0,0.0,0,2026-09-18T00:00:00Z,2026-09-22T23:59:59.999Z,1,0,-1,Batmanday,Batman,190,tileGrid,Size_1_x_1,,1,The Joker (Beyond),2,br,Character_FinchVisit,The Joker (Beyond),outfit,dc,DC SERIES,Batman Beyond,7,1,2025-12-22T00:00:00Z
2026-09-20,v2:/bf8588f5bba3ae7dd9f7135d690522896cd82db20e2180dc0a6aa4cac79896d9,"[VIRTUAL]1 x The Joker (Beyond), 1 x Joker in the Box for -1 MtxCurrency",1500,1500,0,0.0,0,2026-09-18T00:00:00Z,2026-09-22T23:59:59.999Z,1,0,-1,Batmanday,Batman,190,tileGrid,Size_1_x_1,,1,The Joker (Beyond),2,br,Backpack_FinchVisit,Joker in the Box,backpack,dc,DC SERIES,Batman Beyond,7,1,2025-12-22T00:00:00Z
2026-09-20,v2:/e6c708fb466f00bf09df0e01411108567a95cd0ef3aad00b477463eaf281eaf0,[VIRTUAL]1 x Dozy Dreamer for 800 MtxCurrency,800,800,0,0.0,0,2026-09-20T00:00:00Z,2026-09-26T23:59:59.999Z,1,0,-2,FND092026,Front Page,186,tileGrid,Size_1_x_1,,0,,1,br,Character_SleepyUni,Dozy Dreamer,outfit,epic,,"Good Night, Sweet Dreams",6,5,2025-10-02T12:10:53Z
2026-09-20,v2:/bc57d80b3ee7ec352cd03ec028b10be13932530b8e00b32b50e5a56283cf8420,[VIRTUAL]1 x Everybody (Backstreet's Back) for 500 MtxCurrency,500,500,0,0.0,0,2026-09-01T00:00:00Z,2026-09-30T23:59:59.999Z,1,0,-90,JT091826,Jam Tracks,176,expandableList,Size_1_x_1,,0,,1,track,sid_placeholder_432,Everybody (Backstreet's Back),,,,,,,2024-11-27T14:32:37Z
2026-09-20,v2:/3789aa5bd7ccd0dfea74d46f0d976a50c0c0ce6b32ea4dd4160e6cd7e503224a,[VIRTUAL]1 x PAC-MAN for 500 MtxCurrency,500,500,0,0.0,0,2026-09-19T00:00:00Z,2026-09-25T23:59:59.999Z,1,0,-2,PacMan,Pac-Man ,191,tileGrid,Size_1_x_1,Backbling transforms when taking damage or while knocked down! Backbling reacts to movement!,0,,1,br,BID_A_009_Grapefruit,PAC-MAN,backpack,gaminglegends,Gaming Legends Series,PAC-MAN,3,2,2022-06-02T00:00:00Z
2026-09-20,v2:/490e6eed56cf6816f4b409f8a74c6fcb118150d6658cbb865bf11058164526c2,[VIRTUAL]1 x Bet for 500 MtxCurrency,500,500,0,0.0,0,2026-09-18T00:00:00Z,2026-09-21T23:59:59.999Z,1,0,-4,VV092026,Dance Floor,193,tileGrid,Size_1_x_1,,0,,1,br,EID_TaxiCab,Bet,emote,icon,Icon Series,,6,2,2025-03-02T00:00:00Z
2026-09-20,v2:/abdeb3086b80ec61ad548478753bc7dfc3161126b03c8a67fe77ce8225ca588d,"[VIRTUAL]1 x Batman Beyond, 1 x Batman Beyond Wings, 1 x Batarang (Beyond), 1 x Batarang (Beyond), 1 x The Joker (Beyond), 1 x Joker in the Box, 1 x Batman's Surveillance, 1 x Jolly Jack Sledge, 1 x 3 Jokerz Monte, 1 x Batman Beyond Axe, 1 x Batman Beyond Axe, 1 x Batman Beyond Axe for -1 MtxCurrency",6200,2800,3400,0.5484,1,2026-09-18T00:00:00Z,2026-09-22T23:59:59.999Z,1,0,-3,Batmanday,Batman,190,tileGrid,Size_2_x_1,,1,Batman Beyond Bundle,12,br,Character_GuideQuiz,Batman Beyond,outfit,dc,DC SERIES,Batman Beyond,7,1,2025-12-22T00:00:00Z
2026-09-20,v2:/abdeb3086b80ec61ad548478753bc7dfc3161126b03c8a67fe77ce8225ca588d,"[VIRTUAL]1 x Batman Beyond, 1 x Batman Beyond Wings, 1 x Batarang (Beyond), 1 x Batarang (Beyond), 1 x The Joker (Beyond), 1 x Joker in the Box, 1 x Batman's Surveillance, 1 x Jolly Jack Sledge, 1 x 3 Jokerz Monte, 1 x Batman Beyond Axe, 1 x Batman Beyond Axe, 1 x Batman Beyond Axe for -1 MtxCurrency",6200,2800,3400,0.5484,1,2026-09-18T00:00:00Z,2026-09-22T23:59:59.999Z,1,0,-3,Batmanday,Batman,190,tileGrid,Size_2_x_1,,1,Batman Beyond Bundle,12,br,Glider_GuideQuiz,Batman Beyond Wings,glider,dc,DC SERIES,Batman Beyond,7,1,2025-12-22T00:00:00Z
2026-09-20,v2:/abdeb3086b80ec61ad548478753bc7dfc3161126b03c8a67fe77ce8225ca588d,"[VIRTUAL]1 x Batman Beyond, 1 x Batman Beyond Wings, 1 x Batarang (Beyond), 1 x Batarang (Beyond), 1 x The Joker (Beyond), 1 x Joker in the Box, 1 x Batman's Surveillance, 1 x Jolly Jack Sledge, 1 x 3 Jokerz Monte, 1 x Batman Beyond Axe, 1 x Batman Beyond Axe, 1 x Batman Beyond Axe for -1 MtxCurrency",6200,2800,3400,0.5484,1,2026-09-18T00:00:00Z,2026-09-22T23:59:59.999Z,1,0,-3,Batmanday,Batman,190,tileGrid,Size_2_x_1,,1,Batman Beyond Bundle,12,br,Pickaxe_GuideQuiz,Batarang (Beyond),pickaxe,dc,DC SERIES,Batman Beyond,7,1,2025-12-22T00:00:00Z
2026-09-20,v2:/abdeb3086b80ec61ad548478753bc7dfc3161126b03c8a67fe77ce8225ca588d,"[VIRTUAL]1 x Batman Beyond, 1 x Batman Beyond Wings, 1 x Batarang (Beyond), 1 x Batarang (Beyond), 1 x The Joker (Beyond), 1 x Joker in the Box, 1 x Batman's Surveillance, 1 x Jolly Jack Sledge, 1 x 3 Jokerz Monte, 1 x Batman Beyond Axe, 1 x Batman Beyond Axe, 1 x Batman Beyond Axe for -1 MtxCurrency",6200,2800,3400,0.5484,1,2026-09-18T00:00:00Z,2026-09-22T23:59:59.999Z,1,0,-3,Batmanday,Batman,190,tileGrid,Size_2_x_1,,1,Batman Beyond Bundle,12,br,Backpack_GuideQuiz,Batarang (Beyond),backpack,dc,DC SERIES,Batman Beyond,7,1,2025-12-22T00:00:00Z
2026-09-20,v2:/abdeb3086b80ec61ad548478753bc7dfc3161126b03c8a67fe77ce8225ca588d,"[VIRTUAL]1 x Batman Beyond, 1 x Batman Beyond Wings, 1 x Batarang (Beyond), 1 x Batarang (Beyond), 1 x The Joker (Beyond), 1 x Joker in the Box, 1 x Batman's Surveillance, 1 x Jolly Jack Sledge, 1 x 3 Jokerz Monte, 1 x Batman Beyond Axe, 1 x Batman Beyond Axe, 1 x Batman Beyond Axe for -1 MtxCurrency",6200,2800,3400,0.5484,1,2026-09-18T00:00:00Z,2026-09-22T23:59:59.999Z,1,0,-3,Batmanday,Batman,190,tileGrid,Size_2_x_1,,1,Batman Beyond Bundle,12,br,Character_FinchVisit,The Joker (Beyond),outfit,dc,DC SERIES,Batman Beyond,7,1,2025-12-22T00:00:00Z
2026-09-20,v2:/abdeb3086b80ec61ad548478753bc7dfc3161126b03c8a67fe77ce8225ca588d,"[VIRTUAL]1 x Batman Beyond, 1 x Batman Beyond Wings, 1 x Batarang (Beyond), 1 x Batarang (Beyond), 1 x The Joker (Beyond), 1 x Joker in the Box, 1 x Batman's Surveillance, 1 x Jolly Jack Sledge, 1 x 3 Jokerz Monte, 1 x Batman Beyond Axe, 1 x Batman Beyond Axe, 1 x Batman Beyond Axe for -1 MtxCurrency",6200,2800,3400,0.5484,1,2026-09-18T00:00:00Z,2026-09-22T23:59:59.999Z,1,0,-3,Batmanday,Batman,190,tileGrid,Size_2_x_1,,1,Batman Beyond Bundle,12,br,Backpack_FinchVisit,Joker in the Box,backpack,dc,DC SERIES,Batman Beyond,7,1,2025-12-22T00:00:00Z
2026-09-20,v2:/abdeb3086b80ec61ad548478753bc7dfc3161126b03c8a67fe77ce8225ca588d,"[VIRTUAL]1 x Batman Beyond, 1 x Batman Beyond Wings, 1 x Batarang (Beyond), 1 x Batarang (Beyond), 1 x The Joker (Beyond), 1 x Joker in the Box, 1 x Batman's Surveillance, 1 x Jolly Jack Sledge, 1 x 3 Jokerz Monte, 1 x Batman Beyond Axe, 1 x Batman Beyond Axe, 1 x Batman Beyond Axe for -1 MtxCurrency",6200,2800,3400,0.5484,1,2026-09-18T00:00:00Z,2026-09-22T23:59:59.999Z,1,0,-3,Batmanday,Batman,190,tileGrid,Size_2_x_1,,1,Batman Beyond Bundle,12,br,EID_GuideQuiz,Batman's Surveillance,emote,dc,DC SERIES,Batman Beyond,7,1,2025-12-22T00:00:00Z
2026-09-20,v2:/abdeb3086b80ec61ad548478753bc7dfc3161126b03c8a67fe77ce8225ca588d,"[VIRTUAL]1 x Batman Beyond, 1 x Batman Beyond Wings, 1 x Batarang (Beyond), 1 x Batarang (Beyond), 1 x The Joker (Beyond), 1 x Joker in the Box, 1 x Batman's Surveillance, 1 x Jolly Jack Sledge, 1 x 3 Jokerz Monte, 1 x Batman Beyond Axe, 1 x Batman Beyond Axe, 1 x Batman Beyond Axe for -1 MtxCurrency",6200,2800,3400,0.5484,1,2026-09-18T00:00:00Z,2026-09-22T23:59:59.999Z,1,0,-3,Batmanday,Batman,190,tileGrid,Size_2_x_1,,1,Batman Beyond Bundle,12,br,Pickaxe_FinchVisit,Jolly Jack Sledge,pickaxe,dc,DC SERIES,Batman Beyond,7,1,2025-12-22T00:00:00Z
2026-09-20,v2:/abdeb3086b80ec61ad548478753bc7dfc3161126b03c8a67fe77ce8225ca588d,"[VIRTUAL]1 x Batman Beyond, 1 x Batman Beyond Wings, 1 x Batarang (Beyond), 1 x Batarang (Beyond), 1 x The Joker (Beyond), 1 x Joker in the Box, 1 x Batman's Surveillance, 1 x Jolly Jack Sledge, 1 x 3 Jokerz Monte, 1 x Batman Beyond Axe, 1 x Batman Beyond Axe, 1 x Batman Beyond Axe for -1 MtxCurrency",6200,2800,3400,0.5484,1,2026-09-18T00:00:00Z,2026-09-22T23:59:59.999Z,1,0,-3,Batmanday,Batman,190,tileGrid,Size_2_x_1,,1,Batman Beyond Bundle,12,br,Wrap_FinchVisit,3 Jokerz Monte,wrap,dc,DC SERIES,Batman Beyond,7,1,2025-12-22T00:00:00Z
2026-09-20,v2:/abdeb3086b80ec61ad548478753bc7dfc3161126b03c8a67fe77ce8225ca588d,"[VIRTUAL]1 x Batman Beyond, 1 x Batman Beyond Wings, 1 x Batarang (Beyond), 1 x Batarang (Beyond), 1 x The Joker (Beyond), 1 x Joker in the Box, 1 x Batman's Surveillance, 1 x Jolly Jack Sledge, 1 x 3 Jokerz Monte, 1 x Batman Beyond Axe, 1 x Batman Beyond Axe, 1 x Batman Beyond Axe for -1 MtxCurrency",6200,2800,3400,0.5484,1,2026-09-18T00:00:00Z,2026-09-22T23:59:59.999Z,1,0,-3,Batmanday,Batman,190,tileGrid,Size_2_x_1,,1,Batman Beyond Bundle,12,br,Backpack_GuideQuiz_Guitar,Batman Beyond Axe,backpack,dc,DC SERIES,Batman Beyond,7,1,2025-12-22T00:00:00Z
2026-09-20,v2:/abdeb3086b80ec61ad548478753bc7dfc3161126b03c8a67fe77ce8225ca588d,"[VIRTUAL]1 x Batman Beyond, 1 x Batman Beyond Wings, 1 x Batarang (Beyond), 1 x Batarang (Beyond), 1 x The Joker (Beyond), 1 x Joker in the Box, 1 x Batman's Surveillance, 1 x Jolly Jack Sledge, 1 x 3 Jokerz Monte, 1 x Batman Beyond Axe, 1 x Batman Beyond Axe, 1 x Batman Beyond Axe for -1 MtxCurrency",6200,2800,3400,0.5484,1,2026-09-18T00:00:00Z,2026-09-22T23:59:59.999Z,1,0,-3,Batmanday,Batman,190,tileGrid,Size_2_x_1,,1,Batman Beyond Bundle,12,br,Pickaxe_GuideQuiz_Guitar,Batman Beyond Axe,pickaxe,dc,DC SERIES,Batman Beyond,7,1,2025-12-22T00:00:00Z
2026-09-20,v2:/abdeb3086b80ec61ad548478753bc7dfc3161126b03c8a67fe77ce8225ca588d,"[VIRTUAL]1 x Batman Beyond, 1 x Batman Beyond Wings, 1 x Batarang (Beyond), 1 x Batarang (Beyond), 1 x The Joker (Beyond), 1 x Joker in the Box, 1 x Batman's Surveillance, 1 x Jolly Jack Sledge, 1 x 3 Jokerz Monte, 1 x Batman Beyond Axe, 1 x Batman Beyond Axe, 1 x Batman Beyond Axe for -1 MtxCurrency",6200,2800,3400,0.5484,1,2026-09-18T00:00:00Z,2026-09-22T23:59:59.999Z,1,0,-3,Batmanday,Batman,190,tileGrid,Size_2_x_1,,1,Batman Beyond Bundle,12,instrument,Sparks_GuideQuiz_Guitar,Batman Beyond Axe,guitar,dc,DC SERIES,,,,2025-12-22T00:00:00Z
2026-09-20,v2:/03d19d16aeba90323fadd780617fa24e33c732503ee960f954b8c60496c0aa22,[VIRTUAL]1 x Heartwave for 300 MtxCurrency,300,300,0,0.0,0,2026-09-20T00:00:00Z,2026-09-23T23:59:59.999Z,1,0,-4,PablloVittar,Pabllo Vittar's Locker ,175,tileGrid,Size_1_x_1,,0,,1,br,Wrap_503_FuzzyBearSummer,Heartwave,wrap,uncommon,,Beary Cuddly,3,3,2022-07-18T12:38:54Z
2026-09-20,v2:/21b66d0ede657f2e32d621e4555198e88abf0c1f3b82869ff978da80e02ebc47,"[VIRTUAL]1 x Decora Ironmouse, 1 x Ironmouse Worm for -1 MtxCurrency",1500,1500,0,0.0,0,2026-09-19T00:00:00Z,2026-10-02T23:59:59.999Z,1,0,-1,IronMouse,Ironmouse,195,tileGrid,Size_1_x_1,,0,,2,br,Character_FeelUnionMoo,Decora Ironmouse,outfit,epic,,Ironmouse,7,4,2026-09-17T16:17:14Z
2026-09-20,v2:/21b66d0ede657f2e32d621e4555198e88abf0c1f3b82869ff978da80e02ebc47,"[VIRTUAL]1 x Decora Ironmouse, 1 x Ironmouse Worm for -1 MtxCurrency",1500,1500,0,0.0,0,2026-09-19T00:00:00Z,2026-10-02T23:59:59.999Z,1,0,-1,IronMouse,Ironmouse,195,tileGrid,Size_1_x_1,,0,,2,br,Backpack_FeelUnionMoo,Ironmouse Worm,backpack,rare,,Ironmouse,7,4,2026-09-17T16:17:14Z
2026-09-20,v2:/528653abe5d84da153289ff8ca443fe892bf673f47e59d5fca3e13afbd5bf418,[VIRTUAL]1 x Lazer Blast for 500 MtxCurrency,500,500,0,0.0,0,2026-09-18T00:00:00Z,2026-09-21T23:59:59.999Z,1,0,-3,iHeartRadio,Turn The Music Up,183,tileGrid,Size_1_x_1,,0,,1,br,EID_LasagnaDance,Lazer Blast,emote,icon,Icon Series,Lazerism,1,X,2019-11-20T12:49:43Z
2026-09-20,v2:/a5770ce343164772ed968cfb732b354bce2c9f16a438d1a1cc58eda1f85d7347,[VIRTUAL]1 x Black Hole Sun for 500 MtxCurrency,500,500,0,0.0,0,2026-09-01T00:00:00Z,2026-09-30T23:59:59.999Z,1,0,-10,JT091826,Jam Tracks,176,expandableList,Size_1_x_1,,0,,1,track,sid_placeholder_100,Black Hole Sun,,,,,,,2024-02-22T10:58:10Z
2026-09-20,v2:/2540f7e7301b89d22b7565aa9ac70e20493a8d9da878136c0852bff2f4432595,[VIRTUAL]1 x Shimmy Wiggle for 500 MtxCurrency,500,500,0,0.0,0,2026-09-18T00:00:00Z,2026-09-21T23:59:59.999Z,1,0,-1,VV092026,Dance Floor,193,tileGrid,Size_1_x_1,,0,,1,br,EID_Canine,Shimmy Wiggle,emote,icon,Icon Series,,5,3,2024-07-28T00:00:00Z
2026-09-20,v2:/a8d3960e5deaf6485505266701024d3fdd9b8742c6ebc5f868fa31666f18e5bb,[VIRTUAL]1 x Weezy Board for 500 MtxCurrency,500,500,0,0.0,0,2026-09-13T00:00:00Z,2026-09-22T23:59:59.999Z,1,0,-1,LilWayneNo/Violators,Lil Wayne,187,tileGrid,Size_1_x_1,,0,,1,br,Backpack_NoiseClueGust,Weezy Board,backpack,icon,Icon Series,Lil Wayne,7,4,2026-09-10T16:36:49Z
2026-09-20,v2:/94f2fa7ec7a184129906dd3a6471911d162497aab2263b824712151dde755649,[VIRTUAL]1 x Lil' Gummi Ship for 500 MtxCurrency,500,500,0,0.0,0,2026-09-17T00:00:00Z,2026-10-01T23:59:59.999Z,1,0,-4,KingdomHearts,Kingdom Hearts ,197,tileGrid,Size_1_x_1,,0,,1,br,EID_SpireTendFlight,Lil' Gummi Ship,emote,gaminglegends,Gaming Legends Series,Kingdom Hearts,7,4,2026-09-17T08:00:00Z
2026-09-20,v2:/c71f8e59ada2a7c16d73b43cc68e94d8b60464baeea933d015be496c6969de95,"[VIRTUAL]1 x Champion Kuno, 1 x Renzo the Champion, 1 x The Gold, 1 x Champion's Gold, 1 x Winner!, 1 x The Axe of Champions 2.0 for -1 MtxCurrency",4000,2800,1200,0.3,1,2026-09-17T00:00:00Z,2026-09-20T23:59:59.999Z,1,0,-2,FNCS3,FNCS,185,tileGrid,Size_1_x_1,,1,FNCS Global Championship 2024 Bundle,6,br,Character_BandageNinjaFNCS,Champion Kuno,outfit,epic,,FNCS,5,4,2024-09-04T14:57:46Z
2026-09-20,v2:/c71f8e59ada2a7c16d73b43cc68e94d8b60464baeea933d015be496c6969de95,"[VIRTUAL]1 x Champion Kuno, 1 x Renzo the Champion, 1 x The Gold, 1 x Champion's Gold, 1 x Winner!, 1 x The Axe of Champions 2.0 for -1 MtxCurrency",4000,2800,1200,0.3,1,2026-09-17T00:00:00Z,2026-09-20T23:59:59.999Z,1,0,-2,FNCS3,FNCS,185,tileGrid,Size_1_x_1,,1,FNCS Global Championship 2024 Bundle,6,br,Character_InfernoFNCS,Renzo the Champion,outfit,epic,,FNCS,5,4,2024-09-04T14:57:46Z
2026-09-20,v2:/c71f8e59ada2a7c16d73b43cc68e94d8b60464baeea933d015be496c6969de95,"[VIRTUAL]1 x Champion Kuno, 1 x Renzo the Champion, 1 x The Gold, 1 x Champion's Gold, 1 x Winner!, 1 x The Axe of Champions 2.0 for -1 MtxCurrency",4000,2800,1200,0.3,1,2026-09-17T00:00:00Z,2026-09-20T23:59:59.999Z,1,0,-2,FNCS3,FNCS,185,tileGrid,Size_1_x_1,,1,FNCS Global Championship 2024 Bundle,6,br,Backpack_FNCS_S31,The Gold,backpack,rare,,FNCS,5,4,2024-09-04T14:57:46Z
2026-09-20,v2:/c71f8e59ada2a7c16d73b43cc68e94d8b60464baeea933d015be496c6969de95,"[VIRTUAL]1 x Champion Kuno, 1 x Renzo the Champion, 1 x The Gold, 1 x Champion's Gold, 1 x Winner!, 1 x The Axe of Champions 2.0 for -1 MtxCurrency",4000,2800,1200,0.3,1,2026-09-17T00:00:00Z,2026-09-20T23:59:59.999Z,1,0,-2,FNCS3,FNCS,185,tileGrid,Size_1_x_1,,1,FNCS Global Championship 2024 Bundle,6,br,Wrap_Comp31,Champion's Gold,wrap,uncommon,,FNCS,5,4,2024-09-04T14:57:46Z
2026-09-20,v2:/c71f8e59ada2a7c16d73b43cc68e94d8b60464baeea933d015be496c6969de95,"[VIRTUAL]1 x Champion Kuno, 1 x Renzo the Champion, 1 x The Gold, 1 x Champion's Gold, 1 x Winner!, 1 x The Axe of Champions 2.0 for -1 MtxCurrency",4000,2800,1200,0.3,1,2026-09-17T00:00:00Z,2026-09-20T23:59:59.999Z,1,0,-2,FNCS3,FNCS,185,tileGrid,Size_1_x_1,,1,FNCS Global Championship 2024 Bundle,6,br,EID_Bestow,Winner!,emote,uncommon,,FNCS,5,4,2024-09-04T14:57:46Z
2026-09-20,v2:/c71f8e59ada2a7c16d73b43cc68e94d8b60464baeea933d015be496c6969de95,"[VIRTUAL]1 x Champion Kuno, 1 x Renzo the Champion, 1 x The Gold, 1 x Champion's Gold, 1 x Winner!, 1 x The Axe of Champions 2.0 for -1 MtxCurrency",4000,2800,1200,0.3,1,2026-09-17T00:00:00Z,2026-09-20T23:59:59.999Z,1,0,-2,FNCS3,FNCS,185,tileGrid,Size_1_x_1,,1,FNCS Global Championship 2024 Bundle,6,br,Pickaxe_ID_804_FNCSS20Male,The Axe of Champions 2.0,pickaxe,rare,,FNCS,3,2,2022-05-28T17:16:15Z
2026-09-20,v2:/c4eb3f33d1178fa70e0456be4bb83afc567ffdf178e106e0e8801788e7367299,[VIRTUAL]1 x TBD (SID_Placeholder_706) for 500 MtxCurrency,500,500,0,0.0,0,2026-09-01T00:00:00Z,2026-09-30T23:59:59.999Z,1,0,-20,JT091826,Jam Tracks,176,expandableList,Size_1_x_1,,0,,1,track,sid_placeholder_706,EVIL J0RDAN,,,,,,,2025-12-11T17:20:09Z
2026-09-20,v2:/00a9369332fedd111000f3dc76b631be01963d04227e4b620bedf1fb2a4377e5,[VIRTUAL]1 x Milli Bricks for 400 MtxCurrency,400,400,0,0.0,0,2026-09-13T00:00:00Z,2026-09-22T23:59:59.999Z,1,0,-2,LilWayneNo/Violators,Lil Wayne,187,tileGrid,Size_1_x_1,,0,,1,br,Backpack_NoiseClueLurch,Milli Bricks,backpack,icon,Icon Series,Lil Wayne,7,4,2026-09-10T16:36:49Z
2026-09-20,v2:/70b841c3722c30cfe28e158153455ff8b18a54980879bfb8752b0ab4e43977ee,[VIRTUAL]1 x Universal Bloom for 300 MtxCurrency,300,300,0,0.0,0,2026-09-15T00:00:00Z,2026-09-21T23:59:59.999Z,1,0,-4,,,,,Size_1_x_1,,0,,1,br,BID_552_ConstellationSun,Universal Bloom,backpack,epic,,Space Fire,2,3,2020-06-30T06:09:08Z
2026-09-20,v2:/36c8b394b58d03b5988a566d2706a68df090069919cf465667ee3a609b40285b,[VIRTUAL]1 x The Spins for 500 MtxCurrency,500,500,0,0.0,0,2026-09-01T00:00:00Z,2026-09-30T23:59:59.999Z,1,0,-73,JT091826,Jam Tracks,176,expandableList,Size_1_x_1,,0,,1,track,sid_placeholder_334,The Spins,,,,,,,2024-10-24T14:53:04Z
2026-09-20,v2:/c85738b91e57d83d959c29d96919df91b8d3170a387221eaf7c1174544b01bb5,[VIRTUAL]1 x TBD (SID_Placeholder_496) for 500 MtxCurrency,500,500,0,0.0,0,2026-09-01T00:00:00Z,2026-09-30T23:59:59.999Z,1,0,-45,JT091826,Jam Tracks,176,expandableList,Size_1_x_1,,0,,1,track,sid_placeholder_496,Ain't It Fun,,,,,,,2025-03-18T15:58:31Z
2026-09-20,v2:/d4c8675935206d57fddf36ac07f49cd99537abed881497d5d44763e5f449f021,[VIRTUAL]1 x Tactical Grunt Legionnaire for 800 MtxCurrency,800,800,0,0.0,0,2026-09-19T00:00:00Z,2026-09-25T23:59:59.999Z,1,0,-3,FND092026,Front Page,186,tileGrid,Size_1_x_1,,0,,1,br,Character_EchoAngel,Tactical Grunt Legionnaire,outfit,common,,Legion Security Elite,6,2,2025-03-11T08:32:47Z
2026-09-20,v2:/1fa86615224309cd97a0e83fdf5678b80902f9b16f3f9048e6f47cea7bdbab3d,[VIRTUAL]1 x Sleepy Peely Pack for 400 MtxCurrency,400,400,0,0.0,0,2026-09-20T00:00:00Z,2026-09-21T23:59:59.999Z,1,0,-3,BR092026,Fit Check,181,tileGrid,Size_1_x_1,,0,,1,br,Backpack_SleepyCloud,Sleepy Peely Pack,backpack,rare,,Sleepy Sharpshooter,6,5,2025-08-07T09:33:19Z
2026-09-20,v2:/81a7b7f44bca68fa06b7b463f835969eb1106aea4f134a73bba9f22def7d4683,"[VIRTUAL]1 x IShowSpeed, 1 x Speed Cam for -1 MtxCurrency",1500,1500,0,0.0,0,2026-09-20T00:00:00Z,2026-09-23T23:59:59.999Z,1,0,-3,ishowspeed3,iShowSpeed,174,tileGrid,Size_2_x_1,,1,IShowSpeed,2,br,Character_HonorBraceJoust,IShowSpeed,outfit,icon,Icon Series,IShowSpeed,7,1,2025-12-25T00:00:00Z
2026-09-20,v2:/81a7b7f44bca68fa06b7b463f835969eb1106aea4f134a73bba9f22def7d4683,"[VIRTUAL]1 x IShowSpeed, 1 x Speed Cam for -1 MtxCurrency",1500,1500,0,0.0,0,2026-09-20T00:00:00Z,2026-09-23T23:59:59.999Z,1,0,-3,ishowspeed3,iShowSpeed,174,tileGrid,Size_2_x_1,,1,IShowSpeed,2,br,Backpack_HonorBraceJoust,Speed Cam,backpack,icon,Icon Series,IShowSpeed,7,1,2025-12-25T00:00:00Z
2026-09-20,v2:/17e6c5de89af302334c9b6ca15446eef467cc7eec0e2a0e0f7122b09961c00d4,"[VIRTUAL]1 x Tung Tung Tung Sahur, 1 x Tung Thunker for -1 MtxCurrency",1500,1500,0,0.0,0,2026-09-19T00:00:00Z,2026-09-21T23:59:59.999Z,1,0,-2,BrainRot,BrainRot,189,tileGrid,Size_1_x_1,,1,Tung Tung Tung Sahur,2,br,Character_ChorusPunt,Tung Tung Tung Sahur,outfit,epic,,Brainrot,7,2,2026-04-01T08:41:08Z
2026-09-20,v2:/17e6c5de89af302334c9b6ca15446eef467cc7eec0e2a0e0f7122b09961c00d4,"[VIRTUAL]1 x Tung Tung Tung Sahur, 1 x Tung Thunker for -1 MtxCurrency",1500,1500,0,0.0,0,2026-09-19T00:00:00Z,2026-09-21T23:59:59.999Z,1,0,-2,BrainRot,BrainRot,189,tileGrid,Size_1_x_1,,1,Tung Tung Tung Sahur,2,br,Pickaxe_ChorusPunt,Tung Thunker,pickaxe,rare,,Brainrot,7,2,2026-04-01T08:41:08Z
2026-09-20,v2:/47c13500e845401fde490304b61148b867cddfc91fbd3b4b06d49b4e3943375a,"[VIRTUAL]1 x Keyblade, 1 x Keyblade for 800 MtxCurrency",800,800,0,0.0,0,2026-09-17T00:00:00Z,2026-10-01T23:59:59.999Z,1,0,-2,KingdomHearts,Kingdom Hearts ,197,tileGrid,Size_1_x_1,,0,,2,br,Pickaxe_SpireTend,Keyblade,pickaxe,gaminglegends,Gaming Legends Series,Kingdom Hearts,7,4,2026-09-17T08:00:00Z
2026-09-20,v2:/47c13500e845401fde490304b61148b867cddfc91fbd3b4b06d49b4e3943375a,"[VIRTUAL]1 x Keyblade, 1 x Keyblade for 800 MtxCurrency",800,800,0,0.0,0,2026-09-17T00:00:00Z,2026-10-01T23:59:59.999Z,1,0,-2,KingdomHearts,Kingdom Hearts ,197,tileGrid,Size_1_x_1,,0,,2,br,Backpack_SpireTend,Keyblade,backpack,gaminglegends,Gaming Legends Series,Kingdom Hearts,7,4,2026-09-17T08:00:00Z
2026-09-20,v2:/a473d3e3ee9a887a07afaf474392af745ce4df19c47133d81dc2b626f658f391,"[VIRTUAL]1 x Megara, 1 x Muse's Amphora for -1 MtxCurrency",1500,1500,0,0.0,0,2026-09-18T00:00:00Z,2026-09-21T23:59:59.999Z,1,0,-3,hugevillian,Disney,196,tileGrid,Size_2_x_1,,1,Megara,2,br,Character_LadderDoor,Megara,outfit,uncommon,,Disney's Hercules,7,2,2026-03-27T13:00:19Z
2026-09-20,v2:/a473d3e3ee9a887a07afaf474392af745ce4df19c47133d81dc2b626f658f391,"[VIRTUAL]1 x Megara, 1 x Muse's Amphora for -1 MtxCurrency",1500,1500,0,0.0,0,2026-09-18T00:00:00Z,2026-09-21T23:59:59.999Z,1,0,-3,hugevillian,Disney,196,tileGrid,Size_2_x_1,,1,Megara,2,br,Backpack_LadderDoor,Muse's Amphora,backpack,rare,,Disney's Hercules,7,2,2026-03-27T13:00:19Z
2026-09-20,v2:/aed6d706756c669a6c3d033b3268c74bfec935af8b0bec5ae06f81464a645359,[VIRTUAL]1 x In The End for 500 MtxCurrency,500,500,0,0.0,0,2026-09-01T00:00:00Z,2026-09-30T23:59:59.999Z,1,0,-11,JT091826,Jam Tracks,176,expandableList,Size_1_x_1,,0,,1,track,sid_placeholder_298,In The End,,,,,,,2024-08-29T13:33:26Z
2026-09-20,v2:/142872dd39d551ddf063c42474349828399c777d73786eec672fc8352dd49164,[VIRTUAL]1 x TBD (SID_Placeholder_779) for 500 MtxCurrency,500,500,0,0.0,0,2026-09-01T00:00:00Z,2026-09-30T23:59:59.999Z,1,0,-51,JT091826,Jam Tracks,176,expandableList,Size_1_x_1,,0,,1,track,sid_placeholder_779,back to friends,,,,,,,2026-04-16T08:01:05Z
2026-09-20,v2:/df9a49df61456f9a30b933ff4ca5d7c88237b47880ff81654ee99ba1cdcf699b,"[VIRTUAL]1 x Hercules, 1 x Herc's Mantle for -1 MtxCurrency",1500,1500,0,0.0,0,2026-09-18T00:00:00Z,2026-09-21T23:59:59.999Z,1,0,-2,hugevillian,Disney,196,tileGrid,Size_2_x_1,,1,Hercules,2,br,Character_ParadeLotus,Hercules,outfit,epic,,Disney's Hercules,7,2,2026-03-27T13:00:19Z
2026-09-20,v2:/df9a49df61456f9a30b933ff4ca5d7c88237b47880ff81654ee99ba1cdcf699b,"[VIRTUAL]1 x Hercules, 1 x Herc's Mantle for -1 MtxCurrency",1500,1500,0,0.0,0,2026-09-18T00:00:00Z,2026-09-21T23:59:59.999Z,1,0,-2,hugevillian,Disney,196,tileGrid,Size_2_x_1,,1,Hercules,2,br,Backpack_ParadeLotusCape,Herc's Mantle,backpack,rare,,Disney's Hercules,7,2,2026-03-27T13:00:19Z
2026-09-20,v2:/90f51ec7807fd55c9332e6ba94cfb35a7edcf418d184a663dbe598bcc3a20f4a,"[VIRTUAL]1 x Snoop Dogg, 1 x Dogg House for -1 MtxCurrency",1800,1800,0,0.0,0,2026-09-18T00:00:00Z,2026-09-21T23:59:59.999Z,1,0,-1,iHeartRadio,Turn The Music Up,183,tileGrid,Size_2_x_1,,0,,2,br,Character_LemonCartGranite,Snoop Dogg,outfit,icon,Icon Series,Snoop Dogg,2,Remix,2024-11-02T06:00:00Z
2026-09-20,v2:/90f51ec7807fd55c9332e6ba94cfb35a7edcf418d184a663dbe598bcc3a20f4a,"[VIRTUAL]1 x Snoop Dogg, 1 x Dogg House for -1 MtxCurrency",1800,1800,0,0.0,0,2026-09-18T00:00:00Z,2026-09-21T23:59:59.999Z,1,0,-1,iHeartRadio,Turn The Music Up,183,tileGrid,Size_2_x_1,,0,,2,br,Backpack_LemonCartGranite,Dogg House,backpack,icon,Icon Series,Snoop Dogg,2,Remix,2024-11-02T06:00:00Z
2026-09-20,v2:/ec51c5145c308b9595fa37cbaf1a20b2557d76b8064513baf7524faefe2b4f8c,[VIRTUAL]1 x Converse Chuck Taylor 'Clouds' for 1000 MtxCurrency,1000,1000,0,0.0,0,2026-09-20T00:00:00Z,2026-09-26T23:59:59.999Z,1,0,-1,FND092026,Front Page,186,tileGrid,Size_1_x_1,,0,,1,br,Shoes_WagedDusk,Converse Chuck Taylor 'Clouds',shoe,uncommon,,Converse Shoes,7,4,2026-09-17T16:17:14Z
2026-09-20,v2:/4babd74eb87d11933c62fcedc1581bbce8240cb0529e212958b4856576420ea0,[VIRTUAL]1 x TBD (SID_Placeholder_299) for 500 MtxCurrency,500,500,0,0.0,0,2026-09-01T00:00:00Z,2026-09-30T23:59:59.999Z,1,0,-36,JT091826,Jam Tracks,176,expandableList,Size_1_x_1,,0,,1,track,sid_placeholder_299,I Write Sins Not Tragedies,,,,,,,2025-01-23T15:05:07Z
2026-09-20,v2:/7a1f6ea61e86946e4830e0b7e5aa9fba8ac491b48d8c316278ea17ab430030d5,[VIRTUAL]1 x Carry on Wayward Son for 500 MtxCurrency,500,500,0,0.0,0,2026-09-01T00:00:00Z,2026-09-30T23:59:59.999Z,1,0,-43,JT091826,Jam Tracks,176,expandableList,Size_1_x_1,,0,,1,track,sid_placeholder_11,Carry on Wayward Son,,,,,,,2024-03-20T00:05:45Z
2026-09-20,v2:/cba396da5a046fcace24ec9d12ada8979ce208ee18f1ee017805dec40761038a,[VIRTUAL]1 x TBD (SID_Placeholder_904) for 500 MtxCurrency,500,500,0,0.0,0,2026-09-17T00:00:00Z,2026-10-01T23:59:59.999Z,1,0,-3,KingdomHearts,Kingdom Hearts ,197,tileGrid,Size_1_x_1,,0,,1,track,sid_placeholder_904,Dearly Beloved,,,,,,,2026-09-15T14:22:50Z
2026-09-20,v2:/96f24f4cdc829943f9a2d9bf60350b06c5c686dd8d67c5fc92e9019c9f43ce51,[VIRTUAL]1 x YM Burner for 500 MtxCurrency,500,500,0,0.0,0,2026-09-13T00:00:00Z,2026-09-22T23:59:59.999Z,1,0,-3,LilWayneNo/Violators,Lil Wayne,187,tileGrid,Size_1_x_1,,0,,1,br,Wrap_NoiseClue,YM Burner,wrap,icon,Icon Series,Lil Wayne,7,4,2026-09-10T16:00:38Z
2026-09-20,v2:/3509df43725f18fc96a6a401ffdc56e503e0cbb603df6d03bcb6a6cf28748e7f,[VIRTUAL]1 x Blinding Lights for 500 MtxCurrency,500,500,0,0.0,0,2026-09-01T00:00:00Z,2026-09-30T23:59:59.999Z,1,0,-28,JT091826,Jam Tracks,176,expandableList,Size_1_x_1,,0,,1,track,sid_placeholder_93,Blinding Lights,,,,,,,2024-01-05T21:55:08Z
2026-09-20,v2:/0bf7aecccb7fb82e20b6e385586bf43c1625d0bc1b2a1f33e94f2c03e473701f,[VIRTUAL]1 x TBD (SID_Placeholder_391) for 500 MtxCurrency,500,500,0,0.0,0,2026-09-01T00:00:00Z,2026-09-30T23:59:59.999Z,1,0,-80,JT091826,Jam Tracks,176,expandableList,Size_1_x_1,,0,,1,track,sid_placeholder_391,Locked Out Of Heaven,,,,,,,2025-07-16T00:00:48Z
2026-09-20,v2:/b26c5fa14a8a11b8d7f6b3f24ddc26c59cfa115b40676e88f6950ec404782557,[VIRTUAL]1 x Ironmouse's Blade of Love for 800 MtxCurrency,800,800,0,0.0,0,2026-09-19T00:00:00Z,2026-10-02T23:59:59.999Z,1,0,-2,IronMouse,Ironmouse,195,tileGrid,Size_1_x_1,,0,,1,br,Pickaxe_FeelUnionSki,Ironmouse's Blade of Love,pickaxe,rare,,Ironmouse,7,4,2026-09-17T16:17:14Z
2026-09-20,v2:/87203d2aafcd5732eebc5d56b1db0f91640e30f09bdf54eddef089185a17a878,[VIRTUAL]1 x PAC-MAN's Gloves for 800 MtxCurrency,800,800,0,0.0,0,2026-09-19T00:00:00Z,2026-09-25T23:59:59.999Z,1,0,-2,PacMan,Pac-Man ,191,tileGrid,Size_1_x_1,,0,,1,br,Pickaxe_AvenuePole,PAC-MAN's Gloves,pickaxe,gaminglegends,Gaming Legends Series,Pac-Man,7,4,2026-09-18T13:01:02Z
2026-09-20,v2:/22a2e892d8241134877f25c5d28433ea046ed9842603d64b42047e7b4c9f6aa0,[VIRTUAL]1 x TBD (SID_Placeholder_685) for 500 MtxCurrency,500,500,0,0.0,0,2026-09-18T00:00:00Z,2026-09-24T23:59:59.999Z,1,0,-1,JT091826,Jam Tracks,176,tileGrid,Size_1_x_1,,0,,1,track,sid_placeholder_685,EARFQUAKE,,,,,,,2025-11-14T14:43:54Z
2026-09-20,v2:/b35994c86a3a512a7a6e2ddad85e3d4817710930b97085900cc2feeb646d35e0,[VIRTUAL]1 x Hell Again for 500 MtxCurrency,500,500,0,0.0,0,2026-09-19T00:00:00Z,2026-10-02T23:59:59.999Z,1,0,-3,IronMouse,Ironmouse,195,tileGrid,Size_1_x_1,,0,,1,br,EID_FeelUnionMoo,Hell Again,emote,uncommon,,Ironmouse,7,4,2026-09-17T16:17:14Z
2026-09-20,v2:/2f8b4558eb574c8470c59f6421c66247af1a4de21a4b9c4e0afef1ea7730478e,"[VIRTUAL]1 x Z-Saber, 1 x Z-Saber for 800 MtxCurrency",800,800,0,0.0,0,2026-09-11T00:00:00Z,2026-09-20T23:59:59.999Z,1,0,-1,Megaman,Mega Man,182,tileGrid,Size_1_x_1,,0,,2,br,Pickaxe_TackleShow,Z-Saber,pickaxe,gaminglegends,Gaming Legends Series,Mega Man,7,4,2026-09-07T20:23:20Z
2026-09-20,v2:/2f8b4558eb574c8470c59f6421c66247af1a4de21a4b9c4e0afef1ea7730478e,"[VIRTUAL]1 x Z-Saber, 1 x Z-Saber for 800 MtxCurrency",800,800,0,0.0,0,2026-09-11T00:00:00Z,2026-09-20T23:59:59.999Z,1,0,-1,Megaman,Mega Man,182,tileGrid,Size_1_x_1,,0,,2,br,Backpack_TackleShow,Z-Saber,backpack,gaminglegends,Gaming Legends Series,Mega Man,7,4,2026-09-07T20:23:20Z
2026-09-20,v2:/cb23ad32b614e614a781eea400a64fa1228ba27cc8fbac6749877129b612362e,[VIRTUAL]1 x Ain't No Rest For The Wicked for 500 MtxCurrency,500,500,0,0.0,0,2026-09-01T00:00:00Z,2026-09-30T23:59:59.999Z,1,0,-66,JT091826,Jam Tracks,176,expandableList,Size_1_x_1,,0,,1,track,sid_placeholder_296,Ain't No Rest For The Wicked,,,,,,,2024-08-09T00:00:00Z
2026-09-20,v2:/2d756353a350fcf2caf745c11b0d43992efe0dd41ea1035a8009bd268f2fb4d8,"[VIRTUAL]1 x IShowSpeed, 1 x Speed Cam, 1 x ISuperSpeed, 1 x ISuperSpeed's Emblem, 1 x ISuperSpeed's Emblem, 1 x Barrier Breaker, 1 x Speed's Trident, 1 x IShow's Speedboard, 1 x ISpeedStyle, 1 x TBD (SID_Placeholder_721) for -1 MtxCurrency",6600,3000,3600,0.5455,1,2026-09-20T00:00:00Z,2026-09-23T23:59:59.999Z,1,0,-1,ishowspeed3,iShowSpeed,174,tileGrid,Size_2_x_1,,1,IShowSpeed Bundle,10,br,Character_HonorBraceJoust,IShowSpeed,outfit,icon,Icon Series,IShowSpeed,7,1,2025-12-25T00:00:00Z
2026-09-20,v2:/2d756353a350fcf2caf745c11b0d43992efe0dd41ea1035a8009bd268f2fb4d8,"[VIRTUAL]1 x IShowSpeed, 1 x Speed Cam, 1 x ISuperSpeed, 1 x ISuperSpeed's Emblem, 1 x ISuperSpeed's Emblem, 1 x Barrier Breaker, 1 x Speed's Trident, 1 x IShow's Speedboard, 1 x ISpeedStyle, 1 x TBD (SID_Placeholder_721) for -1 MtxCurrency",6600,3000,3600,0.5455,1,2026-09-20T00:00:00Z,2026-09-23T23:59:59.999Z,1,0,-1,ishowspeed3,iShowSpeed,174,tileGrid,Size_2_x_1,,1,IShowSpeed Bundle,10,br,Backpack_HonorBraceJoust,Speed Cam,backpack,icon,Icon Series,IShowSpeed,7,1,2025-12-25T00:00:00Z
2026-09-20,v2:/2d756353a350fcf2caf745c11b0d43992efe0dd41ea1035a8009bd268f2fb4d8,"[VIRTUAL]1 x IShowSpeed, 1 x Speed Cam, 1 x ISuperSpeed, 1 x ISuperSpeed's Emblem, 1 x ISuperSpeed's Emblem, 1 x Barrier Breaker, 1 x Speed's Trident, 1 x IShow's Speedboard, 1 x ISpeedStyle, 1 x TBD (SID_Placeholder_721) for -1 MtxCurrency",6600,3000,3600,0.5455,1,2026-09-20T00:00:00Z,2026-09-23T23:59:59.999Z,1,0,-1,ishowspeed3,iShowSpeed,174,tileGrid,Size_2_x_1,,1,IShowSpeed Bundle,10,br,Character_HonorBraceLeap,ISuperSpeed,outfit,icon,Icon Series,IShowSpeed,7,1,2025-12-25T00:00:00Z
2026-09-20,v2:/2d756353a350fcf2caf745c11b0d43992efe0dd41ea1035a8009bd268f2fb4d8,"[VIRTUAL]1 x IShowSpeed, 1 x Speed Cam, 1 x ISuperSpeed, 1 x ISuperSpeed's Emblem, 1 x ISuperSpeed's Emblem, 1 x Barrier Breaker, 1 x Speed's Trident, 1 x IShow's Speedboard, 1 x ISpeedStyle, 1 x TBD (SID_Placeholder_721) for -1 MtxCurrency",6600,3000,3600,0.5455,1,2026-09-20T00:00:00Z,2026-09-23T23:59:59.999Z,1,0,-1,ishowspeed3,iShowSpeed,174,tileGrid,Size_2_x_1,,1,IShowSpeed Bundle,10,br,Pickaxe_HonorBraceLeap,ISuperSpeed's Emblem,pickaxe,icon,Icon Series,IShowSpeed,7,1,2025-12-25T00:00:00Z
2026-09-20,v2:/2d756353a350fcf2caf745c11b0d43992efe0dd41ea1035a8009bd268f2fb4d8,"[VIRTUAL]1 x IShowSpeed, 1 x Speed Cam, 1 x ISuperSpeed, 1 x ISuperSpeed's Emblem, 1 x ISuperSpeed's Emblem, 1 x Barrier Breaker, 1 x Speed's Trident, 1 x IShow's Speedboard, 1 x ISpeedStyle, 1 x TBD (SID_Placeholder_721) for -1 MtxCurrency",6600,3000,3600,0.5455,1,2026-09-20T00:00:00Z,2026-09-23T23:59:59.999Z,1,0,-1,ishowspeed3,iShowSpeed,174,tileGrid,Size_2_x_1,,1,IShowSpeed Bundle,10,br,Backpack_HonorBraceLeap,ISuperSpeed's Emblem,backpack,icon,Icon Series,IShowSpeed,7,1,2025-12-25T00:00:00Z
2026-09-20,v2:/2d756353a350fcf2caf745c11b0d43992efe0dd41ea1035a8009bd268f2fb4d8,"[VIRTUAL]1 x IShowSpeed, 1 x Speed Cam, 1 x ISuperSpeed, 1 x ISuperSpeed's Emblem, 1 x ISuperSpeed's Emblem, 1 x Barrier Breaker, 1 x Speed's Trident, 1 x IShow's Speedboard, 1 x ISpeedStyle, 1 x TBD (SID_Placeholder_721) for -1 MtxCurrency",6600,3000,3600,0.5455,1,2026-09-20T00:00:00Z,2026-09-23T23:59:59.999Z,1,0,-1,ishowspeed3,iShowSpeed,174,tileGrid,Size_2_x_1,,1,IShowSpeed Bundle,10,br,EID_HonorBraceLeap,Barrier Breaker,emote,icon,Icon Series,IShowSpeed,7,1,2025-12-25T00:00:00Z
2026-09-20,v2:/2d756353a350fcf2caf745c11b0d43992efe0dd41ea1035a8009bd268f2fb4d8,"[VIRTUAL]1 x IShowSpeed, 1 x Speed Cam, 1 x ISuperSpeed, 1 x ISuperSpeed's Emblem, 1 x ISuperSpeed's Emblem, 1 x Barrier Breaker, 1 x Speed's Trident, 1 x IShow's Speedboard, 1 x ISpeedStyle, 1 x TBD (SID_Placeholder_721) for -1 MtxCurrency",6600,3000,3600,0.5455,1,2026-09-20T00:00:00Z,2026-09-23T23:59:59.999Z,1,0,-1,ishowspeed3,iShowSpeed,174,tileGrid,Size_2_x_1,,1,IShowSpeed Bundle,10,br,Pickaxe_HonorBraceJoust,Speed's Trident,pickaxe,icon,Icon Series,IShowSpeed,7,1,2025-12-25T00:00:00Z
2026-09-20,v2:/2d756353a350fcf2caf745c11b0d43992efe0dd41ea1035a8009bd268f2fb4d8,"[VIRTUAL]1 x IShowSpeed, 1 x Speed Cam, 1 x ISuperSpeed, 1 x ISuperSpeed's Emblem, 1 x ISuperSpeed's Emblem, 1 x Barrier Breaker, 1 x Speed's Trident, 1 x IShow's Speedboard, 1 x ISpeedStyle, 1 x TBD (SID_Placeholder_721) for -1 MtxCurrency",6600,3000,3600,0.5455,1,2026-09-20T00:00:00Z,2026-09-23T23:59:59.999Z,1,0,-1,ishowspeed3,iShowSpeed,174,tileGrid,Size_2_x_1,,1,IShowSpeed Bundle,10,br,Glider_HonorBrace,IShow's Speedboard,glider,icon,Icon Series,IShowSpeed,7,1,2025-12-25T00:00:00Z
2026-09-20,v2:/2d756353a350fcf2caf745c11b0d43992efe0dd41ea1035a8009bd268f2fb4d8,"[VIRTUAL]1 x IShowSpeed, 1 x Speed Cam, 1 x ISuperSpeed, 1 x ISuperSpeed's Emblem, 1 x ISuperSpeed's Emblem, 1 x Barrier Breaker, 1 x Speed's Trident, 1 x IShow's Speedboard, 1 x ISpeedStyle, 1 x TBD (SID_Placeholder_721) for -1 MtxCurrency",6600,3000,3600,0.5455,1,2026-09-20T00:00:00Z,2026-09-23T23:59:59.999Z,1,0,-1,ishowspeed3,iShowSpeed,174,tileGrid,Size_2_x_1,,1,IShowSpeed Bundle,10,br,Wrap_HonorBraceJoust,ISpeedStyle,wrap,icon,Icon Series,IShowSpeed,7,1,2025-12-25T00:00:00Z
2026-09-20,v2:/2d756353a350fcf2caf745c11b0d43992efe0dd41ea1035a8009bd268f2fb4d8,"[VIRTUAL]1 x IShowSpeed, 1 x Speed Cam, 1 x ISuperSpeed, 1 x ISuperSpeed's Emblem, 1 x ISuperSpeed's Emblem, 1 x Barrier Breaker, 1 x Speed's Trident, 1 x IShow's Speedboard, 1 x ISpeedStyle, 1 x TBD (SID_Placeholder_721) for -1 MtxCurrency",6600,3000,3600,0.5455,1,2026-09-20T00:00:00Z,2026-09-23T23:59:59.999Z,1,0,-1,ishowspeed3,iShowSpeed,174,tileGrid,Size_2_x_1,,1,IShowSpeed Bundle,10,track,sid_placeholder_721,Head Shot / Gas In The Truck,,,,,,,2025-12-25T00:00:00Z
2026-09-20,v2:/50441f0db4789799ba1dfcb8ec02ffd111a87fce7ea3dd24574c28f5695dd13b,[VIRTUAL]1 x Jeweled Cat for 400 MtxCurrency,400,400,0,0.0,0,2026-09-18T00:00:00Z,2026-09-22T23:59:59.999Z,1,0,-1,,,,,Size_1_x_1,,0,,1,br,BID_361_BlackMondayFemale_R0P2N,Jeweled Cat,backpack,dc,DC SERIES,Gotham City,1,X,2019-11-20T12:50:31Z
2026-09-20,v2:/4a4f415a0a75cdd695bb3ea541d3a50827f6e16a42e23d7a5b6787a97683e52e,[VIRTUAL]1 x Kryptonite for 500 MtxCurrency,500,500,0,0.0,0,2026-09-01T00:00:00Z,2026-09-30T23:59:59.999Z,1,0,-86,JT091826,Jam Tracks,176,expandableList,Size_1_x_1,,0,,1,track,sid_placeholder_300,Kryptonite,,,,,,,2024-12-26T14:34:39Z
2026-09-20,v2:/a9eca3874d62a0122b6fec0c92986dbd17fdbfbbfe36a9cd401bbe9f960f01ae,"[VIRTUAL]1 x Ironmouse, 1 x Ironmouse's Blade of Love for -1 MtxCurrency",1800,1800,0,0.0,0,2026-09-19T00:00:00Z,2026-10-02T23:59:59.999Z,1,0,-1,IronMouse,Ironmouse,195,tileGrid,Size_1_x_1,,0,,2,br,Character_FeelUnionSki,Ironmouse,outfit,epic,,Ironmouse,7,4,2026-09-17T16:17:14Z
2026-09-20,v2:/a9eca3874d62a0122b6fec0c92986dbd17fdbfbbfe36a9cd401bbe9f960f01ae,"[VIRTUAL]1 x Ironmouse, 1 x Ironmouse's Blade of Love for -1 MtxCurrency",1800,1800,0,0.0,0,2026-09-19T00:00:00Z,2026-10-02T23:59:59.999Z,1,0,-1,IronMouse,Ironmouse,195,tileGrid,Size_1_x_1,,0,,2,br,Pickaxe_FeelUnionSki,Ironmouse's Blade of Love,pickaxe,rare,,Ironmouse,7,4,2026-09-17T16:17:14Z
2026-09-20,v2:/29d77ef1b6f849da537f80e7583551589694c6f3ce84790405439daf56b7f969,[VIRTUAL]1 x The Maw for 300 MtxCurrency,300,300,0,0.0,0,2026-09-15T00:00:00Z,2026-09-21T23:59:59.999Z,1,0,-3,,,,,Size_1_x_1,,0,,1,br,Backpack_MelodyUrchin,The Maw,backpack,uncommon,,Rave Nautilus,4,4,2023-10-10T11:59:07Z
2026-09-20,v2:/00eba3f648f5f909e6843b6b62e0f05938863024271bf4a816194973c6d0bb13,[VIRTUAL]1 x TBD (SID_Placeholder_721) for 500 MtxCurrency,500,500,0,0.0,0,2026-09-20T00:00:00Z,2026-09-23T23:59:59.999Z,1,0,-4,ishowspeed3,iShowSpeed,174,tileGrid,Size_1_x_1,,0,,1,track,sid_placeholder_721,Head Shot / Gas In The Truck,,,,,,,2025-12-25T00:00:00Z
2026-09-20,v2:/e33e179685bf3484409e2e0c5007f08175661bc81ccbe7451005aa0003333dec,[VIRTUAL]1 x Batman Beyond Wings for 800 MtxCurrency,800,800,0,0.0,0,2026-09-18T00:00:00Z,2026-09-22T23:59:59.999Z,1,0,-4,Batmanday,Batman,190,tileGrid,Size_1_x_1,,0,,1,br,Glider_GuideQuiz,Batman Beyond Wings,glider,dc,DC SERIES,Batman Beyond,7,1,2025-12-22T00:00:00Z
2026-09-20,v2:/05b242ab3e0d61be8de2431a7d0ac296ac9b0207021c81b0ffb03271cb083de1,[VIRTUAL]1 x IShow's Speedboard for 800 MtxCurrency,800,800,0,0.0,0,2026-09-20T00:00:00Z,2026-09-23T23:59:59.999Z,1,0,-4,ishowspeed3,iShowSpeed,174,tileGrid,Size_1_x_1,,0,,1,br,Glider_HonorBrace,IShow's Speedboard,glider,icon,Icon Series,IShowSpeed,7,1,2025-12-25T00:00:00Z
2026-09-20,v2:/f185e043c02c07d43e23a92bf097800210bd06b9c31a80863387895fe5b4b29c,"[VIRTUAL]1 x Hades (Lord of the Dead), 1 x Underworld Poison for -1 MtxCurrency",1500,1500,0,0.0,0,2026-09-18T00:00:00Z,2026-09-21T23:59:59.999Z,1,0,-1,hugevillian,Disney,196,tileGrid,Size_1_x_1,,1,Hades (Lord of the Dead),2,br,Character_FlickLedge,Hades (Lord of the Dead),outfit,epic,,Disney's Hercules,7,2,2026-03-27T13:00:19Z
2026-09-20,v2:/f185e043c02c07d43e23a92bf097800210bd06b9c31a80863387895fe5b4b29c,"[VIRTUAL]1 x Hades (Lord of the Dead), 1 x Underworld Poison for -1 MtxCurrency",1500,1500,0,0.0,0,2026-09-18T00:00:00Z,2026-09-21T23:59:59.999Z,1,0,-1,hugevillian,Disney,196,tileGrid,Size_1_x_1,,1,Hades (Lord of the Dead),2,br,Backpack_FlickLedge,Underworld Poison,backpack,rare,,Disney's Hercules,7,2,2026-03-27T13:00:19Z
2026-09-20,v2:/033c1e357d437bf53c3c8949af4d251e4beb6bd57b9b68fb9c4edfc19cf63d56,[VIRTUAL]1 x Hey Ya! for 500 MtxCurrency,500,500,0,0.0,0,2026-09-01T00:00:00Z,2026-09-30T23:59:59.999Z,1,0,-84,JT091826,Jam Tracks,176,expandableList,Size_1_x_1,,0,,1,track,sid_placeholder_283,Hey Ya!,,,,,,,2024-11-27T14:32:37Z
2026-09-20,v2:/0835674d182e7b8759ce9e992a742c738ed052184965b14078785fac0610cb8a,"[VIRTUAL]1 x Soul Eater, 1 x Soul Eater for 800 MtxCurrency",800,800,0,0.0,0,2026-09-17T00:00:00Z,2026-10-01T23:59:59.999Z,1,0,-2,KingdomHearts,Kingdom Hearts ,197,tileGrid,Size_1_x_1,,0,,2,br,Pickaxe_VealCadet,Soul Eater,pickaxe,gaminglegends,Gaming Legends Series,Kingdom Hearts,7,4,2026-09-17T08:00:00Z
2026-09-20,v2:/0835674d182e7b8759ce9e992a742c738ed052184965b14078785fac0610cb8a,"[VIRTUAL]1 x Soul Eater, 1 x Soul Eater for 800 MtxCurrency",800,800,0,0.0,0,2026-09-17T00:00:00Z,2026-10-01T23:59:59.999Z,1,0,-2,KingdomHearts,Kingdom Hearts ,197,tileGrid,Size_1_x_1,,0,,2,br,Backpack_VealCadet,Soul Eater,backpack,gaminglegends,Gaming Legends Series,Kingdom Hearts,7,4,2026-09-17T08:00:00Z
2026-09-20,v2:/15d8472d709f4472a692b0ad5c46b2b04bde12c4f4c1c5dbbcc8b436babe981a,[VIRTUAL]1 x Pac-Sneaks for 1000 MtxCurrency,1000,1000,0,0.0,0,2026-09-19T00:00:00Z,2026-09-25T23:59:59.999Z,1,0,-4,PacMan,Pac-Man ,191,tileGrid,Size_2_x_1,,0,,1,br,Shoes_TrikeFunnyLike,Pac-Sneaks,shoe,gaminglegends,Gaming Legends Series,Pac-Man,7,4,2026-09-17T16:17:14Z
2026-09-20,v2:/b799295520e503608639d53db49c9d3fd1a98b82e3cf399f6f9e57a2699c52e9,[VIRTUAL]1 x Nightmare for 500 MtxCurrency,500,500,0,0.0,0,2026-09-01T00:00:00Z,2026-09-30T23:59:59.999Z,1,0,-55,JT091826,Jam Tracks,176,expandableList,Size_1_x_1,,0,,1,track,sid_placeholder_301,Nightmare,,,,,,,2024-10-17T13:33:26Z
2026-09-20,v2:/95fc32b65727dca17b8ac6ae1eb5a3009ac3b5e61bb7f9af1382979a6095624d,[VIRTUAL]1 x Ironmouse Worm for 500 MtxCurrency,500,500,0,0.0,0,2026-09-19T00:00:00Z,2026-10-02T23:59:59.999Z,1,0,-2,IronMouse,Ironmouse,195,tileGrid,Size_1_x_1,,0,,1,br,Backpack_FeelUnionMoo,Ironmouse Worm,backpack,rare,,Ironmouse,7,4,2026-09-17T16:17:14Z
2026-09-20,v2:/c15d11e8f12bd70aa199371a0a28e6e69a6405c74a64b4c52187578b6a9c728e,[VIRTUAL]1 x Bubi for 500 MtxCurrency,500,500,0,0.0,0,2026-09-19T00:00:00Z,2026-10-02T23:59:59.999Z,1,0,-3,IronMouse,Ironmouse,195,tileGrid,Size_1_x_1,,0,,1,br,Backpack_FeelUnionSki,Bubi,backpack,rare,,Ironmouse,7,4,2026-09-17T16:17:14Z
2026-09-20,v2:/494634ca8a1ee99499d4b5f9dbefe0c8be2dc595f8f2ba66f729738414243d45,[VIRTUAL]1 x Just Dance for 500 MtxCurrency,500,500,0,0.0,0,2026-09-01T00:00:00Z,2026-09-30T23:59:59.999Z,1,0,-53,JT091826,Jam Tracks,176,expandableList,Size_1_x_1,,0,,1,track,sid_placeholder_80,Just Dance,,,,,,,2024-02-22T09:00:00Z
2026-09-20,v2:/f1d4a7ea84475d08d950f713e01c0271a16a3995f1301c834002990bda159b67,[VIRTUAL]1 x TBD (SID_Placeholder_722) for 500 MtxCurrency,500,500,0,0.0,0,2026-09-01T00:00:00Z,2026-09-30T23:59:59.999Z,1,0,-96,JT091826,Jam Tracks,176,expandableList,Size_1_x_1,,0,,1,track,sid_placeholder_722,future base,,,,,,,2026-01-13T19:59:54Z
2026-09-20,v2:/cf2f952b10258214166d065211198afe6915b7f7cd71a43c8629f3fae1c6c59a,[VIRTUAL]1 x I Had Some Help for 500 MtxCurrency,500,500,0,0.0,0,2026-09-01T00:00:00Z,2026-09-30T23:59:59.999Z,1,0,-6,JT091826,Jam Tracks,176,expandableList,Size_1_x_1,,0,,1,track,sid_placeholder_248,I Had Some Help,,,,,,,2024-06-06T13:32:50Z
2026-09-20,v2:/9726928ac9ffc7a56ed88b7cdcdd477d1029a3688d9599b2284fc60475187c22,"[VIRTUAL]1 x Kairi, 1 x Destiny's Embrace, 1 x Destiny's Embrace for -1 MtxCurrency",1600,1600,0,0.0,0,2026-09-17T00:00:00Z,2026-10-01T23:59:59.999Z,1,0,-4,KingdomHearts,Kingdom Hearts ,197,tileGrid,Size_1_x_1,,0,,3,br,Character_WaningCacti,Kairi,outfit,gaminglegends,Gaming Legends Series,Kingdom Hearts,7,4,2026-09-17T08:00:00Z
2026-09-20,v2:/9726928ac9ffc7a56ed88b7cdcdd477d1029a3688d9599b2284fc60475187c22,"[VIRTUAL]1 x Kairi, 1 x Destiny's Embrace, 1 x Destiny's Embrace for -1 MtxCurrency",1600,1600,0,0.0,0,2026-09-17T00:00:00Z,2026-10-01T23:59:59.999Z,1,0,-4,KingdomHearts,Kingdom Hearts ,197,tileGrid,Size_1_x_1,,0,,3,br,Pickaxe_WaningCacti,Destiny's Embrace,pickaxe,gaminglegends,Gaming Legends Series,Kingdom Hearts,7,4,2026-09-17T08:00:00Z
2026-09-20,v2:/9726928ac9ffc7a56ed88b7cdcdd477d1029a3688d9599b2284fc60475187c22,"[VIRTUAL]1 x Kairi, 1 x Destiny's Embrace, 1 x Destiny's Embrace for -1 MtxCurrency",1600,1600,0,0.0,0,2026-09-17T00:00:00Z,2026-10-01T23:59:59.999Z,1,0,-4,KingdomHearts,Kingdom Hearts ,197,tileGrid,Size_1_x_1,,0,,3,br,Backpack_WaningCacti,Destiny's Embrace,backpack,gaminglegends,Gaming Legends Series,Kingdom Hearts,7,4,2026-09-17T08:00:00Z
2026-09-20,v2:/a2ccfd56b66f6f209830133c99d75b32794f6421f2cfb16485d9cc15cd5e17b4,[VIRTUAL]1 x Celebrate Me for 500 MtxCurrency,500,500,0,0.0,0,2026-09-18T00:00:00Z,2026-09-21T23:59:59.999Z,1,0,-3,VV092026,Dance Floor,193,tileGrid,Size_1_x_1,,0,,1,br,EID_Cottontail,Celebrate Me,emote,icon,Icon Series,,4,3,2023-07-17T00:00:00Z
2026-09-20,v2:/8648bb18594fb7adfdd8fedd8b0b86aba262f88f810bf7085e8227982a430e37,"[VIRTUAL]1 x Lucyna Kushinada, 1 x Rebecca Plushie for -1 MtxCurrency",1500,1500,0,0.0,0,2026-09-20T00:00:00Z,2026-09-26T23:59:59.999Z,1,0,-1,CyberpunkEdgerunnersNew,Cyberpunk Edgerunners ,198,tileGrid,Size_2_x_1,,0,,2,br,Character_FaithPerch,Lucyna Kushinada,outfit,epic,,Cyberpunk Edgerunners,7,4,2026-09-17T16:17:14Z
2026-09-20,v2:/8648bb18594fb7adfdd8fedd8b0b86aba262f88f810bf7085e8227982a430e37,"[VIRTUAL]1 x Lucyna Kushinada, 1 x Rebecca Plushie for -1 MtxCurrency",1500,1500,0,0.0,0,2026-09-20T00:00:00Z,2026-09-26T23:59:59.999Z,1,0,-1,CyberpunkEdgerunnersNew,Cyberpunk Edgerunners ,198,tileGrid,Size_2_x_1,,0,,2,br,Backpack_FaithPerch,Rebecca Plushie,backpack,rare,,Cyberpunk Edgerunners,7,4,2026-09-17T16:17:14Z
2026-09-20,v2:/52b627ae298f199c42eed52df607ee6064cdacb617e64420d2e23a5e839b850b,[VIRTUAL]1 x Wrappuccina for 500 MtxCurrency,500,500,0,0.0,0,2026-09-19T00:00:00Z,2026-09-21T23:59:59.999Z,1,0,-1,BrainRot,BrainRot,189,tileGrid,Size_1_x_1,,0,,1,br,Wrap_LumpyMuddy,Wrappuccina,wrap,rare,,Brainrot,7,2,2026-04-01T08:41:08Z
2026-09-20,v2:/1f0f4d39bb88c086ae28226a5ec0916f0aadbeff34d9625bfd25035f33b457c3,[VIRTUAL]1 x TBD (SID_Placeholder_455) for 500 MtxCurrency,500,500,0,0.0,0,2026-09-01T00:00:00Z,2026-09-30T23:59:59.999Z,1,0,-71,JT091826,Jam Tracks,176,expandableList,Size_1_x_1,,0,,1,track,sid_placeholder_455,IDOL,,,,,,,2025-02-06T21:54:35Z
2026-09-20,v2:/f6561092570ce7a7f5cb02b838c1d1c199aed3f873e5d26564b78481a8745491,[VIRTUAL]1 x SexyBack for 500 MtxCurrency,500,500,0,0.0,0,2026-09-01T00:00:00Z,2026-09-30T23:59:59.999Z,1,0,-39,JT091826,Jam Tracks,176,expandableList,Size_1_x_1,,0,,1,track,sid_placeholder_342,SexyBack,,,,,,,2024-09-27T00:00:00Z
2026-09-20,v2:/0d72c50f1758dd0bc89ae0ec6f46e313d89c33f949b45c14267e9933e0d0b34e,[VIRTUAL]1 x Dr. Theodore Flyesbee for 1200 MtxCurrency,1200,1200,0,0.0,0,2026-09-18T00:00:00Z,2026-09-20T23:59:59.999Z,1,0,-2,BR092026,Fit Check,181,tileGrid,Size_1_x_1,,0,,1,br,Character_CrawlyTech,Dr. Theodore Flyesbee,outfit,epic,,Fly-entific Method,6,5,2025-09-18T13:08:36Z
2026-09-20,v2:/107a133c32ed9f207f840ce610fa7555e4a2b3ffe29ac7701f3b31278a6469b3,[VIRTUAL]1 x Donald Duck TSUM for 500 MtxCurrency,500,500,0,0.0,0,2026-09-18T00:00:00Z,2026-09-21T23:59:59.999Z,1,0,-2,hugevillian,Disney,196,tileGrid,Size_1_x_1,,0,,1,br,Backpack_MonkeyPatentHowl,Donald Duck TSUM,backpack,rare,,TSUM TSUM,7,1,2026-02-23T00:00:00Z
2026-09-20,v2:/86aedfb4c858fc41c0e044ebec5dec3e2ce983535b74a5b467c7a86bf8f8ceba,"[VIRTUAL]1 x Batman Beyond, 1 x Batman Beyond Wings for -1 MtxCurrency",1500,1500,0,0.0,0,2026-09-18T00:00:00Z,2026-09-22T23:59:59.999Z,1,0,-1,Batmanday,Batman,190,tileGrid,Size_1_x_1,,1,Batman Beyond,2,br,Character_GuideQuiz,Batman Beyond,outfit,dc,DC SERIES,Batman Beyond,7,1,2025-12-22T00:00:00Z
2026-09-20,v2:/86aedfb4c858fc41c0e044ebec5dec3e2ce983535b74a5b467c7a86bf8f8ceba,"[VIRTUAL]1 x Batman Beyond, 1 x Batman Beyond Wings for -1 MtxCurrency",1500,1500,0,0.0,0,2026-09-18T00:00:00Z,2026-09-22T23:59:59.999Z,1,0,-1,Batmanday,Batman,190,tileGrid,Size_1_x_1,,1,Batman Beyond,2,br,Glider_GuideQuiz,Batman Beyond Wings,glider,dc,DC SERIES,Batman Beyond,7,1,2025-12-22T00:00:00Z
2026-09-20,v2:/4b81058798e46288ef59b783edaa49eace7aa1f288587ca83f1900436961ae50,"[VIRTUAL]1 x Decora Ironmouse, 1 x Ironmouse Worm, 1 x Ironmouse, 1 x Ironmouse's Blade of Love, 1 x Bubi, 1 x Cry For Me, 1 x Hell Again, 1 x Mouse Mode, 1 x Ironmouse's Bubi Mic, 1 x Ironmouse's Bubi Mic, 1 x Ironmouse's Bubi Mic, 1 x TBD (SID_Placeholder_852), 1 x TBD (SID_Placeholder_854), 1 x TBD (SID_Placeholder_858), 1 x Headstones and an Ironmouse for -1 MtxCurrency",7600,3400,4200,0.5526,1,2026-09-19T00:00:00Z,2026-10-02T23:59:59.999Z,1,0,-2,IronMouse,Ironmouse,195,billboard,Size_4_x_1,,1,Ironmouse Bundle,15,br,Character_FeelUnionMoo,Decora Ironmouse,outfit,epic,,Ironmouse,7,4,2026-09-17T16:17:14Z
2026-09-20,v2:/4b81058798e46288ef59b783edaa49eace7aa1f288587ca83f1900436961ae50,"[VIRTUAL]1 x Decora Ironmouse, 1 x Ironmouse Worm, 1 x Ironmouse, 1 x Ironmouse's Blade of Love, 1 x Bubi, 1 x Cry For Me, 1 x Hell Again, 1 x Mouse Mode, 1 x Ironmouse's Bubi Mic, 1 x Ironmouse's Bubi Mic, 1 x Ironmouse's Bubi Mic, 1 x TBD (SID_Placeholder_852), 1 x TBD (SID_Placeholder_854), 1 x TBD (SID_Placeholder_858), 1 x Headstones and an Ironmouse for -1 MtxCurrency",7600,3400,4200,0.5526,1,2026-09-19T00:00:00Z,2026-10-02T23:59:59.999Z,1,0,-2,IronMouse,Ironmouse,195,billboard,Size_4_x_1,,1,Ironmouse Bundle,15,br,Backpack_FeelUnionMoo,Ironmouse Worm,backpack,rare,,Ironmouse,7,4,2026-09-17T16:17:14Z
2026-09-20,v2:/4b81058798e46288ef59b783edaa49eace7aa1f288587ca83f1900436961ae50,"[VIRTUAL]1 x Decora Ironmouse, 1 x Ironmouse Worm, 1 x Ironmouse, 1 x Ironmouse's Blade of Love, 1 x Bubi, 1 x Cry For Me, 1 x Hell Again, 1 x Mouse Mode, 1 x Ironmouse's Bubi Mic, 1 x Ironmouse's Bubi Mic, 1 x Ironmouse's Bubi Mic, 1 x TBD (SID_Placeholder_852), 1 x TBD (SID_Placeholder_854), 1 x TBD (SID_Placeholder_858), 1 x Headstones and an Ironmouse for -1 MtxCurrency",7600,3400,4200,0.5526,1,2026-09-19T00:00:00Z,2026-10-02T23:59:59.999Z,1,0,-2,IronMouse,Ironmouse,195,billboard,Size_4_x_1,,1,Ironmouse Bundle,15,br,Character_FeelUnionSki,Ironmouse,outfit,epic,,Ironmouse,7,4,2026-09-17T16:17:14Z
2026-09-20,v2:/4b81058798e46288ef59b783edaa49eace7aa1f288587ca83f1900436961ae50,"[VIRTUAL]1 x Decora Ironmouse, 1 x Ironmouse Worm, 1 x Ironmouse, 1 x Ironmouse's Blade of Love, 1 x Bubi, 1 x Cry For Me, 1 x Hell Again, 1 x Mouse Mode, 1 x Ironmouse's Bubi Mic, 1 x Ironmouse's Bubi Mic, 1 x Ironmouse's Bubi Mic, 1 x TBD (SID_Placeholder_852), 1 x TBD (SID_Placeholder_854), 1 x TBD (SID_Placeholder_858), 1 x Headstones and an Ironmouse for -1 MtxCurrency",7600,3400,4200,0.5526,1,2026-09-19T00:00:00Z,2026-10-02T23:59:59.999Z,1,0,-2,IronMouse,Ironmouse,195,billboard,Size_4_x_1,,1,Ironmouse Bundle,15,br,Pickaxe_FeelUnionSki,Ironmouse's Blade of Love,pickaxe,rare,,Ironmouse,7,4,2026-09-17T16:17:14Z
2026-09-20,v2:/4b81058798e46288ef59b783edaa49eace7aa1f288587ca83f1900436961ae50,"[VIRTUAL]1 x Decora Ironmouse, 1 x Ironmouse Worm, 1 x Ironmouse, 1 x Ironmouse's Blade of Love, 1 x Bubi, 1 x Cry For Me, 1 x Hell Again, 1 x Mouse Mode, 1 x Ironmouse's Bubi Mic, 1 x Ironmouse's Bubi Mic, 1 x Ironmouse's Bubi Mic, 1 x TBD (SID_Placeholder_852), 1 x TBD (SID_Placeholder_854), 1 x TBD (SID_Placeholder_858), 1 x Headstones and an Ironmouse for -1 MtxCurrency",7600,3400,4200,0.5526,1,2026-09-19T00:00:00Z,2026-10-02T23:59:59.999Z,1,0,-2,IronMouse,Ironmouse,195,billboard,Size_4_x_1,,1,Ironmouse Bundle,15,br,Backpack_FeelUnionSki,Bubi,backpack,rare,,Ironmouse,7,4,2026-09-17T16:17:14Z
2026-09-20,v2:/4b81058798e46288ef59b783edaa49eace7aa1f288587ca83f1900436961ae50,"[VIRTUAL]1 x Decora Ironmouse, 1 x Ironmouse Worm, 1 x Ironmouse, 1 x Ironmouse's Blade of Love, 1 x Bubi, 1 x Cry For Me, 1 x Hell Again, 1 x Mouse Mode, 1 x Ironmouse's Bubi Mic, 1 x Ironmouse's Bubi Mic, 1 x Ironmouse's Bubi Mic, 1 x TBD (SID_Placeholder_852), 1 x TBD (SID_Placeholder_854), 1 x TBD (SID_Placeholder_858), 1 x Headstones and an Ironmouse for -1 MtxCurrency",7600,3400,4200,0.5526,1,2026-09-19T00:00:00Z,2026-10-02T23:59:59.999Z,1,0,-2,IronMouse,Ironmouse,195,billboard,Size_4_x_1,,1,Ironmouse Bundle,15,br,EID_FeelUnionSki,Cry For Me,emote,uncommon,,Ironmouse,7,4,2026-09-17T16:17:14Z
2026-09-20,v2:/4b81058798e46288ef59b783edaa49eace7aa1f288587ca83f1900436961ae50,"[VIRTUAL]1 x Decora Ironmouse, 1 x Ironmouse Worm, 1 x Ironmouse, 1 x Ironmouse's Blade of Love, 1 x Bubi, 1 x Cry For Me, 1 x Hell Again, 1 x Mouse Mode, 1 x Ironmouse's Bubi Mic, 1 x Ironmouse's Bubi Mic, 1 x Ironmouse's Bubi Mic, 1 x TBD (SID_Placeholder_852), 1 x TBD (SID_Placeholder_854), 1 x TBD (SID_Placeholder_858), 1 x Headstones and an Ironmouse for -1 MtxCurrency",7600,3400,4200,0.5526,1,2026-09-19T00:00:00Z,2026-10-02T23:59:59.999Z,1,0,-2,IronMouse,Ironmouse,195,billboard,Size_4_x_1,,1,Ironmouse Bundle,15,br,EID_FeelUnionMoo,Hell Again,emote,uncommon,,Ironmouse,7,4,2026-09-17T16:17:14Z
2026-09-20,v2:/4b81058798e46288ef59b783edaa49eace7aa1f288587ca83f1900436961ae50,"[VIRTUAL]1 x Decora Ironmouse, 1 x Ironmouse Worm, 1 x Ironmouse, 1 x Ironmouse's Blade of Love, 1 x Bubi, 1 x Cry For Me, 1 x Hell Again, 1 x Mouse Mode, 1 x Ironmouse's Bubi Mic, 1 x Ironmouse's Bubi Mic, 1 x Ironmouse's Bubi Mic, 1 x TBD (SID_Placeholder_852), 1 x TBD (SID_Placeholder_854), 1 x TBD (SID_Placeholder_858), 1 x Headstones and an Ironmouse for -1 MtxCurrency",7600,3400,4200,0.5526,1,2026-09-19T00:00:00Z,2026-10-02T23:59:59.999Z,1,0,-2,IronMouse,Ironmouse,195,billboard,Size_4_x_1,,1,Ironmouse Bundle,15,br,Wrap_FeelUnion,Mouse Mode,wrap,rare,,Ironmouse,7,4,2026-09-17T16:17:14Z
2026-09-20,v2:/4b81058798e46288ef59b783edaa49eace7aa1f288587ca83f1900436961ae50,"[VIRTUAL]1 x Decora Ironmouse, 1 x Ironmouse Worm, 1 x Ironmouse, 1 x Ironmouse's Blade of Love, 1 x Bubi, 1 x Cry For Me, 1 x Hell Again, 1 x Mouse Mode, 1 x Ironmouse's Bubi Mic, 1 x Ironmouse's Bubi Mic, 1 x Ironmouse's Bubi Mic, 1 x TBD (SID_Placeholder_852), 1 x TBD (SID_Placeholder_854), 1 x TBD (SID_Placeholder_858), 1 x Headstones and an Ironmouse for -1 MtxCurrency",7600,3400,4200,0.5526,1,2026-09-19T00:00:00Z,2026-10-02T23:59:59.999Z,1,0,-2,IronMouse,Ironmouse,195,billboard,Size_4_x_1,,1,Ironmouse Bundle,15,br,Pickaxe_FeelUnionMoo_Mic,Ironmouse's Bubi Mic,pickaxe,rare,,Ironmouse,7,4,2026-09-17T16:17:14Z
2026-09-20,v2:/4b81058798e46288ef59b783edaa49eace7aa1f288587ca83f1900436961ae50,"[VIRTUAL]1 x Decora Ironmouse, 1 x Ironmouse Worm, 1 x Ironmouse, 1 x Ironmouse's Blade of Love, 1 x Bubi, 1 x Cry For Me, 1 x Hell Again, 1 x Mouse Mode, 1 x Ironmouse's Bubi Mic, 1 x Ironmouse's Bubi Mic, 1 x Ironmouse's Bubi Mic, 1 x TBD (SID_Placeholder_852), 1 x TBD (SID_Placeholder_854), 1 x TBD (SID_Placeholder_858), 1 x Headstones and an Ironmouse for -1 MtxCurrency",7600,3400,4200,0.5526,1,2026-09-19T00:00:00Z,2026-10-02T23:59:59.999Z,1,0,-2,IronMouse,Ironmouse,195,billboard,Size_4_x_1,,1,Ironmouse Bundle,15,br,Backpack_FeelUnionMoo_Mic,Ironmouse's Bubi Mic,backpack,rare,,Ironmouse,7,4,2026-09-17T16:17:14Z
2026-09-20,v2:/4b81058798e46288ef59b783edaa49eace7aa1f288587ca83f1900436961ae50,"[VIRTUAL]1 x Decora Ironmouse, 1 x Ironmouse Worm, 1 x Ironmouse, 1 x Ironmouse's Blade of Love, 1 x Bubi, 1 x Cry For Me, 1 x Hell Again, 1 x Mouse Mode, 1 x Ironmouse's Bubi Mic, 1 x Ironmouse's Bubi Mic, 1 x Ironmouse's Bubi Mic, 1 x TBD (SID_Placeholder_852), 1 x TBD (SID_Placeholder_854), 1 x TBD (SID_Placeholder_858), 1 x Headstones and an Ironmouse for -1 MtxCurrency",7600,3400,4200,0.5526,1,2026-09-19T00:00:00Z,2026-10-02T23:59:59.999Z,1,0,-2,IronMouse,Ironmouse,195,billboard,Size_4_x_1,,1,Ironmouse Bundle,15,br,LoadingScreen_FeelUnionKeyArt,Headstones and an Ironmouse,loadingscreen,uncommon,,Ironmouse,7,4,2026-09-17T16:17:14Z
2026-09-20,v2:/4b81058798e46288ef59b783edaa49eace7aa1f288587ca83f1900436961ae50,"[VIRTUAL]1 x Decora Ironmouse, 1 x Ironmouse Worm, 1 x Ironmouse, 1 x Ironmouse's Blade of Love, 1 x Bubi, 1 x Cry For Me, 1 x Hell Again, 1 x Mouse Mode, 1 x Ironmouse's Bubi Mic, 1 x Ironmouse's Bubi Mic, 1 x Ironmouse's Bubi Mic, 1 x TBD (SID_Placeholder_852), 1 x TBD (SID_Placeholder_854), 1 x TBD (SID_Placeholder_858), 1 x Headstones and an Ironmouse for -1 MtxCurrency",7600,3400,4200,0.5526,1,2026-09-19T00:00:00Z,2026-10-02T23:59:59.999Z,1,0,-2,IronMouse,Ironmouse,195,billboard,Size_4_x_1,,1,Ironmouse Bundle,15,track,sid_placeholder_852,Meow,,,,,,,2026-09-16T14:45:02Z
2026-09-20,v2:/4b81058798e46288ef59b783edaa49eace7aa1f288587ca83f1900436961ae50,"[VIRTUAL]1 x Decora Ironmouse, 1 x Ironmouse Worm, 1 x Ironmouse, 1 x Ironmouse's Blade of Love, 1 x Bubi, 1 x Cry For Me, 1 x Hell Again, 1 x Mouse Mode, 1 x Ironmouse's Bubi Mic, 1 x Ironmouse's Bubi Mic, 1 x Ironmouse's Bubi Mic, 1 x TBD (SID_Placeholder_852), 1 x TBD (SID_Placeholder_854), 1 x TBD (SID_Placeholder_858), 1 x Headstones and an Ironmouse for -1 MtxCurrency",7600,3400,4200,0.5526,1,2026-09-19T00:00:00Z,2026-10-02T23:59:59.999Z,1,0,-2,IronMouse,Ironmouse,195,billboard,Size_4_x_1,,1,Ironmouse Bundle,15,track,sid_placeholder_854,Hell Again,,,,,,,2026-09-16T14:47:03Z
2026-09-20,v2:/4b81058798e46288ef59b783edaa49eace7aa1f288587ca83f1900436961ae50,"[VIRTUAL]1 x Decora Ironmouse, 1 x Ironmouse Worm, 1 x Ironmouse, 1 x Ironmouse's Blade of Love, 1 x Bubi, 1 x Cry For Me, 1 x Hell Again, 1 x Mouse Mode, 1 x Ironmouse's Bubi Mic, 1 x Ironmouse's Bubi Mic, 1 x Ironmouse's Bubi Mic, 1 x TBD (SID_Placeholder_852), 1 x TBD (SID_Placeholder_854), 1 x TBD (SID_Placeholder_858), 1 x Headstones and an Ironmouse for -1 MtxCurrency",7600,3400,4200,0.5526,1,2026-09-19T00:00:00Z,2026-10-02T23:59:59.999Z,1,0,-2,IronMouse,Ironmouse,195,billboard,Size_4_x_1,,1,Ironmouse Bundle,15,track,sid_placeholder_858,Cry For Me (Wa Wa Wa),,,,,,,2026-09-16T14:46:03Z
2026-09-20,v2:/4b81058798e46288ef59b783edaa49eace7aa1f288587ca83f1900436961ae50,"[VIRTUAL]1 x Decora Ironmouse, 1 x Ironmouse Worm, 1 x Ironmouse, 1 x Ironmouse's Blade of Love, 1 x Bubi, 1 x Cry For Me, 1 x Hell Again, 1 x Mouse Mode, 1 x Ironmouse's Bubi Mic, 1 x Ironmouse's Bubi Mic, 1 x Ironmouse's Bubi Mic, 1 x TBD (SID_Placeholder_852), 1 x TBD (SID_Placeholder_854), 1 x TBD (SID_Placeholder_858), 1 x Headstones and an Ironmouse for -1 MtxCurrency",7600,3400,4200,0.5526,1,2026-09-19T00:00:00Z,2026-10-02T23:59:59.999Z,1,0,-2,IronMouse,Ironmouse,195,billboard,Size_4_x_1,,1,Ironmouse Bundle,15,instrument,Sparks_FeelUnionMoo_Mic,Ironmouse's Bubi Mic,mic,common,,,,,2026-09-17T16:17:14Z
2026-09-20,v2:/40fc25c2c6c0b63a43acf7849c2fd953a71fa2cc21b24486886be6379dd878ee,[VIRTUAL]1 x Crimson Hooves for 600 MtxCurrency,600,600,0,0.0,0,2026-09-14T00:00:00Z,2026-09-20T23:59:59.999Z,1,0,-3,BR092026,Fit Check,181,tileGrid,Size_1_x_1,,0,,1,br,Shoes_DevilDash,Crimson Hooves,shoe,uncommon,,,6,5,2025-10-11T00:24:36Z
2026-09-20,v2:/e14e84679bbca5359b1bf3e575aadc134cfcc82c5d2721950fbf02e4daaf2850,[VIRTUAL]1 x TBD (SID_Placeholder_690) for 500 MtxCurrency,500,500,0,0.0,0,2026-09-18T00:00:00Z,2026-09-24T23:59:59.999Z,1,0,-3,JT091826,Jam Tracks,176,tileGrid,Size_1_x_1,,0,,1,track,sid_placeholder_690,Enemy,,,,,,,2025-11-29T19:00:00Z
2026-09-20,v2:/34f2bc16fef4b9d95789f6c945f9632d7658f64125ae5d6ce665fbd1942d1091,[VIRTUAL]1 x TBD (SID_Placeholder_697) for 500 MtxCurrency,500,500,0,0.0,0,2026-09-01T00:00:00Z,2026-09-30T23:59:59.999Z,1,0,-14,JT091826,Jam Tracks,176,expandableList,Size_1_x_1,,0,,1,track,sid_placeholder_697,New Woman,,,,,,,2025-11-29T19:00:00Z
2026-09-20,v2:/4635f6c406f510b2373cbba16c1752119c8ffc4a02ba2177dc9b5f5ec3e773c8,[VIRTUAL]1 x Speed's Trident for 800 MtxCurrency,800,800,0,0.0,0,2026-09-20T00:00:00Z,2026-09-23T23:59:59.999Z,1,0,-2,ishowspeed3,iShowSpeed,174,tileGrid,Size_1_x_1,,0,,1,br,Pickaxe_HonorBraceJoust,Speed's Trident,pickaxe,icon,Icon Series,IShowSpeed,7,1,2025-12-25T00:00:00Z
2026-09-20,v2:/c8ec47e4aa850b7135877ecfd42982f459fdc821961c14a96d60598f97726e6d,[VIRTUAL]1 x Tung Thunker for 500 MtxCurrency,500,500,0,0.0,0,2026-09-19T00:00:00Z,2026-09-21T23:59:59.999Z,1,0,-3,BrainRot,BrainRot,189,tileGrid,Size_1_x_1,,0,,1,br,Pickaxe_ChorusPunt,Tung Thunker,pickaxe,rare,,Brainrot,7,2,2026-04-01T08:41:08Z
2026-09-20,v2:/8db2b5a726a2a4361c8eac42f3306e280b5e5dc35cd689ea63ccbe37a95816da,[VIRTUAL]1 x Windwalker Echo for 800 MtxCurrency,800,800,0,0.0,0,2026-09-20T00:00:00Z,2026-09-22T23:59:59.999Z,1,0,-1,BR092026,Fit Check,181,tileGrid,Size_1_x_1,Tattoos illuminate when opening Chests!,0,,1,br,CID_A_047_Athena_Commando_F_Windwalker,Windwalker Echo,outfit,uncommon,,Wind Song,2,7,2021-08-31T08:28:52Z
2026-09-20,v2:/3779b91ed6f327dad8902950740881faf33c4aea1582aebde2634c2f529652ce,[VIRTUAL]1 x Translucent Tote for 200 MtxCurrency,200,200,0,0.0,0,2026-09-15T00:00:00Z,2026-09-21T23:59:59.999Z,1,0,-1,,,,,Size_1_x_1,,0,,1,br,BID_797_StreetFashionSummer,Translucent Tote,backpack,rare,,Undercover Summer,2,7,2021-06-22T08:25:42Z
2026-09-20,v2:/5e3fef006267c952e56392979b9d534fb024fe716a1c988fb55b8d74d2ab4432,[VIRTUAL]1 x Run It Down for 500 MtxCurrency,500,500,0,0.0,0,2026-09-18T00:00:00Z,2026-09-21T23:59:59.999Z,1,0,-1,iHeartRadio,Turn The Music Up,183,tileGrid,Size_1_x_1,,0,,1,br,EID_Bulletproof,Run It Down,emote,icon,Icon Series,,4,3,2023-06-26T00:00:00Z
2026-09-20,v2:/92dd6980e2741374c4c3a723367215ff59b5549a05bac2dc82e6d251fd46b145,[VIRTUAL]1 x TBD (SID_Placeholder_795) for 500 MtxCurrency,500,500,0,0.0,0,2026-09-01T00:00:00Z,2026-09-30T23:59:59.999Z,1,0,-12,JT091826,Jam Tracks,176,expandableList,Size_1_x_1,,0,,1,track,sid_placeholder_795,I'll Believe in Anything,,,,,,,2026-05-19T14:12:36Z
2026-09-20,v2:/21978ebf922be72e68777d0b03b079bd024967751483e3c802272b2341085dbc,[VIRTUAL]1 x Hysteria for 500 MtxCurrency,500,500,0,0.0,0,2026-09-18T00:00:00Z,2026-09-21T23:59:59.999Z,1,0,-1,iHeartRadio,Turn The Music Up,183,tileGrid,Size_1_x_1,,0,,1,track,sid_placeholder_67,Hysteria,,,,,,,2024-03-20T00:05:45Z
2026-09-20,v2:/b55729f141723dc14049db7408a21ca175b40e2bb3fd09163809d49c2e5b998d,[VIRTUAL]1 x Cry For Me for 500 MtxCurrency,500,500,0,0.0,0,2026-09-19T00:00:00Z,2026-10-02T23:59:59.999Z,1,0,-4,IronMouse,Ironmouse,195,tileGrid,Size_1_x_1,,0,,1,br,EID_FeelUnionSki,Cry For Me,emote,uncommon,,Ironmouse,7,4,2026-09-17T16:17:14Z
2026-09-20,v2:/e372283869bec3ccddc90964919e6caef50b027f655930a0437c615cf73d855b,"[VIRTUAL]1 x The Order, 1 x The Ordered Wingspan for -1 MtxCurrency",1200,1200,0,0.0,0,2026-09-20T00:00:00Z,2026-09-20T23:59:59.999Z,1,0,-2,BR092026,Fit Check,181,tileGrid,Size_1_x_1,,0,,2,br,CID_A_395_Athena_Commando_F_BinaryTwin,The Order,outfit,rare,,The Seven,3,2,2022-05-03T08:42:26Z
2026-09-20,v2:/e372283869bec3ccddc90964919e6caef50b027f655930a0437c615cf73d855b,"[VIRTUAL]1 x The Order, 1 x The Ordered Wingspan for -1 MtxCurrency",1200,1200,0,0.0,0,2026-09-20T00:00:00Z,2026-09-20T23:59:59.999Z,1,0,-2,BR092026,Fit Check,181,tileGrid,Size_1_x_1,,0,,2,br,BID_999_BinaryTwinFemale,The Ordered Wingspan,backpack,rare,,The Seven,3,2,2022-05-03T08:42:26Z
2026-09-20,v2:/23e16d6cfef7f89d7544e0f358107e0ec4be7ab6e8811823309edaa8a6bc4b53,[VIRTUAL]1 x Swoonsail for 800 MtxCurrency,800,800,0,0.0,0,2026-09-20T00:00:00Z,2026-09-23T23:59:59.999Z,1,0,-3,PablloVittar,Pabllo Vittar's Locker ,175,tileGrid,Size_1_x_1,,0,,1,br,Glider_BoneMarrow,Swoonsail,glider,rare,,Amano's Heart,4,2,2023-05-21T00:00:00Z
2026-09-20,v2:/60a98f25a146bc423610c9e169b5758cc6fd91817e599e8315dc5cd768e5c48f,[VIRTUAL]1 x Joker in the Box for 300 MtxCurrency,300,300,0,0.0,0,2026-09-18T00:00:00Z,2026-09-22T23:59:59.999Z,1,0,-4,Batmanday,Batman,190,tileGrid,Size_1_x_1,,0,,1,br,Backpack_FinchVisit,Joker in the Box,backpack,dc,DC SERIES,Batman Beyond,7,1,2025-12-22T00:00:00Z
2026-09-20,v2:/521c254311c03af85643ed4b1913660e07a9149a9ecac2bbd6094e67fd9d851f,"[VIRTUAL]1 x Blank, 1 x Blank, 1 x Blank, 1 x Blank, 1 x Blank, 1 x Blank for -1 MtxCurrency",2000,2000,0,0.0,0,2026-09-18T00:00:00Z,2026-09-24T23:59:59.999Z,1,0,-3,Batmanday,Batman,190,tileGrid,Size_2_x_1,,0,,6,car,CarBody_Tomb,Batmobile (2022),body,uncommon,,,,,2026-09-17T16:17:14Z
2026-09-20,v2:/521c254311c03af85643ed4b1913660e07a9149a9ecac2bbd6094e67fd9d851f,"[VIRTUAL]1 x Blank, 1 x Blank, 1 x Blank, 1 x Blank, 1 x Blank, 1 x Blank for -1 MtxCurrency",2000,2000,0,0.0,0,2026-09-18T00:00:00Z,2026-09-24T23:59:59.999Z,1,0,-3,Batmanday,Batman,190,tileGrid,Size_2_x_1,,0,,6,car,CarSkin_TombA,Reel Life,skin,uncommon,,,,,2026-09-17T16:17:14Z
2026-09-20,v2:/521c254311c03af85643ed4b1913660e07a9149a9ecac2bbd6094e67fd9d851f,"[VIRTUAL]1 x Blank, 1 x Blank, 1 x Blank, 1 x Blank, 1 x Blank, 1 x Blank for -1 MtxCurrency",2000,2000,0,0.0,0,2026-09-18T00:00:00Z,2026-09-24T23:59:59.999Z,1,0,-3,Batmanday,Batman,190,tileGrid,Size_2_x_1,,0,,6,car,CarSkin_TombDefault,Reel Life (Custom),skin,uncommon,,,,,2026-09-17T16:17:14Z
2026-09-20,v2:/521c254311c03af85643ed4b1913660e07a9149a9ecac2bbd6094e67fd9d851f,"[VIRTUAL]1 x Blank, 1 x Blank, 1 x Blank, 1 x Blank, 1 x Blank, 1 x Blank for -1 MtxCurrency",2000,2000,0,0.0,0,2026-09-18T00:00:00Z,2026-09-24T23:59:59.999Z,1,0,-3,Batmanday,Batman,190,tileGrid,Size_2_x_1,,0,,6,car,Wheel_Tomb,Batmobile (2022),wheel,uncommon,,,,,2026-09-17T16:17:14Z
2026-09-20,v2:/521c254311c03af85643ed4b1913660e07a9149a9ecac2bbd6094e67fd9d851f,"[VIRTUAL]1 x Blank, 1 x Blank, 1 x Blank, 1 x Blank, 1 x Blank, 1 x Blank for -1 MtxCurrency",2000,2000,0,0.0,0,2026-09-18T00:00:00Z,2026-09-24T23:59:59.999Z,1,0,-3,Batmanday,Batman,190,tileGrid,Size_2_x_1,,0,,6,car,ID_Booster_Tomb,Batmobile (2022),booster,uncommon,,,,,2026-09-17T16:17:14Z
2026-09-20,v2:/521c254311c03af85643ed4b1913660e07a9149a9ecac2bbd6094e67fd9d851f,"[VIRTUAL]1 x Blank, 1 x Blank, 1 x Blank, 1 x Blank, 1 x Blank, 1 x Blank for -1 MtxCurrency",2000,2000,0,0.0,0,2026-09-18T00:00:00Z,2026-09-24T23:59:59.999Z,1,0,-3,Batmanday,Batman,190,tileGrid,Size_2_x_1,,0,,6,car,ID_DriftTrail_Tomb,Batmobile (2022),drifttrail,rare,,,,,2026-09-17T16:17:14Z
2026-09-20,v2:/e67796b60d3afe8c8e0a60f365551b48935803301b4c70a5699bad2289df6274,[VIRTUAL]1 x Opus No. 1 for 500 MtxCurrency,500,500,0,0.0,0,2026-09-20T00:00:00Z,2026-09-23T23:59:59.999Z,1,0,-1,VV092026,Dance Floor,193,tileGrid,Size_1_x_1,,0,,1,br,EID_CallWaiting,Opus No. 1,emote,icon,Icon Series,,7,4,2026-09-20T00:00:00Z
2026-09-20,v2:/9e8272f7717c3e1c1ec6f71725f41fcd62ae53ab5312c1cc0e393301b5eb598e,"[VIRTUAL]1 x Hana, 1 x Skull of Keleritas, 1 x Starstruck Axe, 1 x Heart Attach, 1 x Swoonsail, 1 x Heartwave for -1 MtxCurrency",3700,2100,1600,0.4324,1,2026-09-20T00:00:00Z,2026-09-23T23:59:59.999Z,1,0,-1,PablloVittar,Pabllo Vittar's Locker ,175,tileGrid,Size_3_x_1,,1,Pabllo Vittar's Locker Bundle,6,br,CID_A_452_Athena_Commando_F_Barium,Hana,outfit,epic,,Downhill Demon,4,1,2022-12-13T10:43:37Z
2026-09-20,v2:/9e8272f7717c3e1c1ec6f71725f41fcd62ae53ab5312c1cc0e393301b5eb598e,"[VIRTUAL]1 x Hana, 1 x Skull of Keleritas, 1 x Starstruck Axe, 1 x Heart Attach, 1 x Swoonsail, 1 x Heartwave for -1 MtxCurrency",3700,2100,1600,0.4324,1,2026-09-20T00:00:00Z,2026-09-23T23:59:59.999Z,1,0,-1,PablloVittar,Pabllo Vittar's Locker ,175,tileGrid,Size_3_x_1,,1,Pabllo Vittar's Locker Bundle,6,br,BID_A_040_BariumFemale,Skull of Keleritas,backpack,epic,,Downhill Demon,4,1,2022-12-13T10:43:37Z
2026-09-20,v2:/9e8272f7717c3e1c1ec6f71725f41fcd62ae53ab5312c1cc0e393301b5eb598e,"[VIRTUAL]1 x Hana, 1 x Skull of Keleritas, 1 x Starstruck Axe, 1 x Heart Attach, 1 x Swoonsail, 1 x Heartwave for -1 MtxCurrency",3700,2100,1600,0.4324,1,2026-09-20T00:00:00Z,2026-09-23T23:59:59.999Z,1,0,-1,PablloVittar,Pabllo Vittar's Locker ,175,tileGrid,Size_3_x_1,,1,Pabllo Vittar's Locker Bundle,6,br,Pickaxe_ID_426_PunkDevilSummerFemale,Starstruck Axe,pickaxe,rare,,Demon Beach,2,3,2020-06-30T06:09:08Z
2026-09-20,v2:/9e8272f7717c3e1c1ec6f71725f41fcd62ae53ab5312c1cc0e393301b5eb598e,"[VIRTUAL]1 x Hana, 1 x Skull of Keleritas, 1 x Starstruck Axe, 1 x Heart Attach, 1 x Swoonsail, 1 x Heartwave for -1 MtxCurrency",3700,2100,1600,0.4324,1,2026-09-20T00:00:00Z,2026-09-23T23:59:59.999Z,1,0,-1,PablloVittar,Pabllo Vittar's Locker ,175,tileGrid,Size_3_x_1,,1,Pabllo Vittar's Locker Bundle,6,br,EID_Endear,Heart Attach,emote,uncommon,,,4,2,2023-04-11T10:06:45Z
2026-09-20,v2:/9e8272f7717c3e1c1ec6f71725f41fcd62ae53ab5312c1cc0e393301b5eb598e,"[VIRTUAL]1 x Hana, 1 x Skull of Keleritas, 1 x Starstruck Axe, 1 x Heart Attach, 1 x Swoonsail, 1 x Heartwave for -1 MtxCurrency",3700,2100,1600,0.4324,1,2026-09-20T00:00:00Z,2026-09-23T23:59:59.999Z,1,0,-1,PablloVittar,Pabllo Vittar's Locker ,175,tileGrid,Size_3_x_1,,1,Pabllo Vittar's Locker Bundle,6,br,Glider_BoneMarrow,Swoonsail,glider,rare,,Amano's Heart,4,2,2023-05-21T00:00:00Z
2026-09-20,v2:/9e8272f7717c3e1c1ec6f71725f41fcd62ae53ab5312c1cc0e393301b5eb598e,"[VIRTUAL]1 x Hana, 1 x Skull of Keleritas, 1 x Starstruck Axe, 1 x Heart Attach, 1 x Swoonsail, 1 x Heartwave for -1 MtxCurrency",3700,2100,1600,0.4324,1,2026-09-20T00:00:00Z,2026-09-23T23:59:59.999Z,1,0,-1,PablloVittar,Pabllo Vittar's Locker ,175,tileGrid,Size_3_x_1,,1,Pabllo Vittar's Locker Bundle,6,br,Wrap_503_FuzzyBearSummer,Heartwave,wrap,uncommon,,Beary Cuddly,3,3,2022-07-18T12:38:54Z
2026-09-20,v2:/a583ad95670c4c383e30f469f70663ee3f19457c4981a373594becb328b77959,[VIRTUAL]1 x Shellie for 300 MtxCurrency,300,300,0,0.0,0,2026-09-15T00:00:00Z,2026-09-21T23:59:59.999Z,1,0,-6,,,,,Size_1_x_1,,0,,1,br,BID_454_Gummi,Shellie,backpack,rare,,Fish Food,2,1,2020-01-15T09:35:49Z
2026-09-20,v2:/e1d903a23a180f76a1dd7a3599738a316a8366a956b6d43709b3401742254b84,[VIRTUAL]1 x ISpeedStyle for 500 MtxCurrency,500,500,0,0.0,0,2026-09-20T00:00:00Z,2026-09-23T23:59:59.999Z,1,0,-1,ishowspeed3,iShowSpeed,174,tileGrid,Size_1_x_1,,0,,1,br,Wrap_HonorBraceJoust,ISpeedStyle,wrap,icon,Icon Series,IShowSpeed,7,1,2025-12-25T00:00:00Z
2026-09-20,v2:/fac047649fb3fb6f0c54f1977a1e15a4f8ad05a22f63f36280f925127d407503,"[VIRTUAL]1 x Tung Tung Tung Sahur, 1 x Tung Thunker, 1 x Tung Tung Tung Wraphur, 1 x Ballerina Cappuccina, 1 x Ballerina's Spoon-erina, 1 x Wrappuccina for -1 MtxCurrency",4300,2400,1900,0.4419,1,2026-09-19T00:00:00Z,2026-09-21T23:59:59.999Z,1,0,-1,BrainRot,BrainRot,189,tileGrid,Size_2_x_1,,1,Brainrot Bundle,6,br,Character_ChorusPunt,Tung Tung Tung Sahur,outfit,epic,,Brainrot,7,2,2026-04-01T08:41:08Z
2026-09-20,v2:/fac047649fb3fb6f0c54f1977a1e15a4f8ad05a22f63f36280f925127d407503,"[VIRTUAL]1 x Tung Tung Tung Sahur, 1 x Tung Thunker, 1 x Tung Tung Tung Wraphur, 1 x Ballerina Cappuccina, 1 x Ballerina's Spoon-erina, 1 x Wrappuccina for -1 MtxCurrency",4300,2400,1900,0.4419,1,2026-09-19T00:00:00Z,2026-09-21T23:59:59.999Z,1,0,-1,BrainRot,BrainRot,189,tileGrid,Size_2_x_1,,1,Brainrot Bundle,6,br,Pickaxe_ChorusPunt,Tung Thunker,pickaxe,rare,,Brainrot,7,2,2026-04-01T08:41:08Z
2026-09-20,v2:/fac047649fb3fb6f0c54f1977a1e15a4f8ad05a22f63f36280f925127d407503,"[VIRTUAL]1 x Tung Tung Tung Sahur, 1 x Tung Thunker, 1 x Tung Tung Tung Wraphur, 1 x Ballerina Cappuccina, 1 x Ballerina's Spoon-erina, 1 x Wrappuccina for -1 MtxCurrency",4300,2400,1900,0.4419,1,2026-09-19T00:00:00Z,2026-09-21T23:59:59.999Z,1,0,-1,BrainRot,BrainRot,189,tileGrid,Size_2_x_1,,1,Brainrot Bundle,6,br,Wrap_ChorusPunt,Tung Tung Tung Wraphur,wrap,rare,,Brainrot,7,2,2026-04-01T08:41:08Z
2026-09-20,v2:/fac047649fb3fb6f0c54f1977a1e15a4f8ad05a22f63f36280f925127d407503,"[VIRTUAL]1 x Tung Tung Tung Sahur, 1 x Tung Thunker, 1 x Tung Tung Tung Wraphur, 1 x Ballerina Cappuccina, 1 x Ballerina's Spoon-erina, 1 x Wrappuccina for -1 MtxCurrency",4300,2400,1900,0.4419,1,2026-09-19T00:00:00Z,2026-09-21T23:59:59.999Z,1,0,-1,BrainRot,BrainRot,189,tileGrid,Size_2_x_1,,1,Brainrot Bundle,6,br,Character_LumpyMuddy,Ballerina Cappuccina,outfit,epic,,Brainrot,7,2,2026-04-01T08:41:08Z
2026-09-20,v2:/fac047649fb3fb6f0c54f1977a1e15a4f8ad05a22f63f36280f925127d407503,"[VIRTUAL]1 x Tung Tung Tung Sahur, 1 x Tung Thunker, 1 x Tung Tung Tung Wraphur, 1 x Ballerina Cappuccina, 1 x Ballerina's Spoon-erina, 1 x Wrappuccina for -1 MtxCurrency",4300,2400,1900,0.4419,1,2026-09-19T00:00:00Z,2026-09-21T23:59:59.999Z,1,0,-1,BrainRot,BrainRot,189,tileGrid,Size_2_x_1,,1,Brainrot Bundle,6,br,Pickaxe_LumpyMuddy,Ballerina's Spoon-erina,pickaxe,rare,,Brainrot,7,2,2026-04-01T08:41:08Z
2026-09-20,v2:/fac047649fb3fb6f0c54f1977a1e15a4f8ad05a22f63f36280f925127d407503,"[VIRTUAL]1 x Tung Tung Tung Sahur, 1 x Tung Thunker, 1 x Tung Tung Tung Wraphur, 1 x Ballerina Cappuccina, 1 x Ballerina's Spoon-erina, 1 x Wrappuccina for -1 MtxCurrency",4300,2400,1900,0.4419,1,2026-09-19T00:00:00Z,2026-09-21T23:59:59.999Z,1,0,-1,BrainRot,BrainRot,189,tileGrid,Size_2_x_1,,1,Brainrot Bundle,6,br,Wrap_LumpyMuddy,Wrappuccina,wrap,rare,,Brainrot,7,2,2026-04-01T08:41:08Z
2026-09-20,v2:/20b6516d9168884397bc2852db345fad529fa09ef222bd0ddf233c5046185652,[VIRTUAL]1 x Dancery for 500 MtxCurrency,500,500,0,0.0,0,2026-09-18T00:00:00Z,2026-09-21T23:59:59.999Z,1,0,-2,VV092026,Dance Floor,193,tileGrid,Size_1_x_1,,0,,1,br,EID_Lineage,Dancery,emote,icon,Icon Series,,5,2,2024-05-15T00:00:00Z
2026-09-20,v2:/84f5159ddd0e1e1eb2f56cf05c4ecc42b1feca97a993316c495e97ea1069a677,[VIRTUAL]1 x TBD (SID_Placeholder_686) for 500 MtxCurrency,500,500,0,0.0,0,2026-09-01T00:00:00Z,2026-09-30T23:59:59.999Z,1,0,-26,JT091826,Jam Tracks,176,expandableList,Size_1_x_1,,0,,1,track,sid_placeholder_686,Ring Ring Ring,,,,,,,2025-11-14T14:43:54Z
2026-09-20,v2:/a23f3aaf49b21858302a72d9705f8c12d51d7de1924c5cd4544e3f2b948c6bbd,"[VIRTUAL]1 x Echo, 1 x True Reflection, 1 x Inversion Blades, 1 x Echo Jet, 1 x Echoes for -1 MtxCurrency",2800,1900,900,0.3214,1,2026-09-20T00:00:00Z,2026-09-22T23:59:59.999Z,1,0,-3,BR092026,Fit Check,181,tileGrid,Size_3_x_1,,1,Twin Echo Bundle,5,br,CID_715_Athena_Commando_F_TwinDark,Echo,outfit,rare,,Twin Echo,2,2,2020-03-03T09:32:28Z
2026-09-20,v2:/a23f3aaf49b21858302a72d9705f8c12d51d7de1924c5cd4544e3f2b948c6bbd,"[VIRTUAL]1 x Echo, 1 x True Reflection, 1 x Inversion Blades, 1 x Echo Jet, 1 x Echoes for -1 MtxCurrency",2800,1900,900,0.3214,1,2026-09-20T00:00:00Z,2026-09-22T23:59:59.999Z,1,0,-3,BR092026,Fit Check,181,tileGrid,Size_3_x_1,,1,Twin Echo Bundle,5,br,BID_489_TwinDark,True Reflection,backpack,rare,,Twin Echo,2,2,2020-03-03T09:32:28Z
2026-09-20,v2:/a23f3aaf49b21858302a72d9705f8c12d51d7de1924c5cd4544e3f2b948c6bbd,"[VIRTUAL]1 x Echo, 1 x True Reflection, 1 x Inversion Blades, 1 x Echo Jet, 1 x Echoes for -1 MtxCurrency",2800,1900,900,0.3214,1,2026-09-20T00:00:00Z,2026-09-22T23:59:59.999Z,1,0,-3,BR092026,Fit Check,181,tileGrid,Size_3_x_1,,1,Twin Echo Bundle,5,br,Pickaxe_ID_374_TwinDarkFemale1H,Inversion Blades,pickaxe,uncommon,,Twin Echo,2,2,2020-03-03T09:32:28Z
2026-09-20,v2:/a23f3aaf49b21858302a72d9705f8c12d51d7de1924c5cd4544e3f2b948c6bbd,"[VIRTUAL]1 x Echo, 1 x True Reflection, 1 x Inversion Blades, 1 x Echo Jet, 1 x Echoes for -1 MtxCurrency",2800,1900,900,0.3214,1,2026-09-20T00:00:00Z,2026-09-22T23:59:59.999Z,1,0,-3,BR092026,Fit Check,181,tileGrid,Size_3_x_1,,1,Twin Echo Bundle,5,br,Glider_ID_203_TwinDarkFemale,Echo Jet,glider,rare,,Twin Echo,2,2,2020-03-03T09:32:28Z
2026-09-20,v2:/a23f3aaf49b21858302a72d9705f8c12d51d7de1924c5cd4544e3f2b948c6bbd,"[VIRTUAL]1 x Echo, 1 x True Reflection, 1 x Inversion Blades, 1 x Echo Jet, 1 x Echoes for -1 MtxCurrency",2800,1900,900,0.3214,1,2026-09-20T00:00:00Z,2026-09-22T23:59:59.999Z,1,0,-3,BR092026,Fit Check,181,tileGrid,Size_3_x_1,,1,Twin Echo Bundle,5,br,Wrap_221_TwinDark,Echoes,wrap,uncommon,,Twin Echo,2,2,2020-03-03T09:32:28Z
2026-09-20,v2:/0f13a84464b284a35c01d92ec77b2c8eac9e8c888f56e2cb4053827aeddd8e72,"[VIRTUAL]1 x Batarang (Beyond), 1 x Batarang (Beyond) for 800 MtxCurrency",800,800,0,0.0,0,2026-09-18T00:00:00Z,2026-09-22T23:59:59.999Z,1,0,-2,Batmanday,Batman,190,tileGrid,Size_1_x_1,,0,,2,br,Pickaxe_GuideQuiz,Batarang (Beyond),pickaxe,dc,DC SERIES,Batman Beyond,7,1,2025-12-22T00:00:00Z
2026-09-20,v2:/0f13a84464b284a35c01d92ec77b2c8eac9e8c888f56e2cb4053827aeddd8e72,"[VIRTUAL]1 x Batarang (Beyond), 1 x Batarang (Beyond) for 800 MtxCurrency",800,800,0,0.0,0,2026-09-18T00:00:00Z,2026-09-22T23:59:59.999Z,1,0,-2,Batmanday,Batman,190,tileGrid,Size_1_x_1,,0,,2,br,Backpack_GuideQuiz,Batarang (Beyond),backpack,dc,DC SERIES,Batman Beyond,7,1,2025-12-22T00:00:00Z
2026-09-20,v2:/63b788efa2ba999343f12dff49db2f8b1bcf8f4ce2e7d76ec163f5f314fc6bc6,[VIRTUAL]1 x TBD (SID_Placeholder_506) for 500 MtxCurrency,500,500,0,0.0,0,2026-09-01T00:00:00Z,2026-09-30T23:59:59.999Z,1,0,-75,JT091826,Jam Tracks,176,expandableList,Size_1_x_1,,0,,1,track,sid_placeholder_506,Pumped Up Kicks,,,,,,,2025-03-06T14:32:03Z
2026-09-20,v2:/05199ac9680ce9c416e2570ef4dfc486ea7491a831377ead9c62668deef9c78d,[VIRTUAL]1 x Beautiful Things for 500 MtxCurrency,500,500,0,0.0,0,2026-09-18T00:00:00Z,2026-09-21T23:59:59.999Z,1,0,-4,iHeartRadio,Turn The Music Up,183,tileGrid,Size_1_x_1,,0,,1,track,sid_placeholder_440,Beautiful Things,,,,,,,2024-11-21T14:39:11Z
2026-09-20,v2:/70062bf3765a3b15edff3c2d005833b7f9285d0d89f342731c5e7b01834b3e06,[VIRTUAL]1 x Sandshark Driver for 800 MtxCurrency,800,800,0,0.0,0,2026-09-15T00:00:00Z,2026-09-21T23:59:59.999Z,1,0,-3,NS091526,No Sweat,179,tileGrid,Size_1_x_1,,0,,1,br,CID_796_Athena_Commando_F_Tank,Sandshark Driver,outfit,uncommon,,Tank Squadron,2,3,2020-07-21T08:17:24Z
2026-09-20,v2:/b2c8a8f968c8f048e43c21acfd77c67ea642a8a45af475cc228e115af253f632,"[VIRTUAL]1 x Selbi, 1 x NaNa Pillow, 1 x Sleepy Peely Pack for -1 MtxCurrency",2000,1400,600,0.3,1,2026-09-20T00:00:00Z,2026-09-21T23:59:59.999Z,1,0,-1,BR092026,Fit Check,181,tileGrid,Size_1_x_1,,1,Sleepy Sharpshooter Bundle,3,br,Character_SleepyCloud,Selbi,outfit,epic,,Sleepy Sharpshooter,6,5,2025-08-07T09:33:19Z
2026-09-20,v2:/b2c8a8f968c8f048e43c21acfd77c67ea642a8a45af475cc228e115af253f632,"[VIRTUAL]1 x Selbi, 1 x NaNa Pillow, 1 x Sleepy Peely Pack for -1 MtxCurrency",2000,1400,600,0.3,1,2026-09-20T00:00:00Z,2026-09-21T23:59:59.999Z,1,0,-1,BR092026,Fit Check,181,tileGrid,Size_1_x_1,,1,Sleepy Sharpshooter Bundle,3,br,Pickaxe_SleepyCloud,NaNa Pillow,pickaxe,rare,,Sleepy Sharpshooter,6,5,2025-08-07T09:33:19Z
2026-09-20,v2:/b2c8a8f968c8f048e43c21acfd77c67ea642a8a45af475cc228e115af253f632,"[VIRTUAL]1 x Selbi, 1 x NaNa Pillow, 1 x Sleepy Peely Pack for -1 MtxCurrency",2000,1400,600,0.3,1,2026-09-20T00:00:00Z,2026-09-21T23:59:59.999Z,1,0,-1,BR092026,Fit Check,181,tileGrid,Size_1_x_1,,1,Sleepy Sharpshooter Bundle,3,br,Backpack_SleepyCloud,Sleepy Peely Pack,backpack,rare,,Sleepy Sharpshooter,6,5,2025-08-07T09:33:19Z
2026-09-20,v2:/df3b9cf144560724e764550cb4a853451d1a0c728376bd47b018e65ab34dadbc,[VIRTUAL]1 x The Ordered Wingspan for 400 MtxCurrency,400,400,0,0.0,0,2026-09-20T00:00:00Z,2026-09-20T23:59:59.999Z,1,0,-2,,,,,Size_1_x_1,,0,,1,br,BID_999_BinaryTwinFemale,The Ordered Wingspan,backpack,rare,,The Seven,3,2,2022-05-03T08:42:26Z
2026-09-20,v2:/f2fd11e08d714b8d6e7c1b18088efd365a8a2099b71015e19e8ca24de071fc07,"[VIRTUAL]1 x Diestro, 1 x Diestro, 1 x Diestro, 1 x Diestro, 1 x Diestro, 1 x Diestro, 1 x Diestro, 1 x Diestro, 1 x Diestro, 1 x Diestro, 1 x Diestro, 1 x Diestro, 1 x Diestro, 1 x Diestro, 1 x Chitchat, 1 x Lozano, 1 x Old Flame, 1 x Sooo Fly, 1 x Stripes, 1 x Stuntman for -1 MtxCurrency",1500,1500,0,0.0,0,2026-09-16T00:00:00Z,2026-09-22T23:59:59.999Z,1,0,-1,DiestroCar,Diestro,173,tileGrid,Size_3_x_1,Decals in this bundle are restricted to the <highlight>DIESTRO</> car body.,1,Diestro,6,car,CarSkin_Carrot_Tape,Chitchat,skin,common,,,,,2024-02-22T09:00:00Z
2026-09-20,v2:/f2fd11e08d714b8d6e7c1b18088efd365a8a2099b71015e19e8ca24de071fc07,"[VIRTUAL]1 x Diestro, 1 x Diestro, 1 x Diestro, 1 x Diestro, 1 x Diestro, 1 x Diestro, 1 x Diestro, 1 x Diestro, 1 x Diestro, 1 x Diestro, 1 x Diestro, 1 x Diestro, 1 x Diestro, 1 x Diestro, 1 x Chitchat, 1 x Lozano, 1 x Old Flame, 1 x Sooo Fly, 1 x Stripes, 1 x Stuntman for -1 MtxCurrency",1500,1500,0,0.0,0,2026-09-16T00:00:00Z,2026-09-22T23:59:59.999Z,1,0,-1,DiestroCar,Diestro,173,tileGrid,Size_3_x_1,Decals in this bundle are restricted to the <highlight>DIESTRO</> car body.,1,Diestro,6,car,CarSkin_Carrot_Livery,Lozano,skin,common,,,,,2024-02-22T09:00:00Z
2026-09-20,v2:/f2fd11e08d714b8d6e7c1b18088efd365a8a2099b71015e19e8ca24de071fc07,"[VIRTUAL]1 x Diestro, 1 x Diestro, 1 x Diestro, 1 x Diestro, 1 x Diestro, 1 x Diestro, 1 x Diestro, 1 x Diestro, 1 x Diestro, 1 x Diestro, 1 x Diestro, 1 x Diestro, 1 x Diestro, 1 x Diestro, 1 x Chitchat, 1 x Lozano, 1 x Old Flame, 1 x Sooo Fly, 1 x Stripes, 1 x Stuntman for -1 MtxCurrency",1500,1500,0,0.0,0,2026-09-16T00:00:00Z,2026-09-22T23:59:59.999Z,1,0,-1,DiestroCar,Diestro,173,tileGrid,Size_3_x_1,Decals in this bundle are restricted to the <highlight>DIESTRO</> car body.,1,Diestro,6,car,CarSkin_Carrot_Infernal,Old Flame,skin,common,,,,,2024-02-22T09:00:00Z
2026-09-20,v2:/f2fd11e08d714b8d6e7c1b18088efd365a8a2099b71015e19e8ca24de071fc07,"[VIRTUAL]1 x Diestro, 1 x Diestro, 1 x Diestro, 1 x Diestro, 1 x Diestro, 1 x Diestro, 1 x Diestro, 1 x Diestro, 1 x Diestro, 1 x Diestro, 1 x Diestro, 1 x Diestro, 1 x Diestro, 1 x Diestro, 1 x Chitchat, 1 x Lozano, 1 x Old Flame, 1 x Sooo Fly, 1 x Stripes, 1 x Stuntman for -1 MtxCurrency",1500,1500,0,0.0,0,2026-09-16T00:00:00Z,2026-09-22T23:59:59.999Z,1,0,-1,DiestroCar,Diestro,173,tileGrid,Size_3_x_1,Decals in this bundle are restricted to the <highlight>DIESTRO</> car body.,1,Diestro,6,car,CarSkin_Carrot_Sofly,Sooo Fly,skin,common,,,,,2024-02-22T09:00:00Z
2026-09-20,v2:/f2fd11e08d714b8d6e7c1b18088efd365a8a2099b71015e19e8ca24de071fc07,"[VIRTUAL]1 x Diestro, 1 x Diestro, 1 x Diestro, 1 x Diestro, 1 x Diestro, 1 x Diestro, 1 x Diestro, 1 x Diestro, 1 x Diestro, 1 x Diestro, 1 x Diestro, 1 x Diestro, 1 x Diestro, 1 x Diestro, 1 x Chitchat, 1 x Lozano, 1 x Old Flame, 1 x Sooo Fly, 1 x Stripes, 1 x Stuntman for -1 MtxCurrency",1500,1500,0,0.0,0,2026-09-16T00:00:00Z,2026-09-22T23:59:59.999Z,1,0,-1,DiestroCar,Diestro,173,tileGrid,Size_3_x_1,Decals in this bundle are restricted to the <highlight>DIESTRO</> car body.,1,Diestro,6,car,CarSkin_Carrot_Stripes,Stripes,skin,common,,,,,2024-02-22T09:00:00Z
2026-09-20,v2:/f2fd11e08d714b8d6e7c1b18088efd365a8a2099b71015e19e8ca24de071fc07,"[VIRTUAL]1 x Diestro, 1 x Diestro, 1 x Diestro, 1 x Diestro, 1 x Diestro, 1 x Diestro, 1 x Diestro, 1 x Diestro, 1 x Diestro, 1 x Diestro, 1 x Diestro, 1 x Diestro, 1 x Diestro, 1 x Diestro, 1 x Chitchat, 1 x Lozano, 1 x Old Flame, 1 x Sooo Fly, 1 x Stripes, 1 x Stuntman for -1 MtxCurrency",1500,1500,0,0.0,0,2026-09-16T00:00:00Z,2026-09-22T23:59:59.999Z,1,0,-1,DiestroCar,Diestro,173,tileGrid,Size_3_x_1,Decals in this bundle are restricted to the <highlight>DIESTRO</> car body.,1,Diestro,6,car,CarSkin_Carrot_Stuntman,Stuntman,skin,common,,,,,2024-02-22T09:00:00Z
2026-09-20,v2:/f8269b6d800ba73a89c1d5aff9165fffa88789f2962c6f57761279a9bde6b9b9,[VIRTUAL]1 x TBD (SID_Placeholder_695) for 500 MtxCurrency,500,500,0,0.0,0,2026-09-18T00:00:00Z,2026-09-24T23:59:59.999Z,1,0,-1,JT091826,Jam Tracks,176,tileGrid,Size_1_x_1,,0,,1,track,sid_placeholder_695,LA CHONA,,,,,,,2025-11-18T20:10:16Z
2026-09-20,v2:/2c23d9875e7a0e29e80d2762d3795a814929504a031de54106c3b1c6f462df15,"[VIRTUAL]1 x Lucyna Kushinada, 1 x Rebecca Plushie, 1 x Lucy's Monowire, 1 x Lucy's Float, 1 x Edgerunner Glitch, 1 x TBD (SID_Placeholder_892) for -1 MtxCurrency",3800,2300,1500,0.3947,1,2026-09-20T00:00:00Z,2026-09-26T23:59:59.999Z,1,0,-1,CyberpunkEdgerunnersNew,Cyberpunk Edgerunners ,198,billboard,Size_4_x_1,,1,Cyberpunk Edgerunners Bundle,6,br,Character_FaithPerch,Lucyna Kushinada,outfit,epic,,Cyberpunk Edgerunners,7,4,2026-09-17T16:17:14Z
2026-09-20,v2:/2c23d9875e7a0e29e80d2762d3795a814929504a031de54106c3b1c6f462df15,"[VIRTUAL]1 x Lucyna Kushinada, 1 x Rebecca Plushie, 1 x Lucy's Monowire, 1 x Lucy's Float, 1 x Edgerunner Glitch, 1 x TBD (SID_Placeholder_892) for -1 MtxCurrency",3800,2300,1500,0.3947,1,2026-09-20T00:00:00Z,2026-09-26T23:59:59.999Z,1,0,-1,CyberpunkEdgerunnersNew,Cyberpunk Edgerunners ,198,billboard,Size_4_x_1,,1,Cyberpunk Edgerunners Bundle,6,br,Backpack_FaithPerch,Rebecca Plushie,backpack,rare,,Cyberpunk Edgerunners,7,4,2026-09-17T16:17:14Z
2026-09-20,v2:/2c23d9875e7a0e29e80d2762d3795a814929504a031de54106c3b1c6f462df15,"[VIRTUAL]1 x Lucyna Kushinada, 1 x Rebecca Plushie, 1 x Lucy's Monowire, 1 x Lucy's Float, 1 x Edgerunner Glitch, 1 x TBD (SID_Placeholder_892) for -1 MtxCurrency",3800,2300,1500,0.3947,1,2026-09-20T00:00:00Z,2026-09-26T23:59:59.999Z,1,0,-1,CyberpunkEdgerunnersNew,Cyberpunk Edgerunners ,198,billboard,Size_4_x_1,,1,Cyberpunk Edgerunners Bundle,6,br,Pickaxe_FaithPerch,Lucy's Monowire,pickaxe,rare,,Cyberpunk Edgerunners,7,4,2026-09-17T16:17:14Z
2026-09-20,v2:/2c23d9875e7a0e29e80d2762d3795a814929504a031de54106c3b1c6f462df15,"[VIRTUAL]1 x Lucyna Kushinada, 1 x Rebecca Plushie, 1 x Lucy's Monowire, 1 x Lucy's Float, 1 x Edgerunner Glitch, 1 x TBD (SID_Placeholder_892) for -1 MtxCurrency",3800,2300,1500,0.3947,1,2026-09-20T00:00:00Z,2026-09-26T23:59:59.999Z,1,0,-1,CyberpunkEdgerunnersNew,Cyberpunk Edgerunners ,198,billboard,Size_4_x_1,,1,Cyberpunk Edgerunners Bundle,6,br,EID_FaithPerch,Lucy's Float,emote,uncommon,,Cyberpunk Edgerunners,7,4,2026-09-19T14:48:41Z
2026-09-20,v2:/2c23d9875e7a0e29e80d2762d3795a814929504a031de54106c3b1c6f462df15,"[VIRTUAL]1 x Lucyna Kushinada, 1 x Rebecca Plushie, 1 x Lucy's Monowire, 1 x Lucy's Float, 1 x Edgerunner Glitch, 1 x TBD (SID_Placeholder_892) for -1 MtxCurrency",3800,2300,1500,0.3947,1,2026-09-20T00:00:00Z,2026-09-26T23:59:59.999Z,1,0,-1,CyberpunkEdgerunnersNew,Cyberpunk Edgerunners ,198,billboard,Size_4_x_1,,1,Cyberpunk Edgerunners Bundle,6,br,Wrap_FaithPerch,Edgerunner Glitch,wrap,rare,,Cyberpunk Edgerunners,7,4,2026-09-19T14:48:41Z
2026-09-20,v2:/2c23d9875e7a0e29e80d2762d3795a814929504a031de54106c3b1c6f462df15,"[VIRTUAL]1 x Lucyna Kushinada, 1 x Rebecca Plushie, 1 x Lucy's Monowire, 1 x Lucy's Float, 1 x Edgerunner Glitch, 1 x TBD (SID_Placeholder_892) for -1 MtxCurrency",3800,2300,1500,0.3947,1,2026-09-20T00:00:00Z,2026-09-26T23:59:59.999Z,1,0,-1,CyberpunkEdgerunnersNew,Cyberpunk Edgerunners ,198,billboard,Size_4_x_1,,1,Cyberpunk Edgerunners Bundle,6,track,sid_placeholder_892,I Really Want To Stay At Your House,,,,,,,2026-09-18T14:22:09Z
2026-09-20,v2:/88cca8b4835564e0609c13770b1133685a6a60a3e91be2e0407807fbb9197a05,[VIRTUAL]1 x Nothing Else Matters for 500 MtxCurrency,500,500,0,0.0,0,2026-09-01T00:00:00Z,2026-09-30T23:59:59.999Z,1,0,-72,JT091826,Jam Tracks,176,expandableList,Size_1_x_1,,0,,1,track,sid_placeholder_237,Nothing Else Matters,,,,,,,2024-06-20T00:00:00Z
2026-09-20,v2:/189a21578027809123fa275d6447f4427bfe701ef1cd8023954570a6279b97d5,[VIRTUAL]1 x TBD (SID_Placeholder_744) for 500 MtxCurrency,500,500,0,0.0,0,2026-09-01T00:00:00Z,2026-09-30T23:59:59.999Z,1,0,-83,JT091826,Jam Tracks,176,expandableList,Size_1_x_1,,0,,1,track,sid_placeholder_744,Just Pretend,,,,,,,2026-02-11T04:45:25Z
2026-09-20,v2:/0e4eb5d38447bbc87ff52b3ac69c892365a4fbf7a2b6d58fa4a6a3df988ca702,[VIRTUAL]1 x Lux Æterna for 500 MtxCurrency,500,500,0,0.0,0,2026-09-01T00:00:00Z,2026-09-30T23:59:59.999Z,1,0,-88,JT091826,Jam Tracks,176,expandableList,Size_1_x_1,,0,,1,track,sid_placeholder_236,Lux Æterna,,,,,,,2024-06-20T00:00:00Z
2026-09-20,v2:/5d4f5e9ab2d5135a9f80a1ca97bbe8c7cf003238050bf1bb2f6cbabfc6fcd4c6,[VIRTUAL]1 x TBD (SID_Placeholder_775) for 500 MtxCurrency,500,500,0,0.0,0,2026-09-01T00:00:00Z,2026-09-30T23:59:59.999Z,1,0,-79,JT091826,Jam Tracks,176,expandableList,Size_1_x_1,,0,,1,track,sid_placeholder_775,A Thousand Miles,,,,,,,2026-04-16T08:01:05Z
2026-09-20,v2:/0f60d4763965ed4b74b6d1e864fb32661c9bb590f385f714df576f377cd316ab,[VIRTUAL]1 x TBD (SID_Placeholder_594) for 500 MtxCurrency,500,500,0,0.0,0,2026-09-01T00:00:00Z,2026-09-30T23:59:59.999Z,1,0,-32,JT091826,Jam Tracks,176,expandableList,Size_1_x_1,,0,,1,track,sid_placeholder_594,Sunflower - Spider-Man: Into the Spider-Verse,,,,,,,2025-06-04T00:24:13Z
2026-09-20,v2:/4e803ce94403432c7bd1b334801b215e244123ef17964ca1bdce509efda6d480,"[VIRTUAL]1 x Destiny's Embrace, 1 x Destiny's Embrace for 800 MtxCurrency",800,800,0,0.0,0,2026-09-17T00:00:00Z,2026-10-01T23:59:59.999Z,1,0,-1,KingdomHearts,Kingdom Hearts ,197,tileGrid,Size_1_x_1,,0,,2,br,Pickaxe_WaningCacti,Destiny's Embrace,pickaxe,gaminglegends,Gaming Legends Series,Kingdom Hearts,7,4,2026-09-17T08:00:00Z
2026-09-20,v2:/4e803ce94403432c7bd1b334801b215e244123ef17964ca1bdce509efda6d480,"[VIRTUAL]1 x Destiny's Embrace, 1 x Destiny's Embrace for 800 MtxCurrency",800,800,0,0.0,0,2026-09-17T00:00:00Z,2026-10-01T23:59:59.999Z,1,0,-1,KingdomHearts,Kingdom Hearts ,197,tileGrid,Size_1_x_1,,0,,2,br,Backpack_WaningCacti,Destiny's Embrace,backpack,gaminglegends,Gaming Legends Series,Kingdom Hearts,7,4,2026-09-17T08:00:00Z
2026-09-20,v2:/c1d2393eb404f342cc4b13cf4760e55e6b6fbab56422550783bc24b9ee3f26ae,[VIRTUAL]1 x The Diary Of Jane for 500 MtxCurrency,500,500,0,0.0,0,2026-09-01T00:00:00Z,2026-09-30T23:59:59.999Z,1,0,-48,JT091826,Jam Tracks,176,expandableList,Size_1_x_1,,0,,1,track,sid_placeholder_451,The Diary Of Jane,,,,,,,2024-12-19T21:10:30Z
2026-09-20,v2:/d185ab9d63aba03ba4074a3798bb7417a3b846f2735cf9f77d1a2ca8efd52a3e,[VIRTUAL]1 x Inversion Blades for 500 MtxCurrency,500,500,0,0.0,0,2026-09-20T00:00:00Z,2026-09-22T23:59:59.999Z,1,0,-2,BR092026,Fit Check,181,tileGrid,Size_1_x_1,,0,,1,br,Pickaxe_ID_374_TwinDarkFemale1H,Inversion Blades,pickaxe,uncommon,,Twin Echo,2,2,2020-03-03T09:32:28Z
2026-09-20,v2:/61e52ba8ed7f1ed95e38550997a152a7035544318dde09bdf4b753d65b4c0a75,"[VIRTUAL]1 x Sora, 1 x Keyblade, 1 x Keyblade, 1 x Keyblade Flourish, 1 x Riku, 1 x Soul Eater, 1 x Soul Eater, 1 x Roxas, 1 x Oathkeeper & Oblivion, 1 x Oathkeeper & Oblivion, 1 x Kairi, 1 x Destiny's Embrace, 1 x Destiny's Embrace, 1 x Lil' Gummi Ship, 1 x Shadow Steppers, 1 x Sea-Salt Ice Cream, 1 x Arpeggio, 1 x Arpeggio, 1 x Arpeggio, 1 x TBD (SID_Placeholder_904), 1 x TBD (SID_Placeholder_905), 1 x The Heart of All Worlds for -1 MtxCurrency",10300,4500,5800,0.5631,1,2026-09-17T00:00:00Z,2026-10-01T23:59:59.999Z,1,0,-1,KingdomHearts,Kingdom Hearts ,197,billboard,Size_4_x_1,,1,KINGDOM HEARTS Bundle,22,br,Character_SpireTend,Sora,outfit,gaminglegends,Gaming Legends Series,Kingdom Hearts,7,4,2026-09-17T08:00:00Z
2026-09-20,v2:/61e52ba8ed7f1ed95e38550997a152a7035544318dde09bdf4b753d65b4c0a75,"[VIRTUAL]1 x Sora, 1 x Keyblade, 1 x Keyblade, 1 x Keyblade Flourish, 1 x Riku, 1 x Soul Eater, 1 x Soul Eater, 1 x Roxas, 1 x Oathkeeper & Oblivion, 1 x Oathkeeper & Oblivion, 1 x Kairi, 1 x Destiny's Embrace, 1 x Destiny's Embrace, 1 x Lil' Gummi Ship, 1 x Shadow Steppers, 1 x Sea-Salt Ice Cream, 1 x Arpeggio, 1 x Arpeggio, 1 x Arpeggio, 1 x TBD (SID_Placeholder_904), 1 x TBD (SID_Placeholder_905), 1 x The Heart of All Worlds for -1 MtxCurrency",10300,4500,5800,0.5631,1,2026-09-17T00:00:00Z,2026-10-01T23:59:59.999Z,1,0,-1,KingdomHearts,Kingdom Hearts ,197,billboard,Size_4_x_1,,1,KINGDOM HEARTS Bundle,22,br,Pickaxe_SpireTend,Keyblade,pickaxe,gaminglegends,Gaming Legends Series,Kingdom Hearts,7,4,2026-09-17T08:00:00Z
2026-09-20,v2:/61e52ba8ed7f1ed95e38550997a152a7035544318dde09bdf4b753d65b4c0a75,"[VIRTUAL]1 x Sora, 1 x Keyblade, 1 x Keyblade, 1 x Keyblade Flourish, 1 x Riku, 1 x Soul Eater, 1 x Soul Eater, 1 x Roxas, 1 x Oathkeeper & Oblivion, 1 x Oathkeeper & Oblivion, 1 x Kairi, 1 x Destiny's Embrace, 1 x Destiny's Embrace, 1 x Lil' Gummi Ship, 1 x Shadow Steppers, 1 x Sea-Salt Ice Cream, 1 x Arpeggio, 1 x Arpeggio, 1 x Arpeggio, 1 x TBD (SID_Placeholder_904), 1 x TBD (SID_Placeholder_905), 1 x The Heart of All Worlds for -1 MtxCurrency",10300,4500,5800,0.5631,1,2026-09-17T00:00:00Z,2026-10-01T23:59:59.999Z,1,0,-1,KingdomHearts,Kingdom Hearts ,197,billboard,Size_4_x_1,,1,KINGDOM HEARTS Bundle,22,br,Backpack_SpireTend,Keyblade,backpack,gaminglegends,Gaming Legends Series,Kingdom Hearts,7,4,2026-09-17T08:00:00Z
2026-09-20,v2:/61e52ba8ed7f1ed95e38550997a152a7035544318dde09bdf4b753d65b4c0a75,"[VIRTUAL]1 x Sora, 1 x Keyblade, 1 x Keyblade, 1 x Keyblade Flourish, 1 x Riku, 1 x Soul Eater, 1 x Soul Eater, 1 x Roxas, 1 x Oathkeeper & Oblivion, 1 x Oathkeeper & Oblivion, 1 x Kairi, 1 x Destiny's Embrace, 1 x Destiny's Embrace, 1 x Lil' Gummi Ship, 1 x Shadow Steppers, 1 x Sea-Salt Ice Cream, 1 x Arpeggio, 1 x Arpeggio, 1 x Arpeggio, 1 x TBD (SID_Placeholder_904), 1 x TBD (SID_Placeholder_905), 1 x The Heart of All Worlds for -1 MtxCurrency",10300,4500,5800,0.5631,1,2026-09-17T00:00:00Z,2026-10-01T23:59:59.999Z,1,0,-1,KingdomHearts,Kingdom Hearts ,197,billboard,Size_4_x_1,,1,KINGDOM HEARTS Bundle,22,br,EID_SpireTend,Keyblade Flourish,emote,gaminglegends,Gaming Legends Series,Kingdom Hearts,7,4,2026-09-17T08:00:00Z
2026-09-20,v2:/61e52ba8ed7f1ed95e38550997a152a7035544318dde09bdf4b753d65b4c0a75,"[VIRTUAL]1 x Sora, 1 x Keyblade, 1 x Keyblade, 1 x Keyblade Flourish, 1 x Riku, 1 x Soul Eater, 1 x Soul Eater, 1 x Roxas, 1 x Oathkeeper & Oblivion, 1 x Oathkeeper & Oblivion, 1 x Kairi, 1 x Destiny's Embrace, 1 x Destiny's Embrace, 1 x Lil' Gummi Ship, 1 x Shadow Steppers, 1 x Sea-Salt Ice Cream, 1 x Arpeggio, 1 x Arpeggio, 1 x Arpeggio, 1 x TBD (SID_Placeholder_904), 1 x TBD (SID_Placeholder_905), 1 x The Heart of All Worlds for -1 MtxCurrency",10300,4500,5800,0.5631,1,2026-09-17T00:00:00Z,2026-10-01T23:59:59.999Z,1,0,-1,KingdomHearts,Kingdom Hearts ,197,billboard,Size_4_x_1,,1,KINGDOM HEARTS Bundle,22,br,Character_VealCadet,Riku,outfit,gaminglegends,Gaming Legends Series,Kingdom Hearts,7,4,2026-09-17T08:00:00Z
2026-09-20,v2:/61e52ba8ed7f1ed95e38550997a152a7035544318dde09bdf4b753d65b4c0a75,"[VIRTUAL]1 x Sora, 1 x Keyblade, 1 x Keyblade, 1 x Keyblade Flourish, 1 x Riku, 1 x Soul Eater, 1 x Soul Eater, 1 x Roxas, 1 x Oathkeeper & Oblivion, 1 x Oathkeeper & Oblivion, 1 x Kairi, 1 x Destiny's Embrace, 1 x Destiny's Embrace, 1 x Lil' Gummi Ship, 1 x Shadow Steppers, 1 x Sea-Salt Ice Cream, 1 x Arpeggio, 1 x Arpeggio, 1 x Arpeggio, 1 x TBD (SID_Placeholder_904), 1 x TBD (SID_Placeholder_905), 1 x The Heart of All Worlds for -1 MtxCurrency",10300,4500,5800,0.5631,1,2026-09-17T00:00:00Z,2026-10-01T23:59:59.999Z,1,0,-1,KingdomHearts,Kingdom Hearts ,197,billboard,Size_4_x_1,,1,KINGDOM HEARTS Bundle,22,br,Pickaxe_VealCadet,Soul Eater,pickaxe,gaminglegends,Gaming Legends Series,Kingdom Hearts,7,4,2026-09-17T08:00:00Z
2026-09-20,v2:/61e52ba8ed7f1ed95e38550997a152a7035544318dde09bdf4b753d65b4c0a75,"[VIRTUAL]1 x Sora, 1 x Keyblade, 1 x Keyblade, 1 x Keyblade Flourish, 1 x Riku, 1 x Soul Eater, 1 x Soul Eater, 1 x Roxas, 1 x Oathkeeper & Oblivion, 1 x Oathkeeper & Oblivion, 1 x Kairi, 1 x Destiny's Embrace, 1 x Destiny's Embrace, 1 x Lil' Gummi Ship, 1 x Shadow Steppers, 1 x Sea-Salt Ice Cream, 1 x Arpeggio, 1 x Arpeggio, 1 x Arpeggio, 1 x TBD (SID_Placeholder_904), 1 x TBD (SID_Placeholder_905), 1 x The Heart of All Worlds for -1 MtxCurrency",10300,4500,5800,0.5631,1,2026-09-17T00:00:00Z,2026-10-01T23:59:59.999Z,1,0,-1,KingdomHearts,Kingdom Hearts ,197,billboard,Size_4_x_1,,1,KINGDOM HEARTS Bundle,22,br,Backpack_VealCadet,Soul Eater,backpack,gaminglegends,Gaming Legends Series,Kingdom Hearts,7,4,2026-09-17T08:00:00Z
2026-09-20,v2:/61e52ba8ed7f1ed95e38550997a152a7035544318dde09bdf4b753d65b4c0a75,"[VIRTUAL]1 x Sora, 1 x Keyblade, 1 x Keyblade, 1 x Keyblade Flourish, 1 x Riku, 1 x Soul Eater, 1 x Soul Eater, 1 x Roxas, 1 x Oathkeeper & Oblivion, 1 x Oathkeeper & Oblivion, 1 x Kairi, 1 x Destiny's Embrace, 1 x Destiny's Embrace, 1 x Lil' Gummi Ship, 1 x Shadow Steppers, 1 x Sea-Salt Ice Cream, 1 x Arpeggio, 1 x Arpeggio, 1 x Arpeggio, 1 x TBD (SID_Placeholder_904), 1 x TBD (SID_Placeholder_905), 1 x The Heart of All Worlds for -1 MtxCurrency",10300,4500,5800,0.5631,1,2026-09-17T00:00:00Z,2026-10-01T23:59:59.999Z,1,0,-1,KingdomHearts,Kingdom Hearts ,197,billboard,Size_4_x_1,,1,KINGDOM HEARTS Bundle,22,br,Character_FaunaPike,Roxas,outfit,gaminglegends,Gaming Legends Series,Kingdom Hearts,7,4,2026-09-17T08:00:00Z
2026-09-20,v2:/61e52ba8ed7f1ed95e38550997a152a7035544318dde09bdf4b753d65b4c0a75,"[VIRTUAL]1 x Sora, 1 x Keyblade, 1 x Keyblade, 1 x Keyblade Flourish, 1 x Riku, 1 x Soul Eater, 1 x Soul Eater, 1 x Roxas, 1 x Oathkeeper & Oblivion, 1 x Oathkeeper & Oblivion, 1 x Kairi, 1 x Destiny's Embrace, 1 x Destiny's Embrace, 1 x Lil' Gummi Ship, 1 x Shadow Steppers, 1 x Sea-Salt Ice Cream, 1 x Arpeggio, 1 x Arpeggio, 1 x Arpeggio, 1 x TBD (SID_Placeholder_904), 1 x TBD (SID_Placeholder_905), 1 x The Heart of All Worlds for -1 MtxCurrency",10300,4500,5800,0.5631,1,2026-09-17T00:00:00Z,2026-10-01T23:59:59.999Z,1,0,-1,KingdomHearts,Kingdom Hearts ,197,billboard,Size_4_x_1,,1,KINGDOM HEARTS Bundle,22,br,Pickaxe_FaunaPike,Oathkeeper & Oblivion,pickaxe,gaminglegends,Gaming Legends Series,Kingdom Hearts,7,4,2026-09-17T08:00:00Z
2026-09-20,v2:/61e52ba8ed7f1ed95e38550997a152a7035544318dde09bdf4b753d65b4c0a75,"[VIRTUAL]1 x Sora, 1 x Keyblade, 1 x Keyblade, 1 x Keyblade Flourish, 1 x Riku, 1 x Soul Eater, 1 x Soul Eater, 1 x Roxas, 1 x Oathkeeper & Oblivion, 1 x Oathkeeper & Oblivion, 1 x Kairi, 1 x Destiny's Embrace, 1 x Destiny's Embrace, 1 x Lil' Gummi Ship, 1 x Shadow Steppers, 1 x Sea-Salt Ice Cream, 1 x Arpeggio, 1 x Arpeggio, 1 x Arpeggio, 1 x TBD (SID_Placeholder_904), 1 x TBD (SID_Placeholder_905), 1 x The Heart of All Worlds for -1 MtxCurrency",10300,4500,5800,0.5631,1,2026-09-17T00:00:00Z,2026-10-01T23:59:59.999Z,1,0,-1,KingdomHearts,Kingdom Hearts ,197,billboard,Size_4_x_1,,1,KINGDOM HEARTS Bundle,22,br,Backpack_FaunaPike,Oathkeeper & Oblivion,backpack,gaminglegends,Gaming Legends Series,Kingdom Hearts,7,4,2026-09-17T08:00:00Z
2026-09-20,v2:/61e52ba8ed7f1ed95e38550997a152a7035544318dde09bdf4b753d65b4c0a75,"[VIRTUAL]1 x Sora, 1 x Keyblade, 1 x Keyblade, 1 x Keyblade Flourish, 1 x Riku, 1 x Soul Eater, 1 x Soul Eater, 1 x Roxas, 1 x Oathkeeper & Oblivion, 1 x Oathkeeper & Oblivion, 1 x Kairi, 1 x Destiny's Embrace, 1 x Destiny's Embrace, 1 x Lil' Gummi Ship, 1 x Shadow Steppers, 1 x Sea-Salt Ice Cream, 1 x Arpeggio, 1 x Arpeggio, 1 x Arpeggio, 1 x TBD (SID_Placeholder_904), 1 x TBD (SID_Placeholder_905), 1 x The Heart of All Worlds for -1 MtxCurrency",10300,4500,5800,0.5631,1,2026-09-17T00:00:00Z,2026-10-01T23:59:59.999Z,1,0,-1,KingdomHearts,Kingdom Hearts ,197,billboard,Size_4_x_1,,1,KINGDOM HEARTS Bundle,22,br,Character_WaningCacti,Kairi,outfit,gaminglegends,Gaming Legends Series,Kingdom Hearts,7,4,2026-09-17T08:00:00Z
2026-09-20,v2:/61e52ba8ed7f1ed95e38550997a152a7035544318dde09bdf4b753d65b4c0a75,"[VIRTUAL]1 x Sora, 1 x Keyblade, 1 x Keyblade, 1 x Keyblade Flourish, 1 x Riku, 1 x Soul Eater, 1 x Soul Eater, 1 x Roxas, 1 x Oathkeeper & Oblivion, 1 x Oathkeeper & Oblivion, 1 x Kairi, 1 x Destiny's Embrace, 1 x Destiny's Embrace, 1 x Lil' Gummi Ship, 1 x Shadow Steppers, 1 x Sea-Salt Ice Cream, 1 x Arpeggio, 1 x Arpeggio, 1 x Arpeggio, 1 x TBD (SID_Placeholder_904), 1 x TBD (SID_Placeholder_905), 1 x The Heart of All Worlds for -1 MtxCurrency",10300,4500,5800,0.5631,1,2026-09-17T00:00:00Z,2026-10-01T23:59:59.999Z,1,0,-1,KingdomHearts,Kingdom Hearts ,197,billboard,Size_4_x_1,,1,KINGDOM HEARTS Bundle,22,br,Pickaxe_WaningCacti,Destiny's Embrace,pickaxe,gaminglegends,Gaming Legends Series,Kingdom Hearts,7,4,2026-09-17T08:00:00Z
2026-09-20,v2:/61e52ba8ed7f1ed95e38550997a152a7035544318dde09bdf4b753d65b4c0a75,"[VIRTUAL]1 x Sora, 1 x Keyblade, 1 x Keyblade, 1 x Keyblade Flourish, 1 x Riku, 1 x Soul Eater, 1 x Soul Eater, 1 x Roxas, 1 x Oathkeeper & Oblivion, 1 x Oathkeeper & Oblivion, 1 x Kairi, 1 x Destiny's Embrace, 1 x Destiny's Embrace, 1 x Lil' Gummi Ship, 1 x Shadow Steppers, 1 x Sea-Salt Ice Cream, 1 x Arpeggio, 1 x Arpeggio, 1 x Arpeggio, 1 x TBD (SID_Placeholder_904), 1 x TBD (SID_Placeholder_905), 1 x The Heart of All Worlds for -1 MtxCurrency",10300,4500,5800,0.5631,1,2026-09-17T00:00:00Z,2026-10-01T23:59:59.999Z,1,0,-1,KingdomHearts,Kingdom Hearts ,197,billboard,Size_4_x_1,,1,KINGDOM HEARTS Bundle,22,br,Backpack_WaningCacti,Destiny's Embrace,backpack,gaminglegends,Gaming Legends Series,Kingdom Hearts,7,4,2026-09-17T08:00:00Z
2026-09-20,v2:/61e52ba8ed7f1ed95e38550997a152a7035544318dde09bdf4b753d65b4c0a75,"[VIRTUAL]1 x Sora, 1 x Keyblade, 1 x Keyblade, 1 x Keyblade Flourish, 1 x Riku, 1 x Soul Eater, 1 x Soul Eater, 1 x Roxas, 1 x Oathkeeper & Oblivion, 1 x Oathkeeper & Oblivion, 1 x Kairi, 1 x Destiny's Embrace, 1 x Destiny's Embrace, 1 x Lil' Gummi Ship, 1 x Shadow Steppers, 1 x Sea-Salt Ice Cream, 1 x Arpeggio, 1 x Arpeggio, 1 x Arpeggio, 1 x TBD (SID_Placeholder_904), 1 x TBD (SID_Placeholder_905), 1 x The Heart of All Worlds for -1 MtxCurrency",10300,4500,5800,0.5631,1,2026-09-17T00:00:00Z,2026-10-01T23:59:59.999Z,1,0,-1,KingdomHearts,Kingdom Hearts ,197,billboard,Size_4_x_1,,1,KINGDOM HEARTS Bundle,22,br,EID_SpireTendFlight,Lil' Gummi Ship,emote,gaminglegends,Gaming Legends Series,Kingdom Hearts,7,4,2026-09-17T08:00:00Z
2026-09-20,v2:/61e52ba8ed7f1ed95e38550997a152a7035544318dde09bdf4b753d65b4c0a75,"[VIRTUAL]1 x Sora, 1 x Keyblade, 1 x Keyblade, 1 x Keyblade Flourish, 1 x Riku, 1 x Soul Eater, 1 x Soul Eater, 1 x Roxas, 1 x Oathkeeper & Oblivion, 1 x Oathkeeper & Oblivion, 1 x Kairi, 1 x Destiny's Embrace, 1 x Destiny's Embrace, 1 x Lil' Gummi Ship, 1 x Shadow Steppers, 1 x Sea-Salt Ice Cream, 1 x Arpeggio, 1 x Arpeggio, 1 x Arpeggio, 1 x TBD (SID_Placeholder_904), 1 x TBD (SID_Placeholder_905), 1 x The Heart of All Worlds for -1 MtxCurrency",10300,4500,5800,0.5631,1,2026-09-17T00:00:00Z,2026-10-01T23:59:59.999Z,1,0,-1,KingdomHearts,Kingdom Hearts ,197,billboard,Size_4_x_1,,1,KINGDOM HEARTS Bundle,22,br,Shoes_SpireTendBeen,Shadow Steppers,shoe,gaminglegends,Gaming Legends Series,Kingdom Hearts,7,4,2026-09-17T08:00:00Z
2026-09-20,v2:/61e52ba8ed7f1ed95e38550997a152a7035544318dde09bdf4b753d65b4c0a75,"[VIRTUAL]1 x Sora, 1 x Keyblade, 1 x Keyblade, 1 x Keyblade Flourish, 1 x Riku, 1 x Soul Eater, 1 x Soul Eater, 1 x Roxas, 1 x Oathkeeper & Oblivion, 1 x Oathkeeper & Oblivion, 1 x Kairi, 1 x Destiny's Embrace, 1 x Destiny's Embrace, 1 x Lil' Gummi Ship, 1 x Shadow Steppers, 1 x Sea-Salt Ice Cream, 1 x Arpeggio, 1 x Arpeggio, 1 x Arpeggio, 1 x TBD (SID_Placeholder_904), 1 x TBD (SID_Placeholder_905), 1 x The Heart of All Worlds for -1 MtxCurrency",10300,4500,5800,0.5631,1,2026-09-17T00:00:00Z,2026-10-01T23:59:59.999Z,1,0,-1,KingdomHearts,Kingdom Hearts ,197,billboard,Size_4_x_1,,1,KINGDOM HEARTS Bundle,22,br,Backpack_SpireTendFlair,Sea-Salt Ice Cream,backpack,gaminglegends,Gaming Legends Series,Kingdom Hearts,7,4,2026-09-17T08:00:00Z
2026-09-20,v2:/61e52ba8ed7f1ed95e38550997a152a7035544318dde09bdf4b753d65b4c0a75,"[VIRTUAL]1 x Sora, 1 x Keyblade, 1 x Keyblade, 1 x Keyblade Flourish, 1 x Riku, 1 x Soul Eater, 1 x Soul Eater, 1 x Roxas, 1 x Oathkeeper & Oblivion, 1 x Oathkeeper & Oblivion, 1 x Kairi, 1 x Destiny's Embrace, 1 x Destiny's Embrace, 1 x Lil' Gummi Ship, 1 x Shadow Steppers, 1 x Sea-Salt Ice Cream, 1 x Arpeggio, 1 x Arpeggio, 1 x Arpeggio, 1 x TBD (SID_Placeholder_904), 1 x TBD (SID_Placeholder_905), 1 x The Heart of All Worlds for -1 MtxCurrency",10300,4500,5800,0.5631,1,2026-09-17T00:00:00Z,2026-10-01T23:59:59.999Z,1,0,-1,KingdomHearts,Kingdom Hearts ,197,billboard,Size_4_x_1,,1,KINGDOM HEARTS Bundle,22,br,Backpack_FaunaPike_Guitar,Arpeggio,backpack,gaminglegends,Gaming Legends Series,Kingdom Hearts,7,4,2026-09-17T08:00:00Z
2026-09-20,v2:/61e52ba8ed7f1ed95e38550997a152a7035544318dde09bdf4b753d65b4c0a75,"[VIRTUAL]1 x Sora, 1 x Keyblade, 1 x Keyblade, 1 x Keyblade Flourish, 1 x Riku, 1 x Soul Eater, 1 x Soul Eater, 1 x Roxas, 1 x Oathkeeper & Oblivion, 1 x Oathkeeper & Oblivion, 1 x Kairi, 1 x Destiny's Embrace, 1 x Destiny's Embrace, 1 x Lil' Gummi Ship, 1 x Shadow Steppers, 1 x Sea-Salt Ice Cream, 1 x Arpeggio, 1 x Arpeggio, 1 x Arpeggio, 1 x TBD (SID_Placeholder_904), 1 x TBD (SID_Placeholder_905), 1 x The Heart of All Worlds for -1 MtxCurrency",10300,4500,5800,0.5631,1,2026-09-17T00:00:00Z,2026-10-01T23:59:59.999Z,1,0,-1,KingdomHearts,Kingdom Hearts ,197,billboard,Size_4_x_1,,1,KINGDOM HEARTS Bundle,22,br,Pickaxe_FaunaPike_Guitar,Arpeggio,pickaxe,gaminglegends,Gaming Legends Series,Kingdom Hearts,7,4,2026-09-17T08:00:00Z
2026-09-20,v2:/61e52ba8ed7f1ed95e38550997a152a7035544318dde09bdf4b753d65b4c0a75,"[VIRTUAL]1 x Sora, 1 x Keyblade, 1 x Keyblade, 1 x Keyblade Flourish, 1 x Riku, 1 x Soul Eater, 1 x Soul Eater, 1 x Roxas, 1 x Oathkeeper & Oblivion, 1 x Oathkeeper & Oblivion, 1 x Kairi, 1 x Destiny's Embrace, 1 x Destiny's Embrace, 1 x Lil' Gummi Ship, 1 x Shadow Steppers, 1 x Sea-Salt Ice Cream, 1 x Arpeggio, 1 x Arpeggio, 1 x Arpeggio, 1 x TBD (SID_Placeholder_904), 1 x TBD (SID_Placeholder_905), 1 x The Heart of All Worlds for -1 MtxCurrency",10300,4500,5800,0.5631,1,2026-09-17T00:00:00Z,2026-10-01T23:59:59.999Z,1,0,-1,KingdomHearts,Kingdom Hearts ,197,billboard,Size_4_x_1,,1,KINGDOM HEARTS Bundle,22,br,LoadingScreen_SpireTendKeyArt,The Heart of All Worlds,loadingscreen,uncommon,,Kingdom Hearts,7,4,2026-09-17T08:00:00Z
2026-09-20,v2:/61e52ba8ed7f1ed95e38550997a152a7035544318dde09bdf4b753d65b4c0a75,"[VIRTUAL]1 x Sora, 1 x Keyblade, 1 x Keyblade, 1 x Keyblade Flourish, 1 x Riku, 1 x Soul Eater, 1 x Soul Eater, 1 x Roxas, 1 x Oathkeeper & Oblivion, 1 x Oathkeeper & Oblivion, 1 x Kairi, 1 x Destiny's Embrace, 1 x Destiny's Embrace, 1 x Lil' Gummi Ship, 1 x Shadow Steppers, 1 x Sea-Salt Ice Cream, 1 x Arpeggio, 1 x Arpeggio, 1 x Arpeggio, 1 x TBD (SID_Placeholder_904), 1 x TBD (SID_Placeholder_905), 1 x The Heart of All Worlds for -1 MtxCurrency",10300,4500,5800,0.5631,1,2026-09-17T00:00:00Z,2026-10-01T23:59:59.999Z,1,0,-1,KingdomHearts,Kingdom Hearts ,197,billboard,Size_4_x_1,,1,KINGDOM HEARTS Bundle,22,track,sid_placeholder_904,Dearly Beloved,,,,,,,2026-09-15T14:22:50Z
2026-09-20,v2:/61e52ba8ed7f1ed95e38550997a152a7035544318dde09bdf4b753d65b4c0a75,"[VIRTUAL]1 x Sora, 1 x Keyblade, 1 x Keyblade, 1 x Keyblade Flourish, 1 x Riku, 1 x Soul Eater, 1 x Soul Eater, 1 x Roxas, 1 x Oathkeeper & Oblivion, 1 x Oathkeeper & Oblivion, 1 x Kairi, 1 x Destiny's Embrace, 1 x Destiny's Embrace, 1 x Lil' Gummi Ship, 1 x Shadow Steppers, 1 x Sea-Salt Ice Cream, 1 x Arpeggio, 1 x Arpeggio, 1 x Arpeggio, 1 x TBD (SID_Placeholder_904), 1 x TBD (SID_Placeholder_905), 1 x The Heart of All Worlds for -1 MtxCurrency",10300,4500,5800,0.5631,1,2026-09-17T00:00:00Z,2026-10-01T23:59:59.999Z,1,0,-1,KingdomHearts,Kingdom Hearts ,197,billboard,Size_4_x_1,,1,KINGDOM HEARTS Bundle,22,track,sid_placeholder_905,The Other Promise,,,,,,,2026-09-15T14:23:51Z
2026-09-20,v2:/61e52ba8ed7f1ed95e38550997a152a7035544318dde09bdf4b753d65b4c0a75,"[VIRTUAL]1 x Sora, 1 x Keyblade, 1 x Keyblade, 1 x Keyblade Flourish, 1 x Riku, 1 x Soul Eater, 1 x Soul Eater, 1 x Roxas, 1 x Oathkeeper & Oblivion, 1 x Oathkeeper & Oblivion, 1 x Kairi, 1 x Destiny's Embrace, 1 x Destiny's Embrace, 1 x Lil' Gummi Ship, 1 x Shadow Steppers, 1 x Sea-Salt Ice Cream, 1 x Arpeggio, 1 x Arpeggio, 1 x Arpeggio, 1 x TBD (SID_Placeholder_904), 1 x TBD (SID_Placeholder_905), 1 x The Heart of All Worlds for -1 MtxCurrency",10300,4500,5800,0.5631,1,2026-09-17T00:00:00Z,2026-10-01T23:59:59.999Z,1,0,-1,KingdomHearts,Kingdom Hearts ,197,billboard,Size_4_x_1,,1,KINGDOM HEARTS Bundle,22,instrument,Sparks_FaunaPike_Guitar,Arpeggio,guitar,gaminglegends,Gaming Legends Series,,,,2026-09-17T08:00:00Z
2026-09-20,v2:/dfdeac072121ab792fbdcd43a9ec27485dfe5872e09475a6901b7920191a6145,[VIRTUAL]1 x The Final Countdown for 500 MtxCurrency,500,500,0,0.0,0,2026-09-01T00:00:00Z,2026-09-30T23:59:59.999Z,1,0,-81,JT091826,Jam Tracks,176,expandableList,Size_1_x_1,,0,,1,track,sid_placeholder_261,The Final Countdown,,,,,,,2024-07-26T00:00:00Z
2026-09-20,v2:/22d384826b51448f2fb8ed1ab58eb419ff0abe92b1958115f7ce914b007ee3e8,[VIRTUAL]1 x Dogg House for 400 MtxCurrency,400,400,0,0.0,0,2026-09-18T00:00:00Z,2026-09-21T23:59:59.999Z,1,0,-2,,,,,Size_2_x_1,,0,,1,br,Backpack_LemonCartGranite,Dogg House,backpack,icon,Icon Series,Snoop Dogg,2,Remix,2024-11-02T06:00:00Z
2026-09-20,v2:/beca4c0b690e9b83d28d343a8d753de983530b92d6f6cd9fd6e38d2a580db235,[VIRTUAL]1 x Cloudbreaker for 1200 MtxCurrency,1200,1200,0,0.0,0,2026-09-20T00:00:00Z,2026-09-26T23:59:59.999Z,1,0,-5,FND092026,Front Page,186,tileGrid,Size_1_x_1,,0,,1,br,CID_291_Athena_Commando_M_Dieselpunk02,Cloudbreaker,outfit,rare,,Aviation Age,1,7,2019-11-20T12:50:10Z
2026-09-20,v2:/bbe4742392999c55bc2561be00427095c7487a1390cefc1473cda9dc0177fe45,[VIRTUAL]1 x Lowrider Bike for 1200 MtxCurrency,1200,1200,0,0.0,0,2026-09-18T00:00:00Z,2026-09-21T23:59:59.999Z,1,0,-2,iHeartRadio,Turn The Music Up,183,tileGrid,Size_1_x_1,,0,,1,br,Glider_LemonCartGranite,Lowrider Bike,glider,icon,Icon Series,Snoop Dogg,2,Remix,2024-11-02T06:00:00Z
2026-09-20,v2:/8fbefffcca6b7ffaa491441b537fa8daeb400c05576e715011c6be782724fc63,[VIRTUAL]1 x Jolly Jack Sledge for 800 MtxCurrency,800,800,0,0.0,0,2026-09-18T00:00:00Z,2026-09-22T23:59:59.999Z,1,0,-2,Batmanday,Batman,190,tileGrid,Size_1_x_1,,0,,1,br,Pickaxe_FinchVisit,Jolly Jack Sledge,pickaxe,dc,DC SERIES,Batman Beyond,7,1,2025-12-22T00:00:00Z
2026-09-20,v2:/2c65271ad8234698891b0795246facde9cd98d68e54137df63317cf9f4cdebd7,[VIRTUAL]1 x Ella Baila Sola for 500 MtxCurrency,500,500,0,0.0,0,2026-09-18T00:00:00Z,2026-09-24T23:59:59.999Z,1,0,-3,JT091826,Jam Tracks,176,tileGrid,Size_1_x_1,,0,,1,track,sid_placeholder_190,Ella Baila Sola,,,,,,,2024-04-09T15:02:47Z
2026-09-20,v2:/3162278ac3ca3b0a8f2d09861575f17e6765d1e50c505333c2fede0648e65db8,[VIRTUAL]1 x Crank That (Soulja Boy) for 500 MtxCurrency,500,500,0,0.0,0,2026-09-01T00:00:00Z,2026-09-30T23:59:59.999Z,1,0,-46,JT091826,Jam Tracks,176,expandableList,Size_1_x_1,,0,,1,track,sid_placeholder_382,Crank That (Soulja Boy),,,,,,,2024-11-02T07:02:33Z
2026-09-20,v2:/c67c6ce454692604be0fd3de043b1e87e52fdb8db2532017a14670f768018504,[VIRTUAL]1 x Barbarian for 500 MtxCurrency,500,500,0,0.0,0,2026-09-01T00:00:00Z,2026-09-30T23:59:59.999Z,1,0,-89,JT091826,Jam Tracks,176,expandableList,Size_1_x_1,,0,,1,track,sid_placeholder_430,Barbarian,,,,,,,2024-12-01T01:00:00Z
2026-09-20,v2:/1081155df6b9c1a8ee7b87dfc8db25f163cd4ee3ada2e0aa1da4c427bfa72362,[VIRTUAL]1 x Herc's Feats for 400 MtxCurrency,400,400,0,0.0,0,2026-09-18T00:00:00Z,2026-09-21T23:59:59.999Z,1,0,-1,hugevillian,Disney,196,tileGrid,Size_1_x_1,,0,,1,br,EID_ParadeLotus,Herc's Feats,emote,uncommon,,Disney's Hercules,7,2,2026-03-27T13:00:19Z
2026-09-20,v2:/0e2be2b76c645c33bf199493250bd243d4550bdb3a641f4091a8e6b317001935,[VIRTUAL]1 x Lazer Axe for 800 MtxCurrency,800,800,0,0.0,0,2026-09-18T00:00:00Z,2026-09-21T23:59:59.999Z,1,0,-4,iHeartRadio,Turn The Music Up,183,tileGrid,Size_1_x_1,,0,,1,br,Pickaxe_ID_235_Lasagna,Lazer Axe,pickaxe,icon,Icon Series,Lazerism,1,X,2019-11-20T12:50:47Z
2026-09-20,v2:/c237bcef51597918f7e502d084cc98902a12ac0d9bc335ce134139b94d7544ce,[VIRTUAL]1 x Kiss Me More for 500 MtxCurrency,500,500,0,0.0,0,2026-09-01T00:00:00Z,2026-09-30T23:59:59.999Z,1,0,-47,JT091826,Jam Tracks,176,expandableList,Size_1_x_1,,0,,1,track,sid_placeholder_168,Kiss Me More,,,,,,,2024-05-07T14:47:23Z
2026-09-20,v2:/d4c52d5f168f6e4b8efc445d561fa33fb27a2e63c4c782e3fffaa5f4ad208d2a,"[VIRTUAL]1 x Roxas, 1 x Oathkeeper & Oblivion, 1 x Oathkeeper & Oblivion for -1 MtxCurrency",1600,1600,0,0.0,0,2026-09-17T00:00:00Z,2026-10-01T23:59:59.999Z,1,0,-2,KingdomHearts,Kingdom Hearts ,197,tileGrid,Size_1_x_1,,0,,3,br,Character_FaunaPike,Roxas,outfit,gaminglegends,Gaming Legends Series,Kingdom Hearts,7,4,2026-09-17T08:00:00Z
2026-09-20,v2:/d4c52d5f168f6e4b8efc445d561fa33fb27a2e63c4c782e3fffaa5f4ad208d2a,"[VIRTUAL]1 x Roxas, 1 x Oathkeeper & Oblivion, 1 x Oathkeeper & Oblivion for -1 MtxCurrency",1600,1600,0,0.0,0,2026-09-17T00:00:00Z,2026-10-01T23:59:59.999Z,1,0,-2,KingdomHearts,Kingdom Hearts ,197,tileGrid,Size_1_x_1,,0,,3,br,Pickaxe_FaunaPike,Oathkeeper & Oblivion,pickaxe,gaminglegends,Gaming Legends Series,Kingdom Hearts,7,4,2026-09-17T08:00:00Z
2026-09-20,v2:/d4c52d5f168f6e4b8efc445d561fa33fb27a2e63c4c782e3fffaa5f4ad208d2a,"[VIRTUAL]1 x Roxas, 1 x Oathkeeper & Oblivion, 1 x Oathkeeper & Oblivion for -1 MtxCurrency",1600,1600,0,0.0,0,2026-09-17T00:00:00Z,2026-10-01T23:59:59.999Z,1,0,-2,KingdomHearts,Kingdom Hearts ,197,tileGrid,Size_1_x_1,,0,,3,br,Backpack_FaunaPike,Oathkeeper & Oblivion,backpack,gaminglegends,Gaming Legends Series,Kingdom Hearts,7,4,2026-09-17T08:00:00Z
2026-09-20,v2:/50931076b4fdd54f88e384b1306ad8c2e24cd7428446776266f0ac0473f945d9,[VIRTUAL]1 x Herc's Mantle for 300 MtxCurrency,300,300,0,0.0,0,2026-09-18T00:00:00Z,2026-09-21T23:59:59.999Z,1,0,-2,hugevillian,Disney,196,tileGrid,Size_1_x_1,,0,,1,br,Backpack_ParadeLotusCape,Herc's Mantle,backpack,rare,,Disney's Hercules,7,2,2026-03-27T13:00:19Z
2026-09-20,v2:/cdfe55ffa1ae44162706364c7ff8214e682a865b35369e0b30681225d4010e26,[VIRTUAL]1 x Speed Cam for 300 MtxCurrency,300,300,0,0.0,0,2026-09-20T00:00:00Z,2026-09-23T23:59:59.999Z,1,0,-1,ishowspeed3,iShowSpeed,174,tileGrid,Size_1_x_1,,0,,1,br,Backpack_HonorBraceJoust,Speed Cam,backpack,icon,Icon Series,IShowSpeed,7,1,2025-12-25T00:00:00Z
2026-09-20,v2:/c897057b821209c92f3fe8d0cf06d2f5f815ab4553c2b6839db6d49d90a9ee51,[VIRTUAL]1 x NaNa Pillow for 800 MtxCurrency,800,800,0,0.0,0,2026-09-20T00:00:00Z,2026-09-21T23:59:59.999Z,1,0,-4,BR092026,Fit Check,181,tileGrid,Size_1_x_1,,0,,1,br,Pickaxe_SleepyCloud,NaNa Pillow,pickaxe,rare,,Sleepy Sharpshooter,6,5,2025-08-07T09:33:19Z
2026-09-20,v2:/1190ea437cd27861575acbc65dc0da8a725acfeda4817e4cac66527d12aeca92,[VIRTUAL]1 x Rubian for 800 MtxCurrency,800,800,0,0.0,0,2026-09-18T00:00:00Z,2026-09-20T23:59:59.999Z,1,0,-4,BR092026,Fit Check,181,tileGrid,Size_1_x_1,,0,,1,br,Character_PersimmonSmoke,Rubian,outfit,epic,,Crimson Gamer,6,3,2025-05-02T13:15:59Z
2026-09-20,v2:/4022673e6125b7d052c33072eb71569d4b416bde4b54d84128cea42ad91605bf,[VIRTUAL]1 x TBD (SID_Placeholder_497) for 500 MtxCurrency,500,500,0,0.0,0,2026-09-01T00:00:00Z,2026-09-30T23:59:59.999Z,1,0,-92,JT091826,Jam Tracks,176,expandableList,Size_1_x_1,,0,,1,track,sid_placeholder_497,Still Into You,,,,,,,2025-03-18T15:58:31Z
2026-09-20,v2:/163c9d55f0e8a18cf37ab75978271d4869b0d2b0fba3c91813cb13246e078b25,[VIRTUAL]1 x Drop It Like It's Hot for 500 MtxCurrency,500,500,0,0.0,0,2026-09-18T00:00:00Z,2026-09-21T23:59:59.999Z,1,0,-2,iHeartRadio,Turn The Music Up,183,tileGrid,Size_1_x_1,,0,,1,track,sid_placeholder_387,Drop It Like It's Hot,,,,,,,2024-11-02T06:00:00Z
2026-09-20,v2:/0a56affea8377ac9fb7bfe90a0731ecc36dcdcf88d247e443909a6186ff03160,[VIRTUAL]1 x Olympian's Shield for 800 MtxCurrency,800,800,0,0.0,0,2026-09-18T00:00:00Z,2026-09-21T23:59:59.999Z,1,0,-4,hugevillian,Disney,196,tileGrid,Size_1_x_1,,0,,1,br,Pickaxe_ParadeLotus,Olympian's Shield,pickaxe,rare,,Disney's Hercules,7,2,2026-03-27T13:00:19Z
2026-09-20,v2:/956c2354142e955929c5b591ef51522668c37dbcc5be4148378a73e702fec0e2,[VIRTUAL]1 x Mr. Brightside for 500 MtxCurrency,500,500,0,0.0,0,2026-09-18T00:00:00Z,2026-09-24T23:59:59.999Z,1,0,-2,JT091826,Jam Tracks,176,tileGrid,Size_1_x_1,,0,,1,track,sid_placeholder_16,Mr. Brightside,,,,,,,2023-12-11T00:00:00Z
2026-09-20,v2:/f45881d41bc2901c18487fb534f603b8500b6f2c54b9a906f3b1e32dc0032de9,"[VIRTUAL]1 x Lil Wayne, 1 x Milli Bricks, 1 x Lollipop, 1 x Young Money Stage, 1 x Weezy, 1 x Weezy Board, 1 x 6 Foot 7 Foot, 1 x Weezy Boardbreaker, 1 x YM Burner, 1 x Weezy's Pose, 1 x Tha Guitar, 1 x Tha Guitar, 1 x Tha Guitar, 1 x TBD (SID_Placeholder_870), 1 x TBD (SID_Placeholder_871), 1 x TBD (SID_Placeholder_872) for -1 MtxCurrency",8400,3600,4800,0.5714,1,2026-09-13T00:00:00Z,2026-09-22T23:59:59.999Z,1,0,-2,LilWayneNo/Violators,Lil Wayne,187,tileGrid,Size_4_x_1,,1,Lil Wayne Bundle,16,br,Character_NoiseClueLurch,Lil Wayne,outfit,icon,Icon Series,Lil Wayne,7,4,2026-09-10T16:36:49Z
2026-09-20,v2:/f45881d41bc2901c18487fb534f603b8500b6f2c54b9a906f3b1e32dc0032de9,"[VIRTUAL]1 x Lil Wayne, 1 x Milli Bricks, 1 x Lollipop, 1 x Young Money Stage, 1 x Weezy, 1 x Weezy Board, 1 x 6 Foot 7 Foot, 1 x Weezy Boardbreaker, 1 x YM Burner, 1 x Weezy's Pose, 1 x Tha Guitar, 1 x Tha Guitar, 1 x Tha Guitar, 1 x TBD (SID_Placeholder_870), 1 x TBD (SID_Placeholder_871), 1 x TBD (SID_Placeholder_872) for -1 MtxCurrency",8400,3600,4800,0.5714,1,2026-09-13T00:00:00Z,2026-09-22T23:59:59.999Z,1,0,-2,LilWayneNo/Violators,Lil Wayne,187,tileGrid,Size_4_x_1,,1,Lil Wayne Bundle,16,br,Backpack_NoiseClueLurch,Milli Bricks,backpack,icon,Icon Series,Lil Wayne,7,4,2026-09-10T16:36:49Z
2026-09-20,v2:/f45881d41bc2901c18487fb534f603b8500b6f2c54b9a906f3b1e32dc0032de9,"[VIRTUAL]1 x Lil Wayne, 1 x Milli Bricks, 1 x Lollipop, 1 x Young Money Stage, 1 x Weezy, 1 x Weezy Board, 1 x 6 Foot 7 Foot, 1 x Weezy Boardbreaker, 1 x YM Burner, 1 x Weezy's Pose, 1 x Tha Guitar, 1 x Tha Guitar, 1 x Tha Guitar, 1 x TBD (SID_Placeholder_870), 1 x TBD (SID_Placeholder_871), 1 x TBD (SID_Placeholder_872) for -1 MtxCurrency",8400,3600,4800,0.5714,1,2026-09-13T00:00:00Z,2026-09-22T23:59:59.999Z,1,0,-2,LilWayneNo/Violators,Lil Wayne,187,tileGrid,Size_4_x_1,,1,Lil Wayne Bundle,16,br,EID_NoiseClueLurch,Lollipop,emote,icon,Icon Series,Lil Wayne,7,4,2026-09-10T16:36:49Z
2026-09-20,v2:/f45881d41bc2901c18487fb534f603b8500b6f2c54b9a906f3b1e32dc0032de9,"[VIRTUAL]1 x Lil Wayne, 1 x Milli Bricks, 1 x Lollipop, 1 x Young Money Stage, 1 x Weezy, 1 x Weezy Board, 1 x 6 Foot 7 Foot, 1 x Weezy Boardbreaker, 1 x YM Burner, 1 x Weezy's Pose, 1 x Tha Guitar, 1 x Tha Guitar, 1 x Tha Guitar, 1 x TBD (SID_Placeholder_870), 1 x TBD (SID_Placeholder_871), 1 x TBD (SID_Placeholder_872) for -1 MtxCurrency",8400,3600,4800,0.5714,1,2026-09-13T00:00:00Z,2026-09-22T23:59:59.999Z,1,0,-2,LilWayneNo/Violators,Lil Wayne,187,tileGrid,Size_4_x_1,,1,Lil Wayne Bundle,16,br,Glider_NoiseClueLurch,Young Money Stage,glider,icon,Icon Series,Lil Wayne,7,4,2026-09-10T16:00:38Z
2026-09-20,v2:/f45881d41bc2901c18487fb534f603b8500b6f2c54b9a906f3b1e32dc0032de9,"[VIRTUAL]1 x Lil Wayne, 1 x Milli Bricks, 1 x Lollipop, 1 x Young Money Stage, 1 x Weezy, 1 x Weezy Board, 1 x 6 Foot 7 Foot, 1 x Weezy Boardbreaker, 1 x YM Burner, 1 x Weezy's Pose, 1 x Tha Guitar, 1 x Tha Guitar, 1 x Tha Guitar, 1 x TBD (SID_Placeholder_870), 1 x TBD (SID_Placeholder_871), 1 x TBD (SID_Placeholder_872) for -1 MtxCurrency",8400,3600,4800,0.5714,1,2026-09-13T00:00:00Z,2026-09-22T23:59:59.999Z,1,0,-2,LilWayneNo/Violators,Lil Wayne,187,tileGrid,Size_4_x_1,,1,Lil Wayne Bundle,16,br,Character_NoiseClueGust,Weezy,outfit,icon,Icon Series,Lil Wayne,7,4,2026-09-10T16:36:49Z
2026-09-20,v2:/f45881d41bc2901c18487fb534f603b8500b6f2c54b9a906f3b1e32dc0032de9,"[VIRTUAL]1 x Lil Wayne, 1 x Milli Bricks, 1 x Lollipop, 1 x Young Money Stage, 1 x Weezy, 1 x Weezy Board, 1 x 6 Foot 7 Foot, 1 x Weezy Boardbreaker, 1 x YM Burner, 1 x Weezy's Pose, 1 x Tha Guitar, 1 x Tha Guitar, 1 x Tha Guitar, 1 x TBD (SID_Placeholder_870), 1 x TBD (SID_Placeholder_871), 1 x TBD (SID_Placeholder_872) for -1 MtxCurrency",8400,3600,4800,0.5714,1,2026-09-13T00:00:00Z,2026-09-22T23:59:59.999Z,1,0,-2,LilWayneNo/Violators,Lil Wayne,187,tileGrid,Size_4_x_1,,1,Lil Wayne Bundle,16,br,Backpack_NoiseClueGust,Weezy Board,backpack,icon,Icon Series,Lil Wayne,7,4,2026-09-10T16:36:49Z
2026-09-20,v2:/f45881d41bc2901c18487fb534f603b8500b6f2c54b9a906f3b1e32dc0032de9,"[VIRTUAL]1 x Lil Wayne, 1 x Milli Bricks, 1 x Lollipop, 1 x Young Money Stage, 1 x Weezy, 1 x Weezy Board, 1 x 6 Foot 7 Foot, 1 x Weezy Boardbreaker, 1 x YM Burner, 1 x Weezy's Pose, 1 x Tha Guitar, 1 x Tha Guitar, 1 x Tha Guitar, 1 x TBD (SID_Placeholder_870), 1 x TBD (SID_Placeholder_871), 1 x TBD (SID_Placeholder_872) for -1 MtxCurrency",8400,3600,4800,0.5714,1,2026-09-13T00:00:00Z,2026-09-22T23:59:59.999Z,1,0,-2,LilWayneNo/Violators,Lil Wayne,187,tileGrid,Size_4_x_1,,1,Lil Wayne Bundle,16,br,EID_NoiseClueGust,6 Foot 7 Foot,emote,icon,Icon Series,Lil Wayne,7,4,2026-09-10T16:36:49Z
2026-09-20,v2:/f45881d41bc2901c18487fb534f603b8500b6f2c54b9a906f3b1e32dc0032de9,"[VIRTUAL]1 x Lil Wayne, 1 x Milli Bricks, 1 x Lollipop, 1 x Young Money Stage, 1 x Weezy, 1 x Weezy Board, 1 x 6 Foot 7 Foot, 1 x Weezy Boardbreaker, 1 x YM Burner, 1 x Weezy's Pose, 1 x Tha Guitar, 1 x Tha Guitar, 1 x Tha Guitar, 1 x TBD (SID_Placeholder_870), 1 x TBD (SID_Placeholder_871), 1 x TBD (SID_Placeholder_872) for -1 MtxCurrency",8400,3600,4800,0.5714,1,2026-09-13T00:00:00Z,2026-09-22T23:59:59.999Z,1,0,-2,LilWayneNo/Violators,Lil Wayne,187,tileGrid,Size_4_x_1,,1,Lil Wayne Bundle,16,br,Pickaxe_NoiseClueGust,Weezy Boardbreaker,pickaxe,icon,Icon Series,Lil Wayne,7,4,2026-09-10T16:36:49Z
2026-09-20,v2:/f45881d41bc2901c18487fb534f603b8500b6f2c54b9a906f3b1e32dc0032de9,"[VIRTUAL]1 x Lil Wayne, 1 x Milli Bricks, 1 x Lollipop, 1 x Young Money Stage, 1 x Weezy, 1 x Weezy Board, 1 x 6 Foot 7 Foot, 1 x Weezy Boardbreaker, 1 x YM Burner, 1 x Weezy's Pose, 1 x Tha Guitar, 1 x Tha Guitar, 1 x Tha Guitar, 1 x TBD (SID_Placeholder_870), 1 x TBD (SID_Placeholder_871), 1 x TBD (SID_Placeholder_872) for -1 MtxCurrency",8400,3600,4800,0.5714,1,2026-09-13T00:00:00Z,2026-09-22T23:59:59.999Z,1,0,-2,LilWayneNo/Violators,Lil Wayne,187,tileGrid,Size_4_x_1,,1,Lil Wayne Bundle,16,br,Wrap_NoiseClue,YM Burner,wrap,icon,Icon Series,Lil Wayne,7,4,2026-09-10T16:00:38Z
2026-09-20,v2:/f45881d41bc2901c18487fb534f603b8500b6f2c54b9a906f3b1e32dc0032de9,"[VIRTUAL]1 x Lil Wayne, 1 x Milli Bricks, 1 x Lollipop, 1 x Young Money Stage, 1 x Weezy, 1 x Weezy Board, 1 x 6 Foot 7 Foot, 1 x Weezy Boardbreaker, 1 x YM Burner, 1 x Weezy's Pose, 1 x Tha Guitar, 1 x Tha Guitar, 1 x Tha Guitar, 1 x TBD (SID_Placeholder_870), 1 x TBD (SID_Placeholder_871), 1 x TBD (SID_Placeholder_872) for -1 MtxCurrency",8400,3600,4800,0.5714,1,2026-09-13T00:00:00Z,2026-09-22T23:59:59.999Z,1,0,-2,LilWayneNo/Violators,Lil Wayne,187,tileGrid,Size_4_x_1,,1,Lil Wayne Bundle,16,br,LoadingScreen_NoiseClue,Weezy's Pose,loadingscreen,icon,Icon Series,Lil Wayne,7,4,2026-09-10T16:00:38Z
2026-09-20,v2:/f45881d41bc2901c18487fb534f603b8500b6f2c54b9a906f3b1e32dc0032de9,"[VIRTUAL]1 x Lil Wayne, 1 x Milli Bricks, 1 x Lollipop, 1 x Young Money Stage, 1 x Weezy, 1 x Weezy Board, 1 x 6 Foot 7 Foot, 1 x Weezy Boardbreaker, 1 x YM Burner, 1 x Weezy's Pose, 1 x Tha Guitar, 1 x Tha Guitar, 1 x Tha Guitar, 1 x TBD (SID_Placeholder_870), 1 x TBD (SID_Placeholder_871), 1 x TBD (SID_Placeholder_872) for -1 MtxCurrency",8400,3600,4800,0.5714,1,2026-09-13T00:00:00Z,2026-09-22T23:59:59.999Z,1,0,-2,LilWayneNo/Violators,Lil Wayne,187,tileGrid,Size_4_x_1,,1,Lil Wayne Bundle,16,br,Pickaxe_NoiseClue_Guitar,Tha Guitar,pickaxe,icon,Icon Series,Lil Wayne,7,4,2026-09-10T16:00:38Z
2026-09-20,v2:/f45881d41bc2901c18487fb534f603b8500b6f2c54b9a906f3b1e32dc0032de9,"[VIRTUAL]1 x Lil Wayne, 1 x Milli Bricks, 1 x Lollipop, 1 x Young Money Stage, 1 x Weezy, 1 x Weezy Board, 1 x 6 Foot 7 Foot, 1 x Weezy Boardbreaker, 1 x YM Burner, 1 x Weezy's Pose, 1 x Tha Guitar, 1 x Tha Guitar, 1 x Tha Guitar, 1 x TBD (SID_Placeholder_870), 1 x TBD (SID_Placeholder_871), 1 x TBD (SID_Placeholder_872) for -1 MtxCurrency",8400,3600,4800,0.5714,1,2026-09-13T00:00:00Z,2026-09-22T23:59:59.999Z,1,0,-2,LilWayneNo/Violators,Lil Wayne,187,tileGrid,Size_4_x_1,,1,Lil Wayne Bundle,16,br,Backpack_NoiseClue_Guitar,Tha Guitar,backpack,icon,Icon Series,Lil Wayne,7,4,2026-09-10T16:00:38Z
2026-09-20,v2:/f45881d41bc2901c18487fb534f603b8500b6f2c54b9a906f3b1e32dc0032de9,"[VIRTUAL]1 x Lil Wayne, 1 x Milli Bricks, 1 x Lollipop, 1 x Young Money Stage, 1 x Weezy, 1 x Weezy Board, 1 x 6 Foot 7 Foot, 1 x Weezy Boardbreaker, 1 x YM Burner, 1 x Weezy's Pose, 1 x Tha Guitar, 1 x Tha Guitar, 1 x Tha Guitar, 1 x TBD (SID_Placeholder_870), 1 x TBD (SID_Placeholder_871), 1 x TBD (SID_Placeholder_872) for -1 MtxCurrency",8400,3600,4800,0.5714,1,2026-09-13T00:00:00Z,2026-09-22T23:59:59.999Z,1,0,-2,LilWayneNo/Violators,Lil Wayne,187,tileGrid,Size_4_x_1,,1,Lil Wayne Bundle,16,track,sid_placeholder_870,Lollipop,,,,,,,2026-09-10T16:15:49Z
2026-09-20,v2:/f45881d41bc2901c18487fb534f603b8500b6f2c54b9a906f3b1e32dc0032de9,"[VIRTUAL]1 x Lil Wayne, 1 x Milli Bricks, 1 x Lollipop, 1 x Young Money Stage, 1 x Weezy, 1 x Weezy Board, 1 x 6 Foot 7 Foot, 1 x Weezy Boardbreaker, 1 x YM Burner, 1 x Weezy's Pose, 1 x Tha Guitar, 1 x Tha Guitar, 1 x Tha Guitar, 1 x TBD (SID_Placeholder_870), 1 x TBD (SID_Placeholder_871), 1 x TBD (SID_Placeholder_872) for -1 MtxCurrency",8400,3600,4800,0.5714,1,2026-09-13T00:00:00Z,2026-09-22T23:59:59.999Z,1,0,-2,LilWayneNo/Violators,Lil Wayne,187,tileGrid,Size_4_x_1,,1,Lil Wayne Bundle,16,track,sid_placeholder_871,A Milli (2023 Remix),,,,,,,2026-09-10T16:19:51Z
2026-09-20,v2:/f45881d41bc2901c18487fb534f603b8500b6f2c54b9a906f3b1e32dc0032de9,"[VIRTUAL]1 x Lil Wayne, 1 x Milli Bricks, 1 x Lollipop, 1 x Young Money Stage, 1 x Weezy, 1 x Weezy Board, 1 x 6 Foot 7 Foot, 1 x Weezy Boardbreaker, 1 x YM Burner, 1 x Weezy's Pose, 1 x Tha Guitar, 1 x Tha Guitar, 1 x Tha Guitar, 1 x TBD (SID_Placeholder_870), 1 x TBD (SID_Placeholder_871), 1 x TBD (SID_Placeholder_872) for -1 MtxCurrency",8400,3600,4800,0.5714,1,2026-09-13T00:00:00Z,2026-09-22T23:59:59.999Z,1,0,-2,LilWayneNo/Violators,Lil Wayne,187,tileGrid,Size_4_x_1,,1,Lil Wayne Bundle,16,track,sid_placeholder_872,6 Foot 7 Foot,,,,,,,2026-09-10T16:19:51Z
2026-09-20,v2:/f45881d41bc2901c18487fb534f603b8500b6f2c54b9a906f3b1e32dc0032de9,"[VIRTUAL]1 x Lil Wayne, 1 x Milli Bricks, 1 x Lollipop, 1 x Young Money Stage, 1 x Weezy, 1 x Weezy Board, 1 x 6 Foot 7 Foot, 1 x Weezy Boardbreaker, 1 x YM Burner, 1 x Weezy's Pose, 1 x Tha Guitar, 1 x Tha Guitar, 1 x Tha Guitar, 1 x TBD (SID_Placeholder_870), 1 x TBD (SID_Placeholder_871), 1 x TBD (SID_Placeholder_872) for -1 MtxCurrency",8400,3600,4800,0.5714,1,2026-09-13T00:00:00Z,2026-09-22T23:59:59.999Z,1,0,-2,LilWayneNo/Violators,Lil Wayne,187,tileGrid,Size_4_x_1,,1,Lil Wayne Bundle,16,instrument,Sparks_NoiseClue_Guitar,Tha Guitar,guitar,icon,Icon Series,,,,2026-09-10T16:00:38Z
2026-09-20,v2:/67761add679c1899bd56234da6b301302507a228f25e7f0fbb040b41adad6a5b,[VIRTUAL]1 x TBD (SID_Placeholder_823) for 500 MtxCurrency,500,500,0,0.0,0,2026-09-01T00:00:00Z,2026-09-30T23:59:59.999Z,1,0,-19,JT091826,Jam Tracks,176,expandableList,Size_1_x_1,,0,,1,track,sid_placeholder_823,He Gets Me So High,,,,,,,2026-06-16T14:07:21Z
2026-09-20,v2:/5c8ffb2ae2c4bbbf490626be13fba21bc3be929d553589bde925d14c0aa4d49d,[VIRTUAL]1 x Cadillac CT5-V Blackwing for 400 MtxCurrency,400,400,0,0.0,0,2026-09-11T00:00:00Z,2026-09-20T23:59:59.999Z,1,0,-1,,,,,Size_3_x_1,,0,,1,car,Wheel_BurnishedRaven01,Cadillac CT5-V Blackwing,wheel,uncommon,,,,,2026-09-10T13:00:47Z
2026-09-20,v2:/4ebf1334d3daa35a3bf879f88120030e1d7e434d0e896531407e22dea7f2c23f,[VIRTUAL]1 x The Search for 500 MtxCurrency,500,500,0,0.0,0,2026-09-01T00:00:00Z,2026-09-30T23:59:59.999Z,1,0,-1,JT091826,Jam Tracks,176,expandableList,Size_1_x_1,,0,,1,track,sid_placeholder_56,The Search,,,,,,,2023-12-11T00:00:00Z
2026-09-20,v2:/127f485001e297680493ee202a4524fcd4d4e05709158f0f5e73e3003e4dcddb,"[VIRTUAL]1 x Echo, 1 x True Reflection for -1 MtxCurrency",1200,1200,0,0.0,0,2026-09-20T00:00:00Z,2026-09-22T23:59:59.999Z,1,0,-1,BR092026,Fit Check,181,tileGrid,Size_1_x_1,,0,,2,br,CID_715_Athena_Commando_F_TwinDark,Echo,outfit,rare,,Twin Echo,2,2,2020-03-03T09:32:28Z
2026-09-20,v2:/127f485001e297680493ee202a4524fcd4d4e05709158f0f5e73e3003e4dcddb,"[VIRTUAL]1 x Echo, 1 x True Reflection for -1 MtxCurrency",1200,1200,0,0.0,0,2026-09-20T00:00:00Z,2026-09-22T23:59:59.999Z,1,0,-1,BR092026,Fit Check,181,tileGrid,Size_1_x_1,,0,,2,br,BID_489_TwinDark,True Reflection,backpack,rare,,Twin Echo,2,2,2020-03-03T09:32:28Z
2026-09-20,v2:/7d44ab041e93a26fe0eba2e0e54db5a9d4dc214083023a2d12a25e8a70743d0b,[VIRTUAL]1 x Hollaback Girl for 500 MtxCurrency,500,500,0,0.0,0,2026-09-01T00:00:00Z,2026-09-30T23:59:59.999Z,1,0,-17,JT091826,Jam Tracks,176,expandableList,Size_1_x_1,,0,,1,track,sid_placeholder_259,Hollaback Girl,,,,,,,2024-07-03T14:17:57Z
2026-09-20,v2:/6c93653887cd352bf312ac1867e2e97ae6a1c003f3abfbf2909a7732ef40c8d4,[VIRTUAL]1 x Lucy's Monowire for 800 MtxCurrency,800,800,0,0.0,0,2026-09-20T00:00:00Z,2026-09-26T23:59:59.999Z,1,0,-2,CyberpunkEdgerunnersNew,Cyberpunk Edgerunners ,198,tileGrid,Size_2_x_1,,0,,1,br,Pickaxe_FaithPerch,Lucy's Monowire,pickaxe,rare,,Cyberpunk Edgerunners,7,4,2026-09-17T16:17:14Z
2026-09-20,v2:/d86ecfe34b39eda18b9d10eec582d67c9a73b9d5186623d43910c27f93d63f2c,[VIRTUAL]1 x Starships for 500 MtxCurrency,500,500,0,0.0,0,2026-09-01T00:00:00Z,2026-09-30T23:59:59.999Z,1,0,-64,JT091826,Jam Tracks,176,expandableList,Size_1_x_1,,0,,1,track,sid_placeholder_53,Starships,,,,,,,2024-05-07T14:47:23Z
2026-09-20,v2:/1d323b9cc7a818bfaadb9a8a0ca15015ed5823131dfbe0ddbe7c89eb7dae308a,[VIRTUAL]1 x TBD (SID_Placeholder_796) for 500 MtxCurrency,500,500,0,0.0,0,2026-09-01T00:00:00Z,2026-09-30T23:59:59.999Z,1,0,-42,JT091826,Jam Tracks,176,expandableList,Size_1_x_1,,0,,1,track,sid_placeholder_796,Snow on The Bluff,,,,,,,2026-05-26T14:09:46Z
2026-09-20,v2:/47b28913ef5af74994166084c95f1b7af54635d9b0f31eceacac76393e01b12b,[VIRTUAL]1 x My Songs Know What You Did In The Dark (Light Em Up) for 500 MtxCurrency,500,500,0,0.0,0,2026-09-01T00:00:00Z,2026-09-30T23:59:59.999Z,1,0,-57,JT091826,Jam Tracks,176,expandableList,Size_1_x_1,,0,,1,track,sid_placeholder_90,My Songs Know What You Did In The Dark (Light Em Up),,,,,,,2024-01-05T21:55:08Z
2026-09-20,v2:/baeae1568877e432c507c635b2b9f47f8709702dcdff4c9024de76858181d214,"[VIRTUAL]1 x Pac-Man, 1 x Pac-Sneaks, 1 x PAC-MAN, 1 x PAC-Brained, 1 x PAC-MAN's Snacks, 1 x PAC-MAN's Gloves for -1 MtxCurrency",4500,2200,2300,0.5111,1,2026-09-19T00:00:00Z,2026-09-25T23:59:59.999Z,1,0,-1,PacMan,Pac-Man ,191,tileGrid,Size_4_x_1,,1,PAC-MAN Bundle,6,br,Companion_AvenuePole,Pac-Man,sidekick,gaminglegends,Gaming Legends Series,Pac-Man,7,4,2026-09-18T13:01:02Z
2026-09-20,v2:/baeae1568877e432c507c635b2b9f47f8709702dcdff4c9024de76858181d214,"[VIRTUAL]1 x Pac-Man, 1 x Pac-Sneaks, 1 x PAC-MAN, 1 x PAC-Brained, 1 x PAC-MAN's Snacks, 1 x PAC-MAN's Gloves for -1 MtxCurrency",4500,2200,2300,0.5111,1,2026-09-19T00:00:00Z,2026-09-25T23:59:59.999Z,1,0,-1,PacMan,Pac-Man ,191,tileGrid,Size_4_x_1,,1,PAC-MAN Bundle,6,br,Shoes_TrikeFunnyLike,Pac-Sneaks,shoe,gaminglegends,Gaming Legends Series,Pac-Man,7,4,2026-09-17T16:17:14Z
2026-09-20,v2:/baeae1568877e432c507c635b2b9f47f8709702dcdff4c9024de76858181d214,"[VIRTUAL]1 x Pac-Man, 1 x Pac-Sneaks, 1 x PAC-MAN, 1 x PAC-Brained, 1 x PAC-MAN's Snacks, 1 x PAC-MAN's Gloves for -1 MtxCurrency",4500,2200,2300,0.5111,1,2026-09-19T00:00:00Z,2026-09-25T23:59:59.999Z,1,0,-1,PacMan,Pac-Man ,191,tileGrid,Size_4_x_1,,1,PAC-MAN Bundle,6,br,BID_A_009_Grapefruit,PAC-MAN,backpack,gaminglegends,Gaming Legends Series,PAC-MAN,3,2,2022-06-02T00:00:00Z
2026-09-20,v2:/baeae1568877e432c507c635b2b9f47f8709702dcdff4c9024de76858181d214,"[VIRTUAL]1 x Pac-Man, 1 x Pac-Sneaks, 1 x PAC-MAN, 1 x PAC-Brained, 1 x PAC-MAN's Snacks, 1 x PAC-MAN's Gloves for -1 MtxCurrency",4500,2200,2300,0.5111,1,2026-09-19T00:00:00Z,2026-09-25T23:59:59.999Z,1,0,-1,PacMan,Pac-Man ,191,tileGrid,Size_4_x_1,,1,PAC-MAN Bundle,6,br,EID_Grapefruit,PAC-Brained,emote,gaminglegends,Gaming Legends Series,PAC-MAN,3,2,2022-06-02T00:00:00Z
2026-09-20,v2:/baeae1568877e432c507c635b2b9f47f8709702dcdff4c9024de76858181d214,"[VIRTUAL]1 x Pac-Man, 1 x Pac-Sneaks, 1 x PAC-MAN, 1 x PAC-Brained, 1 x PAC-MAN's Snacks, 1 x PAC-MAN's Gloves for -1 MtxCurrency",4500,2200,2300,0.5111,1,2026-09-19T00:00:00Z,2026-09-25T23:59:59.999Z,1,0,-1,PacMan,Pac-Man ,191,tileGrid,Size_4_x_1,,1,PAC-MAN Bundle,6,br,Backpack_AvenuePole,PAC-MAN's Snacks,backpack,gaminglegends,Gaming Legends Series,Pac-Man,7,4,2026-09-18T13:01:02Z
2026-09-20,v2:/baeae1568877e432c507c635b2b9f47f8709702dcdff4c9024de76858181d214,"[VIRTUAL]1 x Pac-Man, 1 x Pac-Sneaks, 1 x PAC-MAN, 1 x PAC-Brained, 1 x PAC-MAN's Snacks, 1 x PAC-MAN's Gloves for -1 MtxCurrency",4500,2200,2300,0.5111,1,2026-09-19T00:00:00Z,2026-09-25T23:59:59.999Z,1,0,-1,PacMan,Pac-Man ,191,tileGrid,Size_4_x_1,,1,PAC-MAN Bundle,6,br,Pickaxe_AvenuePole,PAC-MAN's Gloves,pickaxe,gaminglegends,Gaming Legends Series,Pac-Man,7,4,2026-09-18T13:01:02Z
2026-09-20,v2:/9e0a6f1a7f4133bad511580ba1a836cd53481c8a10b4c5ee4bafcec4c9cf7594,[VIRTUAL]1 x Air Jordan 1 Retro High OG Defiant ‘Couture’ for 800 MtxCurrency,800,800,0,0.0,0,2026-09-14T00:00:00Z,2026-09-20T23:59:59.999Z,1,0,-1,BR092026,Fit Check,181,tileGrid,Size_1_x_1,,0,,1,br,Shoes_ChoreNoodleRubble,Air Jordan 1 Retro High OG Defiant ‘Couture’,shoe,uncommon,,Jordan Shoes,6,2,2025-02-23T00:00:00Z
2026-09-20,v2:/bdcbe5537b45013b801981cdc60960c2a70b1142e69dab8a9a3bbe86321652c4,[VIRTUAL]1 x i for 500 MtxCurrency,500,500,0,0.0,0,2026-09-01T00:00:00Z,2026-09-30T23:59:59.999Z,1,0,-44,JT091826,Jam Tracks,176,expandableList,Size_1_x_1,,0,,1,track,sid_placeholder_110,i,,,,,,,2023-12-09T15:00:00Z
2026-09-20,v2:/75666324a5d3d58f529325205be03d64727fe70410818292dcb52652da4d93ce,[VIRTUAL]1 x XO Tour Llif3  for 500 MtxCurrency,500,500,0,0.0,0,2026-09-01T00:00:00Z,2026-09-30T23:59:59.999Z,1,0,-21,JT091826,Jam Tracks,176,expandableList,Size_1_x_1,,0,,1,track,sid_placeholder_184,XO Tour Llif3,,,,,,,2024-04-16T20:20:56Z
2026-09-20,v2:/90ef537a1d64a61e7b0eef20893b0173bb00395379e08b9cd82852e8548b52d9,[VIRTUAL]1 x Lucy's Float for 500 MtxCurrency,500,500,0,0.0,0,2026-09-20T00:00:00Z,2026-09-26T23:59:59.999Z,1,0,-3,CyberpunkEdgerunnersNew,Cyberpunk Edgerunners ,198,tileGrid,Size_1_x_1,,0,,1,br,EID_FaithPerch,Lucy's Float,emote,uncommon,,Cyberpunk Edgerunners,7,4,2026-09-19T14:48:41Z
2026-09-20,v2:/90453bca96aee9cccdb510d1959f923ffa12cce86d8d3a2f053479e9f6f0596a,"[VIRTUAL]1 x Snoop Dogg, 1 x Lowrider Bike, 1 x Axizzle, 1 x Snoop's Walk, 1 x Drop It Like It's Hot, 1 x Dogg House for -1 MtxCurrency",4800,3500,1300,0.2708,1,2026-09-18T00:00:00Z,2026-09-21T23:59:59.999Z,1,0,-2,iHeartRadio,Turn The Music Up,183,tileGrid,Size_2_x_1,,1,D-O-Double G Bundle,6,br,Character_LemonCartGranite,Snoop Dogg,outfit,icon,Icon Series,Snoop Dogg,2,Remix,2024-11-02T06:00:00Z
2026-09-20,v2:/90453bca96aee9cccdb510d1959f923ffa12cce86d8d3a2f053479e9f6f0596a,"[VIRTUAL]1 x Snoop Dogg, 1 x Lowrider Bike, 1 x Axizzle, 1 x Snoop's Walk, 1 x Drop It Like It's Hot, 1 x Dogg House for -1 MtxCurrency",4800,3500,1300,0.2708,1,2026-09-18T00:00:00Z,2026-09-21T23:59:59.999Z,1,0,-2,iHeartRadio,Turn The Music Up,183,tileGrid,Size_2_x_1,,1,D-O-Double G Bundle,6,br,Glider_LemonCartGranite,Lowrider Bike,glider,icon,Icon Series,Snoop Dogg,2,Remix,2024-11-02T06:00:00Z
2026-09-20,v2:/90453bca96aee9cccdb510d1959f923ffa12cce86d8d3a2f053479e9f6f0596a,"[VIRTUAL]1 x Snoop Dogg, 1 x Lowrider Bike, 1 x Axizzle, 1 x Snoop's Walk, 1 x Drop It Like It's Hot, 1 x Dogg House for -1 MtxCurrency",4800,3500,1300,0.2708,1,2026-09-18T00:00:00Z,2026-09-21T23:59:59.999Z,1,0,-2,iHeartRadio,Turn The Music Up,183,tileGrid,Size_2_x_1,,1,D-O-Double G Bundle,6,br,Pickaxe_LemonCartGranite,Axizzle,pickaxe,icon,Icon Series,Snoop Dogg,2,Remix,2024-11-02T06:00:00Z
2026-09-20,v2:/90453bca96aee9cccdb510d1959f923ffa12cce86d8d3a2f053479e9f6f0596a,"[VIRTUAL]1 x Snoop Dogg, 1 x Lowrider Bike, 1 x Axizzle, 1 x Snoop's Walk, 1 x Drop It Like It's Hot, 1 x Dogg House for -1 MtxCurrency",4800,3500,1300,0.2708,1,2026-09-18T00:00:00Z,2026-09-21T23:59:59.999Z,1,0,-2,iHeartRadio,Turn The Music Up,183,tileGrid,Size_2_x_1,,1,D-O-Double G Bundle,6,br,EID_LemonCart,Snoop's Walk,emote,icon,Icon Series,Snoop Dogg,2,Remix,2024-11-02T06:00:00Z
2026-09-20,v2:/90453bca96aee9cccdb510d1959f923ffa12cce86d8d3a2f053479e9f6f0596a,"[VIRTUAL]1 x Snoop Dogg, 1 x Lowrider Bike, 1 x Axizzle, 1 x Snoop's Walk, 1 x Drop It Like It's Hot, 1 x Dogg House for -1 MtxCurrency",4800,3500,1300,0.2708,1,2026-09-18T00:00:00Z,2026-09-21T23:59:59.999Z,1,0,-2,iHeartRadio,Turn The Music Up,183,tileGrid,Size_2_x_1,,1,D-O-Double G Bundle,6,br,Backpack_LemonCartGranite,Dogg House,backpack,icon,Icon Series,Snoop Dogg,2,Remix,2024-11-02T06:00:00Z
2026-09-20,v2:/90453bca96aee9cccdb510d1959f923ffa12cce86d8d3a2f053479e9f6f0596a,"[VIRTUAL]1 x Snoop Dogg, 1 x Lowrider Bike, 1 x Axizzle, 1 x Snoop's Walk, 1 x Drop It Like It's Hot, 1 x Dogg House for -1 MtxCurrency",4800,3500,1300,0.2708,1,2026-09-18T00:00:00Z,2026-09-21T23:59:59.999Z,1,0,-2,iHeartRadio,Turn The Music Up,183,tileGrid,Size_2_x_1,,1,D-O-Double G Bundle,6,track,sid_placeholder_387,Drop It Like It's Hot,,,,,,,2024-11-02T06:00:00Z
2026-09-20,v2:/fa44b1971250321932296dd0b7e42935524a81a08a4e359afeca910a0a519c3c,[VIRTUAL]1 x Black Beatles for 500 MtxCurrency,500,500,0,0.0,0,2026-09-01T00:00:00Z,2026-09-30T23:59:59.999Z,1,0,-3,JT091826,Jam Tracks,176,expandableList,Size_1_x_1,,0,,1,track,sid_placeholder_291,Black Beatles,,,,,,,2024-08-09T02:00:00Z
2026-09-20,v2:/49a13a2d98bfedc4aeaebef7c9b048aaae9c7eb989871e86182e5d3a86b31737,[VIRTUAL]1 x Party Rock Anthem for 500 MtxCurrency,500,500,0,0.0,0,2026-09-01T00:00:00Z,2026-09-30T23:59:59.999Z,1,0,-9,JT091826,Jam Tracks,176,expandableList,Size_1_x_1,,0,,1,track,sid_placeholder_10,Party Rock Anthem,,,,,,,2023-12-11T00:00:00Z
2026-09-20,v2:/508b96835b0d5e3c25fd0f01f3b551dfacfe359105c315ea59c0976e8a4ca6fb,[VIRTUAL]1 x Ballerina's Spoon-erina for 800 MtxCurrency,800,800,0,0.0,0,2026-09-19T00:00:00Z,2026-09-21T23:59:59.999Z,1,0,-3,BrainRot,BrainRot,189,tileGrid,Size_1_x_1,,0,,1,br,Pickaxe_LumpyMuddy,Ballerina's Spoon-erina,pickaxe,rare,,Brainrot,7,2,2026-04-01T08:41:08Z
2026-09-20,v2:/2fa620ce4060817d7afe8ec8794cdccf262c07682cb413bc444b9133af0fdfd7,"[VIRTUAL]1 x Boardwalk Ruby, 1 x Translucent Tote for -1 MtxCurrency",1200,1200,0,0.0,0,2026-09-15T00:00:00Z,2026-09-21T23:59:59.999Z,1,0,-1,NS091526,No Sweat,179,tileGrid,Size_1_x_1,,0,,2,br,CID_A_135_Athena_Commando_F_StreetFashionSummer,Boardwalk Ruby,outfit,rare,,Undercover Summer,2,7,2021-06-22T08:25:42Z
2026-09-20,v2:/2fa620ce4060817d7afe8ec8794cdccf262c07682cb413bc444b9133af0fdfd7,"[VIRTUAL]1 x Boardwalk Ruby, 1 x Translucent Tote for -1 MtxCurrency",1200,1200,0,0.0,0,2026-09-15T00:00:00Z,2026-09-21T23:59:59.999Z,1,0,-1,NS091526,No Sweat,179,tileGrid,Size_1_x_1,,0,,2,br,BID_797_StreetFashionSummer,Translucent Tote,backpack,rare,,Undercover Summer,2,7,2021-06-22T08:25:42Z
2026-09-20,v2:/9c81be1c7a9a778a2d513d01b38c7a9564735060aef36ebd35d1561c60eacd77,"[VIRTUAL]1 x Ballerina Cappuccina, 1 x Wrappuccina for -1 MtxCurrency",1500,1500,0,0.0,0,2026-09-19T00:00:00Z,2026-09-21T23:59:59.999Z,1,0,-2,BrainRot,BrainRot,189,tileGrid,Size_1_x_1,,1,Ballerina Cappuccina,2,br,Character_LumpyMuddy,Ballerina Cappuccina,outfit,epic,,Brainrot,7,2,2026-04-01T08:41:08Z
2026-09-20,v2:/9c81be1c7a9a778a2d513d01b38c7a9564735060aef36ebd35d1561c60eacd77,"[VIRTUAL]1 x Ballerina Cappuccina, 1 x Wrappuccina for -1 MtxCurrency",1500,1500,0,0.0,0,2026-09-19T00:00:00Z,2026-09-21T23:59:59.999Z,1,0,-2,BrainRot,BrainRot,189,tileGrid,Size_1_x_1,,1,Ballerina Cappuccina,2,br,Wrap_LumpyMuddy,Wrappuccina,wrap,rare,,Brainrot,7,2,2026-04-01T08:41:08Z
2026-09-20,v2:/76b855f3c8e4c18081d0fef71b7c5b6bda46fd4572ace46c456620762e06e19c,[VIRTUAL]1 x TBD (SID_Placeholder_546) for 500 MtxCurrency,500,500,0,0.0,0,2026-09-01T00:00:00Z,2026-09-30T23:59:59.999Z,1,0,-100,JT091826,Jam Tracks,176,expandableList,Size_1_x_1,,0,,1,track,sid_placeholder_546,Through the Fire and Flames,,,,,,,2025-03-15T00:10:15Z
2026-09-20,v2:/1632a54dde1272d6567031fa71a28fc0e83216c02d952c474a1092ea2b39669e,[VIRTUAL]1 x Tung Tung Tung Wraphur for 500 MtxCurrency,500,500,0,0.0,0,2026-09-19T00:00:00Z,2026-09-21T23:59:59.999Z,1,0,-4,BrainRot,BrainRot,189,tileGrid,Size_1_x_1,,0,,1,br,Wrap_ChorusPunt,Tung Tung Tung Wraphur,wrap,rare,,Brainrot,7,2,2026-04-01T08:41:08Z
2026-09-20,v2:/0b2a8cc4886bb33249a37a12e2978e890e958b0ea01f781ca032115acc9f3e97,[VIRTUAL]1 x TBD (SID_Placeholder_871) for 500 MtxCurrency,500,500,0,0.0,0,2026-09-13T00:00:00Z,2026-09-22T23:59:59.999Z,1,0,-3,LilWayneNo/Violators,Lil Wayne,187,tileGrid,Size_1_x_1,,0,,1,track,sid_placeholder_871,A Milli (2023 Remix),,,,,,,2026-09-10T16:19:51Z
2026-09-20,v2:/ee04f4814e50b10f7b3be7d450498b7484f7df8bafc04ba58fcbb2553d3884a7,[VIRTUAL]1 x Fade to Black for 500 MtxCurrency,500,500,0,0.0,0,2026-09-01T00:00:00Z,2026-09-30T23:59:59.999Z,1,0,-5,JT091826,Jam Tracks,176,expandableList,Size_1_x_1,,0,,1,track,sid_placeholder_240,Fade to Black,,,,,,,2024-08-01T19:28:39Z
2026-09-20,v2:/5a7cb0aa715e1b8be77b2c76781747b1c922c8db44461855a10f4acb3801bace,"[VIRTUAL]1 x Mega Man (Dual Override), 1 x Buster Cannon Fire Sword, 1 x Mega Man X, 1 x Buster Cannon Blades, 1 x E-Tank Power Pack, 1 x Zero (Mega Man), 1 x Z-Saber, 1 x Z-Saber, 1 x Rush (Mega Man), 1 x Mega Buster Flex for -1 MtxCurrency",7300,3800,3500,0.4795,1,2026-09-11T00:00:00Z,2026-09-20T23:59:59.999Z,1,0,-1,Megaman,Mega Man,182,tileGrid,Size_4_x_1,,1,Mega Man Bundle,10,br,Character_DuneBriefMerry,Mega Man (Dual Override),outfit,gaminglegends,Gaming Legends Series,Mega Man,7,4,2026-09-07T20:23:20Z
2026-09-20,v2:/5a7cb0aa715e1b8be77b2c76781747b1c922c8db44461855a10f4acb3801bace,"[VIRTUAL]1 x Mega Man (Dual Override), 1 x Buster Cannon Fire Sword, 1 x Mega Man X, 1 x Buster Cannon Blades, 1 x E-Tank Power Pack, 1 x Zero (Mega Man), 1 x Z-Saber, 1 x Z-Saber, 1 x Rush (Mega Man), 1 x Mega Buster Flex for -1 MtxCurrency",7300,3800,3500,0.4795,1,2026-09-11T00:00:00Z,2026-09-20T23:59:59.999Z,1,0,-1,Megaman,Mega Man,182,tileGrid,Size_4_x_1,,1,Mega Man Bundle,10,br,Pickaxe_DuneBriefMerry,Buster Cannon Fire Sword,pickaxe,gaminglegends,Gaming Legends Series,Mega Man,7,4,2026-09-07T20:23:20Z
2026-09-20,v2:/5a7cb0aa715e1b8be77b2c76781747b1c922c8db44461855a10f4acb3801bace,"[VIRTUAL]1 x Mega Man (Dual Override), 1 x Buster Cannon Fire Sword, 1 x Mega Man X, 1 x Buster Cannon Blades, 1 x E-Tank Power Pack, 1 x Zero (Mega Man), 1 x Z-Saber, 1 x Z-Saber, 1 x Rush (Mega Man), 1 x Mega Buster Flex for -1 MtxCurrency",7300,3800,3500,0.4795,1,2026-09-11T00:00:00Z,2026-09-20T23:59:59.999Z,1,0,-1,Megaman,Mega Man,182,tileGrid,Size_4_x_1,,1,Mega Man Bundle,10,br,Character_DuneBriefShift,Mega Man X,outfit,gaminglegends,Gaming Legends Series,Mega Man,7,4,2026-09-07T20:23:20Z
2026-09-20,v2:/5a7cb0aa715e1b8be77b2c76781747b1c922c8db44461855a10f4acb3801bace,"[VIRTUAL]1 x Mega Man (Dual Override), 1 x Buster Cannon Fire Sword, 1 x Mega Man X, 1 x Buster Cannon Blades, 1 x E-Tank Power Pack, 1 x Zero (Mega Man), 1 x Z-Saber, 1 x Z-Saber, 1 x Rush (Mega Man), 1 x Mega Buster Flex for -1 MtxCurrency",7300,3800,3500,0.4795,1,2026-09-11T00:00:00Z,2026-09-20T23:59:59.999Z,1,0,-1,Megaman,Mega Man,182,tileGrid,Size_4_x_1,,1,Mega Man Bundle,10,br,Pickaxe_DuneBriefShift,Buster Cannon Blades,pickaxe,gaminglegends,Gaming Legends Series,Mega Man,7,4,2026-09-07T20:23:20Z
2026-09-20,v2:/5a7cb0aa715e1b8be77b2c76781747b1c922c8db44461855a10f4acb3801bace,"[VIRTUAL]1 x Mega Man (Dual Override), 1 x Buster Cannon Fire Sword, 1 x Mega Man X, 1 x Buster Cannon Blades, 1 x E-Tank Power Pack, 1 x Zero (Mega Man), 1 x Z-Saber, 1 x Z-Saber, 1 x Rush (Mega Man), 1 x Mega Buster Flex for -1 MtxCurrency",7300,3800,3500,0.4795,1,2026-09-11T00:00:00Z,2026-09-20T23:59:59.999Z,1,0,-1,Megaman,Mega Man,182,tileGrid,Size_4_x_1,,1,Mega Man Bundle,10,br,Backpack_DuneBriefShift,E-Tank Power Pack,backpack,gaminglegends,Gaming Legends Series,Mega Man,7,4,2026-09-07T20:23:20Z
2026-09-20,v2:/5a7cb0aa715e1b8be77b2c76781747b1c922c8db44461855a10f4acb3801bace,"[VIRTUAL]1 x Mega Man (Dual Override), 1 x Buster Cannon Fire Sword, 1 x Mega Man X, 1 x Buster Cannon Blades, 1 x E-Tank Power Pack, 1 x Zero (Mega Man), 1 x Z-Saber, 1 x Z-Saber, 1 x Rush (Mega Man), 1 x Mega Buster Flex for -1 MtxCurrency",7300,3800,3500,0.4795,1,2026-09-11T00:00:00Z,2026-09-20T23:59:59.999Z,1,0,-1,Megaman,Mega Man,182,tileGrid,Size_4_x_1,,1,Mega Man Bundle,10,br,Character_TackleShow,Zero (Mega Man),outfit,gaminglegends,Gaming Legends Series,Mega Man,7,4,2026-09-07T20:23:20Z
2026-09-20,v2:/5a7cb0aa715e1b8be77b2c76781747b1c922c8db44461855a10f4acb3801bace,"[VIRTUAL]1 x Mega Man (Dual Override), 1 x Buster Cannon Fire Sword, 1 x Mega Man X, 1 x Buster Cannon Blades, 1 x E-Tank Power Pack, 1 x Zero (Mega Man), 1 x Z-Saber, 1 x Z-Saber, 1 x Rush (Mega Man), 1 x Mega Buster Flex for -1 MtxCurrency",7300,3800,3500,0.4795,1,2026-09-11T00:00:00Z,2026-09-20T23:59:59.999Z,1,0,-1,Megaman,Mega Man,182,tileGrid,Size_4_x_1,,1,Mega Man Bundle,10,br,Pickaxe_TackleShow,Z-Saber,pickaxe,gaminglegends,Gaming Legends Series,Mega Man,7,4,2026-09-07T20:23:20Z
2026-09-20,v2:/5a7cb0aa715e1b8be77b2c76781747b1c922c8db44461855a10f4acb3801bace,"[VIRTUAL]1 x Mega Man (Dual Override), 1 x Buster Cannon Fire Sword, 1 x Mega Man X, 1 x Buster Cannon Blades, 1 x E-Tank Power Pack, 1 x Zero (Mega Man), 1 x Z-Saber, 1 x Z-Saber, 1 x Rush (Mega Man), 1 x Mega Buster Flex for -1 MtxCurrency",7300,3800,3500,0.4795,1,2026-09-11T00:00:00Z,2026-09-20T23:59:59.999Z,1,0,-1,Megaman,Mega Man,182,tileGrid,Size_4_x_1,,1,Mega Man Bundle,10,br,Backpack_TackleShow,Z-Saber,backpack,gaminglegends,Gaming Legends Series,Mega Man,7,4,2026-09-07T20:23:20Z
2026-09-20,v2:/5a7cb0aa715e1b8be77b2c76781747b1c922c8db44461855a10f4acb3801bace,"[VIRTUAL]1 x Mega Man (Dual Override), 1 x Buster Cannon Fire Sword, 1 x Mega Man X, 1 x Buster Cannon Blades, 1 x E-Tank Power Pack, 1 x Zero (Mega Man), 1 x Z-Saber, 1 x Z-Saber, 1 x Rush (Mega Man), 1 x Mega Buster Flex for -1 MtxCurrency",7300,3800,3500,0.4795,1,2026-09-11T00:00:00Z,2026-09-20T23:59:59.999Z,1,0,-1,Megaman,Mega Man,182,tileGrid,Size_4_x_1,,1,Mega Man Bundle,10,br,Companion_CacaoLynx,Rush (Mega Man),sidekick,uncommon,,Mega Man,7,4,2026-09-07T16:00:18Z
2026-09-20,v2:/5a7cb0aa715e1b8be77b2c76781747b1c922c8db44461855a10f4acb3801bace,"[VIRTUAL]1 x Mega Man (Dual Override), 1 x Buster Cannon Fire Sword, 1 x Mega Man X, 1 x Buster Cannon Blades, 1 x E-Tank Power Pack, 1 x Zero (Mega Man), 1 x Z-Saber, 1 x Z-Saber, 1 x Rush (Mega Man), 1 x Mega Buster Flex for -1 MtxCurrency",7300,3800,3500,0.4795,1,2026-09-11T00:00:00Z,2026-09-20T23:59:59.999Z,1,0,-1,Megaman,Mega Man,182,tileGrid,Size_4_x_1,,1,Mega Man Bundle,10,br,EID_DuneBrief,Mega Buster Flex,emote,gaminglegends,Gaming Legends Series,Mega Man,7,4,2026-09-07T20:23:20Z
2026-09-20,v2:/0dd61ecfd397b29f963532245ad50cfa5348043cf4265c2b3a5f13c0d6021c9d,[VIRTUAL]1 x TBD (SID_Placeholder_724) for 500 MtxCurrency,500,500,0,0.0,0,2026-09-01T00:00:00Z,2026-09-30T23:59:59.999Z,1,0,-95,JT091826,Jam Tracks,176,expandableList,Size_1_x_1,,0,,1,track,sid_placeholder_724,mirai,,,,,,,2026-01-13T19:59:54Z
2026-09-20,v2:/b1110e6b8cd0b8a965b08e578447bb1b13f47f8eb88aece3da6888f1edf12d52,"[VIRTUAL]1 x Hana, 1 x Skull of Keleritas for -1 MtxCurrency",1500,1500,0,0.0,0,2026-09-20T00:00:00Z,2026-09-23T23:59:59.999Z,1,0,-2,PablloVittar,Pabllo Vittar's Locker ,175,tileGrid,Size_1_x_1,,0,,2,br,CID_A_452_Athena_Commando_F_Barium,Hana,outfit,epic,,Downhill Demon,4,1,2022-12-13T10:43:37Z
2026-09-20,v2:/b1110e6b8cd0b8a965b08e578447bb1b13f47f8eb88aece3da6888f1edf12d52,"[VIRTUAL]1 x Hana, 1 x Skull of Keleritas for -1 MtxCurrency",1500,1500,0,0.0,0,2026-09-20T00:00:00Z,2026-09-23T23:59:59.999Z,1,0,-2,PablloVittar,Pabllo Vittar's Locker ,175,tileGrid,Size_1_x_1,,0,,2,br,BID_A_040_BariumFemale,Skull of Keleritas,backpack,epic,,Downhill Demon,4,1,2022-12-13T10:43:37Z
2026-09-20,v2:/8f3822ac71ef3c14fffa897f073722f45adb37bfd36204f734304764064901f8,[VIRTUAL]1 x Air Jordan 3 Retro 'Varsity Royal' for 1000 MtxCurrency,1000,1000,0,0.0,0,2026-09-14T00:00:00Z,2026-09-20T23:59:59.999Z,1,0,-3,BR092026,Fit Check,181,tileGrid,Size_1_x_1,,0,,1,br,Shoes_LumenDrakeKit,Air Jordan 3 Retro 'Varsity Royal',shoe,uncommon,,Jordan Shoes,7,1,2026-01-10T00:21:38Z
2026-09-20,v2:/f8d56f307b8707c31f26362f670c70a1528a48309228a010acb07e50c2eef5b5,"[VIRTUAL]1 x Festival Phaedra, 1 x The Maw for -1 MtxCurrency",1200,1200,0,0.0,0,2026-09-15T00:00:00Z,2026-09-21T23:59:59.999Z,1,0,-3,NS091526,No Sweat,179,tileGrid,Size_1_x_1,,0,,2,br,Character_MelodyUrchin,Festival Phaedra,outfit,rare,,Rave Nautilus,4,4,2023-10-10T11:59:07Z
2026-09-20,v2:/f8d56f307b8707c31f26362f670c70a1528a48309228a010acb07e50c2eef5b5,"[VIRTUAL]1 x Festival Phaedra, 1 x The Maw for -1 MtxCurrency",1200,1200,0,0.0,0,2026-09-15T00:00:00Z,2026-09-21T23:59:59.999Z,1,0,-3,NS091526,No Sweat,179,tileGrid,Size_1_x_1,,0,,2,br,Backpack_MelodyUrchin,The Maw,backpack,uncommon,,Rave Nautilus,4,4,2023-10-10T11:59:07Z
2026-09-20,v2:/3845e5defe0af6909f34c6368ab912ce1c7fefeac2cc6e4e785f3e989b5fc232,[VIRTUAL]1 x Heart Attach for 300 MtxCurrency,300,300,0,0.0,0,2026-09-20T00:00:00Z,2026-09-23T23:59:59.999Z,1,0,-2,PablloVittar,Pabllo Vittar's Locker ,175,tileGrid,Size_1_x_1,,0,,1,br,EID_Endear,Heart Attach,emote,uncommon,,,4,2,2023-04-11T10:06:45Z
2026-09-20,v2:/c11c95800d7714700c7148e435e18c537be74e1a45a0efc1550a8d256eea2d05,[VIRTUAL]1 x Bad Romance for 500 MtxCurrency,500,500,0,0.0,0,2026-09-01T00:00:00Z,2026-09-30T23:59:59.999Z,1,0,-4,JT091826,Jam Tracks,176,expandableList,Size_1_x_1,,0,,1,track,sid_placeholder_24,Bad Romance,,,,,,,2023-12-09T15:00:00Z
2026-09-20,v2:/62d00fbc973a39eb39538791ff7600a829f2af60cb950865b76ce16d6759f79d,[VIRTUAL]1 x Mouse Mode for 500 MtxCurrency,500,500,0,0.0,0,2026-09-19T00:00:00Z,2026-10-02T23:59:59.999Z,1,0,-4,IronMouse,Ironmouse,195,tileGrid,Size_1_x_1,,0,,1,br,Wrap_FeelUnion,Mouse Mode,wrap,rare,,Ironmouse,7,4,2026-09-17T16:17:14Z
2026-09-20,v2:/d10eb95a62ea64acf7a25e6b759c0be41db252e72624d746176350d358148c2b,[VIRTUAL]1 x Fernet for 1500 MtxCurrency,1500,1500,0,0.0,0,2026-09-18T00:00:00Z,2026-09-24T23:59:59.999Z,1,0,-1,KernelHearts,Kernel Hearts ,188,tileGrid,Size_3_x_1,,0,,1,br,Character_OutletVerve,Fernet,outfit,gaminglegends,Gaming Legends Series,Kernel Hearts,7,3,2026-08-17T16:00:57Z
2026-09-20,v2:/06b81d740362f20893ce014fa6dabe93839467511118f47f2767fce8a7be8fe3,"[VIRTUAL]1 x Comet, 1 x Traveler-Class Tekpack for -1 MtxCurrency",1200,1200,0,0.0,0,2026-09-17T00:00:00Z,2026-09-20T23:59:59.999Z,1,0,-4,BR092026,Fit Check,181,tileGrid,Size_1_x_1,,0,,2,br,Character_BrightIon,Comet,outfit,rare,,Neutron Repair,5,1,2024-01-23T13:34:48Z
2026-09-20,v2:/06b81d740362f20893ce014fa6dabe93839467511118f47f2767fce8a7be8fe3,"[VIRTUAL]1 x Comet, 1 x Traveler-Class Tekpack for -1 MtxCurrency",1200,1200,0,0.0,0,2026-09-17T00:00:00Z,2026-09-20T23:59:59.999Z,1,0,-4,BR092026,Fit Check,181,tileGrid,Size_1_x_1,,0,,2,br,Backpack_BrightIon,Traveler-Class Tekpack,backpack,rare,,Neutron Repair,5,1,2024-01-23T13:34:48Z
2026-09-20,v2:/ed35613be1dc6a2dbabd4723fc89645fa53f3b61a7f486ac247a9ff9cbed560a,"[VIRTUAL]1 x Sugar, We're Goin Down for 500 MtxCurrency",500,500,0,0.0,0,2026-09-01T00:00:00Z,2026-09-30T23:59:59.999Z,1,0,-93,JT091826,Jam Tracks,176,expandableList,Size_1_x_1,,0,,1,track,sid_placeholder_388,"Sugar, We're Goin Down",,,,,,,2024-12-26T14:34:39Z
2026-09-20,v2:/652dda882d60cec00117a8c7b1cd7f9fe466e186fb61247e1f89aefa0619f391,"[VIRTUAL]1 x Weezy, 1 x Weezy Board for -1 MtxCurrency",1500,1500,0,0.0,0,2026-09-13T00:00:00Z,2026-09-22T23:59:59.999Z,1,0,-2,LilWayneNo/Violators,Lil Wayne,187,tileGrid,Size_2_x_1,,0,,2,br,Character_NoiseClueGust,Weezy,outfit,icon,Icon Series,Lil Wayne,7,4,2026-09-10T16:36:49Z
2026-09-20,v2:/652dda882d60cec00117a8c7b1cd7f9fe466e186fb61247e1f89aefa0619f391,"[VIRTUAL]1 x Weezy, 1 x Weezy Board for -1 MtxCurrency",1500,1500,0,0.0,0,2026-09-13T00:00:00Z,2026-09-22T23:59:59.999Z,1,0,-2,LilWayneNo/Violators,Lil Wayne,187,tileGrid,Size_2_x_1,,0,,2,br,Backpack_NoiseClueGust,Weezy Board,backpack,icon,Icon Series,Lil Wayne,7,4,2026-09-10T16:36:49Z
2026-09-20,v2:/ea42a4cb73381680bc313c819bd98b677c86a5a43c1cc1ab4d6de4eaceb40ceb,[VIRTUAL]1 x Agent Blanc for 800 MtxCurrency,800,800,0,0.0,0,2026-09-19T00:00:00Z,2026-09-25T23:59:59.999Z,1,0,-2,FND092026,Front Page,186,tileGrid,Size_1_x_1,,0,,1,br,Character_ArcticBreeze,Agent Blanc,outfit,epic,,,6,3,2025-05-02T13:15:59Z
2026-09-20,v2:/6f716a3be9bd20f99e40bfb2a903f2e70eb697710ceeefc452ef8b31f7d37e4a,[VIRTUAL]1 x Boy's A Liar Pt. 2 for 500 MtxCurrency,500,500,0,0.0,0,2026-09-01T00:00:00Z,2026-09-30T23:59:59.999Z,1,0,-27,JT091826,Jam Tracks,176,expandableList,Size_1_x_1,,0,,1,track,sid_placeholder_169,Boy's A Liar Pt. 2,,,,,,,2024-04-09T15:02:47Z
2026-09-20,v2:/79ca06682198bd9040fe2389dd46703fbb97c7e1662e25a28608adf4ce6a4a2a,[VIRTUAL]1 x Closer for 500 MtxCurrency,500,500,0,0.0,0,2026-09-01T00:00:00Z,2026-09-30T23:59:59.999Z,1,0,-91,JT091826,Jam Tracks,176,expandableList,Size_1_x_1,,0,,1,track,sid_placeholder_62,Closer,,,,,,,2024-02-29T00:02:26Z
2026-09-20,v2:/737560c3e6ad4d88c6ab6f81b2d38399ab8ff3270597d7cbfb4a7402147112f4,[VIRTUAL]1 x Batarang Knucks for 800 MtxCurrency,800,800,0,0.0,0,2026-09-18T00:00:00Z,2026-09-22T23:59:59.999Z,1,0,-4,Batmanday,Batman,190,tileGrid,Size_1_x_1,,0,,1,br,Pickaxe_DriftFable,Batarang Knucks,pickaxe,dc,DC SERIES,Gotham City (Pen & Ink),7,2,2026-05-20T00:00:00Z
2026-09-20,v2:/96c74ba44d8bff399872e39adac044b0eb3938478fee1c0aabae470852639cee,[VIRTUAL]1 x Fox Fur Nebula for 1200 MtxCurrency,1200,1200,0,0.0,0,2026-09-15T00:00:00Z,2026-09-21T23:59:59.999Z,1,0,-3,BR092026,Fit Check,181,tileGrid,Size_1_x_1,,0,,1,br,Companion_GalaxySwish,Fox Fur Nebula,sidekick,uncommon,,Fox Fur Nebula,,,2026-07-16T08:32:04Z
2026-09-20,v2:/09fcc331c9e5ea91fb79e4c77aebb8c55db9f6f633eabf26463666d48c7642b6,[VIRTUAL]1 x MONTERO (Call Me By Your Name) for 500 MtxCurrency,500,500,0,0.0,0,2026-09-01T00:00:00Z,2026-09-30T23:59:59.999Z,1,0,-74,JT091826,Jam Tracks,176,expandableList,Size_1_x_1,,0,,1,track,sid_placeholder_286,MONTERO (Call Me By Your Name),,,,,,,2024-10-24T14:53:04Z
2026-09-20,v2:/4348172e6e5515bee6b3f799962d19d5d4eb9346f490f945c4a3dd611768b753,[VIRTUAL]1 x TBD (SID_Placeholder_692) for 500 MtxCurrency,500,500,0,0.0,0,2026-09-18T00:00:00Z,2026-09-24T23:59:59.999Z,1,0,-4,JT091826,Jam Tracks,176,tileGrid,Size_1_x_1,,0,,1,track,sid_placeholder_692,Manchild,,,,,,,2025-12-18T08:52:11Z
2026-09-20,v2:/d57205be7aab6ea23a741f557ec2c94f8ed3dc9b940c178a1fedcd3f1349a269,[VIRTUAL]1 x PAC-Brained for 300 MtxCurrency,300,300,0,0.0,0,2026-09-19T00:00:00Z,2026-09-25T23:59:59.999Z,1,0,-3,PacMan,Pac-Man ,191,tileGrid,Size_1_x_1,,0,,1,br,EID_Grapefruit,PAC-Brained,emote,gaminglegends,Gaming Legends Series,PAC-MAN,3,2,2022-06-02T00:00:00Z
2026-09-20,v2:/d67ad40b56687168779b6b6756a6344cff723730587841ef1c0821561bdd07c3,[VIRTUAL]1 x Trespasser Elite for 1500 MtxCurrency,1500,1500,0,0.0,0,2026-09-20T00:00:00Z,2026-09-26T23:59:59.999Z,1,0,-3,FND092026,Front Page,186,tileGrid,Size_1_x_1,,0,,1,br,CID_A_195_Athena_Commando_M_Crisis,Trespasser Elite,outfit,epic,,,2,7,2021-08-31T08:28:52Z
2026-09-20,v2:/29d7f3156385054c44c3205931abbcb26da3d6e1bf5a5574b15a46804ec95fc2,[VIRTUAL]1 x No Tears for 500 MtxCurrency,500,500,0,0.0,0,2026-09-20T00:00:00Z,2026-09-23T23:59:59.999Z,1,0,-3,VV092026,Dance Floor,193,tileGrid,Size_1_x_1,,0,,1,br,EID_Distraught,No Tears,emote,icon,Icon Series,,5,3,2024-08-04T00:00:00Z
2026-09-20,v2:/8512aaaea5469f802d4275d67bd785ca689fee90d20adf8928e77836d427add5,"[VIRTUAL]1 x Zero (Mega Man), 1 x Z-Saber, 1 x Z-Saber for -1 MtxCurrency",1800,1800,0,0.0,0,2026-09-11T00:00:00Z,2026-09-20T23:59:59.999Z,1,0,-2,Megaman,Mega Man,182,tileGrid,Size_1_x_1,,0,,3,br,Character_TackleShow,Zero (Mega Man),outfit,gaminglegends,Gaming Legends Series,Mega Man,7,4,2026-09-07T20:23:20Z
2026-09-20,v2:/8512aaaea5469f802d4275d67bd785ca689fee90d20adf8928e77836d427add5,"[VIRTUAL]1 x Zero (Mega Man), 1 x Z-Saber, 1 x Z-Saber for -1 MtxCurrency",1800,1800,0,0.0,0,2026-09-11T00:00:00Z,2026-09-20T23:59:59.999Z,1,0,-2,Megaman,Mega Man,182,tileGrid,Size_1_x_1,,0,,3,br,Pickaxe_TackleShow,Z-Saber,pickaxe,gaminglegends,Gaming Legends Series,Mega Man,7,4,2026-09-07T20:23:20Z
2026-09-20,v2:/8512aaaea5469f802d4275d67bd785ca689fee90d20adf8928e77836d427add5,"[VIRTUAL]1 x Zero (Mega Man), 1 x Z-Saber, 1 x Z-Saber for -1 MtxCurrency",1800,1800,0,0.0,0,2026-09-11T00:00:00Z,2026-09-20T23:59:59.999Z,1,0,-2,Megaman,Mega Man,182,tileGrid,Size_1_x_1,,0,,3,br,Backpack_TackleShow,Z-Saber,backpack,gaminglegends,Gaming Legends Series,Mega Man,7,4,2026-09-07T20:23:20Z
2026-09-20,v2:/36a56d4ce1b570d96151af89ecce95a8044c0e38ae13a4f513e2a80f8e4a791e,[VIRTUAL]1 x Shadow Steppers for 1000 MtxCurrency,1000,1000,0,0.0,0,2026-09-17T00:00:00Z,2026-10-01T23:59:59.999Z,1,0,-2,KingdomHearts,Kingdom Hearts ,197,tileGrid,Size_1_x_1,,0,,1,br,Shoes_SpireTendBeen,Shadow Steppers,shoe,gaminglegends,Gaming Legends Series,Kingdom Hearts,7,4,2026-09-17T08:00:00Z
2026-09-20,v2:/6d43f61aa9f88afadc12e485fea4ab7810f973a498b7f978ce478dd584dc678c,[VIRTUAL]1 x Champion Kuno for 1000 MtxCurrency,1000,1000,0,0.0,0,2026-09-17T00:00:00Z,2026-09-20T23:59:59.999Z,1,0,-4,FNCS3,FNCS,185,tileGrid,Size_1_x_1,,0,,1,br,Character_BandageNinjaFNCS,Champion Kuno,outfit,epic,,FNCS,5,4,2024-09-04T14:57:46Z
2026-09-20,v2:/f0741a4504ca7381574dbbcf21074caac3ded111bf1d6ddd13861c0962bc7d63,[VIRTUAL]1 x Unsainted for 500 MtxCurrency,500,500,0,0.0,0,2026-09-01T00:00:00Z,2026-09-30T23:59:59.999Z,1,0,-62,JT091826,Jam Tracks,176,expandableList,Size_1_x_1,,0,,1,track,sid_placeholder_266,Unsainted,,,,,,,2024-07-26T00:00:00Z
2026-09-20,v2:/5d66ec30375256d9e95414edb2e210c8d3dcf4f053864dc8d5605b92ff02c55b,[VIRTUAL]1 x Blank for -1 MtxCurrency,400,400,0,0.0,0,2026-09-18T00:00:00Z,2026-09-24T23:59:59.999Z,1,0,-5,Batmanday,Batman,190,tileGrid,Size_1_x_1,,0,,1,car,ID_Booster_Tomb,Batmobile (2022),booster,uncommon,,,,,2026-09-17T16:17:14Z
2026-09-20,v2:/672158fb033ec4fb98a515f1c3c4801b5d9519a18272b39d9285df70b508395a,[VIRTUAL]1 x HUMBLE. for 500 MtxCurrency,500,500,0,0.0,0,2026-09-18T00:00:00Z,2026-09-24T23:59:59.999Z,1,0,-1,JT091826,Jam Tracks,176,tileGrid,Size_1_x_1,,0,,1,track,sid_placeholder_255,HUMBLE.,,,,,,,2024-07-03T14:17:57Z
2026-09-20,v2:/56951642ee7625fac2c50f844d8ade3063b4c8b14fa6e2a9948203eb6a195c2f,[VIRTUAL]1 x Hero Baymax for 1500 MtxCurrency,1500,1500,0,0.0,0,2026-09-20T00:00:00Z,2026-09-23T23:59:59.999Z,1,0,-2,hugevillian,Disney,196,tileGrid,Size_1_x_1,,0,,1,br,Character_OysterKnock,Hero Baymax,outfit,epic,,Big Hero 6,6,1,2024-12-01T03:58:22Z
2026-09-20,v2:/bed80990ed19c18387cb479ec442d65232d05cf8384040b0a91acb19d12a41c0,"[VIRTUAL]1 x Catwoman Comic Book Outfit, 1 x Jeweled Cat for -1 MtxCurrency",1500,1500,0,0.0,0,2026-09-18T00:00:00Z,2026-09-22T23:59:59.999Z,1,0,-1,Batmanday,Batman,190,tileGrid,Size_1_x_1,,0,,2,br,CID_530_Athena_Commando_F_BlackMonday_1BV6J,Catwoman Comic Book Outfit,outfit,dc,DC SERIES,Gotham City,1,X,2019-11-20T12:49:50Z
2026-09-20,v2:/bed80990ed19c18387cb479ec442d65232d05cf8384040b0a91acb19d12a41c0,"[VIRTUAL]1 x Catwoman Comic Book Outfit, 1 x Jeweled Cat for -1 MtxCurrency",1500,1500,0,0.0,0,2026-09-18T00:00:00Z,2026-09-22T23:59:59.999Z,1,0,-1,Batmanday,Batman,190,tileGrid,Size_1_x_1,,0,,2,br,BID_361_BlackMondayFemale_R0P2N,Jeweled Cat,backpack,dc,DC SERIES,Gotham City,1,X,2019-11-20T12:50:31Z
2026-09-20,v2:/582e4e8e2a42ade269c91f2d5a4700aaa4dc22f871a6697c89810815a1933da4,[VIRTUAL]1 x TBD (SID_Placeholder_587) for 500 MtxCurrency,500,500,0,0.0,0,2026-09-01T00:00:00Z,2026-09-30T23:59:59.999Z,1,0,-50,JT091826,Jam Tracks,176,expandableList,Size_1_x_1,,0,,1,track,sid_placeholder_587,Dream On,,,,,,,2025-05-14T00:00:00Z
2026-09-20,v2:/1eda10541d73954423a60690282b9cd2254f9eec4898a3e9e93ebe1c1be6507e,[VIRTUAL]1 x Buster Cannon Fire Sword for 800 MtxCurrency,800,800,0,0.0,0,2026-09-11T00:00:00Z,2026-09-20T23:59:59.999Z,1,0,-2,Megaman,Mega Man,182,tileGrid,Size_2_x_1,,0,,1,br,Pickaxe_DuneBriefMerry,Buster Cannon Fire Sword,pickaxe,gaminglegends,Gaming Legends Series,Mega Man,7,4,2026-09-07T20:23:20Z
2026-09-20,v2:/32dd9410c9a4f6384e732b6e6d1da3667c2c529900836cdd4424b64b34673282,[VIRTUAL]1 x TBD (SID_Placeholder_778) for 500 MtxCurrency,500,500,0,0.0,0,2026-09-18T00:00:00Z,2026-09-24T23:59:59.999Z,1,0,-2,JT091826,Jam Tracks,176,tileGrid,Size_1_x_1,,0,,1,track,sid_placeholder_778,Gabriela,,,,,,,2026-04-08T14:16:11Z
2026-09-20,v2:/17388aed87eab2a6e650d086b5d7d06326692ee88357ab4715fbf45e903f33cd,[VIRTUAL]1 x Happier Than Ever - Edit for 500 MtxCurrency,500,500,0,0.0,0,2026-09-01T00:00:00Z,2026-09-30T23:59:59.999Z,1,0,-34,JT091826,Jam Tracks,176,expandableList,Size_1_x_1,,0,,1,track,sid_placeholder_171,Happier Than Ever - Edit,,,,,,,2024-04-23T00:00:00Z
2026-09-20,v2:/7073377d1c85f9a290e5d721123cf302ece390f94319add1591ddb9b6c353046,[VIRTUAL]1 x Mega Buster Flex for 400 MtxCurrency,400,400,0,0.0,0,2026-09-11T00:00:00Z,2026-09-20T23:59:59.999Z,1,0,-4,Megaman,Mega Man,182,tileGrid,Size_1_x_1,,0,,1,br,EID_DuneBrief,Mega Buster Flex,emote,gaminglegends,Gaming Legends Series,Mega Man,7,4,2026-09-07T20:23:20Z
2026-09-20,v2:/e2dd805429750ec8eda850663d9d9249ddaede183be1a70c82049503cd599404,[VIRTUAL]1 x Hades' Staff for 800 MtxCurrency,800,800,0,0.0,0,2026-09-18T00:00:00Z,2026-09-21T23:59:59.999Z,1,0,-3,hugevillian,Disney,196,tileGrid,Size_1_x_1,,0,,1,br,Pickaxe_FlickLedge,Hades' Staff,pickaxe,rare,,Disney's Hercules,7,2,2026-03-27T13:00:19Z
2026-09-20,v2:/52078d8c222347df807e4693dd6b492ea1594e80ff080fa01eec6e9a210ea8b1,"[VIRTUAL]1 x Ironmouse's Bubi Mic, 1 x Ironmouse's Bubi Mic, 1 x Ironmouse's Bubi Mic for 800 MtxCurrency",800,800,0,0.0,0,2026-09-19T00:00:00Z,2026-10-02T23:59:59.999Z,1,0,-1,IronMouse,Ironmouse,195,tileGrid,Size_1_x_1,,0,,3,br,Backpack_FeelUnionMoo_Mic,Ironmouse's Bubi Mic,backpack,rare,,Ironmouse,7,4,2026-09-17T16:17:14Z
2026-09-20,v2:/52078d8c222347df807e4693dd6b492ea1594e80ff080fa01eec6e9a210ea8b1,"[VIRTUAL]1 x Ironmouse's Bubi Mic, 1 x Ironmouse's Bubi Mic, 1 x Ironmouse's Bubi Mic for 800 MtxCurrency",800,800,0,0.0,0,2026-09-19T00:00:00Z,2026-10-02T23:59:59.999Z,1,0,-1,IronMouse,Ironmouse,195,tileGrid,Size_1_x_1,,0,,3,br,Pickaxe_FeelUnionMoo_Mic,Ironmouse's Bubi Mic,pickaxe,rare,,Ironmouse,7,4,2026-09-17T16:17:14Z
2026-09-20,v2:/52078d8c222347df807e4693dd6b492ea1594e80ff080fa01eec6e9a210ea8b1,"[VIRTUAL]1 x Ironmouse's Bubi Mic, 1 x Ironmouse's Bubi Mic, 1 x Ironmouse's Bubi Mic for 800 MtxCurrency",800,800,0,0.0,0,2026-09-19T00:00:00Z,2026-10-02T23:59:59.999Z,1,0,-1,IronMouse,Ironmouse,195,tileGrid,Size_1_x_1,,0,,3,instrument,Sparks_FeelUnionMoo_Mic,Ironmouse's Bubi Mic,mic,common,,,,,2026-09-17T16:17:14Z
2026-09-20,v2:/8e9f7448a24de3d12810bdd1a066487f9fe244a441531fdb1b761becb994896e,[VIRTUAL]1 x Dirty Little Secret for 500 MtxCurrency,500,500,0,0.0,0,2026-09-01T00:00:00Z,2026-09-30T23:59:59.999Z,1,0,-18,JT091826,Jam Tracks,176,expandableList,Size_1_x_1,,0,,1,track,sid_placeholder_82,Dirty Little Secret,,,,,,,2023-12-12T00:00:00Z
2026-09-20,v2:/29eafb8d79f548f027be270ea8e1f72b7e7aa64356141fb3310e487f82f4443d,[VIRTUAL]1 x Blade of Champions for 1200 MtxCurrency,1200,1200,0,0.0,0,2026-09-17T00:00:00Z,2026-09-20T23:59:59.999Z,1,0,-1,FNCS3,FNCS,185,tileGrid,Size_1_x_1,Use the <highlight_strong>BUILT-IN EMOTE</> to <highlight_strong>SWITCH STYLES</> in matches!,0,,1,br,Pickaxe_FNCS_S32,Blade of Champions,pickaxe,rare,,FNCS,2,Remix,2024-11-13T10:14:32Z
2026-09-20,v2:/76b9756490dc4f96492954cbf1de30406aefd7ebe50bd14fa81b92151e346725,[VIRTUAL]1 x Walk Em Down for 500 MtxCurrency,500,500,0,0.0,0,2026-09-01T00:00:00Z,2026-09-30T23:59:59.999Z,1,0,-56,JT091826,Jam Tracks,176,expandableList,Size_1_x_1,,0,,1,track,sid_placeholder_269,Walk Em Down,,,,,,,2024-07-18T13:57:48Z
2026-09-20,v2:/398e3885c7806da1c1da067141f8b9fdfdd7875cd325792c0c2825e626c369d7,[VIRTUAL]1 x E-Tank Power Pack for 300 MtxCurrency,300,300,0,0.0,0,2026-09-11T00:00:00Z,2026-09-20T23:59:59.999Z,1,0,-1,Megaman,Mega Man,182,tileGrid,Size_1_x_1,,0,,1,br,Backpack_DuneBriefShift,E-Tank Power Pack,backpack,gaminglegends,Gaming Legends Series,Mega Man,7,4,2026-09-07T20:23:20Z
2026-09-20,v2:/6f570937c9b5a7af0bb38326e01e36736f3106e3c2625ce713048551269148a8,"[VIRTUAL]1 x Hero Baymax, 1 x Megabot, 1 x Microbot Mallet, 1 x Baymax Wings, 1 x Baymax Booster, 1 x Fist Bump, 1 x Hero Baymax, 1 x Samurai Baymax for -1 MtxCurrency",4000,2400,1600,0.4,1,2026-09-20T00:00:00Z,2026-09-23T23:59:59.999Z,1,0,-1,hugevillian,Disney,196,tileGrid,Size_2_x_1,,1,Hero Baymax Bundle,8,br,Character_OysterKnock,Hero Baymax,outfit,epic,,Big Hero 6,6,1,2024-12-01T03:58:22Z
2026-09-20,v2:/6f570937c9b5a7af0bb38326e01e36736f3106e3c2625ce713048551269148a8,"[VIRTUAL]1 x Hero Baymax, 1 x Megabot, 1 x Microbot Mallet, 1 x Baymax Wings, 1 x Baymax Booster, 1 x Fist Bump, 1 x Hero Baymax, 1 x Samurai Baymax for -1 MtxCurrency",4000,2400,1600,0.4,1,2026-09-20T00:00:00Z,2026-09-23T23:59:59.999Z,1,0,-1,hugevillian,Disney,196,tileGrid,Size_2_x_1,,1,Hero Baymax Bundle,8,br,Backpack_OysterKnock,Megabot,backpack,rare,,Big Hero 6,6,1,2024-12-01T03:58:22Z
2026-09-20,v2:/6f570937c9b5a7af0bb38326e01e36736f3106e3c2625ce713048551269148a8,"[VIRTUAL]1 x Hero Baymax, 1 x Megabot, 1 x Microbot Mallet, 1 x Baymax Wings, 1 x Baymax Booster, 1 x Fist Bump, 1 x Hero Baymax, 1 x Samurai Baymax for -1 MtxCurrency",4000,2400,1600,0.4,1,2026-09-20T00:00:00Z,2026-09-23T23:59:59.999Z,1,0,-1,hugevillian,Disney,196,tileGrid,Size_2_x_1,,1,Hero Baymax Bundle,8,br,Pickaxe_OysterKnock,Microbot Mallet,pickaxe,rare,,Big Hero 6,6,1,2024-12-01T03:58:22Z
2026-09-20,v2:/6f570937c9b5a7af0bb38326e01e36736f3106e3c2625ce713048551269148a8,"[VIRTUAL]1 x Hero Baymax, 1 x Megabot, 1 x Microbot Mallet, 1 x Baymax Wings, 1 x Baymax Booster, 1 x Fist Bump, 1 x Hero Baymax, 1 x Samurai Baymax for -1 MtxCurrency",4000,2400,1600,0.4,1,2026-09-20T00:00:00Z,2026-09-23T23:59:59.999Z,1,0,-1,hugevillian,Disney,196,tileGrid,Size_2_x_1,,1,Hero Baymax Bundle,8,br,Glider_OysterKnock,Baymax Wings,glider,legendary,,Big Hero 6,6,1,2024-12-01T03:58:22Z
2026-09-20,v2:/6f570937c9b5a7af0bb38326e01e36736f3106e3c2625ce713048551269148a8,"[VIRTUAL]1 x Hero Baymax, 1 x Megabot, 1 x Microbot Mallet, 1 x Baymax Wings, 1 x Baymax Booster, 1 x Fist Bump, 1 x Hero Baymax, 1 x Samurai Baymax for -1 MtxCurrency",4000,2400,1600,0.4,1,2026-09-20T00:00:00Z,2026-09-23T23:59:59.999Z,1,0,-1,hugevillian,Disney,196,tileGrid,Size_2_x_1,,1,Hero Baymax Bundle,8,br,Contrail_OysterKnock,Baymax Booster,contrail,uncommon,,Big Hero 6,6,1,2024-12-01T03:58:22Z
2026-09-20,v2:/6f570937c9b5a7af0bb38326e01e36736f3106e3c2625ce713048551269148a8,"[VIRTUAL]1 x Hero Baymax, 1 x Megabot, 1 x Microbot Mallet, 1 x Baymax Wings, 1 x Baymax Booster, 1 x Fist Bump, 1 x Hero Baymax, 1 x Samurai Baymax for -1 MtxCurrency",4000,2400,1600,0.4,1,2026-09-20T00:00:00Z,2026-09-23T23:59:59.999Z,1,0,-1,hugevillian,Disney,196,tileGrid,Size_2_x_1,,1,Hero Baymax Bundle,8,br,EID_OysterKnock,Fist Bump,emote,uncommon,,Big Hero 6,6,1,2024-12-01T03:58:22Z
2026-09-20,v2:/6f570937c9b5a7af0bb38326e01e36736f3106e3c2625ce713048551269148a8,"[VIRTUAL]1 x Hero Baymax, 1 x Megabot, 1 x Microbot Mallet, 1 x Baymax Wings, 1 x Baymax Booster, 1 x Fist Bump, 1 x Hero Baymax, 1 x Samurai Baymax for -1 MtxCurrency",4000,2400,1600,0.4,1,2026-09-20T00:00:00Z,2026-09-23T23:59:59.999Z,1,0,-1,hugevillian,Disney,196,tileGrid,Size_2_x_1,,1,Hero Baymax Bundle,8,br,LoadingScreen_OysterKnock,Hero Baymax,loadingscreen,uncommon,,Big Hero 6,6,1,2024-12-01T03:58:22Z
2026-09-20,v2:/6f570937c9b5a7af0bb38326e01e36736f3106e3c2625ce713048551269148a8,"[VIRTUAL]1 x Hero Baymax, 1 x Megabot, 1 x Microbot Mallet, 1 x Baymax Wings, 1 x Baymax Booster, 1 x Fist Bump, 1 x Hero Baymax, 1 x Samurai Baymax for -1 MtxCurrency",4000,2400,1600,0.4,1,2026-09-20T00:00:00Z,2026-09-23T23:59:59.999Z,1,0,-1,hugevillian,Disney,196,tileGrid,Size_2_x_1,,1,Hero Baymax Bundle,8,br,LoadingScreen_OysterKnock_Cotton,Samurai Baymax,loadingscreen,uncommon,,Big Hero 6,6,1,2024-12-01T03:58:22Z
2026-09-20,v2:/7885d314fa6edf867e64dda48fc0a24c3017d42b15cd70ab063722c9665d91f3,[VIRTUAL]1 x Circuit Breaker for 1200 MtxCurrency,1200,1200,0,0.0,0,2026-09-17T00:00:00Z,2026-09-20T23:59:59.999Z,1,0,-2,BR092026,Fit Check,181,tileGrid,Size_1_x_1,,0,,1,br,CID_042_Athena_Commando_M_Cyberpunk,Circuit Breaker,outfit,rare,,Overclocked,1,1,2019-11-20T12:50:29Z
2026-09-20,v2:/4a70e552648ea8d287ad160fb4d3f41892707c4e3d3ddcad733a8dc520bcad9e,[VIRTUAL]1 x Traveler-Class Tekpack for 300 MtxCurrency,300,300,0,0.0,0,2026-09-17T00:00:00Z,2026-09-20T23:59:59.999Z,1,0,-4,,,,,Size_1_x_1,,0,,1,br,Backpack_BrightIon,Traveler-Class Tekpack,backpack,rare,,Neutron Repair,5,1,2024-01-23T13:34:48Z
2026-09-20,v2:/da9a406c62eca037065156356ddb6651a620d2c4466a1146ec8d010dac2d08e5,[VIRTUAL]1 x Champion's Gold for 300 MtxCurrency,300,300,0,0.0,0,2026-09-17T00:00:00Z,2026-09-20T23:59:59.999Z,1,0,-3,FNCS3,FNCS,185,tileGrid,Size_1_x_1,,0,,1,br,Wrap_Comp31,Champion's Gold,wrap,uncommon,,FNCS,5,4,2024-09-04T14:57:46Z
2026-09-20,v2:/7aa36f5965d06b6321c827775aef700752b01cf9083da1785f9799fe9fdbef76,[VIRTUAL]1 x Sweet Child O' Mine for 500 MtxCurrency,500,500,0,0.0,0,2026-09-01T00:00:00Z,2026-09-30T23:59:59.999Z,1,0,-52,JT091826,Jam Tracks,176,expandableList,Size_1_x_1,,0,,1,track,sid_placeholder_271,Sweet Child O' Mine,,,,,,,2024-08-09T00:00:00Z
2026-09-20,v2:/811f8b935632f7a274139c46ae18ff660e757fb02816c7ae3f44aac97c29affe,[VIRTUAL]1 x Mochi for 300 MtxCurrency,300,300,0,0.0,0,2026-09-15T00:00:00Z,2026-09-21T23:59:59.999Z,1,0,-4,,,,,Size_1_x_1,,0,,1,br,BID_307_Bani,Mochi,backpack,rare,,Battle Bun,1,9,2019-11-20T12:50:33Z
2026-09-20,v2:/d7b348fd3f28903c9c8e81538eb79d6f7479ab1c2ee8c4b056130aadb4eb2b17,[VIRTUAL]1 x Selbi for 800 MtxCurrency,800,800,0,0.0,0,2026-09-20T00:00:00Z,2026-09-21T23:59:59.999Z,1,0,-2,BR092026,Fit Check,181,tileGrid,Size_1_x_1,,0,,1,br,Character_SleepyCloud,Selbi,outfit,epic,,Sleepy Sharpshooter,6,5,2025-08-07T09:33:19Z
2026-09-20,v2:/7ef77db5960d6925ed8c41a6497eca3f9f80375ef718704a9cebcdcb231878c2,[VIRTUAL]1 x Keyblade Flourish for 300 MtxCurrency,300,300,0,0.0,0,2026-09-17T00:00:00Z,2026-10-01T23:59:59.999Z,1,0,-3,KingdomHearts,Kingdom Hearts ,197,tileGrid,Size_1_x_1,,0,,1,br,EID_SpireTend,Keyblade Flourish,emote,gaminglegends,Gaming Legends Series,Kingdom Hearts,7,4,2026-09-17T08:00:00Z
2026-09-20,v2:/128707555b8feaa798298d9fd2bac813bfa60a2d7a6f9e6ade208a27c917ca42,[VIRTUAL]1 x Lazer Wings for 400 MtxCurrency,400,400,0,0.0,0,2026-09-18T00:00:00Z,2026-09-21T23:59:59.999Z,1,0,-1,,,,,Size_1_x_1,,0,,1,br,BID_310_Lasagna,Lazer Wings,backpack,icon,Icon Series,Lazerism,1,X,2019-11-20T12:50:33Z
2026-09-20,v2:/df98bd2e40517289d3e63f9a5f0193ad41c3b1c843b4e4d2f36a875ad7ad6228,"[VIRTUAL]1 x Major Lazer, 1 x Lazer Wings for -1 MtxCurrency",1600,1600,0,0.0,0,2026-09-18T00:00:00Z,2026-09-21T23:59:59.999Z,1,0,-2,iHeartRadio,Turn The Music Up,183,tileGrid,Size_1_x_1,Outfit has built-in emote!,0,,2,br,CID_474_Athena_Commando_M_Lasagna,Major Lazer,outfit,icon,Icon Series,Lazerism,1,X,2019-11-20T12:49:54Z
2026-09-20,v2:/df98bd2e40517289d3e63f9a5f0193ad41c3b1c843b4e4d2f36a875ad7ad6228,"[VIRTUAL]1 x Major Lazer, 1 x Lazer Wings for -1 MtxCurrency",1600,1600,0,0.0,0,2026-09-18T00:00:00Z,2026-09-21T23:59:59.999Z,1,0,-2,iHeartRadio,Turn The Music Up,183,tileGrid,Size_1_x_1,Outfit has built-in emote!,0,,2,br,BID_310_Lasagna,Lazer Wings,backpack,icon,Icon Series,Lazerism,1,X,2019-11-20T12:50:33Z
2026-09-20,v2:/f44ddc1c16ae8a14ce4862f6d16dc6b65931f7f7545c9e49cdb9927afbc8e126,[VIRTUAL]1 x Wishing Well for 500 MtxCurrency,500,500,0,0.0,0,2026-09-18T00:00:00Z,2026-09-24T23:59:59.999Z,1,0,-4,JT091826,Jam Tracks,176,tileGrid,Size_1_x_1,,0,,1,track,sid_placeholder_427,Wishing Well,,,,,,,2024-11-21T14:39:11Z
2026-09-20,v2:/736bf05f72809d2bde14611fc768d23f990d53f3fd443b0f0732560e92747570,[VIRTUAL]1 x Batman's Surveillance for 300 MtxCurrency,300,300,0,0.0,0,2026-09-18T00:00:00Z,2026-09-22T23:59:59.999Z,1,0,-3,Batmanday,Batman,190,tileGrid,Size_1_x_1,,0,,1,br,EID_GuideQuiz,Batman's Surveillance,emote,dc,DC SERIES,Batman Beyond,7,1,2025-12-22T00:00:00Z
2026-09-20,v2:/2afd445b59306cb7233c85f89f601b5f611c05e72846a5e2adef65f601713cad,[VIRTUAL]1 x Pac-Man for 1500 MtxCurrency,1500,1500,0,0.0,0,2026-09-19T00:00:00Z,2026-09-25T23:59:59.999Z,1,0,-1,PacMan,Pac-Man ,191,tileGrid,Size_2_x_1,,0,,1,br,Companion_AvenuePole,Pac-Man,sidekick,gaminglegends,Gaming Legends Series,Pac-Man,7,4,2026-09-18T13:01:02Z
2026-09-20,v2:/cf44eb6c4ed422bf7f1a6c04a668e5727b2af77f360eae07af51c6d98308adfe,[VIRTUAL]1 x Paradise City for 500 MtxCurrency,500,500,0,0.0,0,2026-09-01T00:00:00Z,2026-09-30T23:59:59.999Z,1,0,-98,JT091826,Jam Tracks,176,expandableList,Size_1_x_1,,0,,1,track,sid_placeholder_270,Paradise City,,,,,,,2024-08-09T00:00:00Z
2026-09-20,v2:/afb5691ad324a2cdd81ea7e3df904c52c23b97939bb53fd377762923673ac93c,[VIRTUAL]1 x TBD (SID_Placeholder_488) for 500 MtxCurrency,500,500,0,0.0,0,2026-09-01T00:00:00Z,2026-09-30T23:59:59.999Z,1,0,-30,JT091826,Jam Tracks,176,expandableList,Size_1_x_1,,0,,1,track,sid_placeholder_488,No Scrubs,,,,,,,2025-01-23T15:05:07Z
2026-09-20,v2:/1cf35f39d76eb947bdde09722cfd8c25b247f3b7b08d7099aaee060138c88b23,[VIRTUAL]1 x Mickey Mouse TSUM for 500 MtxCurrency,500,500,0,0.0,0,2026-09-18T00:00:00Z,2026-09-21T23:59:59.999Z,1,0,-3,hugevillian,Disney,196,tileGrid,Size_1_x_1,,0,,1,br,Backpack_MonkeyPatentRipe,Mickey Mouse TSUM,backpack,rare,,TSUM TSUM,7,1,2026-02-23T00:00:00Z
2026-09-20,v2:/cedc7d7fa6b02a0af0a00e513fa07f9e6cebe2eb9032f16fc1ca7628e11d7cb4,"[VIRTUAL]1 x Mega Man (Dual Override), 1 x Buster Cannon Fire Sword for -1 MtxCurrency",1800,1800,0,0.0,0,2026-09-11T00:00:00Z,2026-09-20T23:59:59.999Z,1,0,-1,Megaman,Mega Man,182,tileGrid,Size_2_x_1,,0,,2,br,Character_DuneBriefMerry,Mega Man (Dual Override),outfit,gaminglegends,Gaming Legends Series,Mega Man,7,4,2026-09-07T20:23:20Z
2026-09-20,v2:/cedc7d7fa6b02a0af0a00e513fa07f9e6cebe2eb9032f16fc1ca7628e11d7cb4,"[VIRTUAL]1 x Mega Man (Dual Override), 1 x Buster Cannon Fire Sword for -1 MtxCurrency",1800,1800,0,0.0,0,2026-09-11T00:00:00Z,2026-09-20T23:59:59.999Z,1,0,-1,Megaman,Mega Man,182,tileGrid,Size_2_x_1,,0,,2,br,Pickaxe_DuneBriefMerry,Buster Cannon Fire Sword,pickaxe,gaminglegends,Gaming Legends Series,Mega Man,7,4,2026-09-07T20:23:20Z
2026-09-20,v2:/d696a260d6b29c049785a1397be210c72049ba3efbb0346e9fb3981749da836b,[VIRTUAL]1 x TBD (SID_Placeholder_495) for 500 MtxCurrency,500,500,0,0.0,0,2026-09-01T00:00:00Z,2026-09-30T23:59:59.999Z,1,0,-22,JT091826,Jam Tracks,176,expandableList,Size_1_x_1,,0,,1,track,sid_placeholder_495,Bling-Bang-Bang-Born,,,,,,,2025-02-13T17:10:43Z
2026-09-20,v2:/dd52477b74715a3cca815b754831c28d64ded14b052488e4ad3f154fc7545eb8,[VIRTUAL]1 x Winner! for 300 MtxCurrency,300,300,0,0.0,0,2026-09-17T00:00:00Z,2026-09-20T23:59:59.999Z,1,0,-4,FNCS3,FNCS,185,tileGrid,Size_1_x_1,,0,,1,br,EID_Bestow,Winner!,emote,uncommon,,FNCS,5,4,2024-09-04T14:57:46Z
2026-09-20,v2:/33229b9f1a908e7900ded0190789d8989ae5c97b4a7f7090a4f28b5bbf031039,[VIRTUAL]1 x Echoes for 300 MtxCurrency,300,300,0,0.0,0,2026-09-20T00:00:00Z,2026-09-22T23:59:59.999Z,1,0,-4,BR092026,Fit Check,181,tileGrid,Size_1_x_1,,0,,1,br,Wrap_221_TwinDark,Echoes,wrap,uncommon,,Twin Echo,2,2,2020-03-03T09:32:28Z
2026-09-20,v2:/9413cf589b6c3a595249f08f662b1bad5cbc2a0ac6aefb8f1acae31653b4cb03,[VIRTUAL]1 x Edgerunner Glitch for 500 MtxCurrency,500,500,0,0.0,0,2026-09-20T00:00:00Z,2026-09-26T23:59:59.999Z,1,0,-1,CyberpunkEdgerunnersNew,Cyberpunk Edgerunners ,198,tileGrid,Size_1_x_1,,0,,1,br,Wrap_FaithPerch,Edgerunner Glitch,wrap,rare,,Cyberpunk Edgerunners,7,4,2026-09-19T14:48:41Z
2026-09-20,v2:/f144bdbf686ae49cd5ccc2c8721aa8ba7116b75ddd7690847081096327163f22,"[VIRTUAL]1 x Batman Beyond Axe, 1 x Batman Beyond Axe, 1 x Batman Beyond Axe for 800 MtxCurrency",800,800,0,0.0,0,2026-09-18T00:00:00Z,2026-09-22T23:59:59.999Z,1,0,-3,,,,,Size_2_x_1,,0,,3,br,Backpack_GuideQuiz_Guitar,Batman Beyond Axe,backpack,dc,DC SERIES,Batman Beyond,7,1,2025-12-22T00:00:00Z
2026-09-20,v2:/f144bdbf686ae49cd5ccc2c8721aa8ba7116b75ddd7690847081096327163f22,"[VIRTUAL]1 x Batman Beyond Axe, 1 x Batman Beyond Axe, 1 x Batman Beyond Axe for 800 MtxCurrency",800,800,0,0.0,0,2026-09-18T00:00:00Z,2026-09-22T23:59:59.999Z,1,0,-3,,,,,Size_2_x_1,,0,,3,br,Pickaxe_GuideQuiz_Guitar,Batman Beyond Axe,pickaxe,dc,DC SERIES,Batman Beyond,7,1,2025-12-22T00:00:00Z
2026-09-20,v2:/f144bdbf686ae49cd5ccc2c8721aa8ba7116b75ddd7690847081096327163f22,"[VIRTUAL]1 x Batman Beyond Axe, 1 x Batman Beyond Axe, 1 x Batman Beyond Axe for 800 MtxCurrency",800,800,0,0.0,0,2026-09-18T00:00:00Z,2026-09-22T23:59:59.999Z,1,0,-3,,,,,Size_2_x_1,,0,,3,instrument,Sparks_GuideQuiz_Guitar,Batman Beyond Axe,guitar,dc,DC SERIES,,,,2025-12-22T00:00:00Z
2026-09-20,v2:/c2eec06ee67d68805492bd349e2f8d3d17a9871ee52f4325c8fc0d72a62f4811,[VIRTUAL]1 x Sexy And I Know It for 500 MtxCurrency,500,500,0,0.0,0,2026-09-01T00:00:00Z,2026-09-30T23:59:59.999Z,1,0,-97,JT091826,Jam Tracks,176,expandableList,Size_1_x_1,,0,,1,track,sid_placeholder_260,Sexy And I Know It,,,,,,,2024-07-03T14:17:57Z
2026-09-20,v2:/6b30124bff5916b28961492291ea6d33f8e6c6d8687e573a2c3498262dc5dbdc,[VIRTUAL]1 x TBD (SID_Placeholder_734) for 500 MtxCurrency,500,500,0,0.0,0,2026-09-18T00:00:00Z,2026-09-24T23:59:59.999Z,1,0,-4,JT091826,Jam Tracks,176,tileGrid,Size_1_x_1,,0,,1,track,sid_placeholder_734,Be Sweet,,,,,,,2026-01-27T23:45:36Z
2026-09-20,v2:/bededfd2d02a53fb71bce1f25d811a8e2509b93de14437fa043545ee0a7bf817,[VIRTUAL]1 x TBD (SID_Placeholder_490) for 500 MtxCurrency,500,500,0,0.0,0,2026-09-01T00:00:00Z,2026-09-30T23:59:59.999Z,1,0,-61,JT091826,Jam Tracks,176,expandableList,Size_1_x_1,,0,,1,track,sid_placeholder_490,Party Like A Rock Star,,,,,,,2025-01-30T16:27:14Z
2026-09-20,v2:/b136ed8afc23e43306993b5a455c5c34caa105033974924b42d32a5645fb51a9,"[VIRTUAL]1 x Bachii, 1 x Mochi for -1 MtxCurrency",1200,1200,0,0.0,0,2026-09-15T00:00:00Z,2026-09-21T23:59:59.999Z,1,0,-4,NS091526,No Sweat,179,tileGrid,Size_1_x_1,,0,,2,br,CID_471_Athena_Commando_F_Bani,Bachii,outfit,rare,,Battle Bun,1,9,2019-11-20T12:49:55Z
2026-09-20,v2:/b136ed8afc23e43306993b5a455c5c34caa105033974924b42d32a5645fb51a9,"[VIRTUAL]1 x Bachii, 1 x Mochi for -1 MtxCurrency",1200,1200,0,0.0,0,2026-09-15T00:00:00Z,2026-09-21T23:59:59.999Z,1,0,-4,NS091526,No Sweat,179,tileGrid,Size_1_x_1,,0,,2,br,BID_307_Bani,Mochi,backpack,rare,,Battle Bun,1,9,2019-11-20T12:50:33Z
2026-09-20,v2:/515391125b33363964cde0183f581f24f5147622b5e038c2157423a2e03e129b,[VIRTUAL]1 x The Unforgiven for 500 MtxCurrency,500,500,0,0.0,0,2026-09-01T00:00:00Z,2026-09-30T23:59:59.999Z,1,0,-85,JT091826,Jam Tracks,176,expandableList,Size_1_x_1,,0,,1,track,sid_placeholder_228,The Unforgiven,,,,,,,2024-06-13T08:00:00Z
2026-09-20,v2:/d0ebbbb8c6eb0ddd9393379ce103bcdeb8ae773af3796b0b3061d9e96afdc068,[VIRTUAL]1 x Numb for 500 MtxCurrency,500,500,0,0.0,0,2026-09-18T00:00:00Z,2026-09-24T23:59:59.999Z,1,0,-3,JT091826,Jam Tracks,176,tileGrid,Size_1_x_1,,0,,1,track,sid_placeholder_18,Numb,,,,,,,2024-03-05T20:11:31Z
2026-09-20,v2:/b08de4ea58c6988f6d1db0d9f49ad0ab51cf276175b9a3b7736dd8ccf82c4fcc,[VIRTUAL]1 x Bubbly Basher for 800 MtxCurrency,800,800,0,0.0,0,2026-09-20T00:00:00Z,2026-09-26T23:59:59.999Z,1,0,-4,FND092026,Front Page,186,tileGrid,Size_1_x_1,,0,,1,br,Pickaxe_SleepyDuck,Bubbly Basher,pickaxe,rare,,"Good Night, Sweet Dreams",6,5,2025-10-02T12:10:53Z
2026-09-20,v2:/b67bb2d8f30840fdb0a0dc5d153b71873d4577d40c40e60226205b74b2f5c0fb,[VIRTUAL]1 x The Axe of Champions 2.0 for 1200 MtxCurrency,1200,1200,0,0.0,0,2026-09-17T00:00:00Z,2026-09-20T23:59:59.999Z,1,0,-1,FNCS3,FNCS,185,tileGrid,Size_1_x_1,,0,,1,br,Pickaxe_ID_804_FNCSS20Male,The Axe of Champions 2.0,pickaxe,rare,,FNCS,3,2,2022-05-28T17:16:15Z
2026-09-20,v2:/d9f23cd3d8479982f89e75cf8aadb6bd34db434289521a98431cb1d370b303f1,[VIRTUAL]1 x Armed And Dangerous for 500 MtxCurrency,500,500,0,0.0,0,2026-09-01T00:00:00Z,2026-09-30T23:59:59.999Z,1,0,-35,JT091826,Jam Tracks,176,expandableList,Size_1_x_1,,0,,1,track,sid_placeholder_428,Armed And Dangerous,,,,,,,2024-11-21T14:39:11Z
2026-09-20,v2:/31064ed7e5d01e8d8b83979fe01929ea75d68510fe92ae01eabbb43149a38f52,"[VIRTUAL]1 x Batman (Pen & Ink), 1 x Batman's Cape (Pen & Ink), 1 x Batarang Knucks for -1 MtxCurrency",2300,1800,500,0.2174,1,2026-09-18T00:00:00Z,2026-09-22T23:59:59.999Z,1,0,-1,Batmanday,Batman,190,tileGrid,Size_1_x_1,,1,Batman (Pen & Ink) Bundle,3,br,Character_DriftFable,Batman (Pen & Ink),outfit,dc,DC SERIES,Gotham City (Pen & Ink),7,2,2026-05-20T00:00:00Z
2026-09-20,v2:/31064ed7e5d01e8d8b83979fe01929ea75d68510fe92ae01eabbb43149a38f52,"[VIRTUAL]1 x Batman (Pen & Ink), 1 x Batman's Cape (Pen & Ink), 1 x Batarang Knucks for -1 MtxCurrency",2300,1800,500,0.2174,1,2026-09-18T00:00:00Z,2026-09-22T23:59:59.999Z,1,0,-1,Batmanday,Batman,190,tileGrid,Size_1_x_1,,1,Batman (Pen & Ink) Bundle,3,br,Backpack_DriftFable,Batman's Cape (Pen & Ink),backpack,dc,DC SERIES,Gotham City (Pen & Ink),7,2,2026-05-20T00:00:00Z
2026-09-20,v2:/31064ed7e5d01e8d8b83979fe01929ea75d68510fe92ae01eabbb43149a38f52,"[VIRTUAL]1 x Batman (Pen & Ink), 1 x Batman's Cape (Pen & Ink), 1 x Batarang Knucks for -1 MtxCurrency",2300,1800,500,0.2174,1,2026-09-18T00:00:00Z,2026-09-22T23:59:59.999Z,1,0,-1,Batmanday,Batman,190,tileGrid,Size_1_x_1,,1,Batman (Pen & Ink) Bundle,3,br,Pickaxe_DriftFable,Batarang Knucks,pickaxe,dc,DC SERIES,Gotham City (Pen & Ink),7,2,2026-05-20T00:00:00Z
2026-09-20,v2:/08f862bf5714b030a777b327f8fafa9da7a5739b1ad9ce8b4f186fce44da7d60,[VIRTUAL]1 x 6 Foot 7 Foot for 500 MtxCurrency,500,500,0,0.0,0,2026-09-13T00:00:00Z,2026-09-22T23:59:59.999Z,1,0,-4,LilWayneNo/Violators,Lil Wayne,187,tileGrid,Size_1_x_1,,0,,1,br,EID_NoiseClueGust,6 Foot 7 Foot,emote,icon,Icon Series,Lil Wayne,7,4,2026-09-10T16:36:49Z
2026-09-20,v2:/72db2d38d41fc4191d92bb13db2200487a20b0f884434e807c7fba4fe9846442,[VIRTUAL]1 x Pompeii for 500 MtxCurrency,500,500,0,0.0,0,2026-09-01T00:00:00Z,2026-09-30T23:59:59.999Z,1,0,-15,JT091826,Jam Tracks,176,expandableList,Size_1_x_1,,0,,1,track,sid_placeholder_113,Pompeii,,,,,,,2024-01-16T20:57:57Z
2026-09-20,v2:/eb8522ef4ba1229232558739550f6ff9f72893580cee002dd446638ecc311bc8,[VIRTUAL]1 x Jungle Scout for 800 MtxCurrency,800,800,0,0.0,0,2026-09-15T00:00:00Z,2026-09-21T23:59:59.999Z,1,0,-5,NS091526,No Sweat,179,tileGrid,Size_1_x_1,,0,,1,br,CID_074_Athena_Commando_F_Stripe,Jungle Scout,outfit,uncommon,,,1,2,2019-11-20T12:50:27Z
2026-09-20,v2:/41cce56bb8ae62c41689c72027f7235035b2617fc35a34c6552c7da223a4c453,"[VIRTUAL]1 x Blank, 1 x Absolute Blackwing, 1 x Wings, 1 x Lightning, 1 x Flames, 1 x Stripes, 1 x Cadillac CT5-V Blackwing for -1 MtxCurrency",2200,2200,0,0.0,0,2026-09-11T00:00:00Z,2026-09-20T23:59:59.999Z,1,0,-1,CadillacBlackwing,Cadillac CT5-V Blackwing,172,tileGrid,Size_3_x_1,,1,Cadillac CT5-V Blackwing,7,car,CarBody_BurnishedRaven,Cadillac CT5-V Blackwing,body,uncommon,,,,,2026-09-10T13:00:47Z
2026-09-20,v2:/41cce56bb8ae62c41689c72027f7235035b2617fc35a34c6552c7da223a4c453,"[VIRTUAL]1 x Blank, 1 x Absolute Blackwing, 1 x Wings, 1 x Lightning, 1 x Flames, 1 x Stripes, 1 x Cadillac CT5-V Blackwing for -1 MtxCurrency",2200,2200,0,0.0,0,2026-09-11T00:00:00Z,2026-09-20T23:59:59.999Z,1,0,-1,CadillacBlackwing,Cadillac CT5-V Blackwing,172,tileGrid,Size_3_x_1,,1,Cadillac CT5-V Blackwing,7,car,CarSkin_BurnishedRavenLivery01,Absolute Blackwing,skin,common,,,,,2026-09-10T13:00:47Z
2026-09-20,v2:/41cce56bb8ae62c41689c72027f7235035b2617fc35a34c6552c7da223a4c453,"[VIRTUAL]1 x Blank, 1 x Absolute Blackwing, 1 x Wings, 1 x Lightning, 1 x Flames, 1 x Stripes, 1 x Cadillac CT5-V Blackwing for -1 MtxCurrency",2200,2200,0,0.0,0,2026-09-11T00:00:00Z,2026-09-20T23:59:59.999Z,1,0,-1,CadillacBlackwing,Cadillac CT5-V Blackwing,172,tileGrid,Size_3_x_1,,1,Cadillac CT5-V Blackwing,7,car,CarSkin_BurnishedRavenWings,Wings,skin,common,,,,,2026-09-10T13:00:47Z
2026-09-20,v2:/41cce56bb8ae62c41689c72027f7235035b2617fc35a34c6552c7da223a4c453,"[VIRTUAL]1 x Blank, 1 x Absolute Blackwing, 1 x Wings, 1 x Lightning, 1 x Flames, 1 x Stripes, 1 x Cadillac CT5-V Blackwing for -1 MtxCurrency",2200,2200,0,0.0,0,2026-09-11T00:00:00Z,2026-09-20T23:59:59.999Z,1,0,-1,CadillacBlackwing,Cadillac CT5-V Blackwing,172,tileGrid,Size_3_x_1,,1,Cadillac CT5-V Blackwing,7,car,CarSkin_BurnishedRavenLightning,Lightning,skin,common,,,,,2026-09-10T13:00:47Z
2026-09-20,v2:/41cce56bb8ae62c41689c72027f7235035b2617fc35a34c6552c7da223a4c453,"[VIRTUAL]1 x Blank, 1 x Absolute Blackwing, 1 x Wings, 1 x Lightning, 1 x Flames, 1 x Stripes, 1 x Cadillac CT5-V Blackwing for -1 MtxCurrency",2200,2200,0,0.0,0,2026-09-11T00:00:00Z,2026-09-20T23:59:59.999Z,1,0,-1,CadillacBlackwing,Cadillac CT5-V Blackwing,172,tileGrid,Size_3_x_1,,1,Cadillac CT5-V Blackwing,7,car,CarSkin_BurnishedRavenFlames,Flames,skin,common,,,,,2026-09-10T13:00:47Z
2026-09-20,v2:/41cce56bb8ae62c41689c72027f7235035b2617fc35a34c6552c7da223a4c453,"[VIRTUAL]1 x Blank, 1 x Absolute Blackwing, 1 x Wings, 1 x Lightning, 1 x Flames, 1 x Stripes, 1 x Cadillac CT5-V Blackwing for -1 MtxCurrency",2200,2200,0,0.0,0,2026-09-11T00:00:00Z,2026-09-20T23:59:59.999Z,1,0,-1,CadillacBlackwing,Cadillac CT5-V Blackwing,172,tileGrid,Size_3_x_1,,1,Cadillac CT5-V Blackwing,7,car,CarSkin_BurnishedRavenStripes,Stripes,skin,common,,,,,2026-09-10T13:00:47Z
2026-09-20,v2:/41cce56bb8ae62c41689c72027f7235035b2617fc35a34c6552c7da223a4c453,"[VIRTUAL]1 x Blank, 1 x Absolute Blackwing, 1 x Wings, 1 x Lightning, 1 x Flames, 1 x Stripes, 1 x Cadillac CT5-V Blackwing for -1 MtxCurrency",2200,2200,0,0.0,0,2026-09-11T00:00:00Z,2026-09-20T23:59:59.999Z,1,0,-1,CadillacBlackwing,Cadillac CT5-V Blackwing,172,tileGrid,Size_3_x_1,,1,Cadillac CT5-V Blackwing,7,car,Wheel_BurnishedRaven01,Cadillac CT5-V Blackwing,wheel,uncommon,,,,,2026-09-10T13:00:47Z
2026-09-20,v2:/05b36928acadf0160ffa6b0eee8b5c5bbe2735948f7d85ec438926169de2f19a,[VIRTUAL]1 x Weezy Boardbreaker for 800 MtxCurrency,800,800,0,0.0,0,2026-09-13T00:00:00Z,2026-09-22T23:59:59.999Z,1,0,-3,LilWayneNo/Violators,Lil Wayne,187,tileGrid,Size_1_x_1,,0,,1,br,Pickaxe_NoiseClueGust,Weezy Boardbreaker,pickaxe,icon,Icon Series,Lil Wayne,7,4,2026-09-10T16:36:49Z
2026-09-20,v2:/ba59a25a496d5d6e0256985ad0ab0e0ca36f738c3986b48279082717852bd823,[VIRTUAL]1 x Blank for 400 MtxCurrency,400,400,0,0.0,0,2026-09-17T00:00:00Z,2026-10-01T23:59:59.999Z,1,0,-2,,,,,Size_2_x_1,,0,,1,car,Wheel_OpticOrange01,Gummi Ship,wheel,uncommon,,,,,2026-09-17T08:00:00Z
2026-09-20,v2:/a5d4b3fb8f4472ca1403d661db835ddc7c091e174cef0024a467c0901d4ac5d8,"[VIRTUAL]1 x Batman (Pen & Ink), 1 x Batman's Cape (Pen & Ink) for -1 MtxCurrency",1500,1500,0,0.0,0,2026-09-18T00:00:00Z,2026-09-22T23:59:59.999Z,1,0,-2,Batmanday,Batman,190,tileGrid,Size_1_x_1,,1,Batman (Pen & Ink),2,br,Character_DriftFable,Batman (Pen & Ink),outfit,dc,DC SERIES,Gotham City (Pen & Ink),7,2,2026-05-20T00:00:00Z
2026-09-20,v2:/a5d4b3fb8f4472ca1403d661db835ddc7c091e174cef0024a467c0901d4ac5d8,"[VIRTUAL]1 x Batman (Pen & Ink), 1 x Batman's Cape (Pen & Ink) for -1 MtxCurrency",1500,1500,0,0.0,0,2026-09-18T00:00:00Z,2026-09-22T23:59:59.999Z,1,0,-2,Batmanday,Batman,190,tileGrid,Size_1_x_1,,1,Batman (Pen & Ink),2,br,Backpack_DriftFable,Batman's Cape (Pen & Ink),backpack,dc,DC SERIES,Gotham City (Pen & Ink),7,2,2026-05-20T00:00:00Z
2026-09-20,v2:/0f295815e53bb22d85b29ec70f2b377038fdecca103741bacf4eebc1b79eb4fd,[VIRTUAL]1 x Lil' Supercar for 500 MtxCurrency,500,500,0,0.0,0,2026-09-20T00:00:00Z,2026-09-23T23:59:59.999Z,1,0,-2,VV092026,Dance Floor,193,tileGrid,Size_1_x_1,,0,,1,br,EID_Hurtle,Lil' Supercar,emote,icon,Icon Series,,5,2,2024-04-26T00:00:00Z
2026-09-20,v2:/24211434bb96e5ea7851191e640719f66ef161f45525a82fda4900d9d31a9bd2,[VIRTUAL]1 x Skull of Keleritas for 400 MtxCurrency,400,400,0,0.0,0,2026-09-20T00:00:00Z,2026-09-23T23:59:59.999Z,1,0,-1,,,,,Size_3_x_1,,0,,1,br,BID_A_040_BariumFemale,Skull of Keleritas,backpack,epic,,Downhill Demon,4,1,2022-12-13T10:43:37Z
2026-09-20,v2:/f1919886beb07b514ce44663be8067a1c7f250dd28998fa8bb15485c29a66731,[VIRTUAL]1 x Sea-Salt Ice Cream for 400 MtxCurrency,400,400,0,0.0,0,2026-09-17T00:00:00Z,2026-10-01T23:59:59.999Z,1,0,-3,KingdomHearts,Kingdom Hearts ,197,tileGrid,Size_1_x_1,,0,,1,br,Backpack_SpireTendFlair,Sea-Salt Ice Cream,backpack,gaminglegends,Gaming Legends Series,Kingdom Hearts,7,4,2026-09-17T08:00:00Z
2026-09-20,v2:/cd0bdc59d907c966c1b94635011350e8a525c848cbe9debe1afaae3496e29fa9,[VIRTUAL]1 x Megabot for 400 MtxCurrency,400,400,0,0.0,0,2026-09-20T00:00:00Z,2026-09-23T23:59:59.999Z,1,0,-3,hugevillian,Disney,196,tileGrid,Size_1_x_1,,0,,1,br,Backpack_OysterKnock,Megabot,backpack,rare,,Big Hero 6,6,1,2024-12-01T03:58:22Z
2026-09-20,v2:/9933a8875e501e3d3aed853c7e1dca89d40da4766ed88d17c3c5714f6d530fbd,[VIRTUAL]1 x Young Money Stage for 800 MtxCurrency,800,800,0,0.0,0,2026-09-13T00:00:00Z,2026-09-22T23:59:59.999Z,1,0,-5,LilWayneNo/Violators,Lil Wayne,187,tileGrid,Size_1_x_1,,0,,1,br,Glider_NoiseClueLurch,Young Money Stage,glider,icon,Icon Series,Lil Wayne,7,4,2026-09-10T16:00:38Z
2026-09-20,v2:/aac9ddd7b1d1181f31b4ab38730d3109d9009d59800b93a0a69bea5ece5688d5,[VIRTUAL]1 x Hiroshi Jackson for 1500 MtxCurrency,1500,1500,0,0.0,0,2026-09-16T00:00:00Z,2026-09-22T23:59:59.999Z,1,0,-1,Screamer,Screamer,178,tileGrid,Size_3_x_1,,0,,1,br,Character_BentCarpet,Hiroshi Jackson,outfit,gaminglegends,Gaming Legends Series,Screamer,7,4,2026-09-16T00:00:00Z
2026-09-20,v2:/2c86449cf109734f382026e4706910da65712fcd74155be353f1120cf16897cc,"[VIRTUAL]1 x Riku, 1 x Soul Eater, 1 x Soul Eater for -1 MtxCurrency",1600,1600,0,0.0,0,2026-09-17T00:00:00Z,2026-10-01T23:59:59.999Z,1,0,-1,KingdomHearts,Kingdom Hearts ,197,tileGrid,Size_1_x_1,,0,,3,br,Character_VealCadet,Riku,outfit,gaminglegends,Gaming Legends Series,Kingdom Hearts,7,4,2026-09-17T08:00:00Z
2026-09-20,v2:/2c86449cf109734f382026e4706910da65712fcd74155be353f1120cf16897cc,"[VIRTUAL]1 x Riku, 1 x Soul Eater, 1 x Soul Eater for -1 MtxCurrency",1600,1600,0,0.0,0,2026-09-17T00:00:00Z,2026-10-01T23:59:59.999Z,1,0,-1,KingdomHearts,Kingdom Hearts ,197,tileGrid,Size_1_x_1,,0,,3,br,Pickaxe_VealCadet,Soul Eater,pickaxe,gaminglegends,Gaming Legends Series,Kingdom Hearts,7,4,2026-09-17T08:00:00Z
2026-09-20,v2:/2c86449cf109734f382026e4706910da65712fcd74155be353f1120cf16897cc,"[VIRTUAL]1 x Riku, 1 x Soul Eater, 1 x Soul Eater for -1 MtxCurrency",1600,1600,0,0.0,0,2026-09-17T00:00:00Z,2026-10-01T23:59:59.999Z,1,0,-1,KingdomHearts,Kingdom Hearts ,197,tileGrid,Size_1_x_1,,0,,3,br,Backpack_VealCadet,Soul Eater,backpack,gaminglegends,Gaming Legends Series,Kingdom Hearts,7,4,2026-09-17T08:00:00Z
2026-09-20,v2:/2477079e9fcbe407fcb45bbe8dd339d6bf0e2ec630d53d763df24f55a3b6205a,"[VIRTUAL]1 x Arpeggio, 1 x Arpeggio, 1 x Arpeggio for 800 MtxCurrency",800,800,0,0.0,0,2026-09-17T00:00:00Z,2026-10-01T23:59:59.999Z,1,0,-1,KingdomHearts,Kingdom Hearts ,197,tileGrid,Size_1_x_1,,0,,3,br,Backpack_FaunaPike_Guitar,Arpeggio,backpack,gaminglegends,Gaming Legends Series,Kingdom Hearts,7,4,2026-09-17T08:00:00Z
2026-09-20,v2:/2477079e9fcbe407fcb45bbe8dd339d6bf0e2ec630d53d763df24f55a3b6205a,"[VIRTUAL]1 x Arpeggio, 1 x Arpeggio, 1 x Arpeggio for 800 MtxCurrency",800,800,0,0.0,0,2026-09-17T00:00:00Z,2026-10-01T23:59:59.999Z,1,0,-1,KingdomHearts,Kingdom Hearts ,197,tileGrid,Size_1_x_1,,0,,3,br,Pickaxe_FaunaPike_Guitar,Arpeggio,pickaxe,gaminglegends,Gaming Legends Series,Kingdom Hearts,7,4,2026-09-17T08:00:00Z
2026-09-20,v2:/2477079e9fcbe407fcb45bbe8dd339d6bf0e2ec630d53d763df24f55a3b6205a,"[VIRTUAL]1 x Arpeggio, 1 x Arpeggio, 1 x Arpeggio for 800 MtxCurrency",800,800,0,0.0,0,2026-09-17T00:00:00Z,2026-10-01T23:59:59.999Z,1,0,-1,KingdomHearts,Kingdom Hearts ,197,tileGrid,Size_1_x_1,,0,,3,instrument,Sparks_FaunaPike_Guitar,Arpeggio,guitar,gaminglegends,Gaming Legends Series,,,,2026-09-17T08:00:00Z
2026-09-20,v2:/cc50aea3eca84a60df570d5ef330dc1c668706078292d5bb6b7538e02e81a60e,"[VIRTUAL]1 x Major Lazer, 1 x Lazer Wings, 1 x Lazer Axe, 1 x Lazer Blast for -1 MtxCurrency",2900,2100,800,0.2759,1,2026-09-18T00:00:00Z,2026-09-21T23:59:59.999Z,1,0,-1,iHeartRadio,Turn The Music Up,183,tileGrid,Size_1_x_1,Outfit has built-in emote!,1,MAJOR LAZER BUNDLE,4,br,CID_474_Athena_Commando_M_Lasagna,Major Lazer,outfit,icon,Icon Series,Lazerism,1,X,2019-11-20T12:49:54Z
2026-09-20,v2:/cc50aea3eca84a60df570d5ef330dc1c668706078292d5bb6b7538e02e81a60e,"[VIRTUAL]1 x Major Lazer, 1 x Lazer Wings, 1 x Lazer Axe, 1 x Lazer Blast for -1 MtxCurrency",2900,2100,800,0.2759,1,2026-09-18T00:00:00Z,2026-09-21T23:59:59.999Z,1,0,-1,iHeartRadio,Turn The Music Up,183,tileGrid,Size_1_x_1,Outfit has built-in emote!,1,MAJOR LAZER BUNDLE,4,br,BID_310_Lasagna,Lazer Wings,backpack,icon,Icon Series,Lazerism,1,X,2019-11-20T12:50:33Z
2026-09-20,v2:/cc50aea3eca84a60df570d5ef330dc1c668706078292d5bb6b7538e02e81a60e,"[VIRTUAL]1 x Major Lazer, 1 x Lazer Wings, 1 x Lazer Axe, 1 x Lazer Blast for -1 MtxCurrency",2900,2100,800,0.2759,1,2026-09-18T00:00:00Z,2026-09-21T23:59:59.999Z,1,0,-1,iHeartRadio,Turn The Music Up,183,tileGrid,Size_1_x_1,Outfit has built-in emote!,1,MAJOR LAZER BUNDLE,4,br,Pickaxe_ID_235_Lasagna,Lazer Axe,pickaxe,icon,Icon Series,Lazerism,1,X,2019-11-20T12:50:47Z
2026-09-20,v2:/cc50aea3eca84a60df570d5ef330dc1c668706078292d5bb6b7538e02e81a60e,"[VIRTUAL]1 x Major Lazer, 1 x Lazer Wings, 1 x Lazer Axe, 1 x Lazer Blast for -1 MtxCurrency",2900,2100,800,0.2759,1,2026-09-18T00:00:00Z,2026-09-21T23:59:59.999Z,1,0,-1,iHeartRadio,Turn The Music Up,183,tileGrid,Size_1_x_1,Outfit has built-in emote!,1,MAJOR LAZER BUNDLE,4,br,EID_LasagnaDance,Lazer Blast,emote,icon,Icon Series,Lazerism,1,X,2019-11-20T12:49:43Z
2026-09-20,v2:/f803a447537d42bbc777ee2795c90411e6726c2c9c0562774366ed9561eb1b68,"[VIRTUAL]1 x Blank, 1 x Blank, 1 x Blank, 1 x Blank, 1 x Blank for -1 MtxCurrency",2000,2000,0,0.0,0,2026-09-17T00:00:00Z,2026-10-01T23:59:59.999Z,1,0,-2,KingdomHearts,Kingdom Hearts ,197,tileGrid,Size_2_x_1,,1,KINGDOM HEARTS Gummi Ship,5,car,CarBody_OpticOrange,Gummi Ship,body,common,,,,,2026-09-17T08:00:00Z
2026-09-20,v2:/f803a447537d42bbc777ee2795c90411e6726c2c9c0562774366ed9561eb1b68,"[VIRTUAL]1 x Blank, 1 x Blank, 1 x Blank, 1 x Blank, 1 x Blank for -1 MtxCurrency",2000,2000,0,0.0,0,2026-09-17T00:00:00Z,2026-10-01T23:59:59.999Z,1,0,-2,KingdomHearts,Kingdom Hearts ,197,tileGrid,Size_2_x_1,,1,KINGDOM HEARTS Gummi Ship,5,car,CarSkin_OpticOrange01,Classic,skin,uncommon,,,,,2026-09-17T08:00:00Z
2026-09-20,v2:/f803a447537d42bbc777ee2795c90411e6726c2c9c0562774366ed9561eb1b68,"[VIRTUAL]1 x Blank, 1 x Blank, 1 x Blank, 1 x Blank, 1 x Blank for -1 MtxCurrency",2000,2000,0,0.0,0,2026-09-17T00:00:00Z,2026-10-01T23:59:59.999Z,1,0,-2,KingdomHearts,Kingdom Hearts ,197,tileGrid,Size_2_x_1,,1,KINGDOM HEARTS Gummi Ship,5,car,CarSkin_OpticOrange02,Magic,skin,uncommon,,,,,2026-09-17T08:00:00Z
2026-09-20,v2:/f803a447537d42bbc777ee2795c90411e6726c2c9c0562774366ed9561eb1b68,"[VIRTUAL]1 x Blank, 1 x Blank, 1 x Blank, 1 x Blank, 1 x Blank for -1 MtxCurrency",2000,2000,0,0.0,0,2026-09-17T00:00:00Z,2026-10-01T23:59:59.999Z,1,0,-2,KingdomHearts,Kingdom Hearts ,197,tileGrid,Size_2_x_1,,1,KINGDOM HEARTS Gummi Ship,5,car,CarSkin_OpticOrange03,Heartless,skin,uncommon,,,,,2026-09-17T08:00:00Z
2026-09-20,v2:/f803a447537d42bbc777ee2795c90411e6726c2c9c0562774366ed9561eb1b68,"[VIRTUAL]1 x Blank, 1 x Blank, 1 x Blank, 1 x Blank, 1 x Blank for -1 MtxCurrency",2000,2000,0,0.0,0,2026-09-17T00:00:00Z,2026-10-01T23:59:59.999Z,1,0,-2,KingdomHearts,Kingdom Hearts ,197,tileGrid,Size_2_x_1,,1,KINGDOM HEARTS Gummi Ship,5,car,Wheel_OpticOrange01,Gummi Ship,wheel,uncommon,,,,,2026-09-17T08:00:00Z
2026-09-20,v2:/3c749393b6162bb1ca9ec052fe111bbbd422a5d0208aac97493ef1e91282416e,[VIRTUAL]1 x Cat's Claws for 800 MtxCurrency,800,800,0,0.0,0,2026-09-18T00:00:00Z,2026-09-22T23:59:59.999Z,1,0,-2,Batmanday,Batman,190,tileGrid,Size_1_x_1,,0,,1,br,Pickaxe_ID_276_BlackMondayFemale1H_1V4HE,Cat's Claws,pickaxe,dc,DC SERIES,Gotham City,1,X,2019-11-20T12:50:43Z
2026-09-20,v2:/71c7a533bb839cefc04a39610f7d473b673473f5dc657bf8a41a290e828b3c41,[VIRTUAL]1 x Fist Bump for 300 MtxCurrency,300,300,0,0.0,0,2026-09-20T00:00:00Z,2026-09-23T23:59:59.999Z,1,0,-3,hugevillian,Disney,196,tileGrid,Size_1_x_1,,0,,1,br,EID_OysterKnock,Fist Bump,emote,uncommon,,Big Hero 6,6,1,2024-12-01T03:58:22Z
2026-09-20,v2:/1120338bb12c4bc99b4aa9bd787e47e8fa798940e3920aeade32b79b8cd7624f,[VIRTUAL]1 x Baymax Booster for 500 MtxCurrency,500,500,0,0.0,0,2026-09-20T00:00:00Z,2026-09-23T23:59:59.999Z,1,0,-4,hugevillian,Disney,196,tileGrid,Size_1_x_1,,0,,1,br,Contrail_OysterKnock,Baymax Booster,contrail,uncommon,,Big Hero 6,6,1,2024-12-01T03:58:22Z
2026-09-20,v2:/b67bcfa27305d86cff68057bab81f482251da2de96712fa544df9e5613457c55,[VIRTUAL]1 x Batman's Cape (Pen & Ink) for 300 MtxCurrency,300,300,0,0.0,0,2026-09-18T00:00:00Z,2026-09-22T23:59:59.999Z,1,0,-3,Batmanday,Batman,190,tileGrid,Size_1_x_1,,0,,1,br,Backpack_DriftFable,Batman's Cape (Pen & Ink),backpack,dc,DC SERIES,Gotham City (Pen & Ink),7,2,2026-05-20T00:00:00Z
2026-09-20,v2:/494a321fb03f438edb50dd700c1650aee48721ae028d9b6a40a187f7c3f7c871,[VIRTUAL]1 x TBD (SID_Placeholder_786) for 500 MtxCurrency,500,500,0,0.0,0,2026-09-01T00:00:00Z,2026-09-30T23:59:59.999Z,1,0,-41,JT091826,Jam Tracks,176,expandableList,Size_1_x_1,,0,,1,track,sid_placeholder_786,NEVER ENOUGH,,,,,,,2026-04-28T14:30:14Z
2026-09-20,v2:/077e71631fac6cae563d5ef4379245e7e5603e2659d6b3ef206ab66b09997e3b,[VIRTUAL]1 x TBD (SID_Placeholder_872) for 500 MtxCurrency,500,500,0,0.0,0,2026-09-13T00:00:00Z,2026-09-22T23:59:59.999Z,1,0,-4,LilWayneNo/Violators,Lil Wayne,187,tileGrid,Size_1_x_1,,0,,1,track,sid_placeholder_872,6 Foot 7 Foot,,,,,,,2026-09-10T16:19:51Z
2026-09-20,v2:/dd930a6e56afdb86b628272b66ccfe1835227185aec7aa862cf360ce741d3f5f,[VIRTUAL]1 x TBD (SID_Placeholder_858) for 500 MtxCurrency,500,500,0,0.0,0,2026-09-19T00:00:00Z,2026-10-02T23:59:59.999Z,1,0,-4,IronMouse,Ironmouse,195,tileGrid,Size_1_x_1,,0,,1,track,sid_placeholder_858,Cry For Me (Wa Wa Wa),,,,,,,2026-09-16T14:46:03Z
2026-09-20,v2:/787333050c8b6bae54e177efd8516af8a24fddd70eae49f7bc88ff9cb32210fa,"[VIRTUAL]1 x Warfare, 1 x Banner Icon for 1200 MtxCurrency",1200,1200,0,0.0,0,2026-09-15T00:00:00Z,2026-09-21T23:59:59.999Z,1,0,-4,NS091526,No Sweat,179,tileGrid,Size_1_x_1,,0,,1,br,Character_TacticMushroom_C,Warfare,outfit,rare,,Skratch Company,5,1,2024-02-08T07:29:35Z
2026-09-20,v2:/ec99f3b2ff07ee8843b17e3d96b2e7a41c51fb372ebdc93d862265136c431b09,[VIRTUAL]1 x Order Remnant for 800 MtxCurrency,800,800,0,0.0,0,2026-09-20T00:00:00Z,2026-09-26T23:59:59.999Z,1,0,-2,FND092026,Front Page,186,tileGrid,Size_1_x_1,,0,,1,br,CID_A_061_Athena_Commando_M_PaddedArmorOrder,Order Remnant,outfit,uncommon,,,3,4,2021-03-30T09:14:15Z
2026-09-20,v2:/c51f4171dba944d20a3f28f3bb65cfc95d299b382a5ddba30d295fc824c4a6dc,[VIRTUAL]1 x Microbot Mallet for 800 MtxCurrency,800,800,0,0.0,0,2026-09-20T00:00:00Z,2026-09-23T23:59:59.999Z,1,0,-1,hugevillian,Disney,196,tileGrid,Size_1_x_1,,0,,1,br,Pickaxe_OysterKnock,Microbot Mallet,pickaxe,rare,,Big Hero 6,6,1,2024-12-01T03:58:22Z
2026-09-20,v2:/bce863907a0e9aff8bb5fc29cbad75831b20dffe1b568b17841b7486678d6a9d,[VIRTUAL]1 x Oxytocin for 500 MtxCurrency,500,500,0,0.0,0,2026-09-01T00:00:00Z,2026-09-30T23:59:59.999Z,1,0,-49,JT091826,Jam Tracks,176,expandableList,Size_1_x_1,,0,,1,track,sid_placeholder_174,Oxytocin,,,,,,,2024-04-23T08:25:19Z
2026-09-20,v2:/7aa562e821e2726bbbc9a5d5ce782500de537f8dc7147374ccaa73d548d9c82d,[VIRTUAL]1 x The Gold for 200 MtxCurrency,200,200,0,0.0,0,2026-09-17T00:00:00Z,2026-09-20T23:59:59.999Z,1,0,-2,FNCS3,FNCS,185,tileGrid,Size_1_x_1,,0,,1,br,Backpack_FNCS_S31,The Gold,backpack,rare,,FNCS,5,4,2024-09-04T14:57:46Z
2026-09-20,v2:/0c3e9739422ae91112f6f854211439f929c2a7271bb7f4ed775956d102ca7e24,[VIRTUAL]1 x Goofy TSUM for 500 MtxCurrency,500,500,0,0.0,0,2026-09-18T00:00:00Z,2026-09-21T23:59:59.999Z,1,0,-4,hugevillian,Disney,196,tileGrid,Size_1_x_1,,0,,1,br,Backpack_MonkeyPatentSeed,Goofy TSUM,backpack,rare,,TSUM TSUM,7,1,2026-02-23T00:00:00Z
2026-09-20,v2:/e9ffe7a082ad112d5bedc9065f4cb344fe59055581e1d5331346353b95d1107e,[VIRTUAL]1 x CHIHIRO for 500 MtxCurrency,500,500,0,0.0,0,2026-09-01T00:00:00Z,2026-09-30T23:59:59.999Z,1,0,-54,JT091826,Jam Tracks,176,expandableList,Size_1_x_1,,0,,1,track,sid_placeholder_218,CHIHIRO,,,,,,,2024-05-17T18:21:48Z
2026-09-20,v2:/310b7d5d96655447eb2a56e83482f26b50d3d1817ab7439cc6d7b8fc32f4d1cb,[VIRTUAL]1 x Snoop's Walk for 500 MtxCurrency,500,500,0,0.0,0,2026-09-18T00:00:00Z,2026-09-21T23:59:59.999Z,1,0,-3,iHeartRadio,Turn The Music Up,183,tileGrid,Size_1_x_1,,0,,1,br,EID_LemonCart,Snoop's Walk,emote,icon,Icon Series,Snoop Dogg,2,Remix,2024-11-02T06:00:00Z
2026-09-20,v2:/78309b6691e841b0e59f3853976615c7fe7a8bbcee0ca14a4ecdeee2774b695e,[VIRTUAL]1 x Enter Sandman for 500 MtxCurrency,500,500,0,0.0,0,2026-09-18T00:00:00Z,2026-09-24T23:59:59.999Z,1,0,-2,JT091826,Jam Tracks,176,tileGrid,Size_1_x_1,,0,,1,track,sid_placeholder_230,Enter Sandman,,,,,,,2024-06-13T08:00:00Z
2026-09-20,v2:/cca7b1dc2c9626d6eb42a00d49bcd492a1cd6191c59985869ba22a7de842b569,[VIRTUAL]1 x Renzo the Champion for 1000 MtxCurrency,1000,1000,0,0.0,0,2026-09-17T00:00:00Z,2026-09-20T23:59:59.999Z,1,0,-3,FNCS3,FNCS,185,tileGrid,Size_1_x_1,,0,,1,br,Character_InfernoFNCS,Renzo the Champion,outfit,epic,,FNCS,5,4,2024-09-04T14:57:46Z
2026-09-20,v2:/527d97d4a7c0be06e8ad0d04d9a09ba9813372d31b317eccb20454a16343b9eb,[VIRTUAL]1 x TBD (SID_Placeholder_892) for 500 MtxCurrency,500,500,0,0.0,0,2026-09-20T00:00:00Z,2026-09-26T23:59:59.999Z,1,0,-3,CyberpunkEdgerunnersNew,Cyberpunk Edgerunners ,198,tileGrid,Size_1_x_1,,0,,1,track,sid_placeholder_892,I Really Want To Stay At Your House,,,,,,,2026-09-18T14:22:09Z
2026-09-20,v2:/d6fbe2605f06fdc4cb94321975427475485ff90100663d780578a5bcd28eb125,[VIRTUAL]1 x Lollipop for 500 MtxCurrency,500,500,0,0.0,0,2026-09-13T00:00:00Z,2026-09-22T23:59:59.999Z,1,0,-1,LilWayneNo/Violators,Lil Wayne,187,tileGrid,Size_1_x_1,,0,,1,br,EID_NoiseClueLurch,Lollipop,emote,icon,Icon Series,Lil Wayne,7,4,2026-09-10T16:36:49Z
2026-09-20,v2:/f719c6b21cad48db277eaeda9ff55d8540534b64e83ba5868b007093c698209c,[VIRTUAL]1 x Echo Jet for 800 MtxCurrency,800,800,0,0.0,0,2026-09-20T00:00:00Z,2026-09-22T23:59:59.999Z,1,0,-3,BR092026,Fit Check,181,tileGrid,Size_1_x_1,,0,,1,br,Glider_ID_203_TwinDarkFemale,Echo Jet,glider,rare,,Twin Echo,2,2,2020-03-03T09:32:28Z
2026-09-20,v2:/433809bb7abafa5d5185f4c6a5bc9a9d49d709141886c5facc4d639405b8886d,[VIRTUAL]1 x Flopsticks for 1500 MtxCurrency,1500,1500,0,0.0,0,2026-09-15T00:00:00Z,2026-09-21T23:59:59.999Z,1,0,-5,BR092026,Fit Check,181,tileGrid,Size_1_x_1,This Sidekick includes quests that unlock new items upon completion!,0,,1,br,Companion_FinFlake,Flopsticks,sidekick,uncommon,,Loot Lake Legend,6,6,2025-11-07T14:02:24Z
2026-09-20,v2:/ab592172a9115a2fe961cdd84a20bc754d243c1e5cacf3e327084b4fae959514,[VIRTUAL]1 x Rush (Mega Man) for 1500 MtxCurrency,1500,1500,0,0.0,0,2026-09-11T00:00:00Z,2026-09-20T23:59:59.999Z,1,0,-3,Megaman,Mega Man,182,tileGrid,Size_1_x_1,This Sidekick includes quests that unlock new items upon completion!,0,,1,br,Companion_CacaoLynx,Rush (Mega Man),sidekick,uncommon,,Mega Man,7,4,2026-09-07T16:00:18Z
