shop_date,offer_id,dev_name,regular_price,final_price,discount_vbucks,discount_pct,is_discounted,in_date,out_date,giftable,refundable,sort_priority,layout_id,layout_name,layout_rank,layout_display_type,tile_size,offer_tag,is_bundle,bundle_name,items_in_offer,item_kind,item_id,item_name,item_type,item_rarity,item_series,item_set,item_intro_chapter,item_intro_season,item_added
2026-09-15,v2:/60ece53527cad7d525c9ca570562d47669b031ca5addf1e684c44aaa16b66f5d,[VIRTUAL]1 x Travel Tokki Model for 400 MtxCurrency,400,400,0,0.0,0,2026-09-12T00:00:00Z,2026-09-16T23:59:59.999Z,1,0,-2,Overwatch,Overwatch,190,tileGrid,Size_1_x_1,,0,,1,br,Backpack_SkiffGrind,Travel Tokki Model,backpack,gaminglegends,Gaming Legends Series,Overwatch,7,2,2026-05-14T09:00:00Z
2026-09-15,v2:/ec89975791cdf79b62772577887bdc7e7b23ea19f5568d7cae212967aed654ec,[VIRTUAL]1 x TBD (SID_Placeholder_538) for 500 MtxCurrency,500,500,0,0.0,0,2026-09-01T00:00:00Z,2026-09-30T23:59:59.999Z,1,0,-64,JT091426,Jam Tracks,182,expandableList,Size_1_x_1,,0,,1,track,sid_placeholder_538,Juno,,,,,,,2025-04-08T08:40:23Z
2026-09-15,v2:/32859cb7cf4dbe274e14268919d1822a86af7dc182e3c96e6e7d97c63e211fa6,"[VIRTUAL]1 x Mercy's Valkyrie Wings, 1 x Mercy's Valkyrie Wings for 800 MtxCurrency",800,800,0,0.0,0,2026-09-12T00:00:00Z,2026-09-16T23:59:59.999Z,1,0,-3,Overwatch,Overwatch,190,tileGrid,Size_1_x_1,,0,,2,br,Backpack_TrackWaver,Mercy's Valkyrie Wings,backpack,gaminglegends,Gaming Legends Series,Overwatch,7,2,2026-05-14T09:00:00Z
2026-09-15,v2:/32859cb7cf4dbe274e14268919d1822a86af7dc182e3c96e6e7d97c63e211fa6,"[VIRTUAL]1 x Mercy's Valkyrie Wings, 1 x Mercy's Valkyrie Wings for 800 MtxCurrency",800,800,0,0.0,0,2026-09-12T00:00:00Z,2026-09-16T23:59:59.999Z,1,0,-3,Overwatch,Overwatch,190,tileGrid,Size_1_x_1,,0,,2,br,Glider_TrackWaver,Mercy's Valkyrie Wings,glider,gaminglegends,Gaming Legends Series,Overwatch,7,2,2026-05-14T09:00:00Z
2026-09-15,v2:/aa1b837cab30296ba96bd31e851de9c55f9f0ceb4c410b213cce8574fc309342,[VIRTUAL]1 x DÁKITI for 500 MtxCurrency,500,500,0,0.0,0,2026-09-01T00:00:00Z,2026-09-30T23:59:59.999Z,1,0,-66,JT091426,Jam Tracks,182,expandableList,Size_1_x_1,,0,,1,track,sid_placeholder_140,DÁKITI,,,,,,,2024-06-28T00:00:00Z
2026-09-15,v2:/0269628f68f2d570f31318408ffb150008b7e45a766989e1d5f44fb45794cbd0,[VIRTUAL]1 x Step It Up for 500 MtxCurrency,500,500,0,0.0,0,2026-09-15T00:00:00Z,2026-09-16T23:59:59.999Z,1,0,-4,BR091526,Full Flex,186,tileGrid,Size_1_x_1,,0,,1,br,EID_IrishJig,Step It Up,emote,rare,,,1,3,2019-11-20T12:49:43Z
2026-09-15,v2:/4c2a3f5d6776c95e0f4addb56b0b39649c9b71b329562620ff3919508a2d45a5,"[VIRTUAL]1 x Revolver, 1 x The Number, 1 x Power GT, 1 x Slipstream Edge, 1 x Cruise Caliber, 1 x Solid Gold for -1 MtxCurrency",1500,1500,0,0.0,0,2026-09-09T00:00:00Z,2026-09-15T23:59:59.999Z,1,0,-1,Revolver,Revolver,177,tileGrid,Size_3_x_1,Decals in this bundle are restricted to the Revolver car body.,1,Revolver,6,car,CarBody_Zuse,Revolver,body,epic,,,,,2025-02-21T12:16:05Z
2026-09-15,v2:/4c2a3f5d6776c95e0f4addb56b0b39649c9b71b329562620ff3919508a2d45a5,"[VIRTUAL]1 x Revolver, 1 x The Number, 1 x Power GT, 1 x Slipstream Edge, 1 x Cruise Caliber, 1 x Solid Gold for -1 MtxCurrency",1500,1500,0,0.0,0,2026-09-09T00:00:00Z,2026-09-15T23:59:59.999Z,1,0,-1,Revolver,Revolver,177,tileGrid,Size_3_x_1,Decals in this bundle are restricted to the Revolver car body.,1,Revolver,6,car,CarSkin_Zuse1,The Number,skin,common,,,,,2025-02-21T12:16:05Z
2026-09-15,v2:/4c2a3f5d6776c95e0f4addb56b0b39649c9b71b329562620ff3919508a2d45a5,"[VIRTUAL]1 x Revolver, 1 x The Number, 1 x Power GT, 1 x Slipstream Edge, 1 x Cruise Caliber, 1 x Solid Gold for -1 MtxCurrency",1500,1500,0,0.0,0,2026-09-09T00:00:00Z,2026-09-15T23:59:59.999Z,1,0,-1,Revolver,Revolver,177,tileGrid,Size_3_x_1,Decals in this bundle are restricted to the Revolver car body.,1,Revolver,6,car,CarSkin_Zuse2,Power GT,skin,common,,,,,2025-02-21T12:16:05Z
2026-09-15,v2:/4c2a3f5d6776c95e0f4addb56b0b39649c9b71b329562620ff3919508a2d45a5,"[VIRTUAL]1 x Revolver, 1 x The Number, 1 x Power GT, 1 x Slipstream Edge, 1 x Cruise Caliber, 1 x Solid Gold for -1 MtxCurrency",1500,1500,0,0.0,0,2026-09-09T00:00:00Z,2026-09-15T23:59:59.999Z,1,0,-1,Revolver,Revolver,177,tileGrid,Size_3_x_1,Decals in this bundle are restricted to the Revolver car body.,1,Revolver,6,car,CarSkin_Zuse3,Slipstream Edge,skin,common,,,,,2025-02-21T12:16:05Z
2026-09-15,v2:/4c2a3f5d6776c95e0f4addb56b0b39649c9b71b329562620ff3919508a2d45a5,"[VIRTUAL]1 x Revolver, 1 x The Number, 1 x Power GT, 1 x Slipstream Edge, 1 x Cruise Caliber, 1 x Solid Gold for -1 MtxCurrency",1500,1500,0,0.0,0,2026-09-09T00:00:00Z,2026-09-15T23:59:59.999Z,1,0,-1,Revolver,Revolver,177,tileGrid,Size_3_x_1,Decals in this bundle are restricted to the Revolver car body.,1,Revolver,6,car,Wheel_Zuse,Cruise Caliber,wheel,uncommon,,,,,2025-02-21T12:16:05Z
2026-09-15,v2:/4c2a3f5d6776c95e0f4addb56b0b39649c9b71b329562620ff3919508a2d45a5,"[VIRTUAL]1 x Revolver, 1 x The Number, 1 x Power GT, 1 x Slipstream Edge, 1 x Cruise Caliber, 1 x Solid Gold for -1 MtxCurrency",1500,1500,0,0.0,0,2026-09-09T00:00:00Z,2026-09-15T23:59:59.999Z,1,0,-1,Revolver,Revolver,177,tileGrid,Size_3_x_1,Decals in this bundle are restricted to the Revolver car body.,1,Revolver,6,car,CarSkin_Zusegold,Solid Gold,skin,uncommon,,,,,2025-02-21T12:16:05Z
2026-09-15,v2:/cf01c1454898861e1ac1ff41b742f3633f17f61e2b9368e35d78b9593ddb8d56,[VIRTUAL]1 x Fast Feet for 500 MtxCurrency,500,500,0,0.0,0,2026-09-12T00:00:00Z,2026-09-15T23:59:59.999Z,1,0,-4,VV091526,Party Moves,194,tileGrid,Size_1_x_1,,0,,1,br,EID_BlueApparel,Fast Feet,emote,icon,Icon Series,,4,2,2023-05-05T00:00:00Z
2026-09-15,v2:/e28321cb1c82b60455670752145b143681507e9e02b21378b3086998cba1f611,[VIRTUAL]1 x Energy Burn for 500 MtxCurrency,500,500,0,0.0,0,2026-09-13T00:00:00Z,2026-09-15T23:59:59.999Z,1,0,-3,TypicalGamerIcons,Typical Gamer,181,tileGrid,Size_1_x_1,,0,,1,br,Wrap_QuarterClaspZoom,Energy Burn,wrap,icon,Icon Series,Typical Gamer,7,2,2026-05-24T21:01:00Z
2026-09-15,v2:/10173d9f4667bea37ba53a91ac615cffdea1440a96f406fa38e2bf7dc5f324b6,[VIRTUAL]1 x Industry Baby for 500 MtxCurrency,500,500,0,0.0,0,2026-09-01T00:00:00Z,2026-09-30T23:59:59.999Z,1,0,-24,JT091426,Jam Tracks,182,expandableList,Size_1_x_1,,0,,1,track,sid_placeholder_09,Industry Baby,,,,,,,2024-11-07T17:50:41Z
2026-09-15,v2:/63e8915b99ee86cda3f556b28718e4501042aea0738c71e6f935d23ae06c17f9,"[VIRTUAL]1 x Ryū Ichimonji, 1 x Ryū Ichimonji for 800 MtxCurrency",800,800,0,0.0,0,2026-09-12T00:00:00Z,2026-09-16T23:59:59.999Z,1,0,-6,Overwatch,Overwatch,190,tileGrid,Size_1_x_1,,0,,2,br,Pickaxe_FacetBlom,Ryū Ichimonji,pickaxe,gaminglegends,Gaming Legends Series,Overwatch,7,2,2026-05-14T09:00:00Z
2026-09-15,v2:/63e8915b99ee86cda3f556b28718e4501042aea0738c71e6f935d23ae06c17f9,"[VIRTUAL]1 x Ryū Ichimonji, 1 x Ryū Ichimonji for 800 MtxCurrency",800,800,0,0.0,0,2026-09-12T00:00:00Z,2026-09-16T23:59:59.999Z,1,0,-6,Overwatch,Overwatch,190,tileGrid,Size_1_x_1,,0,,2,br,Backpack_FacetBlom,Ryū Ichimonji,backpack,gaminglegends,Gaming Legends Series,Overwatch,7,2,2026-05-14T09:00:00Z
2026-09-15,v2:/c5f15bf11f2fd6f2f1083deadbe11199cbd08ed619a4f281b542bba1fd28b3c2,[VIRTUAL]1 x Seven Nation Army for 500 MtxCurrency,500,500,0,0.0,0,2026-09-01T00:00:00Z,2026-09-30T23:59:59.999Z,1,0,-2,JT091426,Jam Tracks,182,expandableList,Size_1_x_1,,0,,1,track,sid_placeholder_36,Seven Nation Army,,,,,,,2023-12-09T15:00:00Z
2026-09-15,v2:/ca5009e7eceb8c8c66989efb88bd33721a999acc13c4ea777dc766c01139f71d,"[VIRTUAL]1 x Jellie, 1 x Shellie for -1 MtxCurrency",1200,1200,0,0.0,0,2026-09-15T00:00:00Z,2026-09-21T23:59:59.999Z,1,0,-6,BR091526,Full Flex,186,tileGrid,Size_1_x_1,,0,,2,br,CID_664_Athena_Commando_M_Gummi,Jellie,outfit,rare,,Fish Food,2,1,2020-01-15T09:35:50Z
2026-09-15,v2:/ca5009e7eceb8c8c66989efb88bd33721a999acc13c4ea777dc766c01139f71d,"[VIRTUAL]1 x Jellie, 1 x Shellie for -1 MtxCurrency",1200,1200,0,0.0,0,2026-09-15T00:00:00Z,2026-09-21T23:59:59.999Z,1,0,-6,BR091526,Full Flex,186,tileGrid,Size_1_x_1,,0,,2,br,BID_454_Gummi,Shellie,backpack,rare,,Fish Food,2,1,2020-01-15T09:35:49Z
2026-09-15,v2:/bf9adaa9805f5c100ef9cca564983e018949c7f6708e81a23b87a3c2f54bbc12,[VIRTUAL]1 x Buddy Holly for 500 MtxCurrency,500,500,0,0.0,0,2026-09-01T00:00:00Z,2026-09-30T23:59:59.999Z,1,0,-16,JT091426,Jam Tracks,182,expandableList,Size_1_x_1,,0,,1,track,sid_placeholder_25,Buddy Holly,,,,,,,2023-12-14T00:00:00Z
2026-09-15,v2:/e2631f4e866e60745f70a3c4db26ecc9bf6f9b9ad4ec41349efe1b7925747826,[VIRTUAL]1 x TBD (SID_Placeholder_587) for 500 MtxCurrency,500,500,0,0.0,0,2026-09-01T00:00:00Z,2026-09-30T23:59:59.999Z,1,0,-49,JT091426,Jam Tracks,182,expandableList,Size_1_x_1,,0,,1,track,sid_placeholder_587,Dream On,,,,,,,2025-05-14T00:00:00Z
2026-09-15,v2:/db23c308f77561f41fb7f2ab84e35f448ac55718f8fc649719fe0fd8713057c4,"[VIRTUAL]1 x X-23, 1 x Clone Pod, 1 x X-23's Adamantium Claws, 1 x X Insignia for -1 MtxCurrency",2800,1900,900,0.3214,1,2026-09-15T00:00:00Z,2026-09-19T23:59:59.999Z,1,0,-1,WolverineShop,Marvel,197,tileGrid,Size_1_x_1,,1,X-23 Bundle,4,br,Character_DarkAzalea,X-23,outfit,marvel,MARVEL SERIES,X-23,3,4,2022-10-08T17:05:51Z
2026-09-15,v2:/db23c308f77561f41fb7f2ab84e35f448ac55718f8fc649719fe0fd8713057c4,"[VIRTUAL]1 x X-23, 1 x Clone Pod, 1 x X-23's Adamantium Claws, 1 x X Insignia for -1 MtxCurrency",2800,1900,900,0.3214,1,2026-09-15T00:00:00Z,2026-09-19T23:59:59.999Z,1,0,-1,WolverineShop,Marvel,197,tileGrid,Size_1_x_1,,1,X-23 Bundle,4,br,Backpack_DarkAzalea,Clone Pod,backpack,marvel,MARVEL SERIES,X-23,3,4,2022-10-08T17:05:51Z
2026-09-15,v2:/db23c308f77561f41fb7f2ab84e35f448ac55718f8fc649719fe0fd8713057c4,"[VIRTUAL]1 x X-23, 1 x Clone Pod, 1 x X-23's Adamantium Claws, 1 x X Insignia for -1 MtxCurrency",2800,1900,900,0.3214,1,2026-09-15T00:00:00Z,2026-09-19T23:59:59.999Z,1,0,-1,WolverineShop,Marvel,197,tileGrid,Size_1_x_1,,1,X-23 Bundle,4,br,Pickaxe_DarkAzalea,X-23's Adamantium Claws,pickaxe,marvel,MARVEL SERIES,X-23,3,4,2022-10-08T17:05:51Z
2026-09-15,v2:/db23c308f77561f41fb7f2ab84e35f448ac55718f8fc649719fe0fd8713057c4,"[VIRTUAL]1 x X-23, 1 x Clone Pod, 1 x X-23's Adamantium Claws, 1 x X Insignia for -1 MtxCurrency",2800,1900,900,0.3214,1,2026-09-15T00:00:00Z,2026-09-19T23:59:59.999Z,1,0,-1,WolverineShop,Marvel,197,tileGrid,Size_1_x_1,,1,X-23 Bundle,4,br,Wrap_DarkAzeala,X Insignia,wrap,marvel,MARVEL SERIES,X-23,3,4,2022-10-08T17:05:51Z
2026-09-15,v2:/4629db3fa77c4e59d9679f7f613aa643d8e3e45f6dd7f2e2b26f0f10f3040517,[VIRTUAL]1 x Blinkin' Amazing for 300 MtxCurrency,300,300,0,0.0,0,2026-09-12T00:00:00Z,2026-09-16T23:59:59.999Z,1,0,-4,Overwatch,Overwatch,190,tileGrid,Size_1_x_1,,0,,1,br,EID_LooseCreep,Blinkin' Amazing,emote,gaminglegends,Gaming Legends Series,Overwatch,7,2,2026-05-14T09:00:00Z
2026-09-15,v2:/7a556796270c1da93d8baa6bcac94c01fe08a230eb66e05b67fd9212fa3b89ab,[VIRTUAL]1 x My Songs Know What You Did In The Dark (Light Em Up) for 500 MtxCurrency,500,500,0,0.0,0,2026-09-01T00:00:00Z,2026-09-30T23:59:59.999Z,1,0,-56,JT091426,Jam Tracks,182,expandableList,Size_1_x_1,,0,,1,track,sid_placeholder_90,My Songs Know What You Did In The Dark (Light Em Up),,,,,,,2024-01-05T21:55:08Z
2026-09-15,v2:/197dc1138c66c0ae8bd7bd14049a79a3d8019d60244b97fa76296788762ed546,[VIRTUAL]1 x Toxicity for 500 MtxCurrency,500,500,0,0.0,0,2026-09-11T00:00:00Z,2026-09-17T23:59:59.999Z,1,0,-4,JT091426,Jam Tracks,182,tileGrid,Size_1_x_1,,0,,1,track,sid_placeholder_206,Toxicity,,,,,,,2024-05-07T14:47:23Z
2026-09-15,v2:/0d860c4ee94534a0e40a0dab260f236d7c08e762ea0c5e8784f8cdb5c25344c8,[VIRTUAL]1 x TBD (SID_Placeholder_722) for 500 MtxCurrency,500,500,0,0.0,0,2026-09-01T00:00:00Z,2026-09-30T23:59:59.999Z,1,0,-94,JT091426,Jam Tracks,182,expandableList,Size_1_x_1,,0,,1,track,sid_placeholder_722,future base,,,,,,,2026-01-13T19:59:54Z
2026-09-15,v2:/773de5971162e114189cd4f9224f84dc1f93b30c19dab72d3fa7ca5836efd69f,[VIRTUAL]1 x Pterodactyl Coin for 300 MtxCurrency,300,300,0,0.0,0,2026-09-12T00:00:00Z,2026-09-15T23:59:59.999Z,1,0,-2,Rangers,Power Rangers,187,tileGrid,Size_1_x_1,,0,,1,br,Backpack_FumeFleeceJig,Pterodactyl Coin,backpack,rare,,Mighty Morphin,6,5,2025-08-07T13:36:11Z
2026-09-15,v2:/6dead3b75b13d05719e386d7a873a1f3aedcc18522c26995ecd2293841c289ef,[VIRTUAL]1 x Get Low for 500 MtxCurrency,500,500,0,0.0,0,2026-09-11T00:00:00Z,2026-09-17T23:59:59.999Z,1,0,-1,JT091426,Jam Tracks,182,tileGrid,Size_1_x_1,,0,,1,track,sid_placeholder_193,Get Low,,,,,,,2024-04-24T03:56:26Z
2026-09-15,v2:/6263922db3dd19cc2160f7607ead6b7b4f71e10a44e02355066be3d127a5f439,[VIRTUAL]1 x TBD (SID_Placeholder_779) for 500 MtxCurrency,500,500,0,0.0,0,2026-09-01T00:00:00Z,2026-09-30T23:59:59.999Z,1,0,-50,JT091426,Jam Tracks,182,expandableList,Size_1_x_1,,0,,1,track,sid_placeholder_779,back to friends,,,,,,,2026-04-16T08:01:05Z
2026-09-15,v2:/111620e6a43ace41d161c315888c36d93d14651eb7271a992b7cc116e19406a2,[VIRTUAL]1 x Lux Æterna for 500 MtxCurrency,500,500,0,0.0,0,2026-09-01T00:00:00Z,2026-09-30T23:59:59.999Z,1,0,-86,JT091426,Jam Tracks,182,expandableList,Size_1_x_1,,0,,1,track,sid_placeholder_236,Lux Æterna,,,,,,,2024-06-20T00:00:00Z
2026-09-15,v2:/9f600521ef39d25c8ba40f588f14a7c6b14a7c33e87cdb966d08b8e360388cea,"[VIRTUAL]1 x Meowtooth, 1 x Test Your Strength, 1 x Peelverine Plush, 1 x Swordfish Saber, 1 x Meowtooth's Stripes, 1 x Pouncing Into Action for -1 MtxCurrency",3400,2300,1100,0.3235,1,2026-09-15T00:00:00Z,2026-09-19T23:59:59.999Z,1,0,-2,WolverineShop,Marvel,197,tileGrid,Size_2_x_1,,1,Meowtooth Bundle,6,br,Character_CattleJar,Meowtooth,outfit,marvel,MARVEL SERIES,Meowtooth,5,4,2024-09-05T14:25:10Z
2026-09-15,v2:/9f600521ef39d25c8ba40f588f14a7c6b14a7c33e87cdb966d08b8e360388cea,"[VIRTUAL]1 x Meowtooth, 1 x Test Your Strength, 1 x Peelverine Plush, 1 x Swordfish Saber, 1 x Meowtooth's Stripes, 1 x Pouncing Into Action for -1 MtxCurrency",3400,2300,1100,0.3235,1,2026-09-15T00:00:00Z,2026-09-19T23:59:59.999Z,1,0,-2,WolverineShop,Marvel,197,tileGrid,Size_2_x_1,,1,Meowtooth Bundle,6,br,EID_CattleJar,Test Your Strength,emote,marvel,MARVEL SERIES,Meowtooth,5,4,2024-09-05T14:25:10Z
2026-09-15,v2:/9f600521ef39d25c8ba40f588f14a7c6b14a7c33e87cdb966d08b8e360388cea,"[VIRTUAL]1 x Meowtooth, 1 x Test Your Strength, 1 x Peelverine Plush, 1 x Swordfish Saber, 1 x Meowtooth's Stripes, 1 x Pouncing Into Action for -1 MtxCurrency",3400,2300,1100,0.3235,1,2026-09-15T00:00:00Z,2026-09-19T23:59:59.999Z,1,0,-2,WolverineShop,Marvel,197,tileGrid,Size_2_x_1,,1,Meowtooth Bundle,6,br,Backpack_CattleJar,Peelverine Plush,backpack,marvel,MARVEL SERIES,Meowtooth,5,4,2024-08-17T06:38:59Z
2026-09-15,v2:/9f600521ef39d25c8ba40f588f14a7c6b14a7c33e87cdb966d08b8e360388cea,"[VIRTUAL]1 x Meowtooth, 1 x Test Your Strength, 1 x Peelverine Plush, 1 x Swordfish Saber, 1 x Meowtooth's Stripes, 1 x Pouncing Into Action for -1 MtxCurrency",3400,2300,1100,0.3235,1,2026-09-15T00:00:00Z,2026-09-19T23:59:59.999Z,1,0,-2,WolverineShop,Marvel,197,tileGrid,Size_2_x_1,,1,Meowtooth Bundle,6,br,Pickaxe_CattleJar,Swordfish Saber,pickaxe,marvel,MARVEL SERIES,Meowtooth,5,4,2024-09-05T14:25:10Z
2026-09-15,v2:/9f600521ef39d25c8ba40f588f14a7c6b14a7c33e87cdb966d08b8e360388cea,"[VIRTUAL]1 x Meowtooth, 1 x Test Your Strength, 1 x Peelverine Plush, 1 x Swordfish Saber, 1 x Meowtooth's Stripes, 1 x Pouncing Into Action for -1 MtxCurrency",3400,2300,1100,0.3235,1,2026-09-15T00:00:00Z,2026-09-19T23:59:59.999Z,1,0,-2,WolverineShop,Marvel,197,tileGrid,Size_2_x_1,,1,Meowtooth Bundle,6,br,Wrap_CattleJar,Meowtooth's Stripes,wrap,marvel,MARVEL SERIES,Meowtooth,5,4,2024-09-05T14:25:10Z
2026-09-15,v2:/9f600521ef39d25c8ba40f588f14a7c6b14a7c33e87cdb966d08b8e360388cea,"[VIRTUAL]1 x Meowtooth, 1 x Test Your Strength, 1 x Peelverine Plush, 1 x Swordfish Saber, 1 x Meowtooth's Stripes, 1 x Pouncing Into Action for -1 MtxCurrency",3400,2300,1100,0.3235,1,2026-09-15T00:00:00Z,2026-09-19T23:59:59.999Z,1,0,-2,WolverineShop,Marvel,197,tileGrid,Size_2_x_1,,1,Meowtooth Bundle,6,br,LoadingScreen_CattleJar,Pouncing Into Action,loadingscreen,marvel,MARVEL SERIES,Meowtooth,5,4,2024-09-04T14:57:46Z
2026-09-15,v2:/8f2a78cbf81b3245e4827ab38bf23ccfdad1b9f3cf9a4017431098518ad16fe2,[VIRTUAL]1 x Heist Duffel for 400 MtxCurrency,400,400,0,0.0,0,2026-09-13T00:00:00Z,2026-09-15T23:59:59.999Z,1,0,-2,TypicalGamerIcons,Typical Gamer,181,tileGrid,Size_2_x_1,,0,,1,br,Backpack_QuarterClasp,Heist Duffel,backpack,icon,Icon Series,Typical Gamer,7,2,2026-05-24T21:01:00Z
2026-09-15,v2:/73235e9b73cccbf8d9b36884242040bc6125f956643b0f305e68712f6ba9beba,"[VIRTUAL]1 x Mega Man X, 1 x Buster Cannon Blades, 1 x E-Tank Power Pack for -1 MtxCurrency",1800,1800,0,0.0,0,2026-09-11T00:00:00Z,2026-09-20T23:59:59.999Z,1,0,-2,Megaman,Mega Man,193,tileGrid,Size_2_x_1,,0,,3,br,Character_DuneBriefShift,Mega Man X,outfit,gaminglegends,Gaming Legends Series,Mega Man,7,4,2026-09-07T20:23:20Z
2026-09-15,v2:/73235e9b73cccbf8d9b36884242040bc6125f956643b0f305e68712f6ba9beba,"[VIRTUAL]1 x Mega Man X, 1 x Buster Cannon Blades, 1 x E-Tank Power Pack for -1 MtxCurrency",1800,1800,0,0.0,0,2026-09-11T00:00:00Z,2026-09-20T23:59:59.999Z,1,0,-2,Megaman,Mega Man,193,tileGrid,Size_2_x_1,,0,,3,br,Pickaxe_DuneBriefShift,Buster Cannon Blades,pickaxe,gaminglegends,Gaming Legends Series,Mega Man,7,4,2026-09-07T20:23:20Z
2026-09-15,v2:/73235e9b73cccbf8d9b36884242040bc6125f956643b0f305e68712f6ba9beba,"[VIRTUAL]1 x Mega Man X, 1 x Buster Cannon Blades, 1 x E-Tank Power Pack for -1 MtxCurrency",1800,1800,0,0.0,0,2026-09-11T00:00:00Z,2026-09-20T23:59:59.999Z,1,0,-2,Megaman,Mega Man,193,tileGrid,Size_2_x_1,,0,,3,br,Backpack_DuneBriefShift,E-Tank Power Pack,backpack,gaminglegends,Gaming Legends Series,Mega Man,7,4,2026-09-07T20:23:20Z
2026-09-15,v2:/c28214d104e88c062e7c46a14b331c709c58f9994ebab9adeae7eeb25f640eba,[VIRTUAL]1 x Bolt for 800 MtxCurrency,800,800,0,0.0,0,2026-09-15T00:00:00Z,2026-09-21T23:59:59.999Z,1,0,-6,NS091526,No Sweat,192,tileGrid,Size_1_x_1,,0,,1,br,CID_431_Athena_Commando_F_StormPilot,Bolt,outfit,uncommon,,,1,9,2019-11-20T12:49:58Z
2026-09-15,v2:/ffc228c761448e51f0c18d10e8d09c101657389224a486d6a588f968f2f651d2,"[VIRTUAL]1 x Wolverine's Axe, 1 x Wolverine's Axe, 1 x Wolverine's Axe for 1000 MtxCurrency",1000,1000,0,0.0,0,2026-09-15T00:00:00Z,2026-09-19T23:59:59.999Z,1,0,-4,WolverineShop,Marvel,197,tileGrid,Size_1_x_1,,0,,3,br,Backpack_OliveStomp_Guitar,Wolverine's Axe,backpack,marvel,MARVEL SERIES,Deadpool & Wolverine,,,2025-03-10T00:00:00Z
2026-09-15,v2:/ffc228c761448e51f0c18d10e8d09c101657389224a486d6a588f968f2f651d2,"[VIRTUAL]1 x Wolverine's Axe, 1 x Wolverine's Axe, 1 x Wolverine's Axe for 1000 MtxCurrency",1000,1000,0,0.0,0,2026-09-15T00:00:00Z,2026-09-19T23:59:59.999Z,1,0,-4,WolverineShop,Marvel,197,tileGrid,Size_1_x_1,,0,,3,br,Pickaxe_OliveStomp_Guitar,Wolverine's Axe,pickaxe,marvel,MARVEL SERIES,Deadpool & Wolverine,,,2025-03-10T00:00:00Z
2026-09-15,v2:/ffc228c761448e51f0c18d10e8d09c101657389224a486d6a588f968f2f651d2,"[VIRTUAL]1 x Wolverine's Axe, 1 x Wolverine's Axe, 1 x Wolverine's Axe for 1000 MtxCurrency",1000,1000,0,0.0,0,2026-09-15T00:00:00Z,2026-09-19T23:59:59.999Z,1,0,-4,WolverineShop,Marvel,197,tileGrid,Size_1_x_1,,0,,3,instrument,Sparks_Guitar_OliveStomp,Wolverine's Axe,guitar,marvel,MARVEL SERIES,,,,2024-07-26T15:47:11Z
2026-09-15,v2:/96cda2c3abf7827f494dbb054ba050f6805e3936d4200d375449b57e76dbb9a5,[VIRTUAL]1 x Power Bow for 500 MtxCurrency,500,500,0,0.0,0,2026-09-12T00:00:00Z,2026-09-15T23:59:59.999Z,1,0,-3,Rangers,Power Rangers,187,tileGrid,Size_1_x_1,,0,,1,br,Pickaxe_FumeFleeceJig,Power Bow,pickaxe,rare,,Mighty Morphin,6,5,2025-08-07T13:36:11Z
2026-09-15,v2:/7d99e873937a1ac1989b6f8ad199eefe3bd8b38bf6021d155e388bb2a5fe5dde,"[VIRTUAL]1 x X-23, 1 x Clone Pod for -1 MtxCurrency",1500,1500,0,0.0,0,2026-09-15T00:00:00Z,2026-09-19T23:59:59.999Z,1,0,-2,WolverineShop,Marvel,197,tileGrid,Size_1_x_1,,0,,2,br,Character_DarkAzalea,X-23,outfit,marvel,MARVEL SERIES,X-23,3,4,2022-10-08T17:05:51Z
2026-09-15,v2:/7d99e873937a1ac1989b6f8ad199eefe3bd8b38bf6021d155e388bb2a5fe5dde,"[VIRTUAL]1 x X-23, 1 x Clone Pod for -1 MtxCurrency",1500,1500,0,0.0,0,2026-09-15T00:00:00Z,2026-09-19T23:59:59.999Z,1,0,-2,WolverineShop,Marvel,197,tileGrid,Size_1_x_1,,0,,2,br,Backpack_DarkAzalea,Clone Pod,backpack,marvel,MARVEL SERIES,X-23,3,4,2022-10-08T17:05:51Z
2026-09-15,v2:/ceaf4ace49be891bd3cff0769f2868610c126d8fc925fb9638ceeb473f80a5f2,[VIRTUAL]1 x Headpool for 400 MtxCurrency,400,400,0,0.0,0,2026-09-15T00:00:00Z,2026-09-19T23:59:59.999Z,1,0,-1,,,,,Size_2_x_1,,0,,1,br,Backpack_DriedSilk,Headpool,backpack,marvel,MARVEL SERIES,Deadpool & Wolverine,5,3,2024-07-26T15:47:44Z
2026-09-15,v2:/1e3ded3231a6d3794f5d6baeac910a5453f93911098fd9486c7429c575410e11,"[VIRTUAL]1 x Bull Shark, 1 x Shark's Tank for -1 MtxCurrency",1200,1200,0,0.0,0,2026-09-14T00:00:00Z,2026-09-17T23:59:59.999Z,1,0,-2,FND091526,Spotlight Drops,184,tileGrid,Size_1_x_1,,0,,2,br,CID_677_Athena_Commando_M_SharkAttack,Bull Shark,outfit,rare,,Fathoms Deep,2,1,2020-01-15T09:35:51Z
2026-09-15,v2:/1e3ded3231a6d3794f5d6baeac910a5453f93911098fd9486c7429c575410e11,"[VIRTUAL]1 x Bull Shark, 1 x Shark's Tank for -1 MtxCurrency",1200,1200,0,0.0,0,2026-09-14T00:00:00Z,2026-09-17T23:59:59.999Z,1,0,-2,FND091526,Spotlight Drops,184,tileGrid,Size_1_x_1,,0,,2,br,BID_460_SharkAttack,Shark's Tank,backpack,rare,,Fathoms Deep,2,1,2020-01-15T09:35:49Z
2026-09-15,v2:/76ac446e130eb40e3dba9a3d49884a520af4331c8e8f61f74ff1351f0172326d,[VIRTUAL]1 x Give Me Everything for 500 MtxCurrency,500,500,0,0.0,0,2026-09-01T00:00:00Z,2026-09-30T23:59:59.999Z,1,0,-7,JT091426,Jam Tracks,182,expandableList,Size_1_x_1,,0,,1,track,sid_placeholder_249,Give Me Everything,,,,,,,2024-06-06T13:32:50Z
2026-09-15,v2:/7c15250cbd36a0bc486e97c3a84424b4b7395e9d83e3dcf6caddfda96678ab1e,[VIRTUAL]1 x The Unforgiven for 500 MtxCurrency,500,500,0,0.0,0,2026-09-01T00:00:00Z,2026-09-30T23:59:59.999Z,1,0,-83,JT091426,Jam Tracks,182,expandableList,Size_1_x_1,,0,,1,track,sid_placeholder_228,The Unforgiven,,,,,,,2024-06-13T08:00:00Z
2026-09-15,v2:/77403b987a63fecce0468cfef0e48b3c057542cae4506c917ff79a1e7c7bf320,[VIRTUAL]1 x Traveler-Class Tekpack for 300 MtxCurrency,300,300,0,0.0,0,2026-09-15T00:00:00Z,2026-09-15T23:59:59.999Z,1,0,-2,,,,,Size_1_x_1,,0,,1,br,Backpack_BrightIon,Traveler-Class Tekpack,backpack,rare,,Neutron Repair,5,1,2024-01-23T13:34:48Z
2026-09-15,v2:/befcd9670d2d891b173a5209995d243be307431ecd89ac45f1105f672458860c,[VIRTUAL]1 x X-23's Adamantium Claws for 800 MtxCurrency,800,800,0,0.0,0,2026-09-15T00:00:00Z,2026-09-19T23:59:59.999Z,1,0,-3,WolverineShop,Marvel,197,tileGrid,Size_1_x_1,,0,,1,br,Pickaxe_DarkAzalea,X-23's Adamantium Claws,pickaxe,marvel,MARVEL SERIES,X-23,3,4,2022-10-08T17:05:51Z
2026-09-15,v2:/b30a79c312406f53e52d55f6a8ee30ac33ec28672de9522413c9c0a2c76f2f62,[VIRTUAL]1 x Meg for 800 MtxCurrency,800,800,0,0.0,0,2026-09-15T00:00:00Z,2026-09-16T23:59:59.999Z,1,0,-2,BR091526,Full Flex,186,tileGrid,Size_2_x_1,,0,,1,br,Character_FashionFeline,Meg,outfit,epic,,Meowscles of a Boxer,6,5,2025-10-02T12:10:53Z
2026-09-15,v2:/1c2985629fbf795994d33c2066e5aa8ea8440d2dac28177830e5c0a8e2cf4d6f,[VIRTUAL]1 x i for 500 MtxCurrency,500,500,0,0.0,0,2026-09-01T00:00:00Z,2026-09-30T23:59:59.999Z,1,0,-43,JT091426,Jam Tracks,182,expandableList,Size_1_x_1,,0,,1,track,sid_placeholder_110,i,,,,,,,2023-12-09T15:00:00Z
2026-09-15,v2:/3497ce3b54950bf81922aeb48ccd9edfd178b76757718b19f1d784088804d89c,[VIRTUAL]1 x Weapon X Claws for 800 MtxCurrency,800,800,0,0.0,0,2026-09-15T00:00:00Z,2026-09-19T23:59:59.999Z,1,0,-1,,,,,Size_1_x_1,,0,,1,br,Pickaxe_HydroBottle,Weapon X Claws,pickaxe,marvel,MARVEL SERIES,Weapon X,5,3,2024-07-03T00:00:00Z
2026-09-15,v2:/dfb15e16b2453de00affce68fe9bedf026f23b57bd27bb8a5f4f9d1cdbd08b52,[VIRTUAL]1 x Ratty Speedbag for 300 MtxCurrency,300,300,0,0.0,0,2026-09-15T00:00:00Z,2026-09-16T23:59:59.999Z,1,0,-1,BR091526,Full Flex,186,tileGrid,Size_1_x_1,,0,,1,br,Backpack_FashionFeline,Ratty Speedbag,backpack,rare,,Meowscles of a Boxer,6,5,2025-10-02T12:10:53Z
2026-09-15,v2:/abed30f2437184cdcfbf3575048b58ba6e907a70afed008f6543e8fd576b60e2,[VIRTUAL]1 x TBD (SID_Placeholder_753) for 500 MtxCurrency,500,500,0,0.0,0,2026-09-11T00:00:00Z,2026-09-17T23:59:59.999Z,1,0,-2,JT091426,Jam Tracks,182,tileGrid,Size_1_x_1,,0,,1,track,sid_placeholder_753,So Far So Fake,,,,,,,2026-02-26T18:54:59Z
2026-09-15,v2:/b1204fbf47e444561e11f1d56e5f6a9ee578d288217cb2fbee2bcd97411311fe,[VIRTUAL]1 x TBD (SID_Placeholder_742) for 500 MtxCurrency,500,500,0,0.0,0,2026-09-01T00:00:00Z,2026-09-30T23:59:59.999Z,1,0,-13,JT091426,Jam Tracks,182,expandableList,Size_1_x_1,,0,,1,track,sid_placeholder_742,Never Meant,,,,,,,2026-02-04T16:58:53Z
2026-09-15,v2:/c2c4f798e0efd721bc16e5a493a7bb3eae95fbcb9df059cc3241a5615c959699,[VIRTUAL]1 x Slingshot for 800 MtxCurrency,800,800,0,0.0,0,2026-09-15T00:00:00Z,2026-09-21T23:59:59.999Z,1,0,-2,NS091526,No Sweat,192,tileGrid,Size_1_x_1,,0,,1,br,CID_552_Athena_Commando_F_TaxiUpgrade,Slingshot,outfit,uncommon,,Racer Royale,1,X,2019-11-20T12:49:48Z
2026-09-15,v2:/efe1abe95e9eb97dd8c6149571d74a44fc0031092cc56c8f7d042042098bf18b,[VIRTUAL]1 x Broccoli for 500 MtxCurrency,500,500,0,0.0,0,2026-09-01T00:00:00Z,2026-09-30T23:59:59.999Z,1,0,-75,JT091426,Jam Tracks,182,expandableList,Size_1_x_1,,0,,1,track,sid_placeholder_284,Broccoli,,,,,,,2024-08-29T13:33:26Z
2026-09-15,v2:/17050da3a8bfc27147a1899c0098de186497b0105bb8e46c07bec4ffad3ab80e,[VIRTUAL]1 x Wolverine Dropper for 800 MtxCurrency,800,800,0,0.0,0,2026-09-15T00:00:00Z,2026-09-19T23:59:59.999Z,1,0,-1,WolverineShop,Marvel,197,tileGrid,Size_1_x_1,,0,,1,br,Glider_OliveStomp,Wolverine Dropper,glider,marvel,MARVEL SERIES,Deadpool & Wolverine,5,3,2024-07-26T15:47:44Z
2026-09-15,v2:/f2efd9a8739df55ea9dfd1411a5364af96acc5faabccef1010d6dac6248605c1,[VIRTUAL]1 x Toxic for 500 MtxCurrency,500,500,0,0.0,0,2026-09-01T00:00:00Z,2026-09-30T23:59:59.999Z,1,0,-36,JT091426,Jam Tracks,182,expandableList,Size_1_x_1,,0,,1,track,sid_placeholder_340,Toxic,,,,,,,2024-09-27T00:00:00Z
2026-09-15,v2:/7cdbcb37e7ed5d831062864d9e87de5a1b327fd19d93ae48c04dc4173af5450e,[VIRTUAL]1 x TBD (SID_Placeholder_708) for 500 MtxCurrency,500,500,0,0.0,0,2026-09-01T00:00:00Z,2026-09-30T23:59:59.999Z,1,0,-8,JT091426,Jam Tracks,182,expandableList,Size_1_x_1,,0,,1,track,sid_placeholder_708,Sky,,,,,,,2025-12-11T17:20:09Z
2026-09-15,v2:/0a84ae24480f24edecf08967023782ad2be954c074c0d705c4d2a3902f387581,[VIRTUAL]1 x Barbarian for 500 MtxCurrency,500,500,0,0.0,0,2026-09-01T00:00:00Z,2026-09-30T23:59:59.999Z,1,0,-87,JT091426,Jam Tracks,182,expandableList,Size_1_x_1,,0,,1,track,sid_placeholder_430,Barbarian,,,,,,,2024-12-01T01:00:00Z
2026-09-15,v2:/432a32ef9933cfaafe1001a55176b1c061df6cf584165a74a4d62e1f38be9f89,[VIRTUAL]1 x TBD (SID_Placeholder_765) for 500 MtxCurrency,500,500,0,0.0,0,2026-09-01T00:00:00Z,2026-09-30T23:59:59.999Z,1,0,-25,JT091426,Jam Tracks,182,expandableList,Size_1_x_1,,0,,1,track,sid_placeholder_765,From the Start,,,,,,,2026-04-16T08:01:05Z
2026-09-15,v2:/a5900c9d91e591bf5705bcf3cc4fa2490afa3bcf859fb73bb9ab1d28ab98ab35,[VIRTUAL]1 x Buster Cannon Blades for 800 MtxCurrency,800,800,0,0.0,0,2026-09-11T00:00:00Z,2026-09-20T23:59:59.999Z,1,0,-3,Megaman,Mega Man,193,tileGrid,Size_1_x_1,,0,,1,br,Pickaxe_DuneBriefShift,Buster Cannon Blades,pickaxe,gaminglegends,Gaming Legends Series,Mega Man,7,4,2026-09-07T20:23:20Z
2026-09-15,v2:/a483a68c9faf8da2249671eb1c30860b7fbc72a193ce75b53b246c474405b1cf,[VIRTUAL]1 x Closer for 500 MtxCurrency,500,500,0,0.0,0,2026-09-01T00:00:00Z,2026-09-30T23:59:59.999Z,1,0,-89,JT091426,Jam Tracks,182,expandableList,Size_1_x_1,,0,,1,track,sid_placeholder_62,Closer,,,,,,,2024-02-29T00:02:26Z
2026-09-15,v2:/dcfa394045dfc57cff5d9b7806c7b960dd9d7a61dd3744f1fb832aeec5379988,[VIRTUAL]1 x TBD (SID_Placeholder_825) for 500 MtxCurrency,500,500,0,0.0,0,2026-09-11T00:00:00Z,2026-09-17T23:59:59.999Z,1,0,-4,JT091426,Jam Tracks,182,tileGrid,Size_1_x_1,,0,,1,track,sid_placeholder_825,Big Feeling,,,,,,,2026-07-07T14:30:51Z
2026-09-15,v2:/700e851dbbe3da5033b5e0874ec2ce072921a07498f863c3dbe24a095dfe3ef3,"[VIRTUAL]1 x Starflare, 1 x Universal Bloom for -1 MtxCurrency",1500,1500,0,0.0,0,2026-09-15T00:00:00Z,2026-09-21T23:59:59.999Z,1,0,-4,BR091526,Full Flex,186,tileGrid,Size_1_x_1,,0,,2,br,CID_808_Athena_Commando_F_ConstellationSun,Starflare,outfit,epic,,Space Fire,2,3,2020-06-30T06:09:08Z
2026-09-15,v2:/700e851dbbe3da5033b5e0874ec2ce072921a07498f863c3dbe24a095dfe3ef3,"[VIRTUAL]1 x Starflare, 1 x Universal Bloom for -1 MtxCurrency",1500,1500,0,0.0,0,2026-09-15T00:00:00Z,2026-09-21T23:59:59.999Z,1,0,-4,BR091526,Full Flex,186,tileGrid,Size_1_x_1,,0,,2,br,BID_552_ConstellationSun,Universal Bloom,backpack,epic,,Space Fire,2,3,2020-06-30T06:09:08Z
2026-09-15,v2:/520ab5bd6b1d51d7ce21be523d695940d0ede6886dc9eacc05ed248900456219,"[VIRTUAL]1 x Wolverine (Pen & Ink), 1 x Wade's Prank, 1 x Wolverine's Claws, 1 x SNIKT-ing Go Time, 1 x Wolverine Dropper, 1 x Classic Yellow & Blue, 1 x Wolverine's Axe, 1 x Deadpool (Pen & Ink), 1 x Headpool, 1 x DP's Katanas, 1 x What!? No Way!, 1 x Deadpool Dropper, 1 x Wrap-pool, 1 x DP's Bass, 1 x DP's Bass, 1 x DP's Bass, 1 x Wolverine's Axe, 1 x Wolverine's Axe for -1 MtxCurrency",7600,3600,4000,0.5263,1,2026-09-15T00:00:00Z,2026-09-19T23:59:59.999Z,1,0,-1,WolverineShop,Marvel,197,tileGrid,Size_2_x_1,,1,Deadpool & Wolverine Bundle,18,br,Character_OliveStomp,Wolverine (Pen & Ink),outfit,marvel,MARVEL SERIES,Deadpool & Wolverine,5,3,2024-07-26T15:47:44Z
2026-09-15,v2:/520ab5bd6b1d51d7ce21be523d695940d0ede6886dc9eacc05ed248900456219,"[VIRTUAL]1 x Wolverine (Pen & Ink), 1 x Wade's Prank, 1 x Wolverine's Claws, 1 x SNIKT-ing Go Time, 1 x Wolverine Dropper, 1 x Classic Yellow & Blue, 1 x Wolverine's Axe, 1 x Deadpool (Pen & Ink), 1 x Headpool, 1 x DP's Katanas, 1 x What!? No Way!, 1 x Deadpool Dropper, 1 x Wrap-pool, 1 x DP's Bass, 1 x DP's Bass, 1 x DP's Bass, 1 x Wolverine's Axe, 1 x Wolverine's Axe for -1 MtxCurrency",7600,3600,4000,0.5263,1,2026-09-15T00:00:00Z,2026-09-19T23:59:59.999Z,1,0,-1,WolverineShop,Marvel,197,tileGrid,Size_2_x_1,,1,Deadpool & Wolverine Bundle,18,br,Backpack_OliveStomp,Wade's Prank,backpack,marvel,MARVEL SERIES,Deadpool & Wolverine,5,3,2024-07-26T15:47:44Z
2026-09-15,v2:/520ab5bd6b1d51d7ce21be523d695940d0ede6886dc9eacc05ed248900456219,"[VIRTUAL]1 x Wolverine (Pen & Ink), 1 x Wade's Prank, 1 x Wolverine's Claws, 1 x SNIKT-ing Go Time, 1 x Wolverine Dropper, 1 x Classic Yellow & Blue, 1 x Wolverine's Axe, 1 x Deadpool (Pen & Ink), 1 x Headpool, 1 x DP's Katanas, 1 x What!? No Way!, 1 x Deadpool Dropper, 1 x Wrap-pool, 1 x DP's Bass, 1 x DP's Bass, 1 x DP's Bass, 1 x Wolverine's Axe, 1 x Wolverine's Axe for -1 MtxCurrency",7600,3600,4000,0.5263,1,2026-09-15T00:00:00Z,2026-09-19T23:59:59.999Z,1,0,-1,WolverineShop,Marvel,197,tileGrid,Size_2_x_1,,1,Deadpool & Wolverine Bundle,18,br,Pickaxe_OliveStomp,Wolverine's Claws,pickaxe,marvel,MARVEL SERIES,Deadpool & Wolverine,5,3,2024-07-26T15:47:44Z
2026-09-15,v2:/520ab5bd6b1d51d7ce21be523d695940d0ede6886dc9eacc05ed248900456219,"[VIRTUAL]1 x Wolverine (Pen & Ink), 1 x Wade's Prank, 1 x Wolverine's Claws, 1 x SNIKT-ing Go Time, 1 x Wolverine Dropper, 1 x Classic Yellow & Blue, 1 x Wolverine's Axe, 1 x Deadpool (Pen & Ink), 1 x Headpool, 1 x DP's Katanas, 1 x What!? No Way!, 1 x Deadpool Dropper, 1 x Wrap-pool, 1 x DP's Bass, 1 x DP's Bass, 1 x DP's Bass, 1 x Wolverine's Axe, 1 x Wolverine's Axe for -1 MtxCurrency",7600,3600,4000,0.5263,1,2026-09-15T00:00:00Z,2026-09-19T23:59:59.999Z,1,0,-1,WolverineShop,Marvel,197,tileGrid,Size_2_x_1,,1,Deadpool & Wolverine Bundle,18,br,EID_OliveStomp,SNIKT-ing Go Time,emote,marvel,MARVEL SERIES,Deadpool & Wolverine,5,3,2024-07-26T15:47:44Z
2026-09-15,v2:/520ab5bd6b1d51d7ce21be523d695940d0ede6886dc9eacc05ed248900456219,"[VIRTUAL]1 x Wolverine (Pen & Ink), 1 x Wade's Prank, 1 x Wolverine's Claws, 1 x SNIKT-ing Go Time, 1 x Wolverine Dropper, 1 x Classic Yellow & Blue, 1 x Wolverine's Axe, 1 x Deadpool (Pen & Ink), 1 x Headpool, 1 x DP's Katanas, 1 x What!? No Way!, 1 x Deadpool Dropper, 1 x Wrap-pool, 1 x DP's Bass, 1 x DP's Bass, 1 x DP's Bass, 1 x Wolverine's Axe, 1 x Wolverine's Axe for -1 MtxCurrency",7600,3600,4000,0.5263,1,2026-09-15T00:00:00Z,2026-09-19T23:59:59.999Z,1,0,-1,WolverineShop,Marvel,197,tileGrid,Size_2_x_1,,1,Deadpool & Wolverine Bundle,18,br,Glider_OliveStomp,Wolverine Dropper,glider,marvel,MARVEL SERIES,Deadpool & Wolverine,5,3,2024-07-26T15:47:44Z
2026-09-15,v2:/520ab5bd6b1d51d7ce21be523d695940d0ede6886dc9eacc05ed248900456219,"[VIRTUAL]1 x Wolverine (Pen & Ink), 1 x Wade's Prank, 1 x Wolverine's Claws, 1 x SNIKT-ing Go Time, 1 x Wolverine Dropper, 1 x Classic Yellow & Blue, 1 x Wolverine's Axe, 1 x Deadpool (Pen & Ink), 1 x Headpool, 1 x DP's Katanas, 1 x What!? No Way!, 1 x Deadpool Dropper, 1 x Wrap-pool, 1 x DP's Bass, 1 x DP's Bass, 1 x DP's Bass, 1 x Wolverine's Axe, 1 x Wolverine's Axe for -1 MtxCurrency",7600,3600,4000,0.5263,1,2026-09-15T00:00:00Z,2026-09-19T23:59:59.999Z,1,0,-1,WolverineShop,Marvel,197,tileGrid,Size_2_x_1,,1,Deadpool & Wolverine Bundle,18,br,Wrap_OliveStomp,Classic Yellow & Blue,wrap,marvel,MARVEL SERIES,Deadpool & Wolverine,5,3,2024-07-26T15:47:44Z
2026-09-15,v2:/520ab5bd6b1d51d7ce21be523d695940d0ede6886dc9eacc05ed248900456219,"[VIRTUAL]1 x Wolverine (Pen & Ink), 1 x Wade's Prank, 1 x Wolverine's Claws, 1 x SNIKT-ing Go Time, 1 x Wolverine Dropper, 1 x Classic Yellow & Blue, 1 x Wolverine's Axe, 1 x Deadpool (Pen & Ink), 1 x Headpool, 1 x DP's Katanas, 1 x What!? No Way!, 1 x Deadpool Dropper, 1 x Wrap-pool, 1 x DP's Bass, 1 x DP's Bass, 1 x DP's Bass, 1 x Wolverine's Axe, 1 x Wolverine's Axe for -1 MtxCurrency",7600,3600,4000,0.5263,1,2026-09-15T00:00:00Z,2026-09-19T23:59:59.999Z,1,0,-1,WolverineShop,Marvel,197,tileGrid,Size_2_x_1,,1,Deadpool & Wolverine Bundle,18,br,Character_DriedSilk,Deadpool (Pen & Ink),outfit,marvel,MARVEL SERIES,Deadpool & Wolverine,5,3,2024-07-26T15:47:44Z
2026-09-15,v2:/520ab5bd6b1d51d7ce21be523d695940d0ede6886dc9eacc05ed248900456219,"[VIRTUAL]1 x Wolverine (Pen & Ink), 1 x Wade's Prank, 1 x Wolverine's Claws, 1 x SNIKT-ing Go Time, 1 x Wolverine Dropper, 1 x Classic Yellow & Blue, 1 x Wolverine's Axe, 1 x Deadpool (Pen & Ink), 1 x Headpool, 1 x DP's Katanas, 1 x What!? No Way!, 1 x Deadpool Dropper, 1 x Wrap-pool, 1 x DP's Bass, 1 x DP's Bass, 1 x DP's Bass, 1 x Wolverine's Axe, 1 x Wolverine's Axe for -1 MtxCurrency",7600,3600,4000,0.5263,1,2026-09-15T00:00:00Z,2026-09-19T23:59:59.999Z,1,0,-1,WolverineShop,Marvel,197,tileGrid,Size_2_x_1,,1,Deadpool & Wolverine Bundle,18,br,Backpack_DriedSilk,Headpool,backpack,marvel,MARVEL SERIES,Deadpool & Wolverine,5,3,2024-07-26T15:47:44Z
2026-09-15,v2:/520ab5bd6b1d51d7ce21be523d695940d0ede6886dc9eacc05ed248900456219,"[VIRTUAL]1 x Wolverine (Pen & Ink), 1 x Wade's Prank, 1 x Wolverine's Claws, 1 x SNIKT-ing Go Time, 1 x Wolverine Dropper, 1 x Classic Yellow & Blue, 1 x Wolverine's Axe, 1 x Deadpool (Pen & Ink), 1 x Headpool, 1 x DP's Katanas, 1 x What!? No Way!, 1 x Deadpool Dropper, 1 x Wrap-pool, 1 x DP's Bass, 1 x DP's Bass, 1 x DP's Bass, 1 x Wolverine's Axe, 1 x Wolverine's Axe for -1 MtxCurrency",7600,3600,4000,0.5263,1,2026-09-15T00:00:00Z,2026-09-19T23:59:59.999Z,1,0,-1,WolverineShop,Marvel,197,tileGrid,Size_2_x_1,,1,Deadpool & Wolverine Bundle,18,br,Pickaxe_DriedSilk,DP's Katanas,pickaxe,marvel,MARVEL SERIES,Deadpool & Wolverine,5,3,2024-07-26T15:47:44Z
2026-09-15,v2:/520ab5bd6b1d51d7ce21be523d695940d0ede6886dc9eacc05ed248900456219,"[VIRTUAL]1 x Wolverine (Pen & Ink), 1 x Wade's Prank, 1 x Wolverine's Claws, 1 x SNIKT-ing Go Time, 1 x Wolverine Dropper, 1 x Classic Yellow & Blue, 1 x Wolverine's Axe, 1 x Deadpool (Pen & Ink), 1 x Headpool, 1 x DP's Katanas, 1 x What!? No Way!, 1 x Deadpool Dropper, 1 x Wrap-pool, 1 x DP's Bass, 1 x DP's Bass, 1 x DP's Bass, 1 x Wolverine's Axe, 1 x Wolverine's Axe for -1 MtxCurrency",7600,3600,4000,0.5263,1,2026-09-15T00:00:00Z,2026-09-19T23:59:59.999Z,1,0,-1,WolverineShop,Marvel,197,tileGrid,Size_2_x_1,,1,Deadpool & Wolverine Bundle,18,br,EID_DriedSilk,What!? No Way!,emote,marvel,MARVEL SERIES,Deadpool & Wolverine,5,3,2024-07-26T15:47:44Z
2026-09-15,v2:/520ab5bd6b1d51d7ce21be523d695940d0ede6886dc9eacc05ed248900456219,"[VIRTUAL]1 x Wolverine (Pen & Ink), 1 x Wade's Prank, 1 x Wolverine's Claws, 1 x SNIKT-ing Go Time, 1 x Wolverine Dropper, 1 x Classic Yellow & Blue, 1 x Wolverine's Axe, 1 x Deadpool (Pen & Ink), 1 x Headpool, 1 x DP's Katanas, 1 x What!? No Way!, 1 x Deadpool Dropper, 1 x Wrap-pool, 1 x DP's Bass, 1 x DP's Bass, 1 x DP's Bass, 1 x Wolverine's Axe, 1 x Wolverine's Axe for -1 MtxCurrency",7600,3600,4000,0.5263,1,2026-09-15T00:00:00Z,2026-09-19T23:59:59.999Z,1,0,-1,WolverineShop,Marvel,197,tileGrid,Size_2_x_1,,1,Deadpool & Wolverine Bundle,18,br,Glider_DriedSilk,Deadpool Dropper,glider,marvel,MARVEL SERIES,Deadpool & Wolverine,5,3,2024-07-26T15:47:44Z
2026-09-15,v2:/520ab5bd6b1d51d7ce21be523d695940d0ede6886dc9eacc05ed248900456219,"[VIRTUAL]1 x Wolverine (Pen & Ink), 1 x Wade's Prank, 1 x Wolverine's Claws, 1 x SNIKT-ing Go Time, 1 x Wolverine Dropper, 1 x Classic Yellow & Blue, 1 x Wolverine's Axe, 1 x Deadpool (Pen & Ink), 1 x Headpool, 1 x DP's Katanas, 1 x What!? No Way!, 1 x Deadpool Dropper, 1 x Wrap-pool, 1 x DP's Bass, 1 x DP's Bass, 1 x DP's Bass, 1 x Wolverine's Axe, 1 x Wolverine's Axe for -1 MtxCurrency",7600,3600,4000,0.5263,1,2026-09-15T00:00:00Z,2026-09-19T23:59:59.999Z,1,0,-1,WolverineShop,Marvel,197,tileGrid,Size_2_x_1,,1,Deadpool & Wolverine Bundle,18,br,Wrap_DriedSilk,Wrap-pool,wrap,marvel,MARVEL SERIES,Deadpool & Wolverine,5,3,2024-07-26T15:47:44Z
2026-09-15,v2:/520ab5bd6b1d51d7ce21be523d695940d0ede6886dc9eacc05ed248900456219,"[VIRTUAL]1 x Wolverine (Pen & Ink), 1 x Wade's Prank, 1 x Wolverine's Claws, 1 x SNIKT-ing Go Time, 1 x Wolverine Dropper, 1 x Classic Yellow & Blue, 1 x Wolverine's Axe, 1 x Deadpool (Pen & Ink), 1 x Headpool, 1 x DP's Katanas, 1 x What!? No Way!, 1 x Deadpool Dropper, 1 x Wrap-pool, 1 x DP's Bass, 1 x DP's Bass, 1 x DP's Bass, 1 x Wolverine's Axe, 1 x Wolverine's Axe for -1 MtxCurrency",7600,3600,4000,0.5263,1,2026-09-15T00:00:00Z,2026-09-19T23:59:59.999Z,1,0,-1,WolverineShop,Marvel,197,tileGrid,Size_2_x_1,,1,Deadpool & Wolverine Bundle,18,br,Backpack_DriedSilk_Bass,DP's Bass,backpack,marvel,MARVEL SERIES,Deadpool & Wolverine,,,2025-03-10T00:00:00Z
2026-09-15,v2:/520ab5bd6b1d51d7ce21be523d695940d0ede6886dc9eacc05ed248900456219,"[VIRTUAL]1 x Wolverine (Pen & Ink), 1 x Wade's Prank, 1 x Wolverine's Claws, 1 x SNIKT-ing Go Time, 1 x Wolverine Dropper, 1 x Classic Yellow & Blue, 1 x Wolverine's Axe, 1 x Deadpool (Pen & Ink), 1 x Headpool, 1 x DP's Katanas, 1 x What!? No Way!, 1 x Deadpool Dropper, 1 x Wrap-pool, 1 x DP's Bass, 1 x DP's Bass, 1 x DP's Bass, 1 x Wolverine's Axe, 1 x Wolverine's Axe for -1 MtxCurrency",7600,3600,4000,0.5263,1,2026-09-15T00:00:00Z,2026-09-19T23:59:59.999Z,1,0,-1,WolverineShop,Marvel,197,tileGrid,Size_2_x_1,,1,Deadpool & Wolverine Bundle,18,br,Pickaxe_DriedSilk_Bass,DP's Bass,pickaxe,marvel,MARVEL SERIES,Deadpool & Wolverine,,,2025-03-10T00:00:00Z
2026-09-15,v2:/520ab5bd6b1d51d7ce21be523d695940d0ede6886dc9eacc05ed248900456219,"[VIRTUAL]1 x Wolverine (Pen & Ink), 1 x Wade's Prank, 1 x Wolverine's Claws, 1 x SNIKT-ing Go Time, 1 x Wolverine Dropper, 1 x Classic Yellow & Blue, 1 x Wolverine's Axe, 1 x Deadpool (Pen & Ink), 1 x Headpool, 1 x DP's Katanas, 1 x What!? No Way!, 1 x Deadpool Dropper, 1 x Wrap-pool, 1 x DP's Bass, 1 x DP's Bass, 1 x DP's Bass, 1 x Wolverine's Axe, 1 x Wolverine's Axe for -1 MtxCurrency",7600,3600,4000,0.5263,1,2026-09-15T00:00:00Z,2026-09-19T23:59:59.999Z,1,0,-1,WolverineShop,Marvel,197,tileGrid,Size_2_x_1,,1,Deadpool & Wolverine Bundle,18,br,Backpack_OliveStomp_Guitar,Wolverine's Axe,backpack,marvel,MARVEL SERIES,Deadpool & Wolverine,,,2025-03-10T00:00:00Z
2026-09-15,v2:/520ab5bd6b1d51d7ce21be523d695940d0ede6886dc9eacc05ed248900456219,"[VIRTUAL]1 x Wolverine (Pen & Ink), 1 x Wade's Prank, 1 x Wolverine's Claws, 1 x SNIKT-ing Go Time, 1 x Wolverine Dropper, 1 x Classic Yellow & Blue, 1 x Wolverine's Axe, 1 x Deadpool (Pen & Ink), 1 x Headpool, 1 x DP's Katanas, 1 x What!? No Way!, 1 x Deadpool Dropper, 1 x Wrap-pool, 1 x DP's Bass, 1 x DP's Bass, 1 x DP's Bass, 1 x Wolverine's Axe, 1 x Wolverine's Axe for -1 MtxCurrency",7600,3600,4000,0.5263,1,2026-09-15T00:00:00Z,2026-09-19T23:59:59.999Z,1,0,-1,WolverineShop,Marvel,197,tileGrid,Size_2_x_1,,1,Deadpool & Wolverine Bundle,18,br,Pickaxe_OliveStomp_Guitar,Wolverine's Axe,pickaxe,marvel,MARVEL SERIES,Deadpool & Wolverine,,,2025-03-10T00:00:00Z
2026-09-15,v2:/520ab5bd6b1d51d7ce21be523d695940d0ede6886dc9eacc05ed248900456219,"[VIRTUAL]1 x Wolverine (Pen & Ink), 1 x Wade's Prank, 1 x Wolverine's Claws, 1 x SNIKT-ing Go Time, 1 x Wolverine Dropper, 1 x Classic Yellow & Blue, 1 x Wolverine's Axe, 1 x Deadpool (Pen & Ink), 1 x Headpool, 1 x DP's Katanas, 1 x What!? No Way!, 1 x Deadpool Dropper, 1 x Wrap-pool, 1 x DP's Bass, 1 x DP's Bass, 1 x DP's Bass, 1 x Wolverine's Axe, 1 x Wolverine's Axe for -1 MtxCurrency",7600,3600,4000,0.5263,1,2026-09-15T00:00:00Z,2026-09-19T23:59:59.999Z,1,0,-1,WolverineShop,Marvel,197,tileGrid,Size_2_x_1,,1,Deadpool & Wolverine Bundle,18,instrument,Sparks_Guitar_OliveStomp,Wolverine's Axe,guitar,marvel,MARVEL SERIES,,,,2024-07-26T15:47:11Z
2026-09-15,v2:/520ab5bd6b1d51d7ce21be523d695940d0ede6886dc9eacc05ed248900456219,"[VIRTUAL]1 x Wolverine (Pen & Ink), 1 x Wade's Prank, 1 x Wolverine's Claws, 1 x SNIKT-ing Go Time, 1 x Wolverine Dropper, 1 x Classic Yellow & Blue, 1 x Wolverine's Axe, 1 x Deadpool (Pen & Ink), 1 x Headpool, 1 x DP's Katanas, 1 x What!? No Way!, 1 x Deadpool Dropper, 1 x Wrap-pool, 1 x DP's Bass, 1 x DP's Bass, 1 x DP's Bass, 1 x Wolverine's Axe, 1 x Wolverine's Axe for -1 MtxCurrency",7600,3600,4000,0.5263,1,2026-09-15T00:00:00Z,2026-09-19T23:59:59.999Z,1,0,-1,WolverineShop,Marvel,197,tileGrid,Size_2_x_1,,1,Deadpool & Wolverine Bundle,18,instrument,Sparks_Bass_DriedSilk,DP's Bass,bass,marvel,MARVEL SERIES,,,,2024-07-26T15:47:11Z
2026-09-15,v2:/1b5f44f6010c0b09e3705bafe78569abac94d4ac6f9c4725ad9513b2cc9737a9,"[VIRTUAL]1 x Lil Wayne, 1 x Milli Bricks for -1 MtxCurrency",1500,1500,0,0.0,0,2026-09-13T00:00:00Z,2026-09-22T23:59:59.999Z,1,0,-1,LilWayneNo/Violators,Lil Wayne,196,tileGrid,Size_2_x_1,,0,,2,br,Character_NoiseClueLurch,Lil Wayne,outfit,icon,Icon Series,Lil Wayne,7,4,2026-09-10T16:36:49Z
2026-09-15,v2:/1b5f44f6010c0b09e3705bafe78569abac94d4ac6f9c4725ad9513b2cc9737a9,"[VIRTUAL]1 x Lil Wayne, 1 x Milli Bricks for -1 MtxCurrency",1500,1500,0,0.0,0,2026-09-13T00:00:00Z,2026-09-22T23:59:59.999Z,1,0,-1,LilWayneNo/Violators,Lil Wayne,196,tileGrid,Size_2_x_1,,0,,2,br,Backpack_NoiseClueLurch,Milli Bricks,backpack,icon,Icon Series,Lil Wayne,7,4,2026-09-10T16:36:49Z
2026-09-15,v2:/934b2ec50fc3b7522ef8778d6da67809086597881be11c73ce1b7a8be913f9c2,[VIRTUAL]1 x Nightmare for 500 MtxCurrency,500,500,0,0.0,0,2026-09-01T00:00:00Z,2026-09-30T23:59:59.999Z,1,0,-54,JT091426,Jam Tracks,182,expandableList,Size_1_x_1,,0,,1,track,sid_placeholder_301,Nightmare,,,,,,,2024-10-17T13:33:26Z
2026-09-15,v2:/2cc665a7afb81f51f20a1c88f53d9d9b4e7ab24a3479b27258269e0ba724bc58,[VIRTUAL]1 x TBD (SID_Placeholder_744) for 500 MtxCurrency,500,500,0,0.0,0,2026-09-01T00:00:00Z,2026-09-30T23:59:59.999Z,1,0,-81,JT091426,Jam Tracks,182,expandableList,Size_1_x_1,,0,,1,track,sid_placeholder_744,Just Pretend,,,,,,,2026-02-11T04:45:25Z
2026-09-15,v2:/d335a9ebe1af3e64dc8440c84129ff89826222d669a670df006f5b827caf4ce9,[VIRTUAL]1 x TBD (SID_Placeholder_870) for 500 MtxCurrency,500,500,0,0.0,0,2026-09-13T00:00:00Z,2026-09-22T23:59:59.999Z,1,0,-2,LilWayneNo/Violators,Lil Wayne,196,tileGrid,Size_1_x_1,,0,,1,track,sid_placeholder_870,Lollipop,,,,,,,2026-09-10T16:15:49Z
2026-09-15,v2:/a4b671b2ebe050e75f14dd686085ad3cf34b3a8ff68b1c91b0e1797340c2d8e4,[VIRTUAL]1 x TBD (SID_Placeholder_528) for 500 MtxCurrency,500,500,0,0.0,0,2026-09-01T00:00:00Z,2026-09-30T23:59:59.999Z,1,0,-23,JT091426,Jam Tracks,182,expandableList,Size_1_x_1,,0,,1,track,sid_placeholder_528,I Want It That Way,,,,,,,2025-03-06T14:32:03Z
2026-09-15,v2:/764851e8bd1337e223a94ac1b30e0f529b1540d9d20dcf1fb7fa644f3ad6f8d3,[VIRTUAL]1 x Stan's Foam Finger for 500 MtxCurrency,500,500,0,0.0,0,2026-09-14T00:00:00Z,2026-09-17T23:59:59.999Z,1,0,-5,TaxiHeel,American Dad!,185,tileGrid,Size_1_x_1,,0,,1,br,Pickaxe_TaxiHeel,Stan's Foam Finger,pickaxe,rare,,American Dad!,7,3,2026-07-02T13:00:56Z
2026-09-15,v2:/12ac21db867d88474e80e8c91702044923c1261aeb28436c87bf823079f5d520,[VIRTUAL]1 x The Diary Of Jane for 500 MtxCurrency,500,500,0,0.0,0,2026-09-01T00:00:00Z,2026-09-30T23:59:59.999Z,1,0,-47,JT091426,Jam Tracks,182,expandableList,Size_1_x_1,,0,,1,track,sid_placeholder_451,The Diary Of Jane,,,,,,,2024-12-19T21:10:30Z
2026-09-15,v2:/b898036a58350b0c6070aa6685d046c5466e811213e2e51ecfe5964b34c4d795,"[VIRTUAL]1 x Ichigo Kurosaki (Bankai), 1 x BMW M4 GT3 EVO, 1 x Ichigo Kurosaki (Fully-Hollowfied), 1 x Rukia Kuchiki (Hakka no Togame), 1 x BMW Motorsport, 1 x Lightning, 1 x Flames, 1 x Stripes, 1 x Wings, 1 x BMW M4 GT3 EVO for -1 MtxCurrency",2800,2800,0,0.0,0,2026-09-11T00:00:00Z,2026-09-15T23:59:59.999Z,1,0,-1,BMWm4,BMW M4 GT3 EVO,178,tileGrid,Size_3_x_1,Decals in this bundle are restricted to the BMW M4 GT3 EVO car body.,1,BMW M4 GT3 EVO + BLEACH,10,car,CarSkin_ToppleBlightShield03,Ichigo Kurosaki (Bankai),skin,uncommon,,,,,2025-12-19T14:50:15Z
2026-09-15,v2:/b898036a58350b0c6070aa6685d046c5466e811213e2e51ecfe5964b34c4d795,"[VIRTUAL]1 x Ichigo Kurosaki (Bankai), 1 x BMW M4 GT3 EVO, 1 x Ichigo Kurosaki (Fully-Hollowfied), 1 x Rukia Kuchiki (Hakka no Togame), 1 x BMW Motorsport, 1 x Lightning, 1 x Flames, 1 x Stripes, 1 x Wings, 1 x BMW M4 GT3 EVO for -1 MtxCurrency",2800,2800,0,0.0,0,2026-09-11T00:00:00Z,2026-09-15T23:59:59.999Z,1,0,-1,BMWm4,BMW M4 GT3 EVO,178,tileGrid,Size_3_x_1,Decals in this bundle are restricted to the BMW M4 GT3 EVO car body.,1,BMW M4 GT3 EVO + BLEACH,10,car,CarBody_Topple,BMW M4 GT3 EVO,body,uncommon,BMW SERIES,,,,2025-12-19T14:50:15Z
2026-09-15,v2:/b898036a58350b0c6070aa6685d046c5466e811213e2e51ecfe5964b34c4d795,"[VIRTUAL]1 x Ichigo Kurosaki (Bankai), 1 x BMW M4 GT3 EVO, 1 x Ichigo Kurosaki (Fully-Hollowfied), 1 x Rukia Kuchiki (Hakka no Togame), 1 x BMW Motorsport, 1 x Lightning, 1 x Flames, 1 x Stripes, 1 x Wings, 1 x BMW M4 GT3 EVO for -1 MtxCurrency",2800,2800,0,0.0,0,2026-09-11T00:00:00Z,2026-09-15T23:59:59.999Z,1,0,-1,BMWm4,BMW M4 GT3 EVO,178,tileGrid,Size_3_x_1,Decals in this bundle are restricted to the BMW M4 GT3 EVO car body.,1,BMW M4 GT3 EVO + BLEACH,10,car,CarSkin_ToppleBlightShield01,Ichigo Kurosaki (Fully-Hollowfied),skin,uncommon,,,,,2025-12-19T14:50:15Z
2026-09-15,v2:/b898036a58350b0c6070aa6685d046c5466e811213e2e51ecfe5964b34c4d795,"[VIRTUAL]1 x Ichigo Kurosaki (Bankai), 1 x BMW M4 GT3 EVO, 1 x Ichigo Kurosaki (Fully-Hollowfied), 1 x Rukia Kuchiki (Hakka no Togame), 1 x BMW Motorsport, 1 x Lightning, 1 x Flames, 1 x Stripes, 1 x Wings, 1 x BMW M4 GT3 EVO for -1 MtxCurrency",2800,2800,0,0.0,0,2026-09-11T00:00:00Z,2026-09-15T23:59:59.999Z,1,0,-1,BMWm4,BMW M4 GT3 EVO,178,tileGrid,Size_3_x_1,Decals in this bundle are restricted to the BMW M4 GT3 EVO car body.,1,BMW M4 GT3 EVO + BLEACH,10,car,CarSkin_ToppleBlightShield02,Rukia Kuchiki (Hakka no Togame),skin,uncommon,,,,,2025-12-19T14:50:15Z
2026-09-15,v2:/b898036a58350b0c6070aa6685d046c5466e811213e2e51ecfe5964b34c4d795,"[VIRTUAL]1 x Ichigo Kurosaki (Bankai), 1 x BMW M4 GT3 EVO, 1 x Ichigo Kurosaki (Fully-Hollowfied), 1 x Rukia Kuchiki (Hakka no Togame), 1 x BMW Motorsport, 1 x Lightning, 1 x Flames, 1 x Stripes, 1 x Wings, 1 x BMW M4 GT3 EVO for -1 MtxCurrency",2800,2800,0,0.0,0,2026-09-11T00:00:00Z,2026-09-15T23:59:59.999Z,1,0,-1,BMWm4,BMW M4 GT3 EVO,178,tileGrid,Size_3_x_1,Decals in this bundle are restricted to the BMW M4 GT3 EVO car body.,1,BMW M4 GT3 EVO + BLEACH,10,car,CarSkin_ToppleLivery01,BMW Motorsport,skin,uncommon,BMW SERIES,,,,2025-12-19T14:50:15Z
2026-09-15,v2:/b898036a58350b0c6070aa6685d046c5466e811213e2e51ecfe5964b34c4d795,"[VIRTUAL]1 x Ichigo Kurosaki (Bankai), 1 x BMW M4 GT3 EVO, 1 x Ichigo Kurosaki (Fully-Hollowfied), 1 x Rukia Kuchiki (Hakka no Togame), 1 x BMW Motorsport, 1 x Lightning, 1 x Flames, 1 x Stripes, 1 x Wings, 1 x BMW M4 GT3 EVO for -1 MtxCurrency",2800,2800,0,0.0,0,2026-09-11T00:00:00Z,2026-09-15T23:59:59.999Z,1,0,-1,BMWm4,BMW M4 GT3 EVO,178,tileGrid,Size_3_x_1,Decals in this bundle are restricted to the BMW M4 GT3 EVO car body.,1,BMW M4 GT3 EVO + BLEACH,10,car,CarSkin_ToppleLightning,Lightning,skin,uncommon,BMW SERIES,,,,2025-12-19T14:50:15Z
2026-09-15,v2:/b898036a58350b0c6070aa6685d046c5466e811213e2e51ecfe5964b34c4d795,"[VIRTUAL]1 x Ichigo Kurosaki (Bankai), 1 x BMW M4 GT3 EVO, 1 x Ichigo Kurosaki (Fully-Hollowfied), 1 x Rukia Kuchiki (Hakka no Togame), 1 x BMW Motorsport, 1 x Lightning, 1 x Flames, 1 x Stripes, 1 x Wings, 1 x BMW M4 GT3 EVO for -1 MtxCurrency",2800,2800,0,0.0,0,2026-09-11T00:00:00Z,2026-09-15T23:59:59.999Z,1,0,-1,BMWm4,BMW M4 GT3 EVO,178,tileGrid,Size_3_x_1,Decals in this bundle are restricted to the BMW M4 GT3 EVO car body.,1,BMW M4 GT3 EVO + BLEACH,10,car,CarSkin_ToppleFlames,Flames,skin,uncommon,BMW SERIES,,,,2025-12-19T14:50:15Z
2026-09-15,v2:/b898036a58350b0c6070aa6685d046c5466e811213e2e51ecfe5964b34c4d795,"[VIRTUAL]1 x Ichigo Kurosaki (Bankai), 1 x BMW M4 GT3 EVO, 1 x Ichigo Kurosaki (Fully-Hollowfied), 1 x Rukia Kuchiki (Hakka no Togame), 1 x BMW Motorsport, 1 x Lightning, 1 x Flames, 1 x Stripes, 1 x Wings, 1 x BMW M4 GT3 EVO for -1 MtxCurrency",2800,2800,0,0.0,0,2026-09-11T00:00:00Z,2026-09-15T23:59:59.999Z,1,0,-1,BMWm4,BMW M4 GT3 EVO,178,tileGrid,Size_3_x_1,Decals in this bundle are restricted to the BMW M4 GT3 EVO car body.,1,BMW M4 GT3 EVO + BLEACH,10,car,CarSkin_ToppleStripes,Stripes,skin,uncommon,BMW SERIES,,,,2025-12-19T14:50:15Z
2026-09-15,v2:/b898036a58350b0c6070aa6685d046c5466e811213e2e51ecfe5964b34c4d795,"[VIRTUAL]1 x Ichigo Kurosaki (Bankai), 1 x BMW M4 GT3 EVO, 1 x Ichigo Kurosaki (Fully-Hollowfied), 1 x Rukia Kuchiki (Hakka no Togame), 1 x BMW Motorsport, 1 x Lightning, 1 x Flames, 1 x Stripes, 1 x Wings, 1 x BMW M4 GT3 EVO for -1 MtxCurrency",2800,2800,0,0.0,0,2026-09-11T00:00:00Z,2026-09-15T23:59:59.999Z,1,0,-1,BMWm4,BMW M4 GT3 EVO,178,tileGrid,Size_3_x_1,Decals in this bundle are restricted to the BMW M4 GT3 EVO car body.,1,BMW M4 GT3 EVO + BLEACH,10,car,CarSkin_ToppleWings,Wings,skin,uncommon,BMW SERIES,,,,2025-12-19T14:50:15Z
2026-09-15,v2:/b898036a58350b0c6070aa6685d046c5466e811213e2e51ecfe5964b34c4d795,"[VIRTUAL]1 x Ichigo Kurosaki (Bankai), 1 x BMW M4 GT3 EVO, 1 x Ichigo Kurosaki (Fully-Hollowfied), 1 x Rukia Kuchiki (Hakka no Togame), 1 x BMW Motorsport, 1 x Lightning, 1 x Flames, 1 x Stripes, 1 x Wings, 1 x BMW M4 GT3 EVO for -1 MtxCurrency",2800,2800,0,0.0,0,2026-09-11T00:00:00Z,2026-09-15T23:59:59.999Z,1,0,-1,BMWm4,BMW M4 GT3 EVO,178,tileGrid,Size_3_x_1,Decals in this bundle are restricted to the BMW M4 GT3 EVO car body.,1,BMW M4 GT3 EVO + BLEACH,10,car,Wheel_Topple01,BMW M4 GT3 EVO,wheel,uncommon,BMW SERIES,,,,2025-12-19T14:50:15Z
2026-09-15,v2:/086540d36cc5b1784ec0ad91944dd7f8e1103e2ab016e84b90ab6409e0e1250e,[VIRTUAL]1 x Just Dance for 500 MtxCurrency,500,500,0,0.0,0,2026-09-01T00:00:00Z,2026-09-30T23:59:59.999Z,1,0,-52,JT091426,Jam Tracks,182,expandableList,Size_1_x_1,,0,,1,track,sid_placeholder_80,Just Dance,,,,,,,2024-02-22T09:00:00Z
2026-09-15,v2:/fd1a02a83402d09ed571c9d683677aa835f10de0d2129f022cf25a9eced595c8,[VIRTUAL]1 x Shark's Tank for 300 MtxCurrency,300,300,0,0.0,0,2026-09-14T00:00:00Z,2026-09-17T23:59:59.999Z,1,0,-2,,,,,Size_1_x_1,,0,,1,br,BID_460_SharkAttack,Shark's Tank,backpack,rare,,Fathoms Deep,2,1,2020-01-15T09:35:49Z
2026-09-15,v2:/cab7febb98c398b74df0b678bafa571d4f2dfe996669cbbd70c6a7692c9d757e,[VIRTUAL]1 x Stressed Out for 500 MtxCurrency,500,500,0,0.0,0,2026-09-01T00:00:00Z,2026-09-30T23:59:59.999Z,1,0,-57,JT091426,Jam Tracks,182,expandableList,Size_1_x_1,,0,,1,track,sid_placeholder_40,Stressed Out,,,,,,,2024-05-14T14:56:14Z
2026-09-15,v2:/92103eca3092f972b04d147b563947f01a4b58849c626bfdd5e0fb034fda42b2,[VIRTUAL]1 x Kayaku for 400 MtxCurrency,400,400,0,0.0,0,2026-09-12T00:00:00Z,2026-09-18T23:59:59.999Z,1,0,-5,,,,,Size_1_x_1,,0,,1,br,Backpack_SunbeamQuest,Kayaku,backpack,rare,,Protective Zenko,4,3,2023-06-12T21:47:52Z
2026-09-15,v2:/b7cc5fd9d96f0b360360115b2e01cf075735cc02dce3608796c3fce267565b08,[VIRTUAL]1 x Phantomglaas Blades for 500 MtxCurrency,500,500,0,0.0,0,2026-09-14T00:00:00Z,2026-09-15T23:59:59.999Z,1,0,-3,BR091526,Full Flex,186,tileGrid,Size_1_x_1,,0,,1,br,Pickaxe_SkilledSkull,Phantomglaas Blades,pickaxe,rare,,Anima Survivor,6,5,2025-10-02T12:10:53Z
2026-09-15,v2:/e268419825ec3d39703fecb6fcfafae6e438f32c0a5bb9943fceaa38f2d9ab3a,[VIRTUAL]1 x Mark of Mercy for 500 MtxCurrency,500,500,0,0.0,0,2026-09-12T00:00:00Z,2026-09-16T23:59:59.999Z,1,0,-2,Overwatch,Overwatch,190,tileGrid,Size_1_x_1,,0,,1,br,Wrap_TrackWaver,Mark of Mercy,wrap,gaminglegends,Gaming Legends Series,Overwatch,7,2,2026-05-14T09:00:00Z
2026-09-15,v2:/64a2729f029b2675d271bd2c22e6bd20e9f4598fb4ebf8d349428f64f031c531,[VIRTUAL]1 x Sabertooth Tiger Coin for 300 MtxCurrency,300,300,0,0.0,0,2026-09-12T00:00:00Z,2026-09-15T23:59:59.999Z,1,0,-2,Rangers,Power Rangers,187,tileGrid,Size_1_x_1,,0,,1,br,Backpack_FumeFleeceWag,Sabertooth Tiger Coin,backpack,rare,,Mighty Morphin,6,5,2025-08-07T13:36:11Z
2026-09-15,v2:/869df3008894b9f56918c3b79b8769973a387239750982e45aefc3296646fe3a,"[VIRTUAL]1 x Tha Guitar, 1 x Tha Guitar, 1 x Tha Guitar for 800 MtxCurrency",800,800,0,0.0,0,2026-09-13T00:00:00Z,2026-09-22T23:59:59.999Z,1,0,-5,LilWayneNo/Violators,Lil Wayne,196,tileGrid,Size_2_x_1,,0,,3,br,Backpack_NoiseClue_Guitar,Tha Guitar,backpack,icon,Icon Series,Lil Wayne,7,4,2026-09-10T16:00:38Z
2026-09-15,v2:/869df3008894b9f56918c3b79b8769973a387239750982e45aefc3296646fe3a,"[VIRTUAL]1 x Tha Guitar, 1 x Tha Guitar, 1 x Tha Guitar for 800 MtxCurrency",800,800,0,0.0,0,2026-09-13T00:00:00Z,2026-09-22T23:59:59.999Z,1,0,-5,LilWayneNo/Violators,Lil Wayne,196,tileGrid,Size_2_x_1,,0,,3,br,Pickaxe_NoiseClue_Guitar,Tha Guitar,pickaxe,icon,Icon Series,Lil Wayne,7,4,2026-09-10T16:00:38Z
2026-09-15,v2:/869df3008894b9f56918c3b79b8769973a387239750982e45aefc3296646fe3a,"[VIRTUAL]1 x Tha Guitar, 1 x Tha Guitar, 1 x Tha Guitar for 800 MtxCurrency",800,800,0,0.0,0,2026-09-13T00:00:00Z,2026-09-22T23:59:59.999Z,1,0,-5,LilWayneNo/Violators,Lil Wayne,196,tileGrid,Size_2_x_1,,0,,3,instrument,Sparks_NoiseClue_Guitar,Tha Guitar,guitar,icon,Icon Series,,,,2026-09-10T16:00:38Z
2026-09-15,v2:/bf6183be7e2adbf844ece5384cad79072fd13cc5ebc62e81564f8f3332b36ad4,"[VIRTUAL]1 x Kimiko Five-Tails, 1 x Kayaku for -1 MtxCurrency",1200,1200,0,0.0,0,2026-09-12T00:00:00Z,2026-09-18T23:59:59.999Z,1,0,-5,FND091526,Spotlight Drops,184,tileGrid,Size_1_x_1,<highlight>KIMIKO FIVE-TAILS</> adds one tail for each elimination up to 5 tails!,0,,2,br,Character_SunbeamQuest,Kimiko Five-Tails,outfit,rare,,Protective Zenko,4,3,2023-06-12T21:47:52Z
2026-09-15,v2:/bf6183be7e2adbf844ece5384cad79072fd13cc5ebc62e81564f8f3332b36ad4,"[VIRTUAL]1 x Kimiko Five-Tails, 1 x Kayaku for -1 MtxCurrency",1200,1200,0,0.0,0,2026-09-12T00:00:00Z,2026-09-18T23:59:59.999Z,1,0,-5,FND091526,Spotlight Drops,184,tileGrid,Size_1_x_1,<highlight>KIMIKO FIVE-TAILS</> adds one tail for each elimination up to 5 tails!,0,,2,br,Backpack_SunbeamQuest,Kayaku,backpack,rare,,Protective Zenko,4,3,2023-06-12T21:47:52Z
2026-09-15,v2:/16e6b33b6c7faf4cccca661594ce7fe66fd9d7d3bb50b7f7e4cc8002d1ac380f,[VIRTUAL]1 x Rage Quit for 200 MtxCurrency,200,200,0,0.0,0,2026-09-13T00:00:00Z,2026-09-15T23:59:59.999Z,1,0,-3,BanderitaX,BanderitaX's Locker,180,tileGrid,Size_1_x_1,,0,,1,br,EID_RageQuit,Rage Quit,emote,uncommon,,,1,X,2019-11-20T12:49:42Z
2026-09-15,v2:/9fe81306a322ae91d1786a021c3c2c3ffc0e13ef818ae13039169dab45cba406,[VIRTUAL]1 x TBD (SID_Placeholder_725) for 500 MtxCurrency,500,500,0,0.0,0,2026-09-11T00:00:00Z,2026-09-17T23:59:59.999Z,1,0,-3,JT091426,Jam Tracks,182,tileGrid,Size_1_x_1,,0,,1,track,sid_placeholder_725,No One Noticed,,,,,,,2025-12-12T00:04:51Z
2026-09-15,v2:/78e6604f337dd365b1800fadb1d3a9a8cc1d5942ae9b9b379a0e7e8962b005d5,[VIRTUAL]1 x Power Rangers for 500 MtxCurrency,500,500,0,0.0,0,2026-09-12T00:00:00Z,2026-09-15T23:59:59.999Z,1,0,-4,Rangers,Power Rangers,187,tileGrid,Size_1_x_1,Wrap changes styles based on currently equipped Power Rangers Outfit! Styles maintain base ranger color.,0,,1,br,Wrap_FumeFleece,Power Rangers,wrap,rare,,Mighty Morphin,6,5,2025-08-07T13:36:11Z
2026-09-15,v2:/22ff3e974eeb6a4bf63bff0761aae2486ce6b785be5b6a47b6f797fef8fad05d,[VIRTUAL]1 x Caduceus Pickaxe for 800 MtxCurrency,800,800,0,0.0,0,2026-09-12T00:00:00Z,2026-09-16T23:59:59.999Z,1,0,-1,Overwatch,Overwatch,190,tileGrid,Size_1_x_1,,0,,1,br,Pickaxe_TrackWaver,Caduceus Pickaxe,pickaxe,gaminglegends,Gaming Legends Series,Overwatch,7,2,2026-05-14T09:00:00Z
2026-09-15,v2:/e027274057f26aa781960acad31a8bf1a28bf74864f6ba5dc58a9135d74ede68,[VIRTUAL]1 x TBD (SID_Placeholder_546) for 500 MtxCurrency,500,500,0,0.0,0,2026-09-01T00:00:00Z,2026-09-30T23:59:59.999Z,1,0,-98,JT091426,Jam Tracks,182,expandableList,Size_1_x_1,,0,,1,track,sid_placeholder_546,Through the Fire and Flames,,,,,,,2025-03-15T00:10:15Z
2026-09-15,v2:/326731d8b150f7f3ff8002caf8a9e708953a72cd48a1fb71befc0edff4933076,[VIRTUAL]1 x SexyBack for 500 MtxCurrency,500,500,0,0.0,0,2026-09-01T00:00:00Z,2026-09-30T23:59:59.999Z,1,0,-38,JT091426,Jam Tracks,182,expandableList,Size_1_x_1,,0,,1,track,sid_placeholder_342,SexyBack,,,,,,,2024-09-27T00:00:00Z
2026-09-15,v2:/b4082db712de20c8e62ee1ce222159030f7cb2bcbbbd9c23a5d60fdecf8f7d45,[VIRTUAL]1 x Armed And Dangerous for 500 MtxCurrency,500,500,0,0.0,0,2026-09-01T00:00:00Z,2026-09-30T23:59:59.999Z,1,0,-34,JT091426,Jam Tracks,182,expandableList,Size_1_x_1,,0,,1,track,sid_placeholder_428,Armed And Dangerous,,,,,,,2024-11-21T14:39:11Z
2026-09-15,v2:/a5770ce343164772ed968cfb732b354bce2c9f16a438d1a1cc58eda1f85d7347,[VIRTUAL]1 x Black Hole Sun for 500 MtxCurrency,500,500,0,0.0,0,2026-09-01T00:00:00Z,2026-09-30T23:59:59.999Z,1,0,-10,JT091426,Jam Tracks,182,expandableList,Size_1_x_1,,0,,1,track,sid_placeholder_100,Black Hole Sun,,,,,,,2024-02-22T10:58:10Z
2026-09-15,v2:/a8d3960e5deaf6485505266701024d3fdd9b8742c6ebc5f868fa31666f18e5bb,[VIRTUAL]1 x Weezy Board for 500 MtxCurrency,500,500,0,0.0,0,2026-09-13T00:00:00Z,2026-09-22T23:59:59.999Z,1,0,-1,LilWayneNo/Violators,Lil Wayne,196,tileGrid,Size_1_x_1,,0,,1,br,Backpack_NoiseClueGust,Weezy Board,backpack,icon,Icon Series,Lil Wayne,7,4,2026-09-10T16:36:49Z
2026-09-15,v2:/a6c858d0a18b594e4d18b87c2c3c7e996185e1f89e10267e9784c990aa161c2e,[VIRTUAL]1 x Clone Pod for 300 MtxCurrency,300,300,0,0.0,0,2026-09-15T00:00:00Z,2026-09-19T23:59:59.999Z,1,0,-1,,,,,Size_1_x_1,,0,,1,br,Backpack_DarkAzalea,Clone Pod,backpack,marvel,MARVEL SERIES,X-23,3,4,2022-10-08T17:05:51Z
2026-09-15,v2:/188bb66e118af688f2bb726c41eaef0c0e7c63d53c77be52084b2a75873da943,[VIRTUAL]1 x Cruise Caliber for 400 MtxCurrency,400,400,0,0.0,0,2026-09-09T00:00:00Z,2026-09-15T23:59:59.999Z,1,0,-1,,,,,Size_3_x_1,,0,,1,car,Wheel_Zuse,Cruise Caliber,wheel,uncommon,,,,,2025-02-21T12:16:05Z
2026-09-15,v2:/c4eb3f33d1178fa70e0456be4bb83afc567ffdf178e106e0e8801788e7367299,[VIRTUAL]1 x TBD (SID_Placeholder_706) for 500 MtxCurrency,500,500,0,0.0,0,2026-09-01T00:00:00Z,2026-09-30T23:59:59.999Z,1,0,-20,JT091426,Jam Tracks,182,expandableList,Size_1_x_1,,0,,1,track,sid_placeholder_706,EVIL J0RDAN,,,,,,,2025-12-11T17:20:09Z
2026-09-15,v2:/70b841c3722c30cfe28e158153455ff8b18a54980879bfb8752b0ab4e43977ee,[VIRTUAL]1 x Universal Bloom for 300 MtxCurrency,300,300,0,0.0,0,2026-09-15T00:00:00Z,2026-09-21T23:59:59.999Z,1,0,-4,,,,,Size_1_x_1,,0,,1,br,BID_552_ConstellationSun,Universal Bloom,backpack,epic,,Space Fire,2,3,2020-06-30T06:09:08Z
2026-09-15,v2:/00a9369332fedd111000f3dc76b631be01963d04227e4b620bedf1fb2a4377e5,[VIRTUAL]1 x Milli Bricks for 400 MtxCurrency,400,400,0,0.0,0,2026-09-13T00:00:00Z,2026-09-22T23:59:59.999Z,1,0,-2,LilWayneNo/Violators,Lil Wayne,196,tileGrid,Size_1_x_1,,0,,1,br,Backpack_NoiseClueLurch,Milli Bricks,backpack,icon,Icon Series,Lil Wayne,7,4,2026-09-10T16:36:49Z
2026-09-15,v2:/7b3e61427212038868a0fff15aa181f338aa1170fd72c441fe7543962accbc0b,[VIRTUAL]1 x Stan's Jam for 500 MtxCurrency,500,500,0,0.0,0,2026-09-14T00:00:00Z,2026-09-17T23:59:59.999Z,1,0,-1,TaxiHeel,American Dad!,185,tileGrid,Size_1_x_1,,0,,1,br,EID_TaxiHeel,Stan's Jam,emote,uncommon,,American Dad!,7,3,2026-07-02T13:00:56Z
2026-09-15,v2:/9b7c83adc24f303407c326064522530c561a4d6fd124e1cf3f85abe14d5a7982,"[VIRTUAL]1 x Redway Ruby, 1 x Gifford Shuffle for -1 MtxCurrency",1200,1200,0,0.0,0,2026-09-13T00:00:00Z,2026-09-15T23:59:59.999Z,1,0,-3,TypicalGamerIcons,Typical Gamer,181,tileGrid,Size_1_x_1,,1,Redway Ruby,2,br,Character_QuarterClaspJoin,Redway Ruby,outfit,icon,Icon Series,Typical Gamer,7,2,2026-05-24T21:01:00Z
2026-09-15,v2:/9b7c83adc24f303407c326064522530c561a4d6fd124e1cf3f85abe14d5a7982,"[VIRTUAL]1 x Redway Ruby, 1 x Gifford Shuffle for -1 MtxCurrency",1200,1200,0,0.0,0,2026-09-13T00:00:00Z,2026-09-15T23:59:59.999Z,1,0,-3,TypicalGamerIcons,Typical Gamer,181,tileGrid,Size_1_x_1,,1,Redway Ruby,2,br,Backpack_QuarterClaspJoin_How,Gifford Shuffle,backpack,icon,Icon Series,Typical Gamer,7,2,2026-05-24T21:01:00Z
2026-09-15,v2:/dc3d78b48ed1b97dae1387ac8bfe0718940406e091a89f74c4adf5b0d785d397,[VIRTUAL]1 x Kryptonite for 500 MtxCurrency,500,500,0,0.0,0,2026-09-01T00:00:00Z,2026-09-30T23:59:59.999Z,1,0,-84,JT091426,Jam Tracks,182,expandableList,Size_1_x_1,,0,,1,track,sid_placeholder_300,Kryptonite,,,,,,,2024-12-26T14:34:39Z
2026-09-15,v2:/aed6d706756c669a6c3d033b3268c74bfec935af8b0bec5ae06f81464a645359,[VIRTUAL]1 x In The End for 500 MtxCurrency,500,500,0,0.0,0,2026-09-01T00:00:00Z,2026-09-30T23:59:59.999Z,1,0,-11,JT091426,Jam Tracks,182,expandableList,Size_1_x_1,,0,,1,track,sid_placeholder_298,In The End,,,,,,,2024-08-29T13:33:26Z
2026-09-15,v2:/22ebb700902ab510b61584945300863502c6f95188d826a61b10a9ce31068118,[VIRTUAL]1 x TBD (SID_Placeholder_497) for 500 MtxCurrency,500,500,0,0.0,0,2026-09-01T00:00:00Z,2026-09-30T23:59:59.999Z,1,0,-90,JT091426,Jam Tracks,182,expandableList,Size_1_x_1,,0,,1,track,sid_placeholder_497,Still Into You,,,,,,,2025-03-18T15:58:31Z
2026-09-15,v2:/01494c862e4ff0d4aebc536753f9ef84eb38fc48d3e1676ca709e37cd74a1e41,[VIRTUAL]1 x Meowtooth's Stripes for 500 MtxCurrency,500,500,0,0.0,0,2026-09-15T00:00:00Z,2026-09-19T23:59:59.999Z,1,0,-4,WolverineShop,Marvel,197,tileGrid,Size_1_x_1,,0,,1,br,Wrap_CattleJar,Meowtooth's Stripes,wrap,marvel,MARVEL SERIES,Meowtooth,5,4,2024-09-05T14:25:10Z
2026-09-15,v2:/de4dfae6115c6c6313bf6de04a893e58c3bd370e5b55901f76dbbd6e8804b8db,"[VIRTUAL]1 x Mercy, 1 x Mercy's Valkyrie Wings, 1 x Mercy's Valkyrie Wings for -1 MtxCurrency",1600,1600,0,0.0,0,2026-09-12T00:00:00Z,2026-09-16T23:59:59.999Z,1,0,-2,Overwatch,Overwatch,190,tileGrid,Size_2_x_1,,1,Mercy,3,br,Character_TrackWaver,Mercy,outfit,gaminglegends,Gaming Legends Series,Overwatch,7,2,2026-05-14T09:00:00Z
2026-09-15,v2:/de4dfae6115c6c6313bf6de04a893e58c3bd370e5b55901f76dbbd6e8804b8db,"[VIRTUAL]1 x Mercy, 1 x Mercy's Valkyrie Wings, 1 x Mercy's Valkyrie Wings for -1 MtxCurrency",1600,1600,0,0.0,0,2026-09-12T00:00:00Z,2026-09-16T23:59:59.999Z,1,0,-2,Overwatch,Overwatch,190,tileGrid,Size_2_x_1,,1,Mercy,3,br,Backpack_TrackWaver,Mercy's Valkyrie Wings,backpack,gaminglegends,Gaming Legends Series,Overwatch,7,2,2026-05-14T09:00:00Z
2026-09-15,v2:/de4dfae6115c6c6313bf6de04a893e58c3bd370e5b55901f76dbbd6e8804b8db,"[VIRTUAL]1 x Mercy, 1 x Mercy's Valkyrie Wings, 1 x Mercy's Valkyrie Wings for -1 MtxCurrency",1600,1600,0,0.0,0,2026-09-12T00:00:00Z,2026-09-16T23:59:59.999Z,1,0,-2,Overwatch,Overwatch,190,tileGrid,Size_2_x_1,,1,Mercy,3,br,Glider_TrackWaver,Mercy's Valkyrie Wings,glider,gaminglegends,Gaming Legends Series,Overwatch,7,2,2026-05-14T09:00:00Z
2026-09-15,v2:/bfdb9b38eb8bca730e1a413d747403038642968a7071853750d0d659f05171d9,[VIRTUAL]1 x Power Sword for 500 MtxCurrency,500,500,0,0.0,0,2026-09-12T00:00:00Z,2026-09-15T23:59:59.999Z,1,0,-3,Rangers,Power Rangers,187,tileGrid,Size_1_x_1,,0,,1,br,Pickaxe_FumeFleeceFade,Power Sword,pickaxe,rare,,Mighty Morphin,6,5,2025-08-07T13:36:11Z
2026-09-15,v2:/4eeb1731272ecb3969563d981eda237ec2309612b64591ec15f320718156db70,[VIRTUAL]1 x Say So for 500 MtxCurrency,500,500,0,0.0,0,2026-09-01T00:00:00Z,2026-09-30T23:59:59.999Z,1,0,-37,JT091426,Jam Tracks,182,expandableList,Size_1_x_1,,0,,1,track,sid_placeholder_69,Say So,,,,,,,2024-01-31T00:05:11Z
2026-09-15,v2:/d7af1f2c48771016bc17d45c99b46bda576d9fd101f018c22db75f7c6d5df2d8,[VIRTUAL]1 x Down for 500 MtxCurrency,500,500,0,0.0,0,2026-09-12T00:00:00Z,2026-09-15T23:59:59.999Z,1,0,-3,VV091526,Party Moves,194,tileGrid,Size_1_x_1,,0,,1,br,EID_HoopDreams,Down,emote,icon,Icon Series,,7,2,2026-05-15T00:00:00Z
2026-09-15,v2:/96f24f4cdc829943f9a2d9bf60350b06c5c686dd8d67c5fc92e9019c9f43ce51,[VIRTUAL]1 x YM Burner for 500 MtxCurrency,500,500,0,0.0,0,2026-09-13T00:00:00Z,2026-09-22T23:59:59.999Z,1,0,-3,LilWayneNo/Violators,Lil Wayne,196,tileGrid,Size_1_x_1,,0,,1,br,Wrap_NoiseClue,YM Burner,wrap,icon,Icon Series,Lil Wayne,7,4,2026-09-10T16:00:38Z
2026-09-15,v2:/ed10df5acc9ea23d44f0622ce5f8079893423267b7d36b3bee1d6cfb84fa92b9,[VIRTUAL]1 x Sweet Child O' Mine for 500 MtxCurrency,500,500,0,0.0,0,2026-09-01T00:00:00Z,2026-09-30T23:59:59.999Z,1,0,-51,JT091426,Jam Tracks,182,expandableList,Size_1_x_1,,0,,1,track,sid_placeholder_271,Sweet Child O' Mine,,,,,,,2024-08-09T00:00:00Z
2026-09-15,v2:/3509df43725f18fc96a6a401ffdc56e503e0cbb603df6d03bcb6a6cf28748e7f,[VIRTUAL]1 x Blinding Lights for 500 MtxCurrency,500,500,0,0.0,0,2026-09-01T00:00:00Z,2026-09-30T23:59:59.999Z,1,0,-28,JT091426,Jam Tracks,182,expandableList,Size_1_x_1,,0,,1,track,sid_placeholder_93,Blinding Lights,,,,,,,2024-01-05T21:55:08Z
2026-09-15,v2:/357931a4ec6baae85452252874e1f7c5bce8940c493d331e6fbc23b134c37b82,[VIRTUAL]1 x Gifford Shuffle for 400 MtxCurrency,400,400,0,0.0,0,2026-09-13T00:00:00Z,2026-09-15T23:59:59.999Z,1,0,-1,TypicalGamerIcons,Typical Gamer,181,tileGrid,Size_1_x_1,,0,,1,br,Backpack_QuarterClaspJoin_How,Gifford Shuffle,backpack,icon,Icon Series,Typical Gamer,7,2,2026-05-24T21:01:00Z
2026-09-15,v2:/0a446f430b4605adfef79623e6e4f4b583574f76232db70da0c28f0053b7b455,[VIRTUAL]1 x Wade's Prank for 400 MtxCurrency,400,400,0,0.0,0,2026-09-15T00:00:00Z,2026-09-19T23:59:59.999Z,1,0,-1,,,,,Size_2_x_1,,0,,1,br,Backpack_OliveStomp,Wade's Prank,backpack,marvel,MARVEL SERIES,Deadpool & Wolverine,5,3,2024-07-26T15:47:44Z
2026-09-15,v2:/ccee7a57a32bcd7f5b33a2c00c55eb74cc00de3ae5148b9988dae968478ab580,"[VIRTUAL]1 x Porsche Cayenne Turbo Electric, 1 x Psych Wave, 1 x Tracer, 1 x Mercy, 1 x D.Va, 1 x Genji, 1 x Porsche Cayenne Turbo Electric for -1 MtxCurrency",2400,2400,0,0.0,0,2026-09-12T00:00:00Z,2026-09-16T23:59:59.999Z,1,0,-2,Overwatch,Overwatch,190,tileGrid,Size_2_x_1,,1,Porsche Cayenne Turbo Electric + Overwatch,7,car,CarBody_BlueTorque,Porsche Cayenne Turbo Electric,body,uncommon,PORSCHE SERIES,,,,2026-05-14T09:00:00Z
2026-09-15,v2:/ccee7a57a32bcd7f5b33a2c00c55eb74cc00de3ae5148b9988dae968478ab580,"[VIRTUAL]1 x Porsche Cayenne Turbo Electric, 1 x Psych Wave, 1 x Tracer, 1 x Mercy, 1 x D.Va, 1 x Genji, 1 x Porsche Cayenne Turbo Electric for -1 MtxCurrency",2400,2400,0,0.0,0,2026-09-12T00:00:00Z,2026-09-16T23:59:59.999Z,1,0,-2,Overwatch,Overwatch,190,tileGrid,Size_2_x_1,,1,Porsche Cayenne Turbo Electric + Overwatch,7,car,CarSkin_BlueTorqueLivery01,Psych Wave,skin,uncommon,PORSCHE SERIES,,,,2026-05-14T09:00:00Z
2026-09-15,v2:/ccee7a57a32bcd7f5b33a2c00c55eb74cc00de3ae5148b9988dae968478ab580,"[VIRTUAL]1 x Porsche Cayenne Turbo Electric, 1 x Psych Wave, 1 x Tracer, 1 x Mercy, 1 x D.Va, 1 x Genji, 1 x Porsche Cayenne Turbo Electric for -1 MtxCurrency",2400,2400,0,0.0,0,2026-09-12T00:00:00Z,2026-09-16T23:59:59.999Z,1,0,-2,Overwatch,Overwatch,190,tileGrid,Size_2_x_1,,1,Porsche Cayenne Turbo Electric + Overwatch,7,car,CarSkin_BlueTorque01,Tracer,skin,uncommon,GAMING LEGENDS SERIES,,,,2026-05-14T09:00:00Z
2026-09-15,v2:/ccee7a57a32bcd7f5b33a2c00c55eb74cc00de3ae5148b9988dae968478ab580,"[VIRTUAL]1 x Porsche Cayenne Turbo Electric, 1 x Psych Wave, 1 x Tracer, 1 x Mercy, 1 x D.Va, 1 x Genji, 1 x Porsche Cayenne Turbo Electric for -1 MtxCurrency",2400,2400,0,0.0,0,2026-09-12T00:00:00Z,2026-09-16T23:59:59.999Z,1,0,-2,Overwatch,Overwatch,190,tileGrid,Size_2_x_1,,1,Porsche Cayenne Turbo Electric + Overwatch,7,car,CarSkin_BlueTorque02,Mercy,skin,uncommon,GAMING LEGENDS SERIES,,,,2026-05-14T09:00:00Z
2026-09-15,v2:/ccee7a57a32bcd7f5b33a2c00c55eb74cc00de3ae5148b9988dae968478ab580,"[VIRTUAL]1 x Porsche Cayenne Turbo Electric, 1 x Psych Wave, 1 x Tracer, 1 x Mercy, 1 x D.Va, 1 x Genji, 1 x Porsche Cayenne Turbo Electric for -1 MtxCurrency",2400,2400,0,0.0,0,2026-09-12T00:00:00Z,2026-09-16T23:59:59.999Z,1,0,-2,Overwatch,Overwatch,190,tileGrid,Size_2_x_1,,1,Porsche Cayenne Turbo Electric + Overwatch,7,car,CarSkin_BlueTorque03,D.Va,skin,uncommon,GAMING LEGENDS SERIES,,,,2026-05-14T09:00:00Z
2026-09-15,v2:/ccee7a57a32bcd7f5b33a2c00c55eb74cc00de3ae5148b9988dae968478ab580,"[VIRTUAL]1 x Porsche Cayenne Turbo Electric, 1 x Psych Wave, 1 x Tracer, 1 x Mercy, 1 x D.Va, 1 x Genji, 1 x Porsche Cayenne Turbo Electric for -1 MtxCurrency",2400,2400,0,0.0,0,2026-09-12T00:00:00Z,2026-09-16T23:59:59.999Z,1,0,-2,Overwatch,Overwatch,190,tileGrid,Size_2_x_1,,1,Porsche Cayenne Turbo Electric + Overwatch,7,car,CarSkin_BlueTorque04,Genji,skin,uncommon,GAMING LEGENDS SERIES,,,,2026-05-14T09:00:00Z
2026-09-15,v2:/ccee7a57a32bcd7f5b33a2c00c55eb74cc00de3ae5148b9988dae968478ab580,"[VIRTUAL]1 x Porsche Cayenne Turbo Electric, 1 x Psych Wave, 1 x Tracer, 1 x Mercy, 1 x D.Va, 1 x Genji, 1 x Porsche Cayenne Turbo Electric for -1 MtxCurrency",2400,2400,0,0.0,0,2026-09-12T00:00:00Z,2026-09-16T23:59:59.999Z,1,0,-2,Overwatch,Overwatch,190,tileGrid,Size_2_x_1,,1,Porsche Cayenne Turbo Electric + Overwatch,7,car,Wheel_BlueTorque01,Porsche Cayenne Turbo Electric,wheel,uncommon,PORSCHE SERIES,,,,2026-05-14T09:00:00Z
2026-09-15,v2:/8c53693fb5e392afa0b7a2fbbf835ed4bfa8e1a90a822e3f56e592a011fac749,[VIRTUAL]1 x Tracer's Pulse Bomb for 300 MtxCurrency,300,300,0,0.0,0,2026-09-12T00:00:00Z,2026-09-16T23:59:59.999Z,1,0,-2,Overwatch,Overwatch,190,tileGrid,Size_1_x_1,,0,,1,br,Backpack_LooseCreep,Tracer's Pulse Bomb,backpack,gaminglegends,Gaming Legends Series,Overwatch,7,2,2026-05-14T09:00:00Z
2026-09-15,v2:/5494a9eb24b824b2ac4f9cdd953f5a468a512693d50c8c4a7dd0c76586be3498,[VIRTUAL]1 x TBD (SID_Placeholder_724) for 500 MtxCurrency,500,500,0,0.0,0,2026-09-01T00:00:00Z,2026-09-30T23:59:59.999Z,1,0,-93,JT091426,Jam Tracks,182,expandableList,Size_1_x_1,,0,,1,track,sid_placeholder_724,mirai,,,,,,,2026-01-13T19:59:54Z
2026-09-15,v2:/e6213119f2b02e11345ec6a1b0d08ce506ec9caf564cf805d172af80b4811d58,"[VIRTUAL]1 x Tracer, 1 x Tracer's Pulse Knives, 1 x Tracer's Pulse Bomb for -1 MtxCurrency",1600,1600,0,0.0,0,2026-09-12T00:00:00Z,2026-09-16T23:59:59.999Z,1,0,-1,Overwatch,Overwatch,190,tileGrid,Size_1_x_1,,1,Tracer,3,br,Character_LooseCreep,Tracer,outfit,gaminglegends,Gaming Legends Series,Overwatch,7,2,2026-05-14T09:00:00Z
2026-09-15,v2:/e6213119f2b02e11345ec6a1b0d08ce506ec9caf564cf805d172af80b4811d58,"[VIRTUAL]1 x Tracer, 1 x Tracer's Pulse Knives, 1 x Tracer's Pulse Bomb for -1 MtxCurrency",1600,1600,0,0.0,0,2026-09-12T00:00:00Z,2026-09-16T23:59:59.999Z,1,0,-1,Overwatch,Overwatch,190,tileGrid,Size_1_x_1,,1,Tracer,3,br,Pickaxe_LooseCreep,Tracer's Pulse Knives,pickaxe,gaminglegends,Gaming Legends Series,Overwatch,7,2,2026-05-14T09:00:00Z
2026-09-15,v2:/e6213119f2b02e11345ec6a1b0d08ce506ec9caf564cf805d172af80b4811d58,"[VIRTUAL]1 x Tracer, 1 x Tracer's Pulse Knives, 1 x Tracer's Pulse Bomb for -1 MtxCurrency",1600,1600,0,0.0,0,2026-09-12T00:00:00Z,2026-09-16T23:59:59.999Z,1,0,-1,Overwatch,Overwatch,190,tileGrid,Size_1_x_1,,1,Tracer,3,br,Backpack_LooseCreep,Tracer's Pulse Bomb,backpack,gaminglegends,Gaming Legends Series,Overwatch,7,2,2026-05-14T09:00:00Z
2026-09-15,v2:/2f8b4558eb574c8470c59f6421c66247af1a4de21a4b9c4e0afef1ea7730478e,"[VIRTUAL]1 x Z-Saber, 1 x Z-Saber for 800 MtxCurrency",800,800,0,0.0,0,2026-09-11T00:00:00Z,2026-09-20T23:59:59.999Z,1,0,-1,Megaman,Mega Man,193,tileGrid,Size_1_x_1,,0,,2,br,Pickaxe_TackleShow,Z-Saber,pickaxe,gaminglegends,Gaming Legends Series,Mega Man,7,4,2026-09-07T20:23:20Z
2026-09-15,v2:/2f8b4558eb574c8470c59f6421c66247af1a4de21a4b9c4e0afef1ea7730478e,"[VIRTUAL]1 x Z-Saber, 1 x Z-Saber for 800 MtxCurrency",800,800,0,0.0,0,2026-09-11T00:00:00Z,2026-09-20T23:59:59.999Z,1,0,-1,Megaman,Mega Man,193,tileGrid,Size_1_x_1,,0,,2,br,Backpack_TackleShow,Z-Saber,backpack,gaminglegends,Gaming Legends Series,Mega Man,7,4,2026-09-07T20:23:20Z
2026-09-15,v2:/43e25f068513c9a6edbef249bd648fb41b83cae0b6d2226b4d6f9fd5dad2d728,[VIRTUAL]1 x Stealth Slicer for 500 MtxCurrency,500,500,0,0.0,0,2026-09-13T00:00:00Z,2026-09-15T23:59:59.999Z,1,0,-1,TypicalGamerIcons,Typical Gamer,181,tileGrid,Size_1_x_1,,0,,1,br,Pickaxe_QuarterClaspJoin,Stealth Slicer,pickaxe,icon,Icon Series,Typical Gamer,7,2,2026-05-24T21:01:00Z
2026-09-15,v2:/1dd785c2f8a6e8403213caf19ca574050be0367cb2424f3ff8bc2389e64566f4,[VIRTUAL]1 x Take On Me for 500 MtxCurrency,500,500,0,0.0,0,2026-09-01T00:00:00Z,2026-09-30T23:59:59.999Z,1,0,-74,JT091426,Jam Tracks,182,expandableList,Size_1_x_1,,0,,1,track,sid_placeholder_445,Take On Me,,,,,,,2024-12-05T14:58:09Z
2026-09-15,v2:/9ed932492ee88bd4f80d6731beea041f307861a5e4dee69df470fc4ed84a3774,[VIRTUAL]1 x Welcome To The Jungle for 500 MtxCurrency,500,500,0,0.0,0,2026-09-01T00:00:00Z,2026-09-30T23:59:59.999Z,1,0,-58,JT091426,Jam Tracks,182,expandableList,Size_1_x_1,,0,,1,track,sid_placeholder_272,Welcome To The Jungle,,,,,,,2024-08-09T00:00:00Z
2026-09-15,v2:/adf95dc6c7c183423976149f9eb11ef8c0a3d0c0c50b9e6a428a96db6da78ceb,[VIRTUAL]1 x Red Ranger for 1200 MtxCurrency,1200,1200,0,0.0,0,2026-09-12T00:00:00Z,2026-09-15T23:59:59.999Z,1,0,-1,Rangers,Power Rangers,187,tileGrid,Size_1_x_1,,0,,1,br,Character_FumeFleeceFade,Red Ranger,outfit,epic,,Mighty Morphin,6,5,2025-08-07T13:36:11Z
2026-09-15,v2:/3e31575c45e685066dc18c0acebf941e75f43533b3a3c60e74ca94554f3cdcc9,[VIRTUAL]1 x Cradles for 500 MtxCurrency,500,500,0,0.0,0,2026-09-11T00:00:00Z,2026-09-17T23:59:59.999Z,1,0,-4,JT091426,Jam Tracks,182,tileGrid,Size_1_x_1,,0,,1,track,sid_placeholder_29,Cradles,,,,,,,2023-12-12T00:00:00Z
2026-09-15,v2:/e7b29ef46d5094f722b6ba5fe2188996144029aa52f7df61fd6be4123dbf5c3e,[VIRTUAL]1 x Patty Whacker for 500 MtxCurrency,500,500,0,0.0,0,2026-09-13T00:00:00Z,2026-09-15T23:59:59.999Z,1,0,-1,BanderitaX,BanderitaX's Locker,180,tileGrid,Size_1_x_1,,0,,1,br,Pickaxe_ID_084_DurrburgerHero,Patty Whacker,pickaxe,uncommon,,Durrr Burger,1,5,2019-11-20T12:50:57Z
2026-09-15,v2:/d11683be8d864919132bf4fd623174cb0a5d7ab17fff05e0a9fcf792cd50c897,[VIRTUAL]1 x Kit Gloves for 800 MtxCurrency,800,800,0,0.0,0,2026-09-15T00:00:00Z,2026-09-16T23:59:59.999Z,1,0,-2,BR091526,Full Flex,186,tileGrid,Size_2_x_1,,0,,1,br,Pickaxe_FashionFeline,Kit Gloves,pickaxe,rare,,Meowscles of a Boxer,6,5,2025-10-02T12:10:53Z
2026-09-15,v2:/29d77ef1b6f849da537f80e7583551589694c6f3ce84790405439daf56b7f969,[VIRTUAL]1 x The Maw for 300 MtxCurrency,300,300,0,0.0,0,2026-09-15T00:00:00Z,2026-09-21T23:59:59.999Z,1,0,-3,,,,,Size_1_x_1,,0,,1,br,Backpack_MelodyUrchin,The Maw,backpack,uncommon,,Rave Nautilus,4,4,2023-10-10T11:59:07Z
2026-09-15,v2:/3111732f15af15b33dda75a94a1adc2e6a713e5b90ad70392552f6eba4e4793f,"[VIRTUAL]1 x Francine Smith, 1 x Francine's Purse for -1 MtxCurrency",1500,1500,0,0.0,0,2026-09-14T00:00:00Z,2026-09-17T23:59:59.999Z,1,0,-2,TaxiHeel,American Dad!,185,tileGrid,Size_2_x_1,,0,,2,br,Character_GrowMallet,Francine Smith,outfit,epic,,American Dad!,7,3,2026-07-02T13:00:56Z
2026-09-15,v2:/3111732f15af15b33dda75a94a1adc2e6a713e5b90ad70392552f6eba4e4793f,"[VIRTUAL]1 x Francine Smith, 1 x Francine's Purse for -1 MtxCurrency",1500,1500,0,0.0,0,2026-09-14T00:00:00Z,2026-09-17T23:59:59.999Z,1,0,-2,TaxiHeel,American Dad!,185,tileGrid,Size_2_x_1,,0,,2,br,Pickaxe_GrowMallet,Francine's Purse,pickaxe,rare,,American Dad!,7,3,2026-07-02T13:00:56Z
2026-09-15,v2:/0102605c8ac77736367566931bb87210d51527c9a631305f94ed3bbdd9987617,[VIRTUAL]1 x Nike Air Force 1 Mid 'Bright Melon' for 1000 MtxCurrency,1000,1000,0,0.0,0,2026-09-12T00:00:00Z,2026-09-18T23:59:59.999Z,1,0,-1,FND091526,Spotlight Drops,184,tileGrid,Size_1_x_1,,0,,1,br,Shoes_TugBlooperMorse,Nike Air Force 1 Mid 'Bright Melon',shoe,uncommon,,NIKE Shoes,7,4,2026-09-04T00:00:00Z
2026-09-15,v2:/42d9f349a899d832cef2c8542dfd6f38266b1f28ff8846b7356427751551113c,[VIRTUAL]1 x Black Ranger for 1200 MtxCurrency,1200,1200,0,0.0,0,2026-09-12T00:00:00Z,2026-09-15T23:59:59.999Z,1,0,-1,Rangers,Power Rangers,187,tileGrid,Size_1_x_1,,0,,1,br,Character_FumeFleeceShack,Black Ranger,outfit,epic,,Mighty Morphin,6,5,2025-08-07T13:36:11Z
2026-09-15,v2:/e66571c07e5d18b0911629498e2b8a845bd06daf09e9d69baff8660af2e73d68,"[VIRTUAL]1 x PJ Pepperoni, 1 x Cheesy for -1 MtxCurrency",1200,1200,0,0.0,0,2026-09-13T00:00:00Z,2026-09-15T23:59:59.999Z,1,0,-2,BanderitaX,BanderitaX's Locker,180,tileGrid,Size_2_x_1,,0,,2,br,CID_482_Athena_Commando_F_PizzaPit,PJ Pepperoni,outfit,rare,,Pizza Pit,1,X,2019-11-20T12:49:53Z
2026-09-15,v2:/e66571c07e5d18b0911629498e2b8a845bd06daf09e9d69baff8660af2e73d68,"[VIRTUAL]1 x PJ Pepperoni, 1 x Cheesy for -1 MtxCurrency",1200,1200,0,0.0,0,2026-09-13T00:00:00Z,2026-09-15T23:59:59.999Z,1,0,-2,BanderitaX,BanderitaX's Locker,180,tileGrid,Size_2_x_1,,0,,2,br,BID_315_PizzaPit,Cheesy,backpack,rare,,Pizza Pit,1,X,2019-11-20T12:50:33Z
2026-09-15,v2:/52de7ec86ad097b9ada2fee04c2ae487da5dda50fe8dc4097b98a664a4957020,[VIRTUAL]1 x Classic Yellow & Blue for 300 MtxCurrency,300,300,0,0.0,0,2026-09-15T00:00:00Z,2026-09-19T23:59:59.999Z,1,0,-1,,,,,Size_2_x_1,,0,,1,br,Wrap_OliveStomp,Classic Yellow & Blue,wrap,marvel,MARVEL SERIES,Deadpool & Wolverine,5,3,2024-07-26T15:47:44Z
2026-09-15,v2:/c8af5da91dc211f78ff749da670db4d1a5dee1de76d6a3036a03d7a5a34df60f,[VIRTUAL]1 x Regulate for 500 MtxCurrency,500,500,0,0.0,0,2026-09-01T00:00:00Z,2026-09-30T23:59:59.999Z,1,0,-59,JT091426,Jam Tracks,182,expandableList,Size_1_x_1,,0,,1,track,sid_placeholder_265,Regulate,,,,,,,2024-11-02T06:00:00Z
2026-09-15,v2:/3bf5d77b25abbf46ed42fee9a1101a198225e43a2ebde86c188ce5fb3c11146b,"[VIRTUAL]1 x Takumi of the Tides, 1 x Ocean's Edge for -1 MtxCurrency",1500,1500,0,0.0,0,2026-09-14T00:00:00Z,2026-09-16T23:59:59.999Z,1,0,-4,FND091526,Spotlight Drops,184,tileGrid,Size_1_x_1,,1,Takumi of the Tides,2,br,Character_MoonSatellite,Takumi of the Tides,outfit,epic,,River Guard,6,1,2025-01-31T14:25:34Z
2026-09-15,v2:/3bf5d77b25abbf46ed42fee9a1101a198225e43a2ebde86c188ce5fb3c11146b,"[VIRTUAL]1 x Takumi of the Tides, 1 x Ocean's Edge for -1 MtxCurrency",1500,1500,0,0.0,0,2026-09-14T00:00:00Z,2026-09-16T23:59:59.999Z,1,0,-4,FND091526,Spotlight Drops,184,tileGrid,Size_1_x_1,,1,Takumi of the Tides,2,br,Pickaxe_MoonSatellite,Ocean's Edge,pickaxe,rare,,River Guard,6,1,2025-01-31T14:25:34Z
2026-09-15,v2:/03d4aacda8d8a2b69f1210ac7231d881295a71bb75b0e57e0f36deff02b49075,[VIRTUAL]1 x Test Your Strength for 500 MtxCurrency,500,500,0,0.0,0,2026-09-15T00:00:00Z,2026-09-19T23:59:59.999Z,1,0,-3,WolverineShop,Marvel,197,tileGrid,Size_1_x_1,,0,,1,br,EID_CattleJar,Test Your Strength,emote,marvel,MARVEL SERIES,Meowtooth,5,4,2024-09-05T14:25:10Z
2026-09-15,v2:/81dcfbc4c659c570b6629bec0605e41babf88b53bb74f2ea3c03b8b0e348bf97,[VIRTUAL]1 x Carry on Wayward Son for 500 MtxCurrency,500,500,0,0.0,0,2026-09-01T00:00:00Z,2026-09-30T23:59:59.999Z,1,0,-42,JT091426,Jam Tracks,182,expandableList,Size_1_x_1,,0,,1,track,sid_placeholder_11,Carry on Wayward Son,,,,,,,2024-03-20T00:05:45Z
2026-09-15,v2:/0b9cafc36fc97ae4de48c53eeeb495872eb2053ce15adbbc2f607b34e71c57f4,[VIRTUAL]1 x TBD (SID_Placeholder_299) for 500 MtxCurrency,500,500,0,0.0,0,2026-09-01T00:00:00Z,2026-09-30T23:59:59.999Z,1,0,-35,JT091426,Jam Tracks,182,expandableList,Size_1_x_1,,0,,1,track,sid_placeholder_299,I Write Sins Not Tragedies,,,,,,,2025-01-23T15:05:07Z
2026-09-15,v2:/cf2f952b10258214166d065211198afe6915b7f7cd71a43c8629f3fae1c6c59a,[VIRTUAL]1 x I Had Some Help for 500 MtxCurrency,500,500,0,0.0,0,2026-09-01T00:00:00Z,2026-09-30T23:59:59.999Z,1,0,-6,JT091426,Jam Tracks,182,expandableList,Size_1_x_1,,0,,1,track,sid_placeholder_248,I Had Some Help,,,,,,,2024-06-06T13:32:50Z
2026-09-15,v2:/de916652c9e65d6d13ab49a19428adaa3e247754bbc4151ee378db2c490d745c,[VIRTUAL]1 x Cuddlebear Cutie for 400 MtxCurrency,400,400,0,0.0,0,2026-09-12T00:00:00Z,2026-09-18T23:59:59.999Z,1,0,-4,,,,,Size_1_x_1,,0,,1,br,BID_A_042_FuzzyBearSummerFemale,Cuddlebear Cutie,backpack,rare,,Beary Cuddly,3,3,2022-07-18T12:38:54Z
2026-09-15,v2:/f2cafb2b9c6511997650cc76ebc363d3fc7fd80aa7e4cdbe2f1e7df6fb6027ad,[VIRTUAL]1 x Heathens for 500 MtxCurrency,500,500,0,0.0,0,2026-09-01T00:00:00Z,2026-09-30T23:59:59.999Z,1,0,-68,JT091426,Jam Tracks,182,expandableList,Size_1_x_1,,0,,1,track,sid_placeholder_200,Heathens,,,,,,,2024-05-14T14:56:14Z
2026-09-15,v2:/fb25a14267018bdf0d185659f4adb8cfc2825f86ab13490b045a46e2019d9d47,[VIRTUAL]1 x American Idiot for 500 MtxCurrency,500,500,0,0.0,0,2026-09-01T00:00:00Z,2026-09-30T23:59:59.999Z,1,0,-97,JT091426,Jam Tracks,182,expandableList,Size_1_x_1,,0,,1,track,sid_placeholder_281,American Idiot,,,,,,,2024-09-20T00:00:00Z
2026-09-15,v2:/068ff9423f3f1fdc4e735622e62aedc834ad67bdcd7cab3c94ac29dd5d2ef8b8,"[VIRTUAL]1 x Syd, 1 x Cuddlebear Cutie for -1 MtxCurrency",1200,1200,0,0.0,0,2026-09-12T00:00:00Z,2026-09-18T23:59:59.999Z,1,0,-4,FND091526,Spotlight Drops,184,tileGrid,Size_1_x_1,,0,,2,br,CID_A_453_Athena_Commando_F_FuzzyBearSummer,Syd,outfit,rare,,Beary Cuddly,3,3,2022-07-18T12:38:54Z
2026-09-15,v2:/068ff9423f3f1fdc4e735622e62aedc834ad67bdcd7cab3c94ac29dd5d2ef8b8,"[VIRTUAL]1 x Syd, 1 x Cuddlebear Cutie for -1 MtxCurrency",1200,1200,0,0.0,0,2026-09-12T00:00:00Z,2026-09-18T23:59:59.999Z,1,0,-4,FND091526,Spotlight Drops,184,tileGrid,Size_1_x_1,,0,,2,br,BID_A_042_FuzzyBearSummerFemale,Cuddlebear Cutie,backpack,rare,,Beary Cuddly,3,3,2022-07-18T12:38:54Z
2026-09-15,v2:/ead11905f26b4b8feaa7c7a51b37a261f5185db775f4c43267063b505a27bbc2,"[VIRTUAL]1 x Wolverine's Claws, 1 x SNIKT-ing Go Time for 800 MtxCurrency",800,800,0,0.0,0,2026-09-15T00:00:00Z,2026-09-19T23:59:59.999Z,1,0,-1,,,,,Size_2_x_1,,0,,2,br,Pickaxe_OliveStomp,Wolverine's Claws,pickaxe,marvel,MARVEL SERIES,Deadpool & Wolverine,5,3,2024-07-26T15:47:44Z
2026-09-15,v2:/ead11905f26b4b8feaa7c7a51b37a261f5185db775f4c43267063b505a27bbc2,"[VIRTUAL]1 x Wolverine's Claws, 1 x SNIKT-ing Go Time for 800 MtxCurrency",800,800,0,0.0,0,2026-09-15T00:00:00Z,2026-09-19T23:59:59.999Z,1,0,-1,,,,,Size_2_x_1,,0,,2,br,EID_OliveStomp,SNIKT-ing Go Time,emote,marvel,MARVEL SERIES,Deadpool & Wolverine,5,3,2024-07-26T15:47:44Z
2026-09-15,v2:/f8f706f466469ab4fdd011a9dabb9a2c03294c094299b96d5d28ed4cbf8b505e,[VIRTUAL]1 x BMW M4 GT3 EVO for 700 MtxCurrency,700,700,0,0.0,0,2026-09-11T00:00:00Z,2026-09-15T23:59:59.999Z,1,0,-1,,,,,Size_3_x_1,,0,,1,car,Wheel_Topple01,BMW M4 GT3 EVO,wheel,uncommon,BMW SERIES,,,,2025-12-19T14:50:15Z
2026-09-15,v2:/13c726ea477744ace667c3312b7839b24976bd8f2adee1b5328be9a10279d43e,[VIRTUAL]1 x TBD (SID_Placeholder_488) for 500 MtxCurrency,500,500,0,0.0,0,2026-09-01T00:00:00Z,2026-09-30T23:59:59.999Z,1,0,-29,JT091426,Jam Tracks,182,expandableList,Size_1_x_1,,0,,1,track,sid_placeholder_488,No Scrubs,,,,,,,2025-01-23T15:05:07Z
2026-09-15,v2:/91ad4bd56d058b541208984b3104138cd7a526de501402b55ea773f8521e6743,[VIRTUAL]1 x TBD (SID_Placeholder_496) for 500 MtxCurrency,500,500,0,0.0,0,2026-09-01T00:00:00Z,2026-09-30T23:59:59.999Z,1,0,-44,JT091426,Jam Tracks,182,expandableList,Size_1_x_1,,0,,1,track,sid_placeholder_496,Ain't It Fun,,,,,,,2025-03-18T15:58:31Z
2026-09-15,v2:/496bb207f9c5f48304b5d93a9b15a3d3b6e2f327dd4cf8e35b54fdd16ed30140,[VIRTUAL]1 x Yee-Haw! for 1500 MtxCurrency,1500,1500,0,0.0,0,2026-09-15T00:00:00Z,2026-09-15T23:59:59.999Z,1,0,-1,BR091526,Full Flex,186,tileGrid,Size_1_x_1,,0,,1,br,CID_266_Athena_Commando_F_LlamaRider,Yee-Haw!,outfit,epic,,Llama Rodeo,1,6,2019-11-20T12:50:13Z
2026-09-15,v2:/40fc25c2c6c0b63a43acf7849c2fd953a71fa2cc21b24486886be6379dd878ee,[VIRTUAL]1 x Crimson Hooves for 600 MtxCurrency,600,600,0,0.0,0,2026-09-14T00:00:00Z,2026-09-20T23:59:59.999Z,1,0,-3,FND091526,Spotlight Drops,184,tileGrid,Size_1_x_1,,0,,1,br,Shoes_DevilDash,Crimson Hooves,shoe,uncommon,,,6,5,2025-10-11T00:24:36Z
2026-09-15,v2:/5113216e2b0c0f75456c11cd212067eab582951909ec4406c2d701e48ff0197b,[VIRTUAL]1 x 24K Magic for 500 MtxCurrency,500,500,0,0.0,0,2026-09-01T00:00:00Z,2026-09-30T23:59:59.999Z,1,0,-76,JT091426,Jam Tracks,182,expandableList,Size_1_x_1,,0,,1,track,sid_placeholder_70,24K Magic,,,,,,,2024-06-28T00:00:00Z
2026-09-15,v2:/c23ee59551d491921189f80ce7017618983d1beb576b723f7f3e7413f7beb9d5,[VIRTUAL]1 x Go Live for 400 MtxCurrency,400,400,0,0.0,0,2026-09-13T00:00:00Z,2026-09-15T23:59:59.999Z,1,0,-4,TypicalGamerIcons,Typical Gamer,181,tileGrid,Size_1_x_1,,0,,1,br,EID_QuarterClaspJoin,Go Live,emote,icon,Icon Series,Typical Gamer,7,2,2026-05-24T21:01:00Z
2026-09-15,v2:/34f2bc16fef4b9d95789f6c945f9632d7658f64125ae5d6ce665fbd1942d1091,[VIRTUAL]1 x TBD (SID_Placeholder_697) for 500 MtxCurrency,500,500,0,0.0,0,2026-09-01T00:00:00Z,2026-09-30T23:59:59.999Z,1,0,-14,JT091426,Jam Tracks,182,expandableList,Size_1_x_1,,0,,1,track,sid_placeholder_697,New Woman,,,,,,,2025-11-29T19:00:00Z
2026-09-15,v2:/d131454ce8b3d569dd05980f901381941a5f4a9c50a7ec5d69ea6edbfe571ad0,[VIRTUAL]1 x TBD (SID_Placeholder_846) for 500 MtxCurrency,500,500,0,0.0,0,2026-09-14T00:00:00Z,2026-09-17T23:59:59.999Z,1,0,-4,TaxiHeel,American Dad!,185,tileGrid,Size_1_x_1,,0,,1,track,sid_placeholder_846,Good Morning U.S.A. (Main Title Theme),,,,,,,2026-09-08T17:50:15Z
2026-09-15,v2:/3779b91ed6f327dad8902950740881faf33c4aea1582aebde2634c2f529652ce,[VIRTUAL]1 x Translucent Tote for 200 MtxCurrency,200,200,0,0.0,0,2026-09-15T00:00:00Z,2026-09-21T23:59:59.999Z,1,0,-1,,,,,Size_1_x_1,,0,,1,br,BID_797_StreetFashionSummer,Translucent Tote,backpack,rare,,Undercover Summer,2,7,2021-06-22T08:25:42Z
2026-09-15,v2:/e75053d0db470e0c192f2da8fd8f56aa62f39ae9edf2356216d9cf4bffd88499,[VIRTUAL]1 x Swordfish Saber for 800 MtxCurrency,800,800,0,0.0,0,2026-09-15T00:00:00Z,2026-09-19T23:59:59.999Z,1,0,-1,WolverineShop,Marvel,197,tileGrid,Size_1_x_1,,0,,1,br,Pickaxe_CattleJar,Swordfish Saber,pickaxe,marvel,MARVEL SERIES,Meowtooth,5,4,2024-09-05T14:25:10Z
2026-09-15,v2:/fe30e2722722fc848d0030dcdad74b3adbf39d0ebe956dbea1b0fe14080d067e,[VIRTUAL]1 x TBD (SID_Placeholder_789) for 500 MtxCurrency,500,500,0,0.0,0,2026-09-11T00:00:00Z,2026-09-17T23:59:59.999Z,1,0,-1,JT091426,Jam Tracks,182,tileGrid,Size_1_x_1,,0,,1,track,sid_placeholder_789,I'm So ATL,,,,,,,2026-05-12T14:27:52Z
2026-09-15,v2:/a482011489f57ef878b5feb1c6576e49aa0fa28e41bcb355dee94dbfed48ff82,[VIRTUAL]1 x Poker Face for 500 MtxCurrency,500,500,0,0.0,0,2026-09-01T00:00:00Z,2026-09-30T23:59:59.999Z,1,0,-39,JT091426,Jam Tracks,182,expandableList,Size_1_x_1,,0,,1,track,sid_placeholder_78,Poker Face,,,,,,,2024-02-22T10:58:10Z
2026-09-15,v2:/92dd6980e2741374c4c3a723367215ff59b5549a05bac2dc82e6d251fd46b145,[VIRTUAL]1 x TBD (SID_Placeholder_795) for 500 MtxCurrency,500,500,0,0.0,0,2026-09-01T00:00:00Z,2026-09-30T23:59:59.999Z,1,0,-12,JT091426,Jam Tracks,182,expandableList,Size_1_x_1,,0,,1,track,sid_placeholder_795,I'll Believe in Anything,,,,,,,2026-05-19T14:12:36Z
2026-09-15,v2:/f0393ca21fb50c024beee84a68c86949caadbbea24b140c5178e1467b7bdb9ae,"[VIRTUAL]1 x D.Va, 1 x Tokki's Slicer, 1 x Travel Tokki Model for -1 MtxCurrency",1600,1600,0,0.0,0,2026-09-12T00:00:00Z,2026-09-16T23:59:59.999Z,1,0,-1,Overwatch,Overwatch,190,tileGrid,Size_1_x_1,,1,D.Va,3,br,Character_SkiffGrind,D.Va,outfit,gaminglegends,Gaming Legends Series,Overwatch,7,2,2026-05-14T09:00:00Z
2026-09-15,v2:/f0393ca21fb50c024beee84a68c86949caadbbea24b140c5178e1467b7bdb9ae,"[VIRTUAL]1 x D.Va, 1 x Tokki's Slicer, 1 x Travel Tokki Model for -1 MtxCurrency",1600,1600,0,0.0,0,2026-09-12T00:00:00Z,2026-09-16T23:59:59.999Z,1,0,-1,Overwatch,Overwatch,190,tileGrid,Size_1_x_1,,1,D.Va,3,br,Pickaxe_SkiffGrind,Tokki's Slicer,pickaxe,gaminglegends,Gaming Legends Series,Overwatch,7,2,2026-05-14T09:00:00Z
2026-09-15,v2:/f0393ca21fb50c024beee84a68c86949caadbbea24b140c5178e1467b7bdb9ae,"[VIRTUAL]1 x D.Va, 1 x Tokki's Slicer, 1 x Travel Tokki Model for -1 MtxCurrency",1600,1600,0,0.0,0,2026-09-12T00:00:00Z,2026-09-16T23:59:59.999Z,1,0,-1,Overwatch,Overwatch,190,tileGrid,Size_1_x_1,,1,D.Va,3,br,Backpack_SkiffGrind,Travel Tokki Model,backpack,gaminglegends,Gaming Legends Series,Overwatch,7,2,2026-05-14T09:00:00Z
2026-09-15,v2:/04ef72eefade2dea42dd5d60a268fc1e4a4582b9cef5010502eeb7486bfa1ce3,[VIRTUAL]1 x Tracer's Pulse Knives for 500 MtxCurrency,500,500,0,0.0,0,2026-09-12T00:00:00Z,2026-09-16T23:59:59.999Z,1,0,-3,Overwatch,Overwatch,190,tileGrid,Size_1_x_1,,0,,1,br,Pickaxe_LooseCreep,Tracer's Pulse Knives,pickaxe,gaminglegends,Gaming Legends Series,Overwatch,7,2,2026-05-14T09:00:00Z
2026-09-15,v2:/8e26f9a2a45a852d4ffd10e113737d9409f870a9e67dba356e4b31cf15681259,[VIRTUAL]1 x Mastodon Coin for 300 MtxCurrency,300,300,0,0.0,0,2026-09-12T00:00:00Z,2026-09-15T23:59:59.999Z,1,0,-2,Rangers,Power Rangers,187,tileGrid,Size_1_x_1,,0,,1,br,Backpack_FumeFleeceShack,Mastodon Coin,backpack,rare,,Mighty Morphin,6,5,2025-08-07T13:36:11Z
2026-09-15,v2:/265e3f5db47d52e5c3407d519b8cb76484cec27f6c719a43f32ff17e8784a138,[VIRTUAL]1 x Cipher for 1200 MtxCurrency,1200,1200,0,0.0,0,2026-09-14T00:00:00Z,2026-09-16T23:59:59.999Z,1,0,-2,FND091526,Spotlight Drops,184,tileGrid,Size_1_x_1,,0,,1,br,CID_110_Athena_Commando_F_CircuitBreaker,Cipher,outfit,rare,,Overclocked,1,3,2019-11-20T12:50:25Z
2026-09-15,v2:/e5098f42fdf974c78979c8e630ebb5fc76c572aed562d950a3131ed027f845ba,[VIRTUAL]1 x Power Lance for 500 MtxCurrency,500,500,0,0.0,0,2026-09-12T00:00:00Z,2026-09-15T23:59:59.999Z,1,0,-3,Rangers,Power Rangers,187,tileGrid,Size_1_x_1,,0,,1,br,Pickaxe_FumeFleeceClap,Power Lance,pickaxe,rare,,Mighty Morphin,6,5,2025-08-07T13:36:11Z
2026-09-15,v2:/a08add13d706ff88b4479770bb669efa45abd97774028c0afcfc53c5ee83beb9,[VIRTUAL]1 x Kit K.O. for 500 MtxCurrency,500,500,0,0.0,0,2026-09-15T00:00:00Z,2026-09-16T23:59:59.999Z,1,0,-3,BR091526,Full Flex,186,tileGrid,Size_1_x_1,Reactive wrap!,0,,1,br,Wrap_FashionFeline,Kit K.O.,wrap,rare,,Meowscles of a Boxer,6,5,2025-10-02T12:10:53Z
2026-09-15,v2:/69a30785e933f89bc06ad9935dd08d520ca72a47e8ea5e9ee0bc528f272feae4,[VIRTUAL]1 x TBD (SID_Placeholder_786) for 500 MtxCurrency,500,500,0,0.0,0,2026-09-01T00:00:00Z,2026-09-30T23:59:59.999Z,1,0,-40,JT091426,Jam Tracks,182,expandableList,Size_1_x_1,,0,,1,track,sid_placeholder_786,NEVER ENOUGH,,,,,,,2026-04-28T14:30:14Z
2026-09-15,v2:/a583ad95670c4c383e30f469f70663ee3f19457c4981a373594becb328b77959,[VIRTUAL]1 x Shellie for 300 MtxCurrency,300,300,0,0.0,0,2026-09-15T00:00:00Z,2026-09-21T23:59:59.999Z,1,0,-6,,,,,Size_1_x_1,,0,,1,br,BID_454_Gummi,Shellie,backpack,rare,,Fish Food,2,1,2020-01-15T09:35:49Z
2026-09-15,v2:/9a1270c9b203a4f3cee954b51ee6223b4007633f9b32a3cbb3cf8c9893ceddc5,[VIRTUAL]1 x Tyrannosaurus Coin for 300 MtxCurrency,300,300,0,0.0,0,2026-09-12T00:00:00Z,2026-09-15T23:59:59.999Z,1,0,-2,Rangers,Power Rangers,187,tileGrid,Size_1_x_1,,0,,1,br,Backpack_FumeFleeceFade,Tyrannosaurus Coin,backpack,rare,,Mighty Morphin,6,5,2025-08-07T13:36:11Z
2026-09-15,v2:/3fd87c909757c5f5fa7a7b2ad33616782f4caa67361d0aef14d071a33c2a177d,[VIRTUAL]1 x Champion Chopper for 500 MtxCurrency,500,500,0,0.0,0,2026-09-14T00:00:00Z,2026-09-16T23:59:59.999Z,1,0,-1,WickedMindFNCS,FNCS,191,tileGrid,Size_1_x_1,,0,,1,br,Pickaxe_HappyFNCS,Champion Chopper,pickaxe,uncommon,,FNCS,6,6,2025-11-02T20:05:32Z
2026-09-15,v2:/0c9d081c7bb04fab30554ae770bdc1297b5ac633ed27b11a7209bc3f5cec5547,[VIRTUAL]1 x Uncontrollable Dance for 400 MtxCurrency,400,400,0,0.0,0,2026-09-12T00:00:00Z,2026-09-15T23:59:59.999Z,1,0,-4,Rangers,Power Rangers,187,tileGrid,Size_1_x_1,,0,,1,br,EID_FumeFleeceWag,Uncontrollable Dance,emote,uncommon,,Mighty Morphin,6,5,2025-08-07T13:36:11Z
2026-09-15,v2:/84f5159ddd0e1e1eb2f56cf05c4ecc42b1feca97a993316c495e97ea1069a677,[VIRTUAL]1 x TBD (SID_Placeholder_686) for 500 MtxCurrency,500,500,0,0.0,0,2026-09-01T00:00:00Z,2026-09-30T23:59:59.999Z,1,0,-26,JT091426,Jam Tracks,182,expandableList,Size_1_x_1,,0,,1,track,sid_placeholder_686,Ring Ring Ring,,,,,,,2025-11-14T14:43:54Z
2026-09-15,v2:/a50a42495e4bbc78be3206e82f432511dab62062b886676c22ee6abd89d8f6b7,"[VIRTUAL]1 x Deadpool (Pen & Ink), 1 x Headpool, 1 x DP's Katanas, 1 x What!? No Way!, 1 x Wrap-pool for -1 MtxCurrency",2000,2000,0,0.0,0,2026-09-15T00:00:00Z,2026-09-19T23:59:59.999Z,1,0,-2,WolverineShop,Marvel,197,tileGrid,Size_1_x_1,,1,Deadpool (Pen & Ink),5,br,Character_DriedSilk,Deadpool (Pen & Ink),outfit,marvel,MARVEL SERIES,Deadpool & Wolverine,5,3,2024-07-26T15:47:44Z
2026-09-15,v2:/a50a42495e4bbc78be3206e82f432511dab62062b886676c22ee6abd89d8f6b7,"[VIRTUAL]1 x Deadpool (Pen & Ink), 1 x Headpool, 1 x DP's Katanas, 1 x What!? No Way!, 1 x Wrap-pool for -1 MtxCurrency",2000,2000,0,0.0,0,2026-09-15T00:00:00Z,2026-09-19T23:59:59.999Z,1,0,-2,WolverineShop,Marvel,197,tileGrid,Size_1_x_1,,1,Deadpool (Pen & Ink),5,br,Backpack_DriedSilk,Headpool,backpack,marvel,MARVEL SERIES,Deadpool & Wolverine,5,3,2024-07-26T15:47:44Z
2026-09-15,v2:/a50a42495e4bbc78be3206e82f432511dab62062b886676c22ee6abd89d8f6b7,"[VIRTUAL]1 x Deadpool (Pen & Ink), 1 x Headpool, 1 x DP's Katanas, 1 x What!? No Way!, 1 x Wrap-pool for -1 MtxCurrency",2000,2000,0,0.0,0,2026-09-15T00:00:00Z,2026-09-19T23:59:59.999Z,1,0,-2,WolverineShop,Marvel,197,tileGrid,Size_1_x_1,,1,Deadpool (Pen & Ink),5,br,Pickaxe_DriedSilk,DP's Katanas,pickaxe,marvel,MARVEL SERIES,Deadpool & Wolverine,5,3,2024-07-26T15:47:44Z
2026-09-15,v2:/a50a42495e4bbc78be3206e82f432511dab62062b886676c22ee6abd89d8f6b7,"[VIRTUAL]1 x Deadpool (Pen & Ink), 1 x Headpool, 1 x DP's Katanas, 1 x What!? No Way!, 1 x Wrap-pool for -1 MtxCurrency",2000,2000,0,0.0,0,2026-09-15T00:00:00Z,2026-09-19T23:59:59.999Z,1,0,-2,WolverineShop,Marvel,197,tileGrid,Size_1_x_1,,1,Deadpool (Pen & Ink),5,br,EID_DriedSilk,What!? No Way!,emote,marvel,MARVEL SERIES,Deadpool & Wolverine,5,3,2024-07-26T15:47:44Z
2026-09-15,v2:/a50a42495e4bbc78be3206e82f432511dab62062b886676c22ee6abd89d8f6b7,"[VIRTUAL]1 x Deadpool (Pen & Ink), 1 x Headpool, 1 x DP's Katanas, 1 x What!? No Way!, 1 x Wrap-pool for -1 MtxCurrency",2000,2000,0,0.0,0,2026-09-15T00:00:00Z,2026-09-19T23:59:59.999Z,1,0,-2,WolverineShop,Marvel,197,tileGrid,Size_1_x_1,,1,Deadpool (Pen & Ink),5,br,Wrap_DriedSilk,Wrap-pool,wrap,marvel,MARVEL SERIES,Deadpool & Wolverine,5,3,2024-07-26T15:47:44Z
2026-09-15,v2:/70062bf3765a3b15edff3c2d005833b7f9285d0d89f342731c5e7b01834b3e06,[VIRTUAL]1 x Sandshark Driver for 800 MtxCurrency,800,800,0,0.0,0,2026-09-15T00:00:00Z,2026-09-21T23:59:59.999Z,1,0,-3,NS091526,No Sweat,192,tileGrid,Size_1_x_1,,0,,1,br,CID_796_Athena_Commando_F_Tank,Sandshark Driver,outfit,uncommon,,Tank Squadron,2,3,2020-07-21T08:17:24Z
2026-09-15,v2:/6c16bf75af9387a490a74809a1f19c3a58576906ba636c883c8ae89cb81e8c82,[VIRTUAL]1 x Unsainted for 500 MtxCurrency,500,500,0,0.0,0,2026-09-01T00:00:00Z,2026-09-30T23:59:59.999Z,1,0,-61,JT091426,Jam Tracks,182,expandableList,Size_1_x_1,,0,,1,track,sid_placeholder_266,Unsainted,,,,,,,2024-07-26T00:00:00Z
2026-09-15,v2:/0ac8969a000ee7db8dac214e1052f3eb4830612d91e92d520558cf2b56709ea7,[VIRTUAL]1 x Hey Ya! for 500 MtxCurrency,500,500,0,0.0,0,2026-09-01T00:00:00Z,2026-09-30T23:59:59.999Z,1,0,-82,JT091426,Jam Tracks,182,expandableList,Size_1_x_1,,0,,1,track,sid_placeholder_283,Hey Ya!,,,,,,,2024-11-27T14:32:37Z
2026-09-15,v2:/aa3b08e48ec97b961984027f76ba9982fa16e097cb3f00697540548ccfb7539c,[VIRTUAL]1 x Better Now for 500 MtxCurrency,500,500,0,0.0,0,2026-09-01T00:00:00Z,2026-09-30T23:59:59.999Z,1,0,-62,JT091426,Jam Tracks,182,expandableList,Size_1_x_1,,0,,1,track,sid_placeholder_203,Better Now,,,,,,,2024-06-06T13:32:50Z
2026-09-15,v2:/22520791a77c160f6c41d4f2519b64a007916a1f5d694a28042efe773088cce0,[VIRTUAL]1 x Killing In The Name for 500 MtxCurrency,500,500,0,0.0,0,2026-09-01T00:00:00Z,2026-09-30T23:59:59.999Z,1,0,-92,JT091426,Jam Tracks,182,expandableList,Size_1_x_1,,0,,1,track,sid_placeholder_202,Killing In The Name,,,,,,,2024-04-30T14:34:03Z
2026-09-15,v2:/695e483107f610d0df769f5b8787bfe107050f8d23e00576af3a44f0ed8c7c24,[VIRTUAL]1 x Come & Go for 500 MtxCurrency,500,500,0,0.0,0,2026-09-11T00:00:00Z,2026-09-17T23:59:59.999Z,1,0,-2,JT091426,Jam Tracks,182,tileGrid,Size_1_x_1,,0,,1,track,sid_placeholder_28,Come & Go,,,,,,,2024-03-14T03:43:45Z
2026-09-15,v2:/e67f4be1d49b5575c97ed8c68117bd061089c3a7cb8df3176b261910fdb19319,[VIRTUAL]1 x Zordon's Message for 300 MtxCurrency,300,300,0,0.0,0,2026-09-12T00:00:00Z,2026-09-15T23:59:59.999Z,1,0,-4,Rangers,Power Rangers,187,tileGrid,Size_1_x_1,,0,,1,br,EID_FumeFleeceShack,Zordon's Message,emote,uncommon,,Mighty Morphin,6,5,2025-08-07T13:36:11Z
2026-09-15,v2:/ff1069eb9dba0f3239fadb41057439505c5b12a02ee95f3d6e99b540095e29d0,[VIRTUAL]1 x TBD (SID_Placeholder_732) for 500 MtxCurrency,500,500,0,0.0,0,2026-09-11T00:00:00Z,2026-09-17T23:59:59.999Z,1,0,-4,JT091426,Jam Tracks,182,tileGrid,Size_1_x_1,,0,,1,track,sid_placeholder_732,Mary on a Cross,,,,,,,2026-01-22T14:02:05Z
2026-09-15,v2:/4dbd6a6e81038574342444959ca7e87cb148280fecbe2f82091ae17282ceb777,[VIRTUAL]1 x MONTERO (Call Me By Your Name) for 500 MtxCurrency,500,500,0,0.0,0,2026-09-01T00:00:00Z,2026-09-30T23:59:59.999Z,1,0,-72,JT091426,Jam Tracks,182,expandableList,Size_1_x_1,,0,,1,track,sid_placeholder_286,MONTERO (Call Me By Your Name),,,,,,,2024-10-24T14:53:04Z
2026-09-15,v2:/2f6eb798f2f600b5e98cf31119b53e57c2151e6ba1a1204f65060978946ec003,[VIRTUAL]1 x TBD (SID_Placeholder_631) for 500 MtxCurrency,500,500,0,0.0,0,2026-09-12T00:00:00Z,2026-09-15T23:59:59.999Z,1,0,-2,Rangers,Power Rangers,187,tileGrid,Size_1_x_1,,0,,1,track,sid_placeholder_631,Go Go Power Rangers,,,,,,,2025-08-08T14:17:52Z
2026-09-15,v2:/ed33eee2c29ab87594055b2949066035488e525ccf5f3d63302ab857990ab816,[VIRTUAL]1 x Shimada Spinners for 400 MtxCurrency,400,400,0,0.0,0,2026-09-12T00:00:00Z,2026-09-16T23:59:59.999Z,1,0,-1,Overwatch,Overwatch,190,tileGrid,Size_1_x_1,,0,,1,car,Wheel_BlueTorque02,Shimada Spinners,wheel,uncommon,GAMING LEGENDS SERIES,,,,2026-05-14T09:00:00Z
2026-09-15,v2:/e5803144dd782ddc2553fb3d6a18dd013db3f8281ded3bface13f2c7f972e214,"[VIRTUAL]1 x Genji, 1 x Ryū Ichimonji, 1 x Ryū Ichimonji for -1 MtxCurrency",1600,1600,0,0.0,0,2026-09-12T00:00:00Z,2026-09-16T23:59:59.999Z,1,0,-5,Overwatch,Overwatch,190,tileGrid,Size_1_x_1,,1,Genji,3,br,Character_FacetBlom,Genji,outfit,gaminglegends,Gaming Legends Series,Overwatch,7,2,2026-05-14T09:00:00Z
2026-09-15,v2:/e5803144dd782ddc2553fb3d6a18dd013db3f8281ded3bface13f2c7f972e214,"[VIRTUAL]1 x Genji, 1 x Ryū Ichimonji, 1 x Ryū Ichimonji for -1 MtxCurrency",1600,1600,0,0.0,0,2026-09-12T00:00:00Z,2026-09-16T23:59:59.999Z,1,0,-5,Overwatch,Overwatch,190,tileGrid,Size_1_x_1,,1,Genji,3,br,Pickaxe_FacetBlom,Ryū Ichimonji,pickaxe,gaminglegends,Gaming Legends Series,Overwatch,7,2,2026-05-14T09:00:00Z
2026-09-15,v2:/e5803144dd782ddc2553fb3d6a18dd013db3f8281ded3bface13f2c7f972e214,"[VIRTUAL]1 x Genji, 1 x Ryū Ichimonji, 1 x Ryū Ichimonji for -1 MtxCurrency",1600,1600,0,0.0,0,2026-09-12T00:00:00Z,2026-09-16T23:59:59.999Z,1,0,-5,Overwatch,Overwatch,190,tileGrid,Size_1_x_1,,1,Genji,3,br,Backpack_FacetBlom,Ryū Ichimonji,backpack,gaminglegends,Gaming Legends Series,Overwatch,7,2,2026-05-14T09:00:00Z
2026-09-15,v2:/3e617045452e12d603b9c232a64fa6f0461ade4c89be3ab41d392badb05f4a2b,[VIRTUAL]1 x X-Tracker for 500 MtxCurrency,500,500,0,0.0,0,2026-09-15T00:00:00Z,2026-09-19T23:59:59.999Z,1,0,-1,,,,,Size_1_x_1,,0,,1,br,Wrap_HydroBottle,X-Tracker,wrap,marvel,MARVEL SERIES,Weapon X,5,3,2024-07-03T00:00:00Z
2026-09-15,v2:/c27e76dd50db7f49c7a5818f3fd744434bdf8ba6f06a2ce1331756d253b095ac,[VIRTUAL]1 x TBD (SID_Placeholder_508) for 500 MtxCurrency,500,500,0,0.0,0,2026-09-01T00:00:00Z,2026-09-30T23:59:59.999Z,1,0,-80,JT091426,Jam Tracks,182,expandableList,Size_1_x_1,,0,,1,track,sid_placeholder_508,The Way I Are,,,,,,,2025-02-27T16:52:57Z
2026-09-15,v2:/17d96d48baedead63b9fc8a977f2053605f1a14ae86104b180e105699c45a577,"[VIRTUAL]1 x Chaos Champion, 1 x Champion's Emblem, 1 x Champion Chopper, 1 x Champion's Chaos, 1 x Champion's Medal for -1 MtxCurrency",2500,1600,900,0.36,1,2026-09-14T00:00:00Z,2026-09-16T23:59:59.999Z,1,0,-2,WickedMindFNCS,FNCS,191,tileGrid,Size_3_x_1,,1,Chaos Champion Bundle,5,br,Character_WickedMindFNCS,Chaos Champion,outfit,epic,,FNCS,6,6,2025-11-02T20:05:32Z
2026-09-15,v2:/17d96d48baedead63b9fc8a977f2053605f1a14ae86104b180e105699c45a577,"[VIRTUAL]1 x Chaos Champion, 1 x Champion's Emblem, 1 x Champion Chopper, 1 x Champion's Chaos, 1 x Champion's Medal for -1 MtxCurrency",2500,1600,900,0.36,1,2026-09-14T00:00:00Z,2026-09-16T23:59:59.999Z,1,0,-2,WickedMindFNCS,FNCS,191,tileGrid,Size_3_x_1,,1,Chaos Champion Bundle,5,br,Backpack_FNCS_S38,Champion's Emblem,backpack,rare,,FNCS,6,6,2025-11-02T20:05:32Z
2026-09-15,v2:/17d96d48baedead63b9fc8a977f2053605f1a14ae86104b180e105699c45a577,"[VIRTUAL]1 x Chaos Champion, 1 x Champion's Emblem, 1 x Champion Chopper, 1 x Champion's Chaos, 1 x Champion's Medal for -1 MtxCurrency",2500,1600,900,0.36,1,2026-09-14T00:00:00Z,2026-09-16T23:59:59.999Z,1,0,-2,WickedMindFNCS,FNCS,191,tileGrid,Size_3_x_1,,1,Chaos Champion Bundle,5,br,Pickaxe_HappyFNCS,Champion Chopper,pickaxe,uncommon,,FNCS,6,6,2025-11-02T20:05:32Z
2026-09-15,v2:/17d96d48baedead63b9fc8a977f2053605f1a14ae86104b180e105699c45a577,"[VIRTUAL]1 x Chaos Champion, 1 x Champion's Emblem, 1 x Champion Chopper, 1 x Champion's Chaos, 1 x Champion's Medal for -1 MtxCurrency",2500,1600,900,0.36,1,2026-09-14T00:00:00Z,2026-09-16T23:59:59.999Z,1,0,-2,WickedMindFNCS,FNCS,191,tileGrid,Size_3_x_1,,1,Chaos Champion Bundle,5,br,Wrap_WickedMindFNCS,Champion's Chaos,wrap,rare,,FNCS,6,6,2025-11-02T20:05:32Z
2026-09-15,v2:/17d96d48baedead63b9fc8a977f2053605f1a14ae86104b180e105699c45a577,"[VIRTUAL]1 x Chaos Champion, 1 x Champion's Emblem, 1 x Champion Chopper, 1 x Champion's Chaos, 1 x Champion's Medal for -1 MtxCurrency",2500,1600,900,0.36,1,2026-09-14T00:00:00Z,2026-09-16T23:59:59.999Z,1,0,-2,WickedMindFNCS,FNCS,191,tileGrid,Size_3_x_1,,1,Chaos Champion Bundle,5,br,EID_VictoryHighway,Champion's Medal,emote,uncommon,,,6,5,2025-09-10T08:18:34Z
2026-09-15,v2:/ae3818cfad4bfe3037056dd6089db06cdbccf624fb2b4763de9feabaefae9ba1,[VIRTUAL]1 x TBD (SID_Placeholder_594) for 500 MtxCurrency,500,500,0,0.0,0,2026-09-01T00:00:00Z,2026-09-30T23:59:59.999Z,1,0,-31,JT091426,Jam Tracks,182,expandableList,Size_1_x_1,,0,,1,track,sid_placeholder_594,Sunflower - Spider-Man: Into the Spider-Verse,,,,,,,2025-06-04T00:24:13Z
2026-09-15,v2:/000321c9c526d2c4d7a6816603fea600f4c1ccfee06aa96e334639c2816ea8d0,[VIRTUAL]1 x Distraction Dance for 500 MtxCurrency,500,500,0,0.0,0,2026-09-14T00:00:00Z,2026-09-17T23:59:59.999Z,1,0,-1,,,,,Size_2_x_1,,0,,1,br,EID_LimaBean,Distraction Dance,emote,gaminglegends,Gaming Legends Series,Among Us,3,3,2022-06-09T14:02:07Z
2026-09-15,v2:/f2121a1eed5418766ced60119f75353770dd3e8764d380b5a561e60c72e5b0f2,[VIRTUAL]1 x Nothing Else Matters for 500 MtxCurrency,500,500,0,0.0,0,2026-09-01T00:00:00Z,2026-09-30T23:59:59.999Z,1,0,-70,JT091426,Jam Tracks,182,expandableList,Size_1_x_1,,0,,1,track,sid_placeholder_237,Nothing Else Matters,,,,,,,2024-06-20T00:00:00Z
2026-09-15,v2:/80f90d64b6f50026a74b301616a06f17b6a12ca236d87c10f6ac8ad4bed2cf1e,[VIRTUAL]1 x TBD (SID_Placeholder_455) for 500 MtxCurrency,500,500,0,0.0,0,2026-09-01T00:00:00Z,2026-09-30T23:59:59.999Z,1,0,-69,JT091426,Jam Tracks,182,expandableList,Size_1_x_1,,0,,1,track,sid_placeholder_455,IDOL,,,,,,,2025-02-06T21:54:35Z
2026-09-15,v2:/664889ad1545e9c4cc2a3ef75cdb28619f767a8afc2c248e27fa472301a7c22a,"[VIRTUAL]1 x Weapon X, 1 x Experiment X Gear, 1 x Weapon X Claws, 1 x X-Tracker for -1 MtxCurrency",2000,2000,0,0.0,0,2026-09-15T00:00:00Z,2026-09-19T23:59:59.999Z,1,0,-1,WolverineShop,Marvel,197,tileGrid,Size_1_x_1,,1,Weapon X,4,br,Character_HydroBottle,Weapon X,outfit,marvel,MARVEL SERIES,Weapon X,5,3,2024-07-03T00:00:00Z
2026-09-15,v2:/664889ad1545e9c4cc2a3ef75cdb28619f767a8afc2c248e27fa472301a7c22a,"[VIRTUAL]1 x Weapon X, 1 x Experiment X Gear, 1 x Weapon X Claws, 1 x X-Tracker for -1 MtxCurrency",2000,2000,0,0.0,0,2026-09-15T00:00:00Z,2026-09-19T23:59:59.999Z,1,0,-1,WolverineShop,Marvel,197,tileGrid,Size_1_x_1,,1,Weapon X,4,br,Backpack_HydroBottle,Experiment X Gear,backpack,marvel,MARVEL SERIES,Weapon X,5,3,2024-07-03T00:00:00Z
2026-09-15,v2:/664889ad1545e9c4cc2a3ef75cdb28619f767a8afc2c248e27fa472301a7c22a,"[VIRTUAL]1 x Weapon X, 1 x Experiment X Gear, 1 x Weapon X Claws, 1 x X-Tracker for -1 MtxCurrency",2000,2000,0,0.0,0,2026-09-15T00:00:00Z,2026-09-19T23:59:59.999Z,1,0,-1,WolverineShop,Marvel,197,tileGrid,Size_1_x_1,,1,Weapon X,4,br,Pickaxe_HydroBottle,Weapon X Claws,pickaxe,marvel,MARVEL SERIES,Weapon X,5,3,2024-07-03T00:00:00Z
2026-09-15,v2:/664889ad1545e9c4cc2a3ef75cdb28619f767a8afc2c248e27fa472301a7c22a,"[VIRTUAL]1 x Weapon X, 1 x Experiment X Gear, 1 x Weapon X Claws, 1 x X-Tracker for -1 MtxCurrency",2000,2000,0,0.0,0,2026-09-15T00:00:00Z,2026-09-19T23:59:59.999Z,1,0,-1,WolverineShop,Marvel,197,tileGrid,Size_1_x_1,,1,Weapon X,4,br,Wrap_HydroBottle,X-Tracker,wrap,marvel,MARVEL SERIES,Weapon X,5,3,2024-07-03T00:00:00Z
2026-09-15,v2:/5d49a2738b1d0e4fa52965a4c464c1c709353827f5cf8c155e145ee4025e1fcd,[VIRTUAL]1 x Crank That (Soulja Boy) for 500 MtxCurrency,500,500,0,0.0,0,2026-09-01T00:00:00Z,2026-09-30T23:59:59.999Z,1,0,-45,JT091426,Jam Tracks,182,expandableList,Size_1_x_1,,0,,1,track,sid_placeholder_382,Crank That (Soulja Boy),,,,,,,2024-11-02T07:02:33Z
2026-09-15,v2:/e54cd0520168fa90b3851561567ac2c4203b3baa1c61b4407435eab94eb0adf5,[VIRTUAL]1 x Champion's Chaos for 500 MtxCurrency,500,500,0,0.0,0,2026-09-14T00:00:00Z,2026-09-16T23:59:59.999Z,1,0,-4,WickedMindFNCS,FNCS,191,tileGrid,Size_1_x_1,,0,,1,br,Wrap_WickedMindFNCS,Champion's Chaos,wrap,rare,,FNCS,6,6,2025-11-02T20:05:32Z
2026-09-15,v2:/c7a264a19af69fc45fd9d4095f8a1aaf4212ac621672a7face955eb101cd4d79,[VIRTUAL]1 x Save Your Tears for 500 MtxCurrency,500,500,0,0.0,0,2026-09-11T00:00:00Z,2026-09-17T23:59:59.999Z,1,0,-3,JT091426,Jam Tracks,182,tileGrid,Size_1_x_1,,0,,1,track,sid_placeholder_05,Save Your Tears,,,,,,,2023-12-09T15:00:00Z
2026-09-15,v2:/9b7793f257f5eb47a024085691ddfb20ff5c9a19bf652d0055cde03c05e600a2,[VIRTUAL]1 x Klaus Heisler for 600 MtxCurrency,600,600,0,0.0,0,2026-09-14T00:00:00Z,2026-09-17T23:59:59.999Z,1,0,-4,TaxiHeel,American Dad!,185,tileGrid,Size_1_x_1,,0,,1,br,Backpack_GrowMallet,Klaus Heisler,backpack,rare,,American Dad!,7,3,2026-07-02T13:00:56Z
2026-09-15,v2:/67761add679c1899bd56234da6b301302507a228f25e7f0fbb040b41adad6a5b,[VIRTUAL]1 x TBD (SID_Placeholder_823) for 500 MtxCurrency,500,500,0,0.0,0,2026-09-01T00:00:00Z,2026-09-30T23:59:59.999Z,1,0,-19,JT091426,Jam Tracks,182,expandableList,Size_1_x_1,,0,,1,track,sid_placeholder_823,He Gets Me So High,,,,,,,2026-06-16T14:07:21Z
2026-09-15,v2:/f45881d41bc2901c18487fb534f603b8500b6f2c54b9a906f3b1e32dc0032de9,"[VIRTUAL]1 x Lil Wayne, 1 x Milli Bricks, 1 x Lollipop, 1 x Young Money Stage, 1 x Weezy, 1 x Weezy Board, 1 x 6 Foot 7 Foot, 1 x Weezy Boardbreaker, 1 x YM Burner, 1 x Weezy's Pose, 1 x Tha Guitar, 1 x Tha Guitar, 1 x Tha Guitar, 1 x TBD (SID_Placeholder_870), 1 x TBD (SID_Placeholder_871), 1 x TBD (SID_Placeholder_872) for -1 MtxCurrency",8400,3600,4800,0.5714,1,2026-09-13T00:00:00Z,2026-09-22T23:59:59.999Z,1,0,-2,LilWayneNo/Violators,Lil Wayne,196,billboard,Size_4_x_1,,1,Lil Wayne Bundle,16,br,Character_NoiseClueLurch,Lil Wayne,outfit,icon,Icon Series,Lil Wayne,7,4,2026-09-10T16:36:49Z
2026-09-15,v2:/f45881d41bc2901c18487fb534f603b8500b6f2c54b9a906f3b1e32dc0032de9,"[VIRTUAL]1 x Lil Wayne, 1 x Milli Bricks, 1 x Lollipop, 1 x Young Money Stage, 1 x Weezy, 1 x Weezy Board, 1 x 6 Foot 7 Foot, 1 x Weezy Boardbreaker, 1 x YM Burner, 1 x Weezy's Pose, 1 x Tha Guitar, 1 x Tha Guitar, 1 x Tha Guitar, 1 x TBD (SID_Placeholder_870), 1 x TBD (SID_Placeholder_871), 1 x TBD (SID_Placeholder_872) for -1 MtxCurrency",8400,3600,4800,0.5714,1,2026-09-13T00:00:00Z,2026-09-22T23:59:59.999Z,1,0,-2,LilWayneNo/Violators,Lil Wayne,196,billboard,Size_4_x_1,,1,Lil Wayne Bundle,16,br,Backpack_NoiseClueLurch,Milli Bricks,backpack,icon,Icon Series,Lil Wayne,7,4,2026-09-10T16:36:49Z
2026-09-15,v2:/f45881d41bc2901c18487fb534f603b8500b6f2c54b9a906f3b1e32dc0032de9,"[VIRTUAL]1 x Lil Wayne, 1 x Milli Bricks, 1 x Lollipop, 1 x Young Money Stage, 1 x Weezy, 1 x Weezy Board, 1 x 6 Foot 7 Foot, 1 x Weezy Boardbreaker, 1 x YM Burner, 1 x Weezy's Pose, 1 x Tha Guitar, 1 x Tha Guitar, 1 x Tha Guitar, 1 x TBD (SID_Placeholder_870), 1 x TBD (SID_Placeholder_871), 1 x TBD (SID_Placeholder_872) for -1 MtxCurrency",8400,3600,4800,0.5714,1,2026-09-13T00:00:00Z,2026-09-22T23:59:59.999Z,1,0,-2,LilWayneNo/Violators,Lil Wayne,196,billboard,Size_4_x_1,,1,Lil Wayne Bundle,16,br,EID_NoiseClueLurch,Lollipop,emote,icon,Icon Series,Lil Wayne,7,4,2026-09-10T16:36:49Z
2026-09-15,v2:/f45881d41bc2901c18487fb534f603b8500b6f2c54b9a906f3b1e32dc0032de9,"[VIRTUAL]1 x Lil Wayne, 1 x Milli Bricks, 1 x Lollipop, 1 x Young Money Stage, 1 x Weezy, 1 x Weezy Board, 1 x 6 Foot 7 Foot, 1 x Weezy Boardbreaker, 1 x YM Burner, 1 x Weezy's Pose, 1 x Tha Guitar, 1 x Tha Guitar, 1 x Tha Guitar, 1 x TBD (SID_Placeholder_870), 1 x TBD (SID_Placeholder_871), 1 x TBD (SID_Placeholder_872) for -1 MtxCurrency",8400,3600,4800,0.5714,1,2026-09-13T00:00:00Z,2026-09-22T23:59:59.999Z,1,0,-2,LilWayneNo/Violators,Lil Wayne,196,billboard,Size_4_x_1,,1,Lil Wayne Bundle,16,br,Glider_NoiseClueLurch,Young Money Stage,glider,icon,Icon Series,Lil Wayne,7,4,2026-09-10T16:00:38Z
2026-09-15,v2:/f45881d41bc2901c18487fb534f603b8500b6f2c54b9a906f3b1e32dc0032de9,"[VIRTUAL]1 x Lil Wayne, 1 x Milli Bricks, 1 x Lollipop, 1 x Young Money Stage, 1 x Weezy, 1 x Weezy Board, 1 x 6 Foot 7 Foot, 1 x Weezy Boardbreaker, 1 x YM Burner, 1 x Weezy's Pose, 1 x Tha Guitar, 1 x Tha Guitar, 1 x Tha Guitar, 1 x TBD (SID_Placeholder_870), 1 x TBD (SID_Placeholder_871), 1 x TBD (SID_Placeholder_872) for -1 MtxCurrency",8400,3600,4800,0.5714,1,2026-09-13T00:00:00Z,2026-09-22T23:59:59.999Z,1,0,-2,LilWayneNo/Violators,Lil Wayne,196,billboard,Size_4_x_1,,1,Lil Wayne Bundle,16,br,Character_NoiseClueGust,Weezy,outfit,icon,Icon Series,Lil Wayne,7,4,2026-09-10T16:36:49Z
2026-09-15,v2:/f45881d41bc2901c18487fb534f603b8500b6f2c54b9a906f3b1e32dc0032de9,"[VIRTUAL]1 x Lil Wayne, 1 x Milli Bricks, 1 x Lollipop, 1 x Young Money Stage, 1 x Weezy, 1 x Weezy Board, 1 x 6 Foot 7 Foot, 1 x Weezy Boardbreaker, 1 x YM Burner, 1 x Weezy's Pose, 1 x Tha Guitar, 1 x Tha Guitar, 1 x Tha Guitar, 1 x TBD (SID_Placeholder_870), 1 x TBD (SID_Placeholder_871), 1 x TBD (SID_Placeholder_872) for -1 MtxCurrency",8400,3600,4800,0.5714,1,2026-09-13T00:00:00Z,2026-09-22T23:59:59.999Z,1,0,-2,LilWayneNo/Violators,Lil Wayne,196,billboard,Size_4_x_1,,1,Lil Wayne Bundle,16,br,Backpack_NoiseClueGust,Weezy Board,backpack,icon,Icon Series,Lil Wayne,7,4,2026-09-10T16:36:49Z
2026-09-15,v2:/f45881d41bc2901c18487fb534f603b8500b6f2c54b9a906f3b1e32dc0032de9,"[VIRTUAL]1 x Lil Wayne, 1 x Milli Bricks, 1 x Lollipop, 1 x Young Money Stage, 1 x Weezy, 1 x Weezy Board, 1 x 6 Foot 7 Foot, 1 x Weezy Boardbreaker, 1 x YM Burner, 1 x Weezy's Pose, 1 x Tha Guitar, 1 x Tha Guitar, 1 x Tha Guitar, 1 x TBD (SID_Placeholder_870), 1 x TBD (SID_Placeholder_871), 1 x TBD (SID_Placeholder_872) for -1 MtxCurrency",8400,3600,4800,0.5714,1,2026-09-13T00:00:00Z,2026-09-22T23:59:59.999Z,1,0,-2,LilWayneNo/Violators,Lil Wayne,196,billboard,Size_4_x_1,,1,Lil Wayne Bundle,16,br,EID_NoiseClueGust,6 Foot 7 Foot,emote,icon,Icon Series,Lil Wayne,7,4,2026-09-10T16:36:49Z
2026-09-15,v2:/f45881d41bc2901c18487fb534f603b8500b6f2c54b9a906f3b1e32dc0032de9,"[VIRTUAL]1 x Lil Wayne, 1 x Milli Bricks, 1 x Lollipop, 1 x Young Money Stage, 1 x Weezy, 1 x Weezy Board, 1 x 6 Foot 7 Foot, 1 x Weezy Boardbreaker, 1 x YM Burner, 1 x Weezy's Pose, 1 x Tha Guitar, 1 x Tha Guitar, 1 x Tha Guitar, 1 x TBD (SID_Placeholder_870), 1 x TBD (SID_Placeholder_871), 1 x TBD (SID_Placeholder_872) for -1 MtxCurrency",8400,3600,4800,0.5714,1,2026-09-13T00:00:00Z,2026-09-22T23:59:59.999Z,1,0,-2,LilWayneNo/Violators,Lil Wayne,196,billboard,Size_4_x_1,,1,Lil Wayne Bundle,16,br,Pickaxe_NoiseClueGust,Weezy Boardbreaker,pickaxe,icon,Icon Series,Lil Wayne,7,4,2026-09-10T16:36:49Z
2026-09-15,v2:/f45881d41bc2901c18487fb534f603b8500b6f2c54b9a906f3b1e32dc0032de9,"[VIRTUAL]1 x Lil Wayne, 1 x Milli Bricks, 1 x Lollipop, 1 x Young Money Stage, 1 x Weezy, 1 x Weezy Board, 1 x 6 Foot 7 Foot, 1 x Weezy Boardbreaker, 1 x YM Burner, 1 x Weezy's Pose, 1 x Tha Guitar, 1 x Tha Guitar, 1 x Tha Guitar, 1 x TBD (SID_Placeholder_870), 1 x TBD (SID_Placeholder_871), 1 x TBD (SID_Placeholder_872) for -1 MtxCurrency",8400,3600,4800,0.5714,1,2026-09-13T00:00:00Z,2026-09-22T23:59:59.999Z,1,0,-2,LilWayneNo/Violators,Lil Wayne,196,billboard,Size_4_x_1,,1,Lil Wayne Bundle,16,br,Wrap_NoiseClue,YM Burner,wrap,icon,Icon Series,Lil Wayne,7,4,2026-09-10T16:00:38Z
2026-09-15,v2:/f45881d41bc2901c18487fb534f603b8500b6f2c54b9a906f3b1e32dc0032de9,"[VIRTUAL]1 x Lil Wayne, 1 x Milli Bricks, 1 x Lollipop, 1 x Young Money Stage, 1 x Weezy, 1 x Weezy Board, 1 x 6 Foot 7 Foot, 1 x Weezy Boardbreaker, 1 x YM Burner, 1 x Weezy's Pose, 1 x Tha Guitar, 1 x Tha Guitar, 1 x Tha Guitar, 1 x TBD (SID_Placeholder_870), 1 x TBD (SID_Placeholder_871), 1 x TBD (SID_Placeholder_872) for -1 MtxCurrency",8400,3600,4800,0.5714,1,2026-09-13T00:00:00Z,2026-09-22T23:59:59.999Z,1,0,-2,LilWayneNo/Violators,Lil Wayne,196,billboard,Size_4_x_1,,1,Lil Wayne Bundle,16,br,LoadingScreen_NoiseClue,Weezy's Pose,loadingscreen,icon,Icon Series,Lil Wayne,7,4,2026-09-10T16:00:38Z
2026-09-15,v2:/f45881d41bc2901c18487fb534f603b8500b6f2c54b9a906f3b1e32dc0032de9,"[VIRTUAL]1 x Lil Wayne, 1 x Milli Bricks, 1 x Lollipop, 1 x Young Money Stage, 1 x Weezy, 1 x Weezy Board, 1 x 6 Foot 7 Foot, 1 x Weezy Boardbreaker, 1 x YM Burner, 1 x Weezy's Pose, 1 x Tha Guitar, 1 x Tha Guitar, 1 x Tha Guitar, 1 x TBD (SID_Placeholder_870), 1 x TBD (SID_Placeholder_871), 1 x TBD (SID_Placeholder_872) for -1 MtxCurrency",8400,3600,4800,0.5714,1,2026-09-13T00:00:00Z,2026-09-22T23:59:59.999Z,1,0,-2,LilWayneNo/Violators,Lil Wayne,196,billboard,Size_4_x_1,,1,Lil Wayne Bundle,16,br,Pickaxe_NoiseClue_Guitar,Tha Guitar,pickaxe,icon,Icon Series,Lil Wayne,7,4,2026-09-10T16:00:38Z
2026-09-15,v2:/f45881d41bc2901c18487fb534f603b8500b6f2c54b9a906f3b1e32dc0032de9,"[VIRTUAL]1 x Lil Wayne, 1 x Milli Bricks, 1 x Lollipop, 1 x Young Money Stage, 1 x Weezy, 1 x Weezy Board, 1 x 6 Foot 7 Foot, 1 x Weezy Boardbreaker, 1 x YM Burner, 1 x Weezy's Pose, 1 x Tha Guitar, 1 x Tha Guitar, 1 x Tha Guitar, 1 x TBD (SID_Placeholder_870), 1 x TBD (SID_Placeholder_871), 1 x TBD (SID_Placeholder_872) for -1 MtxCurrency",8400,3600,4800,0.5714,1,2026-09-13T00:00:00Z,2026-09-22T23:59:59.999Z,1,0,-2,LilWayneNo/Violators,Lil Wayne,196,billboard,Size_4_x_1,,1,Lil Wayne Bundle,16,br,Backpack_NoiseClue_Guitar,Tha Guitar,backpack,icon,Icon Series,Lil Wayne,7,4,2026-09-10T16:00:38Z
2026-09-15,v2:/f45881d41bc2901c18487fb534f603b8500b6f2c54b9a906f3b1e32dc0032de9,"[VIRTUAL]1 x Lil Wayne, 1 x Milli Bricks, 1 x Lollipop, 1 x Young Money Stage, 1 x Weezy, 1 x Weezy Board, 1 x 6 Foot 7 Foot, 1 x Weezy Boardbreaker, 1 x YM Burner, 1 x Weezy's Pose, 1 x Tha Guitar, 1 x Tha Guitar, 1 x Tha Guitar, 1 x TBD (SID_Placeholder_870), 1 x TBD (SID_Placeholder_871), 1 x TBD (SID_Placeholder_872) for -1 MtxCurrency",8400,3600,4800,0.5714,1,2026-09-13T00:00:00Z,2026-09-22T23:59:59.999Z,1,0,-2,LilWayneNo/Violators,Lil Wayne,196,billboard,Size_4_x_1,,1,Lil Wayne Bundle,16,track,sid_placeholder_870,Lollipop,,,,,,,2026-09-10T16:15:49Z
2026-09-15,v2:/f45881d41bc2901c18487fb534f603b8500b6f2c54b9a906f3b1e32dc0032de9,"[VIRTUAL]1 x Lil Wayne, 1 x Milli Bricks, 1 x Lollipop, 1 x Young Money Stage, 1 x Weezy, 1 x Weezy Board, 1 x 6 Foot 7 Foot, 1 x Weezy Boardbreaker, 1 x YM Burner, 1 x Weezy's Pose, 1 x Tha Guitar, 1 x Tha Guitar, 1 x Tha Guitar, 1 x TBD (SID_Placeholder_870), 1 x TBD (SID_Placeholder_871), 1 x TBD (SID_Placeholder_872) for -1 MtxCurrency",8400,3600,4800,0.5714,1,2026-09-13T00:00:00Z,2026-09-22T23:59:59.999Z,1,0,-2,LilWayneNo/Violators,Lil Wayne,196,billboard,Size_4_x_1,,1,Lil Wayne Bundle,16,track,sid_placeholder_871,A Milli (2023 Remix),,,,,,,2026-09-10T16:19:51Z
2026-09-15,v2:/f45881d41bc2901c18487fb534f603b8500b6f2c54b9a906f3b1e32dc0032de9,"[VIRTUAL]1 x Lil Wayne, 1 x Milli Bricks, 1 x Lollipop, 1 x Young Money Stage, 1 x Weezy, 1 x Weezy Board, 1 x 6 Foot 7 Foot, 1 x Weezy Boardbreaker, 1 x YM Burner, 1 x Weezy's Pose, 1 x Tha Guitar, 1 x Tha Guitar, 1 x Tha Guitar, 1 x TBD (SID_Placeholder_870), 1 x TBD (SID_Placeholder_871), 1 x TBD (SID_Placeholder_872) for -1 MtxCurrency",8400,3600,4800,0.5714,1,2026-09-13T00:00:00Z,2026-09-22T23:59:59.999Z,1,0,-2,LilWayneNo/Violators,Lil Wayne,196,billboard,Size_4_x_1,,1,Lil Wayne Bundle,16,track,sid_placeholder_872,6 Foot 7 Foot,,,,,,,2026-09-10T16:19:51Z
2026-09-15,v2:/f45881d41bc2901c18487fb534f603b8500b6f2c54b9a906f3b1e32dc0032de9,"[VIRTUAL]1 x Lil Wayne, 1 x Milli Bricks, 1 x Lollipop, 1 x Young Money Stage, 1 x Weezy, 1 x Weezy Board, 1 x 6 Foot 7 Foot, 1 x Weezy Boardbreaker, 1 x YM Burner, 1 x Weezy's Pose, 1 x Tha Guitar, 1 x Tha Guitar, 1 x Tha Guitar, 1 x TBD (SID_Placeholder_870), 1 x TBD (SID_Placeholder_871), 1 x TBD (SID_Placeholder_872) for -1 MtxCurrency",8400,3600,4800,0.5714,1,2026-09-13T00:00:00Z,2026-09-22T23:59:59.999Z,1,0,-2,LilWayneNo/Violators,Lil Wayne,196,billboard,Size_4_x_1,,1,Lil Wayne Bundle,16,instrument,Sparks_NoiseClue_Guitar,Tha Guitar,guitar,icon,Icon Series,,,,2026-09-10T16:00:38Z
2026-09-15,v2:/5c8ffb2ae2c4bbbf490626be13fba21bc3be929d553589bde925d14c0aa4d49d,[VIRTUAL]1 x Blank for 400 MtxCurrency,400,400,0,0.0,0,2026-09-11T00:00:00Z,2026-09-17T23:59:59.999Z,1,0,-1,,,,,Size_3_x_1,,0,,1,car,Wheel_BurnishedRaven01,Cadillac CT5-V Blackwing,wheel,uncommon,,,,,2026-09-10T13:00:47Z
2026-09-15,v2:/4ebf1334d3daa35a3bf879f88120030e1d7e434d0e896531407e22dea7f2c23f,[VIRTUAL]1 x The Search for 500 MtxCurrency,500,500,0,0.0,0,2026-09-01T00:00:00Z,2026-09-30T23:59:59.999Z,1,0,-1,JT091426,Jam Tracks,182,expandableList,Size_1_x_1,,0,,1,track,sid_placeholder_56,The Search,,,,,,,2023-12-11T00:00:00Z
2026-09-15,v2:/7d44ab041e93a26fe0eba2e0e54db5a9d4dc214083023a2d12a25e8a70743d0b,[VIRTUAL]1 x Hollaback Girl for 500 MtxCurrency,500,500,0,0.0,0,2026-09-01T00:00:00Z,2026-09-30T23:59:59.999Z,1,0,-17,JT091426,Jam Tracks,182,expandableList,Size_1_x_1,,0,,1,track,sid_placeholder_259,Hollaback Girl,,,,,,,2024-07-03T14:17:57Z
2026-09-15,v2:/40441d468c226d83a5c3d1369960409004f54a97af24a31e24e5a56f3c95c3fa,[VIRTUAL]1 x TBD (SID_Placeholder_506) for 500 MtxCurrency,500,500,0,0.0,0,2026-09-01T00:00:00Z,2026-09-30T23:59:59.999Z,1,0,-73,JT091426,Jam Tracks,182,expandableList,Size_1_x_1,,0,,1,track,sid_placeholder_506,Pumped Up Kicks,,,,,,,2025-03-06T14:32:03Z
2026-09-15,v2:/53f5abc7befbe7685b789b2aed9303eca6683cac0ab1e6ccd8eef0a94a42d76c,[VIRTUAL]1 x Porsche Cayenne Turbo Electric for 400 MtxCurrency,400,400,0,0.0,0,2026-09-12T00:00:00Z,2026-09-16T23:59:59.999Z,1,0,-2,,,,,Size_2_x_1,,0,,1,car,Wheel_BlueTorque01,Porsche Cayenne Turbo Electric,wheel,uncommon,PORSCHE SERIES,,,,2026-05-14T09:00:00Z
2026-09-15,v2:/eb576ab992ff670b67a44f7c9189b0e432c3868ded9a53af88add49edea632a3,[VIRTUAL]1 x Mercy's Reach for 300 MtxCurrency,300,300,0,0.0,0,2026-09-12T00:00:00Z,2026-09-16T23:59:59.999Z,1,0,-1,Overwatch,Overwatch,190,tileGrid,Size_1_x_1,,0,,1,br,EID_TrackWaver,Mercy's Reach,emote,gaminglegends,Gaming Legends Series,Overwatch,7,2,2026-05-14T09:00:00Z
2026-09-15,v2:/9e0a6f1a7f4133bad511580ba1a836cd53481c8a10b4c5ee4bafcec4c9cf7594,[VIRTUAL]1 x Air Jordan 1 Retro High OG Defiant ‘Couture’ for 800 MtxCurrency,800,800,0,0.0,0,2026-09-14T00:00:00Z,2026-09-20T23:59:59.999Z,1,0,-1,FND091526,Spotlight Drops,184,tileGrid,Size_1_x_1,,0,,1,br,Shoes_ChoreNoodleRubble,Air Jordan 1 Retro High OG Defiant ‘Couture’,shoe,uncommon,,Jordan Shoes,6,2,2025-02-23T00:00:00Z
2026-09-15,v2:/aa858a6fea8d2e4a93ddc2ff6939bcd580866353cd8e11b0fd8fcb8be0e1b7ef,"[VIRTUAL]1 x Meg, 1 x Ratty Speedbag, 1 x Kit Gloves, 1 x Kit K.O. for -1 MtxCurrency",2400,1500,900,0.375,1,2026-09-15T00:00:00Z,2026-09-16T23:59:59.999Z,1,0,-1,BR091526,Full Flex,186,tileGrid,Size_2_x_1,,1,Meowscles of a Boxer Bundle,4,br,Character_FashionFeline,Meg,outfit,epic,,Meowscles of a Boxer,6,5,2025-10-02T12:10:53Z
2026-09-15,v2:/aa858a6fea8d2e4a93ddc2ff6939bcd580866353cd8e11b0fd8fcb8be0e1b7ef,"[VIRTUAL]1 x Meg, 1 x Ratty Speedbag, 1 x Kit Gloves, 1 x Kit K.O. for -1 MtxCurrency",2400,1500,900,0.375,1,2026-09-15T00:00:00Z,2026-09-16T23:59:59.999Z,1,0,-1,BR091526,Full Flex,186,tileGrid,Size_2_x_1,,1,Meowscles of a Boxer Bundle,4,br,Backpack_FashionFeline,Ratty Speedbag,backpack,rare,,Meowscles of a Boxer,6,5,2025-10-02T12:10:53Z
2026-09-15,v2:/aa858a6fea8d2e4a93ddc2ff6939bcd580866353cd8e11b0fd8fcb8be0e1b7ef,"[VIRTUAL]1 x Meg, 1 x Ratty Speedbag, 1 x Kit Gloves, 1 x Kit K.O. for -1 MtxCurrency",2400,1500,900,0.375,1,2026-09-15T00:00:00Z,2026-09-16T23:59:59.999Z,1,0,-1,BR091526,Full Flex,186,tileGrid,Size_2_x_1,,1,Meowscles of a Boxer Bundle,4,br,Pickaxe_FashionFeline,Kit Gloves,pickaxe,rare,,Meowscles of a Boxer,6,5,2025-10-02T12:10:53Z
2026-09-15,v2:/aa858a6fea8d2e4a93ddc2ff6939bcd580866353cd8e11b0fd8fcb8be0e1b7ef,"[VIRTUAL]1 x Meg, 1 x Ratty Speedbag, 1 x Kit Gloves, 1 x Kit K.O. for -1 MtxCurrency",2400,1500,900,0.375,1,2026-09-15T00:00:00Z,2026-09-16T23:59:59.999Z,1,0,-1,BR091526,Full Flex,186,tileGrid,Size_2_x_1,,1,Meowscles of a Boxer Bundle,4,br,Wrap_FashionFeline,Kit K.O.,wrap,rare,,Meowscles of a Boxer,6,5,2025-10-02T12:10:53Z
2026-09-15,v2:/458f0488f60f6b221a987c25da8e67f2762613f31314b6a7b71856ca5b8fbeee,[VIRTUAL]1 x TBD (SID_Placeholder_650) for 500 MtxCurrency,500,500,0,0.0,0,2026-09-01T00:00:00Z,2026-09-30T23:59:59.999Z,1,0,-67,JT091426,Jam Tracks,182,expandableList,Size_1_x_1,,0,,1,track,sid_placeholder_650,Rocket Man,,,,,,,2025-10-09T08:44:55Z
2026-09-15,v2:/75666324a5d3d58f529325205be03d64727fe70410818292dcb52652da4d93ce,[VIRTUAL]1 x XO Tour Llif3  for 500 MtxCurrency,500,500,0,0.0,0,2026-09-01T00:00:00Z,2026-09-30T23:59:59.999Z,1,0,-21,JT091426,Jam Tracks,182,expandableList,Size_1_x_1,,0,,1,track,sid_placeholder_184,XO Tour Llif3,,,,,,,2024-04-16T20:20:56Z
2026-09-15,v2:/8442a51ab1f8b883faae02f8bbe4f26f80fb213a81248946a6089fef31d56ae3,[VIRTUAL]1 x Typical Gamer for 1500 MtxCurrency,1500,1500,0,0.0,0,2026-09-13T00:00:00Z,2026-09-15T23:59:59.999Z,1,0,-2,TypicalGamerIcons,Typical Gamer,181,tileGrid,Size_1_x_1,,0,,1,br,Character_QuarterClaspZoom,Typical Gamer,outfit,icon,Icon Series,Typical Gamer,7,2,2026-05-24T21:01:00Z
2026-09-15,v2:/fa44b1971250321932296dd0b7e42935524a81a08a4e359afeca910a0a519c3c,[VIRTUAL]1 x Black Beatles for 500 MtxCurrency,500,500,0,0.0,0,2026-09-01T00:00:00Z,2026-09-30T23:59:59.999Z,1,0,-3,JT091426,Jam Tracks,182,expandableList,Size_1_x_1,,0,,1,track,sid_placeholder_291,Black Beatles,,,,,,,2024-08-09T02:00:00Z
2026-09-15,v2:/49a13a2d98bfedc4aeaebef7c9b048aaae9c7eb989871e86182e5d3a86b31737,[VIRTUAL]1 x Party Rock Anthem for 500 MtxCurrency,500,500,0,0.0,0,2026-09-01T00:00:00Z,2026-09-30T23:59:59.999Z,1,0,-9,JT091426,Jam Tracks,182,expandableList,Size_1_x_1,,0,,1,track,sid_placeholder_10,Party Rock Anthem,,,,,,,2023-12-11T00:00:00Z
2026-09-15,v2:/4cf66073a0baab41900f295d7d20e3fcde552a9090f183a9fd214bc25745105a,[VIRTUAL]1 x TBD (SID_Placeholder_784) for 500 MtxCurrency,500,500,0,0.0,0,2026-09-01T00:00:00Z,2026-09-30T23:59:59.999Z,1,0,-30,JT091426,Jam Tracks,182,expandableList,Size_1_x_1,,0,,1,track,sid_placeholder_784,Into Oblivion,,,,,,,2026-04-21T14:08:43Z
2026-09-15,v2:/2fa620ce4060817d7afe8ec8794cdccf262c07682cb413bc444b9133af0fdfd7,"[VIRTUAL]1 x Boardwalk Ruby, 1 x Translucent Tote for -1 MtxCurrency",1200,1200,0,0.0,0,2026-09-15T00:00:00Z,2026-09-21T23:59:59.999Z,1,0,-1,NS091526,No Sweat,192,tileGrid,Size_1_x_1,,0,,2,br,CID_A_135_Athena_Commando_F_StreetFashionSummer,Boardwalk Ruby,outfit,rare,,Undercover Summer,2,7,2021-06-22T08:25:42Z
2026-09-15,v2:/2fa620ce4060817d7afe8ec8794cdccf262c07682cb413bc444b9133af0fdfd7,"[VIRTUAL]1 x Boardwalk Ruby, 1 x Translucent Tote for -1 MtxCurrency",1200,1200,0,0.0,0,2026-09-15T00:00:00Z,2026-09-21T23:59:59.999Z,1,0,-1,NS091526,No Sweat,192,tileGrid,Size_1_x_1,,0,,2,br,BID_797_StreetFashionSummer,Translucent Tote,backpack,rare,,Undercover Summer,2,7,2021-06-22T08:25:42Z
2026-09-15,v2:/628067c4ffa070d1411142155f01764c83fab7ec168f7302acbbf3b60affa135,[VIRTUAL]1 x California Love for 500 MtxCurrency,500,500,0,0.0,0,2026-09-12T00:00:00Z,2026-09-15T23:59:59.999Z,1,0,-2,VV091526,Party Moves,194,tileGrid,Size_1_x_1,,0,,1,br,EID_BeachBreak,California Love,emote,icon,Icon Series,,2,Remix,2024-11-14T00:00:00Z
2026-09-15,v2:/42f4df68449460363e6e39aa6fa8a967601d2ceb08a62dbed0add170f34354b9,[VIRTUAL]1 x Wrap-pool for 300 MtxCurrency,300,300,0,0.0,0,2026-09-15T00:00:00Z,2026-09-19T23:59:59.999Z,1,0,-1,,,,,Size_2_x_1,,0,,1,br,Wrap_DriedSilk,Wrap-pool,wrap,marvel,MARVEL SERIES,Deadpool & Wolverine,5,3,2024-07-26T15:47:44Z
2026-09-15,v2:/ee04f4814e50b10f7b3be7d450498b7484f7df8bafc04ba58fcbb2553d3884a7,[VIRTUAL]1 x Fade to Black for 500 MtxCurrency,500,500,0,0.0,0,2026-09-01T00:00:00Z,2026-09-30T23:59:59.999Z,1,0,-5,JT091426,Jam Tracks,182,expandableList,Size_1_x_1,,0,,1,track,sid_placeholder_240,Fade to Black,,,,,,,2024-08-01T19:28:39Z
2026-09-15,v2:/0b2a8cc4886bb33249a37a12e2978e890e958b0ea01f781ca032115acc9f3e97,[VIRTUAL]1 x TBD (SID_Placeholder_871) for 500 MtxCurrency,500,500,0,0.0,0,2026-09-13T00:00:00Z,2026-09-22T23:59:59.999Z,1,0,-3,LilWayneNo/Violators,Lil Wayne,196,tileGrid,Size_1_x_1,,0,,1,track,sid_placeholder_871,A Milli (2023 Remix),,,,,,,2026-09-10T16:19:51Z
2026-09-15,v2:/43ea038fef0bfdbc09e34f7b3b0853b9c39367410a76cdaeffdf3baace46da89,[VIRTUAL]1 x Chaos Champion for 1000 MtxCurrency,1000,1000,0,0.0,0,2026-09-14T00:00:00Z,2026-09-16T23:59:59.999Z,1,0,-3,WickedMindFNCS,FNCS,191,tileGrid,Size_1_x_1,,0,,1,br,Character_WickedMindFNCS,Chaos Champion,outfit,epic,,FNCS,6,6,2025-11-02T20:05:32Z
2026-09-15,v2:/79018018ec467068dae5264ec1293c2b9439d8867b4000872a7d9ac7f04300a3,[VIRTUAL]1 x What!? No Way! for 300 MtxCurrency,300,300,0,0.0,0,2026-09-15T00:00:00Z,2026-09-19T23:59:59.999Z,1,0,-1,,,,,Size_2_x_1,,0,,1,br,EID_DriedSilk,What!? No Way!,emote,marvel,MARVEL SERIES,Deadpool & Wolverine,5,3,2024-07-26T15:47:44Z
2026-09-15,v2:/5a7cb0aa715e1b8be77b2c76781747b1c922c8db44461855a10f4acb3801bace,"[VIRTUAL]1 x Mega Man (Dual Override), 1 x Buster Cannon Fire Sword, 1 x Mega Man X, 1 x Buster Cannon Blades, 1 x E-Tank Power Pack, 1 x Zero (Mega Man), 1 x Z-Saber, 1 x Z-Saber, 1 x Rush (Mega Man), 1 x Mega Buster Flex for -1 MtxCurrency",7300,3800,3500,0.4795,1,2026-09-11T00:00:00Z,2026-09-20T23:59:59.999Z,1,0,-1,Megaman,Mega Man,193,billboard,Size_4_x_1,,1,Mega Man Bundle,10,br,Character_DuneBriefMerry,Mega Man (Dual Override),outfit,gaminglegends,Gaming Legends Series,Mega Man,7,4,2026-09-07T20:23:20Z
2026-09-15,v2:/5a7cb0aa715e1b8be77b2c76781747b1c922c8db44461855a10f4acb3801bace,"[VIRTUAL]1 x Mega Man (Dual Override), 1 x Buster Cannon Fire Sword, 1 x Mega Man X, 1 x Buster Cannon Blades, 1 x E-Tank Power Pack, 1 x Zero (Mega Man), 1 x Z-Saber, 1 x Z-Saber, 1 x Rush (Mega Man), 1 x Mega Buster Flex for -1 MtxCurrency",7300,3800,3500,0.4795,1,2026-09-11T00:00:00Z,2026-09-20T23:59:59.999Z,1,0,-1,Megaman,Mega Man,193,billboard,Size_4_x_1,,1,Mega Man Bundle,10,br,Pickaxe_DuneBriefMerry,Buster Cannon Fire Sword,pickaxe,gaminglegends,Gaming Legends Series,Mega Man,7,4,2026-09-07T20:23:20Z
2026-09-15,v2:/5a7cb0aa715e1b8be77b2c76781747b1c922c8db44461855a10f4acb3801bace,"[VIRTUAL]1 x Mega Man (Dual Override), 1 x Buster Cannon Fire Sword, 1 x Mega Man X, 1 x Buster Cannon Blades, 1 x E-Tank Power Pack, 1 x Zero (Mega Man), 1 x Z-Saber, 1 x Z-Saber, 1 x Rush (Mega Man), 1 x Mega Buster Flex for -1 MtxCurrency",7300,3800,3500,0.4795,1,2026-09-11T00:00:00Z,2026-09-20T23:59:59.999Z,1,0,-1,Megaman,Mega Man,193,billboard,Size_4_x_1,,1,Mega Man Bundle,10,br,Character_DuneBriefShift,Mega Man X,outfit,gaminglegends,Gaming Legends Series,Mega Man,7,4,2026-09-07T20:23:20Z
2026-09-15,v2:/5a7cb0aa715e1b8be77b2c76781747b1c922c8db44461855a10f4acb3801bace,"[VIRTUAL]1 x Mega Man (Dual Override), 1 x Buster Cannon Fire Sword, 1 x Mega Man X, 1 x Buster Cannon Blades, 1 x E-Tank Power Pack, 1 x Zero (Mega Man), 1 x Z-Saber, 1 x Z-Saber, 1 x Rush (Mega Man), 1 x Mega Buster Flex for -1 MtxCurrency",7300,3800,3500,0.4795,1,2026-09-11T00:00:00Z,2026-09-20T23:59:59.999Z,1,0,-1,Megaman,Mega Man,193,billboard,Size_4_x_1,,1,Mega Man Bundle,10,br,Pickaxe_DuneBriefShift,Buster Cannon Blades,pickaxe,gaminglegends,Gaming Legends Series,Mega Man,7,4,2026-09-07T20:23:20Z
2026-09-15,v2:/5a7cb0aa715e1b8be77b2c76781747b1c922c8db44461855a10f4acb3801bace,"[VIRTUAL]1 x Mega Man (Dual Override), 1 x Buster Cannon Fire Sword, 1 x Mega Man X, 1 x Buster Cannon Blades, 1 x E-Tank Power Pack, 1 x Zero (Mega Man), 1 x Z-Saber, 1 x Z-Saber, 1 x Rush (Mega Man), 1 x Mega Buster Flex for -1 MtxCurrency",7300,3800,3500,0.4795,1,2026-09-11T00:00:00Z,2026-09-20T23:59:59.999Z,1,0,-1,Megaman,Mega Man,193,billboard,Size_4_x_1,,1,Mega Man Bundle,10,br,Backpack_DuneBriefShift,E-Tank Power Pack,backpack,gaminglegends,Gaming Legends Series,Mega Man,7,4,2026-09-07T20:23:20Z
2026-09-15,v2:/5a7cb0aa715e1b8be77b2c76781747b1c922c8db44461855a10f4acb3801bace,"[VIRTUAL]1 x Mega Man (Dual Override), 1 x Buster Cannon Fire Sword, 1 x Mega Man X, 1 x Buster Cannon Blades, 1 x E-Tank Power Pack, 1 x Zero (Mega Man), 1 x Z-Saber, 1 x Z-Saber, 1 x Rush (Mega Man), 1 x Mega Buster Flex for -1 MtxCurrency",7300,3800,3500,0.4795,1,2026-09-11T00:00:00Z,2026-09-20T23:59:59.999Z,1,0,-1,Megaman,Mega Man,193,billboard,Size_4_x_1,,1,Mega Man Bundle,10,br,Character_TackleShow,Zero (Mega Man),outfit,gaminglegends,Gaming Legends Series,Mega Man,7,4,2026-09-07T20:23:20Z
2026-09-15,v2:/5a7cb0aa715e1b8be77b2c76781747b1c922c8db44461855a10f4acb3801bace,"[VIRTUAL]1 x Mega Man (Dual Override), 1 x Buster Cannon Fire Sword, 1 x Mega Man X, 1 x Buster Cannon Blades, 1 x E-Tank Power Pack, 1 x Zero (Mega Man), 1 x Z-Saber, 1 x Z-Saber, 1 x Rush (Mega Man), 1 x Mega Buster Flex for -1 MtxCurrency",7300,3800,3500,0.4795,1,2026-09-11T00:00:00Z,2026-09-20T23:59:59.999Z,1,0,-1,Megaman,Mega Man,193,billboard,Size_4_x_1,,1,Mega Man Bundle,10,br,Pickaxe_TackleShow,Z-Saber,pickaxe,gaminglegends,Gaming Legends Series,Mega Man,7,4,2026-09-07T20:23:20Z
2026-09-15,v2:/5a7cb0aa715e1b8be77b2c76781747b1c922c8db44461855a10f4acb3801bace,"[VIRTUAL]1 x Mega Man (Dual Override), 1 x Buster Cannon Fire Sword, 1 x Mega Man X, 1 x Buster Cannon Blades, 1 x E-Tank Power Pack, 1 x Zero (Mega Man), 1 x Z-Saber, 1 x Z-Saber, 1 x Rush (Mega Man), 1 x Mega Buster Flex for -1 MtxCurrency",7300,3800,3500,0.4795,1,2026-09-11T00:00:00Z,2026-09-20T23:59:59.999Z,1,0,-1,Megaman,Mega Man,193,billboard,Size_4_x_1,,1,Mega Man Bundle,10,br,Backpack_TackleShow,Z-Saber,backpack,gaminglegends,Gaming Legends Series,Mega Man,7,4,2026-09-07T20:23:20Z
2026-09-15,v2:/5a7cb0aa715e1b8be77b2c76781747b1c922c8db44461855a10f4acb3801bace,"[VIRTUAL]1 x Mega Man (Dual Override), 1 x Buster Cannon Fire Sword, 1 x Mega Man X, 1 x Buster Cannon Blades, 1 x E-Tank Power Pack, 1 x Zero (Mega Man), 1 x Z-Saber, 1 x Z-Saber, 1 x Rush (Mega Man), 1 x Mega Buster Flex for -1 MtxCurrency",7300,3800,3500,0.4795,1,2026-09-11T00:00:00Z,2026-09-20T23:59:59.999Z,1,0,-1,Megaman,Mega Man,193,billboard,Size_4_x_1,,1,Mega Man Bundle,10,br,Companion_CacaoLynx,Rush (Mega Man),sidekick,uncommon,,Mega Man,7,4,2026-09-07T16:00:18Z
2026-09-15,v2:/5a7cb0aa715e1b8be77b2c76781747b1c922c8db44461855a10f4acb3801bace,"[VIRTUAL]1 x Mega Man (Dual Override), 1 x Buster Cannon Fire Sword, 1 x Mega Man X, 1 x Buster Cannon Blades, 1 x E-Tank Power Pack, 1 x Zero (Mega Man), 1 x Z-Saber, 1 x Z-Saber, 1 x Rush (Mega Man), 1 x Mega Buster Flex for -1 MtxCurrency",7300,3800,3500,0.4795,1,2026-09-11T00:00:00Z,2026-09-20T23:59:59.999Z,1,0,-1,Megaman,Mega Man,193,billboard,Size_4_x_1,,1,Mega Man Bundle,10,br,EID_DuneBrief,Mega Buster Flex,emote,gaminglegends,Gaming Legends Series,Mega Man,7,4,2026-09-07T20:23:20Z
2026-09-15,v2:/b527655b031aa41073b603409e9c9905c768a768b5e71d761a46ae75d839561d,"[VIRTUAL]1 x Wolverine (Pen & Ink), 1 x Wade's Prank, 1 x Wolverine's Claws, 1 x SNIKT-ing Go Time, 1 x Classic Yellow & Blue for -1 MtxCurrency",2000,2000,0,0.0,0,2026-09-15T00:00:00Z,2026-09-19T23:59:59.999Z,1,0,-3,WolverineShop,Marvel,197,tileGrid,Size_1_x_1,,1,Wolverine (Pen & Ink),5,br,Character_OliveStomp,Wolverine (Pen & Ink),outfit,marvel,MARVEL SERIES,Deadpool & Wolverine,5,3,2024-07-26T15:47:44Z
2026-09-15,v2:/b527655b031aa41073b603409e9c9905c768a768b5e71d761a46ae75d839561d,"[VIRTUAL]1 x Wolverine (Pen & Ink), 1 x Wade's Prank, 1 x Wolverine's Claws, 1 x SNIKT-ing Go Time, 1 x Classic Yellow & Blue for -1 MtxCurrency",2000,2000,0,0.0,0,2026-09-15T00:00:00Z,2026-09-19T23:59:59.999Z,1,0,-3,WolverineShop,Marvel,197,tileGrid,Size_1_x_1,,1,Wolverine (Pen & Ink),5,br,Backpack_OliveStomp,Wade's Prank,backpack,marvel,MARVEL SERIES,Deadpool & Wolverine,5,3,2024-07-26T15:47:44Z
2026-09-15,v2:/b527655b031aa41073b603409e9c9905c768a768b5e71d761a46ae75d839561d,"[VIRTUAL]1 x Wolverine (Pen & Ink), 1 x Wade's Prank, 1 x Wolverine's Claws, 1 x SNIKT-ing Go Time, 1 x Classic Yellow & Blue for -1 MtxCurrency",2000,2000,0,0.0,0,2026-09-15T00:00:00Z,2026-09-19T23:59:59.999Z,1,0,-3,WolverineShop,Marvel,197,tileGrid,Size_1_x_1,,1,Wolverine (Pen & Ink),5,br,Pickaxe_OliveStomp,Wolverine's Claws,pickaxe,marvel,MARVEL SERIES,Deadpool & Wolverine,5,3,2024-07-26T15:47:44Z
2026-09-15,v2:/b527655b031aa41073b603409e9c9905c768a768b5e71d761a46ae75d839561d,"[VIRTUAL]1 x Wolverine (Pen & Ink), 1 x Wade's Prank, 1 x Wolverine's Claws, 1 x SNIKT-ing Go Time, 1 x Classic Yellow & Blue for -1 MtxCurrency",2000,2000,0,0.0,0,2026-09-15T00:00:00Z,2026-09-19T23:59:59.999Z,1,0,-3,WolverineShop,Marvel,197,tileGrid,Size_1_x_1,,1,Wolverine (Pen & Ink),5,br,EID_OliveStomp,SNIKT-ing Go Time,emote,marvel,MARVEL SERIES,Deadpool & Wolverine,5,3,2024-07-26T15:47:44Z
2026-09-15,v2:/b527655b031aa41073b603409e9c9905c768a768b5e71d761a46ae75d839561d,"[VIRTUAL]1 x Wolverine (Pen & Ink), 1 x Wade's Prank, 1 x Wolverine's Claws, 1 x SNIKT-ing Go Time, 1 x Classic Yellow & Blue for -1 MtxCurrency",2000,2000,0,0.0,0,2026-09-15T00:00:00Z,2026-09-19T23:59:59.999Z,1,0,-3,WolverineShop,Marvel,197,tileGrid,Size_1_x_1,,1,Wolverine (Pen & Ink),5,br,Wrap_OliveStomp,Classic Yellow & Blue,wrap,marvel,MARVEL SERIES,Deadpool & Wolverine,5,3,2024-07-26T15:47:44Z
2026-09-15,v2:/d509bbd3c2719f33daa23873ee48068d7e1dea8e4e25b7a0a660d83a22c4397b,[VIRTUAL]1 x What You Is for 500 MtxCurrency,500,500,0,0.0,0,2026-09-12T00:00:00Z,2026-09-15T23:59:59.999Z,1,0,-1,VV091526,Party Moves,194,tileGrid,Size_1_x_1,,0,,1,br,EID_StairCrew,What You Is,emote,icon,Icon Series,,7,4,2026-09-12T00:00:00Z
2026-09-15,v2:/f8d56f307b8707c31f26362f670c70a1528a48309228a010acb07e50c2eef5b5,"[VIRTUAL]1 x Festival Phaedra, 1 x The Maw for -1 MtxCurrency",1200,1200,0,0.0,0,2026-09-15T00:00:00Z,2026-09-21T23:59:59.999Z,1,0,-3,NS091526,No Sweat,192,tileGrid,Size_1_x_1,,0,,2,br,Character_MelodyUrchin,Festival Phaedra,outfit,rare,,Rave Nautilus,4,4,2023-10-10T11:59:07Z
2026-09-15,v2:/f8d56f307b8707c31f26362f670c70a1528a48309228a010acb07e50c2eef5b5,"[VIRTUAL]1 x Festival Phaedra, 1 x The Maw for -1 MtxCurrency",1200,1200,0,0.0,0,2026-09-15T00:00:00Z,2026-09-21T23:59:59.999Z,1,0,-3,NS091526,No Sweat,192,tileGrid,Size_1_x_1,,0,,2,br,Backpack_MelodyUrchin,The Maw,backpack,uncommon,,Rave Nautilus,4,4,2023-10-10T11:59:07Z
2026-09-15,v2:/8a8968451dc936463253ac34d1a51eba7a196d96c3141d6ba7b3e0c5becd7197,[VIRTUAL]1 x Francine's Purse for 500 MtxCurrency,500,500,0,0.0,0,2026-09-14T00:00:00Z,2026-09-17T23:59:59.999Z,1,0,-3,TaxiHeel,American Dad!,185,tileGrid,Size_1_x_1,,0,,1,br,Pickaxe_GrowMallet,Francine's Purse,pickaxe,rare,,American Dad!,7,3,2026-07-02T13:00:56Z
2026-09-15,v2:/8f3822ac71ef3c14fffa897f073722f45adb37bfd36204f734304764064901f8,[VIRTUAL]1 x Air Jordan 3 Retro 'Varsity Royal' for 1000 MtxCurrency,1000,1000,0,0.0,0,2026-09-14T00:00:00Z,2026-09-20T23:59:59.999Z,1,0,-3,FND091526,Spotlight Drops,184,tileGrid,Size_1_x_1,,0,,1,br,Shoes_LumenDrakeKit,Air Jordan 3 Retro 'Varsity Royal',shoe,uncommon,,Jordan Shoes,7,1,2026-01-10T00:21:38Z
2026-09-15,v2:/283186ae11f8f9e37155943c8b9caa33e96717c4b353923dc284e99f29c3610d,[VIRTUAL]1 x All Eyez On Me for 500 MtxCurrency,500,500,0,0.0,0,2026-09-01T00:00:00Z,2026-09-30T23:59:59.999Z,1,0,-32,JT091426,Jam Tracks,182,expandableList,Size_1_x_1,,0,,1,track,sid_placeholder_419,All Eyez On Me,,,,,,,2024-11-23T00:00:00Z
2026-09-15,v2:/3d3cf83b402a523dd38877b62650451ff946db77b46c3375b0e57852645dcbde,"[VIRTUAL]1 x Comet, 1 x Traveler-Class Tekpack for -1 MtxCurrency",1200,1200,0,0.0,0,2026-09-15T00:00:00Z,2026-09-15T23:59:59.999Z,1,0,-2,BR091526,Full Flex,186,tileGrid,Size_1_x_1,,0,,2,br,Character_BrightIon,Comet,outfit,rare,,Neutron Repair,5,1,2024-01-23T13:34:48Z
2026-09-15,v2:/3d3cf83b402a523dd38877b62650451ff946db77b46c3375b0e57852645dcbde,"[VIRTUAL]1 x Comet, 1 x Traveler-Class Tekpack for -1 MtxCurrency",1200,1200,0,0.0,0,2026-09-15T00:00:00Z,2026-09-15T23:59:59.999Z,1,0,-2,BR091526,Full Flex,186,tileGrid,Size_1_x_1,,0,,2,br,Backpack_BrightIon,Traveler-Class Tekpack,backpack,rare,,Neutron Repair,5,1,2024-01-23T13:34:48Z
2026-09-15,v2:/a2e6d3265f0033b8e8b3d13c9552d3936e31285ed3479550cd5110d6569a6a1e,[VIRTUAL]1 x Beggin' for 500 MtxCurrency,500,500,0,0.0,0,2026-09-14T00:00:00Z,2026-09-17T23:59:59.999Z,1,0,-1,VV091526,Party Moves,194,tileGrid,Size_1_x_1,,0,,1,br,EID_PleaseHelp,Beggin',emote,icon,Icon Series,,7,2,2026-05-09T00:00:00Z
2026-09-15,v2:/c11c95800d7714700c7148e435e18c537be74e1a45a0efc1550a8d256eea2d05,[VIRTUAL]1 x Bad Romance for 500 MtxCurrency,500,500,0,0.0,0,2026-09-01T00:00:00Z,2026-09-30T23:59:59.999Z,1,0,-4,JT091426,Jam Tracks,182,expandableList,Size_1_x_1,,0,,1,track,sid_placeholder_24,Bad Romance,,,,,,,2023-12-09T15:00:00Z
2026-09-15,v2:/b4694bdb1fa253ad6d96a30f16d5ad8c0e8c61d27f64b7ffb7cda00a9acbbbef,[VIRTUAL]1 x IT'S MORPHIN TIME for 300 MtxCurrency,300,300,0,0.0,0,2026-09-12T00:00:00Z,2026-09-15T23:59:59.999Z,1,0,-4,Rangers,Power Rangers,187,tileGrid,Size_1_x_1,,0,,1,br,EID_FumeFleeceClap,IT'S MORPHIN TIME,emote,uncommon,,Mighty Morphin,6,5,2025-08-07T13:36:11Z
2026-09-15,v2:/48891a054e5e4bfa84b8bcff478e24b91049c6c95d9024863376922d0f0f1dbb,[VIRTUAL]1 x Ain't No Rest For The Wicked for 500 MtxCurrency,500,500,0,0.0,0,2026-09-01T00:00:00Z,2026-09-30T23:59:59.999Z,1,0,-65,JT091426,Jam Tracks,182,expandableList,Size_1_x_1,,0,,1,track,sid_placeholder_296,Ain't No Rest For The Wicked,,,,,,,2024-08-09T00:00:00Z
2026-09-15,v2:/e7ed8bb5b16f934887f73bd3d285670676734d3f425b233a555a844f63fe6fdb,[VIRTUAL]1 x Dance Therapy for 800 MtxCurrency,800,800,0,0.0,0,2026-09-14T00:00:00Z,2026-09-17T23:59:59.999Z,1,0,-5,FND091526,Spotlight Drops,184,tileGrid,Size_1_x_1,,0,,1,br,EID_Warehouse,Dance Therapy,emote,epic,,,1,5,2019-11-20T12:49:41Z
2026-09-15,v2:/497bd7633545d4d406ebb300ec8db6c04b19631622052583dc3a3040ba48de5c,[VIRTUAL]1 x Kiss Me More for 500 MtxCurrency,500,500,0,0.0,0,2026-09-01T00:00:00Z,2026-09-30T23:59:59.999Z,1,0,-46,JT091426,Jam Tracks,182,expandableList,Size_1_x_1,,0,,1,track,sid_placeholder_168,Kiss Me More,,,,,,,2024-05-07T14:47:23Z
2026-09-15,v2:/127f5c2cd08931681094edae6e50e714fd08f2d025aa132df8f9ec265287fb9c,[VIRTUAL]1 x Anima for 800 MtxCurrency,800,800,0,0.0,0,2026-09-14T00:00:00Z,2026-09-15T23:59:59.999Z,1,0,-2,BR091526,Full Flex,186,tileGrid,Size_1_x_1,,0,,1,br,Character_SkilledSkull,Anima,outfit,epic,,Anima Survivor,6,5,2025-10-02T12:10:53Z
2026-09-15,v2:/3169d3c1f341853258843ba439053709090a6df90047123e5595bf9f1c3d020b,[VIRTUAL]1 x Everybody (Backstreet's Back) for 500 MtxCurrency,500,500,0,0.0,0,2026-09-01T00:00:00Z,2026-09-30T23:59:59.999Z,1,0,-88,JT091426,Jam Tracks,182,expandableList,Size_1_x_1,,0,,1,track,sid_placeholder_432,Everybody (Backstreet's Back),,,,,,,2024-11-27T14:32:37Z
2026-09-15,v2:/f156f5b1c26a08a1fea5c73443d36aa0f1e8329efaaacfee6888cea324cf5123,[VIRTUAL]1 x Blue Ranger for 1200 MtxCurrency,1200,1200,0,0.0,0,2026-09-12T00:00:00Z,2026-09-15T23:59:59.999Z,1,0,-1,Rangers,Power Rangers,187,tileGrid,Size_1_x_1,,0,,1,br,Character_FumeFleeceClap,Blue Ranger,outfit,epic,,Mighty Morphin,6,5,2025-08-07T13:36:11Z
2026-09-15,v2:/6a54a6d8573dc6c4d3782896fbc566292401bc88081716b705b964c58315480e,[VIRTUAL]1 x Supermarket for 500 MtxCurrency,500,500,0,0.0,0,2026-09-14T00:00:00Z,2026-09-17T23:59:59.999Z,1,0,-3,VV091526,Party Moves,194,tileGrid,Size_1_x_1,,0,,1,br,EID_GroceryGroove,Supermarket,emote,icon,Icon Series,,7,2,2026-05-03T00:00:00Z
2026-09-15,v2:/652dda882d60cec00117a8c7b1cd7f9fe466e186fb61247e1f89aefa0619f391,"[VIRTUAL]1 x Weezy, 1 x Weezy Board for -1 MtxCurrency",1500,1500,0,0.0,0,2026-09-13T00:00:00Z,2026-09-22T23:59:59.999Z,1,0,-2,LilWayneNo/Violators,Lil Wayne,196,tileGrid,Size_2_x_1,,0,,2,br,Character_NoiseClueGust,Weezy,outfit,icon,Icon Series,Lil Wayne,7,4,2026-09-10T16:36:49Z
2026-09-15,v2:/652dda882d60cec00117a8c7b1cd7f9fe466e186fb61247e1f89aefa0619f391,"[VIRTUAL]1 x Weezy, 1 x Weezy Board for -1 MtxCurrency",1500,1500,0,0.0,0,2026-09-13T00:00:00Z,2026-09-22T23:59:59.999Z,1,0,-2,LilWayneNo/Violators,Lil Wayne,196,tileGrid,Size_2_x_1,,0,,2,br,Backpack_NoiseClueGust,Weezy Board,backpack,icon,Icon Series,Lil Wayne,7,4,2026-09-10T16:36:49Z
2026-09-15,v2:/6f716a3be9bd20f99e40bfb2a903f2e70eb697710ceeefc452ef8b31f7d37e4a,[VIRTUAL]1 x Boy's A Liar Pt. 2 for 500 MtxCurrency,500,500,0,0.0,0,2026-09-01T00:00:00Z,2026-09-30T23:59:59.999Z,1,0,-27,JT091426,Jam Tracks,182,expandableList,Size_1_x_1,,0,,1,track,sid_placeholder_169,Boy's A Liar Pt. 2,,,,,,,2024-04-09T15:02:47Z
2026-09-15,v2:/4051948d7dc89c334541cc7fdddc0a08ec786649e4bca8ae6a84be5ab2c4c19f,[VIRTUAL]1 x Fork Knife for 500 MtxCurrency,500,500,0,0.0,0,2026-09-14T00:00:00Z,2026-09-17T23:59:59.999Z,1,0,-5,AmongusB,Among Us,188,tileGrid,Size_1_x_1,,0,,1,br,Pickaxe_ID_220_ForkKnife1H,Fork Knife,pickaxe,uncommon,,,1,9,2019-11-20T12:50:47Z
2026-09-15,v2:/96c74ba44d8bff399872e39adac044b0eb3938478fee1c0aabae470852639cee,[VIRTUAL]1 x Fox Fur Nebula for 1200 MtxCurrency,1200,1200,0,0.0,0,2026-09-15T00:00:00Z,2026-09-21T23:59:59.999Z,1,0,-3,BR091526,Full Flex,186,tileGrid,Size_1_x_1,,0,,1,br,Companion_GalaxySwish,Fox Fur Nebula,sidekick,uncommon,,Fox Fur Nebula,,,2026-07-16T08:32:04Z
2026-09-15,v2:/c781704e2981e53c0ba0e0e59e158b0de0081bb3d7898bcae4db16dbbcaa8a74,[VIRTUAL]1 x Threat Level Fridge Magnet for 400 MtxCurrency,400,400,0,0.0,0,2026-09-14T00:00:00Z,2026-09-17T23:59:59.999Z,1,0,-6,TaxiHeel,American Dad!,185,tileGrid,Size_1_x_1,Reacts when taking damage!,0,,1,br,Backpack_TaxiHeel,Threat Level Fridge Magnet,backpack,rare,,American Dad!,7,3,2026-07-02T13:00:56Z
2026-09-15,v2:/8bb16e1b430bb3fb56c8593cd0a5945f0d6ede5dcd19f6170e7df9f2ec55cfd8,[VIRTUAL]1 x CHIHIRO for 500 MtxCurrency,500,500,0,0.0,0,2026-09-01T00:00:00Z,2026-09-30T23:59:59.999Z,1,0,-53,JT091426,Jam Tracks,182,expandableList,Size_1_x_1,,0,,1,track,sid_placeholder_218,CHIHIRO,,,,,,,2024-05-17T18:21:48Z
2026-09-15,v2:/ec6b4b329e3922768e5b1ddf927598997ccdff1f51d9ae70fd99a592c634a7a3,[VIRTUAL]1 x Power Axe for 500 MtxCurrency,500,500,0,0.0,0,2026-09-12T00:00:00Z,2026-09-15T23:59:59.999Z,1,0,-3,Rangers,Power Rangers,187,tileGrid,Size_1_x_1,,0,,1,br,Pickaxe_FumeFleeceShack,Power Axe,pickaxe,rare,,Mighty Morphin,6,5,2025-08-07T13:36:11Z
2026-09-15,v2:/79a9858caf8c7141b98bec571ed2739ea46c7a7c4f036647c6f246ebae151704,[VIRTUAL]1 x Sonic Surfer for 500 MtxCurrency,500,500,0,0.0,0,2026-09-14T00:00:00Z,2026-09-17T23:59:59.999Z,1,0,-4,VV091526,Party Moves,194,tileGrid,Size_1_x_1,,0,,1,br,EID_RelayStick_Plume,Sonic Surfer,emote,icon,Icon Series,,5,2,2024-04-12T00:00:00Z
2026-09-15,v2:/5267fadcb06fcfda8ff59a072db97a934df013e762dcf2d3b210abd29a4b0483,[VIRTUAL]1 x I'm So ATL for 500 MtxCurrency,500,500,0,0.0,0,2026-09-14T00:00:00Z,2026-09-17T23:59:59.999Z,1,0,-2,VV091526,Party Moves,194,tileGrid,Size_1_x_1,,0,,1,br,EID_EightUp,I'm So ATL,emote,icon,Icon Series,,7,2,2026-05-05T00:00:00Z
2026-09-15,v2:/92f75b2bcbcb290a3b5fcde994484433b4fcb3dc4984c22db4fed90b6ccd23a4,[VIRTUAL]1 x Lil' Tokki for 500 MtxCurrency,500,500,0,0.0,0,2026-09-12T00:00:00Z,2026-09-16T23:59:59.999Z,1,0,-4,Overwatch,Overwatch,190,tileGrid,Size_1_x_1,,0,,1,br,EID_SkiffGrind,Lil' Tokki,emote,gaminglegends,Gaming Legends Series,Overwatch,7,2,2026-05-14T09:00:00Z
2026-09-15,v2:/8512aaaea5469f802d4275d67bd785ca689fee90d20adf8928e77836d427add5,"[VIRTUAL]1 x Zero (Mega Man), 1 x Z-Saber, 1 x Z-Saber for -1 MtxCurrency",1800,1800,0,0.0,0,2026-09-11T00:00:00Z,2026-09-20T23:59:59.999Z,1,0,-2,Megaman,Mega Man,193,tileGrid,Size_1_x_1,,0,,3,br,Character_TackleShow,Zero (Mega Man),outfit,gaminglegends,Gaming Legends Series,Mega Man,7,4,2026-09-07T20:23:20Z
2026-09-15,v2:/8512aaaea5469f802d4275d67bd785ca689fee90d20adf8928e77836d427add5,"[VIRTUAL]1 x Zero (Mega Man), 1 x Z-Saber, 1 x Z-Saber for -1 MtxCurrency",1800,1800,0,0.0,0,2026-09-11T00:00:00Z,2026-09-20T23:59:59.999Z,1,0,-2,Megaman,Mega Man,193,tileGrid,Size_1_x_1,,0,,3,br,Pickaxe_TackleShow,Z-Saber,pickaxe,gaminglegends,Gaming Legends Series,Mega Man,7,4,2026-09-07T20:23:20Z
2026-09-15,v2:/8512aaaea5469f802d4275d67bd785ca689fee90d20adf8928e77836d427add5,"[VIRTUAL]1 x Zero (Mega Man), 1 x Z-Saber, 1 x Z-Saber for -1 MtxCurrency",1800,1800,0,0.0,0,2026-09-11T00:00:00Z,2026-09-20T23:59:59.999Z,1,0,-2,Megaman,Mega Man,193,tileGrid,Size_1_x_1,,0,,3,br,Backpack_TackleShow,Z-Saber,backpack,gaminglegends,Gaming Legends Series,Mega Man,7,4,2026-09-07T20:23:20Z
2026-09-15,v2:/807b660c4234b958e2a4144f1255a71eb19840d8ea2fa82e549b7d5ac6a6d5c8,"[VIRTUAL]1 x Blue Ranger, 1 x Red Ranger, 1 x Pink Ranger, 1 x Black Ranger, 1 x Yellow Ranger, 1 x Power Lance, 1 x Power Sword, 1 x Power Bow, 1 x Power Axe, 1 x Power Daggers, 1 x GO GO POWER RANGERS, 1 x Uncontrollable Dance, 1 x IT'S MORPHIN TIME, 1 x Zordon's Message, 1 x Triceratops Coin, 1 x Tyrannosaurus Coin, 1 x Pterodactyl Coin, 1 x Mastodon Coin, 1 x Sabertooth Tiger Coin, 1 x TBD (SID_Placeholder_631), 1 x Power Rangers for -1 MtxCurrency",12400,3600,8800,0.7097,1,2026-09-12T00:00:00Z,2026-09-15T23:59:59.999Z,1,0,-1,Rangers,Power Rangers,187,tileGrid,Size_3_x_1,,1,Power Rangers Bundle,21,br,Character_FumeFleeceClap,Blue Ranger,outfit,epic,,Mighty Morphin,6,5,2025-08-07T13:36:11Z
2026-09-15,v2:/807b660c4234b958e2a4144f1255a71eb19840d8ea2fa82e549b7d5ac6a6d5c8,"[VIRTUAL]1 x Blue Ranger, 1 x Red Ranger, 1 x Pink Ranger, 1 x Black Ranger, 1 x Yellow Ranger, 1 x Power Lance, 1 x Power Sword, 1 x Power Bow, 1 x Power Axe, 1 x Power Daggers, 1 x GO GO POWER RANGERS, 1 x Uncontrollable Dance, 1 x IT'S MORPHIN TIME, 1 x Zordon's Message, 1 x Triceratops Coin, 1 x Tyrannosaurus Coin, 1 x Pterodactyl Coin, 1 x Mastodon Coin, 1 x Sabertooth Tiger Coin, 1 x TBD (SID_Placeholder_631), 1 x Power Rangers for -1 MtxCurrency",12400,3600,8800,0.7097,1,2026-09-12T00:00:00Z,2026-09-15T23:59:59.999Z,1,0,-1,Rangers,Power Rangers,187,tileGrid,Size_3_x_1,,1,Power Rangers Bundle,21,br,Character_FumeFleeceFade,Red Ranger,outfit,epic,,Mighty Morphin,6,5,2025-08-07T13:36:11Z
2026-09-15,v2:/807b660c4234b958e2a4144f1255a71eb19840d8ea2fa82e549b7d5ac6a6d5c8,"[VIRTUAL]1 x Blue Ranger, 1 x Red Ranger, 1 x Pink Ranger, 1 x Black Ranger, 1 x Yellow Ranger, 1 x Power Lance, 1 x Power Sword, 1 x Power Bow, 1 x Power Axe, 1 x Power Daggers, 1 x GO GO POWER RANGERS, 1 x Uncontrollable Dance, 1 x IT'S MORPHIN TIME, 1 x Zordon's Message, 1 x Triceratops Coin, 1 x Tyrannosaurus Coin, 1 x Pterodactyl Coin, 1 x Mastodon Coin, 1 x Sabertooth Tiger Coin, 1 x TBD (SID_Placeholder_631), 1 x Power Rangers for -1 MtxCurrency",12400,3600,8800,0.7097,1,2026-09-12T00:00:00Z,2026-09-15T23:59:59.999Z,1,0,-1,Rangers,Power Rangers,187,tileGrid,Size_3_x_1,,1,Power Rangers Bundle,21,br,Character_FumeFleeceJig,Pink Ranger,outfit,epic,,Mighty Morphin,6,5,2025-08-07T13:36:11Z
2026-09-15,v2:/807b660c4234b958e2a4144f1255a71eb19840d8ea2fa82e549b7d5ac6a6d5c8,"[VIRTUAL]1 x Blue Ranger, 1 x Red Ranger, 1 x Pink Ranger, 1 x Black Ranger, 1 x Yellow Ranger, 1 x Power Lance, 1 x Power Sword, 1 x Power Bow, 1 x Power Axe, 1 x Power Daggers, 1 x GO GO POWER RANGERS, 1 x Uncontrollable Dance, 1 x IT'S MORPHIN TIME, 1 x Zordon's Message, 1 x Triceratops Coin, 1 x Tyrannosaurus Coin, 1 x Pterodactyl Coin, 1 x Mastodon Coin, 1 x Sabertooth Tiger Coin, 1 x TBD (SID_Placeholder_631), 1 x Power Rangers for -1 MtxCurrency",12400,3600,8800,0.7097,1,2026-09-12T00:00:00Z,2026-09-15T23:59:59.999Z,1,0,-1,Rangers,Power Rangers,187,tileGrid,Size_3_x_1,,1,Power Rangers Bundle,21,br,Character_FumeFleeceShack,Black Ranger,outfit,epic,,Mighty Morphin,6,5,2025-08-07T13:36:11Z
2026-09-15,v2:/807b660c4234b958e2a4144f1255a71eb19840d8ea2fa82e549b7d5ac6a6d5c8,"[VIRTUAL]1 x Blue Ranger, 1 x Red Ranger, 1 x Pink Ranger, 1 x Black Ranger, 1 x Yellow Ranger, 1 x Power Lance, 1 x Power Sword, 1 x Power Bow, 1 x Power Axe, 1 x Power Daggers, 1 x GO GO POWER RANGERS, 1 x Uncontrollable Dance, 1 x IT'S MORPHIN TIME, 1 x Zordon's Message, 1 x Triceratops Coin, 1 x Tyrannosaurus Coin, 1 x Pterodactyl Coin, 1 x Mastodon Coin, 1 x Sabertooth Tiger Coin, 1 x TBD (SID_Placeholder_631), 1 x Power Rangers for -1 MtxCurrency",12400,3600,8800,0.7097,1,2026-09-12T00:00:00Z,2026-09-15T23:59:59.999Z,1,0,-1,Rangers,Power Rangers,187,tileGrid,Size_3_x_1,,1,Power Rangers Bundle,21,br,Character_FumeFleeceWag,Yellow Ranger,outfit,epic,,Mighty Morphin,6,5,2025-08-07T13:36:11Z
2026-09-15,v2:/807b660c4234b958e2a4144f1255a71eb19840d8ea2fa82e549b7d5ac6a6d5c8,"[VIRTUAL]1 x Blue Ranger, 1 x Red Ranger, 1 x Pink Ranger, 1 x Black Ranger, 1 x Yellow Ranger, 1 x Power Lance, 1 x Power Sword, 1 x Power Bow, 1 x Power Axe, 1 x Power Daggers, 1 x GO GO POWER RANGERS, 1 x Uncontrollable Dance, 1 x IT'S MORPHIN TIME, 1 x Zordon's Message, 1 x Triceratops Coin, 1 x Tyrannosaurus Coin, 1 x Pterodactyl Coin, 1 x Mastodon Coin, 1 x Sabertooth Tiger Coin, 1 x TBD (SID_Placeholder_631), 1 x Power Rangers for -1 MtxCurrency",12400,3600,8800,0.7097,1,2026-09-12T00:00:00Z,2026-09-15T23:59:59.999Z,1,0,-1,Rangers,Power Rangers,187,tileGrid,Size_3_x_1,,1,Power Rangers Bundle,21,br,Pickaxe_FumeFleeceClap,Power Lance,pickaxe,rare,,Mighty Morphin,6,5,2025-08-07T13:36:11Z
2026-09-15,v2:/807b660c4234b958e2a4144f1255a71eb19840d8ea2fa82e549b7d5ac6a6d5c8,"[VIRTUAL]1 x Blue Ranger, 1 x Red Ranger, 1 x Pink Ranger, 1 x Black Ranger, 1 x Yellow Ranger, 1 x Power Lance, 1 x Power Sword, 1 x Power Bow, 1 x Power Axe, 1 x Power Daggers, 1 x GO GO POWER RANGERS, 1 x Uncontrollable Dance, 1 x IT'S MORPHIN TIME, 1 x Zordon's Message, 1 x Triceratops Coin, 1 x Tyrannosaurus Coin, 1 x Pterodactyl Coin, 1 x Mastodon Coin, 1 x Sabertooth Tiger Coin, 1 x TBD (SID_Placeholder_631), 1 x Power Rangers for -1 MtxCurrency",12400,3600,8800,0.7097,1,2026-09-12T00:00:00Z,2026-09-15T23:59:59.999Z,1,0,-1,Rangers,Power Rangers,187,tileGrid,Size_3_x_1,,1,Power Rangers Bundle,21,br,Pickaxe_FumeFleeceFade,Power Sword,pickaxe,rare,,Mighty Morphin,6,5,2025-08-07T13:36:11Z
2026-09-15,v2:/807b660c4234b958e2a4144f1255a71eb19840d8ea2fa82e549b7d5ac6a6d5c8,"[VIRTUAL]1 x Blue Ranger, 1 x Red Ranger, 1 x Pink Ranger, 1 x Black Ranger, 1 x Yellow Ranger, 1 x Power Lance, 1 x Power Sword, 1 x Power Bow, 1 x Power Axe, 1 x Power Daggers, 1 x GO GO POWER RANGERS, 1 x Uncontrollable Dance, 1 x IT'S MORPHIN TIME, 1 x Zordon's Message, 1 x Triceratops Coin, 1 x Tyrannosaurus Coin, 1 x Pterodactyl Coin, 1 x Mastodon Coin, 1 x Sabertooth Tiger Coin, 1 x TBD (SID_Placeholder_631), 1 x Power Rangers for -1 MtxCurrency",12400,3600,8800,0.7097,1,2026-09-12T00:00:00Z,2026-09-15T23:59:59.999Z,1,0,-1,Rangers,Power Rangers,187,tileGrid,Size_3_x_1,,1,Power Rangers Bundle,21,br,Pickaxe_FumeFleeceJig,Power Bow,pickaxe,rare,,Mighty Morphin,6,5,2025-08-07T13:36:11Z
2026-09-15,v2:/807b660c4234b958e2a4144f1255a71eb19840d8ea2fa82e549b7d5ac6a6d5c8,"[VIRTUAL]1 x Blue Ranger, 1 x Red Ranger, 1 x Pink Ranger, 1 x Black Ranger, 1 x Yellow Ranger, 1 x Power Lance, 1 x Power Sword, 1 x Power Bow, 1 x Power Axe, 1 x Power Daggers, 1 x GO GO POWER RANGERS, 1 x Uncontrollable Dance, 1 x IT'S MORPHIN TIME, 1 x Zordon's Message, 1 x Triceratops Coin, 1 x Tyrannosaurus Coin, 1 x Pterodactyl Coin, 1 x Mastodon Coin, 1 x Sabertooth Tiger Coin, 1 x TBD (SID_Placeholder_631), 1 x Power Rangers for -1 MtxCurrency",12400,3600,8800,0.7097,1,2026-09-12T00:00:00Z,2026-09-15T23:59:59.999Z,1,0,-1,Rangers,Power Rangers,187,tileGrid,Size_3_x_1,,1,Power Rangers Bundle,21,br,Pickaxe_FumeFleeceShack,Power Axe,pickaxe,rare,,Mighty Morphin,6,5,2025-08-07T13:36:11Z
2026-09-15,v2:/807b660c4234b958e2a4144f1255a71eb19840d8ea2fa82e549b7d5ac6a6d5c8,"[VIRTUAL]1 x Blue Ranger, 1 x Red Ranger, 1 x Pink Ranger, 1 x Black Ranger, 1 x Yellow Ranger, 1 x Power Lance, 1 x Power Sword, 1 x Power Bow, 1 x Power Axe, 1 x Power Daggers, 1 x GO GO POWER RANGERS, 1 x Uncontrollable Dance, 1 x IT'S MORPHIN TIME, 1 x Zordon's Message, 1 x Triceratops Coin, 1 x Tyrannosaurus Coin, 1 x Pterodactyl Coin, 1 x Mastodon Coin, 1 x Sabertooth Tiger Coin, 1 x TBD (SID_Placeholder_631), 1 x Power Rangers for -1 MtxCurrency",12400,3600,8800,0.7097,1,2026-09-12T00:00:00Z,2026-09-15T23:59:59.999Z,1,0,-1,Rangers,Power Rangers,187,tileGrid,Size_3_x_1,,1,Power Rangers Bundle,21,br,Pickaxe_FumeFleeceWag,Power Daggers,pickaxe,rare,,Mighty Morphin,6,5,2025-08-07T13:36:11Z
2026-09-15,v2:/807b660c4234b958e2a4144f1255a71eb19840d8ea2fa82e549b7d5ac6a6d5c8,"[VIRTUAL]1 x Blue Ranger, 1 x Red Ranger, 1 x Pink Ranger, 1 x Black Ranger, 1 x Yellow Ranger, 1 x Power Lance, 1 x Power Sword, 1 x Power Bow, 1 x Power Axe, 1 x Power Daggers, 1 x GO GO POWER RANGERS, 1 x Uncontrollable Dance, 1 x IT'S MORPHIN TIME, 1 x Zordon's Message, 1 x Triceratops Coin, 1 x Tyrannosaurus Coin, 1 x Pterodactyl Coin, 1 x Mastodon Coin, 1 x Sabertooth Tiger Coin, 1 x TBD (SID_Placeholder_631), 1 x Power Rangers for -1 MtxCurrency",12400,3600,8800,0.7097,1,2026-09-12T00:00:00Z,2026-09-15T23:59:59.999Z,1,0,-1,Rangers,Power Rangers,187,tileGrid,Size_3_x_1,,1,Power Rangers Bundle,21,br,EID_FumeFleeceFade,GO GO POWER RANGERS,emote,uncommon,,Mighty Morphin,6,5,2025-08-07T13:36:11Z
2026-09-15,v2:/807b660c4234b958e2a4144f1255a71eb19840d8ea2fa82e549b7d5ac6a6d5c8,"[VIRTUAL]1 x Blue Ranger, 1 x Red Ranger, 1 x Pink Ranger, 1 x Black Ranger, 1 x Yellow Ranger, 1 x Power Lance, 1 x Power Sword, 1 x Power Bow, 1 x Power Axe, 1 x Power Daggers, 1 x GO GO POWER RANGERS, 1 x Uncontrollable Dance, 1 x IT'S MORPHIN TIME, 1 x Zordon's Message, 1 x Triceratops Coin, 1 x Tyrannosaurus Coin, 1 x Pterodactyl Coin, 1 x Mastodon Coin, 1 x Sabertooth Tiger Coin, 1 x TBD (SID_Placeholder_631), 1 x Power Rangers for -1 MtxCurrency",12400,3600,8800,0.7097,1,2026-09-12T00:00:00Z,2026-09-15T23:59:59.999Z,1,0,-1,Rangers,Power Rangers,187,tileGrid,Size_3_x_1,,1,Power Rangers Bundle,21,br,EID_FumeFleeceWag,Uncontrollable Dance,emote,uncommon,,Mighty Morphin,6,5,2025-08-07T13:36:11Z
2026-09-15,v2:/807b660c4234b958e2a4144f1255a71eb19840d8ea2fa82e549b7d5ac6a6d5c8,"[VIRTUAL]1 x Blue Ranger, 1 x Red Ranger, 1 x Pink Ranger, 1 x Black Ranger, 1 x Yellow Ranger, 1 x Power Lance, 1 x Power Sword, 1 x Power Bow, 1 x Power Axe, 1 x Power Daggers, 1 x GO GO POWER RANGERS, 1 x Uncontrollable Dance, 1 x IT'S MORPHIN TIME, 1 x Zordon's Message, 1 x Triceratops Coin, 1 x Tyrannosaurus Coin, 1 x Pterodactyl Coin, 1 x Mastodon Coin, 1 x Sabertooth Tiger Coin, 1 x TBD (SID_Placeholder_631), 1 x Power Rangers for -1 MtxCurrency",12400,3600,8800,0.7097,1,2026-09-12T00:00:00Z,2026-09-15T23:59:59.999Z,1,0,-1,Rangers,Power Rangers,187,tileGrid,Size_3_x_1,,1,Power Rangers Bundle,21,br,EID_FumeFleeceClap,IT'S MORPHIN TIME,emote,uncommon,,Mighty Morphin,6,5,2025-08-07T13:36:11Z
2026-09-15,v2:/807b660c4234b958e2a4144f1255a71eb19840d8ea2fa82e549b7d5ac6a6d5c8,"[VIRTUAL]1 x Blue Ranger, 1 x Red Ranger, 1 x Pink Ranger, 1 x Black Ranger, 1 x Yellow Ranger, 1 x Power Lance, 1 x Power Sword, 1 x Power Bow, 1 x Power Axe, 1 x Power Daggers, 1 x GO GO POWER RANGERS, 1 x Uncontrollable Dance, 1 x IT'S MORPHIN TIME, 1 x Zordon's Message, 1 x Triceratops Coin, 1 x Tyrannosaurus Coin, 1 x Pterodactyl Coin, 1 x Mastodon Coin, 1 x Sabertooth Tiger Coin, 1 x TBD (SID_Placeholder_631), 1 x Power Rangers for -1 MtxCurrency",12400,3600,8800,0.7097,1,2026-09-12T00:00:00Z,2026-09-15T23:59:59.999Z,1,0,-1,Rangers,Power Rangers,187,tileGrid,Size_3_x_1,,1,Power Rangers Bundle,21,br,EID_FumeFleeceShack,Zordon's Message,emote,uncommon,,Mighty Morphin,6,5,2025-08-07T13:36:11Z
2026-09-15,v2:/807b660c4234b958e2a4144f1255a71eb19840d8ea2fa82e549b7d5ac6a6d5c8,"[VIRTUAL]1 x Blue Ranger, 1 x Red Ranger, 1 x Pink Ranger, 1 x Black Ranger, 1 x Yellow Ranger, 1 x Power Lance, 1 x Power Sword, 1 x Power Bow, 1 x Power Axe, 1 x Power Daggers, 1 x GO GO POWER RANGERS, 1 x Uncontrollable Dance, 1 x IT'S MORPHIN TIME, 1 x Zordon's Message, 1 x Triceratops Coin, 1 x Tyrannosaurus Coin, 1 x Pterodactyl Coin, 1 x Mastodon Coin, 1 x Sabertooth Tiger Coin, 1 x TBD (SID_Placeholder_631), 1 x Power Rangers for -1 MtxCurrency",12400,3600,8800,0.7097,1,2026-09-12T00:00:00Z,2026-09-15T23:59:59.999Z,1,0,-1,Rangers,Power Rangers,187,tileGrid,Size_3_x_1,,1,Power Rangers Bundle,21,br,Backpack_FumeFleeceClap,Triceratops Coin,backpack,rare,,Mighty Morphin,6,5,2025-08-07T13:36:11Z
2026-09-15,v2:/807b660c4234b958e2a4144f1255a71eb19840d8ea2fa82e549b7d5ac6a6d5c8,"[VIRTUAL]1 x Blue Ranger, 1 x Red Ranger, 1 x Pink Ranger, 1 x Black Ranger, 1 x Yellow Ranger, 1 x Power Lance, 1 x Power Sword, 1 x Power Bow, 1 x Power Axe, 1 x Power Daggers, 1 x GO GO POWER RANGERS, 1 x Uncontrollable Dance, 1 x IT'S MORPHIN TIME, 1 x Zordon's Message, 1 x Triceratops Coin, 1 x Tyrannosaurus Coin, 1 x Pterodactyl Coin, 1 x Mastodon Coin, 1 x Sabertooth Tiger Coin, 1 x TBD (SID_Placeholder_631), 1 x Power Rangers for -1 MtxCurrency",12400,3600,8800,0.7097,1,2026-09-12T00:00:00Z,2026-09-15T23:59:59.999Z,1,0,-1,Rangers,Power Rangers,187,tileGrid,Size_3_x_1,,1,Power Rangers Bundle,21,br,Backpack_FumeFleeceFade,Tyrannosaurus Coin,backpack,rare,,Mighty Morphin,6,5,2025-08-07T13:36:11Z
2026-09-15,v2:/807b660c4234b958e2a4144f1255a71eb19840d8ea2fa82e549b7d5ac6a6d5c8,"[VIRTUAL]1 x Blue Ranger, 1 x Red Ranger, 1 x Pink Ranger, 1 x Black Ranger, 1 x Yellow Ranger, 1 x Power Lance, 1 x Power Sword, 1 x Power Bow, 1 x Power Axe, 1 x Power Daggers, 1 x GO GO POWER RANGERS, 1 x Uncontrollable Dance, 1 x IT'S MORPHIN TIME, 1 x Zordon's Message, 1 x Triceratops Coin, 1 x Tyrannosaurus Coin, 1 x Pterodactyl Coin, 1 x Mastodon Coin, 1 x Sabertooth Tiger Coin, 1 x TBD (SID_Placeholder_631), 1 x Power Rangers for -1 MtxCurrency",12400,3600,8800,0.7097,1,2026-09-12T00:00:00Z,2026-09-15T23:59:59.999Z,1,0,-1,Rangers,Power Rangers,187,tileGrid,Size_3_x_1,,1,Power Rangers Bundle,21,br,Backpack_FumeFleeceJig,Pterodactyl Coin,backpack,rare,,Mighty Morphin,6,5,2025-08-07T13:36:11Z
2026-09-15,v2:/807b660c4234b958e2a4144f1255a71eb19840d8ea2fa82e549b7d5ac6a6d5c8,"[VIRTUAL]1 x Blue Ranger, 1 x Red Ranger, 1 x Pink Ranger, 1 x Black Ranger, 1 x Yellow Ranger, 1 x Power Lance, 1 x Power Sword, 1 x Power Bow, 1 x Power Axe, 1 x Power Daggers, 1 x GO GO POWER RANGERS, 1 x Uncontrollable Dance, 1 x IT'S MORPHIN TIME, 1 x Zordon's Message, 1 x Triceratops Coin, 1 x Tyrannosaurus Coin, 1 x Pterodactyl Coin, 1 x Mastodon Coin, 1 x Sabertooth Tiger Coin, 1 x TBD (SID_Placeholder_631), 1 x Power Rangers for -1 MtxCurrency",12400,3600,8800,0.7097,1,2026-09-12T00:00:00Z,2026-09-15T23:59:59.999Z,1,0,-1,Rangers,Power Rangers,187,tileGrid,Size_3_x_1,,1,Power Rangers Bundle,21,br,Backpack_FumeFleeceShack,Mastodon Coin,backpack,rare,,Mighty Morphin,6,5,2025-08-07T13:36:11Z
2026-09-15,v2:/807b660c4234b958e2a4144f1255a71eb19840d8ea2fa82e549b7d5ac6a6d5c8,"[VIRTUAL]1 x Blue Ranger, 1 x Red Ranger, 1 x Pink Ranger, 1 x Black Ranger, 1 x Yellow Ranger, 1 x Power Lance, 1 x Power Sword, 1 x Power Bow, 1 x Power Axe, 1 x Power Daggers, 1 x GO GO POWER RANGERS, 1 x Uncontrollable Dance, 1 x IT'S MORPHIN TIME, 1 x Zordon's Message, 1 x Triceratops Coin, 1 x Tyrannosaurus Coin, 1 x Pterodactyl Coin, 1 x Mastodon Coin, 1 x Sabertooth Tiger Coin, 1 x TBD (SID_Placeholder_631), 1 x Power Rangers for -1 MtxCurrency",12400,3600,8800,0.7097,1,2026-09-12T00:00:00Z,2026-09-15T23:59:59.999Z,1,0,-1,Rangers,Power Rangers,187,tileGrid,Size_3_x_1,,1,Power Rangers Bundle,21,br,Backpack_FumeFleeceWag,Sabertooth Tiger Coin,backpack,rare,,Mighty Morphin,6,5,2025-08-07T13:36:11Z
2026-09-15,v2:/807b660c4234b958e2a4144f1255a71eb19840d8ea2fa82e549b7d5ac6a6d5c8,"[VIRTUAL]1 x Blue Ranger, 1 x Red Ranger, 1 x Pink Ranger, 1 x Black Ranger, 1 x Yellow Ranger, 1 x Power Lance, 1 x Power Sword, 1 x Power Bow, 1 x Power Axe, 1 x Power Daggers, 1 x GO GO POWER RANGERS, 1 x Uncontrollable Dance, 1 x IT'S MORPHIN TIME, 1 x Zordon's Message, 1 x Triceratops Coin, 1 x Tyrannosaurus Coin, 1 x Pterodactyl Coin, 1 x Mastodon Coin, 1 x Sabertooth Tiger Coin, 1 x TBD (SID_Placeholder_631), 1 x Power Rangers for -1 MtxCurrency",12400,3600,8800,0.7097,1,2026-09-12T00:00:00Z,2026-09-15T23:59:59.999Z,1,0,-1,Rangers,Power Rangers,187,tileGrid,Size_3_x_1,,1,Power Rangers Bundle,21,br,Wrap_FumeFleece,Power Rangers,wrap,rare,,Mighty Morphin,6,5,2025-08-07T13:36:11Z
2026-09-15,v2:/807b660c4234b958e2a4144f1255a71eb19840d8ea2fa82e549b7d5ac6a6d5c8,"[VIRTUAL]1 x Blue Ranger, 1 x Red Ranger, 1 x Pink Ranger, 1 x Black Ranger, 1 x Yellow Ranger, 1 x Power Lance, 1 x Power Sword, 1 x Power Bow, 1 x Power Axe, 1 x Power Daggers, 1 x GO GO POWER RANGERS, 1 x Uncontrollable Dance, 1 x IT'S MORPHIN TIME, 1 x Zordon's Message, 1 x Triceratops Coin, 1 x Tyrannosaurus Coin, 1 x Pterodactyl Coin, 1 x Mastodon Coin, 1 x Sabertooth Tiger Coin, 1 x TBD (SID_Placeholder_631), 1 x Power Rangers for -1 MtxCurrency",12400,3600,8800,0.7097,1,2026-09-12T00:00:00Z,2026-09-15T23:59:59.999Z,1,0,-1,Rangers,Power Rangers,187,tileGrid,Size_3_x_1,,1,Power Rangers Bundle,21,track,sid_placeholder_631,Go Go Power Rangers,,,,,,,2025-08-08T14:17:52Z
2026-09-15,v2:/b7f03a728232003aa4633e323ee210e913c8f42dc9df3b4df77b7e0821bee38c,[VIRTUAL]1 x Happier Than Ever - Edit for 500 MtxCurrency,500,500,0,0.0,0,2026-09-01T00:00:00Z,2026-09-30T23:59:59.999Z,1,0,-33,JT091426,Jam Tracks,182,expandableList,Size_1_x_1,,0,,1,track,sid_placeholder_171,Happier Than Ever - Edit,,,,,,,2024-04-23T00:00:00Z
2026-09-15,v2:/a25b45b205189533f1d403bffcbb2cbfb237fbacd6706fe4f61f5da00dbb22a2,[VIRTUAL]1 x Power Daggers for 500 MtxCurrency,500,500,0,0.0,0,2026-09-12T00:00:00Z,2026-09-15T23:59:59.999Z,1,0,-3,Rangers,Power Rangers,187,tileGrid,Size_1_x_1,,0,,1,br,Pickaxe_FumeFleeceWag,Power Daggers,pickaxe,rare,,Mighty Morphin,6,5,2025-08-07T13:36:11Z
2026-09-15,v2:/e823ead7cd119ca7ee43932d17e686d98957ba0188f00aaec3b0d8de16d1a8ba,[VIRTUAL]1 x DP's Katanas for 500 MtxCurrency,500,500,0,0.0,0,2026-09-15T00:00:00Z,2026-09-19T23:59:59.999Z,1,0,-1,,,,,Size_2_x_1,,0,,1,br,Pickaxe_DriedSilk,DP's Katanas,pickaxe,marvel,MARVEL SERIES,Deadpool & Wolverine,5,3,2024-07-26T15:47:44Z
2026-09-15,v2:/8805f481e9586c0a5dd3e348e5156de02cac05bbcbf416aca158cab45f9ed9b9,[VIRTUAL]1 x Flying Saucer for 1200 MtxCurrency,1200,1200,0,0.0,0,2026-09-13T00:00:00Z,2026-09-15T23:59:59.999Z,1,0,-2,BanderitaX,BanderitaX's Locker,180,tileGrid,Size_2_x_1,,0,,1,br,Glider_ID_059_DurrburgerHero,Flying Saucer,glider,epic,,Durrr Burger,1,5,2019-11-20T12:51:08Z
2026-09-15,v2:/1eda10541d73954423a60690282b9cd2254f9eec4898a3e9e93ebe1c1be6507e,[VIRTUAL]1 x Buster Cannon Fire Sword for 800 MtxCurrency,800,800,0,0.0,0,2026-09-11T00:00:00Z,2026-09-20T23:59:59.999Z,1,0,-2,Megaman,Mega Man,193,tileGrid,Size_2_x_1,,0,,1,br,Pickaxe_DuneBriefMerry,Buster Cannon Fire Sword,pickaxe,gaminglegends,Gaming Legends Series,Mega Man,7,4,2026-09-07T20:23:20Z
2026-09-15,v2:/2c2fe79cc65317fc6f5fbc76ca97dc16f901ef6eb56621ea0d0ce1d707b72a23,[VIRTUAL]1 x Espresso for 500 MtxCurrency,500,500,0,0.0,0,2026-09-11T00:00:00Z,2026-09-17T23:59:59.999Z,1,0,-3,JT091426,Jam Tracks,182,tileGrid,Size_1_x_1,,0,,1,track,sid_placeholder_307,Espresso,,,,,,,2024-08-22T14:07:17Z
2026-09-15,v2:/b866901ca4f031ee5497aafa5a86ce58ced7d7bc95a7980e6bb7f42ca394a9ea,[VIRTUAL]1 x Cheesy for 300 MtxCurrency,300,300,0,0.0,0,2026-09-13T00:00:00Z,2026-09-15T23:59:59.999Z,1,0,-1,,,,,Size_2_x_1,,0,,1,br,BID_315_PizzaPit,Cheesy,backpack,rare,,Pizza Pit,1,X,2019-11-20T12:50:33Z
2026-09-15,v2:/43924874752be19576d0da4324b114b6bb5cffbc92b9f8b1019e70615f416ae3,"[VIRTUAL]1 x Anima, 1 x Phantomglaas Blades for -1 MtxCurrency",1300,1100,200,0.1538,1,2026-09-14T00:00:00Z,2026-09-15T23:59:59.999Z,1,0,-1,BR091526,Full Flex,186,tileGrid,Size_2_x_1,,1,Anima Bundle,2,br,Character_SkilledSkull,Anima,outfit,epic,,Anima Survivor,6,5,2025-10-02T12:10:53Z
2026-09-15,v2:/43924874752be19576d0da4324b114b6bb5cffbc92b9f8b1019e70615f416ae3,"[VIRTUAL]1 x Anima, 1 x Phantomglaas Blades for -1 MtxCurrency",1300,1100,200,0.1538,1,2026-09-14T00:00:00Z,2026-09-15T23:59:59.999Z,1,0,-1,BR091526,Full Flex,186,tileGrid,Size_2_x_1,,1,Anima Bundle,2,br,Pickaxe_SkilledSkull,Phantomglaas Blades,pickaxe,rare,,Anima Survivor,6,5,2025-10-02T12:10:53Z
2026-09-15,v2:/4f8275355308853451481ab07aaefb8ea801dfd14fc82887875b5f45376c57cb,[VIRTUAL]1 x Barbie Girl for 500 MtxCurrency,500,500,0,0.0,0,2026-09-11T00:00:00Z,2026-09-17T23:59:59.999Z,1,0,-2,JT091426,Jam Tracks,182,tileGrid,Size_1_x_1,,0,,1,track,sid_placeholder_119,Barbie Girl,,,,,,,2024-02-13T18:03:02Z
2026-09-15,v2:/7073377d1c85f9a290e5d721123cf302ece390f94319add1591ddb9b6c353046,[VIRTUAL]1 x Mega Buster Flex for 400 MtxCurrency,400,400,0,0.0,0,2026-09-11T00:00:00Z,2026-09-20T23:59:59.999Z,1,0,-4,Megaman,Mega Man,193,tileGrid,Size_1_x_1,,0,,1,br,EID_DuneBrief,Mega Buster Flex,emote,gaminglegends,Gaming Legends Series,Mega Man,7,4,2026-09-07T20:23:20Z
2026-09-15,v2:/2890f38a0d2bbd2f6c4ef49c992b50848e03bdfea84fd0439c5af25bb2c1e30e,[VIRTUAL]1 x Deadpool Dropper for 800 MtxCurrency,800,800,0,0.0,0,2026-09-15T00:00:00Z,2026-09-19T23:59:59.999Z,1,0,-3,WolverineShop,Marvel,197,tileGrid,Size_1_x_1,,0,,1,br,Glider_DriedSilk,Deadpool Dropper,glider,marvel,MARVEL SERIES,Deadpool & Wolverine,5,3,2024-07-26T15:47:44Z
2026-09-15,v2:/8e9f7448a24de3d12810bdd1a066487f9fe244a441531fdb1b761becb994896e,[VIRTUAL]1 x Dirty Little Secret for 500 MtxCurrency,500,500,0,0.0,0,2026-09-01T00:00:00Z,2026-09-30T23:59:59.999Z,1,0,-18,JT091426,Jam Tracks,182,expandableList,Size_1_x_1,,0,,1,track,sid_placeholder_82,Dirty Little Secret,,,,,,,2023-12-12T00:00:00Z
2026-09-15,v2:/398e3885c7806da1c1da067141f8b9fdfdd7875cd325792c0c2825e626c369d7,[VIRTUAL]1 x E-Tank Power Pack for 300 MtxCurrency,300,300,0,0.0,0,2026-09-11T00:00:00Z,2026-09-20T23:59:59.999Z,1,0,-1,Megaman,Mega Man,193,tileGrid,Size_1_x_1,,0,,1,br,Backpack_DuneBriefShift,E-Tank Power Pack,backpack,gaminglegends,Gaming Legends Series,Mega Man,7,4,2026-09-07T20:23:20Z
2026-09-15,v2:/7a583383c57d01d751e8c9fae35584b504a3e25d0e09a07ed279f82ce30c0233,[VIRTUAL]1 x All The Stars for 500 MtxCurrency,500,500,0,0.0,0,2026-09-11T00:00:00Z,2026-09-17T23:59:59.999Z,1,0,-1,JT091426,Jam Tracks,182,tileGrid,Size_1_x_1,,0,,1,track,sid_placeholder_21,All The Stars,,,,,,,2024-07-03T14:17:57Z
2026-09-15,v2:/718f8310bbf74ba86b2662f20ece7da2f66f1232a9f0d874cf7be547af13a5db,[VIRTUAL]1 x Pink Ranger for 1200 MtxCurrency,1200,1200,0,0.0,0,2026-09-12T00:00:00Z,2026-09-15T23:59:59.999Z,1,0,-1,Rangers,Power Rangers,187,tileGrid,Size_1_x_1,,0,,1,br,Character_FumeFleeceJig,Pink Ranger,outfit,epic,,Mighty Morphin,6,5,2025-08-07T13:36:11Z
2026-09-15,v2:/7dd288611e2b0c38babedbcbb76d28f61ece9a0666007ce84eda40b739600f3c,[VIRTUAL]1 x Sexy And I Know It for 500 MtxCurrency,500,500,0,0.0,0,2026-09-01T00:00:00Z,2026-09-30T23:59:59.999Z,1,0,-95,JT091426,Jam Tracks,182,expandableList,Size_1_x_1,,0,,1,track,sid_placeholder_260,Sexy And I Know It,,,,,,,2024-07-03T14:17:57Z
2026-09-15,v2:/811f8b935632f7a274139c46ae18ff660e757fb02816c7ae3f44aac97c29affe,[VIRTUAL]1 x Mochi for 300 MtxCurrency,300,300,0,0.0,0,2026-09-15T00:00:00Z,2026-09-21T23:59:59.999Z,1,0,-4,,,,,Size_1_x_1,,0,,1,br,BID_307_Bani,Mochi,backpack,rare,,Battle Bun,1,9,2019-11-20T12:50:33Z
2026-09-15,v2:/d269f68554cdb0d7798a3f8800b86cb08c935a182aafb8f061b4cc1cbb5c088f,[VIRTUAL]1 x The Spins for 500 MtxCurrency,500,500,0,0.0,0,2026-09-01T00:00:00Z,2026-09-30T23:59:59.999Z,1,0,-71,JT091426,Jam Tracks,182,expandableList,Size_1_x_1,,0,,1,track,sid_placeholder_334,The Spins,,,,,,,2024-10-24T14:53:04Z
2026-09-15,v2:/9f10f5fdefa7402d7442b72a815680f10d3e480cee7e7a424d8fc4cf41db525c,[VIRTUAL]1 x Meowtooth for 1200 MtxCurrency,1200,1200,0,0.0,0,2026-09-15T00:00:00Z,2026-09-19T23:59:59.999Z,1,0,-3,WolverineShop,Marvel,197,tileGrid,Size_1_x_1,,0,,1,br,Character_CattleJar,Meowtooth,outfit,marvel,MARVEL SERIES,Meowtooth,5,4,2024-09-05T14:25:10Z
2026-09-15,v2:/2e16d6f3892bb28b6073131da3f8ecba9de89e41de20858c64cf2963afe8755d,[VIRTUAL]1 x Random Challenge for 300 MtxCurrency,300,300,0,0.0,0,2026-09-13T00:00:00Z,2026-09-15T23:59:59.999Z,1,0,-3,TypicalGamerIcons,Typical Gamer,181,tileGrid,Size_1_x_1,,0,,1,br,EID_QuarterClaspZoom,Random Challenge,emote,icon,Icon Series,Typical Gamer,7,2,2026-05-24T21:01:00Z
2026-09-15,v2:/1d3aeae0d98058e2fb1c38265ab7cc8b2c33d7e89a2b2cdd96502209051229d1,[VIRTUAL]1 x MILLION DOLLAR BABY for 500 MtxCurrency,500,500,0,0.0,0,2026-09-01T00:00:00Z,2026-09-30T23:59:59.999Z,1,0,-85,JT091426,Jam Tracks,182,expandableList,Size_1_x_1,,0,,1,track,sid_placeholder_417,MILLION DOLLAR BABY,,,,,,,2024-11-07T17:50:41Z
2026-09-15,v2:/ed205cba1c5eb6d4caac69d047e9697cc98658d7d82750222d09d6a5caeec764,[VIRTUAL]1 x TBD (SID_Placeholder_391) for 500 MtxCurrency,500,500,0,0.0,0,2026-09-01T00:00:00Z,2026-09-30T23:59:59.999Z,1,0,-78,JT091426,Jam Tracks,182,expandableList,Size_1_x_1,,0,,1,track,sid_placeholder_391,Locked Out Of Heaven,,,,,,,2025-07-16T00:00:48Z
2026-09-15,v2:/cedc7d7fa6b02a0af0a00e513fa07f9e6cebe2eb9032f16fc1ca7628e11d7cb4,"[VIRTUAL]1 x Mega Man (Dual Override), 1 x Buster Cannon Fire Sword for -1 MtxCurrency",1800,1800,0,0.0,0,2026-09-11T00:00:00Z,2026-09-20T23:59:59.999Z,1,0,-1,Megaman,Mega Man,193,tileGrid,Size_2_x_1,,0,,2,br,Character_DuneBriefMerry,Mega Man (Dual Override),outfit,gaminglegends,Gaming Legends Series,Mega Man,7,4,2026-09-07T20:23:20Z
2026-09-15,v2:/cedc7d7fa6b02a0af0a00e513fa07f9e6cebe2eb9032f16fc1ca7628e11d7cb4,"[VIRTUAL]1 x Mega Man (Dual Override), 1 x Buster Cannon Fire Sword for -1 MtxCurrency",1800,1800,0,0.0,0,2026-09-11T00:00:00Z,2026-09-20T23:59:59.999Z,1,0,-1,Megaman,Mega Man,193,tileGrid,Size_2_x_1,,0,,2,br,Pickaxe_DuneBriefMerry,Buster Cannon Fire Sword,pickaxe,gaminglegends,Gaming Legends Series,Mega Man,7,4,2026-09-07T20:23:20Z
2026-09-15,v2:/d696a260d6b29c049785a1397be210c72049ba3efbb0346e9fb3981749da836b,[VIRTUAL]1 x TBD (SID_Placeholder_495) for 500 MtxCurrency,500,500,0,0.0,0,2026-09-01T00:00:00Z,2026-09-30T23:59:59.999Z,1,0,-22,JT091426,Jam Tracks,182,expandableList,Size_1_x_1,,0,,1,track,sid_placeholder_495,Bling-Bang-Bang-Born,,,,,,,2025-02-13T17:10:43Z
2026-09-15,v2:/7b73f0b08ec583743d5e8edd58162ae73ac64e0088ec16fa365e20fba88d868a,"[VIRTUAL]1 x Stan Smith, 1 x Stan's Foam Finger, 1 x Francine Smith, 1 x Francine's Purse, 1 x Klaus Heisler, 1 x Stan's Jam, 1 x Threat Level Fridge Magnet, 1 x TBD (SID_Placeholder_846) for -1 MtxCurrency",5000,2800,2200,0.44,1,2026-09-14T00:00:00Z,2026-09-17T23:59:59.999Z,1,0,-1,TaxiHeel,American Dad!,185,tileGrid,Size_2_x_1,,1,American Dad! Bundle,8,br,Character_TaxiHeel,Stan Smith,outfit,epic,,American Dad!,7,3,2026-07-02T13:00:56Z
2026-09-15,v2:/7b73f0b08ec583743d5e8edd58162ae73ac64e0088ec16fa365e20fba88d868a,"[VIRTUAL]1 x Stan Smith, 1 x Stan's Foam Finger, 1 x Francine Smith, 1 x Francine's Purse, 1 x Klaus Heisler, 1 x Stan's Jam, 1 x Threat Level Fridge Magnet, 1 x TBD (SID_Placeholder_846) for -1 MtxCurrency",5000,2800,2200,0.44,1,2026-09-14T00:00:00Z,2026-09-17T23:59:59.999Z,1,0,-1,TaxiHeel,American Dad!,185,tileGrid,Size_2_x_1,,1,American Dad! Bundle,8,br,Pickaxe_TaxiHeel,Stan's Foam Finger,pickaxe,rare,,American Dad!,7,3,2026-07-02T13:00:56Z
2026-09-15,v2:/7b73f0b08ec583743d5e8edd58162ae73ac64e0088ec16fa365e20fba88d868a,"[VIRTUAL]1 x Stan Smith, 1 x Stan's Foam Finger, 1 x Francine Smith, 1 x Francine's Purse, 1 x Klaus Heisler, 1 x Stan's Jam, 1 x Threat Level Fridge Magnet, 1 x TBD (SID_Placeholder_846) for -1 MtxCurrency",5000,2800,2200,0.44,1,2026-09-14T00:00:00Z,2026-09-17T23:59:59.999Z,1,0,-1,TaxiHeel,American Dad!,185,tileGrid,Size_2_x_1,,1,American Dad! Bundle,8,br,Character_GrowMallet,Francine Smith,outfit,epic,,American Dad!,7,3,2026-07-02T13:00:56Z
2026-09-15,v2:/7b73f0b08ec583743d5e8edd58162ae73ac64e0088ec16fa365e20fba88d868a,"[VIRTUAL]1 x Stan Smith, 1 x Stan's Foam Finger, 1 x Francine Smith, 1 x Francine's Purse, 1 x Klaus Heisler, 1 x Stan's Jam, 1 x Threat Level Fridge Magnet, 1 x TBD (SID_Placeholder_846) for -1 MtxCurrency",5000,2800,2200,0.44,1,2026-09-14T00:00:00Z,2026-09-17T23:59:59.999Z,1,0,-1,TaxiHeel,American Dad!,185,tileGrid,Size_2_x_1,,1,American Dad! Bundle,8,br,Pickaxe_GrowMallet,Francine's Purse,pickaxe,rare,,American Dad!,7,3,2026-07-02T13:00:56Z
2026-09-15,v2:/7b73f0b08ec583743d5e8edd58162ae73ac64e0088ec16fa365e20fba88d868a,"[VIRTUAL]1 x Stan Smith, 1 x Stan's Foam Finger, 1 x Francine Smith, 1 x Francine's Purse, 1 x Klaus Heisler, 1 x Stan's Jam, 1 x Threat Level Fridge Magnet, 1 x TBD (SID_Placeholder_846) for -1 MtxCurrency",5000,2800,2200,0.44,1,2026-09-14T00:00:00Z,2026-09-17T23:59:59.999Z,1,0,-1,TaxiHeel,American Dad!,185,tileGrid,Size_2_x_1,,1,American Dad! Bundle,8,br,Backpack_GrowMallet,Klaus Heisler,backpack,rare,,American Dad!,7,3,2026-07-02T13:00:56Z
2026-09-15,v2:/7b73f0b08ec583743d5e8edd58162ae73ac64e0088ec16fa365e20fba88d868a,"[VIRTUAL]1 x Stan Smith, 1 x Stan's Foam Finger, 1 x Francine Smith, 1 x Francine's Purse, 1 x Klaus Heisler, 1 x Stan's Jam, 1 x Threat Level Fridge Magnet, 1 x TBD (SID_Placeholder_846) for -1 MtxCurrency",5000,2800,2200,0.44,1,2026-09-14T00:00:00Z,2026-09-17T23:59:59.999Z,1,0,-1,TaxiHeel,American Dad!,185,tileGrid,Size_2_x_1,,1,American Dad! Bundle,8,br,EID_TaxiHeel,Stan's Jam,emote,uncommon,,American Dad!,7,3,2026-07-02T13:00:56Z
2026-09-15,v2:/7b73f0b08ec583743d5e8edd58162ae73ac64e0088ec16fa365e20fba88d868a,"[VIRTUAL]1 x Stan Smith, 1 x Stan's Foam Finger, 1 x Francine Smith, 1 x Francine's Purse, 1 x Klaus Heisler, 1 x Stan's Jam, 1 x Threat Level Fridge Magnet, 1 x TBD (SID_Placeholder_846) for -1 MtxCurrency",5000,2800,2200,0.44,1,2026-09-14T00:00:00Z,2026-09-17T23:59:59.999Z,1,0,-1,TaxiHeel,American Dad!,185,tileGrid,Size_2_x_1,,1,American Dad! Bundle,8,br,Backpack_TaxiHeel,Threat Level Fridge Magnet,backpack,rare,,American Dad!,7,3,2026-07-02T13:00:56Z
2026-09-15,v2:/7b73f0b08ec583743d5e8edd58162ae73ac64e0088ec16fa365e20fba88d868a,"[VIRTUAL]1 x Stan Smith, 1 x Stan's Foam Finger, 1 x Francine Smith, 1 x Francine's Purse, 1 x Klaus Heisler, 1 x Stan's Jam, 1 x Threat Level Fridge Magnet, 1 x TBD (SID_Placeholder_846) for -1 MtxCurrency",5000,2800,2200,0.44,1,2026-09-14T00:00:00Z,2026-09-17T23:59:59.999Z,1,0,-1,TaxiHeel,American Dad!,185,tileGrid,Size_2_x_1,,1,American Dad! Bundle,8,track,sid_placeholder_846,Good Morning U.S.A. (Main Title Theme),,,,,,,2026-09-08T17:50:15Z
2026-09-15,v2:/1fc9acf717128065b587cf22072629cc8ebee24690b4a4de08fa3183424070b5,"[VIRTUAL]1 x Sugar, We're Goin Down for 500 MtxCurrency",500,500,0,0.0,0,2026-09-01T00:00:00Z,2026-09-30T23:59:59.999Z,1,0,-91,JT091426,Jam Tracks,182,expandableList,Size_1_x_1,,0,,1,track,sid_placeholder_388,"Sugar, We're Goin Down",,,,,,,2024-12-26T14:34:39Z
2026-09-15,v2:/a78735968c7d7b2caad11a51c1c52fafaa74838e4053e72337c34ac423373bcb,[VIRTUAL]1 x TBD (SID_Placeholder_879) for 500 MtxCurrency,500,500,0,0.0,0,2026-09-11T00:00:00Z,2026-09-17T23:59:59.999Z,1,0,-1,JT091426,Jam Tracks,182,tileGrid,Size_1_x_1,,0,,1,track,sid_placeholder_879,El Sonidito,,,,,,,2026-09-08T18:01:18Z
2026-09-15,v2:/0e4dc4accd2aae005ca27a3960867660883d97cd9ed1cec1a7503852efa49554,"[VIRTUAL]1 x Crewmate, 1 x Distraction Dance for -1 MtxCurrency",1000,600,400,0.4,1,2026-09-14T00:00:00Z,2026-09-17T23:59:59.999Z,1,0,-1,AmongusB,Among Us,188,tileGrid,Size_2_x_1,,1,Among Us Bundle,2,br,BID_942_LimaBean,Crewmate,backpack,gaminglegends,Gaming Legends Series,Among Us,3,3,2022-06-09T14:02:07Z
2026-09-15,v2:/0e4dc4accd2aae005ca27a3960867660883d97cd9ed1cec1a7503852efa49554,"[VIRTUAL]1 x Crewmate, 1 x Distraction Dance for -1 MtxCurrency",1000,600,400,0.4,1,2026-09-14T00:00:00Z,2026-09-17T23:59:59.999Z,1,0,-1,AmongusB,Among Us,188,tileGrid,Size_2_x_1,,1,Among Us Bundle,2,br,EID_LimaBean,Distraction Dance,emote,gaminglegends,Gaming Legends Series,Among Us,3,3,2022-06-09T14:02:07Z
2026-09-15,v2:/cbd6e622daaae333ae2dfdbaa1d04ea0b64d359038a1d63f0f1e9e75b94f713a,[VIRTUAL]1 x Walk Em Down for 500 MtxCurrency,500,500,0,0.0,0,2026-09-01T00:00:00Z,2026-09-30T23:59:59.999Z,1,0,-55,JT091426,Jam Tracks,182,expandableList,Size_1_x_1,,0,,1,track,sid_placeholder_269,Walk Em Down,,,,,,,2024-07-18T13:57:48Z
2026-09-15,v2:/b136ed8afc23e43306993b5a455c5c34caa105033974924b42d32a5645fb51a9,"[VIRTUAL]1 x Bachii, 1 x Mochi for -1 MtxCurrency",1200,1200,0,0.0,0,2026-09-15T00:00:00Z,2026-09-21T23:59:59.999Z,1,0,-4,NS091526,No Sweat,192,tileGrid,Size_1_x_1,,0,,2,br,CID_471_Athena_Commando_F_Bani,Bachii,outfit,rare,,Battle Bun,1,9,2019-11-20T12:49:55Z
2026-09-15,v2:/b136ed8afc23e43306993b5a455c5c34caa105033974924b42d32a5645fb51a9,"[VIRTUAL]1 x Bachii, 1 x Mochi for -1 MtxCurrency",1200,1200,0,0.0,0,2026-09-15T00:00:00Z,2026-09-21T23:59:59.999Z,1,0,-4,NS091526,No Sweat,192,tileGrid,Size_1_x_1,,0,,2,br,BID_307_Bani,Mochi,backpack,rare,,Battle Bun,1,9,2019-11-20T12:50:33Z
2026-09-15,v2:/addef24a2d1bae63887203699bf4740b948bf6e67e6b5241d44aff30df1d02a0,[VIRTUAL]1 x Stealth Breaker for 500 MtxCurrency,500,500,0,0.0,0,2026-09-13T00:00:00Z,2026-09-15T23:59:59.999Z,1,0,-2,TypicalGamerIcons,Typical Gamer,181,tileGrid,Size_1_x_1,,0,,1,br,Pickaxe_QuarterClaspAbove,Stealth Breaker,pickaxe,icon,Icon Series,Typical Gamer,7,2,2026-05-24T21:01:00Z
2026-09-15,v2:/72db2d38d41fc4191d92bb13db2200487a20b0f884434e807c7fba4fe9846442,[VIRTUAL]1 x Pompeii for 500 MtxCurrency,500,500,0,0.0,0,2026-09-01T00:00:00Z,2026-09-30T23:59:59.999Z,1,0,-15,JT091426,Jam Tracks,182,expandableList,Size_1_x_1,,0,,1,track,sid_placeholder_113,Pompeii,,,,,,,2024-01-16T20:57:57Z
2026-09-15,v2:/08f862bf5714b030a777b327f8fafa9da7a5739b1ad9ce8b4f186fce44da7d60,[VIRTUAL]1 x 6 Foot 7 Foot for 500 MtxCurrency,500,500,0,0.0,0,2026-09-13T00:00:00Z,2026-09-22T23:59:59.999Z,1,0,-4,LilWayneNo/Violators,Lil Wayne,196,tileGrid,Size_1_x_1,,0,,1,br,EID_NoiseClueGust,6 Foot 7 Foot,emote,icon,Icon Series,Lil Wayne,7,4,2026-09-10T16:36:49Z
2026-09-15,v2:/bd20067a50bc0b19d0d95fd975db4cfea79fd04e6af1c5ace6e62e70faa8aad3,[VIRTUAL]1 x Harmonizer for 1200 MtxCurrency,1200,1200,0,0.0,0,2026-09-12T00:00:00Z,2026-09-18T23:59:59.999Z,1,0,-3,FND091526,Spotlight Drops,184,tileGrid,Size_1_x_1,Outfit lights up and changes colors in response to music!,0,,1,br,CID_A_171_Athena_Commando_F_Stands_D,Harmonizer,outfit,rare,,Press Play,2,7,2021-08-03T11:17:43Z
2026-09-15,v2:/1dbbb1ae059cc693d7f00d9d3df120fc567debafc4d99611d9277d19cd49e4c7,[VIRTUAL]1 x Champion's Medal for 300 MtxCurrency,300,300,0,0.0,0,2026-09-14T00:00:00Z,2026-09-16T23:59:59.999Z,1,0,-2,WickedMindFNCS,FNCS,191,tileGrid,Size_1_x_1,,0,,1,br,EID_VictoryHighway,Champion's Medal,emote,uncommon,,,6,5,2025-09-10T08:18:34Z
2026-09-15,v2:/a00fc7ec655f6f0e69d3580439b73bf707ce65c8b5418618123414c06fea9b42,[VIRTUAL]1 x Oxytocin for 500 MtxCurrency,500,500,0,0.0,0,2026-09-01T00:00:00Z,2026-09-30T23:59:59.999Z,1,0,-48,JT091426,Jam Tracks,182,expandableList,Size_1_x_1,,0,,1,track,sid_placeholder_174,Oxytocin,,,,,,,2024-04-23T08:25:19Z
2026-09-15,v2:/74868d74c7b7bea754b03406ba7706b35969bab6fd835a9eb07656ce4de76949,[VIRTUAL]1 x Ocean's Edge for 500 MtxCurrency,500,500,0,0.0,0,2026-09-14T00:00:00Z,2026-09-16T23:59:59.999Z,1,0,-4,,,,,Size_1_x_1,,0,,1,br,Pickaxe_MoonSatellite,Ocean's Edge,pickaxe,rare,,River Guard,6,1,2025-01-31T14:25:34Z
2026-09-15,v2:/e3202422f9122fc2fe920c5e9e916deb686d637589f2c65150d3b8208f71dcf0,"[VIRTUAL]1 x DP's Bass, 1 x DP's Bass, 1 x DP's Bass for 1000 MtxCurrency",1000,1000,0,0.0,0,2026-09-15T00:00:00Z,2026-09-19T23:59:59.999Z,1,0,-4,WolverineShop,Marvel,197,tileGrid,Size_1_x_1,,0,,3,br,Backpack_DriedSilk_Bass,DP's Bass,backpack,marvel,MARVEL SERIES,Deadpool & Wolverine,,,2025-03-10T00:00:00Z
2026-09-15,v2:/e3202422f9122fc2fe920c5e9e916deb686d637589f2c65150d3b8208f71dcf0,"[VIRTUAL]1 x DP's Bass, 1 x DP's Bass, 1 x DP's Bass for 1000 MtxCurrency",1000,1000,0,0.0,0,2026-09-15T00:00:00Z,2026-09-19T23:59:59.999Z,1,0,-4,WolverineShop,Marvel,197,tileGrid,Size_1_x_1,,0,,3,br,Pickaxe_DriedSilk_Bass,DP's Bass,pickaxe,marvel,MARVEL SERIES,Deadpool & Wolverine,,,2025-03-10T00:00:00Z
2026-09-15,v2:/e3202422f9122fc2fe920c5e9e916deb686d637589f2c65150d3b8208f71dcf0,"[VIRTUAL]1 x DP's Bass, 1 x DP's Bass, 1 x DP's Bass for 1000 MtxCurrency",1000,1000,0,0.0,0,2026-09-15T00:00:00Z,2026-09-19T23:59:59.999Z,1,0,-4,WolverineShop,Marvel,197,tileGrid,Size_1_x_1,,0,,3,instrument,Sparks_Bass_DriedSilk,DP's Bass,bass,marvel,MARVEL SERIES,,,,2024-07-26T15:47:11Z
2026-09-15,v2:/eb8522ef4ba1229232558739550f6ff9f72893580cee002dd446638ecc311bc8,[VIRTUAL]1 x Jungle Scout for 800 MtxCurrency,800,800,0,0.0,0,2026-09-15T00:00:00Z,2026-09-21T23:59:59.999Z,1,0,-5,NS091526,No Sweat,192,tileGrid,Size_1_x_1,,0,,1,br,CID_074_Athena_Commando_F_Stripe,Jungle Scout,outfit,uncommon,,,1,2,2019-11-20T12:50:27Z
2026-09-15,v2:/400a5de6888cb848fef7c6797a9ca721b93ef91ea7e866a0596743d17f7778cd,"[VIRTUAL]1 x Mercy, 1 x Mercy's Valkyrie Wings, 1 x Mercy's Valkyrie Wings, 1 x Caduceus Pickaxe, 1 x D.Va, 1 x Tokki's Slicer, 1 x Travel Tokki Model, 1 x Tracer, 1 x Tracer's Pulse Knives, 1 x Tracer's Pulse Bomb, 1 x Genji, 1 x Ryū Ichimonji, 1 x Ryū Ichimonji, 1 x Mercy's Reach, 1 x Lil' Tokki, 1 x Blinkin' Amazing, 1 x Mark of Mercy, 1 x Mercy's Medkit for -1 MtxCurrency",8800,4200,4600,0.5227,1,2026-09-12T00:00:00Z,2026-09-16T23:59:59.999Z,1,0,-1,Overwatch,Overwatch,190,tileGrid,Size_4_x_1,,1,Overwatch Bundle,18,br,Character_TrackWaver,Mercy,outfit,gaminglegends,Gaming Legends Series,Overwatch,7,2,2026-05-14T09:00:00Z
2026-09-15,v2:/400a5de6888cb848fef7c6797a9ca721b93ef91ea7e866a0596743d17f7778cd,"[VIRTUAL]1 x Mercy, 1 x Mercy's Valkyrie Wings, 1 x Mercy's Valkyrie Wings, 1 x Caduceus Pickaxe, 1 x D.Va, 1 x Tokki's Slicer, 1 x Travel Tokki Model, 1 x Tracer, 1 x Tracer's Pulse Knives, 1 x Tracer's Pulse Bomb, 1 x Genji, 1 x Ryū Ichimonji, 1 x Ryū Ichimonji, 1 x Mercy's Reach, 1 x Lil' Tokki, 1 x Blinkin' Amazing, 1 x Mark of Mercy, 1 x Mercy's Medkit for -1 MtxCurrency",8800,4200,4600,0.5227,1,2026-09-12T00:00:00Z,2026-09-16T23:59:59.999Z,1,0,-1,Overwatch,Overwatch,190,tileGrid,Size_4_x_1,,1,Overwatch Bundle,18,br,Backpack_TrackWaver,Mercy's Valkyrie Wings,backpack,gaminglegends,Gaming Legends Series,Overwatch,7,2,2026-05-14T09:00:00Z
2026-09-15,v2:/400a5de6888cb848fef7c6797a9ca721b93ef91ea7e866a0596743d17f7778cd,"[VIRTUAL]1 x Mercy, 1 x Mercy's Valkyrie Wings, 1 x Mercy's Valkyrie Wings, 1 x Caduceus Pickaxe, 1 x D.Va, 1 x Tokki's Slicer, 1 x Travel Tokki Model, 1 x Tracer, 1 x Tracer's Pulse Knives, 1 x Tracer's Pulse Bomb, 1 x Genji, 1 x Ryū Ichimonji, 1 x Ryū Ichimonji, 1 x Mercy's Reach, 1 x Lil' Tokki, 1 x Blinkin' Amazing, 1 x Mark of Mercy, 1 x Mercy's Medkit for -1 MtxCurrency",8800,4200,4600,0.5227,1,2026-09-12T00:00:00Z,2026-09-16T23:59:59.999Z,1,0,-1,Overwatch,Overwatch,190,tileGrid,Size_4_x_1,,1,Overwatch Bundle,18,br,Glider_TrackWaver,Mercy's Valkyrie Wings,glider,gaminglegends,Gaming Legends Series,Overwatch,7,2,2026-05-14T09:00:00Z
2026-09-15,v2:/400a5de6888cb848fef7c6797a9ca721b93ef91ea7e866a0596743d17f7778cd,"[VIRTUAL]1 x Mercy, 1 x Mercy's Valkyrie Wings, 1 x Mercy's Valkyrie Wings, 1 x Caduceus Pickaxe, 1 x D.Va, 1 x Tokki's Slicer, 1 x Travel Tokki Model, 1 x Tracer, 1 x Tracer's Pulse Knives, 1 x Tracer's Pulse Bomb, 1 x Genji, 1 x Ryū Ichimonji, 1 x Ryū Ichimonji, 1 x Mercy's Reach, 1 x Lil' Tokki, 1 x Blinkin' Amazing, 1 x Mark of Mercy, 1 x Mercy's Medkit for -1 MtxCurrency",8800,4200,4600,0.5227,1,2026-09-12T00:00:00Z,2026-09-16T23:59:59.999Z,1,0,-1,Overwatch,Overwatch,190,tileGrid,Size_4_x_1,,1,Overwatch Bundle,18,br,Pickaxe_TrackWaver,Caduceus Pickaxe,pickaxe,gaminglegends,Gaming Legends Series,Overwatch,7,2,2026-05-14T09:00:00Z
2026-09-15,v2:/400a5de6888cb848fef7c6797a9ca721b93ef91ea7e866a0596743d17f7778cd,"[VIRTUAL]1 x Mercy, 1 x Mercy's Valkyrie Wings, 1 x Mercy's Valkyrie Wings, 1 x Caduceus Pickaxe, 1 x D.Va, 1 x Tokki's Slicer, 1 x Travel Tokki Model, 1 x Tracer, 1 x Tracer's Pulse Knives, 1 x Tracer's Pulse Bomb, 1 x Genji, 1 x Ryū Ichimonji, 1 x Ryū Ichimonji, 1 x Mercy's Reach, 1 x Lil' Tokki, 1 x Blinkin' Amazing, 1 x Mark of Mercy, 1 x Mercy's Medkit for -1 MtxCurrency",8800,4200,4600,0.5227,1,2026-09-12T00:00:00Z,2026-09-16T23:59:59.999Z,1,0,-1,Overwatch,Overwatch,190,tileGrid,Size_4_x_1,,1,Overwatch Bundle,18,br,Character_SkiffGrind,D.Va,outfit,gaminglegends,Gaming Legends Series,Overwatch,7,2,2026-05-14T09:00:00Z
2026-09-15,v2:/400a5de6888cb848fef7c6797a9ca721b93ef91ea7e866a0596743d17f7778cd,"[VIRTUAL]1 x Mercy, 1 x Mercy's Valkyrie Wings, 1 x Mercy's Valkyrie Wings, 1 x Caduceus Pickaxe, 1 x D.Va, 1 x Tokki's Slicer, 1 x Travel Tokki Model, 1 x Tracer, 1 x Tracer's Pulse Knives, 1 x Tracer's Pulse Bomb, 1 x Genji, 1 x Ryū Ichimonji, 1 x Ryū Ichimonji, 1 x Mercy's Reach, 1 x Lil' Tokki, 1 x Blinkin' Amazing, 1 x Mark of Mercy, 1 x Mercy's Medkit for -1 MtxCurrency",8800,4200,4600,0.5227,1,2026-09-12T00:00:00Z,2026-09-16T23:59:59.999Z,1,0,-1,Overwatch,Overwatch,190,tileGrid,Size_4_x_1,,1,Overwatch Bundle,18,br,Pickaxe_SkiffGrind,Tokki's Slicer,pickaxe,gaminglegends,Gaming Legends Series,Overwatch,7,2,2026-05-14T09:00:00Z
2026-09-15,v2:/400a5de6888cb848fef7c6797a9ca721b93ef91ea7e866a0596743d17f7778cd,"[VIRTUAL]1 x Mercy, 1 x Mercy's Valkyrie Wings, 1 x Mercy's Valkyrie Wings, 1 x Caduceus Pickaxe, 1 x D.Va, 1 x Tokki's Slicer, 1 x Travel Tokki Model, 1 x Tracer, 1 x Tracer's Pulse Knives, 1 x Tracer's Pulse Bomb, 1 x Genji, 1 x Ryū Ichimonji, 1 x Ryū Ichimonji, 1 x Mercy's Reach, 1 x Lil' Tokki, 1 x Blinkin' Amazing, 1 x Mark of Mercy, 1 x Mercy's Medkit for -1 MtxCurrency",8800,4200,4600,0.5227,1,2026-09-12T00:00:00Z,2026-09-16T23:59:59.999Z,1,0,-1,Overwatch,Overwatch,190,tileGrid,Size_4_x_1,,1,Overwatch Bundle,18,br,Backpack_SkiffGrind,Travel Tokki Model,backpack,gaminglegends,Gaming Legends Series,Overwatch,7,2,2026-05-14T09:00:00Z
2026-09-15,v2:/400a5de6888cb848fef7c6797a9ca721b93ef91ea7e866a0596743d17f7778cd,"[VIRTUAL]1 x Mercy, 1 x Mercy's Valkyrie Wings, 1 x Mercy's Valkyrie Wings, 1 x Caduceus Pickaxe, 1 x D.Va, 1 x Tokki's Slicer, 1 x Travel Tokki Model, 1 x Tracer, 1 x Tracer's Pulse Knives, 1 x Tracer's Pulse Bomb, 1 x Genji, 1 x Ryū Ichimonji, 1 x Ryū Ichimonji, 1 x Mercy's Reach, 1 x Lil' Tokki, 1 x Blinkin' Amazing, 1 x Mark of Mercy, 1 x Mercy's Medkit for -1 MtxCurrency",8800,4200,4600,0.5227,1,2026-09-12T00:00:00Z,2026-09-16T23:59:59.999Z,1,0,-1,Overwatch,Overwatch,190,tileGrid,Size_4_x_1,,1,Overwatch Bundle,18,br,Character_LooseCreep,Tracer,outfit,gaminglegends,Gaming Legends Series,Overwatch,7,2,2026-05-14T09:00:00Z
2026-09-15,v2:/400a5de6888cb848fef7c6797a9ca721b93ef91ea7e866a0596743d17f7778cd,"[VIRTUAL]1 x Mercy, 1 x Mercy's Valkyrie Wings, 1 x Mercy's Valkyrie Wings, 1 x Caduceus Pickaxe, 1 x D.Va, 1 x Tokki's Slicer, 1 x Travel Tokki Model, 1 x Tracer, 1 x Tracer's Pulse Knives, 1 x Tracer's Pulse Bomb, 1 x Genji, 1 x Ryū Ichimonji, 1 x Ryū Ichimonji, 1 x Mercy's Reach, 1 x Lil' Tokki, 1 x Blinkin' Amazing, 1 x Mark of Mercy, 1 x Mercy's Medkit for -1 MtxCurrency",8800,4200,4600,0.5227,1,2026-09-12T00:00:00Z,2026-09-16T23:59:59.999Z,1,0,-1,Overwatch,Overwatch,190,tileGrid,Size_4_x_1,,1,Overwatch Bundle,18,br,Pickaxe_LooseCreep,Tracer's Pulse Knives,pickaxe,gaminglegends,Gaming Legends Series,Overwatch,7,2,2026-05-14T09:00:00Z
2026-09-15,v2:/400a5de6888cb848fef7c6797a9ca721b93ef91ea7e866a0596743d17f7778cd,"[VIRTUAL]1 x Mercy, 1 x Mercy's Valkyrie Wings, 1 x Mercy's Valkyrie Wings, 1 x Caduceus Pickaxe, 1 x D.Va, 1 x Tokki's Slicer, 1 x Travel Tokki Model, 1 x Tracer, 1 x Tracer's Pulse Knives, 1 x Tracer's Pulse Bomb, 1 x Genji, 1 x Ryū Ichimonji, 1 x Ryū Ichimonji, 1 x Mercy's Reach, 1 x Lil' Tokki, 1 x Blinkin' Amazing, 1 x Mark of Mercy, 1 x Mercy's Medkit for -1 MtxCurrency",8800,4200,4600,0.5227,1,2026-09-12T00:00:00Z,2026-09-16T23:59:59.999Z,1,0,-1,Overwatch,Overwatch,190,tileGrid,Size_4_x_1,,1,Overwatch Bundle,18,br,Backpack_LooseCreep,Tracer's Pulse Bomb,backpack,gaminglegends,Gaming Legends Series,Overwatch,7,2,2026-05-14T09:00:00Z
2026-09-15,v2:/400a5de6888cb848fef7c6797a9ca721b93ef91ea7e866a0596743d17f7778cd,"[VIRTUAL]1 x Mercy, 1 x Mercy's Valkyrie Wings, 1 x Mercy's Valkyrie Wings, 1 x Caduceus Pickaxe, 1 x D.Va, 1 x Tokki's Slicer, 1 x Travel Tokki Model, 1 x Tracer, 1 x Tracer's Pulse Knives, 1 x Tracer's Pulse Bomb, 1 x Genji, 1 x Ryū Ichimonji, 1 x Ryū Ichimonji, 1 x Mercy's Reach, 1 x Lil' Tokki, 1 x Blinkin' Amazing, 1 x Mark of Mercy, 1 x Mercy's Medkit for -1 MtxCurrency",8800,4200,4600,0.5227,1,2026-09-12T00:00:00Z,2026-09-16T23:59:59.999Z,1,0,-1,Overwatch,Overwatch,190,tileGrid,Size_4_x_1,,1,Overwatch Bundle,18,br,Character_FacetBlom,Genji,outfit,gaminglegends,Gaming Legends Series,Overwatch,7,2,2026-05-14T09:00:00Z
2026-09-15,v2:/400a5de6888cb848fef7c6797a9ca721b93ef91ea7e866a0596743d17f7778cd,"[VIRTUAL]1 x Mercy, 1 x Mercy's Valkyrie Wings, 1 x Mercy's Valkyrie Wings, 1 x Caduceus Pickaxe, 1 x D.Va, 1 x Tokki's Slicer, 1 x Travel Tokki Model, 1 x Tracer, 1 x Tracer's Pulse Knives, 1 x Tracer's Pulse Bomb, 1 x Genji, 1 x Ryū Ichimonji, 1 x Ryū Ichimonji, 1 x Mercy's Reach, 1 x Lil' Tokki, 1 x Blinkin' Amazing, 1 x Mark of Mercy, 1 x Mercy's Medkit for -1 MtxCurrency",8800,4200,4600,0.5227,1,2026-09-12T00:00:00Z,2026-09-16T23:59:59.999Z,1,0,-1,Overwatch,Overwatch,190,tileGrid,Size_4_x_1,,1,Overwatch Bundle,18,br,Pickaxe_FacetBlom,Ryū Ichimonji,pickaxe,gaminglegends,Gaming Legends Series,Overwatch,7,2,2026-05-14T09:00:00Z
2026-09-15,v2:/400a5de6888cb848fef7c6797a9ca721b93ef91ea7e866a0596743d17f7778cd,"[VIRTUAL]1 x Mercy, 1 x Mercy's Valkyrie Wings, 1 x Mercy's Valkyrie Wings, 1 x Caduceus Pickaxe, 1 x D.Va, 1 x Tokki's Slicer, 1 x Travel Tokki Model, 1 x Tracer, 1 x Tracer's Pulse Knives, 1 x Tracer's Pulse Bomb, 1 x Genji, 1 x Ryū Ichimonji, 1 x Ryū Ichimonji, 1 x Mercy's Reach, 1 x Lil' Tokki, 1 x Blinkin' Amazing, 1 x Mark of Mercy, 1 x Mercy's Medkit for -1 MtxCurrency",8800,4200,4600,0.5227,1,2026-09-12T00:00:00Z,2026-09-16T23:59:59.999Z,1,0,-1,Overwatch,Overwatch,190,tileGrid,Size_4_x_1,,1,Overwatch Bundle,18,br,Backpack_FacetBlom,Ryū Ichimonji,backpack,gaminglegends,Gaming Legends Series,Overwatch,7,2,2026-05-14T09:00:00Z
2026-09-15,v2:/400a5de6888cb848fef7c6797a9ca721b93ef91ea7e866a0596743d17f7778cd,"[VIRTUAL]1 x Mercy, 1 x Mercy's Valkyrie Wings, 1 x Mercy's Valkyrie Wings, 1 x Caduceus Pickaxe, 1 x D.Va, 1 x Tokki's Slicer, 1 x Travel Tokki Model, 1 x Tracer, 1 x Tracer's Pulse Knives, 1 x Tracer's Pulse Bomb, 1 x Genji, 1 x Ryū Ichimonji, 1 x Ryū Ichimonji, 1 x Mercy's Reach, 1 x Lil' Tokki, 1 x Blinkin' Amazing, 1 x Mark of Mercy, 1 x Mercy's Medkit for -1 MtxCurrency",8800,4200,4600,0.5227,1,2026-09-12T00:00:00Z,2026-09-16T23:59:59.999Z,1,0,-1,Overwatch,Overwatch,190,tileGrid,Size_4_x_1,,1,Overwatch Bundle,18,br,EID_TrackWaver,Mercy's Reach,emote,gaminglegends,Gaming Legends Series,Overwatch,7,2,2026-05-14T09:00:00Z
2026-09-15,v2:/400a5de6888cb848fef7c6797a9ca721b93ef91ea7e866a0596743d17f7778cd,"[VIRTUAL]1 x Mercy, 1 x Mercy's Valkyrie Wings, 1 x Mercy's Valkyrie Wings, 1 x Caduceus Pickaxe, 1 x D.Va, 1 x Tokki's Slicer, 1 x Travel Tokki Model, 1 x Tracer, 1 x Tracer's Pulse Knives, 1 x Tracer's Pulse Bomb, 1 x Genji, 1 x Ryū Ichimonji, 1 x Ryū Ichimonji, 1 x Mercy's Reach, 1 x Lil' Tokki, 1 x Blinkin' Amazing, 1 x Mark of Mercy, 1 x Mercy's Medkit for -1 MtxCurrency",8800,4200,4600,0.5227,1,2026-09-12T00:00:00Z,2026-09-16T23:59:59.999Z,1,0,-1,Overwatch,Overwatch,190,tileGrid,Size_4_x_1,,1,Overwatch Bundle,18,br,EID_SkiffGrind,Lil' Tokki,emote,gaminglegends,Gaming Legends Series,Overwatch,7,2,2026-05-14T09:00:00Z
2026-09-15,v2:/400a5de6888cb848fef7c6797a9ca721b93ef91ea7e866a0596743d17f7778cd,"[VIRTUAL]1 x Mercy, 1 x Mercy's Valkyrie Wings, 1 x Mercy's Valkyrie Wings, 1 x Caduceus Pickaxe, 1 x D.Va, 1 x Tokki's Slicer, 1 x Travel Tokki Model, 1 x Tracer, 1 x Tracer's Pulse Knives, 1 x Tracer's Pulse Bomb, 1 x Genji, 1 x Ryū Ichimonji, 1 x Ryū Ichimonji, 1 x Mercy's Reach, 1 x Lil' Tokki, 1 x Blinkin' Amazing, 1 x Mark of Mercy, 1 x Mercy's Medkit for -1 MtxCurrency",8800,4200,4600,0.5227,1,2026-09-12T00:00:00Z,2026-09-16T23:59:59.999Z,1,0,-1,Overwatch,Overwatch,190,tileGrid,Size_4_x_1,,1,Overwatch Bundle,18,br,EID_LooseCreep,Blinkin' Amazing,emote,gaminglegends,Gaming Legends Series,Overwatch,7,2,2026-05-14T09:00:00Z
2026-09-15,v2:/400a5de6888cb848fef7c6797a9ca721b93ef91ea7e866a0596743d17f7778cd,"[VIRTUAL]1 x Mercy, 1 x Mercy's Valkyrie Wings, 1 x Mercy's Valkyrie Wings, 1 x Caduceus Pickaxe, 1 x D.Va, 1 x Tokki's Slicer, 1 x Travel Tokki Model, 1 x Tracer, 1 x Tracer's Pulse Knives, 1 x Tracer's Pulse Bomb, 1 x Genji, 1 x Ryū Ichimonji, 1 x Ryū Ichimonji, 1 x Mercy's Reach, 1 x Lil' Tokki, 1 x Blinkin' Amazing, 1 x Mark of Mercy, 1 x Mercy's Medkit for -1 MtxCurrency",8800,4200,4600,0.5227,1,2026-09-12T00:00:00Z,2026-09-16T23:59:59.999Z,1,0,-1,Overwatch,Overwatch,190,tileGrid,Size_4_x_1,,1,Overwatch Bundle,18,br,Wrap_TrackWaver,Mark of Mercy,wrap,gaminglegends,Gaming Legends Series,Overwatch,7,2,2026-05-14T09:00:00Z
2026-09-15,v2:/400a5de6888cb848fef7c6797a9ca721b93ef91ea7e866a0596743d17f7778cd,"[VIRTUAL]1 x Mercy, 1 x Mercy's Valkyrie Wings, 1 x Mercy's Valkyrie Wings, 1 x Caduceus Pickaxe, 1 x D.Va, 1 x Tokki's Slicer, 1 x Travel Tokki Model, 1 x Tracer, 1 x Tracer's Pulse Knives, 1 x Tracer's Pulse Bomb, 1 x Genji, 1 x Ryū Ichimonji, 1 x Ryū Ichimonji, 1 x Mercy's Reach, 1 x Lil' Tokki, 1 x Blinkin' Amazing, 1 x Mark of Mercy, 1 x Mercy's Medkit for -1 MtxCurrency",8800,4200,4600,0.5227,1,2026-09-12T00:00:00Z,2026-09-16T23:59:59.999Z,1,0,-1,Overwatch,Overwatch,190,tileGrid,Size_4_x_1,,1,Overwatch Bundle,18,br,LoadingScreen_TrackWaver,Mercy's Medkit,loadingscreen,gaminglegends,Gaming Legends Series,Overwatch,7,2,2026-05-14T09:00:00Z
2026-09-15,v2:/47fc4496a4547de12b93350dd1a62f146f4d5bec58af38a16ba68ba1f3c11aa0,[VIRTUAL]1 x TBD (SID_Placeholder_537) for 500 MtxCurrency,500,500,0,0.0,0,2026-09-05T00:00:00Z,2026-09-17T23:59:59.999Z,1,0,-99,JT091426,Jam Tracks,182,expandableList,Size_1_x_1,,0,,1,track,sid_placeholder_537,Please Please Please,,,,,,,2025-04-08T08:00:00Z
2026-09-15,v2:/591df960b2376780b87cf08111030787d3c468beca2c21eb1c09d089a4929162,"[VIRTUAL]1 x Typical Gamer, 1 x Redway Ruby, 1 x Heist Duffel, 1 x Gifford Shuffle, 1 x Stealth Slicer, 1 x Stealth Breaker, 1 x Go Live, 1 x Random Challenge, 1 x Energy Burn, 1 x The Ultimate Heist for -1 MtxCurrency",5300,2700,2600,0.4906,1,2026-09-13T00:00:00Z,2026-09-15T23:59:59.999Z,1,0,-1,TypicalGamerIcons,Typical Gamer,181,tileGrid,Size_2_x_1,,1,Typical Gamer Bundle,10,br,Character_QuarterClaspZoom,Typical Gamer,outfit,icon,Icon Series,Typical Gamer,7,2,2026-05-24T21:01:00Z
2026-09-15,v2:/591df960b2376780b87cf08111030787d3c468beca2c21eb1c09d089a4929162,"[VIRTUAL]1 x Typical Gamer, 1 x Redway Ruby, 1 x Heist Duffel, 1 x Gifford Shuffle, 1 x Stealth Slicer, 1 x Stealth Breaker, 1 x Go Live, 1 x Random Challenge, 1 x Energy Burn, 1 x The Ultimate Heist for -1 MtxCurrency",5300,2700,2600,0.4906,1,2026-09-13T00:00:00Z,2026-09-15T23:59:59.999Z,1,0,-1,TypicalGamerIcons,Typical Gamer,181,tileGrid,Size_2_x_1,,1,Typical Gamer Bundle,10,br,Character_QuarterClaspJoin,Redway Ruby,outfit,icon,Icon Series,Typical Gamer,7,2,2026-05-24T21:01:00Z
2026-09-15,v2:/591df960b2376780b87cf08111030787d3c468beca2c21eb1c09d089a4929162,"[VIRTUAL]1 x Typical Gamer, 1 x Redway Ruby, 1 x Heist Duffel, 1 x Gifford Shuffle, 1 x Stealth Slicer, 1 x Stealth Breaker, 1 x Go Live, 1 x Random Challenge, 1 x Energy Burn, 1 x The Ultimate Heist for -1 MtxCurrency",5300,2700,2600,0.4906,1,2026-09-13T00:00:00Z,2026-09-15T23:59:59.999Z,1,0,-1,TypicalGamerIcons,Typical Gamer,181,tileGrid,Size_2_x_1,,1,Typical Gamer Bundle,10,br,Backpack_QuarterClasp,Heist Duffel,backpack,icon,Icon Series,Typical Gamer,7,2,2026-05-24T21:01:00Z
2026-09-15,v2:/591df960b2376780b87cf08111030787d3c468beca2c21eb1c09d089a4929162,"[VIRTUAL]1 x Typical Gamer, 1 x Redway Ruby, 1 x Heist Duffel, 1 x Gifford Shuffle, 1 x Stealth Slicer, 1 x Stealth Breaker, 1 x Go Live, 1 x Random Challenge, 1 x Energy Burn, 1 x The Ultimate Heist for -1 MtxCurrency",5300,2700,2600,0.4906,1,2026-09-13T00:00:00Z,2026-09-15T23:59:59.999Z,1,0,-1,TypicalGamerIcons,Typical Gamer,181,tileGrid,Size_2_x_1,,1,Typical Gamer Bundle,10,br,Backpack_QuarterClaspJoin_How,Gifford Shuffle,backpack,icon,Icon Series,Typical Gamer,7,2,2026-05-24T21:01:00Z
2026-09-15,v2:/591df960b2376780b87cf08111030787d3c468beca2c21eb1c09d089a4929162,"[VIRTUAL]1 x Typical Gamer, 1 x Redway Ruby, 1 x Heist Duffel, 1 x Gifford Shuffle, 1 x Stealth Slicer, 1 x Stealth Breaker, 1 x Go Live, 1 x Random Challenge, 1 x Energy Burn, 1 x The Ultimate Heist for -1 MtxCurrency",5300,2700,2600,0.4906,1,2026-09-13T00:00:00Z,2026-09-15T23:59:59.999Z,1,0,-1,TypicalGamerIcons,Typical Gamer,181,tileGrid,Size_2_x_1,,1,Typical Gamer Bundle,10,br,Pickaxe_QuarterClaspJoin,Stealth Slicer,pickaxe,icon,Icon Series,Typical Gamer,7,2,2026-05-24T21:01:00Z
2026-09-15,v2:/591df960b2376780b87cf08111030787d3c468beca2c21eb1c09d089a4929162,"[VIRTUAL]1 x Typical Gamer, 1 x Redway Ruby, 1 x Heist Duffel, 1 x Gifford Shuffle, 1 x Stealth Slicer, 1 x Stealth Breaker, 1 x Go Live, 1 x Random Challenge, 1 x Energy Burn, 1 x The Ultimate Heist for -1 MtxCurrency",5300,2700,2600,0.4906,1,2026-09-13T00:00:00Z,2026-09-15T23:59:59.999Z,1,0,-1,TypicalGamerIcons,Typical Gamer,181,tileGrid,Size_2_x_1,,1,Typical Gamer Bundle,10,br,Pickaxe_QuarterClaspAbove,Stealth Breaker,pickaxe,icon,Icon Series,Typical Gamer,7,2,2026-05-24T21:01:00Z
2026-09-15,v2:/591df960b2376780b87cf08111030787d3c468beca2c21eb1c09d089a4929162,"[VIRTUAL]1 x Typical Gamer, 1 x Redway Ruby, 1 x Heist Duffel, 1 x Gifford Shuffle, 1 x Stealth Slicer, 1 x Stealth Breaker, 1 x Go Live, 1 x Random Challenge, 1 x Energy Burn, 1 x The Ultimate Heist for -1 MtxCurrency",5300,2700,2600,0.4906,1,2026-09-13T00:00:00Z,2026-09-15T23:59:59.999Z,1,0,-1,TypicalGamerIcons,Typical Gamer,181,tileGrid,Size_2_x_1,,1,Typical Gamer Bundle,10,br,EID_QuarterClaspJoin,Go Live,emote,icon,Icon Series,Typical Gamer,7,2,2026-05-24T21:01:00Z
2026-09-15,v2:/591df960b2376780b87cf08111030787d3c468beca2c21eb1c09d089a4929162,"[VIRTUAL]1 x Typical Gamer, 1 x Redway Ruby, 1 x Heist Duffel, 1 x Gifford Shuffle, 1 x Stealth Slicer, 1 x Stealth Breaker, 1 x Go Live, 1 x Random Challenge, 1 x Energy Burn, 1 x The Ultimate Heist for -1 MtxCurrency",5300,2700,2600,0.4906,1,2026-09-13T00:00:00Z,2026-09-15T23:59:59.999Z,1,0,-1,TypicalGamerIcons,Typical Gamer,181,tileGrid,Size_2_x_1,,1,Typical Gamer Bundle,10,br,EID_QuarterClaspZoom,Random Challenge,emote,icon,Icon Series,Typical Gamer,7,2,2026-05-24T21:01:00Z
2026-09-15,v2:/591df960b2376780b87cf08111030787d3c468beca2c21eb1c09d089a4929162,"[VIRTUAL]1 x Typical Gamer, 1 x Redway Ruby, 1 x Heist Duffel, 1 x Gifford Shuffle, 1 x Stealth Slicer, 1 x Stealth Breaker, 1 x Go Live, 1 x Random Challenge, 1 x Energy Burn, 1 x The Ultimate Heist for -1 MtxCurrency",5300,2700,2600,0.4906,1,2026-09-13T00:00:00Z,2026-09-15T23:59:59.999Z,1,0,-1,TypicalGamerIcons,Typical Gamer,181,tileGrid,Size_2_x_1,,1,Typical Gamer Bundle,10,br,Wrap_QuarterClaspZoom,Energy Burn,wrap,icon,Icon Series,Typical Gamer,7,2,2026-05-24T21:01:00Z
2026-09-15,v2:/591df960b2376780b87cf08111030787d3c468beca2c21eb1c09d089a4929162,"[VIRTUAL]1 x Typical Gamer, 1 x Redway Ruby, 1 x Heist Duffel, 1 x Gifford Shuffle, 1 x Stealth Slicer, 1 x Stealth Breaker, 1 x Go Live, 1 x Random Challenge, 1 x Energy Burn, 1 x The Ultimate Heist for -1 MtxCurrency",5300,2700,2600,0.4906,1,2026-09-13T00:00:00Z,2026-09-15T23:59:59.999Z,1,0,-1,TypicalGamerIcons,Typical Gamer,181,tileGrid,Size_2_x_1,,1,Typical Gamer Bundle,10,br,LoadingScreen_QuarterClasp,The Ultimate Heist,loadingscreen,icon,Icon Series,Typical Gamer,7,2,2026-05-24T21:01:00Z
2026-09-15,v2:/41cce56bb8ae62c41689c72027f7235035b2617fc35a34c6552c7da223a4c453,"[VIRTUAL]1 x Blank, 1 x Blank, 1 x Blank, 1 x Blank, 1 x Blank, 1 x Blank, 1 x Blank for -1 MtxCurrency",2200,2200,0,0.0,0,2026-09-11T00:00:00Z,2026-09-17T23:59:59.999Z,1,0,-1,CadillacBlackwing,Cadillac CT5-V Blackwing,179,tileGrid,Size_3_x_1,,1,Cadillac CT5-V Blackwing,7,car,CarBody_BurnishedRaven,Cadillac CT5-V Blackwing,body,uncommon,,,,,2026-09-10T13:00:47Z
2026-09-15,v2:/41cce56bb8ae62c41689c72027f7235035b2617fc35a34c6552c7da223a4c453,"[VIRTUAL]1 x Blank, 1 x Blank, 1 x Blank, 1 x Blank, 1 x Blank, 1 x Blank, 1 x Blank for -1 MtxCurrency",2200,2200,0,0.0,0,2026-09-11T00:00:00Z,2026-09-17T23:59:59.999Z,1,0,-1,CadillacBlackwing,Cadillac CT5-V Blackwing,179,tileGrid,Size_3_x_1,,1,Cadillac CT5-V Blackwing,7,car,CarSkin_BurnishedRavenLivery01,Absolute Blackwing,skin,common,,,,,2026-09-10T13:00:47Z
2026-09-15,v2:/41cce56bb8ae62c41689c72027f7235035b2617fc35a34c6552c7da223a4c453,"[VIRTUAL]1 x Blank, 1 x Blank, 1 x Blank, 1 x Blank, 1 x Blank, 1 x Blank, 1 x Blank for -1 MtxCurrency",2200,2200,0,0.0,0,2026-09-11T00:00:00Z,2026-09-17T23:59:59.999Z,1,0,-1,CadillacBlackwing,Cadillac CT5-V Blackwing,179,tileGrid,Size_3_x_1,,1,Cadillac CT5-V Blackwing,7,car,CarSkin_BurnishedRavenWings,Wings,skin,common,,,,,2026-09-10T13:00:47Z
2026-09-15,v2:/41cce56bb8ae62c41689c72027f7235035b2617fc35a34c6552c7da223a4c453,"[VIRTUAL]1 x Blank, 1 x Blank, 1 x Blank, 1 x Blank, 1 x Blank, 1 x Blank, 1 x Blank for -1 MtxCurrency",2200,2200,0,0.0,0,2026-09-11T00:00:00Z,2026-09-17T23:59:59.999Z,1,0,-1,CadillacBlackwing,Cadillac CT5-V Blackwing,179,tileGrid,Size_3_x_1,,1,Cadillac CT5-V Blackwing,7,car,CarSkin_BurnishedRavenLightning,Lightning,skin,common,,,,,2026-09-10T13:00:47Z
2026-09-15,v2:/41cce56bb8ae62c41689c72027f7235035b2617fc35a34c6552c7da223a4c453,"[VIRTUAL]1 x Blank, 1 x Blank, 1 x Blank, 1 x Blank, 1 x Blank, 1 x Blank, 1 x Blank for -1 MtxCurrency",2200,2200,0,0.0,0,2026-09-11T00:00:00Z,2026-09-17T23:59:59.999Z,1,0,-1,CadillacBlackwing,Cadillac CT5-V Blackwing,179,tileGrid,Size_3_x_1,,1,Cadillac CT5-V Blackwing,7,car,CarSkin_BurnishedRavenFlames,Flames,skin,common,,,,,2026-09-10T13:00:47Z
2026-09-15,v2:/41cce56bb8ae62c41689c72027f7235035b2617fc35a34c6552c7da223a4c453,"[VIRTUAL]1 x Blank, 1 x Blank, 1 x Blank, 1 x Blank, 1 x Blank, 1 x Blank, 1 x Blank for -1 MtxCurrency",2200,2200,0,0.0,0,2026-09-11T00:00:00Z,2026-09-17T23:59:59.999Z,1,0,-1,CadillacBlackwing,Cadillac CT5-V Blackwing,179,tileGrid,Size_3_x_1,,1,Cadillac CT5-V Blackwing,7,car,CarSkin_BurnishedRavenStripes,Stripes,skin,common,,,,,2026-09-10T13:00:47Z
2026-09-15,v2:/41cce56bb8ae62c41689c72027f7235035b2617fc35a34c6552c7da223a4c453,"[VIRTUAL]1 x Blank, 1 x Blank, 1 x Blank, 1 x Blank, 1 x Blank, 1 x Blank, 1 x Blank for -1 MtxCurrency",2200,2200,0,0.0,0,2026-09-11T00:00:00Z,2026-09-17T23:59:59.999Z,1,0,-1,CadillacBlackwing,Cadillac CT5-V Blackwing,179,tileGrid,Size_3_x_1,,1,Cadillac CT5-V Blackwing,7,car,Wheel_BurnishedRaven01,Cadillac CT5-V Blackwing,wheel,uncommon,,,,,2026-09-10T13:00:47Z
2026-09-15,v2:/4288ccac47c3338e265dbb991ea717d838b63f0facd8c1c076b2066aea0baa1c,"[VIRTUAL]1 x Stan Smith, 1 x Stan's Foam Finger for -1 MtxCurrency",1500,1500,0,0.0,0,2026-09-14T00:00:00Z,2026-09-17T23:59:59.999Z,1,0,-2,TaxiHeel,American Dad!,185,tileGrid,Size_2_x_1,,0,,2,br,Character_TaxiHeel,Stan Smith,outfit,epic,,American Dad!,7,3,2026-07-02T13:00:56Z
2026-09-15,v2:/4288ccac47c3338e265dbb991ea717d838b63f0facd8c1c076b2066aea0baa1c,"[VIRTUAL]1 x Stan Smith, 1 x Stan's Foam Finger for -1 MtxCurrency",1500,1500,0,0.0,0,2026-09-14T00:00:00Z,2026-09-17T23:59:59.999Z,1,0,-2,TaxiHeel,American Dad!,185,tileGrid,Size_2_x_1,,0,,2,br,Pickaxe_TaxiHeel,Stan's Foam Finger,pickaxe,rare,,American Dad!,7,3,2026-07-02T13:00:56Z
2026-09-15,v2:/05b36928acadf0160ffa6b0eee8b5c5bbe2735948f7d85ec438926169de2f19a,[VIRTUAL]1 x Weezy Boardbreaker for 800 MtxCurrency,800,800,0,0.0,0,2026-09-13T00:00:00Z,2026-09-22T23:59:59.999Z,1,0,-3,LilWayneNo/Violators,Lil Wayne,196,tileGrid,Size_1_x_1,,0,,1,br,Pickaxe_NoiseClueGust,Weezy Boardbreaker,pickaxe,icon,Icon Series,Lil Wayne,7,4,2026-09-10T16:36:49Z
2026-09-15,v2:/76c6734e97f86e76b559dc5e335b80e932a5b3d36682e985e3e7bc6cee241a4f,[VIRTUAL]1 x Champion's Emblem for 200 MtxCurrency,200,200,0,0.0,0,2026-09-14T00:00:00Z,2026-09-16T23:59:59.999Z,1,0,-3,WickedMindFNCS,FNCS,191,tileGrid,Size_1_x_1,,0,,1,br,Backpack_FNCS_S38,Champion's Emblem,backpack,rare,,FNCS,6,6,2025-11-02T20:05:32Z
2026-09-15,v2:/c1aedaab94725300d22a1561a8c7460cfeb1bf843ce2e0ebc8c4d6a47c6b12f9,[VIRTUAL]1 x Peelverine Plush for 400 MtxCurrency,400,400,0,0.0,0,2026-09-15T00:00:00Z,2026-09-19T23:59:59.999Z,1,0,-2,WolverineShop,Marvel,197,tileGrid,Size_1_x_1,,0,,1,br,Backpack_CattleJar,Peelverine Plush,backpack,marvel,MARVEL SERIES,Meowtooth,5,4,2024-08-17T06:38:59Z
2026-09-15,v2:/7acb0e08eb2bf72451508150f867717481328aa48556e866c7628871443b455e,[VIRTUAL]1 x Believer for 500 MtxCurrency,500,500,0,0.0,0,2026-09-11T00:00:00Z,2026-09-17T23:59:59.999Z,1,0,-3,JT091426,Jam Tracks,182,tileGrid,Size_1_x_1,,0,,1,track,sid_placeholder_54,Believer,,,,,,,2023-12-21T00:00:00Z
2026-09-15,v2:/4562b65178c7f9e02aade4fff947cb6e44ae3b1383746e64f868bea62ebee7eb,[VIRTUAL]1 x Very Sneaky for 500 MtxCurrency,500,500,0,0.0,0,2026-09-14T00:00:00Z,2026-09-17T23:59:59.999Z,1,0,-4,AmongusB,Among Us,188,tileGrid,Size_1_x_1,,0,,1,br,EID_SneakingTraversal,Very Sneaky,emote,rare,,,1,X,2019-11-20T12:49:42Z
2026-09-15,v2:/9933a8875e501e3d3aed853c7e1dca89d40da4766ed88d17c3c5714f6d530fbd,[VIRTUAL]1 x Young Money Stage for 800 MtxCurrency,800,800,0,0.0,0,2026-09-13T00:00:00Z,2026-09-22T23:59:59.999Z,1,0,-5,LilWayneNo/Violators,Lil Wayne,196,tileGrid,Size_1_x_1,,0,,1,br,Glider_NoiseClueLurch,Young Money Stage,glider,icon,Icon Series,Lil Wayne,7,4,2026-09-10T16:00:38Z
2026-09-15,v2:/2221003d0b2c866e2ca684792d5778e1b23d3b46ea3ed7a62ff6373f6e98dcff,[VIRTUAL]1 x X Gon' Give It To Ya for 500 MtxCurrency,500,500,0,0.0,0,2026-09-11T00:00:00Z,2026-09-17T23:59:59.999Z,1,0,-2,JT091426,Jam Tracks,182,tileGrid,Size_1_x_1,,0,,1,track,sid_placeholder_142,X Gon' Give It To Ya,,,,,,,2024-03-14T03:43:45Z
2026-09-15,v2:/893804eb671ef746c06a942c09132fd7fef6fed159f830435d081450d38c1dc1,[VIRTUAL]1 x GO GO POWER RANGERS for 400 MtxCurrency,400,400,0,0.0,0,2026-09-12T00:00:00Z,2026-09-15T23:59:59.999Z,1,0,-4,Rangers,Power Rangers,187,tileGrid,Size_1_x_1,,0,,1,br,EID_FumeFleeceFade,GO GO POWER RANGERS,emote,uncommon,,Mighty Morphin,6,5,2025-08-07T13:36:11Z
2026-09-15,v2:/79bfe38c7f773af90e14a2ed403acf96ed277e647c27ec940da89fec0d1aafc2,"[VIRTUAL]1 x PJ Pepperoni, 1 x Cheesy, 1 x Patty Whacker, 1 x Flying Saucer, 1 x Rage Quit for -1 MtxCurrency",3100,2000,1100,0.3548,1,2026-09-13T00:00:00Z,2026-09-15T23:59:59.999Z,1,0,-1,BanderitaX,BanderitaX's Locker,180,tileGrid,Size_2_x_1,,1,BanderitaX's Locker Bundle,5,br,CID_482_Athena_Commando_F_PizzaPit,PJ Pepperoni,outfit,rare,,Pizza Pit,1,X,2019-11-20T12:49:53Z
2026-09-15,v2:/79bfe38c7f773af90e14a2ed403acf96ed277e647c27ec940da89fec0d1aafc2,"[VIRTUAL]1 x PJ Pepperoni, 1 x Cheesy, 1 x Patty Whacker, 1 x Flying Saucer, 1 x Rage Quit for -1 MtxCurrency",3100,2000,1100,0.3548,1,2026-09-13T00:00:00Z,2026-09-15T23:59:59.999Z,1,0,-1,BanderitaX,BanderitaX's Locker,180,tileGrid,Size_2_x_1,,1,BanderitaX's Locker Bundle,5,br,BID_315_PizzaPit,Cheesy,backpack,rare,,Pizza Pit,1,X,2019-11-20T12:50:33Z
2026-09-15,v2:/79bfe38c7f773af90e14a2ed403acf96ed277e647c27ec940da89fec0d1aafc2,"[VIRTUAL]1 x PJ Pepperoni, 1 x Cheesy, 1 x Patty Whacker, 1 x Flying Saucer, 1 x Rage Quit for -1 MtxCurrency",3100,2000,1100,0.3548,1,2026-09-13T00:00:00Z,2026-09-15T23:59:59.999Z,1,0,-1,BanderitaX,BanderitaX's Locker,180,tileGrid,Size_2_x_1,,1,BanderitaX's Locker Bundle,5,br,Pickaxe_ID_084_DurrburgerHero,Patty Whacker,pickaxe,uncommon,,Durrr Burger,1,5,2019-11-20T12:50:57Z
2026-09-15,v2:/79bfe38c7f773af90e14a2ed403acf96ed277e647c27ec940da89fec0d1aafc2,"[VIRTUAL]1 x PJ Pepperoni, 1 x Cheesy, 1 x Patty Whacker, 1 x Flying Saucer, 1 x Rage Quit for -1 MtxCurrency",3100,2000,1100,0.3548,1,2026-09-13T00:00:00Z,2026-09-15T23:59:59.999Z,1,0,-1,BanderitaX,BanderitaX's Locker,180,tileGrid,Size_2_x_1,,1,BanderitaX's Locker Bundle,5,br,Glider_ID_059_DurrburgerHero,Flying Saucer,glider,epic,,Durrr Burger,1,5,2019-11-20T12:51:08Z
2026-09-15,v2:/79bfe38c7f773af90e14a2ed403acf96ed277e647c27ec940da89fec0d1aafc2,"[VIRTUAL]1 x PJ Pepperoni, 1 x Cheesy, 1 x Patty Whacker, 1 x Flying Saucer, 1 x Rage Quit for -1 MtxCurrency",3100,2000,1100,0.3548,1,2026-09-13T00:00:00Z,2026-09-15T23:59:59.999Z,1,0,-1,BanderitaX,BanderitaX's Locker,180,tileGrid,Size_2_x_1,,1,BanderitaX's Locker Bundle,5,br,EID_RageQuit,Rage Quit,emote,uncommon,,,1,X,2019-11-20T12:49:42Z
2026-09-15,v2:/778755e0e01d02e5476111e65889a145220953830db6e93503b004fdf9cb4c54,[VIRTUAL]1 x Yellow Ranger for 1200 MtxCurrency,1200,1200,0,0.0,0,2026-09-12T00:00:00Z,2026-09-15T23:59:59.999Z,1,0,-1,Rangers,Power Rangers,187,tileGrid,Size_1_x_1,,0,,1,br,Character_FumeFleeceWag,Yellow Ranger,outfit,epic,,Mighty Morphin,6,5,2025-08-07T13:36:11Z
2026-09-15,v2:/05a820734a5ab55cb94cac70b4980fb4e81dd2eb18381d44724c4dad15dbd0cd,[VIRTUAL]1 x TBD (SID_Placeholder_490) for 500 MtxCurrency,500,500,0,0.0,0,2026-09-01T00:00:00Z,2026-09-30T23:59:59.999Z,1,0,-60,JT091426,Jam Tracks,182,expandableList,Size_1_x_1,,0,,1,track,sid_placeholder_490,Party Like A Rock Star,,,,,,,2025-01-30T16:27:14Z
2026-09-15,v2:/077e71631fac6cae563d5ef4379245e7e5603e2659d6b3ef206ab66b09997e3b,[VIRTUAL]1 x TBD (SID_Placeholder_872) for 500 MtxCurrency,500,500,0,0.0,0,2026-09-13T00:00:00Z,2026-09-22T23:59:59.999Z,1,0,-4,LilWayneNo/Violators,Lil Wayne,196,tileGrid,Size_1_x_1,,0,,1,track,sid_placeholder_872,6 Foot 7 Foot,,,,,,,2026-09-10T16:19:51Z
2026-09-15,v2:/7ea4ff93477fb0afa717faae1fd5d7a7018e681b007214fcd13e12c8ea2fa2a0,[VIRTUAL]1 x TBD (SID_Placeholder_775) for 500 MtxCurrency,500,500,0,0.0,0,2026-09-01T00:00:00Z,2026-09-30T23:59:59.999Z,1,0,-77,JT091426,Jam Tracks,182,expandableList,Size_1_x_1,,0,,1,track,sid_placeholder_775,A Thousand Miles,,,,,,,2026-04-16T08:01:05Z
2026-09-15,v2:/787333050c8b6bae54e177efd8516af8a24fddd70eae49f7bc88ff9cb32210fa,"[VIRTUAL]1 x Warfare, 1 x Banner Icon for 1200 MtxCurrency",1200,1200,0,0.0,0,2026-09-15T00:00:00Z,2026-09-21T23:59:59.999Z,1,0,-4,NS091526,No Sweat,192,tileGrid,Size_1_x_1,,0,,1,br,Character_TacticMushroom_C,Warfare,outfit,rare,,Skratch Company,5,1,2024-02-08T07:29:35Z
2026-09-15,v2:/c5878aba0446bd252856a2ad1039365a2e431595512662b05bf91aa299a6597f,[VIRTUAL]1 x Starships for 500 MtxCurrency,500,500,0,0.0,0,2026-09-01T00:00:00Z,2026-09-30T23:59:59.999Z,1,0,-63,JT091426,Jam Tracks,182,expandableList,Size_1_x_1,,0,,1,track,sid_placeholder_53,Starships,,,,,,,2024-05-07T14:47:23Z
2026-09-15,v2:/0e16d3e9545be62f2a55ed85f6062d7b1e86d7c6bdc580b5fa6a6e86fefbba7c,[VIRTUAL]1 x TBD (SID_Placeholder_796) for 500 MtxCurrency,500,500,0,0.0,0,2026-09-01T00:00:00Z,2026-09-30T23:59:59.999Z,1,0,-41,JT091426,Jam Tracks,182,expandableList,Size_1_x_1,,0,,1,track,sid_placeholder_796,Snow on The Bluff,,,,,,,2026-05-26T14:09:46Z
2026-09-15,v2:/a094290e1d5b4db34d9cdcf13eee3f15a7b09f1171301c9cd73b839648c955a1,[VIRTUAL]1 x Airhead for 1200 MtxCurrency,1200,1200,0,0.0,0,2026-09-14T00:00:00Z,2026-09-17T23:59:59.999Z,1,0,-4,FND091526,Spotlight Drops,184,tileGrid,Size_1_x_1,,0,,1,br,CID_432_Athena_Commando_M_BalloonHead,Airhead,outfit,rare,,,1,9,2019-11-20T12:49:58Z
2026-09-15,v2:/77260132bf320823f8f964b02007ac019569c840e14e0c0db6fe9b88ece6a1f8,[VIRTUAL]1 x Paradise City for 500 MtxCurrency,500,500,0,0.0,0,2026-09-01T00:00:00Z,2026-09-30T23:59:59.999Z,1,0,-96,JT091426,Jam Tracks,182,expandableList,Size_1_x_1,,0,,1,track,sid_placeholder_270,Paradise City,,,,,,,2024-08-09T00:00:00Z
2026-09-15,v2:/1ca1169ff1401c450f3672a5160f76174a8c393de37028a524022674f1a05cdb,[VIRTUAL]1 x Triceratops Coin for 300 MtxCurrency,300,300,0,0.0,0,2026-09-12T00:00:00Z,2026-09-15T23:59:59.999Z,1,0,-2,Rangers,Power Rangers,187,tileGrid,Size_1_x_1,,0,,1,br,Backpack_FumeFleeceClap,Triceratops Coin,backpack,rare,,Mighty Morphin,6,5,2025-08-07T13:36:11Z
2026-09-15,v2:/d7048ae3227ec91938d5dafba3623c143f18040f337d0606b483edcd5aa49192,[VIRTUAL]1 x Share the Wealth for 200 MtxCurrency,200,200,0,0.0,0,2026-09-15T00:00:00Z,2026-09-15T23:59:59.999Z,1,0,-3,BR091526,Full Flex,186,tileGrid,Size_1_x_1,,0,,1,br,EID_Capital,Share the Wealth,emote,uncommon,,,4,3,2023-06-27T12:21:59Z
2026-09-15,v2:/150c21544580575c5fca537e1e8d0490a92f9ac92912dcfa893374a8a3b1deb8,[VIRTUAL]1 x Crewmate for 500 MtxCurrency,500,500,0,0.0,0,2026-09-14T00:00:00Z,2026-09-17T23:59:59.999Z,1,0,-1,,,,,Size_2_x_1,,0,,1,br,BID_942_LimaBean,Crewmate,backpack,gaminglegends,Gaming Legends Series,Among Us,3,3,2022-06-09T14:02:07Z
2026-09-15,v2:/183774547271c59188ece8083dfa395865bbf3cab5cf19d67ec383ef7ad8525a,[VIRTUAL]1 x Tokki's Slicer for 800 MtxCurrency,800,800,0,0.0,0,2026-09-12T00:00:00Z,2026-09-16T23:59:59.999Z,1,0,-3,Overwatch,Overwatch,190,tileGrid,Size_1_x_1,,0,,1,br,Pickaxe_SkiffGrind,Tokki's Slicer,pickaxe,gaminglegends,Gaming Legends Series,Overwatch,7,2,2026-05-14T09:00:00Z
2026-09-15,v2:/f63ad3d0eae833e5c90eb35e241f84959eeea9613455cf595b38f6ae2bac2d79,[VIRTUAL]1 x X Insignia for 500 MtxCurrency,500,500,0,0.0,0,2026-09-15T00:00:00Z,2026-09-19T23:59:59.999Z,1,0,-4,WolverineShop,Marvel,197,tileGrid,Size_1_x_1,,0,,1,br,Wrap_DarkAzeala,X Insignia,wrap,marvel,MARVEL SERIES,X-23,3,4,2022-10-08T17:05:51Z
2026-09-15,v2:/d6fbe2605f06fdc4cb94321975427475485ff90100663d780578a5bcd28eb125,[VIRTUAL]1 x Lollipop for 500 MtxCurrency,500,500,0,0.0,0,2026-09-13T00:00:00Z,2026-09-22T23:59:59.999Z,1,0,-1,LilWayneNo/Violators,Lil Wayne,196,tileGrid,Size_1_x_1,,0,,1,br,EID_NoiseClueLurch,Lollipop,emote,icon,Icon Series,Lil Wayne,7,4,2026-09-10T16:36:49Z
2026-09-15,v2:/57a4faf71eb4c232ea2fa231f4be1bf6bd343856c92bbf2780cf9c404474a6e5,[VIRTUAL]1 x The Final Countdown for 500 MtxCurrency,500,500,0,0.0,0,2026-09-01T00:00:00Z,2026-09-30T23:59:59.999Z,1,0,-79,JT091426,Jam Tracks,182,expandableList,Size_1_x_1,,0,,1,track,sid_placeholder_261,The Final Countdown,,,,,,,2024-07-26T00:00:00Z
2026-09-15,v2:/433809bb7abafa5d5185f4c6a5bc9a9d49d709141886c5facc4d639405b8886d,[VIRTUAL]1 x Flopsticks for 1500 MtxCurrency,1500,1500,0,0.0,0,2026-09-15T00:00:00Z,2026-09-21T23:59:59.999Z,1,0,-5,BR091526,Full Flex,186,tileGrid,Size_1_x_1,This Sidekick includes quests that unlock new items upon completion!,0,,1,br,Companion_FinFlake,Flopsticks,sidekick,uncommon,,Loot Lake Legend,6,6,2025-11-07T14:02:24Z
2026-09-15,v2:/ab592172a9115a2fe961cdd84a20bc754d243c1e5cacf3e327084b4fae959514,[VIRTUAL]1 x Rush (Mega Man) for 1500 MtxCurrency,1500,1500,0,0.0,0,2026-09-11T00:00:00Z,2026-09-20T23:59:59.999Z,1,0,-3,Megaman,Mega Man,193,tileGrid,Size_1_x_1,This Sidekick includes quests that unlock new items upon completion!,0,,1,br,Companion_CacaoLynx,Rush (Mega Man),sidekick,uncommon,,Mega Man,7,4,2026-09-07T16:00:18Z
