shop_date,offer_id,dev_name,regular_price,final_price,discount_vbucks,discount_pct,is_discounted,in_date,out_date,giftable,refundable,sort_priority,layout_id,layout_name,layout_rank,layout_display_type,tile_size,offer_tag,is_bundle,bundle_name,items_in_offer,item_kind,item_id,item_name,item_type,item_rarity,item_series,item_set,item_intro_chapter,item_intro_season,item_added
2026-09-08,v2:/6a212678d0f4fcc6938efeeea020c89587c09e637641773066882a1d575f0ec4,[VIRTUAL]1 x Proton Drill for 800 MtxCurrency,800,800,0,0.0,0,2026-09-05T00:00:00Z,2026-09-09T23:59:59.999Z,1,0,-3,GodzillaxKong,Mechagodzilla & Kong,185,tileGrid,Size_1_x_1,,0,,1,br,Pickaxe_ButterPlate,Proton Drill,pickaxe,rare,,Monarch's Titans,6,1,2025-01-15T14:05:32Z
2026-09-08,v2:/f0cef02bf0290a93c250d98e39ece88012720a4d5b36f635171dd79afc4c46d5,"[VIRTUAL]1 x Combat Cue, 1 x Combat Cue for 800 MtxCurrency",800,800,0,0.0,0,2026-09-05T00:00:00Z,2026-09-11T23:59:59.999Z,1,0,-1,Unvaulted,Unvaulted,190,tileGrid,Size_1_x_1,,0,,2,br,Pickaxe_StageCue,Combat Cue,pickaxe,rare,,In the Pocket,2,Remix,2024-11-02T17:09:31Z
2026-09-08,v2:/f0cef02bf0290a93c250d98e39ece88012720a4d5b36f635171dd79afc4c46d5,"[VIRTUAL]1 x Combat Cue, 1 x Combat Cue for 800 MtxCurrency",800,800,0,0.0,0,2026-09-05T00:00:00Z,2026-09-11T23:59:59.999Z,1,0,-1,Unvaulted,Unvaulted,190,tileGrid,Size_1_x_1,,0,,2,br,Backpack_StageCue,Combat Cue,backpack,rare,,In the Pocket,2,Remix,2024-11-02T17:09:31Z
2026-09-08,v2:/275b860193c43bac3d0983e627224cea57d78ad4d7c1e9d16e1a8b04723dd450,[VIRTUAL]1 x The Rack-Up for 500 MtxCurrency,500,500,0,0.0,0,2026-09-05T00:00:00Z,2026-09-11T23:59:59.999Z,1,0,-2,Unvaulted,Unvaulted,190,tileGrid,Size_1_x_1,,0,,1,br,Glider_StageCue,The Rack-Up,glider,epic,,In the Pocket,2,Remix,2024-11-02T17:09:31Z
2026-09-08,v2:/f8df7f715aaccc2e8d832837a296dccf354330294f500b6ccecf214e22deea82,[VIRTUAL]1 x FLAWLESS VICTORY for 300 MtxCurrency,300,300,0,0.0,0,2026-09-06T00:00:00Z,2026-09-12T23:59:59.999Z,1,0,-4,MortalKombat1,Mortal Kombat,192,tileGrid,Size_1_x_1,,0,,1,br,EID_GarlicWhisk_Clobber,FLAWLESS VICTORY,emote,gaminglegends,Gaming Legends Series,Klassic Kombat,6,2,2025-03-27T15:08:18Z
2026-09-08,v2:/ae9166ba9fe76036051a1c2e3f319105a208e2223963807b8de12a90b6dc4bd4,[VIRTUAL]1 x DRG Backpack for 300 MtxCurrency,300,300,0,0.0,0,2026-09-08T00:00:00Z,2026-09-11T23:59:59.999Z,1,0,-1,DRG,Deep Rock Galactic,193,tileGrid,Size_1_x_1,,0,,1,br,Backpack_CampusSire,DRG Backpack,backpack,gaminglegends,Gaming Legends Series,Deep Rock Galactic,6,5,2025-08-30T00:00:00Z
2026-09-08,v2:/c5042594dcdc321e796bdc979d99a53b7cde5294f8941bb69834546b1fb831d3,"[VIRTUAL]1 x Porsche 911 Turbo, 1 x Porsche 911 Turbo, 1 x Porsche 911 Turbo, 1 x Porsche 911 Turbo, 1 x Porsche 911 Turbo, 1 x Porsche 911 Turbo, 1 x Porsche 911 Turbo, 1 x Porsche 911 Turbo, 1 x Porsche 911 Turbo, 1 x Porsche 911 Turbo, 1 x Porsche 911 Turbo, 1 x Porsche 911 Turbo, 1 x Porsche 911 Turbo, 1 x Blank, 1 x Blank, 1 x Ombre, 1 x Wings, 1 x Stripes, 1 x Lightning, 1 x Flames, 1 x Porsche 911 for -1 MtxCurrency",2000,2000,0,0.0,0,2026-09-05T00:00:00Z,2026-09-14T23:59:59.999Z,1,0,-1,Porsche911Turbo,Porsche 911 Turbo,175,tileGrid,Size_3_x_1,,1,Porsche 911 Turbo,8,car,CarSkin_ButterT1Rainbow,Porsche 75th Anniversary,skin,uncommon,,,,,2026-09-03T15:24:18Z
2026-09-08,v2:/c5042594dcdc321e796bdc979d99a53b7cde5294f8941bb69834546b1fb831d3,"[VIRTUAL]1 x Porsche 911 Turbo, 1 x Porsche 911 Turbo, 1 x Porsche 911 Turbo, 1 x Porsche 911 Turbo, 1 x Porsche 911 Turbo, 1 x Porsche 911 Turbo, 1 x Porsche 911 Turbo, 1 x Porsche 911 Turbo, 1 x Porsche 911 Turbo, 1 x Porsche 911 Turbo, 1 x Porsche 911 Turbo, 1 x Porsche 911 Turbo, 1 x Porsche 911 Turbo, 1 x Blank, 1 x Blank, 1 x Ombre, 1 x Wings, 1 x Stripes, 1 x Lightning, 1 x Flames, 1 x Porsche 911 for -1 MtxCurrency",2000,2000,0,0.0,0,2026-09-05T00:00:00Z,2026-09-14T23:59:59.999Z,1,0,-1,Porsche911Turbo,Porsche 911 Turbo,175,tileGrid,Size_3_x_1,,1,Porsche 911 Turbo,8,car,CarSkin_ButterT1Huntress,Huntress,skin,uncommon,,,,,2026-09-03T15:24:18Z
2026-09-08,v2:/c5042594dcdc321e796bdc979d99a53b7cde5294f8941bb69834546b1fb831d3,"[VIRTUAL]1 x Porsche 911 Turbo, 1 x Porsche 911 Turbo, 1 x Porsche 911 Turbo, 1 x Porsche 911 Turbo, 1 x Porsche 911 Turbo, 1 x Porsche 911 Turbo, 1 x Porsche 911 Turbo, 1 x Porsche 911 Turbo, 1 x Porsche 911 Turbo, 1 x Porsche 911 Turbo, 1 x Porsche 911 Turbo, 1 x Porsche 911 Turbo, 1 x Porsche 911 Turbo, 1 x Blank, 1 x Blank, 1 x Ombre, 1 x Wings, 1 x Stripes, 1 x Lightning, 1 x Flames, 1 x Porsche 911 for -1 MtxCurrency",2000,2000,0,0.0,0,2026-09-05T00:00:00Z,2026-09-14T23:59:59.999Z,1,0,-1,Porsche911Turbo,Porsche 911 Turbo,175,tileGrid,Size_3_x_1,,1,Porsche 911 Turbo,8,car,CarSkin_ButterT1Frosted,Ombre,skin,uncommon,,,,,2026-09-03T15:24:18Z
2026-09-08,v2:/c5042594dcdc321e796bdc979d99a53b7cde5294f8941bb69834546b1fb831d3,"[VIRTUAL]1 x Porsche 911 Turbo, 1 x Porsche 911 Turbo, 1 x Porsche 911 Turbo, 1 x Porsche 911 Turbo, 1 x Porsche 911 Turbo, 1 x Porsche 911 Turbo, 1 x Porsche 911 Turbo, 1 x Porsche 911 Turbo, 1 x Porsche 911 Turbo, 1 x Porsche 911 Turbo, 1 x Porsche 911 Turbo, 1 x Porsche 911 Turbo, 1 x Porsche 911 Turbo, 1 x Blank, 1 x Blank, 1 x Ombre, 1 x Wings, 1 x Stripes, 1 x Lightning, 1 x Flames, 1 x Porsche 911 for -1 MtxCurrency",2000,2000,0,0.0,0,2026-09-05T00:00:00Z,2026-09-14T23:59:59.999Z,1,0,-1,Porsche911Turbo,Porsche 911 Turbo,175,tileGrid,Size_3_x_1,,1,Porsche 911 Turbo,8,car,CarSkin_ButterT1Wings,Wings,skin,uncommon,,,,,2026-09-03T15:24:18Z
2026-09-08,v2:/c5042594dcdc321e796bdc979d99a53b7cde5294f8941bb69834546b1fb831d3,"[VIRTUAL]1 x Porsche 911 Turbo, 1 x Porsche 911 Turbo, 1 x Porsche 911 Turbo, 1 x Porsche 911 Turbo, 1 x Porsche 911 Turbo, 1 x Porsche 911 Turbo, 1 x Porsche 911 Turbo, 1 x Porsche 911 Turbo, 1 x Porsche 911 Turbo, 1 x Porsche 911 Turbo, 1 x Porsche 911 Turbo, 1 x Porsche 911 Turbo, 1 x Porsche 911 Turbo, 1 x Blank, 1 x Blank, 1 x Ombre, 1 x Wings, 1 x Stripes, 1 x Lightning, 1 x Flames, 1 x Porsche 911 for -1 MtxCurrency",2000,2000,0,0.0,0,2026-09-05T00:00:00Z,2026-09-14T23:59:59.999Z,1,0,-1,Porsche911Turbo,Porsche 911 Turbo,175,tileGrid,Size_3_x_1,,1,Porsche 911 Turbo,8,car,CarSkin_ButterT1Stripes,Stripes,skin,uncommon,,,,,2026-09-03T15:24:18Z
2026-09-08,v2:/c5042594dcdc321e796bdc979d99a53b7cde5294f8941bb69834546b1fb831d3,"[VIRTUAL]1 x Porsche 911 Turbo, 1 x Porsche 911 Turbo, 1 x Porsche 911 Turbo, 1 x Porsche 911 Turbo, 1 x Porsche 911 Turbo, 1 x Porsche 911 Turbo, 1 x Porsche 911 Turbo, 1 x Porsche 911 Turbo, 1 x Porsche 911 Turbo, 1 x Porsche 911 Turbo, 1 x Porsche 911 Turbo, 1 x Porsche 911 Turbo, 1 x Porsche 911 Turbo, 1 x Blank, 1 x Blank, 1 x Ombre, 1 x Wings, 1 x Stripes, 1 x Lightning, 1 x Flames, 1 x Porsche 911 for -1 MtxCurrency",2000,2000,0,0.0,0,2026-09-05T00:00:00Z,2026-09-14T23:59:59.999Z,1,0,-1,Porsche911Turbo,Porsche 911 Turbo,175,tileGrid,Size_3_x_1,,1,Porsche 911 Turbo,8,car,CarSkin_ButterT1Lightning,Lightning,skin,uncommon,,,,,2026-09-03T15:24:18Z
2026-09-08,v2:/c5042594dcdc321e796bdc979d99a53b7cde5294f8941bb69834546b1fb831d3,"[VIRTUAL]1 x Porsche 911 Turbo, 1 x Porsche 911 Turbo, 1 x Porsche 911 Turbo, 1 x Porsche 911 Turbo, 1 x Porsche 911 Turbo, 1 x Porsche 911 Turbo, 1 x Porsche 911 Turbo, 1 x Porsche 911 Turbo, 1 x Porsche 911 Turbo, 1 x Porsche 911 Turbo, 1 x Porsche 911 Turbo, 1 x Porsche 911 Turbo, 1 x Porsche 911 Turbo, 1 x Blank, 1 x Blank, 1 x Ombre, 1 x Wings, 1 x Stripes, 1 x Lightning, 1 x Flames, 1 x Porsche 911 for -1 MtxCurrency",2000,2000,0,0.0,0,2026-09-05T00:00:00Z,2026-09-14T23:59:59.999Z,1,0,-1,Porsche911Turbo,Porsche 911 Turbo,175,tileGrid,Size_3_x_1,,1,Porsche 911 Turbo,8,car,CarSkin_ButterT1Flames,Flames,skin,uncommon,,,,,2026-09-03T15:24:18Z
2026-09-08,v2:/c5042594dcdc321e796bdc979d99a53b7cde5294f8941bb69834546b1fb831d3,"[VIRTUAL]1 x Porsche 911 Turbo, 1 x Porsche 911 Turbo, 1 x Porsche 911 Turbo, 1 x Porsche 911 Turbo, 1 x Porsche 911 Turbo, 1 x Porsche 911 Turbo, 1 x Porsche 911 Turbo, 1 x Porsche 911 Turbo, 1 x Porsche 911 Turbo, 1 x Porsche 911 Turbo, 1 x Porsche 911 Turbo, 1 x Porsche 911 Turbo, 1 x Porsche 911 Turbo, 1 x Blank, 1 x Blank, 1 x Ombre, 1 x Wings, 1 x Stripes, 1 x Lightning, 1 x Flames, 1 x Porsche 911 for -1 MtxCurrency",2000,2000,0,0.0,0,2026-09-05T00:00:00Z,2026-09-14T23:59:59.999Z,1,0,-1,Porsche911Turbo,Porsche 911 Turbo,175,tileGrid,Size_3_x_1,,1,Porsche 911 Turbo,8,car,Wheel_ButterT1,Porsche 911,wheel,uncommon,,,,,2025-12-11T10:20:11Z
2026-09-08,v2:/e17da5c7cced62e4ff6e708f07bbf86f24cccfff1977126369eb7bcef7201458,[VIRTUAL]1 x Saltwater Satchel for 200 MtxCurrency,200,200,0,0.0,0,2026-09-08T00:00:00Z,2026-09-14T23:59:59.999Z,1,0,-1,,,,,Size_1_x_1,,0,,1,br,BID_193_TeriyakiFishMale,Saltwater Satchel,backpack,rare,,Fish Food,1,7,2019-11-20T12:50:36Z
2026-09-08,v2:/25be897f7129e90c39d28629e8b2a82edb3e9a9608b088d1549b0169f307f42c,[VIRTUAL]1 x TBD (SID_Placeholder_934) for 500 MtxCurrency,500,500,0,0.0,0,2026-09-04T00:00:00Z,2026-09-10T23:59:59.999Z,1,0,-3,JT090826,Jam Tracks,179,tileGrid,Size_1_x_1,,0,,1,track,sid_placeholder_934,Boston,,,,,,,2026-09-01T17:58:41Z
2026-09-08,v2:/c5f15bf11f2fd6f2f1083deadbe11199cbd08ed619a4f281b542bba1fd28b3c2,[VIRTUAL]1 x Seven Nation Army for 500 MtxCurrency,500,500,0,0.0,0,2026-09-01T00:00:00Z,2026-09-17T23:59:59.999Z,1,0,-2,JT090826,Jam Tracks,179,expandableList,Size_1_x_1,,0,,1,track,sid_placeholder_36,Seven Nation Army,,,,,,,2023-12-09T15:00:00Z
2026-09-08,v2:/a061e9619bb69442be67b956323f237c712e865b19e31dbbbe65e4ba9d573098,"[VIRTUAL]1 x The Batman Who Laughs, 1 x Robin's Perch, 1 x Death Metal Scythe, 1 x Wings of Madness for -1 MtxCurrency",3100,2200,900,0.2903,1,2026-09-04T00:00:00Z,2026-09-08T23:59:59.999Z,1,0,-1,DeathstrokemanLaugh,DC,181,tileGrid,Size_1_x_1,,1,The Batman Who Laughs Bundle,4,br,CID_A_219_Athena_Commando_M_Giggle_C2UK0,The Batman Who Laughs,outfit,dc,DC SERIES,Dark Multiverse,2,8,2021-10-22T16:37:22Z
2026-09-08,v2:/a061e9619bb69442be67b956323f237c712e865b19e31dbbbe65e4ba9d573098,"[VIRTUAL]1 x The Batman Who Laughs, 1 x Robin's Perch, 1 x Death Metal Scythe, 1 x Wings of Madness for -1 MtxCurrency",3100,2200,900,0.2903,1,2026-09-04T00:00:00Z,2026-09-08T23:59:59.999Z,1,0,-1,DeathstrokemanLaugh,DC,181,tileGrid,Size_1_x_1,,1,The Batman Who Laughs Bundle,4,br,BID_872_Giggle_LN5LR,Robin's Perch,backpack,dc,DC SERIES,Dark Multiverse,2,8,2021-10-22T16:37:22Z
2026-09-08,v2:/a061e9619bb69442be67b956323f237c712e865b19e31dbbbe65e4ba9d573098,"[VIRTUAL]1 x The Batman Who Laughs, 1 x Robin's Perch, 1 x Death Metal Scythe, 1 x Wings of Madness for -1 MtxCurrency",3100,2200,900,0.2903,1,2026-09-04T00:00:00Z,2026-09-08T23:59:59.999Z,1,0,-1,DeathstrokemanLaugh,DC,181,tileGrid,Size_1_x_1,,1,The Batman Who Laughs Bundle,4,br,Pickaxe_ID_687_GiggleMale_YCQ4S,Death Metal Scythe,pickaxe,dc,DC SERIES,Dark Multiverse,2,8,2021-10-22T16:37:22Z
2026-09-08,v2:/a061e9619bb69442be67b956323f237c712e865b19e31dbbbe65e4ba9d573098,"[VIRTUAL]1 x The Batman Who Laughs, 1 x Robin's Perch, 1 x Death Metal Scythe, 1 x Wings of Madness for -1 MtxCurrency",3100,2200,900,0.2903,1,2026-09-04T00:00:00Z,2026-09-08T23:59:59.999Z,1,0,-1,DeathstrokemanLaugh,DC,181,tileGrid,Size_1_x_1,,1,The Batman Who Laughs Bundle,4,br,Glider_ID_323_GiggleMale_XADT7,Wings of Madness,glider,dc,DC SERIES,Dark Multiverse,2,8,2021-10-22T16:37:22Z
2026-09-08,v2:/a61d301887b7062d82e0093c47334fc7f509d2ca154783e0c13ca4357530b6a4,[VIRTUAL]1 x Proton Exo-Boosters for 300 MtxCurrency,300,300,0,0.0,0,2026-09-05T00:00:00Z,2026-09-09T23:59:59.999Z,1,0,-2,GodzillaxKong,Mechagodzilla & Kong,185,tileGrid,Size_1_x_1,,0,,1,br,Backpack_ButterPlate,Proton Exo-Boosters,backpack,rare,,Monarch's Titans,6,1,2025-01-15T14:05:32Z
2026-09-08,v2:/ab970fe3d4d3b8ab6965a6def2931d2afabc1cfcbad6835c37a00212c4a8cd39,[VIRTUAL]1 x Ain't No Rest For The Wicked for 500 MtxCurrency,500,500,0,0.0,0,2026-09-01T00:00:00Z,2026-09-17T23:59:59.999Z,1,0,-67,JT090826,Jam Tracks,179,expandableList,Size_1_x_1,,0,,1,track,sid_placeholder_296,Ain't No Rest For The Wicked,,,,,,,2024-08-09T00:00:00Z
2026-09-08,v2:/e6290ce1edc1e685bdeb1c81f810c83f8f489ca8a9c044259d8ca9644888260a,[VIRTUAL]1 x Pixellator for 500 MtxCurrency,500,500,0,0.0,0,2026-09-08T00:00:00Z,2026-09-13T23:59:59.999Z,1,0,-2,,,,,Size_1_x_1,,0,,1,br,Wrap_379_Pliant,Pixellator,wrap,rare,,Show Your Style,2,7,2021-07-20T07:27:39Z
2026-09-08,v2:/48d986892e7400468a17a794c1493d3df3739cc00a61882b9327014d5cb033c2,[VIRTUAL]1 x Walter Irons for 1500 MtxCurrency,1500,1500,0,0.0,0,2026-09-06T00:00:00Z,2026-09-12T23:59:59.999Z,1,0,-1,ToxicCommNOVIOLATOR,John Carpenter's Toxic Commando,189,tileGrid,Size_3_x_1,,0,,1,br,Character_TikkaTaste,Walter Irons,outfit,epic,,John Carpenter's Toxic Commando,7,4,2026-09-06T00:00:00Z
2026-09-08,v2:/f0159fb7f5e70f14b1fac143026ef787e897c3d9ea09e64e1ce507deb88ff673,[VIRTUAL]1 x TBD (SID_Placeholder_299) for 500 MtxCurrency,500,500,0,0.0,0,2026-09-01T00:00:00Z,2026-09-17T23:59:59.999Z,1,0,-37,JT090826,Jam Tracks,179,expandableList,Size_1_x_1,,0,,1,track,sid_placeholder_299,I Write Sins Not Tragedies,,,,,,,2025-01-23T15:05:07Z
2026-09-08,v2:/51799bd08c583c683cc5e0315c8e084ed2ddfd6f06438159892096560ab9b177,[VIRTUAL]1 x 24K Magic for 500 MtxCurrency,500,500,0,0.0,0,2026-09-01T00:00:00Z,2026-09-17T23:59:59.999Z,1,0,-78,JT090826,Jam Tracks,179,expandableList,Size_1_x_1,,0,,1,track,sid_placeholder_70,24K Magic,,,,,,,2024-06-28T00:00:00Z
2026-09-08,v2:/80bbcf7a4497294f0c0fc0ff64cbee1ee31a7fe29f687a73d90135beefceb3f1,[VIRTUAL]1 x Heathens for 500 MtxCurrency,500,500,0,0.0,0,2026-09-01T00:00:00Z,2026-09-17T23:59:59.999Z,1,0,-70,JT090826,Jam Tracks,179,expandableList,Size_1_x_1,,0,,1,track,sid_placeholder_200,Heathens,,,,,,,2024-05-14T14:56:14Z
2026-09-08,v2:/c79741c03d555793ebeb68b0ec943e254b1b6c9a5bc2f14c23a93546bf135e56,[VIRTUAL]1 x Black Ops Sword for 500 MtxCurrency,500,500,0,0.0,0,2026-09-07T00:00:00Z,2026-09-10T23:59:59.999Z,1,0,-3,Naruto,Naruto,194,tileGrid,Size_1_x_1,,0,,1,br,Pickaxe_ID_704_HeadbandKMale1H,Black Ops Sword,pickaxe,uncommon,,Naruto,2,8,2021-11-16T09:00:00Z
2026-09-08,v2:/27a68d0b4575bb1f53c072bada56c156e0b6d50a081361c30a015ee2d2827e29,[VIRTUAL]1 x Akatsuki for 300 MtxCurrency,300,300,0,0.0,0,2026-09-07T00:00:00Z,2026-09-10T23:59:59.999Z,1,0,-4,Naruto,Naruto,194,tileGrid,Size_1_x_1,,0,,1,br,Wrap_495_Ensemble,Akatsuki,wrap,uncommon,,Naruto,3,3,2022-06-21T08:49:54Z
2026-09-08,v2:/be52e7a6afda886b92d17a11ff8c0d373878cabfacc0fcc80a4baf566e4305ed,[VIRTUAL]1 x Chaos Directive for 500 MtxCurrency,500,500,0,0.0,0,2026-09-05T00:00:00Z,2026-09-11T23:59:59.999Z,1,0,-4,Unvaulted,Unvaulted,190,tileGrid,Size_1_x_1,,0,,1,br,Wrap_MissusMind,Chaos Directive,wrap,rare,,Bleakest Bedlam,2,Remix,2024-11-02T17:09:31Z
2026-09-08,v2:/f8c9bd2caa57c7f4ce17865f7cd5d0161d78ca38b154e5c133ea55329e02f62d,[VIRTUAL]1 x Bandicoot for 500 MtxCurrency,500,500,0,0.0,0,2026-08-29T00:00:00Z,2026-09-11T23:59:59.999Z,1,0,-2,CrashSpyro1,Crash Bandicoot & Spyro the Dragon,186,tileGrid,Size_1_x_1,,0,,1,br,Wrap_SpruceBark,Bandicoot,wrap,gaminglegends,Gaming Legends Series,Crash Bandicoot,7,4,2026-08-26T23:33:06Z
2026-09-08,v2:/8336fc26e92d89a1c946d7598c63c3c3bb395b3ed98de96aafadbfec89f4440a,[VIRTUAL]1 x Unsainted for 500 MtxCurrency,500,500,0,0.0,0,2026-09-01T00:00:00Z,2026-09-17T23:59:59.999Z,1,0,-63,JT090826,Jam Tracks,179,expandableList,Size_1_x_1,,0,,1,track,sid_placeholder_266,Unsainted,,,,,,,2024-07-26T00:00:00Z
2026-09-08,v2:/90945c194246a21b02d86829749f13d00d89d1b6b407eb09812a42980f7a3724,"[VIRTUAL]1 x Aniyah, 1 x Clothier's Spellkit for -1 MtxCurrency",1500,1500,0,0.0,0,2026-09-08T00:00:00Z,2026-09-14T23:59:59.999Z,1,0,-4,NS090826,No Sweat,187,tileGrid,Size_1_x_1,Reactive to eliminations! ,0,,2,br,Character_DyedDuelist,Aniyah,outfit,epic,,Savvy Sorceress,4,4,2023-09-26T14:25:42Z
2026-09-08,v2:/90945c194246a21b02d86829749f13d00d89d1b6b407eb09812a42980f7a3724,"[VIRTUAL]1 x Aniyah, 1 x Clothier's Spellkit for -1 MtxCurrency",1500,1500,0,0.0,0,2026-09-08T00:00:00Z,2026-09-14T23:59:59.999Z,1,0,-4,NS090826,No Sweat,187,tileGrid,Size_1_x_1,Reactive to eliminations! ,0,,2,br,Backpack_DyedDuelist,Clothier's Spellkit,backpack,epic,,Savvy Sorceress,4,4,2023-09-26T14:25:42Z
2026-09-08,v2:/2d0070248b35c1efdb9a564f1a6529cebeb899b843a64f891884552f1adf552a,"[VIRTUAL]1 x Sasuke Uchiha, 1 x Demon Wind Shuriken, 1 x Snake Sword for -1 MtxCurrency",1600,1600,0,0.0,0,2026-09-07T00:00:00Z,2026-09-10T23:59:59.999Z,1,0,-3,Naruto,Naruto,194,tileGrid,Size_1_x_1,Unsheathe the <highlight>SNAKE SWORD PICKAXE</> from <highlight>SASUKE UCHIHA's</> scabbard when both are equipped!,0,,3,br,CID_A_263_Athena_Commando_M_HeadbandS,Sasuke Uchiha,outfit,epic,,Naruto,2,8,2021-11-16T09:00:00Z
2026-09-08,v2:/2d0070248b35c1efdb9a564f1a6529cebeb899b843a64f891884552f1adf552a,"[VIRTUAL]1 x Sasuke Uchiha, 1 x Demon Wind Shuriken, 1 x Snake Sword for -1 MtxCurrency",1600,1600,0,0.0,0,2026-09-07T00:00:00Z,2026-09-10T23:59:59.999Z,1,0,-3,Naruto,Naruto,194,tileGrid,Size_1_x_1,Unsheathe the <highlight>SNAKE SWORD PICKAXE</> from <highlight>SASUKE UCHIHA's</> scabbard when both are equipped!,0,,3,br,BID_904_HeadbandSMale,Demon Wind Shuriken,backpack,epic,,Naruto,2,8,2021-11-16T09:00:00Z
2026-09-08,v2:/2d0070248b35c1efdb9a564f1a6529cebeb899b843a64f891884552f1adf552a,"[VIRTUAL]1 x Sasuke Uchiha, 1 x Demon Wind Shuriken, 1 x Snake Sword for -1 MtxCurrency",1600,1600,0,0.0,0,2026-09-07T00:00:00Z,2026-09-10T23:59:59.999Z,1,0,-3,Naruto,Naruto,194,tileGrid,Size_1_x_1,Unsheathe the <highlight>SNAKE SWORD PICKAXE</> from <highlight>SASUKE UCHIHA's</> scabbard when both are equipped!,0,,3,br,Pickaxe_ID_705_HeadbandSMale1H,Snake Sword,pickaxe,epic,,Naruto,2,8,2021-11-16T09:00:00Z
2026-09-08,v2:/422e8e3db7526c951b8b36d82009ee8295013e8358ea0a8106fc690473ae4c6b,[VIRTUAL]1 x FaSHioN for 500 MtxCurrency,500,500,0,0.0,0,2026-09-08T00:00:00Z,2026-09-11T23:59:59.999Z,1,0,-1,VV090826,Pop Off,197,tileGrid,Size_1_x_1,,0,,1,br,EID_FivePoints,FaSHioN,emote,icon,Icon Series,,7,4,2026-09-08T00:00:00Z
2026-09-08,v2:/0e8635a22f15b412c7e2608bf6911b6b431a7844608ff03e6c5ae2a221c20c62,[VIRTUAL]1 x Raiden (MK3) for 1500 MtxCurrency,1500,1500,0,0.0,0,2026-09-06T00:00:00Z,2026-09-12T23:59:59.999Z,1,0,-2,MortalKombat1,Mortal Kombat,192,tileGrid,Size_1_x_1,,0,,1,br,Character_TotalFlock,Raiden (MK3),outfit,gaminglegends,Gaming Legends Series,Klassic Kombat,6,2,2025-03-27T15:08:18Z
2026-09-08,v2:/3881490810a4853597e5e3efcba31618cbb34e28e74276c88987af83abfd991a,[VIRTUAL]1 x Cute Cutout for 600 MtxCurrency,600,600,0,0.0,0,2026-09-08T00:00:00Z,2026-09-12T23:59:59.999Z,1,0,-2,SabrinaCarpenterSweet,Sabrina Carpenter,195,tileGrid,Size_1_x_1,,0,,1,br,Contrail_DimeBlanket,Cute Cutout,contrail,icon,Icon Series,Sabrina Carpenter,6,2,2025-04-08T08:00:00Z
2026-09-08,v2:/ece027290f26b5a907dfdfe934d7264fbca04af9f86731591a6e207c75bb2a8d,[VIRTUAL]1 x Bouncin' Back for 500 MtxCurrency,500,500,0,0.0,0,2026-09-07T00:00:00Z,2026-09-09T23:59:59.999Z,1,0,-4,FNCS4,FNCS,183,tileGrid,Size_1_x_1,,0,,1,track,sid_placeholder_264,Bouncin' Back,,,,,,,2024-07-18T00:00:00Z
2026-09-08,v2:/76ac446e130eb40e3dba9a3d49884a520af4331c8e8f61f74ff1351f0172326d,[VIRTUAL]1 x Give Me Everything for 500 MtxCurrency,500,500,0,0.0,0,2026-09-01T00:00:00Z,2026-09-17T23:59:59.999Z,1,0,-7,JT090826,Jam Tracks,179,expandableList,Size_1_x_1,,0,,1,track,sid_placeholder_249,Give Me Everything,,,,,,,2024-06-06T13:32:50Z
2026-09-08,v2:/2537988cb40dab630b7174fb56940f30dfa7b5484d26075a51447b5042e0f1f4,[VIRTUAL]1 x Continue? Coin for 300 MtxCurrency,300,300,0,0.0,0,2026-09-06T00:00:00Z,2026-09-12T23:59:59.999Z,1,0,-1,FND090826,Spotlight Drops,191,tileGrid,Size_1_x_1,,0,,1,br,EID_GlintRush,Continue? Coin,emote,uncommon,,Fractal Heroes,7,4,2026-09-03T15:24:18Z
2026-09-08,v2:/820a5ac7e8ab43e3ef4b08a0147ba3c041eef2da94779a2619c2c3df33eb24dd,[VIRTUAL]1 x All Eyez On Me for 500 MtxCurrency,500,500,0,0.0,0,2026-09-01T00:00:00Z,2026-09-17T23:59:59.999Z,1,0,-33,JT090826,Jam Tracks,179,expandableList,Size_1_x_1,,0,,1,track,sid_placeholder_419,All Eyez On Me,,,,,,,2024-11-23T00:00:00Z
2026-09-08,v2:/ba5d78e8734a05ed370c44c333569a838c69f7ee4973be240a8de7f9c17b3f46,[VIRTUAL]1 x Hinata's Backpack for 400 MtxCurrency,400,400,0,0.0,0,2026-09-07T00:00:00Z,2026-09-10T23:59:59.999Z,1,0,-1,,,,,Size_1_x_1,,0,,1,br,BID_A_031_EnsembleFemale,Hinata's Backpack,backpack,epic,,Naruto,3,3,2022-06-21T08:49:54Z
2026-09-08,v2:/af0a8947c331b0b423cbe2637469b835df587abf03a55f48f8c9ca5825a05afb,[VIRTUAL]1 x Stellar Scanner for 300 MtxCurrency,300,300,0,0.0,0,2026-09-07T00:00:00Z,2026-09-10T23:59:59.999Z,1,0,-4,,,,,Size_1_x_1,,0,,1,br,BID_A_013_EternalVanguardFemale,Stellar Scanner,backpack,rare,,Space Explorers,3,2,2022-05-17T08:48:22Z
2026-09-08,v2:/e8bf7bc19eef8a3d4fa87c960dbe29c997a09050bff1aeeda99e1ee20b4b5bdf,"[VIRTUAL]1 x Summoning Jutsu, 1 x Ramen Break, 1 x Kunai, 1 x Hidan's Scythe, 1 x Black Ops Sword for -1 MtxCurrency",2400,1500,900,0.375,1,2026-09-07T00:00:00Z,2026-09-10T23:59:59.999Z,1,0,-1,Naruto,Naruto,194,tileGrid,Size_1_x_1,,1,SHINOBI GEAR BUNDLE,5,br,EID_Headband,Summoning Jutsu,emote,uncommon,,Naruto,2,8,2021-11-16T09:00:00Z
2026-09-08,v2:/e8bf7bc19eef8a3d4fa87c960dbe29c997a09050bff1aeeda99e1ee20b4b5bdf,"[VIRTUAL]1 x Summoning Jutsu, 1 x Ramen Break, 1 x Kunai, 1 x Hidan's Scythe, 1 x Black Ops Sword for -1 MtxCurrency",2400,1500,900,0.375,1,2026-09-07T00:00:00Z,2026-09-10T23:59:59.999Z,1,0,-1,Naruto,Naruto,194,tileGrid,Size_1_x_1,,1,SHINOBI GEAR BUNDLE,5,br,EID_Chashu,Ramen Break,emote,uncommon,,Naruto,2,8,2021-11-16T09:00:00Z
2026-09-08,v2:/e8bf7bc19eef8a3d4fa87c960dbe29c997a09050bff1aeeda99e1ee20b4b5bdf,"[VIRTUAL]1 x Summoning Jutsu, 1 x Ramen Break, 1 x Kunai, 1 x Hidan's Scythe, 1 x Black Ops Sword for -1 MtxCurrency",2400,1500,900,0.375,1,2026-09-07T00:00:00Z,2026-09-10T23:59:59.999Z,1,0,-1,Naruto,Naruto,194,tileGrid,Size_1_x_1,,1,SHINOBI GEAR BUNDLE,5,br,Pickaxe_ID_703_HeadbandMale1H,Kunai,pickaxe,uncommon,,Naruto,2,8,2021-11-16T09:00:00Z
2026-09-08,v2:/e8bf7bc19eef8a3d4fa87c960dbe29c997a09050bff1aeeda99e1ee20b4b5bdf,"[VIRTUAL]1 x Summoning Jutsu, 1 x Ramen Break, 1 x Kunai, 1 x Hidan's Scythe, 1 x Black Ops Sword for -1 MtxCurrency",2400,1500,900,0.375,1,2026-09-07T00:00:00Z,2026-09-10T23:59:59.999Z,1,0,-1,Naruto,Naruto,194,tileGrid,Size_1_x_1,,1,SHINOBI GEAR BUNDLE,5,br,Pickaxe_ID_706_HeadbandStandAloneMale,Hidan's Scythe,pickaxe,rare,,Naruto,2,8,2021-11-16T09:00:00Z
2026-09-08,v2:/e8bf7bc19eef8a3d4fa87c960dbe29c997a09050bff1aeeda99e1ee20b4b5bdf,"[VIRTUAL]1 x Summoning Jutsu, 1 x Ramen Break, 1 x Kunai, 1 x Hidan's Scythe, 1 x Black Ops Sword for -1 MtxCurrency",2400,1500,900,0.375,1,2026-09-07T00:00:00Z,2026-09-10T23:59:59.999Z,1,0,-1,Naruto,Naruto,194,tileGrid,Size_1_x_1,,1,SHINOBI GEAR BUNDLE,5,br,Pickaxe_ID_704_HeadbandKMale1H,Black Ops Sword,pickaxe,uncommon,,Naruto,2,8,2021-11-16T09:00:00Z
2026-09-08,v2:/60f536f889f4f485ec5f744d5b14c901a0f10def929465a251f4153c9e081d28,"[VIRTUAL]1 x Kong, 1 x Mechagodzilla, 1 x Kong's Battle Axe, 1 x Proton Drill, 1 x B.E.A.S.T. Glove, 1 x Roar Power, 1 x Cybernetic Scream, 1 x B.E.A.S.T. Armorplate, 1 x Proton Exo-Boosters for -1 MtxCurrency",6300,2800,3500,0.5556,1,2026-09-05T00:00:00Z,2026-09-09T23:59:59.999Z,1,0,-1,GodzillaxKong,Mechagodzilla & Kong,185,tileGrid,Size_3_x_1,,1,Mechagodzilla & Kong Bundle,9,br,Character_AvocadoSeal,Kong,outfit,epic,,Monarch's Titans,6,1,2025-01-15T14:05:32Z
2026-09-08,v2:/60f536f889f4f485ec5f744d5b14c901a0f10def929465a251f4153c9e081d28,"[VIRTUAL]1 x Kong, 1 x Mechagodzilla, 1 x Kong's Battle Axe, 1 x Proton Drill, 1 x B.E.A.S.T. Glove, 1 x Roar Power, 1 x Cybernetic Scream, 1 x B.E.A.S.T. Armorplate, 1 x Proton Exo-Boosters for -1 MtxCurrency",6300,2800,3500,0.5556,1,2026-09-05T00:00:00Z,2026-09-09T23:59:59.999Z,1,0,-1,GodzillaxKong,Mechagodzilla & Kong,185,tileGrid,Size_3_x_1,,1,Mechagodzilla & Kong Bundle,9,br,Character_ButterPlate,Mechagodzilla,outfit,epic,,Monarch's Titans,6,1,2025-01-15T14:05:32Z
2026-09-08,v2:/60f536f889f4f485ec5f744d5b14c901a0f10def929465a251f4153c9e081d28,"[VIRTUAL]1 x Kong, 1 x Mechagodzilla, 1 x Kong's Battle Axe, 1 x Proton Drill, 1 x B.E.A.S.T. Glove, 1 x Roar Power, 1 x Cybernetic Scream, 1 x B.E.A.S.T. Armorplate, 1 x Proton Exo-Boosters for -1 MtxCurrency",6300,2800,3500,0.5556,1,2026-09-05T00:00:00Z,2026-09-09T23:59:59.999Z,1,0,-1,GodzillaxKong,Mechagodzilla & Kong,185,tileGrid,Size_3_x_1,,1,Mechagodzilla & Kong Bundle,9,br,Pickaxe_AvocadoSeal,Kong's Battle Axe,pickaxe,rare,,Monarch's Titans,6,1,2025-01-15T14:05:32Z
2026-09-08,v2:/60f536f889f4f485ec5f744d5b14c901a0f10def929465a251f4153c9e081d28,"[VIRTUAL]1 x Kong, 1 x Mechagodzilla, 1 x Kong's Battle Axe, 1 x Proton Drill, 1 x B.E.A.S.T. Glove, 1 x Roar Power, 1 x Cybernetic Scream, 1 x B.E.A.S.T. Armorplate, 1 x Proton Exo-Boosters for -1 MtxCurrency",6300,2800,3500,0.5556,1,2026-09-05T00:00:00Z,2026-09-09T23:59:59.999Z,1,0,-1,GodzillaxKong,Mechagodzilla & Kong,185,tileGrid,Size_3_x_1,,1,Mechagodzilla & Kong Bundle,9,br,Pickaxe_ButterPlate,Proton Drill,pickaxe,rare,,Monarch's Titans,6,1,2025-01-15T14:05:32Z
2026-09-08,v2:/60f536f889f4f485ec5f744d5b14c901a0f10def929465a251f4153c9e081d28,"[VIRTUAL]1 x Kong, 1 x Mechagodzilla, 1 x Kong's Battle Axe, 1 x Proton Drill, 1 x B.E.A.S.T. Glove, 1 x Roar Power, 1 x Cybernetic Scream, 1 x B.E.A.S.T. Armorplate, 1 x Proton Exo-Boosters for -1 MtxCurrency",6300,2800,3500,0.5556,1,2026-09-05T00:00:00Z,2026-09-09T23:59:59.999Z,1,0,-1,GodzillaxKong,Mechagodzilla & Kong,185,tileGrid,Size_3_x_1,,1,Mechagodzilla & Kong Bundle,9,br,EID_AvocadoSeal,B.E.A.S.T. Glove,emote,uncommon,,Monarch's Titans,6,1,2025-01-15T14:05:32Z
2026-09-08,v2:/60f536f889f4f485ec5f744d5b14c901a0f10def929465a251f4153c9e081d28,"[VIRTUAL]1 x Kong, 1 x Mechagodzilla, 1 x Kong's Battle Axe, 1 x Proton Drill, 1 x B.E.A.S.T. Glove, 1 x Roar Power, 1 x Cybernetic Scream, 1 x B.E.A.S.T. Armorplate, 1 x Proton Exo-Boosters for -1 MtxCurrency",6300,2800,3500,0.5556,1,2026-09-05T00:00:00Z,2026-09-09T23:59:59.999Z,1,0,-1,GodzillaxKong,Mechagodzilla & Kong,185,tileGrid,Size_3_x_1,,1,Mechagodzilla & Kong Bundle,9,br,Wrap_AvocadoSeal,Roar Power,wrap,uncommon,,Monarch's Titans,6,1,2025-01-15T14:05:32Z
2026-09-08,v2:/60f536f889f4f485ec5f744d5b14c901a0f10def929465a251f4153c9e081d28,"[VIRTUAL]1 x Kong, 1 x Mechagodzilla, 1 x Kong's Battle Axe, 1 x Proton Drill, 1 x B.E.A.S.T. Glove, 1 x Roar Power, 1 x Cybernetic Scream, 1 x B.E.A.S.T. Armorplate, 1 x Proton Exo-Boosters for -1 MtxCurrency",6300,2800,3500,0.5556,1,2026-09-05T00:00:00Z,2026-09-09T23:59:59.999Z,1,0,-1,GodzillaxKong,Mechagodzilla & Kong,185,tileGrid,Size_3_x_1,,1,Mechagodzilla & Kong Bundle,9,br,Wrap_ButterPlate,Cybernetic Scream,wrap,uncommon,,Monarch's Titans,6,1,2025-01-15T14:05:32Z
2026-09-08,v2:/60f536f889f4f485ec5f744d5b14c901a0f10def929465a251f4153c9e081d28,"[VIRTUAL]1 x Kong, 1 x Mechagodzilla, 1 x Kong's Battle Axe, 1 x Proton Drill, 1 x B.E.A.S.T. Glove, 1 x Roar Power, 1 x Cybernetic Scream, 1 x B.E.A.S.T. Armorplate, 1 x Proton Exo-Boosters for -1 MtxCurrency",6300,2800,3500,0.5556,1,2026-09-05T00:00:00Z,2026-09-09T23:59:59.999Z,1,0,-1,GodzillaxKong,Mechagodzilla & Kong,185,tileGrid,Size_3_x_1,,1,Mechagodzilla & Kong Bundle,9,br,Backpack_AvocadoSeal,B.E.A.S.T. Armorplate,backpack,rare,,Monarch's Titans,6,1,2025-01-15T14:05:32Z
2026-09-08,v2:/60f536f889f4f485ec5f744d5b14c901a0f10def929465a251f4153c9e081d28,"[VIRTUAL]1 x Kong, 1 x Mechagodzilla, 1 x Kong's Battle Axe, 1 x Proton Drill, 1 x B.E.A.S.T. Glove, 1 x Roar Power, 1 x Cybernetic Scream, 1 x B.E.A.S.T. Armorplate, 1 x Proton Exo-Boosters for -1 MtxCurrency",6300,2800,3500,0.5556,1,2026-09-05T00:00:00Z,2026-09-09T23:59:59.999Z,1,0,-1,GodzillaxKong,Mechagodzilla & Kong,185,tileGrid,Size_3_x_1,,1,Mechagodzilla & Kong Bundle,9,br,Backpack_ButterPlate,Proton Exo-Boosters,backpack,rare,,Monarch's Titans,6,1,2025-01-15T14:05:32Z
2026-09-08,v2:/343e1a0ce85b7fc6ddc9682c0ab1ac8d51254382be584243539045cbe70f88f9,"[VIRTUAL]1 x Bathany, 1 x Brush Basher, 1 x Scrub Tub for -1 MtxCurrency",1700,1200,500,0.2941,1,2026-09-08T00:00:00Z,2026-09-10T23:59:59.999Z,1,0,-1,BR090826,Full Flex,184,tileGrid,Size_1_x_1,,1,A Clean Shot Bundle,3,br,Character_SplishSplash,Bathany,outfit,epic,,A Clean Shot,6,5,2025-08-07T09:33:19Z
2026-09-08,v2:/343e1a0ce85b7fc6ddc9682c0ab1ac8d51254382be584243539045cbe70f88f9,"[VIRTUAL]1 x Bathany, 1 x Brush Basher, 1 x Scrub Tub for -1 MtxCurrency",1700,1200,500,0.2941,1,2026-09-08T00:00:00Z,2026-09-10T23:59:59.999Z,1,0,-1,BR090826,Full Flex,184,tileGrid,Size_1_x_1,,1,A Clean Shot Bundle,3,br,Pickaxe_SplishSplash,Brush Basher,pickaxe,rare,,A Clean Shot,6,5,2025-08-07T09:33:19Z
2026-09-08,v2:/343e1a0ce85b7fc6ddc9682c0ab1ac8d51254382be584243539045cbe70f88f9,"[VIRTUAL]1 x Bathany, 1 x Brush Basher, 1 x Scrub Tub for -1 MtxCurrency",1700,1200,500,0.2941,1,2026-09-08T00:00:00Z,2026-09-10T23:59:59.999Z,1,0,-1,BR090826,Full Flex,184,tileGrid,Size_1_x_1,,1,A Clean Shot Bundle,3,br,Backpack_SplishSplash,Scrub Tub,backpack,rare,,A Clean Shot,6,5,2025-08-07T09:33:19Z
2026-09-08,v2:/136881d8b35940fb76224044fa0e45c4c308be75d6c43b21769baf7a1d0cdc90,[VIRTUAL]1 x American Idiot for 500 MtxCurrency,500,500,0,0.0,0,2026-09-01T00:00:00Z,2026-09-17T23:59:59.999Z,1,0,-99,JT090826,Jam Tracks,179,expandableList,Size_1_x_1,,0,,1,track,sid_placeholder_281,American Idiot,,,,,,,2024-09-20T00:00:00Z
2026-09-08,v2:/a590d061a8f22109710d0effb43f0e3c9ac036fb90c5925ff8d0b1776c024ed0,[VIRTUAL]1 x TBD (SID_Placeholder_496) for 500 MtxCurrency,500,500,0,0.0,0,2026-09-01T00:00:00Z,2026-09-17T23:59:59.999Z,1,0,-46,JT090826,Jam Tracks,179,expandableList,Size_1_x_1,,0,,1,track,sid_placeholder_496,Ain't It Fun,,,,,,,2025-03-18T15:58:31Z
2026-09-08,v2:/15107e0a23ac824a6073ae298c6b8f3475d37829b4221c2d96e6531c753c7049,[VIRTUAL]1 x Stressed Out for 500 MtxCurrency,500,500,0,0.0,0,2026-09-01T00:00:00Z,2026-09-17T23:59:59.999Z,1,0,-59,JT090826,Jam Tracks,179,expandableList,Size_1_x_1,,0,,1,track,sid_placeholder_40,Stressed Out,,,,,,,2024-05-14T14:56:14Z
2026-09-08,v2:/00db4ae5d4b0c0a34337539d85f212be758f04b02c392c32134e151ff4d4eae5,"[VIRTUAL]1 x Lachlan, 1 x PWR Pack for -1 MtxCurrency",1500,1500,0,0.0,0,2026-09-08T00:00:00Z,2026-09-10T23:59:59.999Z,1,0,-2,Icons1-6,Lachlan,177,tileGrid,Size_1_x_1,<highlight>OUTFIT</> and <highlight>BACK BLING</> react to eliminations!,0,,2,br,CID_891_Athena_Commando_M_LunchBox,Lachlan,outfit,icon,Icon Series,PWR,2,4,2020-11-13T00:00:00Z
2026-09-08,v2:/00db4ae5d4b0c0a34337539d85f212be758f04b02c392c32134e151ff4d4eae5,"[VIRTUAL]1 x Lachlan, 1 x PWR Pack for -1 MtxCurrency",1500,1500,0,0.0,0,2026-09-08T00:00:00Z,2026-09-10T23:59:59.999Z,1,0,-2,Icons1-6,Lachlan,177,tileGrid,Size_1_x_1,<highlight>OUTFIT</> and <highlight>BACK BLING</> react to eliminations!,0,,2,br,BID_629_LunchBox,PWR Pack,backpack,icon,Icon Series,PWR,2,4,2020-11-13T00:00:00Z
2026-09-08,v2:/0b43a4cc8a39bea41e9f884a4b6ffaa04207bae693f7fc5dc1ffd41af382d4ad,[VIRTUAL]1 x TBD (SID_Placeholder_784) for 500 MtxCurrency,500,500,0,0.0,0,2026-09-01T00:00:00Z,2026-09-17T23:59:59.999Z,1,0,-31,JT090826,Jam Tracks,179,expandableList,Size_1_x_1,,0,,1,track,sid_placeholder_784,Into Oblivion,,,,,,,2026-04-21T14:08:43Z
2026-09-08,v2:/4d3c29bc83c8c8b9c860fe4eba721b60bb7d2e16e008e4f8b48029fbe7f94525,[VIRTUAL]1 x Side Shuffle for 500 MtxCurrency,500,500,0,0.0,0,2026-09-06T00:00:00Z,2026-09-09T23:59:59.999Z,1,0,-3,VV090826,Pop Off,197,tileGrid,Size_1_x_1,,0,,1,br,EID_Goodbye,Side Shuffle,emote,icon,Icon Series,,3,4,2022-11-05T00:00:00Z
2026-09-08,v2:/8b7910dc1f8a36c7142513918b95aa3fea98d8bf64f8998cc82642f6ee3bb681,[VIRTUAL]1 x Dave's Oxygen Tank for 300 MtxCurrency,300,300,0,0.0,0,2026-09-05T00:00:00Z,2026-09-08T23:59:59.999Z,1,0,-3,SuperWarArk,Gaming Legends,182,tileGrid,Size_1_x_1,,0,,1,br,Backpack_ValueEnjoy,Dave's Oxygen Tank,backpack,gaminglegends,Gaming Legends Series,Dave the Diver,7,3,2026-06-26T00:00:00Z
2026-09-08,v2:/81e6ab5bf874c63ece9a5fb962dfd5d71201a4c6698f6fcb34586a8ce5f64ba3,[VIRTUAL]1 x Kitana (MK3) for 1500 MtxCurrency,1500,1500,0,0.0,0,2026-09-06T00:00:00Z,2026-09-12T23:59:59.999Z,1,0,-3,MortalKombat1,Mortal Kombat,192,tileGrid,Size_1_x_1,,0,,1,br,Character_GarlicWhisk,Kitana (MK3),outfit,gaminglegends,Gaming Legends Series,Klassic Kombat,6,2,2025-03-27T15:08:18Z
2026-09-08,v2:/b1204fbf47e444561e11f1d56e5f6a9ee578d288217cb2fbee2bcd97411311fe,[VIRTUAL]1 x TBD (SID_Placeholder_742) for 500 MtxCurrency,500,500,0,0.0,0,2026-09-01T00:00:00Z,2026-09-17T23:59:59.999Z,1,0,-13,JT090826,Jam Tracks,179,expandableList,Size_1_x_1,,0,,1,track,sid_placeholder_742,Never Meant,,,,,,,2026-02-04T16:58:53Z
2026-09-08,v2:/f8ef61a25f19dcab3d71986e0cd0925250cc1e9437bb5b4007c7fe41c46aa438,[VIRTUAL]1 x TBD (SID_Placeholder_765) for 500 MtxCurrency,500,500,0,0.0,0,2026-09-01T00:00:00Z,2026-09-17T23:59:59.999Z,1,0,-26,JT090826,Jam Tracks,179,expandableList,Size_1_x_1,,0,,1,track,sid_placeholder_765,From the Start,,,,,,,2026-04-16T08:01:05Z
2026-09-08,v2:/a1c812fb596055cca78a9de44a6a09b30a45fe6a81f6f3a4279f1f17483670b0,[VIRTUAL]1 x Oxytocin for 500 MtxCurrency,500,500,0,0.0,0,2026-09-01T00:00:00Z,2026-09-17T23:59:59.999Z,1,0,-50,JT090826,Jam Tracks,179,expandableList,Size_1_x_1,,0,,1,track,sid_placeholder_174,Oxytocin,,,,,,,2024-04-23T08:25:19Z
2026-09-08,v2:/aed52041bbf9a9e3ea04062ce96d349babf6e05c73f4196e0490c374df0d1b38,[VIRTUAL]1 x Meowdas for 1500 MtxCurrency,1500,1500,0,0.0,0,2026-09-05T00:00:00Z,2026-09-11T23:59:59.999Z,1,0,-2,Unvaulted,Unvaulted,190,tileGrid,Size_1_x_1,,0,,1,br,Character_GoldCat_Claw,Meowdas,outfit,epic,,Swole 'n Gold,2,Remix,2024-11-02T17:09:31Z
2026-09-08,v2:/459971e599c8dbced59110aa2f291e346d4a9f3df62b48bd6d2f63b8627559f7,[VIRTUAL]1 x MILLION DOLLAR BABY for 500 MtxCurrency,500,500,0,0.0,0,2026-09-01T00:00:00Z,2026-09-17T23:59:59.999Z,1,0,-87,JT090826,Jam Tracks,179,expandableList,Size_1_x_1,,0,,1,track,sid_placeholder_417,MILLION DOLLAR BABY,,,,,,,2024-11-07T17:50:41Z
2026-09-08,v2:/311e58ed123ffa7d2fbcf9031b75340e89b8fd82cdf436a2519837b145d11740,[VIRTUAL]1 x TBD (SID_Placeholder_783) for 500 MtxCurrency,500,500,0,0.0,0,2026-09-04T00:00:00Z,2026-09-10T23:59:59.999Z,1,0,-1,JT090826,Jam Tracks,179,tileGrid,Size_1_x_1,,0,,1,track,sid_placeholder_783,Young Black & Rich,,,,,,,2026-04-28T14:29:12Z
2026-09-08,v2:/3eab0febd6d70bf3a719e0073a9a92ca75dcac85f80142660cf53f70fa0431eb,[VIRTUAL]1 x Aw Snap! for 200 MtxCurrency,200,200,0,0.0,0,2026-09-08T00:00:00Z,2026-09-08T23:59:59.999Z,1,0,-2,BR090826,Full Flex,184,tileGrid,Size_1_x_1,,0,,1,br,EID_Crackle,Aw Snap!,emote,uncommon,,,4,3,2023-06-27T12:21:59Z
2026-09-08,v2:/4f51fd6fff2b16804314939930d627938b8217165bad08877e547e2596d558b0,[VIRTUAL]1 x Rasenshuriken for 400 MtxCurrency,400,400,0,0.0,0,2026-09-07T00:00:00Z,2026-09-10T23:59:59.999Z,1,0,-4,Naruto,Naruto,194,tileGrid,Size_1_x_1,,0,,1,br,EID_Spiral,Rasenshuriken,emote,rare,,Naruto,3,3,2022-06-21T08:49:54Z
2026-09-08,v2:/7cdbcb37e7ed5d831062864d9e87de5a1b327fd19d93ae48c04dc4173af5450e,[VIRTUAL]1 x TBD (SID_Placeholder_708) for 500 MtxCurrency,500,500,0,0.0,0,2026-09-01T00:00:00Z,2026-09-17T23:59:59.999Z,1,0,-8,JT090826,Jam Tracks,179,expandableList,Size_1_x_1,,0,,1,track,sid_placeholder_708,Sky,,,,,,,2025-12-11T17:20:09Z
2026-09-08,v2:/fe36a24b2bfa09e164a1f100578aa63945c033cd77692e49aa1e9361b18bff33,"[VIRTUAL]1 x Sakura Haruno, 1 x Hidden Leaf Cloak for -1 MtxCurrency",1500,1500,0,0.0,0,2026-09-07T00:00:00Z,2026-09-10T23:59:59.999Z,1,0,-2,Naruto,Naruto,194,tileGrid,Size_1_x_1,,0,,2,br,CID_A_264_Athena_Commando_F_HeadbandS,Sakura Haruno,outfit,epic,,Naruto,2,8,2021-11-16T09:00:00Z
2026-09-08,v2:/fe36a24b2bfa09e164a1f100578aa63945c033cd77692e49aa1e9361b18bff33,"[VIRTUAL]1 x Sakura Haruno, 1 x Hidden Leaf Cloak for -1 MtxCurrency",1500,1500,0,0.0,0,2026-09-07T00:00:00Z,2026-09-10T23:59:59.999Z,1,0,-2,Naruto,Naruto,194,tileGrid,Size_1_x_1,,0,,2,br,BID_905_HeadbandSFemale,Hidden Leaf Cloak,backpack,epic,,Naruto,2,8,2021-11-16T09:00:00Z
2026-09-08,v2:/8f734d2367629e9be15cd81b1d37f3ca3ec0f58f88829d36a89a212b1fe17e3d,[VIRTUAL]1 x Hollaback Girl for 500 MtxCurrency,500,500,0,0.0,0,2026-09-01T00:00:00Z,2026-09-17T23:59:59.999Z,1,0,-18,JT090826,Jam Tracks,179,expandableList,Size_1_x_1,,0,,1,track,sid_placeholder_259,Hollaback Girl,,,,,,,2024-07-03T14:17:57Z
2026-09-08,v2:/b1e24dd8671308ecd9d68bbdb1fbe7bd2c2f7b8bfd4a98e2df2c706548757153,"[VIRTUAL]1 x Fractal Midas, 1 x Fractured SHADOW Pack for -1 MtxCurrency",1500,1500,0,0.0,0,2026-09-06T00:00:00Z,2026-09-12T23:59:59.999Z,1,0,-2,FND090826,Spotlight Drops,191,tileGrid,Size_1_x_1,,0,,2,br,Character_GlintRush,Fractal Midas,outfit,epic,,Fractal Heroes,7,4,2026-09-03T15:24:18Z
2026-09-08,v2:/b1e24dd8671308ecd9d68bbdb1fbe7bd2c2f7b8bfd4a98e2df2c706548757153,"[VIRTUAL]1 x Fractal Midas, 1 x Fractured SHADOW Pack for -1 MtxCurrency",1500,1500,0,0.0,0,2026-09-06T00:00:00Z,2026-09-12T23:59:59.999Z,1,0,-2,FND090826,Spotlight Drops,191,tileGrid,Size_1_x_1,,0,,2,br,Backpack_GlintRush,Fractured SHADOW Pack,backpack,rare,,Fractal Heroes,7,4,2026-09-03T15:24:18Z
2026-09-08,v2:/e81020e71d713622676c94b9856973a8be88d3e1e8e9db58220761e0f44894b4,[VIRTUAL]1 x Taste for 500 MtxCurrency,500,500,0,0.0,0,2026-09-08T00:00:00Z,2026-09-12T23:59:59.999Z,1,0,-4,SabrinaCarpenterSweet,Sabrina Carpenter,195,tileGrid,Size_1_x_1,,0,,1,br,EID_DimeBlanket,Taste,emote,icon,Icon Series,Sabrina Carpenter,6,2,2025-04-08T08:00:00Z
2026-09-08,v2:/4df36e354407375766aefd5f9e3cda8d61f5868375ad7523d766cddda76a7d65,"[VIRTUAL]1 x Sabrina's Mic, 1 x Sabrina's Mic, 1 x Sabrina's Mic for 800 MtxCurrency",800,800,0,0.0,0,2026-09-08T00:00:00Z,2026-09-12T23:59:59.999Z,1,0,-3,SabrinaCarpenterSweet,Sabrina Carpenter,195,tileGrid,Size_1_x_1,,0,,3,br,Backpack_DimeBlanket_Mic,Sabrina's Mic,backpack,icon,Icon Series,Sabrina Carpenter,,,2025-04-08T08:00:00Z
2026-09-08,v2:/4df36e354407375766aefd5f9e3cda8d61f5868375ad7523d766cddda76a7d65,"[VIRTUAL]1 x Sabrina's Mic, 1 x Sabrina's Mic, 1 x Sabrina's Mic for 800 MtxCurrency",800,800,0,0.0,0,2026-09-08T00:00:00Z,2026-09-12T23:59:59.999Z,1,0,-3,SabrinaCarpenterSweet,Sabrina Carpenter,195,tileGrid,Size_1_x_1,,0,,3,br,Pickaxe_DimeBlanket_Mic,Sabrina's Mic,pickaxe,icon,Icon Series,Sabrina Carpenter,,,2025-04-08T08:00:00Z
2026-09-08,v2:/4df36e354407375766aefd5f9e3cda8d61f5868375ad7523d766cddda76a7d65,"[VIRTUAL]1 x Sabrina's Mic, 1 x Sabrina's Mic, 1 x Sabrina's Mic for 800 MtxCurrency",800,800,0,0.0,0,2026-09-08T00:00:00Z,2026-09-12T23:59:59.999Z,1,0,-3,SabrinaCarpenterSweet,Sabrina Carpenter,195,tileGrid,Size_1_x_1,,0,,3,instrument,Sparks_Mic_DimeBlanket,Sabrina's Mic,mic,icon,Icon Series,,,,2025-04-08T08:00:00Z
2026-09-08,v2:/b70c160484caf2c416e0803cc91bafc1448ea71a288be6b9509b9043f1f06adf,[VIRTUAL]1 x TBD (SID_Placeholder_688) for 500 MtxCurrency,500,500,0,0.0,0,2026-09-04T00:00:00Z,2026-09-10T23:59:59.999Z,1,0,-4,JT090826,Jam Tracks,179,tileGrid,Size_1_x_1,,0,,1,track,sid_placeholder_688,OIIA OIIA (Spinning Cat),,,,,,,2025-10-21T23:05:44Z
2026-09-08,v2:/bbc666abc76605ec4c0a051de9abed79fe9754e3015691ead251eaa2fd21d8c2,[VIRTUAL]1 x Skatemonster for 500 MtxCurrency,500,500,0,0.0,0,2026-09-05T00:00:00Z,2026-09-11T23:59:59.999Z,1,0,-2,Unvaulted,Unvaulted,190,tileGrid,Size_2_x_1,,0,,1,br,EID_DenimEquip,Skatemonster,emote,uncommon,,Mighty Questie,2,Remix,2024-11-02T17:09:31Z
2026-09-08,v2:/127eb23283061a72ef1e9c6b9d624aa6cde4a3111dc124b7146fd97fd71810cd,[VIRTUAL]1 x Take On Me for 500 MtxCurrency,500,500,0,0.0,0,2026-09-01T00:00:00Z,2026-09-17T23:59:59.999Z,1,0,-76,JT090826,Jam Tracks,179,expandableList,Size_1_x_1,,0,,1,track,sid_placeholder_445,Take On Me,,,,,,,2024-12-05T14:58:09Z
2026-09-08,v2:/ff69671cf0fa70cc0f2fd9a3f61ea194c772b865eb67f4c80f52bb2abb95827f,[VIRTUAL]1 x Fractal Llamacorn for 800 MtxCurrency,800,800,0,0.0,0,2026-09-04T00:00:00Z,2026-09-10T23:59:59.999Z,1,0,-1,FND090826,Spotlight Drops,191,tileGrid,Size_1_x_1,,0,,1,br,Pickaxe_DyeBlast,Fractal Llamacorn,pickaxe,rare,,Fractal Heroes,7,4,2026-09-03T15:24:18Z
2026-09-08,v2:/52514ba3f3d5a4deaf763fe6ce31e1cd02a327dcfb605b993bf03202c788ed96,"[VIRTUAL]1 x Red Knight, 1 x Red Shield for -1 MtxCurrency",2000,2000,0,0.0,0,2026-09-08T00:00:00Z,2026-09-14T23:59:59.999Z,1,0,-4,NS090826,No Sweat,187,tileGrid,Size_1_x_1,,0,,2,br,CID_034_Athena_Commando_F_Medieval,Red Knight,outfit,legendary,,Fort Knights,1,1,2019-11-20T12:50:29Z
2026-09-08,v2:/52514ba3f3d5a4deaf763fe6ce31e1cd02a327dcfb605b993bf03202c788ed96,"[VIRTUAL]1 x Red Knight, 1 x Red Shield for -1 MtxCurrency",2000,2000,0,0.0,0,2026-09-08T00:00:00Z,2026-09-14T23:59:59.999Z,1,0,-4,NS090826,No Sweat,187,tileGrid,Size_1_x_1,,0,,2,br,BID_003_RedKnight,Red Shield,backpack,legendary,,Fort Knights,1,3,2019-11-20T12:50:41Z
2026-09-08,v2:/31dda0c46c9b4ddfa34376ab677765597131c730a9bfe8734db471fec351d952,[VIRTUAL]1 x In Ha Mood for 500 MtxCurrency,500,500,0,0.0,0,2026-09-04T00:00:00Z,2026-09-11T23:59:59.999Z,1,0,-3,VV090826,Pop Off,197,tileGrid,Size_1_x_1,,0,,1,br,EID_BerryTart,In Ha Mood,emote,icon,Icon Series,Ice Spice,2,Remix,2024-11-13T10:14:32Z
2026-09-08,v2:/2bf9511fdd1f8ece1355cc76bbda9b3d3d7b7055c8a64607f1559f805a13878a,[VIRTUAL]1 x Brush Basher for 500 MtxCurrency,500,500,0,0.0,0,2026-09-08T00:00:00Z,2026-09-10T23:59:59.999Z,1,0,-4,BR090826,Full Flex,184,tileGrid,Size_1_x_1,,0,,1,br,Pickaxe_SplishSplash,Brush Basher,pickaxe,rare,,A Clean Shot,6,5,2025-08-07T09:33:19Z
2026-09-08,v2:/62bdc60e7b2b24e8e395f60cc57662baccc1ee2bdf1ddc3bdcfa41d172e592da,"[VIRTUAL]1 x Naruto Uzumaki, 1 x Scroll, 1 x Kakashi Hatake, 1 x Pakkun, 1 x Pizza Eating Jutsu for -1 MtxCurrency",3000,2100,900,0.3,1,2026-09-07T00:00:00Z,2026-09-10T23:59:59.999Z,1,0,-1,Naruto,Naruto,194,tileGrid,Size_2_x_1,Bundle includes loading screen!,1,NARUTO & KAKASHI BUNDLE,5,br,CID_A_261_Athena_Commando_M_Headband,Naruto Uzumaki,outfit,epic,,Naruto,2,8,2021-11-16T09:00:00Z
2026-09-08,v2:/62bdc60e7b2b24e8e395f60cc57662baccc1ee2bdf1ddc3bdcfa41d172e592da,"[VIRTUAL]1 x Naruto Uzumaki, 1 x Scroll, 1 x Kakashi Hatake, 1 x Pakkun, 1 x Pizza Eating Jutsu for -1 MtxCurrency",3000,2100,900,0.3,1,2026-09-07T00:00:00Z,2026-09-10T23:59:59.999Z,1,0,-1,Naruto,Naruto,194,tileGrid,Size_2_x_1,Bundle includes loading screen!,1,NARUTO & KAKASHI BUNDLE,5,br,BID_902_HeadbandMale,Scroll,backpack,epic,,Naruto,2,8,2021-11-16T09:00:00Z
2026-09-08,v2:/62bdc60e7b2b24e8e395f60cc57662baccc1ee2bdf1ddc3bdcfa41d172e592da,"[VIRTUAL]1 x Naruto Uzumaki, 1 x Scroll, 1 x Kakashi Hatake, 1 x Pakkun, 1 x Pizza Eating Jutsu for -1 MtxCurrency",3000,2100,900,0.3,1,2026-09-07T00:00:00Z,2026-09-10T23:59:59.999Z,1,0,-1,Naruto,Naruto,194,tileGrid,Size_2_x_1,Bundle includes loading screen!,1,NARUTO & KAKASHI BUNDLE,5,br,CID_A_262_Athena_Commando_M_HeadbandK,Kakashi Hatake,outfit,epic,,Naruto,2,8,2021-11-16T09:00:00Z
2026-09-08,v2:/62bdc60e7b2b24e8e395f60cc57662baccc1ee2bdf1ddc3bdcfa41d172e592da,"[VIRTUAL]1 x Naruto Uzumaki, 1 x Scroll, 1 x Kakashi Hatake, 1 x Pakkun, 1 x Pizza Eating Jutsu for -1 MtxCurrency",3000,2100,900,0.3,1,2026-09-07T00:00:00Z,2026-09-10T23:59:59.999Z,1,0,-1,Naruto,Naruto,194,tileGrid,Size_2_x_1,Bundle includes loading screen!,1,NARUTO & KAKASHI BUNDLE,5,br,BID_903_HeadbandKMale,Pakkun,backpack,epic,,Naruto,2,8,2021-11-16T09:00:00Z
2026-09-08,v2:/62bdc60e7b2b24e8e395f60cc57662baccc1ee2bdf1ddc3bdcfa41d172e592da,"[VIRTUAL]1 x Naruto Uzumaki, 1 x Scroll, 1 x Kakashi Hatake, 1 x Pakkun, 1 x Pizza Eating Jutsu for -1 MtxCurrency",3000,2100,900,0.3,1,2026-09-07T00:00:00Z,2026-09-10T23:59:59.999Z,1,0,-1,Naruto,Naruto,194,tileGrid,Size_2_x_1,Bundle includes loading screen!,1,NARUTO & KAKASHI BUNDLE,5,br,LSID_370_HeadbandPizza,Pizza Eating Jutsu,loadingscreen,uncommon,,Naruto,2,8,2021-11-16T09:00:00Z
2026-09-08,v2:/befdbc0238b2c53144a3bbdf3cbdb72cd562fe66b5cb87cdddb5baa9be9cb7af,[VIRTUAL]1 x Scroll for 400 MtxCurrency,400,400,0,0.0,0,2026-09-07T00:00:00Z,2026-09-10T23:59:59.999Z,1,0,-1,,,,,Size_2_x_1,,0,,1,br,BID_902_HeadbandMale,Scroll,backpack,epic,,Naruto,2,8,2021-11-16T09:00:00Z
2026-09-08,v2:/bb4ae9555c904515a71c07032eda0c4c54be5f1e7e5c48046f006945dbfbef52,[VIRTUAL]1 x TBD (SID_Placeholder_508) for 500 MtxCurrency,500,500,0,0.0,0,2026-09-01T00:00:00Z,2026-09-17T23:59:59.999Z,1,0,-82,JT090826,Jam Tracks,179,expandableList,Size_1_x_1,,0,,1,track,sid_placeholder_508,The Way I Are,,,,,,,2025-02-27T16:52:57Z
2026-09-08,v2:/e4bc2cc62b8c52ac4e22ba4130bae0ae6f6a506bd21657659f0c8951542ad587,[VIRTUAL]1 x Killing In The Name for 500 MtxCurrency,500,500,0,0.0,0,2026-09-01T00:00:00Z,2026-09-17T23:59:59.999Z,1,0,-94,JT090826,Jam Tracks,179,expandableList,Size_1_x_1,,0,,1,track,sid_placeholder_202,Killing In The Name,,,,,,,2024-04-30T14:34:03Z
2026-09-08,v2:/64bbdb9191105eae4d63ffed42541d7c886a284058ea6cd25097ff1f54afa6e4,[VIRTUAL]1 x Fruit Punchers for 800 MtxCurrency,800,800,0,0.0,0,2026-09-08T00:00:00Z,2026-09-10T23:59:59.999Z,1,0,-4,Loserfruit,Loserfruit,178,tileGrid,Size_1_x_1,<highlight_strong>Reactive:</> Fruit breaks away on impact!,0,,1,br,Pickaxe_ID_399_LoofahFemale1H,Fruit Punchers,pickaxe,icon,Icon Series,Loserfruit,2,3,2020-06-21T09:01:14Z
2026-09-08,v2:/8a9bc634929cd71b9025404ab32717f1f637e7d3e68a73efd7b1dac8ee3da1d9,[VIRTUAL]1 x Broccoli for 500 MtxCurrency,500,500,0,0.0,0,2026-09-01T00:00:00Z,2026-09-17T23:59:59.999Z,1,0,-77,JT090826,Jam Tracks,179,expandableList,Size_1_x_1,,0,,1,track,sid_placeholder_284,Broccoli,,,,,,,2024-08-29T13:33:26Z
2026-09-08,v2:/543f6d8594a100750cde15523d815259c5e93634e2872db2944928dd9d410740,[VIRTUAL]1 x Eternal Zero for 500 MtxCurrency,500,500,0,0.0,0,2026-09-06T00:00:00Z,2026-09-08T23:59:59.999Z,1,0,-4,Bewitching,Bewitching's Locker,176,tileGrid,Size_1_x_1,,0,,1,br,Wrap_111_ZeroPointCeiling,Eternal Zero,wrap,rare,,Zero Point,1,X,2019-11-20T12:48:23Z
2026-09-08,v2:/210216d5f7fb0ce6966f25b2b54aba246bc1e6dd564b3fcdb6efa281fd5fff16,[VIRTUAL]1 x TBD (SID_Placeholder_679) for 500 MtxCurrency,500,500,0,0.0,0,2026-09-04T00:00:00Z,2026-09-10T23:59:59.999Z,1,0,-1,JT090826,Jam Tracks,179,tileGrid,Size_1_x_1,,0,,1,track,sid_placeholder_679,In My Room,,,,,,,2025-10-09T08:44:55Z
2026-09-08,v2:/1bb49cd3c676b20826f94fa878fdd988ec1a7cb84a8c986c6eeb424e3f776bfa,"[VIRTUAL]1 x Batman Zero, 1 x Battle-Worn Cape for -1 MtxCurrency",1500,1500,0,0.0,0,2026-09-04T00:00:00Z,2026-09-08T23:59:59.999Z,1,0,-2,DeathstrokemanLaugh,DC,181,tileGrid,Size_1_x_1,,0,,2,br,CID_A_070_Athena_Commando_M_Cavern_3I6I1,Batman Zero,outfit,dc,DC SERIES,Batman: Zero Point,2,6,2021-04-29T09:03:59Z
2026-09-08,v2:/1bb49cd3c676b20826f94fa878fdd988ec1a7cb84a8c986c6eeb424e3f776bfa,"[VIRTUAL]1 x Batman Zero, 1 x Battle-Worn Cape for -1 MtxCurrency",1500,1500,0,0.0,0,2026-09-04T00:00:00Z,2026-09-08T23:59:59.999Z,1,0,-2,DeathstrokemanLaugh,DC,181,tileGrid,Size_1_x_1,,0,,2,br,BID_744_CavernMale_CF6JE,Battle-Worn Cape,backpack,dc,DC SERIES,Batman: Zero Point,2,6,2021-04-29T09:03:59Z
2026-09-08,v2:/b9036b748a33088639f65c688a2631c7db2a568a1ee6203560ddc287005979ee,"[VIRTUAL]1 x Deathstroke Zero, 1 x Deathstroke's Katanas, 1 x Deathstroke's Katanas for -1 MtxCurrency",1800,1800,0,0.0,0,2026-09-04T00:00:00Z,2026-09-08T23:59:59.999Z,1,0,-3,DeathstrokemanLaugh,DC,181,tileGrid,Size_1_x_1,Unsheathe the included Pickaxe from the Deathstroke's Katanas Back Bling when both are equipped!,0,,3,br,CID_A_103_Athena_Commando_M_Grim_VM52M,Deathstroke Zero,outfit,dc,DC SERIES,Batman: Zero Point,2,6,2021-05-25T17:38:34Z
2026-09-08,v2:/b9036b748a33088639f65c688a2631c7db2a568a1ee6203560ddc287005979ee,"[VIRTUAL]1 x Deathstroke Zero, 1 x Deathstroke's Katanas, 1 x Deathstroke's Katanas for -1 MtxCurrency",1800,1800,0,0.0,0,2026-09-04T00:00:00Z,2026-09-08T23:59:59.999Z,1,0,-3,DeathstrokemanLaugh,DC,181,tileGrid,Size_1_x_1,Unsheathe the included Pickaxe from the Deathstroke's Katanas Back Bling when both are equipped!,0,,3,br,BID_768_Grim_QR2Q2,Deathstroke's Katanas,backpack,dc,DC SERIES,Batman: Zero Point,2,6,2021-05-25T17:38:34Z
2026-09-08,v2:/b9036b748a33088639f65c688a2631c7db2a568a1ee6203560ddc287005979ee,"[VIRTUAL]1 x Deathstroke Zero, 1 x Deathstroke's Katanas, 1 x Deathstroke's Katanas for -1 MtxCurrency",1800,1800,0,0.0,0,2026-09-04T00:00:00Z,2026-09-08T23:59:59.999Z,1,0,-3,DeathstrokemanLaugh,DC,181,tileGrid,Size_1_x_1,Unsheathe the included Pickaxe from the Deathstroke's Katanas Back Bling when both are equipped!,0,,3,br,Pickaxe_ID_605_GrimMale_8GT61,Deathstroke's Katanas,pickaxe,dc,DC SERIES,Batman: Zero Point,2,6,2021-05-25T17:38:34Z
2026-09-08,v2:/bc57d80b3ee7ec352cd03ec028b10be13932530b8e00b32b50e5a56283cf8420,[VIRTUAL]1 x Everybody (Backstreet's Back) for 500 MtxCurrency,500,500,0,0.0,0,2026-09-01T00:00:00Z,2026-09-17T23:59:59.999Z,1,0,-90,JT090826,Jam Tracks,179,expandableList,Size_1_x_1,,0,,1,track,sid_placeholder_432,Everybody (Backstreet's Back),,,,,,,2024-11-27T14:32:37Z
2026-09-08,v2:/50944404e7671e0c6221e9729208ce331e7c8afe7ee0b038a0c03eab734c6e64,[VIRTUAL]1 x Robin's Perch for 400 MtxCurrency,400,400,0,0.0,0,2026-09-04T00:00:00Z,2026-09-08T23:59:59.999Z,1,0,-1,,,,,Size_1_x_1,,0,,1,br,BID_872_Giggle_LN5LR,Robin's Perch,backpack,dc,DC SERIES,Dark Multiverse,2,8,2021-10-22T16:37:22Z
2026-09-08,v2:/fcbe1854a1ed75369782eff8eb381b7ccc072e2cb00049eaa4cc26a168359e7d,[VIRTUAL]1 x Bathany for 800 MtxCurrency,800,800,0,0.0,0,2026-09-08T00:00:00Z,2026-09-10T23:59:59.999Z,1,0,-2,BR090826,Full Flex,184,tileGrid,Size_1_x_1,,0,,1,br,Character_SplishSplash,Bathany,outfit,epic,,A Clean Shot,6,5,2025-08-07T09:33:19Z
2026-09-08,v2:/34a897fa48e9a588d4a493219ed4c241736226792dff222e97b0fc2ecd17219e,[VIRTUAL]1 x Kong's Battle Axe for 800 MtxCurrency,800,800,0,0.0,0,2026-09-05T00:00:00Z,2026-09-09T23:59:59.999Z,1,0,-3,GodzillaxKong,Mechagodzilla & Kong,185,tileGrid,Size_1_x_1,,0,,1,br,Pickaxe_AvocadoSeal,Kong's Battle Axe,pickaxe,rare,,Monarch's Titans,6,1,2025-01-15T14:05:32Z
2026-09-08,v2:/eb067abe5d21078d21b70c067abf4445650fda68ef93f504f9a59ce06f107aec,[VIRTUAL]1 x Just Dance for 500 MtxCurrency,500,500,0,0.0,0,2026-09-01T00:00:00Z,2026-09-17T23:59:59.999Z,1,0,-54,JT090826,Jam Tracks,179,expandableList,Size_1_x_1,,0,,1,track,sid_placeholder_80,Just Dance,,,,,,,2024-02-22T09:00:00Z
2026-09-08,v2:/add8fcaedfcf350cbf7f08c0f3c5b2a05adf4a8c6377362eeed9e68ea6e09f57,[VIRTUAL]1 x The Diary Of Jane for 500 MtxCurrency,500,500,0,0.0,0,2026-09-01T00:00:00Z,2026-09-17T23:59:59.999Z,1,0,-49,JT090826,Jam Tracks,179,expandableList,Size_1_x_1,,0,,1,track,sid_placeholder_451,The Diary Of Jane,,,,,,,2024-12-19T21:10:30Z
2026-09-08,v2:/59b1d5e607c1193ae15d1c11d559e9d2833555c902c81a038aac462ddeb4a4a3,[VIRTUAL]1 x Spyro the Dragon for 1500 MtxCurrency,1500,1500,0,0.0,0,2026-08-29T00:00:00Z,2026-09-11T23:59:59.999Z,1,0,-3,CrashSpyro1,Crash Bandicoot & Spyro the Dragon,186,tileGrid,Size_2_x_1,Complete Quests to Unlock 4 Styles!,0,,1,br,Companion_SandyInland,Spyro the Dragon,sidekick,gaminglegends,Gaming Legends Series,Spyro,7,4,2026-08-27T13:00:15Z
2026-09-08,v2:/a5770ce343164772ed968cfb732b354bce2c9f16a438d1a1cc58eda1f85d7347,[VIRTUAL]1 x Black Hole Sun for 500 MtxCurrency,500,500,0,0.0,0,2026-09-01T00:00:00Z,2026-09-17T23:59:59.999Z,1,0,-10,JT090826,Jam Tracks,179,expandableList,Size_1_x_1,,0,,1,track,sid_placeholder_100,Black Hole Sun,,,,,,,2024-02-22T10:58:10Z
2026-09-08,v2:/4b964f7fe8ae2a72a9b5b3854cffddb7dc40afa7f5f29b9e9af695e1d53e4c92,[VIRTUAL]1 x Red Shield for 300 MtxCurrency,300,300,0,0.0,0,2026-09-08T00:00:00Z,2026-09-14T23:59:59.999Z,1,0,-4,,,,,Size_1_x_1,,0,,1,br,BID_003_RedKnight,Red Shield,backpack,legendary,,Fort Knights,1,3,2019-11-20T12:50:41Z
2026-09-08,v2:/b6301a8c7f2d3ed3409e4719f85c1cdb2893f7ea603047dfc88fa002c97f0931,[VIRTUAL]1 x Wavepiercer for 300 MtxCurrency,300,300,0,0.0,0,2026-09-04T00:00:00Z,2026-09-10T23:59:59.999Z,1,0,-3,,,,,Size_1_x_1,,0,,1,br,BID_418_BulletBlueMale,Wavepiercer,backpack,rare,,Open Water,2,1,2019-11-20T12:51:15Z
2026-09-08,v2:/52439d37f6de5d75a0766f26905120517c63eea31d9ac08f1fc2661e920724ab,[VIRTUAL]1 x Perlica for 1500 MtxCurrency,1500,1500,0,0.0,0,2026-09-05T00:00:00Z,2026-09-08T23:59:59.999Z,1,0,-1,SuperWarArk,Gaming Legends,182,tileGrid,Size_2_x_1,,0,,1,br,Character_GraphShook,Perlica,outfit,gaminglegends,Gaming Legends Series,Arknights: Endfield,7,3,2026-08-15T00:00:00Z
2026-09-08,v2:/4acb63f6df5d8cf7ef9a1de9934936dc635ac63ef40b3e414702c9a9e2f99681,[VIRTUAL]1 x Fractured SHADOW Pack for 400 MtxCurrency,400,400,0,0.0,0,2026-09-06T00:00:00Z,2026-09-12T23:59:59.999Z,1,0,-3,FND090826,Spotlight Drops,191,tileGrid,Size_1_x_1,,0,,1,br,Backpack_GlintRush,Fractured SHADOW Pack,backpack,rare,,Fractal Heroes,7,4,2026-09-03T15:24:18Z
2026-09-08,v2:/43e51301ff2b8b7492608cf8342d68564e115be76095c9f58d381bf9dafec5ce,[VIRTUAL]1 x TBD (SID_Placeholder_860) for 500 MtxCurrency,500,500,0,0.0,0,2026-09-05T00:00:00Z,2026-09-08T23:59:59.999Z,1,0,-3,SuperWarArk,Gaming Legends,182,tileGrid,Size_1_x_1,,0,,1,track,sid_placeholder_860,PARTY OF YOUR LIFETIME,,,,,,,2026-07-11T22:31:44Z
2026-09-08,v2:/36c8b394b58d03b5988a566d2706a68df090069919cf465667ee3a609b40285b,[VIRTUAL]1 x The Spins for 500 MtxCurrency,500,500,0,0.0,0,2026-09-01T00:00:00Z,2026-09-17T23:59:59.999Z,1,0,-73,JT090826,Jam Tracks,179,expandableList,Size_1_x_1,,0,,1,track,sid_placeholder_334,The Spins,,,,,,,2024-10-24T14:53:04Z
2026-09-08,v2:/e24f462d78aa3ec1d0d0d7d8b8168f10ec7e127a74f155f2bad832f66bd18c35,[VIRTUAL]1 x Starships for 500 MtxCurrency,500,500,0,0.0,0,2026-09-01T00:00:00Z,2026-09-17T23:59:59.999Z,1,0,-65,JT090826,Jam Tracks,179,expandableList,Size_1_x_1,,0,,1,track,sid_placeholder_53,Starships,,,,,,,2024-05-07T14:47:23Z
2026-09-08,v2:/c09ede36a317fd74aadea6542cf04ffa9042dfe57d6b42c2de1278cdf4d3aa07,"[VIRTUAL]1 x Kurama, 1 x Shinobi Teamwork for 1200 MtxCurrency",1200,1200,0,0.0,0,2026-09-07T00:00:00Z,2026-09-10T23:59:59.999Z,1,0,-3,Naruto,Naruto,194,tileGrid,Size_1_x_1,,0,,2,br,Glider_ID_326_HeadbandMale,Kurama,glider,epic,,Naruto,2,8,2021-11-16T09:00:00Z
2026-09-08,v2:/c09ede36a317fd74aadea6542cf04ffa9042dfe57d6b42c2de1278cdf4d3aa07,"[VIRTUAL]1 x Kurama, 1 x Shinobi Teamwork for 1200 MtxCurrency",1200,1200,0,0.0,0,2026-09-07T00:00:00Z,2026-09-10T23:59:59.999Z,1,0,-3,Naruto,Naruto,194,tileGrid,Size_1_x_1,,0,,2,br,LSID_371_Headband_BB,Shinobi Teamwork,loadingscreen,uncommon,,Naruto,2,8,2021-11-16T09:00:00Z
2026-09-08,v2:/71d7e7d1646c847e4c95b5c2211d93b52235527ac4ddb846acbdb53fc56545bc,[VIRTUAL]1 x Nike Dunk Low 'Panda' for 1000 MtxCurrency,1000,1000,0,0.0,0,2026-09-07T00:00:00Z,2026-09-13T23:59:59.999Z,1,0,-1,BR090826,Full Flex,184,tileGrid,Size_1_x_1,,0,,1,br,Shoes_LumenDrakePat,Nike Dunk Low 'Panda',shoe,uncommon,,NIKE Shoes,7,1,2026-01-10T00:00:00Z
2026-09-08,v2:/3664573ffeda697e2b6fed8bd34202399bd463d9c80764db5b15072165e2a123,"[VIRTUAL]1 x Dave the Diver, 1 x Dave's Oxygen Tank for -1 MtxCurrency",1500,1500,0,0.0,0,2026-09-05T00:00:00Z,2026-09-08T23:59:59.999Z,1,0,-2,SuperWarArk,Gaming Legends,182,tileGrid,Size_2_x_1,,0,,2,br,Character_ValueEnjoy,Dave the Diver,outfit,gaminglegends,Gaming Legends Series,Dave the Diver,7,3,2026-06-26T00:00:00Z
2026-09-08,v2:/3664573ffeda697e2b6fed8bd34202399bd463d9c80764db5b15072165e2a123,"[VIRTUAL]1 x Dave the Diver, 1 x Dave's Oxygen Tank for -1 MtxCurrency",1500,1500,0,0.0,0,2026-09-05T00:00:00Z,2026-09-08T23:59:59.999Z,1,0,-2,SuperWarArk,Gaming Legends,182,tileGrid,Size_2_x_1,,0,,2,br,Backpack_ValueEnjoy,Dave's Oxygen Tank,backpack,gaminglegends,Gaming Legends Series,Dave the Diver,7,3,2026-06-26T00:00:00Z
2026-09-08,v2:/df855581fad0b683da2f8582ad39a767e38a69e02caa814ec6a3a1703e7bc452,"[VIRTUAL]1 x Kong, 1 x B.E.A.S.T. Armorplate for -1 MtxCurrency",1500,1500,0,0.0,0,2026-09-05T00:00:00Z,2026-09-09T23:59:59.999Z,1,0,-2,GodzillaxKong,Mechagodzilla & Kong,185,tileGrid,Size_1_x_1,,0,,2,br,Character_AvocadoSeal,Kong,outfit,epic,,Monarch's Titans,6,1,2025-01-15T14:05:32Z
2026-09-08,v2:/df855581fad0b683da2f8582ad39a767e38a69e02caa814ec6a3a1703e7bc452,"[VIRTUAL]1 x Kong, 1 x B.E.A.S.T. Armorplate for -1 MtxCurrency",1500,1500,0,0.0,0,2026-09-05T00:00:00Z,2026-09-09T23:59:59.999Z,1,0,-2,GodzillaxKong,Mechagodzilla & Kong,185,tileGrid,Size_1_x_1,,0,,2,br,Backpack_AvocadoSeal,B.E.A.S.T. Armorplate,backpack,rare,,Monarch's Titans,6,1,2025-01-15T14:05:32Z
2026-09-08,v2:/2082a4695aa0ef426592f000aebb716223860e517c9e22f7d9bc6439fac93d4f,"[VIRTUAL]1 x Scorpion (MK3), 1 x Kitana (MK3), 1 x Raiden (MK3), 1 x Raiden's Staff, 1 x Raiden's Amulet, 1 x Scorpion's Flaming Skull, 1 x Scorpion's Twin Katana, 1 x Kitana's Steel Fans, 1 x Kitana's Fan-Bearer, 1 x Kitana's Fan-Nado, 1 x FLAWLESS VICTORY, 1 x Toasty!, 1 x Test Your Might, 1 x Conducting Rod Brand, 1 x Raiden's Victory for -1 MtxCurrency",9100,3600,5500,0.6044,1,2026-09-06T00:00:00Z,2026-09-12T23:59:59.999Z,1,0,-1,MortalKombat1,Mortal Kombat,192,tileGrid,Size_3_x_1,,1,Klassic Kombat Bundle,15,br,Character_SoapPocket,Scorpion (MK3),outfit,gaminglegends,Gaming Legends Series,Klassic Kombat,6,2,2025-03-27T15:08:18Z
2026-09-08,v2:/2082a4695aa0ef426592f000aebb716223860e517c9e22f7d9bc6439fac93d4f,"[VIRTUAL]1 x Scorpion (MK3), 1 x Kitana (MK3), 1 x Raiden (MK3), 1 x Raiden's Staff, 1 x Raiden's Amulet, 1 x Scorpion's Flaming Skull, 1 x Scorpion's Twin Katana, 1 x Kitana's Steel Fans, 1 x Kitana's Fan-Bearer, 1 x Kitana's Fan-Nado, 1 x FLAWLESS VICTORY, 1 x Toasty!, 1 x Test Your Might, 1 x Conducting Rod Brand, 1 x Raiden's Victory for -1 MtxCurrency",9100,3600,5500,0.6044,1,2026-09-06T00:00:00Z,2026-09-12T23:59:59.999Z,1,0,-1,MortalKombat1,Mortal Kombat,192,tileGrid,Size_3_x_1,,1,Klassic Kombat Bundle,15,br,Character_GarlicWhisk,Kitana (MK3),outfit,gaminglegends,Gaming Legends Series,Klassic Kombat,6,2,2025-03-27T15:08:18Z
2026-09-08,v2:/2082a4695aa0ef426592f000aebb716223860e517c9e22f7d9bc6439fac93d4f,"[VIRTUAL]1 x Scorpion (MK3), 1 x Kitana (MK3), 1 x Raiden (MK3), 1 x Raiden's Staff, 1 x Raiden's Amulet, 1 x Scorpion's Flaming Skull, 1 x Scorpion's Twin Katana, 1 x Kitana's Steel Fans, 1 x Kitana's Fan-Bearer, 1 x Kitana's Fan-Nado, 1 x FLAWLESS VICTORY, 1 x Toasty!, 1 x Test Your Might, 1 x Conducting Rod Brand, 1 x Raiden's Victory for -1 MtxCurrency",9100,3600,5500,0.6044,1,2026-09-06T00:00:00Z,2026-09-12T23:59:59.999Z,1,0,-1,MortalKombat1,Mortal Kombat,192,tileGrid,Size_3_x_1,,1,Klassic Kombat Bundle,15,br,Character_TotalFlock,Raiden (MK3),outfit,gaminglegends,Gaming Legends Series,Klassic Kombat,6,2,2025-03-27T15:08:18Z
2026-09-08,v2:/2082a4695aa0ef426592f000aebb716223860e517c9e22f7d9bc6439fac93d4f,"[VIRTUAL]1 x Scorpion (MK3), 1 x Kitana (MK3), 1 x Raiden (MK3), 1 x Raiden's Staff, 1 x Raiden's Amulet, 1 x Scorpion's Flaming Skull, 1 x Scorpion's Twin Katana, 1 x Kitana's Steel Fans, 1 x Kitana's Fan-Bearer, 1 x Kitana's Fan-Nado, 1 x FLAWLESS VICTORY, 1 x Toasty!, 1 x Test Your Might, 1 x Conducting Rod Brand, 1 x Raiden's Victory for -1 MtxCurrency",9100,3600,5500,0.6044,1,2026-09-06T00:00:00Z,2026-09-12T23:59:59.999Z,1,0,-1,MortalKombat1,Mortal Kombat,192,tileGrid,Size_3_x_1,,1,Klassic Kombat Bundle,15,br,Pickaxe_TotalFlock,Raiden's Staff,pickaxe,gaminglegends,Gaming Legends Series,Klassic Kombat,6,2,2025-03-27T15:08:18Z
2026-09-08,v2:/2082a4695aa0ef426592f000aebb716223860e517c9e22f7d9bc6439fac93d4f,"[VIRTUAL]1 x Scorpion (MK3), 1 x Kitana (MK3), 1 x Raiden (MK3), 1 x Raiden's Staff, 1 x Raiden's Amulet, 1 x Scorpion's Flaming Skull, 1 x Scorpion's Twin Katana, 1 x Kitana's Steel Fans, 1 x Kitana's Fan-Bearer, 1 x Kitana's Fan-Nado, 1 x FLAWLESS VICTORY, 1 x Toasty!, 1 x Test Your Might, 1 x Conducting Rod Brand, 1 x Raiden's Victory for -1 MtxCurrency",9100,3600,5500,0.6044,1,2026-09-06T00:00:00Z,2026-09-12T23:59:59.999Z,1,0,-1,MortalKombat1,Mortal Kombat,192,tileGrid,Size_3_x_1,,1,Klassic Kombat Bundle,15,br,Backpack_TotalFlock,Raiden's Amulet,backpack,gaminglegends,Gaming Legends Series,Klassic Kombat,6,2,2025-03-27T15:08:18Z
2026-09-08,v2:/2082a4695aa0ef426592f000aebb716223860e517c9e22f7d9bc6439fac93d4f,"[VIRTUAL]1 x Scorpion (MK3), 1 x Kitana (MK3), 1 x Raiden (MK3), 1 x Raiden's Staff, 1 x Raiden's Amulet, 1 x Scorpion's Flaming Skull, 1 x Scorpion's Twin Katana, 1 x Kitana's Steel Fans, 1 x Kitana's Fan-Bearer, 1 x Kitana's Fan-Nado, 1 x FLAWLESS VICTORY, 1 x Toasty!, 1 x Test Your Might, 1 x Conducting Rod Brand, 1 x Raiden's Victory for -1 MtxCurrency",9100,3600,5500,0.6044,1,2026-09-06T00:00:00Z,2026-09-12T23:59:59.999Z,1,0,-1,MortalKombat1,Mortal Kombat,192,tileGrid,Size_3_x_1,,1,Klassic Kombat Bundle,15,br,Backpack_SoapPocket,Scorpion's Flaming Skull,backpack,gaminglegends,Gaming Legends Series,Klassic Kombat,6,2,2025-03-27T15:08:18Z
2026-09-08,v2:/2082a4695aa0ef426592f000aebb716223860e517c9e22f7d9bc6439fac93d4f,"[VIRTUAL]1 x Scorpion (MK3), 1 x Kitana (MK3), 1 x Raiden (MK3), 1 x Raiden's Staff, 1 x Raiden's Amulet, 1 x Scorpion's Flaming Skull, 1 x Scorpion's Twin Katana, 1 x Kitana's Steel Fans, 1 x Kitana's Fan-Bearer, 1 x Kitana's Fan-Nado, 1 x FLAWLESS VICTORY, 1 x Toasty!, 1 x Test Your Might, 1 x Conducting Rod Brand, 1 x Raiden's Victory for -1 MtxCurrency",9100,3600,5500,0.6044,1,2026-09-06T00:00:00Z,2026-09-12T23:59:59.999Z,1,0,-1,MortalKombat1,Mortal Kombat,192,tileGrid,Size_3_x_1,,1,Klassic Kombat Bundle,15,br,Pickaxe_SoapPocket,Scorpion's Twin Katana,pickaxe,gaminglegends,Gaming Legends Series,Klassic Kombat,6,2,2025-03-27T15:08:18Z
2026-09-08,v2:/2082a4695aa0ef426592f000aebb716223860e517c9e22f7d9bc6439fac93d4f,"[VIRTUAL]1 x Scorpion (MK3), 1 x Kitana (MK3), 1 x Raiden (MK3), 1 x Raiden's Staff, 1 x Raiden's Amulet, 1 x Scorpion's Flaming Skull, 1 x Scorpion's Twin Katana, 1 x Kitana's Steel Fans, 1 x Kitana's Fan-Bearer, 1 x Kitana's Fan-Nado, 1 x FLAWLESS VICTORY, 1 x Toasty!, 1 x Test Your Might, 1 x Conducting Rod Brand, 1 x Raiden's Victory for -1 MtxCurrency",9100,3600,5500,0.6044,1,2026-09-06T00:00:00Z,2026-09-12T23:59:59.999Z,1,0,-1,MortalKombat1,Mortal Kombat,192,tileGrid,Size_3_x_1,,1,Klassic Kombat Bundle,15,br,Pickaxe_GarlicWhisk,Kitana's Steel Fans,pickaxe,gaminglegends,Gaming Legends Series,Klassic Kombat,6,2,2025-03-27T15:08:18Z
2026-09-08,v2:/2082a4695aa0ef426592f000aebb716223860e517c9e22f7d9bc6439fac93d4f,"[VIRTUAL]1 x Scorpion (MK3), 1 x Kitana (MK3), 1 x Raiden (MK3), 1 x Raiden's Staff, 1 x Raiden's Amulet, 1 x Scorpion's Flaming Skull, 1 x Scorpion's Twin Katana, 1 x Kitana's Steel Fans, 1 x Kitana's Fan-Bearer, 1 x Kitana's Fan-Nado, 1 x FLAWLESS VICTORY, 1 x Toasty!, 1 x Test Your Might, 1 x Conducting Rod Brand, 1 x Raiden's Victory for -1 MtxCurrency",9100,3600,5500,0.6044,1,2026-09-06T00:00:00Z,2026-09-12T23:59:59.999Z,1,0,-1,MortalKombat1,Mortal Kombat,192,tileGrid,Size_3_x_1,,1,Klassic Kombat Bundle,15,br,Backpack_GarlicWhisk,Kitana's Fan-Bearer,backpack,gaminglegends,Gaming Legends Series,Klassic Kombat,6,2,2025-03-27T15:08:18Z
2026-09-08,v2:/2082a4695aa0ef426592f000aebb716223860e517c9e22f7d9bc6439fac93d4f,"[VIRTUAL]1 x Scorpion (MK3), 1 x Kitana (MK3), 1 x Raiden (MK3), 1 x Raiden's Staff, 1 x Raiden's Amulet, 1 x Scorpion's Flaming Skull, 1 x Scorpion's Twin Katana, 1 x Kitana's Steel Fans, 1 x Kitana's Fan-Bearer, 1 x Kitana's Fan-Nado, 1 x FLAWLESS VICTORY, 1 x Toasty!, 1 x Test Your Might, 1 x Conducting Rod Brand, 1 x Raiden's Victory for -1 MtxCurrency",9100,3600,5500,0.6044,1,2026-09-06T00:00:00Z,2026-09-12T23:59:59.999Z,1,0,-1,MortalKombat1,Mortal Kombat,192,tileGrid,Size_3_x_1,,1,Klassic Kombat Bundle,15,br,EID_GarlicWhisk,Kitana's Fan-Nado,emote,gaminglegends,Gaming Legends Series,Klassic Kombat,6,2,2025-03-27T15:08:18Z
2026-09-08,v2:/2082a4695aa0ef426592f000aebb716223860e517c9e22f7d9bc6439fac93d4f,"[VIRTUAL]1 x Scorpion (MK3), 1 x Kitana (MK3), 1 x Raiden (MK3), 1 x Raiden's Staff, 1 x Raiden's Amulet, 1 x Scorpion's Flaming Skull, 1 x Scorpion's Twin Katana, 1 x Kitana's Steel Fans, 1 x Kitana's Fan-Bearer, 1 x Kitana's Fan-Nado, 1 x FLAWLESS VICTORY, 1 x Toasty!, 1 x Test Your Might, 1 x Conducting Rod Brand, 1 x Raiden's Victory for -1 MtxCurrency",9100,3600,5500,0.6044,1,2026-09-06T00:00:00Z,2026-09-12T23:59:59.999Z,1,0,-1,MortalKombat1,Mortal Kombat,192,tileGrid,Size_3_x_1,,1,Klassic Kombat Bundle,15,br,EID_GarlicWhisk_Clobber,FLAWLESS VICTORY,emote,gaminglegends,Gaming Legends Series,Klassic Kombat,6,2,2025-03-27T15:08:18Z
2026-09-08,v2:/2082a4695aa0ef426592f000aebb716223860e517c9e22f7d9bc6439fac93d4f,"[VIRTUAL]1 x Scorpion (MK3), 1 x Kitana (MK3), 1 x Raiden (MK3), 1 x Raiden's Staff, 1 x Raiden's Amulet, 1 x Scorpion's Flaming Skull, 1 x Scorpion's Twin Katana, 1 x Kitana's Steel Fans, 1 x Kitana's Fan-Bearer, 1 x Kitana's Fan-Nado, 1 x FLAWLESS VICTORY, 1 x Toasty!, 1 x Test Your Might, 1 x Conducting Rod Brand, 1 x Raiden's Victory for -1 MtxCurrency",9100,3600,5500,0.6044,1,2026-09-06T00:00:00Z,2026-09-12T23:59:59.999Z,1,0,-1,MortalKombat1,Mortal Kombat,192,tileGrid,Size_3_x_1,,1,Klassic Kombat Bundle,15,br,EID_SoapPocket,Toasty!,emote,gaminglegends,Gaming Legends Series,Klassic Kombat,6,2,2025-03-27T15:08:18Z
2026-09-08,v2:/2082a4695aa0ef426592f000aebb716223860e517c9e22f7d9bc6439fac93d4f,"[VIRTUAL]1 x Scorpion (MK3), 1 x Kitana (MK3), 1 x Raiden (MK3), 1 x Raiden's Staff, 1 x Raiden's Amulet, 1 x Scorpion's Flaming Skull, 1 x Scorpion's Twin Katana, 1 x Kitana's Steel Fans, 1 x Kitana's Fan-Bearer, 1 x Kitana's Fan-Nado, 1 x FLAWLESS VICTORY, 1 x Toasty!, 1 x Test Your Might, 1 x Conducting Rod Brand, 1 x Raiden's Victory for -1 MtxCurrency",9100,3600,5500,0.6044,1,2026-09-06T00:00:00Z,2026-09-12T23:59:59.999Z,1,0,-1,MortalKombat1,Mortal Kombat,192,tileGrid,Size_3_x_1,,1,Klassic Kombat Bundle,15,br,EID_SoapPocket_Punch,Test Your Might,emote,gaminglegends,Gaming Legends Series,Klassic Kombat,6,2,2025-03-27T15:08:18Z
2026-09-08,v2:/2082a4695aa0ef426592f000aebb716223860e517c9e22f7d9bc6439fac93d4f,"[VIRTUAL]1 x Scorpion (MK3), 1 x Kitana (MK3), 1 x Raiden (MK3), 1 x Raiden's Staff, 1 x Raiden's Amulet, 1 x Scorpion's Flaming Skull, 1 x Scorpion's Twin Katana, 1 x Kitana's Steel Fans, 1 x Kitana's Fan-Bearer, 1 x Kitana's Fan-Nado, 1 x FLAWLESS VICTORY, 1 x Toasty!, 1 x Test Your Might, 1 x Conducting Rod Brand, 1 x Raiden's Victory for -1 MtxCurrency",9100,3600,5500,0.6044,1,2026-09-06T00:00:00Z,2026-09-12T23:59:59.999Z,1,0,-1,MortalKombat1,Mortal Kombat,192,tileGrid,Size_3_x_1,,1,Klassic Kombat Bundle,15,br,EID_TotalFlock,Conducting Rod Brand,emote,gaminglegends,Gaming Legends Series,Klassic Kombat,6,2,2025-03-27T15:08:18Z
2026-09-08,v2:/2082a4695aa0ef426592f000aebb716223860e517c9e22f7d9bc6439fac93d4f,"[VIRTUAL]1 x Scorpion (MK3), 1 x Kitana (MK3), 1 x Raiden (MK3), 1 x Raiden's Staff, 1 x Raiden's Amulet, 1 x Scorpion's Flaming Skull, 1 x Scorpion's Twin Katana, 1 x Kitana's Steel Fans, 1 x Kitana's Fan-Bearer, 1 x Kitana's Fan-Nado, 1 x FLAWLESS VICTORY, 1 x Toasty!, 1 x Test Your Might, 1 x Conducting Rod Brand, 1 x Raiden's Victory for -1 MtxCurrency",9100,3600,5500,0.6044,1,2026-09-06T00:00:00Z,2026-09-12T23:59:59.999Z,1,0,-1,MortalKombat1,Mortal Kombat,192,tileGrid,Size_3_x_1,,1,Klassic Kombat Bundle,15,br,EID_TotalFlock_Slash,Raiden's Victory,emote,gaminglegends,Gaming Legends Series,Klassic Kombat,6,2,2025-03-27T15:08:18Z
2026-09-08,v2:/6e91138e44ee293bec2754992ba2f6dff5cdfe5a1683426396cde2a8bdf3536e,"[VIRTUAL]1 x Wendell, 1 x Nut Hutch for -1 MtxCurrency",1200,1200,0,0.0,0,2026-09-06T00:00:00Z,2026-09-12T23:59:59.999Z,1,0,-3,FND090826,Spotlight Drops,191,tileGrid,Size_1_x_1,Includes built-in emote!,0,,2,br,Character_SirWolf,Wendell,outfit,rare,,Wendell & Walnut,4,2,2023-04-11T10:06:45Z
2026-09-08,v2:/6e91138e44ee293bec2754992ba2f6dff5cdfe5a1683426396cde2a8bdf3536e,"[VIRTUAL]1 x Wendell, 1 x Nut Hutch for -1 MtxCurrency",1200,1200,0,0.0,0,2026-09-06T00:00:00Z,2026-09-12T23:59:59.999Z,1,0,-3,FND090826,Spotlight Drops,191,tileGrid,Size_1_x_1,Includes built-in emote!,0,,2,br,Backpack_SirWolf,Nut Hutch,backpack,rare,,Wendell & Walnut,4,2,2023-04-11T10:06:45Z
2026-09-08,v2:/12ed081fc63c6f53a140babe78463ff5b6bc399b3e02e8b15b9fb1166c95d8c1,"[VIRTUAL]1 x Batman Zero, 1 x Battle-Worn Cape, 1 x Grappling Axe, 1 x Batman Zero Wing, 1 x Batman From Zero for -1 MtxCurrency",3500,2100,1400,0.4,1,2026-09-04T00:00:00Z,2026-09-08T23:59:59.999Z,1,0,-1,DeathstrokemanLaugh,DC,181,tileGrid,Size_1_x_1,Loading Screen Included!,1,Batman Zero Bundle,5,br,CID_A_070_Athena_Commando_M_Cavern_3I6I1,Batman Zero,outfit,dc,DC SERIES,Batman: Zero Point,2,6,2021-04-29T09:03:59Z
2026-09-08,v2:/12ed081fc63c6f53a140babe78463ff5b6bc399b3e02e8b15b9fb1166c95d8c1,"[VIRTUAL]1 x Batman Zero, 1 x Battle-Worn Cape, 1 x Grappling Axe, 1 x Batman Zero Wing, 1 x Batman From Zero for -1 MtxCurrency",3500,2100,1400,0.4,1,2026-09-04T00:00:00Z,2026-09-08T23:59:59.999Z,1,0,-1,DeathstrokemanLaugh,DC,181,tileGrid,Size_1_x_1,Loading Screen Included!,1,Batman Zero Bundle,5,br,BID_744_CavernMale_CF6JE,Battle-Worn Cape,backpack,dc,DC SERIES,Batman: Zero Point,2,6,2021-04-29T09:03:59Z
2026-09-08,v2:/12ed081fc63c6f53a140babe78463ff5b6bc399b3e02e8b15b9fb1166c95d8c1,"[VIRTUAL]1 x Batman Zero, 1 x Battle-Worn Cape, 1 x Grappling Axe, 1 x Batman Zero Wing, 1 x Batman From Zero for -1 MtxCurrency",3500,2100,1400,0.4,1,2026-09-04T00:00:00Z,2026-09-08T23:59:59.999Z,1,0,-1,DeathstrokemanLaugh,DC,181,tileGrid,Size_1_x_1,Loading Screen Included!,1,Batman Zero Bundle,5,br,Pickaxe_ID_589_CavernMale_9U0A8,Grappling Axe,pickaxe,dc,DC SERIES,Batman: Zero Point,2,6,2021-04-29T09:03:59Z
2026-09-08,v2:/12ed081fc63c6f53a140babe78463ff5b6bc399b3e02e8b15b9fb1166c95d8c1,"[VIRTUAL]1 x Batman Zero, 1 x Battle-Worn Cape, 1 x Grappling Axe, 1 x Batman Zero Wing, 1 x Batman From Zero for -1 MtxCurrency",3500,2100,1400,0.4,1,2026-09-04T00:00:00Z,2026-09-08T23:59:59.999Z,1,0,-1,DeathstrokemanLaugh,DC,181,tileGrid,Size_1_x_1,Loading Screen Included!,1,Batman Zero Bundle,5,br,Glider_ID_289_CavernMale_5I9RD,Batman Zero Wing,glider,dc,DC SERIES,Batman: Zero Point,2,6,2021-04-27T08:24:16Z
2026-09-08,v2:/12ed081fc63c6f53a140babe78463ff5b6bc399b3e02e8b15b9fb1166c95d8c1,"[VIRTUAL]1 x Batman Zero, 1 x Battle-Worn Cape, 1 x Grappling Axe, 1 x Batman Zero Wing, 1 x Batman From Zero for -1 MtxCurrency",3500,2100,1400,0.4,1,2026-09-04T00:00:00Z,2026-09-08T23:59:59.999Z,1,0,-1,DeathstrokemanLaugh,DC,181,tileGrid,Size_1_x_1,Loading Screen Included!,1,Batman Zero Bundle,5,br,LSID_296_Cavern_60EXF,Batman From Zero,loadingscreen,dc,DC SERIES,Batman: Zero Point,2,6,2021-04-29T09:03:59Z
2026-09-08,v2:/aed6d706756c669a6c3d033b3268c74bfec935af8b0bec5ae06f81464a645359,[VIRTUAL]1 x In The End for 500 MtxCurrency,500,500,0,0.0,0,2026-09-01T00:00:00Z,2026-09-17T23:59:59.999Z,1,0,-11,JT090826,Jam Tracks,179,expandableList,Size_1_x_1,,0,,1,track,sid_placeholder_298,In The End,,,,,,,2024-08-29T13:33:26Z
2026-09-08,v2:/00cfd4b24e943f77572d58e6859db966eebef555f148cd219fbd5e54f7944fea,[VIRTUAL]1 x Summoning Jutsu for 300 MtxCurrency,300,300,0,0.0,0,2026-09-07T00:00:00Z,2026-09-10T23:59:59.999Z,1,0,-2,Naruto,Naruto,194,tileGrid,Size_1_x_1,,0,,1,br,EID_Headband,Summoning Jutsu,emote,uncommon,,Naruto,2,8,2021-11-16T09:00:00Z
2026-09-08,v2:/26fa3e0591d0e9aadbe9557813e83b8fd0891a62dd11d5b8424c73e6e2495f99,[VIRTUAL]1 x PWR Punch for 300 MtxCurrency,300,300,0,0.0,0,2026-09-08T00:00:00Z,2026-09-10T23:59:59.999Z,1,0,-3,Icons1-6,Lachlan,177,tileGrid,Size_1_x_1,,0,,1,br,EID_LunchBox,PWR Punch,emote,icon,Icon Series,PWR,2,4,2020-11-13T00:00:00Z
2026-09-08,v2:/6345e19bbb56f0f86c2f00eacadeed1d93e8f7c913c32d273b80c9501b22112d,[VIRTUAL]1 x Platformer Pace for 400 MtxCurrency,400,400,0,0.0,0,2026-09-04T00:00:00Z,2026-09-10T23:59:59.999Z,1,0,-4,FND090826,Spotlight Drops,191,tileGrid,Size_1_x_1,,0,,1,br,EID_FrameDash,Platformer Pace,emote,uncommon,,,7,4,2026-09-03T15:24:18Z
2026-09-08,v2:/07faa4f4f32632ade67c8e5f69168a5ce93056e209f4320acbf31ce925aa5dd9,[VIRTUAL]1 x Slow Clap for 200 MtxCurrency,200,200,0,0.0,0,2026-09-06T00:00:00Z,2026-09-08T23:59:59.999Z,1,0,-1,Bewitching,Bewitching's Locker,176,tileGrid,Size_1_x_1,,0,,1,br,EID_SlowClap,Slow Clap,emote,uncommon,,,1,1,2019-11-20T12:49:42Z
2026-09-08,v2:/de61d9551ede9237a450dc9f8d9a352bf7f370a32d1cb7266f9ee27185160ab4,[VIRTUAL]1 x Kitsune for 1200 MtxCurrency,1200,1200,0,0.0,0,2026-09-08T00:00:00Z,2026-09-13T23:59:59.999Z,1,0,-1,BR090826,Full Flex,184,tileGrid,Size_1_x_1,This Sidekick includes quests that unlock new items upon completion!,0,,1,br,Companion_MuzzleSwish,Kitsune,sidekick,uncommon,,Fox Clan,7,1,2025-12-18T10:38:26Z
2026-09-08,v2:/3361c8ed2ebeb3cfdc0c12eefd864667ceef6e40af071504ed7390f9b61c049f,"[VIRTUAL]1 x Godzilla, 1 x Kong, 1 x Godzilla Evolved, 1 x Mechagodzilla, 1 x Nissan Skyline GT-R (R32), 1 x Godzilla, 1 x Monarch Tech, 1 x Nissan Skyline GT-R (R32) for -1 MtxCurrency",2800,2800,0,0.0,0,2026-09-05T00:00:00Z,2026-09-09T23:59:59.999Z,1,0,-1,GodzillaxKong,Mechagodzilla & Kong,185,tileGrid,Size_2_x_1,Decals in this bundle are restricted to the Nissan Skyline GT-R car body.,1,Nissan Skyline GT-R | Godzilla x Kong,8,car,CarSkin_NerdBig01,Godzilla,skin,common,,,,,2025-01-15T14:05:09Z
2026-09-08,v2:/3361c8ed2ebeb3cfdc0c12eefd864667ceef6e40af071504ed7390f9b61c049f,"[VIRTUAL]1 x Godzilla, 1 x Kong, 1 x Godzilla Evolved, 1 x Mechagodzilla, 1 x Nissan Skyline GT-R (R32), 1 x Godzilla, 1 x Monarch Tech, 1 x Nissan Skyline GT-R (R32) for -1 MtxCurrency",2800,2800,0,0.0,0,2026-09-05T00:00:00Z,2026-09-09T23:59:59.999Z,1,0,-1,GodzillaxKong,Mechagodzilla & Kong,185,tileGrid,Size_2_x_1,Decals in this bundle are restricted to the Nissan Skyline GT-R car body.,1,Nissan Skyline GT-R | Godzilla x Kong,8,car,CarSkin_NerdBig02,Kong,skin,common,,,,,2025-01-15T14:05:09Z
2026-09-08,v2:/3361c8ed2ebeb3cfdc0c12eefd864667ceef6e40af071504ed7390f9b61c049f,"[VIRTUAL]1 x Godzilla, 1 x Kong, 1 x Godzilla Evolved, 1 x Mechagodzilla, 1 x Nissan Skyline GT-R (R32), 1 x Godzilla, 1 x Monarch Tech, 1 x Nissan Skyline GT-R (R32) for -1 MtxCurrency",2800,2800,0,0.0,0,2026-09-05T00:00:00Z,2026-09-09T23:59:59.999Z,1,0,-1,GodzillaxKong,Mechagodzilla & Kong,185,tileGrid,Size_2_x_1,Decals in this bundle are restricted to the Nissan Skyline GT-R car body.,1,Nissan Skyline GT-R | Godzilla x Kong,8,car,CarSkin_NerdBig03,Godzilla Evolved,skin,common,,,,,2025-01-15T14:05:09Z
2026-09-08,v2:/3361c8ed2ebeb3cfdc0c12eefd864667ceef6e40af071504ed7390f9b61c049f,"[VIRTUAL]1 x Godzilla, 1 x Kong, 1 x Godzilla Evolved, 1 x Mechagodzilla, 1 x Nissan Skyline GT-R (R32), 1 x Godzilla, 1 x Monarch Tech, 1 x Nissan Skyline GT-R (R32) for -1 MtxCurrency",2800,2800,0,0.0,0,2026-09-05T00:00:00Z,2026-09-09T23:59:59.999Z,1,0,-1,GodzillaxKong,Mechagodzilla & Kong,185,tileGrid,Size_2_x_1,Decals in this bundle are restricted to the Nissan Skyline GT-R car body.,1,Nissan Skyline GT-R | Godzilla x Kong,8,car,CarSkin_NerdBig04,Mechagodzilla,skin,common,,,,,2025-01-15T14:05:09Z
2026-09-08,v2:/3361c8ed2ebeb3cfdc0c12eefd864667ceef6e40af071504ed7390f9b61c049f,"[VIRTUAL]1 x Godzilla, 1 x Kong, 1 x Godzilla Evolved, 1 x Mechagodzilla, 1 x Nissan Skyline GT-R (R32), 1 x Godzilla, 1 x Monarch Tech, 1 x Nissan Skyline GT-R (R32) for -1 MtxCurrency",2800,2800,0,0.0,0,2026-09-05T00:00:00Z,2026-09-09T23:59:59.999Z,1,0,-1,GodzillaxKong,Mechagodzilla & Kong,185,tileGrid,Size_2_x_1,Decals in this bundle are restricted to the Nissan Skyline GT-R car body.,1,Nissan Skyline GT-R | Godzilla x Kong,8,car,CarBody_Nerd,Nissan Skyline GT-R (R32),body,uncommon,NISSAN SERIES,,,,2025-01-15T14:05:09Z
2026-09-08,v2:/3361c8ed2ebeb3cfdc0c12eefd864667ceef6e40af071504ed7390f9b61c049f,"[VIRTUAL]1 x Godzilla, 1 x Kong, 1 x Godzilla Evolved, 1 x Mechagodzilla, 1 x Nissan Skyline GT-R (R32), 1 x Godzilla, 1 x Monarch Tech, 1 x Nissan Skyline GT-R (R32) for -1 MtxCurrency",2800,2800,0,0.0,0,2026-09-05T00:00:00Z,2026-09-09T23:59:59.999Z,1,0,-1,GodzillaxKong,Mechagodzilla & Kong,185,tileGrid,Size_2_x_1,Decals in this bundle are restricted to the Nissan Skyline GT-R car body.,1,Nissan Skyline GT-R | Godzilla x Kong,8,car,Wheel_Big01,Godzilla,wheel,common,,,,,2025-01-15T14:05:09Z
2026-09-08,v2:/3361c8ed2ebeb3cfdc0c12eefd864667ceef6e40af071504ed7390f9b61c049f,"[VIRTUAL]1 x Godzilla, 1 x Kong, 1 x Godzilla Evolved, 1 x Mechagodzilla, 1 x Nissan Skyline GT-R (R32), 1 x Godzilla, 1 x Monarch Tech, 1 x Nissan Skyline GT-R (R32) for -1 MtxCurrency",2800,2800,0,0.0,0,2026-09-05T00:00:00Z,2026-09-09T23:59:59.999Z,1,0,-1,GodzillaxKong,Mechagodzilla & Kong,185,tileGrid,Size_2_x_1,Decals in this bundle are restricted to the Nissan Skyline GT-R car body.,1,Nissan Skyline GT-R | Godzilla x Kong,8,car,Wheel_Big02,Monarch Tech,wheel,common,,,,,2025-01-15T14:05:09Z
2026-09-08,v2:/3361c8ed2ebeb3cfdc0c12eefd864667ceef6e40af071504ed7390f9b61c049f,"[VIRTUAL]1 x Godzilla, 1 x Kong, 1 x Godzilla Evolved, 1 x Mechagodzilla, 1 x Nissan Skyline GT-R (R32), 1 x Godzilla, 1 x Monarch Tech, 1 x Nissan Skyline GT-R (R32) for -1 MtxCurrency",2800,2800,0,0.0,0,2026-09-05T00:00:00Z,2026-09-09T23:59:59.999Z,1,0,-1,GodzillaxKong,Mechagodzilla & Kong,185,tileGrid,Size_2_x_1,Decals in this bundle are restricted to the Nissan Skyline GT-R car body.,1,Nissan Skyline GT-R | Godzilla x Kong,8,car,Wheel_RL176,Nissan Skyline GT-R (R32),wheel,uncommon,NISSAN SERIES,,,,2025-01-15T14:05:09Z
2026-09-08,v2:/b6a7859727df75bc02bb9509e911cc1de7ab66743a5977e8b5f4f1b329c1f448,[VIRTUAL]1 x Buddy Holly for 500 MtxCurrency,500,500,0,0.0,0,2026-09-01T00:00:00Z,2026-09-21T23:59:59.999Z,1,0,-17,JT090826,Jam Tracks,179,expandableList,Size_1_x_1,,0,,1,track,sid_placeholder_25,Buddy Holly,,,,,,,2023-12-14T00:00:00Z
2026-09-08,v2:/6b1529ea3c9f7fd6d8f2c1974510e43d7121a8320cfbeb4894fcd209d1d35cc0,[VIRTUAL]1 x Batman Zero Wing for 1200 MtxCurrency,1200,1200,0,0.0,0,2026-09-04T00:00:00Z,2026-09-08T23:59:59.999Z,1,0,-4,DeathstrokemanLaugh,DC,181,tileGrid,Size_1_x_1,,0,,1,br,Glider_ID_289_CavernMale_5I9RD,Batman Zero Wing,glider,dc,DC SERIES,Batman: Zero Point,2,6,2021-04-27T08:24:16Z
2026-09-08,v2:/531a6b3ed963aceb5f786a54cddea50e0bf461210150b69ee4aee521030c44f3,[VIRTUAL]1 x Raiden's Victory for 300 MtxCurrency,300,300,0,0.0,0,2026-09-06T00:00:00Z,2026-09-12T23:59:59.999Z,1,0,-4,MortalKombat1,Mortal Kombat,192,tileGrid,Size_1_x_1,,0,,1,br,EID_TotalFlock_Slash,Raiden's Victory,emote,gaminglegends,Gaming Legends Series,Klassic Kombat,6,2,2025-03-27T15:08:18Z
2026-09-08,v2:/0bf7aecccb7fb82e20b6e385586bf43c1625d0bc1b2a1f33e94f2c03e473701f,[VIRTUAL]1 x TBD (SID_Placeholder_391) for 500 MtxCurrency,500,500,0,0.0,0,2026-09-01T00:00:00Z,2026-09-17T23:59:59.999Z,1,0,-80,JT090826,Jam Tracks,179,expandableList,Size_1_x_1,,0,,1,track,sid_placeholder_391,Locked Out Of Heaven,,,,,,,2025-07-16T00:00:48Z
2026-09-08,v2:/57cbb30cabd34cfa7325a733a6b37d8abfb16209d8fa61f0399a6112e5459512,[VIRTUAL]1 x Scorpion (MK3) for 1500 MtxCurrency,1500,1500,0,0.0,0,2026-09-06T00:00:00Z,2026-09-12T23:59:59.999Z,1,0,-2,MortalKombat1,Mortal Kombat,192,tileGrid,Size_1_x_1,,0,,1,br,Character_SoapPocket,Scorpion (MK3),outfit,gaminglegends,Gaming Legends Series,Klassic Kombat,6,2,2025-03-27T15:08:18Z
2026-09-08,v2:/da7cbfd78a8a817ce006e997de043794cc688bc4c83cf3f8d00755237255506e,[VIRTUAL]1 x Champion Sparkplug for 800 MtxCurrency,800,800,0,0.0,0,2026-09-07T00:00:00Z,2026-09-09T23:59:59.999Z,1,0,-2,FNCS4,FNCS,183,tileGrid,Size_1_x_1,,0,,1,br,Character_GarbageFNCS,Champion Sparkplug,outfit,epic,,FNCS,5,3,2024-06-22T08:21:26Z
2026-09-08,v2:/853b5aca8be92df1bab4cb2942cb6d7c6832ac9e1beea75053c67a18fb41d78d,[VIRTUAL]1 x Bunny Bounce (Murda Beatz Remix) for 500 MtxCurrency,500,500,0,0.0,0,2026-09-05T00:00:00Z,2026-09-11T23:59:59.999Z,1,0,-6,Unvaulted,Unvaulted,190,tileGrid,Size_1_x_1,,0,,1,track,sid_placeholder_353,Bunny Bounce (Murda Beatz Remix),,,,,,,2024-11-02T07:02:33Z
2026-09-08,v2:/4a4f415a0a75cdd695bb3ea541d3a50827f6e16a42e23d7a5b6787a97683e52e,[VIRTUAL]1 x Kryptonite for 500 MtxCurrency,500,500,0,0.0,0,2026-09-01T00:00:00Z,2026-09-17T23:59:59.999Z,1,0,-86,JT090826,Jam Tracks,179,expandableList,Size_1_x_1,,0,,1,track,sid_placeholder_300,Kryptonite,,,,,,,2024-12-26T14:34:39Z
2026-09-08,v2:/1b5514fe91aa20d3e572859c235793596361a30dd975ac03ab77440b0154f294,[VIRTUAL]1 x TBD (SID_Placeholder_686) for 500 MtxCurrency,500,500,0,0.0,0,2026-09-01T00:00:00Z,2026-09-17T23:59:59.999Z,1,0,-27,JT090826,Jam Tracks,179,expandableList,Size_1_x_1,,0,,1,track,sid_placeholder_686,Ring Ring Ring,,,,,,,2025-11-14T14:43:54Z
2026-09-08,v2:/0531528b9b04002e810ec6e1758b8014460033d91530dc5a9f41ce40565becda,"[VIRTUAL]1 x The Batman Who Laughs, 1 x Robin's Perch for -1 MtxCurrency",1500,1500,0,0.0,0,2026-09-04T00:00:00Z,2026-09-08T23:59:59.999Z,1,0,-2,DeathstrokemanLaugh,DC,181,tileGrid,Size_1_x_1,,0,,2,br,CID_A_219_Athena_Commando_M_Giggle_C2UK0,The Batman Who Laughs,outfit,dc,DC SERIES,Dark Multiverse,2,8,2021-10-22T16:37:22Z
2026-09-08,v2:/0531528b9b04002e810ec6e1758b8014460033d91530dc5a9f41ce40565becda,"[VIRTUAL]1 x The Batman Who Laughs, 1 x Robin's Perch for -1 MtxCurrency",1500,1500,0,0.0,0,2026-09-04T00:00:00Z,2026-09-08T23:59:59.999Z,1,0,-2,DeathstrokemanLaugh,DC,181,tileGrid,Size_1_x_1,,0,,2,br,BID_872_Giggle_LN5LR,Robin's Perch,backpack,dc,DC SERIES,Dark Multiverse,2,8,2021-10-22T16:37:22Z
2026-09-08,v2:/8b7e99dbd5b13253bd2387863d39f49220b50d99aa276baa2055a1f41f3b45df,"[VIRTUAL]1 x Crash Bandicoot, 1 x Bandicoot for -1 MtxCurrency",1500,1500,0,0.0,0,2026-08-29T00:00:00Z,2026-09-11T23:59:59.999Z,1,0,-1,CrashSpyro1,Crash Bandicoot & Spyro the Dragon,186,tileGrid,Size_2_x_1,,0,,2,br,Character_SpruceBark,Crash Bandicoot,outfit,gaminglegends,Gaming Legends Series,Crash Bandicoot,7,4,2026-08-26T23:33:06Z
2026-09-08,v2:/8b7e99dbd5b13253bd2387863d39f49220b50d99aa276baa2055a1f41f3b45df,"[VIRTUAL]1 x Crash Bandicoot, 1 x Bandicoot for -1 MtxCurrency",1500,1500,0,0.0,0,2026-08-29T00:00:00Z,2026-09-11T23:59:59.999Z,1,0,-1,CrashSpyro1,Crash Bandicoot & Spyro the Dragon,186,tileGrid,Size_2_x_1,,0,,2,br,Wrap_SpruceBark,Bandicoot,wrap,gaminglegends,Gaming Legends Series,Crash Bandicoot,7,4,2026-08-26T23:33:06Z
2026-09-08,v2:/033c1e357d437bf53c3c8949af4d251e4beb6bd57b9b68fb9c4edfc19cf63d56,[VIRTUAL]1 x Hey Ya! for 500 MtxCurrency,500,500,0,0.0,0,2026-09-01T00:00:00Z,2026-09-17T23:59:59.999Z,1,0,-84,JT090826,Jam Tracks,179,expandableList,Size_1_x_1,,0,,1,track,sid_placeholder_283,Hey Ya!,,,,,,,2024-11-27T14:32:37Z
2026-09-08,v2:/2767138459a9816efc7964c9a486806b4ad2ea355bdab8eb524cf82b550ef89a,[VIRTUAL]1 x Crank That (Soulja Boy) for 500 MtxCurrency,500,500,0,0.0,0,2026-09-01T00:00:00Z,2026-09-17T23:59:59.999Z,1,0,-47,JT090826,Jam Tracks,179,expandableList,Size_1_x_1,,0,,1,track,sid_placeholder_382,Crank That (Soulja Boy),,,,,,,2024-11-02T07:02:33Z
2026-09-08,v2:/1f1e95fad7fdd3bfa20cf7f6e9489a2d41418b2785ff2640c30075ddb1cb2a98,[VIRTUAL]1 x Deja Grimm for 800 MtxCurrency,800,800,0,0.0,0,2026-09-08T00:00:00Z,2026-09-08T23:59:59.999Z,1,0,-1,BR090826,Full Flex,184,tileGrid,Size_1_x_1,,0,,1,br,Character_RenegadeWhip,Deja Grimm,outfit,epic,,Wayward Witch,6,2,2025-03-11T08:32:47Z
2026-09-08,v2:/aaf39cfd261a734d6a53b23367c856c514c9c5f57afa1f021309b34079e14529,[VIRTUAL]1 x Grappling Axe for 800 MtxCurrency,800,800,0,0.0,0,2026-09-04T00:00:00Z,2026-09-08T23:59:59.999Z,1,0,-3,DeathstrokemanLaugh,DC,181,tileGrid,Size_1_x_1,,0,,1,br,Pickaxe_ID_589_CavernMale_9U0A8,Grappling Axe,pickaxe,dc,DC SERIES,Batman: Zero Point,2,6,2021-04-29T09:03:59Z
2026-09-08,v2:/7bd80941b9a0f8ea9165a08f842010da85f9dcaa3fe4eb7ae791f24a92f20834,[VIRTUAL]1 x Regulate for 500 MtxCurrency,500,500,0,0.0,0,2026-09-01T00:00:00Z,2026-09-17T23:59:59.999Z,1,0,-61,JT090826,Jam Tracks,179,expandableList,Size_1_x_1,,0,,1,track,sid_placeholder_265,Regulate,,,,,,,2024-11-02T06:00:00Z
2026-09-08,v2:/2b29a6b940860dc3e0311274c25fc015604e7867667323f9dc4f5122a33d765f,[VIRTUAL]1 x Floral Flutters for 400 MtxCurrency,400,400,0,0.0,0,2026-09-08T00:00:00Z,2026-09-08T23:59:59.999Z,1,0,-3,,,,,Size_1_x_1,,0,,1,br,Backpack_Ballerina_Honey,Floral Flutters,backpack,rare,,Fae Ballet,5,2,2024-05-04T00:00:00Z
2026-09-08,v2:/5342cc9f2676c955b61dd78a3dac282c5acfc9ab7dd0d6ee05e1818a09119bc6,[VIRTUAL]1 x Raven Team Syd for 1500 MtxCurrency,1500,1500,0,0.0,0,2026-09-08T00:00:00Z,2026-09-14T23:59:59.999Z,1,0,-3,NS090826,No Sweat,187,tileGrid,Size_1_x_1,,0,,1,br,Character_FuzzyClaw,Raven Team Syd,outfit,epic,,Scare Bear,5,4,2024-10-12T06:22:57Z
2026-09-08,v2:/3593b6035bb26129d455f4f3b09f6e8b7a2c127d76a361244b93a71096d7bc86,[VIRTUAL]1 x Carry on Wayward Son for 500 MtxCurrency,500,500,0,0.0,0,2026-09-01T00:00:00Z,2026-09-17T23:59:59.999Z,1,0,-44,JT090826,Jam Tracks,179,expandableList,Size_1_x_1,,0,,1,track,sid_placeholder_11,Carry on Wayward Son,,,,,,,2024-03-20T00:05:45Z
2026-09-08,v2:/7ca0359f6aab7e19dcb8efc43ed159730534f6c0f7af5a8484ed770bbd819f32,[VIRTUAL]1 x XO Tour Llif3  for 500 MtxCurrency,500,500,0,0.0,0,2026-09-01T00:00:00Z,2026-09-17T23:59:59.999Z,1,0,-22,JT090826,Jam Tracks,179,expandableList,Size_1_x_1,,0,,1,track,sid_placeholder_184,XO Tour Llif3,,,,,,,2024-04-16T20:20:56Z
2026-09-08,v2:/f1d4a7ea84475d08d950f713e01c0271a16a3995f1301c834002990bda159b67,[VIRTUAL]1 x TBD (SID_Placeholder_722) for 500 MtxCurrency,500,500,0,0.0,0,2026-09-01T00:00:00Z,2026-09-17T23:59:59.999Z,1,0,-96,JT090826,Jam Tracks,179,expandableList,Size_1_x_1,,0,,1,track,sid_placeholder_722,future base,,,,,,,2026-01-13T19:59:54Z
2026-09-08,v2:/ce0e95d438eb78ce428a3db3786644340d24dc609f8d76b4b4599972b7aa33b4,[VIRTUAL]1 x Golden Grin for 500 MtxCurrency,500,500,0,0.0,0,2026-09-05T00:00:00Z,2026-09-11T23:59:59.999Z,1,0,-1,Unvaulted,Unvaulted,190,tileGrid,Size_1_x_1,,0,,1,br,Wrap_GoldCat,Golden Grin,wrap,rare,,Swole 'n Gold,2,Remix,2024-11-02T17:09:31Z
2026-09-08,v2:/93f04d229567f72507f28034d6e7f055e37312bbe3bef933f0a46781f47ebdc1,"[VIRTUAL]1 x Fractal Brite Bomber, 1 x Armored Brite Bag for -1 MtxCurrency",1200,1200,0,0.0,0,2026-09-04T00:00:00Z,2026-09-10T23:59:59.999Z,1,0,-2,FND090826,Spotlight Drops,191,tileGrid,Size_1_x_1,,0,,2,br,Character_DyeBlast,Fractal Brite Bomber,outfit,epic,,Fractal Heroes,7,4,2026-09-03T15:24:18Z
2026-09-08,v2:/93f04d229567f72507f28034d6e7f055e37312bbe3bef933f0a46781f47ebdc1,"[VIRTUAL]1 x Fractal Brite Bomber, 1 x Armored Brite Bag for -1 MtxCurrency",1200,1200,0,0.0,0,2026-09-04T00:00:00Z,2026-09-10T23:59:59.999Z,1,0,-2,FND090826,Spotlight Drops,191,tileGrid,Size_1_x_1,,0,,2,br,Backpack_DyeBlast,Armored Brite Bag,backpack,rare,,Fractal Heroes,7,4,2026-09-03T15:24:18Z
2026-09-08,v2:/cf2f952b10258214166d065211198afe6915b7f7cd71a43c8629f3fae1c6c59a,[VIRTUAL]1 x I Had Some Help for 500 MtxCurrency,500,500,0,0.0,0,2026-09-01T00:00:00Z,2026-09-17T23:59:59.999Z,1,0,-6,JT090826,Jam Tracks,179,expandableList,Size_1_x_1,,0,,1,track,sid_placeholder_248,I Had Some Help,,,,,,,2024-06-06T13:32:50Z
2026-09-08,v2:/88a4ca703dcaf74b5b892f9ee9c2d7570a35ad6d4bb33b918ffb816f2b20a176,[VIRTUAL]1 x TBD (SID_Placeholder_684) for 500 MtxCurrency,500,500,0,0.0,0,2026-09-04T00:00:00Z,2026-09-10T23:59:59.999Z,1,0,-2,JT090826,Jam Tracks,179,tileGrid,Size_1_x_1,,0,,1,track,sid_placeholder_684,Sticky,,,,,,,2025-11-15T00:00:00Z
2026-09-08,v2:/ab7ed63b6bba11bee9892e35d374ab363bd903803360c5a1cffaa7eb4bcc44ae,"[VIRTUAL]1 x Imperator DT5, 1 x Imperator DT5, 1 x Imperator DT5, 1 x Imperator DT5, 1 x Imperator DT5, 1 x Imperator DT5, 1 x Imperator DT5, 1 x Imperator DT5, 1 x Imperator DT5, 1 x Imperator DT5, 1 x Imperator DT5, 1 x Imperator DT5, 1 x Imperator DT5, 1 x Imperator DT5, 1 x 80s Grad, 1 x ARC, 1 x NBP, 1 x Skullcap, 1 x Righteous Sun, 1 x Overhaul for -1 MtxCurrency",1500,1500,0,0.0,0,2026-09-02T00:00:00Z,2026-09-08T23:59:59.999Z,1,0,-1,ImperatorDT5,Imperator DT5,173,tileGrid,Size_3_x_1,Decals in this bundle are restricted to the Imperator DT5 car body.,1,Imperator DT5,6,car,CarSkin_Multigrain80sClass,80s Grad,skin,uncommon,,,,,2024-06-22T08:19:52Z
2026-09-08,v2:/ab7ed63b6bba11bee9892e35d374ab363bd903803360c5a1cffaa7eb4bcc44ae,"[VIRTUAL]1 x Imperator DT5, 1 x Imperator DT5, 1 x Imperator DT5, 1 x Imperator DT5, 1 x Imperator DT5, 1 x Imperator DT5, 1 x Imperator DT5, 1 x Imperator DT5, 1 x Imperator DT5, 1 x Imperator DT5, 1 x Imperator DT5, 1 x Imperator DT5, 1 x Imperator DT5, 1 x Imperator DT5, 1 x 80s Grad, 1 x ARC, 1 x NBP, 1 x Skullcap, 1 x Righteous Sun, 1 x Overhaul for -1 MtxCurrency",1500,1500,0,0.0,0,2026-09-02T00:00:00Z,2026-09-08T23:59:59.999Z,1,0,-1,ImperatorDT5,Imperator DT5,173,tileGrid,Size_3_x_1,Decals in this bundle are restricted to the Imperator DT5 car body.,1,Imperator DT5,6,car,CarSkin_MultigrainArcSquad,ARC,skin,uncommon,,,,,2024-06-22T08:19:52Z
2026-09-08,v2:/ab7ed63b6bba11bee9892e35d374ab363bd903803360c5a1cffaa7eb4bcc44ae,"[VIRTUAL]1 x Imperator DT5, 1 x Imperator DT5, 1 x Imperator DT5, 1 x Imperator DT5, 1 x Imperator DT5, 1 x Imperator DT5, 1 x Imperator DT5, 1 x Imperator DT5, 1 x Imperator DT5, 1 x Imperator DT5, 1 x Imperator DT5, 1 x Imperator DT5, 1 x Imperator DT5, 1 x Imperator DT5, 1 x 80s Grad, 1 x ARC, 1 x NBP, 1 x Skullcap, 1 x Righteous Sun, 1 x Overhaul for -1 MtxCurrency",1500,1500,0,0.0,0,2026-09-02T00:00:00Z,2026-09-08T23:59:59.999Z,1,0,-1,ImperatorDT5,Imperator DT5,173,tileGrid,Size_3_x_1,Decals in this bundle are restricted to the Imperator DT5 car body.,1,Imperator DT5,6,car,CarSkin_MultigrainBP,NBP,skin,uncommon,,,,,2024-06-22T08:19:52Z
2026-09-08,v2:/ab7ed63b6bba11bee9892e35d374ab363bd903803360c5a1cffaa7eb4bcc44ae,"[VIRTUAL]1 x Imperator DT5, 1 x Imperator DT5, 1 x Imperator DT5, 1 x Imperator DT5, 1 x Imperator DT5, 1 x Imperator DT5, 1 x Imperator DT5, 1 x Imperator DT5, 1 x Imperator DT5, 1 x Imperator DT5, 1 x Imperator DT5, 1 x Imperator DT5, 1 x Imperator DT5, 1 x Imperator DT5, 1 x 80s Grad, 1 x ARC, 1 x NBP, 1 x Skullcap, 1 x Righteous Sun, 1 x Overhaul for -1 MtxCurrency",1500,1500,0,0.0,0,2026-09-02T00:00:00Z,2026-09-08T23:59:59.999Z,1,0,-1,ImperatorDT5,Imperator DT5,173,tileGrid,Size_3_x_1,Decals in this bundle are restricted to the Imperator DT5 car body.,1,Imperator DT5,6,car,CarSkin_MultigrainPainted,Skullcap,skin,uncommon,,,,,2024-06-22T08:19:52Z
2026-09-08,v2:/ab7ed63b6bba11bee9892e35d374ab363bd903803360c5a1cffaa7eb4bcc44ae,"[VIRTUAL]1 x Imperator DT5, 1 x Imperator DT5, 1 x Imperator DT5, 1 x Imperator DT5, 1 x Imperator DT5, 1 x Imperator DT5, 1 x Imperator DT5, 1 x Imperator DT5, 1 x Imperator DT5, 1 x Imperator DT5, 1 x Imperator DT5, 1 x Imperator DT5, 1 x Imperator DT5, 1 x Imperator DT5, 1 x 80s Grad, 1 x ARC, 1 x NBP, 1 x Skullcap, 1 x Righteous Sun, 1 x Overhaul for -1 MtxCurrency",1500,1500,0,0.0,0,2026-09-02T00:00:00Z,2026-09-08T23:59:59.999Z,1,0,-1,ImperatorDT5,Imperator DT5,173,tileGrid,Size_3_x_1,Decals in this bundle are restricted to the Imperator DT5 car body.,1,Imperator DT5,6,car,CarSkin_MultigrainPat,Righteous Sun,skin,uncommon,,,,,2024-06-22T08:19:52Z
2026-09-08,v2:/ab7ed63b6bba11bee9892e35d374ab363bd903803360c5a1cffaa7eb4bcc44ae,"[VIRTUAL]1 x Imperator DT5, 1 x Imperator DT5, 1 x Imperator DT5, 1 x Imperator DT5, 1 x Imperator DT5, 1 x Imperator DT5, 1 x Imperator DT5, 1 x Imperator DT5, 1 x Imperator DT5, 1 x Imperator DT5, 1 x Imperator DT5, 1 x Imperator DT5, 1 x Imperator DT5, 1 x Imperator DT5, 1 x 80s Grad, 1 x ARC, 1 x NBP, 1 x Skullcap, 1 x Righteous Sun, 1 x Overhaul for -1 MtxCurrency",1500,1500,0,0.0,0,2026-09-02T00:00:00Z,2026-09-08T23:59:59.999Z,1,0,-1,ImperatorDT5,Imperator DT5,173,tileGrid,Size_3_x_1,Decals in this bundle are restricted to the Imperator DT5 car body.,1,Imperator DT5,6,car,CarSkin_MultigrainShapes,Overhaul,skin,uncommon,,,,,2024-06-22T08:19:52Z
2026-09-08,v2:/92f41ca08bd30b2e79c8cc345079c7fd4cb2f63708339726137407f7e41f52ea,"[VIRTUAL]1 x Tour-Ready Sabrina Carpenter, 1 x SC Heart Purse, 1 x Taste, 1 x Please Please Please, 1 x Cute Cutout, 1 x Sabrina's Mic, 1 x Sabrina's Mic, 1 x Sabrina's Mic, 1 x TBD (SID_Placeholder_537) for -1 MtxCurrency",4800,2800,2000,0.4167,1,2026-09-08T00:00:00Z,2026-09-12T23:59:59.999Z,1,0,-1,SabrinaCarpenterSweet,Sabrina Carpenter,195,tileGrid,Size_1_x_1,,1,A Sweet Little Bundle,9,br,Character_DimeBlanketGrace,Tour-Ready Sabrina Carpenter,outfit,icon,Icon Series,Sabrina Carpenter,6,2,2025-04-08T08:00:00Z
2026-09-08,v2:/92f41ca08bd30b2e79c8cc345079c7fd4cb2f63708339726137407f7e41f52ea,"[VIRTUAL]1 x Tour-Ready Sabrina Carpenter, 1 x SC Heart Purse, 1 x Taste, 1 x Please Please Please, 1 x Cute Cutout, 1 x Sabrina's Mic, 1 x Sabrina's Mic, 1 x Sabrina's Mic, 1 x TBD (SID_Placeholder_537) for -1 MtxCurrency",4800,2800,2000,0.4167,1,2026-09-08T00:00:00Z,2026-09-12T23:59:59.999Z,1,0,-1,SabrinaCarpenterSweet,Sabrina Carpenter,195,tileGrid,Size_1_x_1,,1,A Sweet Little Bundle,9,br,Backpack_DimeBlanketGrace,SC Heart Purse,backpack,icon,Icon Series,Sabrina Carpenter,6,2,2025-04-08T08:00:00Z
2026-09-08,v2:/92f41ca08bd30b2e79c8cc345079c7fd4cb2f63708339726137407f7e41f52ea,"[VIRTUAL]1 x Tour-Ready Sabrina Carpenter, 1 x SC Heart Purse, 1 x Taste, 1 x Please Please Please, 1 x Cute Cutout, 1 x Sabrina's Mic, 1 x Sabrina's Mic, 1 x Sabrina's Mic, 1 x TBD (SID_Placeholder_537) for -1 MtxCurrency",4800,2800,2000,0.4167,1,2026-09-08T00:00:00Z,2026-09-12T23:59:59.999Z,1,0,-1,SabrinaCarpenterSweet,Sabrina Carpenter,195,tileGrid,Size_1_x_1,,1,A Sweet Little Bundle,9,br,EID_DimeBlanket,Taste,emote,icon,Icon Series,Sabrina Carpenter,6,2,2025-04-08T08:00:00Z
2026-09-08,v2:/92f41ca08bd30b2e79c8cc345079c7fd4cb2f63708339726137407f7e41f52ea,"[VIRTUAL]1 x Tour-Ready Sabrina Carpenter, 1 x SC Heart Purse, 1 x Taste, 1 x Please Please Please, 1 x Cute Cutout, 1 x Sabrina's Mic, 1 x Sabrina's Mic, 1 x Sabrina's Mic, 1 x TBD (SID_Placeholder_537) for -1 MtxCurrency",4800,2800,2000,0.4167,1,2026-09-08T00:00:00Z,2026-09-12T23:59:59.999Z,1,0,-1,SabrinaCarpenterSweet,Sabrina Carpenter,195,tileGrid,Size_1_x_1,,1,A Sweet Little Bundle,9,br,EID_DimeBlanketGrace,Please Please Please,emote,icon,Icon Series,Sabrina Carpenter,6,2,2025-04-08T08:00:00Z
2026-09-08,v2:/92f41ca08bd30b2e79c8cc345079c7fd4cb2f63708339726137407f7e41f52ea,"[VIRTUAL]1 x Tour-Ready Sabrina Carpenter, 1 x SC Heart Purse, 1 x Taste, 1 x Please Please Please, 1 x Cute Cutout, 1 x Sabrina's Mic, 1 x Sabrina's Mic, 1 x Sabrina's Mic, 1 x TBD (SID_Placeholder_537) for -1 MtxCurrency",4800,2800,2000,0.4167,1,2026-09-08T00:00:00Z,2026-09-12T23:59:59.999Z,1,0,-1,SabrinaCarpenterSweet,Sabrina Carpenter,195,tileGrid,Size_1_x_1,,1,A Sweet Little Bundle,9,br,Contrail_DimeBlanket,Cute Cutout,contrail,icon,Icon Series,Sabrina Carpenter,6,2,2025-04-08T08:00:00Z
2026-09-08,v2:/92f41ca08bd30b2e79c8cc345079c7fd4cb2f63708339726137407f7e41f52ea,"[VIRTUAL]1 x Tour-Ready Sabrina Carpenter, 1 x SC Heart Purse, 1 x Taste, 1 x Please Please Please, 1 x Cute Cutout, 1 x Sabrina's Mic, 1 x Sabrina's Mic, 1 x Sabrina's Mic, 1 x TBD (SID_Placeholder_537) for -1 MtxCurrency",4800,2800,2000,0.4167,1,2026-09-08T00:00:00Z,2026-09-12T23:59:59.999Z,1,0,-1,SabrinaCarpenterSweet,Sabrina Carpenter,195,tileGrid,Size_1_x_1,,1,A Sweet Little Bundle,9,br,Backpack_DimeBlanket_Mic,Sabrina's Mic,backpack,icon,Icon Series,Sabrina Carpenter,,,2025-04-08T08:00:00Z
2026-09-08,v2:/92f41ca08bd30b2e79c8cc345079c7fd4cb2f63708339726137407f7e41f52ea,"[VIRTUAL]1 x Tour-Ready Sabrina Carpenter, 1 x SC Heart Purse, 1 x Taste, 1 x Please Please Please, 1 x Cute Cutout, 1 x Sabrina's Mic, 1 x Sabrina's Mic, 1 x Sabrina's Mic, 1 x TBD (SID_Placeholder_537) for -1 MtxCurrency",4800,2800,2000,0.4167,1,2026-09-08T00:00:00Z,2026-09-12T23:59:59.999Z,1,0,-1,SabrinaCarpenterSweet,Sabrina Carpenter,195,tileGrid,Size_1_x_1,,1,A Sweet Little Bundle,9,br,Pickaxe_DimeBlanket_Mic,Sabrina's Mic,pickaxe,icon,Icon Series,Sabrina Carpenter,,,2025-04-08T08:00:00Z
2026-09-08,v2:/92f41ca08bd30b2e79c8cc345079c7fd4cb2f63708339726137407f7e41f52ea,"[VIRTUAL]1 x Tour-Ready Sabrina Carpenter, 1 x SC Heart Purse, 1 x Taste, 1 x Please Please Please, 1 x Cute Cutout, 1 x Sabrina's Mic, 1 x Sabrina's Mic, 1 x Sabrina's Mic, 1 x TBD (SID_Placeholder_537) for -1 MtxCurrency",4800,2800,2000,0.4167,1,2026-09-08T00:00:00Z,2026-09-12T23:59:59.999Z,1,0,-1,SabrinaCarpenterSweet,Sabrina Carpenter,195,tileGrid,Size_1_x_1,,1,A Sweet Little Bundle,9,track,sid_placeholder_537,Please Please Please,,,,,,,2025-04-08T08:00:00Z
2026-09-08,v2:/92f41ca08bd30b2e79c8cc345079c7fd4cb2f63708339726137407f7e41f52ea,"[VIRTUAL]1 x Tour-Ready Sabrina Carpenter, 1 x SC Heart Purse, 1 x Taste, 1 x Please Please Please, 1 x Cute Cutout, 1 x Sabrina's Mic, 1 x Sabrina's Mic, 1 x Sabrina's Mic, 1 x TBD (SID_Placeholder_537) for -1 MtxCurrency",4800,2800,2000,0.4167,1,2026-09-08T00:00:00Z,2026-09-12T23:59:59.999Z,1,0,-1,SabrinaCarpenterSweet,Sabrina Carpenter,195,tileGrid,Size_1_x_1,,1,A Sweet Little Bundle,9,instrument,Sparks_Mic_DimeBlanket,Sabrina's Mic,mic,icon,Icon Series,,,,2025-04-08T08:00:00Z
2026-09-08,v2:/9743a6c05fe587bf5d9d12d3d0781ef51e0a834bdf39f8468b89f83864b2b8bf,[VIRTUAL]1 x Roar Power for 500 MtxCurrency,500,500,0,0.0,0,2026-09-05T00:00:00Z,2026-09-09T23:59:59.999Z,1,0,-2,GodzillaxKong,Mechagodzilla & Kong,185,tileGrid,Size_1_x_1,,0,,1,br,Wrap_AvocadoSeal,Roar Power,wrap,uncommon,,Monarch's Titans,6,1,2025-01-15T14:05:32Z
2026-09-08,v2:/f44ac112008f0a541929f065c7d7ffc51961bca47dadbe20a264b711df9ce5e1,[VIRTUAL]1 x Ooze for 500 MtxCurrency,500,500,0,0.0,0,2026-09-05T00:00:00Z,2026-09-11T23:59:59.999Z,1,0,-2,Unvaulted,Unvaulted,190,tileGrid,Size_1_x_1,,0,,1,br,Contrail_MissusMind,Ooze,contrail,uncommon,,Bleakest Bedlam,2,Remix,2024-11-02T17:09:31Z
2026-09-08,v2:/c64d26074e98a9fce97d40df8dabb8c2759cc081a4ae73db1b41d68ee5ee6ba1,[VIRTUAL]1 x The Gilded Filet for 800 MtxCurrency,800,800,0,0.0,0,2026-09-05T00:00:00Z,2026-09-11T23:59:59.999Z,1,0,-3,Unvaulted,Unvaulted,190,tileGrid,Size_1_x_1,,0,,1,br,Pickaxe_GoldCat,The Gilded Filet,pickaxe,rare,,Swole 'n Gold,2,Remix,2024-11-02T17:09:31Z
2026-09-08,v2:/ddc7512db7299a22eee9a0c5b3f270c514fb24158d0583b5a69e512f136075c1,"[VIRTUAL]1 x Serenade, 1 x Fluttering Notes for -1 MtxCurrency",1200,1200,0,0.0,0,2026-09-06T00:00:00Z,2026-09-08T23:59:59.999Z,1,0,-2,Bewitching,Bewitching's Locker,176,tileGrid,Size_1_x_1,,0,,2,br,Character_MirageHike,Serenade,outfit,rare,,Ethereal Song,4,2,2023-04-11T10:06:45Z
2026-09-08,v2:/ddc7512db7299a22eee9a0c5b3f270c514fb24158d0583b5a69e512f136075c1,"[VIRTUAL]1 x Serenade, 1 x Fluttering Notes for -1 MtxCurrency",1200,1200,0,0.0,0,2026-09-06T00:00:00Z,2026-09-08T23:59:59.999Z,1,0,-2,Bewitching,Bewitching's Locker,176,tileGrid,Size_1_x_1,,0,,2,br,Backpack_MirageHike,Fluttering Notes,backpack,rare,,Ethereal Song,4,2,2023-04-11T10:06:45Z
2026-09-08,v2:/1f0f4d39bb88c086ae28226a5ec0916f0aadbeff34d9625bfd25035f33b457c3,[VIRTUAL]1 x TBD (SID_Placeholder_455) for 500 MtxCurrency,500,500,0,0.0,0,2026-09-01T00:00:00Z,2026-09-17T23:59:59.999Z,1,0,-71,JT090826,Jam Tracks,179,expandableList,Size_1_x_1,,0,,1,track,sid_placeholder_455,IDOL,,,,,,,2025-02-06T21:54:35Z
2026-09-08,v2:/4442fae515905164626a21d95d31f064bf177ac947e2877ceb090f2fa3517781,[VIRTUAL]1 x Radiant 1 for 500 MtxCurrency,500,500,0,0.0,0,2026-09-05T00:00:00Z,2026-09-11T23:59:59.999Z,1,0,-3,Unvaulted,Unvaulted,190,tileGrid,Size_1_x_1,,0,,1,br,Wrap_StageCue,Radiant 1,wrap,rare,,In the Pocket,2,Remix,2024-11-02T17:09:31Z
2026-09-08,v2:/849cfa750c3aeaa292cae88007926cf8a91d36491f73229d2988e03f699eae76,[VIRTUAL]1 x Spies! (Murda Beatz Remix) for 500 MtxCurrency,500,500,0,0.0,0,2026-09-05T00:00:00Z,2026-09-11T23:59:59.999Z,1,0,-4,Unvaulted,Unvaulted,190,tileGrid,Size_1_x_1,,0,,1,track,sid_placeholder_351,Spies! (Murda Beatz Remix),,,,,,,2024-11-02T07:02:33Z
2026-09-08,v2:/b52dec58364ddb621b8e55a6f029a4d68957b8f506f0e5faf63db123f72ed585,[VIRTUAL]1 x Test Your Might for 300 MtxCurrency,300,300,0,0.0,0,2026-09-06T00:00:00Z,2026-09-12T23:59:59.999Z,1,0,-3,MortalKombat1,Mortal Kombat,192,tileGrid,Size_1_x_1,,0,,1,br,EID_SoapPocket_Punch,Test Your Might,emote,gaminglegends,Gaming Legends Series,Klassic Kombat,6,2,2025-03-27T15:08:18Z
2026-09-08,v2:/186520dadc5ea939f02f985d8cbef3494a9d17631588264e73e384e96b1be0ab,[VIRTUAL]1 x Hatchback for 300 MtxCurrency,300,300,0,0.0,0,2026-09-08T00:00:00Z,2026-09-13T23:59:59.999Z,1,0,-4,,,,,Size_1_x_1,,0,,1,br,BID_154_Feathers,Hatchback,backpack,epic,,Fowl Play,1,6,2019-11-20T12:50:37Z
2026-09-08,v2:/b573210922f6020ea0c5e51206f5273228f5ba0a565fbf14e19c01c3d07db3be,[VIRTUAL]1 x Multi-Angle for 500 MtxCurrency,500,500,0,0.0,0,2026-09-04T00:00:00Z,2026-09-10T23:59:59.999Z,1,0,-2,FND090826,Spotlight Drops,191,tileGrid,Size_1_x_1,,0,,1,br,Wrap_DyeBlast,Multi-Angle,wrap,rare,,Fractal Heroes,7,4,2026-09-03T15:24:18Z
2026-09-08,v2:/2698b1289749cee196f6609fbd72459e38eebd612e73087cbdbbde585f70b611,"[VIRTUAL]1 x Human Bill, 1 x A WEATHER BALLOON for -1 MtxCurrency",1800,1800,0,0.0,0,2026-09-08T00:00:00Z,2026-09-14T23:59:59.999Z,1,0,-2,NS090826,No Sweat,187,tileGrid,Size_1_x_1,,0,,2,br,CID_A_175_Athena_Commando_M_AlienSummer,Human Bill,outfit,epic,,Hot Alien Summer,2,7,2021-08-03T11:17:43Z
2026-09-08,v2:/2698b1289749cee196f6609fbd72459e38eebd612e73087cbdbbde585f70b611,"[VIRTUAL]1 x Human Bill, 1 x A WEATHER BALLOON for -1 MtxCurrency",1800,1800,0,0.0,0,2026-09-08T00:00:00Z,2026-09-14T23:59:59.999Z,1,0,-2,NS090826,No Sweat,187,tileGrid,Size_1_x_1,,0,,2,br,BID_822_AlienSummer,A WEATHER BALLOON,backpack,epic,,Hot Alien Summer,2,7,2021-08-03T11:17:43Z
2026-09-08,v2:/072c545f3b7239d5fb70faf128e8e4d0a4df38de4bf3982e18548fd1e412f6c3,[VIRTUAL]1 x Fluttering Notes for 200 MtxCurrency,200,200,0,0.0,0,2026-09-06T00:00:00Z,2026-09-08T23:59:59.999Z,1,0,-1,,,,,Size_3_x_1,,0,,1,br,Backpack_MirageHike,Fluttering Notes,backpack,rare,,Ethereal Song,4,2,2023-04-11T10:06:45Z
2026-09-08,v2:/34f2bc16fef4b9d95789f6c945f9632d7658f64125ae5d6ce665fbd1942d1091,[VIRTUAL]1 x TBD (SID_Placeholder_697) for 500 MtxCurrency,500,500,0,0.0,0,2026-09-01T00:00:00Z,2026-09-17T23:59:59.999Z,1,0,-14,JT090826,Jam Tracks,179,expandableList,Size_1_x_1,,0,,1,track,sid_placeholder_697,New Woman,,,,,,,2025-11-29T19:00:00Z
2026-09-08,v2:/3c3b26d3468f95739878347c164295573af69fb6609f2fd519ee4cea629b8934,"[VIRTUAL]1 x Sasuke Uchiha, 1 x Demon Wind Shuriken, 1 x Snake Sword, 1 x Sakura Haruno, 1 x Hidden Leaf Cloak, 1 x Team 7 for -1 MtxCurrency",3100,2200,900,0.2903,1,2026-09-07T00:00:00Z,2026-09-10T23:59:59.999Z,1,0,-1,Naruto,Naruto,194,tileGrid,Size_2_x_1,Unsheathe the <highlight>SNAKE SWORD PICKAXE</> from <highlight>SASUKE UCHIHA's</> scabbard when both are equipped! Bundle includes loading screen!,1,SASUKE & SAKURA BUNDLE,6,br,CID_A_263_Athena_Commando_M_HeadbandS,Sasuke Uchiha,outfit,epic,,Naruto,2,8,2021-11-16T09:00:00Z
2026-09-08,v2:/3c3b26d3468f95739878347c164295573af69fb6609f2fd519ee4cea629b8934,"[VIRTUAL]1 x Sasuke Uchiha, 1 x Demon Wind Shuriken, 1 x Snake Sword, 1 x Sakura Haruno, 1 x Hidden Leaf Cloak, 1 x Team 7 for -1 MtxCurrency",3100,2200,900,0.2903,1,2026-09-07T00:00:00Z,2026-09-10T23:59:59.999Z,1,0,-1,Naruto,Naruto,194,tileGrid,Size_2_x_1,Unsheathe the <highlight>SNAKE SWORD PICKAXE</> from <highlight>SASUKE UCHIHA's</> scabbard when both are equipped! Bundle includes loading screen!,1,SASUKE & SAKURA BUNDLE,6,br,BID_904_HeadbandSMale,Demon Wind Shuriken,backpack,epic,,Naruto,2,8,2021-11-16T09:00:00Z
2026-09-08,v2:/3c3b26d3468f95739878347c164295573af69fb6609f2fd519ee4cea629b8934,"[VIRTUAL]1 x Sasuke Uchiha, 1 x Demon Wind Shuriken, 1 x Snake Sword, 1 x Sakura Haruno, 1 x Hidden Leaf Cloak, 1 x Team 7 for -1 MtxCurrency",3100,2200,900,0.2903,1,2026-09-07T00:00:00Z,2026-09-10T23:59:59.999Z,1,0,-1,Naruto,Naruto,194,tileGrid,Size_2_x_1,Unsheathe the <highlight>SNAKE SWORD PICKAXE</> from <highlight>SASUKE UCHIHA's</> scabbard when both are equipped! Bundle includes loading screen!,1,SASUKE & SAKURA BUNDLE,6,br,Pickaxe_ID_705_HeadbandSMale1H,Snake Sword,pickaxe,epic,,Naruto,2,8,2021-11-16T09:00:00Z
2026-09-08,v2:/3c3b26d3468f95739878347c164295573af69fb6609f2fd519ee4cea629b8934,"[VIRTUAL]1 x Sasuke Uchiha, 1 x Demon Wind Shuriken, 1 x Snake Sword, 1 x Sakura Haruno, 1 x Hidden Leaf Cloak, 1 x Team 7 for -1 MtxCurrency",3100,2200,900,0.2903,1,2026-09-07T00:00:00Z,2026-09-10T23:59:59.999Z,1,0,-1,Naruto,Naruto,194,tileGrid,Size_2_x_1,Unsheathe the <highlight>SNAKE SWORD PICKAXE</> from <highlight>SASUKE UCHIHA's</> scabbard when both are equipped! Bundle includes loading screen!,1,SASUKE & SAKURA BUNDLE,6,br,CID_A_264_Athena_Commando_F_HeadbandS,Sakura Haruno,outfit,epic,,Naruto,2,8,2021-11-16T09:00:00Z
2026-09-08,v2:/3c3b26d3468f95739878347c164295573af69fb6609f2fd519ee4cea629b8934,"[VIRTUAL]1 x Sasuke Uchiha, 1 x Demon Wind Shuriken, 1 x Snake Sword, 1 x Sakura Haruno, 1 x Hidden Leaf Cloak, 1 x Team 7 for -1 MtxCurrency",3100,2200,900,0.2903,1,2026-09-07T00:00:00Z,2026-09-10T23:59:59.999Z,1,0,-1,Naruto,Naruto,194,tileGrid,Size_2_x_1,Unsheathe the <highlight>SNAKE SWORD PICKAXE</> from <highlight>SASUKE UCHIHA's</> scabbard when both are equipped! Bundle includes loading screen!,1,SASUKE & SAKURA BUNDLE,6,br,BID_905_HeadbandSFemale,Hidden Leaf Cloak,backpack,epic,,Naruto,2,8,2021-11-16T09:00:00Z
2026-09-08,v2:/3c3b26d3468f95739878347c164295573af69fb6609f2fd519ee4cea629b8934,"[VIRTUAL]1 x Sasuke Uchiha, 1 x Demon Wind Shuriken, 1 x Snake Sword, 1 x Sakura Haruno, 1 x Hidden Leaf Cloak, 1 x Team 7 for -1 MtxCurrency",3100,2200,900,0.2903,1,2026-09-07T00:00:00Z,2026-09-10T23:59:59.999Z,1,0,-1,Naruto,Naruto,194,tileGrid,Size_2_x_1,Unsheathe the <highlight>SNAKE SWORD PICKAXE</> from <highlight>SASUKE UCHIHA's</> scabbard when both are equipped! Bundle includes loading screen!,1,SASUKE & SAKURA BUNDLE,6,br,LSID_369_Headband,Team 7,loadingscreen,uncommon,,Naruto,2,8,2021-11-16T09:00:00Z
2026-09-08,v2:/8909f983c562faf6fc9aaa9b7b92a0fde35656ed326b35eec6786599f4e1b4c4,"[VIRTUAL]1 x Jubi Slide, 1 x Side Shuffle for -1 MtxCurrency",1000,600,400,0.4,1,2026-09-06T00:00:00Z,2026-09-09T23:59:59.999Z,1,0,-1,VV090826,Pop Off,197,tileGrid,Size_2_x_1,,1,Shuffle Bundle,2,br,EID_Goodbye_Upbeat,Jubi Slide,emote,icon,Icon Series,,5,1,2024-02-27T00:00:00Z
2026-09-08,v2:/8909f983c562faf6fc9aaa9b7b92a0fde35656ed326b35eec6786599f4e1b4c4,"[VIRTUAL]1 x Jubi Slide, 1 x Side Shuffle for -1 MtxCurrency",1000,600,400,0.4,1,2026-09-06T00:00:00Z,2026-09-09T23:59:59.999Z,1,0,-1,VV090826,Pop Off,197,tileGrid,Size_2_x_1,,1,Shuffle Bundle,2,br,EID_Goodbye,Side Shuffle,emote,icon,Icon Series,,3,4,2022-11-05T00:00:00Z
2026-09-08,v2:/28291a460f71728b82ca65b4a13c436e75923df923f348e76e4f827bd4f79550,"[VIRTUAL]1 x Shot Caller, 1 x Utility Pack for -1 MtxCurrency",1200,1200,0,0.0,0,2026-09-04T00:00:00Z,2026-09-10T23:59:59.999Z,1,0,-2,FND090826,Spotlight Drops,191,tileGrid,Size_1_x_1,,0,,2,br,CID_428_Athena_Commando_M_UrbanScavenger,Shot Caller,outfit,rare,,Metro Squad,1,9,2019-11-20T12:49:58Z
2026-09-08,v2:/28291a460f71728b82ca65b4a13c436e75923df923f348e76e4f827bd4f79550,"[VIRTUAL]1 x Shot Caller, 1 x Utility Pack for -1 MtxCurrency",1200,1200,0,0.0,0,2026-09-04T00:00:00Z,2026-09-10T23:59:59.999Z,1,0,-2,FND090826,Spotlight Drops,191,tileGrid,Size_1_x_1,,0,,2,br,BID_282_UrbanScavenger,Utility Pack,backpack,rare,,Metro Squad,1,9,2019-11-20T12:50:34Z
2026-09-08,v2:/3f9c85383516b70e4a2bc4c44834b52b7dd2a7d99a878ab89791301e746a43c2,[VIRTUAL]1 x Blinding Lights for 500 MtxCurrency,500,500,0,0.0,0,2026-09-01T00:00:00Z,2026-09-17T23:59:59.999Z,1,0,-29,JT090826,Jam Tracks,179,expandableList,Size_1_x_1,,0,,1,track,sid_placeholder_93,Blinding Lights,,,,,,,2024-01-05T21:55:08Z
2026-09-08,v2:/cb10183d9899d1a51a14c46dd56c63ef2d2ecd8176cfcec243e03a32f60b674f,[VIRTUAL]1 x Winner's Emblem for 200 MtxCurrency,200,200,0,0.0,0,2026-09-07T00:00:00Z,2026-09-09T23:59:59.999Z,1,0,-1,FNCS4,FNCS,183,tileGrid,Size_1_x_1,,0,,1,br,Backpack_FNCS_S30,Winner's Emblem,backpack,rare,,FNCS,5,3,2024-06-22T08:21:26Z
2026-09-08,v2:/9cfaed09c14dfa4ac4f5e5495b82fff4cbc97df827025027de8e203b316aecc1,[VIRTUAL]1 x Toxic for 500 MtxCurrency,500,500,0,0.0,0,2026-09-01T00:00:00Z,2026-09-17T23:59:59.999Z,1,0,-38,JT090826,Jam Tracks,179,expandableList,Size_1_x_1,,0,,1,track,sid_placeholder_340,Toxic,,,,,,,2024-09-27T00:00:00Z
2026-09-08,v2:/6db1e54f0b2f2e1111e2d19d2b78d6fda1b450ffae210849b74cd2067a858b44,[VIRTUAL]1 x Black Ops Mask for 300 MtxCurrency,300,300,0,0.0,0,2026-09-07T00:00:00Z,2026-09-10T23:59:59.999Z,1,0,-1,,,,,Size_2_x_1,,0,,1,br,BID_A_030_EnsembleMaskMale,Black Ops Mask,backpack,epic,,Naruto,3,3,2022-06-21T08:49:54Z
2026-09-08,v2:/e2161e3ff749c1e81c727948cbf076a314c8d76c323c0d3e4446470b29d90113,[VIRTUAL]1 x i for 500 MtxCurrency,500,500,0,0.0,0,2026-09-01T00:00:00Z,2026-09-17T23:59:59.999Z,1,0,-45,JT090826,Jam Tracks,179,expandableList,Size_1_x_1,,0,,1,track,sid_placeholder_110,i,,,,,,,2023-12-09T15:00:00Z
2026-09-08,v2:/469e35a3646e3a844768350e0d54d752ed85ef187cd3b28b96133bdb88f820b2,[VIRTUAL]1 x Conducting Rod Brand for 300 MtxCurrency,300,300,0,0.0,0,2026-09-06T00:00:00Z,2026-09-12T23:59:59.999Z,1,0,-3,MortalKombat1,Mortal Kombat,192,tileGrid,Size_1_x_1,,0,,1,br,EID_TotalFlock,Conducting Rod Brand,emote,gaminglegends,Gaming Legends Series,Klassic Kombat,6,2,2025-03-27T15:08:18Z
2026-09-08,v2:/92dd6980e2741374c4c3a723367215ff59b5549a05bac2dc82e6d251fd46b145,[VIRTUAL]1 x TBD (SID_Placeholder_795) for 500 MtxCurrency,500,500,0,0.0,0,2026-09-01T00:00:00Z,2026-09-17T23:59:59.999Z,1,0,-12,JT090826,Jam Tracks,179,expandableList,Size_1_x_1,,0,,1,track,sid_placeholder_795,I'll Believe in Anything,,,,,,,2026-05-19T14:12:36Z
2026-09-08,v2:/d5276138738922a20cd0d409c49dd599f4026b5effbf4e8f111c475d0daefcf8,[VIRTUAL]1 x TBD (SID_Placeholder_495) for 500 MtxCurrency,500,500,0,0.0,0,2026-09-01T00:00:00Z,2026-09-17T23:59:59.999Z,1,0,-23,JT090826,Jam Tracks,179,expandableList,Size_1_x_1,,0,,1,track,sid_placeholder_495,Bling-Bang-Bang-Born,,,,,,,2025-02-13T17:10:43Z
2026-09-08,v2:/b8725dbd49dcc3e062622995cd014594d7d0416ee694267f9a5d1a0abd246ade,[VIRTUAL]1 x Pompeii for 500 MtxCurrency,500,500,0,0.0,0,2026-09-01T00:00:00Z,2026-09-17T23:59:59.999Z,1,0,-16,JT090826,Jam Tracks,179,expandableList,Size_1_x_1,,0,,1,track,sid_placeholder_113,Pompeii,,,,,,,2024-01-16T20:57:57Z
2026-09-08,v2:/832b10436430a176363f833773216356927306b89ea99c9509b47333911fcd32,[VIRTUAL]1 x Toasty! for 300 MtxCurrency,300,300,0,0.0,0,2026-09-06T00:00:00Z,2026-09-12T23:59:59.999Z,1,0,-2,MortalKombat1,Mortal Kombat,192,tileGrid,Size_1_x_1,,0,,1,br,EID_SoapPocket,Toasty!,emote,gaminglegends,Gaming Legends Series,Klassic Kombat,6,2,2025-03-27T15:08:18Z
2026-09-08,v2:/d00370c643f3e9bedcfb3418e4c00455a3e295df04a8764952c896b5ada3a264,[VIRTUAL]1 x Ramen Break for 300 MtxCurrency,300,300,0,0.0,0,2026-09-07T00:00:00Z,2026-09-10T23:59:59.999Z,1,0,-1,Naruto,Naruto,194,tileGrid,Size_1_x_1,,0,,1,br,EID_Chashu,Ramen Break,emote,uncommon,,Naruto,2,8,2021-11-16T09:00:00Z
2026-09-08,v2:/53b8e5ee2e8b8674eeb6d34fd2f3ab48d94cd7784344c249693ad1b087e28163,[VIRTUAL]1 x Kitana's Fan-Nado for 300 MtxCurrency,300,300,0,0.0,0,2026-09-06T00:00:00Z,2026-09-12T23:59:59.999Z,1,0,-4,MortalKombat1,Mortal Kombat,192,tileGrid,Size_1_x_1,,0,,1,br,EID_GarlicWhisk,Kitana's Fan-Nado,emote,gaminglegends,Gaming Legends Series,Klassic Kombat,6,2,2025-03-27T15:08:18Z
2026-09-08,v2:/a049e7417cc2fbd9f2df7a7bf79c13682a7468b3f092d8ffb4b78dbbac11630b,[VIRTUAL]1 x Manda for 1200 MtxCurrency,1200,1200,0,0.0,0,2026-09-07T00:00:00Z,2026-09-10T23:59:59.999Z,1,0,-4,Naruto,Naruto,194,tileGrid,Size_1_x_1,,0,,1,br,Glider_ID_378_EnsembleSnakeMale,Manda,glider,epic,,Naruto,3,3,2022-06-21T08:49:54Z
2026-09-08,v2:/bc06bcae7855ffd1906642e0f5e7475dd1514db2e0f9643e182424377b5b1c2f,[VIRTUAL]1 x Orochimaru for 1600 MtxCurrency,1600,1600,0,0.0,0,2026-09-07T00:00:00Z,2026-09-10T23:59:59.999Z,1,0,-2,Naruto,Naruto,194,tileGrid,Size_1_x_1,<highlight>OROCHIMARU</> can use the built-in <highlight>STRIKING SHADOW SNAKES</> Emote with his default style!,0,,1,br,CID_A_433_Athena_Commando_M_EnsembleSnake,Orochimaru,outfit,epic,,Naruto,3,3,2022-06-21T08:49:54Z
2026-09-08,v2:/2e9553395e519e101ed3f365d69468dfd651bef78b4f4aa04d61311bf8de5658,[VIRTUAL]1 x TBD (SID_Placeholder_786) for 500 MtxCurrency,500,500,0,0.0,0,2026-09-01T00:00:00Z,2026-09-17T23:59:59.999Z,1,0,-42,JT090826,Jam Tracks,179,expandableList,Size_1_x_1,,0,,1,track,sid_placeholder_786,NEVER ENOUGH,,,,,,,2026-04-28T14:30:14Z
2026-09-08,v2:/f893d3864a8bfc7b70d3d677f8a22272354d665bcb85c0398f4dd67cb7f363a4,[VIRTUAL]1 x Battle-Worn Cape for 400 MtxCurrency,400,400,0,0.0,0,2026-09-04T00:00:00Z,2026-09-08T23:59:59.999Z,1,0,-1,,,,,Size_1_x_1,,0,,1,br,BID_744_CavernMale_CF6JE,Battle-Worn Cape,backpack,dc,DC SERIES,Batman: Zero Point,2,6,2021-04-29T09:03:59Z
2026-09-08,v2:/ee6ac3ec9a3517ee66086350135f1bcf07585c2e90fa06da57625c1d42c764a7,[VIRTUAL]1 x TBD (SID_Placeholder_823) for 500 MtxCurrency,500,500,0,0.0,0,2026-09-01T00:00:00Z,2026-09-17T23:59:59.999Z,1,0,-20,JT090826,Jam Tracks,179,expandableList,Size_1_x_1,,0,,1,track,sid_placeholder_823,He Gets Me So High,,,,,,,2026-06-16T14:07:21Z
2026-09-08,v2:/3bcb13707dd24cad06d8586cc9e8ca6d4a78bad41e487bf75d0b2d0dac23677f,[VIRTUAL]1 x Monarch Tech for 400 MtxCurrency,400,400,0,0.0,0,2026-09-05T00:00:00Z,2026-09-09T23:59:59.999Z,1,0,-1,,,,,Size_2_x_1,,0,,1,car,Wheel_Big02,Monarch Tech,wheel,common,,,,,2025-01-15T14:05:09Z
2026-09-08,v2:/cbdda873254dd1930050ae5d2921c7f56d6eaf28865f8f7585e0e9a2b9a924dd,[VIRTUAL]1 x cliché for 500 MtxCurrency,500,500,0,0.0,0,2026-09-08T00:00:00Z,2026-09-11T23:59:59.999Z,1,0,-2,VV090826,Pop Off,197,tileGrid,Size_1_x_1,,0,,1,br,EID_Flatbed,cliché,emote,icon,Icon Series,,6,5,2025-10-28T14:14:43Z
2026-09-08,v2:/cdc5f9daacd192b15dd91b4cb65066cedb2bb7eb8857b69353e2e2daef92933e,[VIRTUAL]1 x Scout's Favorite for 500 MtxCurrency,500,500,0,0.0,0,2026-09-08T00:00:00Z,2026-09-11T23:59:59.999Z,1,0,-4,DRG,Deep Rock Galactic,193,tileGrid,Size_1_x_1,,0,,1,br,Wrap_CampusSire,Scout's Favorite,wrap,rare,,Deep Rock Galactic,6,5,2025-08-30T00:00:00Z
2026-09-08,v2:/63b788efa2ba999343f12dff49db2f8b1bcf8f4ce2e7d76ec163f5f314fc6bc6,[VIRTUAL]1 x TBD (SID_Placeholder_506) for 500 MtxCurrency,500,500,0,0.0,0,2026-09-01T00:00:00Z,2026-09-17T23:59:59.999Z,1,0,-75,JT090826,Jam Tracks,179,expandableList,Size_1_x_1,,0,,1,track,sid_placeholder_506,Pumped Up Kicks,,,,,,,2025-03-06T14:32:03Z
2026-09-08,v2:/ab10fdba4b588f9062a621e0934e64ad65fe67938618ce034e0ca393be354a9f,[VIRTUAL]1 x TBD (SID_Placeholder_490) for 500 MtxCurrency,500,500,0,0.0,0,2026-09-01T00:00:00Z,2026-09-17T23:59:59.999Z,1,0,-62,JT090826,Jam Tracks,179,expandableList,Size_1_x_1,,0,,1,track,sid_placeholder_490,Party Like A Rock Star,,,,,,,2025-01-30T16:27:14Z
2026-09-08,v2:/8362da0df63b301e35e30f046746a5e0463087bd469809129ce7d5d699e71387,[VIRTUAL]1 x Miner's Shanty for 400 MtxCurrency,400,400,0,0.0,0,2026-09-08T00:00:00Z,2026-09-11T23:59:59.999Z,1,0,-3,DRG,Deep Rock Galactic,193,tileGrid,Size_1_x_1,,0,,1,br,EID_CampusSire,Miner's Shanty,emote,gaminglegends,Gaming Legends Series,Deep Rock Galactic,6,5,2025-08-30T00:00:00Z
2026-09-08,v2:/660408a050b2c4a16464c81604d07febf527960071d871b1bd19610bcee67734,[VIRTUAL]1 x Skelleshark for 1200 MtxCurrency,1200,1200,0,0.0,0,2026-09-05T00:00:00Z,2026-09-11T23:59:59.999Z,1,0,-3,Unvaulted,Unvaulted,190,tileGrid,Size_1_x_1,,0,,1,br,Glider_GoldCat,Skelleshark,glider,epic,,Swole 'n Gold,2,Remix,2024-11-02T17:09:31Z
2026-09-08,v2:/28a80da2c0362178a2c1f964cfab09b0508fa07d9021d453963e65eaf92156c9,[VIRTUAL]1 x Poison Petals for 300 MtxCurrency,300,300,0,0.0,0,2026-09-08T00:00:00Z,2026-09-08T23:59:59.999Z,1,0,-4,,,,,Size_1_x_1,,0,,1,br,Backpack_PirouetteWeld,Poison Petals,backpack,rare,,Cobra Lily,4,4,2023-08-25T17:49:31Z
2026-09-08,v2:/bbb61c62584d2e447460e22d4fd3921883d540302288693ed2e3633c8ffd9710,[VIRTUAL]1 x PWR Pack for 400 MtxCurrency,400,400,0,0.0,0,2026-09-08T00:00:00Z,2026-09-10T23:59:59.999Z,1,0,-1,,,,,Size_1_x_1,,0,,1,br,BID_629_LunchBox,PWR Pack,backpack,icon,Icon Series,PWR,2,4,2020-11-13T00:00:00Z
2026-09-08,v2:/9005ba6ffe8b9894f06021f249decef0506081b05fa3142aecfb9ae4e66723ce,[VIRTUAL]1 x Say So for 500 MtxCurrency,500,500,0,0.0,0,2026-09-01T00:00:00Z,2026-09-17T23:59:59.999Z,1,0,-39,JT090826,Jam Tracks,179,expandableList,Size_1_x_1,,0,,1,track,sid_placeholder_69,Say So,,,,,,,2024-01-31T00:05:11Z
2026-09-08,v2:/319e7625ba2d2ce0ae6e3e7ab5c4cec36fa1bc6f8ad427bf6d026befcc5731b4,[VIRTUAL]1 x Rhythm of Chaos for 500 MtxCurrency,500,500,0,0.0,0,2026-09-05T00:00:00Z,2026-09-11T23:59:59.999Z,1,0,-5,Unvaulted,Unvaulted,190,tileGrid,Size_1_x_1,,0,,1,br,EID_MissusMind,Rhythm of Chaos,emote,uncommon,,Bleakest Bedlam,2,Remix,2024-11-02T17:09:31Z
2026-09-08,v2:/7bdac06e88b44c186fbfe7694a667c03a4499b64815bcc18aa84136669a678bc,"[VIRTUAL]1 x Lachlan, 1 x PWR Pack, 1 x PWR Punch, 1 x PWR Slicers for -1 MtxCurrency",3000,2200,800,0.2667,1,2026-09-08T00:00:00Z,2026-09-10T23:59:59.999Z,1,0,-1,Icons1-6,Lachlan,177,tileGrid,Size_1_x_1,,1,Lachlan Bundle,4,br,CID_891_Athena_Commando_M_LunchBox,Lachlan,outfit,icon,Icon Series,PWR,2,4,2020-11-13T00:00:00Z
2026-09-08,v2:/7bdac06e88b44c186fbfe7694a667c03a4499b64815bcc18aa84136669a678bc,"[VIRTUAL]1 x Lachlan, 1 x PWR Pack, 1 x PWR Punch, 1 x PWR Slicers for -1 MtxCurrency",3000,2200,800,0.2667,1,2026-09-08T00:00:00Z,2026-09-10T23:59:59.999Z,1,0,-1,Icons1-6,Lachlan,177,tileGrid,Size_1_x_1,,1,Lachlan Bundle,4,br,BID_629_LunchBox,PWR Pack,backpack,icon,Icon Series,PWR,2,4,2020-11-13T00:00:00Z
2026-09-08,v2:/7bdac06e88b44c186fbfe7694a667c03a4499b64815bcc18aa84136669a678bc,"[VIRTUAL]1 x Lachlan, 1 x PWR Pack, 1 x PWR Punch, 1 x PWR Slicers for -1 MtxCurrency",3000,2200,800,0.2667,1,2026-09-08T00:00:00Z,2026-09-10T23:59:59.999Z,1,0,-1,Icons1-6,Lachlan,177,tileGrid,Size_1_x_1,,1,Lachlan Bundle,4,br,EID_LunchBox,PWR Punch,emote,icon,Icon Series,PWR,2,4,2020-11-13T00:00:00Z
2026-09-08,v2:/7bdac06e88b44c186fbfe7694a667c03a4499b64815bcc18aa84136669a678bc,"[VIRTUAL]1 x Lachlan, 1 x PWR Pack, 1 x PWR Punch, 1 x PWR Slicers for -1 MtxCurrency",3000,2200,800,0.2667,1,2026-09-08T00:00:00Z,2026-09-10T23:59:59.999Z,1,0,-1,Icons1-6,Lachlan,177,tileGrid,Size_1_x_1,,1,Lachlan Bundle,4,br,Pickaxe_ID_479_LunchBox1H,PWR Slicers,pickaxe,icon,Icon Series,PWR,2,4,2020-11-13T00:00:00Z
2026-09-08,v2:/7bad8feb97e4307dad2f47aca5b99798fa07558babc0abd57a9916613778b4af,"[VIRTUAL]1 x Drosera, 1 x Poison Petals for -1 MtxCurrency",1200,1200,0,0.0,0,2026-09-08T00:00:00Z,2026-09-08T23:59:59.999Z,1,0,-4,BR090826,Full Flex,184,tileGrid,Size_1_x_1,,0,,2,br,Character_PirouetteWeld,Drosera,outfit,rare,,Cobra Lily,4,4,2023-08-25T17:49:31Z
2026-09-08,v2:/7bad8feb97e4307dad2f47aca5b99798fa07558babc0abd57a9916613778b4af,"[VIRTUAL]1 x Drosera, 1 x Poison Petals for -1 MtxCurrency",1200,1200,0,0.0,0,2026-09-08T00:00:00Z,2026-09-08T23:59:59.999Z,1,0,-4,BR090826,Full Flex,184,tileGrid,Size_1_x_1,,0,,2,br,Backpack_PirouetteWeld,Poison Petals,backpack,rare,,Cobra Lily,4,4,2023-08-25T17:49:31Z
2026-09-08,v2:/6b6c3b54bb72333f4ec0bca626d784a216f29f885bb28f9b9c4b264f21e5ad8d,"[VIRTUAL]1 x Serenade, 1 x Fluttering Notes, 1 x Slow Clap, 1 x Sky Ray, 1 x Spectral Axe, 1 x Eternal Zero for -1 MtxCurrency",3900,2400,1500,0.3846,1,2026-09-06T00:00:00Z,2026-09-08T23:59:59.999Z,1,0,-1,Bewitching,Bewitching's Locker,176,tileGrid,Size_3_x_1,,1,Bewitching's Locker Bundle,6,br,Character_MirageHike,Serenade,outfit,rare,,Ethereal Song,4,2,2023-04-11T10:06:45Z
2026-09-08,v2:/6b6c3b54bb72333f4ec0bca626d784a216f29f885bb28f9b9c4b264f21e5ad8d,"[VIRTUAL]1 x Serenade, 1 x Fluttering Notes, 1 x Slow Clap, 1 x Sky Ray, 1 x Spectral Axe, 1 x Eternal Zero for -1 MtxCurrency",3900,2400,1500,0.3846,1,2026-09-06T00:00:00Z,2026-09-08T23:59:59.999Z,1,0,-1,Bewitching,Bewitching's Locker,176,tileGrid,Size_3_x_1,,1,Bewitching's Locker Bundle,6,br,Backpack_MirageHike,Fluttering Notes,backpack,rare,,Ethereal Song,4,2,2023-04-11T10:06:45Z
2026-09-08,v2:/6b6c3b54bb72333f4ec0bca626d784a216f29f885bb28f9b9c4b264f21e5ad8d,"[VIRTUAL]1 x Serenade, 1 x Fluttering Notes, 1 x Slow Clap, 1 x Sky Ray, 1 x Spectral Axe, 1 x Eternal Zero for -1 MtxCurrency",3900,2400,1500,0.3846,1,2026-09-06T00:00:00Z,2026-09-08T23:59:59.999Z,1,0,-1,Bewitching,Bewitching's Locker,176,tileGrid,Size_3_x_1,,1,Bewitching's Locker Bundle,6,br,EID_SlowClap,Slow Clap,emote,uncommon,,,1,1,2019-11-20T12:49:42Z
2026-09-08,v2:/6b6c3b54bb72333f4ec0bca626d784a216f29f885bb28f9b9c4b264f21e5ad8d,"[VIRTUAL]1 x Serenade, 1 x Fluttering Notes, 1 x Slow Clap, 1 x Sky Ray, 1 x Spectral Axe, 1 x Eternal Zero for -1 MtxCurrency",3900,2400,1500,0.3846,1,2026-09-06T00:00:00Z,2026-09-08T23:59:59.999Z,1,0,-1,Bewitching,Bewitching's Locker,176,tileGrid,Size_3_x_1,,1,Bewitching's Locker Bundle,6,br,Glider_ID_229_Angler,Sky Ray,glider,epic,,Sea Glow,2,3,2020-08-05T08:09:19Z
2026-09-08,v2:/6b6c3b54bb72333f4ec0bca626d784a216f29f885bb28f9b9c4b264f21e5ad8d,"[VIRTUAL]1 x Serenade, 1 x Fluttering Notes, 1 x Slow Clap, 1 x Sky Ray, 1 x Spectral Axe, 1 x Eternal Zero for -1 MtxCurrency",3900,2400,1500,0.3846,1,2026-09-06T00:00:00Z,2026-09-08T23:59:59.999Z,1,0,-1,Bewitching,Bewitching's Locker,176,tileGrid,Size_3_x_1,,1,Bewitching's Locker Bundle,6,br,Pickaxe_ID_035_Prismatic,Spectral Axe,pickaxe,rare,,,1,3,2019-11-20T12:50:58Z
2026-09-08,v2:/6b6c3b54bb72333f4ec0bca626d784a216f29f885bb28f9b9c4b264f21e5ad8d,"[VIRTUAL]1 x Serenade, 1 x Fluttering Notes, 1 x Slow Clap, 1 x Sky Ray, 1 x Spectral Axe, 1 x Eternal Zero for -1 MtxCurrency",3900,2400,1500,0.3846,1,2026-09-06T00:00:00Z,2026-09-08T23:59:59.999Z,1,0,-1,Bewitching,Bewitching's Locker,176,tileGrid,Size_3_x_1,,1,Bewitching's Locker Bundle,6,br,Wrap_111_ZeroPointCeiling,Eternal Zero,wrap,rare,,Zero Point,1,X,2019-11-20T12:48:23Z
2026-09-08,v2:/ebd8a9c2443b43af0d26e87db2d64fee1f5716fbf77f249dd5c8e87db1d58b8c,[VIRTUAL]1 x Raiden's Staff for 800 MtxCurrency,800,800,0,0.0,0,2026-09-06T00:00:00Z,2026-09-12T23:59:59.999Z,1,0,-1,MortalKombat1,Mortal Kombat,192,tileGrid,Size_1_x_1,,0,,1,br,Pickaxe_TotalFlock,Raiden's Staff,pickaxe,gaminglegends,Gaming Legends Series,Klassic Kombat,6,2,2025-03-27T15:08:18Z
2026-09-08,v2:/a0d197bdd39b2f7ab994051f4c7379baaff4c28bada58005764a4bbca074173c,[VIRTUAL]1 x Bamboo for 800 MtxCurrency,800,800,0,0.0,0,2026-09-07T00:00:00Z,2026-09-10T23:59:59.999Z,1,0,-2,,,,,Size_1_x_1,,0,,1,br,BID_092_FuzzyBearPanda,Bamboo,backpack,legendary,,,1,5,2019-11-20T12:50:39Z
2026-09-08,v2:/27f53244d601d8a1f10c3d262e320b81950839e8eeb22098ed1d0a3e8fcbff37,[VIRTUAL]1 x Rock and Stone for 300 MtxCurrency,300,300,0,0.0,0,2026-09-08T00:00:00Z,2026-09-11T23:59:59.999Z,1,0,-3,DRG,Deep Rock Galactic,193,tileGrid,Size_1_x_1,,0,,1,br,EID_CampusSire_Gem,Rock and Stone,emote,gaminglegends,Gaming Legends Series,Deep Rock Galactic,6,5,2025-08-30T00:00:00Z
2026-09-08,v2:/0f9a7cb62e948184796fb0be1a8be2e06093e3c890eea400e371cf3f07381e90,[VIRTUAL]1 x Welcome To The Jungle for 500 MtxCurrency,500,500,0,0.0,0,2026-09-01T00:00:00Z,2026-09-17T23:59:59.999Z,1,0,-60,JT090826,Jam Tracks,179,expandableList,Size_1_x_1,,0,,1,track,sid_placeholder_272,Welcome To The Jungle,,,,,,,2024-08-09T00:00:00Z
2026-09-08,v2:/7cb073796a01bb82aaa251c732acf7946ef90d8defef9b33bb477129aa5af01a,"[VIRTUAL]1 x Gaara, 1 x Sand Gourd, 1 x Gaara's Sand Cloud for -1 MtxCurrency",1800,1800,0,0.0,0,2026-09-07T00:00:00Z,2026-09-10T23:59:59.999Z,1,0,-3,Naruto,Naruto,194,tileGrid,Size_1_x_1,,0,,3,br,CID_A_434_Athena_Commando_M_EnsembleMaroon,Gaara,outfit,epic,,Naruto,3,3,2022-06-21T08:49:54Z
2026-09-08,v2:/7cb073796a01bb82aaa251c732acf7946ef90d8defef9b33bb477129aa5af01a,"[VIRTUAL]1 x Gaara, 1 x Sand Gourd, 1 x Gaara's Sand Cloud for -1 MtxCurrency",1800,1800,0,0.0,0,2026-09-07T00:00:00Z,2026-09-10T23:59:59.999Z,1,0,-3,Naruto,Naruto,194,tileGrid,Size_1_x_1,,0,,3,br,BID_A_032_EnsembleMaroonMale,Sand Gourd,backpack,epic,,Naruto,3,3,2022-06-21T08:49:54Z
2026-09-08,v2:/7cb073796a01bb82aaa251c732acf7946ef90d8defef9b33bb477129aa5af01a,"[VIRTUAL]1 x Gaara, 1 x Sand Gourd, 1 x Gaara's Sand Cloud for -1 MtxCurrency",1800,1800,0,0.0,0,2026-09-07T00:00:00Z,2026-09-10T23:59:59.999Z,1,0,-3,Naruto,Naruto,194,tileGrid,Size_1_x_1,,0,,3,br,Glider_ID_377_EnsembleMaroonMale,Gaara's Sand Cloud,glider,epic,,Naruto,3,3,2022-06-21T08:49:54Z
2026-09-08,v2:/88cca8b4835564e0609c13770b1133685a6a60a3e91be2e0407807fbb9197a05,[VIRTUAL]1 x Nothing Else Matters for 500 MtxCurrency,500,500,0,0.0,0,2026-09-01T00:00:00Z,2026-09-17T23:59:59.999Z,1,0,-72,JT090826,Jam Tracks,179,expandableList,Size_1_x_1,,0,,1,track,sid_placeholder_237,Nothing Else Matters,,,,,,,2024-06-20T00:00:00Z
2026-09-08,v2:/189a21578027809123fa275d6447f4427bfe701ef1cd8023954570a6279b97d5,[VIRTUAL]1 x TBD (SID_Placeholder_744) for 500 MtxCurrency,500,500,0,0.0,0,2026-09-01T00:00:00Z,2026-09-17T23:59:59.999Z,1,0,-83,JT090826,Jam Tracks,179,expandableList,Size_1_x_1,,0,,1,track,sid_placeholder_744,Just Pretend,,,,,,,2026-02-11T04:45:25Z
2026-09-08,v2:/cb4b248251d57dd6a8d88200e6f84bc2b06a3e54a3af4bdcc6f71db140a4dedf,[VIRTUAL]1 x Happier Than Ever - Edit for 500 MtxCurrency,500,500,0,0.0,0,2026-09-01T00:00:00Z,2026-09-17T23:59:59.999Z,1,0,-35,JT090826,Jam Tracks,179,expandableList,Size_1_x_1,,0,,1,track,sid_placeholder_171,Happier Than Ever - Edit,,,,,,,2024-04-23T00:00:00Z
2026-09-08,v2:/0e4eb5d38447bbc87ff52b3ac69c892365a4fbf7a2b6d58fa4a6a3df988ca702,[VIRTUAL]1 x Lux Æterna for 500 MtxCurrency,500,500,0,0.0,0,2026-09-01T00:00:00Z,2026-09-17T23:59:59.999Z,1,0,-88,JT090826,Jam Tracks,179,expandableList,Size_1_x_1,,0,,1,track,sid_placeholder_236,Lux Æterna,,,,,,,2024-06-20T00:00:00Z
2026-09-08,v2:/cbeee8164cc0ebea1620354e694c432360d57356d92f543d49048a5011f90502,[VIRTUAL]1 x Utility Pack for 300 MtxCurrency,300,300,0,0.0,0,2026-09-04T00:00:00Z,2026-09-10T23:59:59.999Z,1,0,-2,,,,,Size_1_x_1,,0,,1,br,BID_282_UrbanScavenger,Utility Pack,backpack,rare,,Metro Squad,1,9,2019-11-20T12:50:34Z
2026-09-08,v2:/a5236f185e07d45c77bc6b2d5da016595408c2ed661407604f3286b9b3b668d9,[VIRTUAL]1 x Wings of Madness for 800 MtxCurrency,800,800,0,0.0,0,2026-09-04T00:00:00Z,2026-09-08T23:59:59.999Z,1,0,-3,DeathstrokemanLaugh,DC,181,tileGrid,Size_1_x_1,,0,,1,br,Glider_ID_323_GiggleMale_XADT7,Wings of Madness,glider,dc,DC SERIES,Dark Multiverse,2,8,2021-10-22T16:37:22Z
2026-09-08,v2:/5d4f5e9ab2d5135a9f80a1ca97bbe8c7cf003238050bf1bb2f6cbabfc6fcd4c6,[VIRTUAL]1 x TBD (SID_Placeholder_775) for 500 MtxCurrency,500,500,0,0.0,0,2026-09-01T00:00:00Z,2026-09-17T23:59:59.999Z,1,0,-79,JT090826,Jam Tracks,179,expandableList,Size_1_x_1,,0,,1,track,sid_placeholder_775,A Thousand Miles,,,,,,,2026-04-16T08:01:05Z
2026-09-08,v2:/5c09105b6dcf9ccff07ecd3a095306b78648f5d44a882972d97a8c82fb9ab8b1,[VIRTUAL]1 x FNCS Elite for 300 MtxCurrency,300,300,0,0.0,0,2026-09-07T00:00:00Z,2026-09-09T23:59:59.999Z,1,0,-2,FNCS4,FNCS,183,tileGrid,Size_1_x_1,,0,,1,br,Wrap_Comp30,FNCS Elite,wrap,uncommon,,FNCS,5,3,2024-06-22T08:21:26Z
2026-09-08,v2:/0f60d4763965ed4b74b6d1e864fb32661c9bb590f385f714df576f377cd316ab,[VIRTUAL]1 x TBD (SID_Placeholder_594) for 500 MtxCurrency,500,500,0,0.0,0,2026-09-01T00:00:00Z,2026-09-17T23:59:59.999Z,1,0,-32,JT090826,Jam Tracks,179,expandableList,Size_1_x_1,,0,,1,track,sid_placeholder_594,Sunflower - Spider-Man: Into the Spider-Verse,,,,,,,2025-06-04T00:24:13Z
2026-09-08,v2:/14b62f34c42fa37560d4efd2ce7df136b0099921ce4fc8b8ac4341b9005933e6,[VIRTUAL]1 x Spectral Axe for 800 MtxCurrency,800,800,0,0.0,0,2026-09-06T00:00:00Z,2026-09-08T23:59:59.999Z,1,0,-3,Bewitching,Bewitching's Locker,176,tileGrid,Size_1_x_1,,0,,1,br,Pickaxe_ID_035_Prismatic,Spectral Axe,pickaxe,rare,,,1,3,2019-11-20T12:50:58Z
2026-09-08,v2:/03779421649e87738299f84ae0030cda55db9dd6215bc1bec3c05539599881bc,[VIRTUAL]1 x Walk Em Down for 500 MtxCurrency,500,500,0,0.0,0,2026-09-01T00:00:00Z,2026-09-17T23:59:59.999Z,1,0,-57,JT090826,Jam Tracks,179,expandableList,Size_1_x_1,,0,,1,track,sid_placeholder_269,Walk Em Down,,,,,,,2024-07-18T13:57:48Z
2026-09-08,v2:/3376ee513e4a6ffbd1132a7c410c77713f01ac1d0254175f5da20e2b75fa6d1e,[VIRTUAL]1 x Limitless (Murda Beatz Remix) for 500 MtxCurrency,500,500,0,0.0,0,2026-09-05T00:00:00Z,2026-09-11T23:59:59.999Z,1,0,-5,Unvaulted,Unvaulted,190,tileGrid,Size_1_x_1,,0,,1,track,sid_placeholder_352,Limitless (Murda Beatz Remix),,,,,,,2024-11-02T07:02:33Z
2026-09-08,v2:/dfdeac072121ab792fbdcd43a9ec27485dfe5872e09475a6901b7920191a6145,[VIRTUAL]1 x The Final Countdown for 500 MtxCurrency,500,500,0,0.0,0,2026-09-01T00:00:00Z,2026-09-17T23:59:59.999Z,1,0,-81,JT090826,Jam Tracks,179,expandableList,Size_1_x_1,,0,,1,track,sid_placeholder_261,The Final Countdown,,,,,,,2024-07-26T00:00:00Z
2026-09-08,v2:/ff7e8d0495e6500700111f64c84ebe0393681800416c71989982ae38179be3c8,[VIRTUAL]1 x Dirty Little Secret for 500 MtxCurrency,500,500,0,0.0,0,2026-09-01T00:00:00Z,2026-09-17T23:59:59.999Z,1,0,-19,JT090826,Jam Tracks,179,expandableList,Size_1_x_1,,0,,1,track,sid_placeholder_82,Dirty Little Secret,,,,,,,2023-12-12T00:00:00Z
2026-09-08,v2:/6b8b2e799926e763d03326cdbba4cae0f5f954d71853e4efb1ed160002190388,"[VIRTUAL]1 x Depth Dealer, 1 x Wavepiercer for -1 MtxCurrency",1200,1200,0,0.0,0,2026-09-04T00:00:00Z,2026-09-10T23:59:59.999Z,1,0,-3,FND090826,Spotlight Drops,191,tileGrid,Size_1_x_1,,0,,2,br,CID_622_Athena_Commando_M_BulletBlue,Depth Dealer,outfit,rare,,Open Water,2,1,2019-11-20T12:51:18Z
2026-09-08,v2:/6b8b2e799926e763d03326cdbba4cae0f5f954d71853e4efb1ed160002190388,"[VIRTUAL]1 x Depth Dealer, 1 x Wavepiercer for -1 MtxCurrency",1200,1200,0,0.0,0,2026-09-04T00:00:00Z,2026-09-10T23:59:59.999Z,1,0,-3,FND090826,Spotlight Drops,191,tileGrid,Size_1_x_1,,0,,2,br,BID_418_BulletBlueMale,Wavepiercer,backpack,rare,,Open Water,2,1,2019-11-20T12:51:15Z
2026-09-08,v2:/25689a889dc842e09f946d784cf39aeae6cd4922c2afcdec93d930859edf51f1,"[VIRTUAL]1 x Tender Defender, 1 x Hatchback for -1 MtxCurrency",1500,1500,0,0.0,0,2026-09-08T00:00:00Z,2026-09-13T23:59:59.999Z,1,0,-4,BR090826,Full Flex,184,tileGrid,Size_1_x_1,,0,,2,br,CID_274_Athena_Commando_M_Feathers,Tender Defender,outfit,epic,,Fowl Play,1,6,2019-11-20T12:50:11Z
2026-09-08,v2:/25689a889dc842e09f946d784cf39aeae6cd4922c2afcdec93d930859edf51f1,"[VIRTUAL]1 x Tender Defender, 1 x Hatchback for -1 MtxCurrency",1500,1500,0,0.0,0,2026-09-08T00:00:00Z,2026-09-13T23:59:59.999Z,1,0,-4,BR090826,Full Flex,184,tileGrid,Size_1_x_1,,0,,2,br,BID_154_Feathers,Hatchback,backpack,epic,,Fowl Play,1,6,2019-11-20T12:50:37Z
2026-09-08,v2:/9a1d28571a6ae64174a98ee10076fcedf163b17ee4d8494344b2b3d3138caeb6,[VIRTUAL]1 x Pupper Slippers for 600 MtxCurrency,600,600,0,0.0,0,2026-09-07T00:00:00Z,2026-09-13T23:59:59.999Z,1,0,-5,BR090826,Full Flex,184,tileGrid,Size_1_x_1,,0,,1,br,Shoes_HowlFeast,Pupper Slippers,shoe,uncommon,,,6,4,2025-06-08T00:19:13Z
2026-09-08,v2:/fbecff863a66508c25edc0d9e137bdd7a3d8afb7af82ed5de5cff85e6b14590f,"[VIRTUAL]1 x Kakashi Hatake, 1 x Pakkun for -1 MtxCurrency",1500,1500,0,0.0,0,2026-09-07T00:00:00Z,2026-09-10T23:59:59.999Z,1,0,-3,Naruto,Naruto,194,tileGrid,Size_1_x_1,,0,,2,br,CID_A_262_Athena_Commando_M_HeadbandK,Kakashi Hatake,outfit,epic,,Naruto,2,8,2021-11-16T09:00:00Z
2026-09-08,v2:/fbecff863a66508c25edc0d9e137bdd7a3d8afb7af82ed5de5cff85e6b14590f,"[VIRTUAL]1 x Kakashi Hatake, 1 x Pakkun for -1 MtxCurrency",1500,1500,0,0.0,0,2026-09-07T00:00:00Z,2026-09-10T23:59:59.999Z,1,0,-3,Naruto,Naruto,194,tileGrid,Size_1_x_1,,0,,2,br,BID_903_HeadbandKMale,Pakkun,backpack,epic,,Naruto,2,8,2021-11-16T09:00:00Z
2026-09-08,v2:/8800ac44b32b1c3acf39960c69d59f27cb80344435a138bcb8e5c7aa8108f2bc,"[VIRTUAL]1 x Deathstroke's Katanas, 1 x Deathstroke's Katanas for 800 MtxCurrency",800,800,0,0.0,0,2026-09-04T00:00:00Z,2026-09-08T23:59:59.999Z,1,0,-2,,,,,Size_2_x_1,,0,,2,br,Pickaxe_ID_605_GrimMale_8GT61,Deathstroke's Katanas,pickaxe,dc,DC SERIES,Batman: Zero Point,2,6,2021-05-25T17:38:34Z
2026-09-08,v2:/8800ac44b32b1c3acf39960c69d59f27cb80344435a138bcb8e5c7aa8108f2bc,"[VIRTUAL]1 x Deathstroke's Katanas, 1 x Deathstroke's Katanas for 800 MtxCurrency",800,800,0,0.0,0,2026-09-04T00:00:00Z,2026-09-08T23:59:59.999Z,1,0,-2,,,,,Size_2_x_1,,0,,2,br,BID_768_Grim_QR2Q2,Deathstroke's Katanas,backpack,dc,DC SERIES,Batman: Zero Point,2,6,2021-05-25T17:38:34Z
2026-09-08,v2:/934aaeef9a2cfd0ee672bfc2ef6b2555290a5db2c44343fd5bae4e8cb63df907,[VIRTUAL]1 x Heat Ray for -1 MtxCurrency,400,400,0,0.0,0,2026-09-05T00:00:00Z,2026-09-09T23:59:59.999Z,1,0,-2,GodzillaxKong,Mechagodzilla & Kong,185,tileGrid,Size_1_x_1,,1,Heat Ray Boost,1,car,ID_Booster_Big,Heat Ray,booster,uncommon,,,,,2025-01-15T14:05:09Z
2026-09-08,v2:/c67c6ce454692604be0fd3de043b1e87e52fdb8db2532017a14670f768018504,[VIRTUAL]1 x Barbarian for 500 MtxCurrency,500,500,0,0.0,0,2026-09-01T00:00:00Z,2026-09-17T23:59:59.999Z,1,0,-89,JT090826,Jam Tracks,179,expandableList,Size_1_x_1,,0,,1,track,sid_placeholder_430,Barbarian,,,,,,,2024-12-01T01:00:00Z
2026-09-08,v2:/3aba031499a049b4d4dd456532fc78fce18a5381e796fb912d2bdadcc8a37d8c,[VIRTUAL]1 x Bounce Berry for 300 MtxCurrency,300,300,0,0.0,0,2026-09-08T00:00:00Z,2026-09-10T23:59:59.999Z,1,0,-3,Loserfruit,Loserfruit,178,tileGrid,Size_1_x_1,,0,,1,br,EID_Loofah,Bounce Berry,emote,icon,Icon Series,Loserfruit,2,3,2020-06-21T09:01:14Z
2026-09-08,v2:/aed48fbffbd1053e0760b08a1642a36e7e34e1210348a693822296e37dcd1de4,[VIRTUAL]1 x Guff Puffs for 500 MtxCurrency,500,500,0,0.0,0,2026-09-05T00:00:00Z,2026-09-11T23:59:59.999Z,1,0,-4,Unvaulted,Unvaulted,190,tileGrid,Size_1_x_1,,0,,1,br,Contrail_DenimEquip,Guff Puffs,contrail,uncommon,,Mighty Questie,2,Remix,2024-11-02T17:09:31Z
2026-09-08,v2:/ecceff8d2243b841a440f6b839721a276ebaad787050edc0b580e002a8f867bb,[VIRTUAL]1 x TBD (SID_Placeholder_587) for 500 MtxCurrency,500,500,0,0.0,0,2026-09-01T00:00:00Z,2026-09-17T23:59:59.999Z,1,0,-51,JT090826,Jam Tracks,179,expandableList,Size_1_x_1,,0,,1,track,sid_placeholder_587,Dream On,,,,,,,2025-05-14T00:00:00Z
2026-09-08,v2:/e4da19e1df2e1e2a5174b1895a7cfdc58d28fb212677e7d7759afdc04c5427cd,[VIRTUAL]1 x Feel Good Inc for 500 MtxCurrency,500,500,0,0.0,0,2026-09-04T00:00:00Z,2026-09-10T23:59:59.999Z,1,0,-4,JT090826,Jam Tracks,179,tileGrid,Size_1_x_1,,0,,1,track,sid_placeholder_31,Feel Good Inc,,,,,,,2024-03-05T20:11:31Z
2026-09-08,v2:/a7fc11b6aa53710a229a971b95839a9e6149a730387c09f8b6b3256ea59f7781,[VIRTUAL]1 x Song 2 for 500 MtxCurrency,500,500,0,0.0,0,2026-09-08T00:00:00Z,2026-09-11T23:59:59.999Z,1,0,-4,VV090826,Pop Off,197,tileGrid,Size_1_x_1,,0,,1,br,EID_TeenSpirit,Song 2,emote,icon,Icon Series,,6,5,2025-09-08T05:24:38Z
2026-09-08,v2:/f4fa2b12b098168106d09a7b3849ab38173fbec1b799e6567347ea3c04a25e4c,[VIRTUAL]1 x Tactical Guff for 500 MtxCurrency,500,500,0,0.0,0,2026-09-05T00:00:00Z,2026-09-11T23:59:59.999Z,1,0,-3,Unvaulted,Unvaulted,190,tileGrid,Size_1_x_1,,0,,1,br,Wrap_DenimEquip,Tactical Guff,wrap,rare,,Mighty Questie,2,Remix,2024-11-02T17:09:31Z
2026-09-08,v2:/4022673e6125b7d052c33072eb71569d4b416bde4b54d84128cea42ad91605bf,[VIRTUAL]1 x TBD (SID_Placeholder_497) for 500 MtxCurrency,500,500,0,0.0,0,2026-09-01T00:00:00Z,2026-09-17T23:59:59.999Z,1,0,-92,JT090826,Jam Tracks,179,expandableList,Size_1_x_1,,0,,1,track,sid_placeholder_497,Still Into You,,,,,,,2025-03-18T15:58:31Z
2026-09-08,v2:/7d5d19a17360328c75afef2ce5236f8fa4f62c7699a7b66ee8121fe73610c1aa,[VIRTUAL]1 x Please Please Please for 500 MtxCurrency,500,500,0,0.0,0,2026-09-08T00:00:00Z,2026-09-12T23:59:59.999Z,1,0,-1,SabrinaCarpenterSweet,Sabrina Carpenter,195,tileGrid,Size_1_x_1,,0,,1,br,EID_DimeBlanketGrace,Please Please Please,emote,icon,Icon Series,Sabrina Carpenter,6,2,2025-04-08T08:00:00Z
2026-09-08,v2:/a308378bef2c221a07427634ef7b9a6feccc6fc10643def44afb6cef155ccf36,[VIRTUAL]1 x TBD (SID_Placeholder_796) for 500 MtxCurrency,500,500,0,0.0,0,2026-09-01T00:00:00Z,2026-09-17T23:59:59.999Z,1,0,-43,JT090826,Jam Tracks,179,expandableList,Size_1_x_1,,0,,1,track,sid_placeholder_796,Snow on The Bluff,,,,,,,2026-05-26T14:09:46Z
2026-09-08,v2:/1026b97d51ddeebef381355a901ac70de6c5d020b649203c2ed088cae26f3339,[VIRTUAL]1 x B.E.A.S.T. Armorplate for 300 MtxCurrency,300,300,0,0.0,0,2026-09-05T00:00:00Z,2026-09-09T23:59:59.999Z,1,0,-4,GodzillaxKong,Mechagodzilla & Kong,185,tileGrid,Size_1_x_1,,0,,1,br,Backpack_AvocadoSeal,B.E.A.S.T. Armorplate,backpack,rare,,Monarch's Titans,6,1,2025-01-15T14:05:32Z
2026-09-08,v2:/4ebf1334d3daa35a3bf879f88120030e1d7e434d0e896531407e22dea7f2c23f,[VIRTUAL]1 x The Search for 500 MtxCurrency,500,500,0,0.0,0,2026-09-01T00:00:00Z,2026-09-17T23:59:59.999Z,1,0,-1,JT090826,Jam Tracks,179,expandableList,Size_1_x_1,,0,,1,track,sid_placeholder_56,The Search,,,,,,,2023-12-11T00:00:00Z
2026-09-08,v2:/9eea0be4961143a90ca361afda1334ab9a21e3cd594353161591a52290879cac,[VIRTUAL]1 x TBD (SID_Placeholder_538) for 500 MtxCurrency,500,500,0,0.0,0,2026-09-01T00:00:00Z,2026-09-17T23:59:59.999Z,1,0,-66,JT090826,Jam Tracks,179,expandableList,Size_1_x_1,,0,,1,track,sid_placeholder_538,Juno,,,,,,,2025-04-08T08:40:23Z
2026-09-08,v2:/fef5293880c6c42463d34fb76a89fa8cb38ffc6159914cbc415eef2093ff8e37,[VIRTUAL]1 x Undercover Skye for 1200 MtxCurrency,1200,1200,0,0.0,0,2026-09-05T00:00:00Z,2026-09-11T23:59:59.999Z,1,0,-2,Unvaulted,Unvaulted,190,tileGrid,Size_2_x_1,,0,,1,br,Character_DenimEquip_Stock,Undercover Skye,outfit,epic,,Mighty Questie,2,Remix,2024-11-02T17:09:31Z
2026-09-08,v2:/87a7146276482daa0ecc6bcab49917ec69f8c713619f6474490928c05bc95642,[VIRTUAL]1 x 1-Ball for 1200 MtxCurrency,1200,1200,0,0.0,0,2026-09-05T00:00:00Z,2026-09-11T23:59:59.999Z,1,0,-2,Unvaulted,Unvaulted,190,tileGrid,Size_1_x_1,,0,,1,br,Character_StageCue_Chalk,1-Ball,outfit,epic,,In the Pocket,2,Remix,2024-11-02T17:09:31Z
2026-09-08,v2:/82c1b626274016ba0cd968b568a6964e05e8f8f5adbf07144a2a762e6a5afc7a,[VIRTUAL]1 x A WEATHER BALLOON for 500 MtxCurrency,500,500,0,0.0,0,2026-09-08T00:00:00Z,2026-09-14T23:59:59.999Z,1,0,-2,,,,,Size_1_x_1,,0,,1,br,BID_822_AlienSummer,A WEATHER BALLOON,backpack,epic,,Hot Alien Summer,2,7,2021-08-03T11:17:43Z
2026-09-08,v2:/40b7c9114709b8ba04cab8b9496e3d1883432c4e91cfa51dd6e245837db8e381,[VIRTUAL]1 x Gaara's Sand Cloud for 800 MtxCurrency,800,800,0,0.0,0,2026-09-07T00:00:00Z,2026-09-10T23:59:59.999Z,1,0,-1,,,,,Size_1_x_1,,0,,1,br,Glider_ID_377_EnsembleMaroonMale,Gaara's Sand Cloud,glider,epic,,Naruto,3,3,2022-06-21T08:49:54Z
2026-09-08,v2:/e30b9910f9e3826de9c50d45f46fd633dbf20d5880487cb37ddfb4ee45d91009,"[VIRTUAL]1 x Crash Bandicoot, 1 x Bandicoot, 1 x Spyro the Dragon, 1 x Aku Aku, 1 x Crash's Victory, 1 x Crash's Wumpa Mace for -1 MtxCurrency",4900,3000,1900,0.3878,1,2026-08-29T00:00:00Z,2026-09-11T23:59:59.999Z,1,0,-1,CrashSpyro1,Crash Bandicoot & Spyro the Dragon,186,tileGrid,Size_4_x_1,,1,Crash Bandicoot & Spyro the Dragon Bundle,6,br,Character_SpruceBark,Crash Bandicoot,outfit,gaminglegends,Gaming Legends Series,Crash Bandicoot,7,4,2026-08-26T23:33:06Z
2026-09-08,v2:/e30b9910f9e3826de9c50d45f46fd633dbf20d5880487cb37ddfb4ee45d91009,"[VIRTUAL]1 x Crash Bandicoot, 1 x Bandicoot, 1 x Spyro the Dragon, 1 x Aku Aku, 1 x Crash's Victory, 1 x Crash's Wumpa Mace for -1 MtxCurrency",4900,3000,1900,0.3878,1,2026-08-29T00:00:00Z,2026-09-11T23:59:59.999Z,1,0,-1,CrashSpyro1,Crash Bandicoot & Spyro the Dragon,186,tileGrid,Size_4_x_1,,1,Crash Bandicoot & Spyro the Dragon Bundle,6,br,Wrap_SpruceBark,Bandicoot,wrap,gaminglegends,Gaming Legends Series,Crash Bandicoot,7,4,2026-08-26T23:33:06Z
2026-09-08,v2:/e30b9910f9e3826de9c50d45f46fd633dbf20d5880487cb37ddfb4ee45d91009,"[VIRTUAL]1 x Crash Bandicoot, 1 x Bandicoot, 1 x Spyro the Dragon, 1 x Aku Aku, 1 x Crash's Victory, 1 x Crash's Wumpa Mace for -1 MtxCurrency",4900,3000,1900,0.3878,1,2026-08-29T00:00:00Z,2026-09-11T23:59:59.999Z,1,0,-1,CrashSpyro1,Crash Bandicoot & Spyro the Dragon,186,tileGrid,Size_4_x_1,,1,Crash Bandicoot & Spyro the Dragon Bundle,6,br,Companion_SandyInland,Spyro the Dragon,sidekick,gaminglegends,Gaming Legends Series,Spyro,7,4,2026-08-27T13:00:15Z
2026-09-08,v2:/e30b9910f9e3826de9c50d45f46fd633dbf20d5880487cb37ddfb4ee45d91009,"[VIRTUAL]1 x Crash Bandicoot, 1 x Bandicoot, 1 x Spyro the Dragon, 1 x Aku Aku, 1 x Crash's Victory, 1 x Crash's Wumpa Mace for -1 MtxCurrency",4900,3000,1900,0.3878,1,2026-08-29T00:00:00Z,2026-09-11T23:59:59.999Z,1,0,-1,CrashSpyro1,Crash Bandicoot & Spyro the Dragon,186,tileGrid,Size_4_x_1,,1,Crash Bandicoot & Spyro the Dragon Bundle,6,br,Backpack_SpruceBark,Aku Aku,backpack,gaminglegends,Gaming Legends Series,Crash Bandicoot,7,4,2026-08-27T13:00:15Z
2026-09-08,v2:/e30b9910f9e3826de9c50d45f46fd633dbf20d5880487cb37ddfb4ee45d91009,"[VIRTUAL]1 x Crash Bandicoot, 1 x Bandicoot, 1 x Spyro the Dragon, 1 x Aku Aku, 1 x Crash's Victory, 1 x Crash's Wumpa Mace for -1 MtxCurrency",4900,3000,1900,0.3878,1,2026-08-29T00:00:00Z,2026-09-11T23:59:59.999Z,1,0,-1,CrashSpyro1,Crash Bandicoot & Spyro the Dragon,186,tileGrid,Size_4_x_1,,1,Crash Bandicoot & Spyro the Dragon Bundle,6,br,EID_SpruceBark,Crash's Victory,emote,gaminglegends,Gaming Legends Series,Crash Bandicoot,7,4,2026-08-26T23:33:06Z
2026-09-08,v2:/e30b9910f9e3826de9c50d45f46fd633dbf20d5880487cb37ddfb4ee45d91009,"[VIRTUAL]1 x Crash Bandicoot, 1 x Bandicoot, 1 x Spyro the Dragon, 1 x Aku Aku, 1 x Crash's Victory, 1 x Crash's Wumpa Mace for -1 MtxCurrency",4900,3000,1900,0.3878,1,2026-08-29T00:00:00Z,2026-09-11T23:59:59.999Z,1,0,-1,CrashSpyro1,Crash Bandicoot & Spyro the Dragon,186,tileGrid,Size_4_x_1,,1,Crash Bandicoot & Spyro the Dragon Bundle,6,br,Pickaxe_SpruceBark,Crash's Wumpa Mace,pickaxe,gaminglegends,Gaming Legends Series,Crash Bandicoot,7,4,2026-08-27T13:00:15Z
2026-09-08,v2:/fa44b1971250321932296dd0b7e42935524a81a08a4e359afeca910a0a519c3c,[VIRTUAL]1 x Black Beatles for 500 MtxCurrency,500,500,0,0.0,0,2026-09-01T00:00:00Z,2026-09-17T23:59:59.999Z,1,0,-3,JT090826,Jam Tracks,179,expandableList,Size_1_x_1,,0,,1,track,sid_placeholder_291,Black Beatles,,,,,,,2024-08-09T02:00:00Z
2026-09-08,v2:/49a13a2d98bfedc4aeaebef7c9b048aaae9c7eb989871e86182e5d3a86b31737,[VIRTUAL]1 x Party Rock Anthem for 500 MtxCurrency,500,500,0,0.0,0,2026-09-01T00:00:00Z,2026-09-17T23:59:59.999Z,1,0,-9,JT090826,Jam Tracks,179,expandableList,Size_1_x_1,,0,,1,track,sid_placeholder_10,Party Rock Anthem,,,,,,,2023-12-11T00:00:00Z
2026-09-08,v2:/cbeed5b07fbdbb2ccc7dbb02d5bd5d09b77c6d5b9a5341904560c890609c4efd,[VIRTUAL]1 x Ex for 800 MtxCurrency,800,800,0,0.0,0,2026-09-07T00:00:00Z,2026-09-10T23:59:59.999Z,1,0,-4,BR090826,Full Flex,184,tileGrid,Size_1_x_1,,0,,1,br,CID_702_Athena_Commando_M_AssassinX,Ex,outfit,uncommon,,Assassin X,2,1,2020-02-05T09:32:43Z
2026-09-08,v2:/69a3d2597d17f9ec672818f0552c5142ff1fbe5bcc2040624d52a5fbd9751b78,"[VIRTUAL]1 x Naruto Uzumaki, 1 x Scroll for -1 MtxCurrency",1500,1500,0,0.0,0,2026-09-07T00:00:00Z,2026-09-10T23:59:59.999Z,1,0,-2,Naruto,Naruto,194,tileGrid,Size_1_x_1,,0,,2,br,CID_A_261_Athena_Commando_M_Headband,Naruto Uzumaki,outfit,epic,,Naruto,2,8,2021-11-16T09:00:00Z
2026-09-08,v2:/69a3d2597d17f9ec672818f0552c5142ff1fbe5bcc2040624d52a5fbd9751b78,"[VIRTUAL]1 x Naruto Uzumaki, 1 x Scroll for -1 MtxCurrency",1500,1500,0,0.0,0,2026-09-07T00:00:00Z,2026-09-10T23:59:59.999Z,1,0,-2,Naruto,Naruto,194,tileGrid,Size_1_x_1,,0,,2,br,BID_902_HeadbandMale,Scroll,backpack,epic,,Naruto,2,8,2021-11-16T09:00:00Z
2026-09-08,v2:/e4307d0b739b3a1a6a9b3d4e0447fb50c97db152e2d2fdb3f4ade806e0c7cfcd,[VIRTUAL]1 x Kunai for 500 MtxCurrency,500,500,0,0.0,0,2026-09-07T00:00:00Z,2026-09-10T23:59:59.999Z,1,0,-2,Naruto,Naruto,194,tileGrid,Size_1_x_1,,0,,1,br,Pickaxe_ID_703_HeadbandMale1H,Kunai,pickaxe,uncommon,,Naruto,2,8,2021-11-16T09:00:00Z
2026-09-08,v2:/76b855f3c8e4c18081d0fef71b7c5b6bda46fd4572ace46c456620762e06e19c,[VIRTUAL]1 x TBD (SID_Placeholder_546) for 500 MtxCurrency,500,500,0,0.0,0,2026-09-01T00:00:00Z,2026-09-17T23:59:59.999Z,1,0,-100,JT090826,Jam Tracks,179,expandableList,Size_1_x_1,,0,,1,track,sid_placeholder_546,Through the Fire and Flames,,,,,,,2025-03-15T00:10:15Z
2026-09-08,v2:/ee04f4814e50b10f7b3be7d450498b7484f7df8bafc04ba58fcbb2553d3884a7,[VIRTUAL]1 x Fade to Black for 500 MtxCurrency,500,500,0,0.0,0,2026-09-01T00:00:00Z,2026-09-17T23:59:59.999Z,1,0,-5,JT090826,Jam Tracks,179,expandableList,Size_1_x_1,,0,,1,track,sid_placeholder_240,Fade to Black,,,,,,,2024-08-01T19:28:39Z
2026-09-08,v2:/afdd487703e13b7d8d8d9171fcba3e12441b88028d68fe9988012d89894d604f,[VIRTUAL]1 x Nissan Skyline GT-R (R32) for 400 MtxCurrency,400,400,0,0.0,0,2026-09-05T00:00:00Z,2026-09-09T23:59:59.999Z,1,0,-1,,,,,Size_2_x_1,,0,,1,car,Wheel_RL176,Nissan Skyline GT-R (R32),wheel,uncommon,NISSAN SERIES,,,,2025-01-15T14:05:09Z
2026-09-08,v2:/38f05270123644795d7ac446b5ad64c40ab8e3f01890a5193da99f664586d036,[VIRTUAL]1 x Master of Puppets for 500 MtxCurrency,500,500,0,0.0,0,2026-09-04T00:00:00Z,2026-09-10T23:59:59.999Z,1,0,-2,JT090826,Jam Tracks,179,tileGrid,Size_1_x_1,,0,,1,track,sid_placeholder_229,Master of Puppets,,,,,,,2024-06-06T13:32:50Z
2026-09-08,v2:/0dd61ecfd397b29f963532245ad50cfa5348043cf4265c2b3a5f13c0d6021c9d,[VIRTUAL]1 x TBD (SID_Placeholder_724) for 500 MtxCurrency,500,500,0,0.0,0,2026-09-01T00:00:00Z,2026-09-17T23:59:59.999Z,1,0,-95,JT090826,Jam Tracks,179,expandableList,Size_1_x_1,,0,,1,track,sid_placeholder_724,mirai,,,,,,,2026-01-13T19:59:54Z
2026-09-08,v2:/e36810c03fb02de389f644bd6ede29c4178c39e783a9b2e6f5a7c20f689d70cf,"[VIRTUAL]1 x Deathstroke Zero, 1 x Deathstroke's Katanas, 1 x Deathstroke's Katanas, 1 x Deathstroke Destroyer for -1 MtxCurrency",2600,2000,600,0.2308,1,2026-09-04T00:00:00Z,2026-09-08T23:59:59.999Z,1,0,-2,DeathstrokemanLaugh,DC,181,tileGrid,Size_2_x_1,Unsheathe the included Pickaxe from the Deathstroke's Katanas Back Bling when both are equipped!,1,Deathstroke Zero Bundle,4,br,CID_A_103_Athena_Commando_M_Grim_VM52M,Deathstroke Zero,outfit,dc,DC SERIES,Batman: Zero Point,2,6,2021-05-25T17:38:34Z
2026-09-08,v2:/e36810c03fb02de389f644bd6ede29c4178c39e783a9b2e6f5a7c20f689d70cf,"[VIRTUAL]1 x Deathstroke Zero, 1 x Deathstroke's Katanas, 1 x Deathstroke's Katanas, 1 x Deathstroke Destroyer for -1 MtxCurrency",2600,2000,600,0.2308,1,2026-09-04T00:00:00Z,2026-09-08T23:59:59.999Z,1,0,-2,DeathstrokemanLaugh,DC,181,tileGrid,Size_2_x_1,Unsheathe the included Pickaxe from the Deathstroke's Katanas Back Bling when both are equipped!,1,Deathstroke Zero Bundle,4,br,BID_768_Grim_QR2Q2,Deathstroke's Katanas,backpack,dc,DC SERIES,Batman: Zero Point,2,6,2021-05-25T17:38:34Z
2026-09-08,v2:/e36810c03fb02de389f644bd6ede29c4178c39e783a9b2e6f5a7c20f689d70cf,"[VIRTUAL]1 x Deathstroke Zero, 1 x Deathstroke's Katanas, 1 x Deathstroke's Katanas, 1 x Deathstroke Destroyer for -1 MtxCurrency",2600,2000,600,0.2308,1,2026-09-04T00:00:00Z,2026-09-08T23:59:59.999Z,1,0,-2,DeathstrokemanLaugh,DC,181,tileGrid,Size_2_x_1,Unsheathe the included Pickaxe from the Deathstroke's Katanas Back Bling when both are equipped!,1,Deathstroke Zero Bundle,4,br,Pickaxe_ID_605_GrimMale_8GT61,Deathstroke's Katanas,pickaxe,dc,DC SERIES,Batman: Zero Point,2,6,2021-05-25T17:38:34Z
2026-09-08,v2:/e36810c03fb02de389f644bd6ede29c4178c39e783a9b2e6f5a7c20f689d70cf,"[VIRTUAL]1 x Deathstroke Zero, 1 x Deathstroke's Katanas, 1 x Deathstroke's Katanas, 1 x Deathstroke Destroyer for -1 MtxCurrency",2600,2000,600,0.2308,1,2026-09-04T00:00:00Z,2026-09-08T23:59:59.999Z,1,0,-2,DeathstrokemanLaugh,DC,181,tileGrid,Size_2_x_1,Unsheathe the included Pickaxe from the Deathstroke's Katanas Back Bling when both are equipped!,1,Deathstroke Zero Bundle,4,br,Glider_ID_292_GrimMale,Deathstroke Destroyer,glider,dc,DC SERIES,Batman: Zero Point,2,6,2021-05-25T08:48:30Z
2026-09-08,v2:/dbee1360ee245a949052fbafb134085fc30da74edf85bd0a01f20fdadfe628ea,[VIRTUAL]1 x Godzilla for 700 MtxCurrency,700,700,0,0.0,0,2026-09-05T00:00:00Z,2026-09-09T23:59:59.999Z,1,0,-1,,,,,Size_2_x_1,,0,,1,car,Wheel_Big01,Godzilla,wheel,common,,,,,2025-01-15T14:05:09Z
2026-09-08,v2:/47e43b97a641ce554394fb31741d6e8fa3b6a4d60956ebadf5d823e457716b8f,[VIRTUAL]1 x Zadie for 1200 MtxCurrency,1200,1200,0,0.0,0,2026-09-08T00:00:00Z,2026-09-14T23:59:59.999Z,1,0,-1,NS090826,No Sweat,187,tileGrid,Size_1_x_1,,0,,1,br,CID_625_Athena_Commando_F_PinkTrooper,Zadie,outfit,rare,,Metal Masq,2,1,2020-01-15T09:35:54Z
2026-09-08,v2:/64f74598eb36a5c1fc8f7466e170206c3e828101ad9f540417700d1a6052028c,"[VIRTUAL]1 x P.A.N.D.A Team Leader, 1 x Bamboo for -1 MtxCurrency",2000,2000,0,0.0,0,2026-09-07T00:00:00Z,2026-09-10T23:59:59.999Z,1,0,-2,BR090826,Full Flex,184,tileGrid,Size_1_x_1,,0,,2,br,CID_187_Athena_Commando_F_FuzzyBearPanda,P.A.N.D.A Team Leader,outfit,legendary,,,1,5,2019-11-20T12:50:19Z
2026-09-08,v2:/64f74598eb36a5c1fc8f7466e170206c3e828101ad9f540417700d1a6052028c,"[VIRTUAL]1 x P.A.N.D.A Team Leader, 1 x Bamboo for -1 MtxCurrency",2000,2000,0,0.0,0,2026-09-07T00:00:00Z,2026-09-10T23:59:59.999Z,1,0,-2,BR090826,Full Flex,184,tileGrid,Size_1_x_1,,0,,2,br,BID_092_FuzzyBearPanda,Bamboo,backpack,legendary,,,1,5,2019-11-20T12:50:39Z
2026-09-08,v2:/d31c8dec4d244599c5cf158a1386b6e82618bef7936457e83e1988cb93c19a64,[VIRTUAL]1 x Scarlet Champion for 500 MtxCurrency,500,500,0,0.0,0,2026-09-07T00:00:00Z,2026-09-09T23:59:59.999Z,1,0,-3,FNCS4,FNCS,183,tileGrid,Size_1_x_1,,0,,1,br,Pickaxe_Angel_FNCS,Scarlet Champion,pickaxe,rare,,FNCS,5,3,2024-06-22T08:21:26Z
2026-09-08,v2:/f6573dc3cbcf2f889279b0c9effbd1ef0dd210787dfd8b4d293976ee1690bd74,[VIRTUAL]1 x Lean Wit Me for 500 MtxCurrency,500,500,0,0.0,0,2026-09-04T00:00:00Z,2026-09-10T23:59:59.999Z,1,0,-3,JT090826,Jam Tracks,179,tileGrid,Size_1_x_1,,0,,1,track,sid_placeholder_426,Lean Wit Me,,,,,,,2024-11-27T14:32:37Z
2026-09-08,v2:/c11c95800d7714700c7148e435e18c537be74e1a45a0efc1550a8d256eea2d05,[VIRTUAL]1 x Bad Romance for 500 MtxCurrency,500,500,0,0.0,0,2026-09-01T00:00:00Z,2026-09-17T23:59:59.999Z,1,0,-4,JT090826,Jam Tracks,179,expandableList,Size_1_x_1,,0,,1,track,sid_placeholder_24,Bad Romance,,,,,,,2023-12-09T15:00:00Z
2026-09-08,v2:/9f4823b66e5cf35cf364d2c273597172a5a48d00e67bc0b9ed07dc7c52a9297f,"[VIRTUAL]1 x 1-Ball, 1 x Combat Cue, 1 x Combat Cue, 1 x The Break Shot, 1 x The Rack-Up, 1 x Baller Faller, 1 x Radiant 1, 1 x 1-Ball, 1 x Chalked Up 1-Ball for -1 MtxCurrency",3800,2000,1800,0.4737,1,2026-09-05T00:00:00Z,2026-09-11T23:59:59.999Z,1,0,-1,Unvaulted,Unvaulted,190,tileGrid,Size_3_x_1,,1,1-Ball Bundle,9,br,Character_StageCue_Chalk,1-Ball,outfit,epic,,In the Pocket,2,Remix,2024-11-02T17:09:31Z
2026-09-08,v2:/9f4823b66e5cf35cf364d2c273597172a5a48d00e67bc0b9ed07dc7c52a9297f,"[VIRTUAL]1 x 1-Ball, 1 x Combat Cue, 1 x Combat Cue, 1 x The Break Shot, 1 x The Rack-Up, 1 x Baller Faller, 1 x Radiant 1, 1 x 1-Ball, 1 x Chalked Up 1-Ball for -1 MtxCurrency",3800,2000,1800,0.4737,1,2026-09-05T00:00:00Z,2026-09-11T23:59:59.999Z,1,0,-1,Unvaulted,Unvaulted,190,tileGrid,Size_3_x_1,,1,1-Ball Bundle,9,br,Pickaxe_StageCue,Combat Cue,pickaxe,rare,,In the Pocket,2,Remix,2024-11-02T17:09:31Z
2026-09-08,v2:/9f4823b66e5cf35cf364d2c273597172a5a48d00e67bc0b9ed07dc7c52a9297f,"[VIRTUAL]1 x 1-Ball, 1 x Combat Cue, 1 x Combat Cue, 1 x The Break Shot, 1 x The Rack-Up, 1 x Baller Faller, 1 x Radiant 1, 1 x 1-Ball, 1 x Chalked Up 1-Ball for -1 MtxCurrency",3800,2000,1800,0.4737,1,2026-09-05T00:00:00Z,2026-09-11T23:59:59.999Z,1,0,-1,Unvaulted,Unvaulted,190,tileGrid,Size_3_x_1,,1,1-Ball Bundle,9,br,Backpack_StageCue,Combat Cue,backpack,rare,,In the Pocket,2,Remix,2024-11-02T17:09:31Z
2026-09-08,v2:/9f4823b66e5cf35cf364d2c273597172a5a48d00e67bc0b9ed07dc7c52a9297f,"[VIRTUAL]1 x 1-Ball, 1 x Combat Cue, 1 x Combat Cue, 1 x The Break Shot, 1 x The Rack-Up, 1 x Baller Faller, 1 x Radiant 1, 1 x 1-Ball, 1 x Chalked Up 1-Ball for -1 MtxCurrency",3800,2000,1800,0.4737,1,2026-09-05T00:00:00Z,2026-09-11T23:59:59.999Z,1,0,-1,Unvaulted,Unvaulted,190,tileGrid,Size_3_x_1,,1,1-Ball Bundle,9,br,EID_StageCue,The Break Shot,emote,uncommon,,In the Pocket,2,Remix,2024-11-02T17:09:31Z
2026-09-08,v2:/9f4823b66e5cf35cf364d2c273597172a5a48d00e67bc0b9ed07dc7c52a9297f,"[VIRTUAL]1 x 1-Ball, 1 x Combat Cue, 1 x Combat Cue, 1 x The Break Shot, 1 x The Rack-Up, 1 x Baller Faller, 1 x Radiant 1, 1 x 1-Ball, 1 x Chalked Up 1-Ball for -1 MtxCurrency",3800,2000,1800,0.4737,1,2026-09-05T00:00:00Z,2026-09-11T23:59:59.999Z,1,0,-1,Unvaulted,Unvaulted,190,tileGrid,Size_3_x_1,,1,1-Ball Bundle,9,br,Glider_StageCue,The Rack-Up,glider,epic,,In the Pocket,2,Remix,2024-11-02T17:09:31Z
2026-09-08,v2:/9f4823b66e5cf35cf364d2c273597172a5a48d00e67bc0b9ed07dc7c52a9297f,"[VIRTUAL]1 x 1-Ball, 1 x Combat Cue, 1 x Combat Cue, 1 x The Break Shot, 1 x The Rack-Up, 1 x Baller Faller, 1 x Radiant 1, 1 x 1-Ball, 1 x Chalked Up 1-Ball for -1 MtxCurrency",3800,2000,1800,0.4737,1,2026-09-05T00:00:00Z,2026-09-11T23:59:59.999Z,1,0,-1,Unvaulted,Unvaulted,190,tileGrid,Size_3_x_1,,1,1-Ball Bundle,9,br,Contrail_StageCue,Baller Faller,contrail,uncommon,,In the Pocket,2,Remix,2024-11-02T17:09:31Z
2026-09-08,v2:/9f4823b66e5cf35cf364d2c273597172a5a48d00e67bc0b9ed07dc7c52a9297f,"[VIRTUAL]1 x 1-Ball, 1 x Combat Cue, 1 x Combat Cue, 1 x The Break Shot, 1 x The Rack-Up, 1 x Baller Faller, 1 x Radiant 1, 1 x 1-Ball, 1 x Chalked Up 1-Ball for -1 MtxCurrency",3800,2000,1800,0.4737,1,2026-09-05T00:00:00Z,2026-09-11T23:59:59.999Z,1,0,-1,Unvaulted,Unvaulted,190,tileGrid,Size_3_x_1,,1,1-Ball Bundle,9,br,Wrap_StageCue,Radiant 1,wrap,rare,,In the Pocket,2,Remix,2024-11-02T17:09:31Z
2026-09-08,v2:/9f4823b66e5cf35cf364d2c273597172a5a48d00e67bc0b9ed07dc7c52a9297f,"[VIRTUAL]1 x 1-Ball, 1 x Combat Cue, 1 x Combat Cue, 1 x The Break Shot, 1 x The Rack-Up, 1 x Baller Faller, 1 x Radiant 1, 1 x 1-Ball, 1 x Chalked Up 1-Ball for -1 MtxCurrency",3800,2000,1800,0.4737,1,2026-09-05T00:00:00Z,2026-09-11T23:59:59.999Z,1,0,-1,Unvaulted,Unvaulted,190,tileGrid,Size_3_x_1,,1,1-Ball Bundle,9,br,LoadingScreen_StageCue_Chalk,1-Ball,loadingscreen,uncommon,,In the Pocket,2,Remix,2024-11-02T17:09:31Z
2026-09-08,v2:/9f4823b66e5cf35cf364d2c273597172a5a48d00e67bc0b9ed07dc7c52a9297f,"[VIRTUAL]1 x 1-Ball, 1 x Combat Cue, 1 x Combat Cue, 1 x The Break Shot, 1 x The Rack-Up, 1 x Baller Faller, 1 x Radiant 1, 1 x 1-Ball, 1 x Chalked Up 1-Ball for -1 MtxCurrency",3800,2000,1800,0.4737,1,2026-09-05T00:00:00Z,2026-09-11T23:59:59.999Z,1,0,-1,Unvaulted,Unvaulted,190,tileGrid,Size_3_x_1,,1,1-Ball Bundle,9,br,LoadingScreen_StageCue_ChalkMustard,Chalked Up 1-Ball,loadingscreen,uncommon,,In the Pocket,2,Remix,2024-11-02T17:09:31Z
2026-09-08,v2:/7950993fc62fbed9271337f0524de8e759151df5db6e9d54e029a21a32ffaee5,[VIRTUAL]1 x Poker Face for 500 MtxCurrency,500,500,0,0.0,0,2026-09-01T00:00:00Z,2026-09-17T23:59:59.999Z,1,0,-41,JT090826,Jam Tracks,179,expandableList,Size_1_x_1,,0,,1,track,sid_placeholder_78,Poker Face,,,,,,,2024-02-22T10:58:10Z
2026-09-08,v2:/79d4528ce40d8f403597254f03cebb1ba4b4b06aef554dd449fc72518f06e1ef,[VIRTUAL]1 x TBD (SID_Placeholder_696) for 500 MtxCurrency,500,500,0,0.0,0,2026-09-04T00:00:00Z,2026-09-10T23:59:59.999Z,1,0,-1,JT090826,Jam Tracks,179,tileGrid,Size_1_x_1,,0,,1,track,sid_placeholder_696,Rockstar,,,,,,,2025-11-29T19:00:00Z
2026-09-08,v2:/54cc536c87c13e4391a1ace2039f7ba8aafba8e994e5195eee0a7f3e988a8bdf,[VIRTUAL]1 x The Hills for 500 MtxCurrency,500,500,0,0.0,0,2026-09-04T00:00:00Z,2026-09-10T23:59:59.999Z,1,0,-4,JT090826,Jam Tracks,179,tileGrid,Size_1_x_1,,0,,1,track,sid_placeholder_06,The Hills,,,,,,,2023-12-09T15:00:00Z
2026-09-08,v2:/ed35613be1dc6a2dbabd4723fc89645fa53f3b61a7f486ac247a9ff9cbed560a,"[VIRTUAL]1 x Sugar, We're Goin Down for 500 MtxCurrency",500,500,0,0.0,0,2026-09-01T00:00:00Z,2026-09-17T23:59:59.999Z,1,0,-93,JT090826,Jam Tracks,179,expandableList,Size_1_x_1,,0,,1,track,sid_placeholder_388,"Sugar, We're Goin Down",,,,,,,2024-12-26T14:34:39Z
2026-09-08,v2:/0a0ab63ad48fade9858c74ba08de39187f8619028c1775b7e2986880db307952,[VIRTUAL]1 x Super Meat Boy for 1500 MtxCurrency,1500,1500,0,0.0,0,2026-09-05T00:00:00Z,2026-09-09T23:59:59.999Z,1,0,-1,SuperWarArk,Gaming Legends,182,tileGrid,Size_1_x_1,This Sidekick includes quests that unlock new items upon completion!,0,,1,br,Companion_MummyPast,Super Meat Boy,sidekick,gaminglegends,Gaming Legends Series,Super Meat Boy 3D,7,2,2026-04-01T00:00:00Z
2026-09-08,v2:/807698dff94678b857f955567bdb51d7b0ea0fef14df1e0806eecdac7b2d8502,[VIRTUAL]1 x Scrub Tub for 400 MtxCurrency,400,400,0,0.0,0,2026-09-08T00:00:00Z,2026-09-10T23:59:59.999Z,1,0,-3,BR090826,Full Flex,184,tileGrid,Size_1_x_1,,0,,1,br,Backpack_SplishSplash,Scrub Tub,backpack,rare,,A Clean Shot,6,5,2025-08-07T09:33:19Z
2026-09-08,v2:/28154f1bc98181894d992acc81880ebaddbd70b53b96273ccdf64ce177b132b9,[VIRTUAL]1 x Porsche 911 for 400 MtxCurrency,400,400,0,0.0,0,2026-09-05T00:00:00Z,2026-09-14T23:59:59.999Z,1,0,-1,,,,,Size_3_x_1,,0,,1,car,Wheel_ButterT1,Porsche 911,wheel,uncommon,,,,,2025-12-11T10:20:11Z
2026-09-08,v2:/c5b4179d5e642210727df387556c41ac6f388dee2e69ee465e4e3bf7125319b7,[VIRTUAL]1 x Kala for 1200 MtxCurrency,1200,1200,0,0.0,0,2026-09-07T00:00:00Z,2026-09-10T23:59:59.999Z,1,0,-6,BR090826,Full Flex,184,tileGrid,Size_1_x_1,,0,,1,br,Character_CrispSeason,Kala,outfit,epic,,The Art of Battle,6,6,2025-11-02T20:05:32Z
2026-09-08,v2:/751e3014ba77b7ff9118a3b99a41fd0e80ed74c21a4d8d83e14bef11349667d4,"[VIRTUAL]1 x Loserfruit, 1 x Buddy Bag, 1 x Bounce Berry, 1 x Fruit Punchers for -1 MtxCurrency",2600,1800,800,0.3077,1,2026-09-08T00:00:00Z,2026-09-10T23:59:59.999Z,1,0,-1,Loserfruit,Loserfruit,178,tileGrid,Size_1_x_1,,1,Loserfruit Bundle,4,br,CID_764_Athena_Commando_F_Loofah,Loserfruit,outfit,icon,Icon Series,Loserfruit,2,3,2020-06-21T09:01:14Z
2026-09-08,v2:/751e3014ba77b7ff9118a3b99a41fd0e80ed74c21a4d8d83e14bef11349667d4,"[VIRTUAL]1 x Loserfruit, 1 x Buddy Bag, 1 x Bounce Berry, 1 x Fruit Punchers for -1 MtxCurrency",2600,1800,800,0.3077,1,2026-09-08T00:00:00Z,2026-09-10T23:59:59.999Z,1,0,-1,Loserfruit,Loserfruit,178,tileGrid,Size_1_x_1,,1,Loserfruit Bundle,4,br,BID_527_Loofah,Buddy Bag,backpack,icon,Icon Series,Loserfruit,2,3,2020-06-21T09:01:14Z
2026-09-08,v2:/751e3014ba77b7ff9118a3b99a41fd0e80ed74c21a4d8d83e14bef11349667d4,"[VIRTUAL]1 x Loserfruit, 1 x Buddy Bag, 1 x Bounce Berry, 1 x Fruit Punchers for -1 MtxCurrency",2600,1800,800,0.3077,1,2026-09-08T00:00:00Z,2026-09-10T23:59:59.999Z,1,0,-1,Loserfruit,Loserfruit,178,tileGrid,Size_1_x_1,,1,Loserfruit Bundle,4,br,EID_Loofah,Bounce Berry,emote,icon,Icon Series,Loserfruit,2,3,2020-06-21T09:01:14Z
2026-09-08,v2:/751e3014ba77b7ff9118a3b99a41fd0e80ed74c21a4d8d83e14bef11349667d4,"[VIRTUAL]1 x Loserfruit, 1 x Buddy Bag, 1 x Bounce Berry, 1 x Fruit Punchers for -1 MtxCurrency",2600,1800,800,0.3077,1,2026-09-08T00:00:00Z,2026-09-10T23:59:59.999Z,1,0,-1,Loserfruit,Loserfruit,178,tileGrid,Size_1_x_1,,1,Loserfruit Bundle,4,br,Pickaxe_ID_399_LoofahFemale1H,Fruit Punchers,pickaxe,icon,Icon Series,Loserfruit,2,3,2020-06-21T09:01:14Z
2026-09-08,v2:/69a2c33de9c539a9f156660e9c1f37137f846115542bd1ba2cba6c68cd05fc82,[VIRTUAL]1 x adidas adizero Aruku 'Red' for 800 MtxCurrency,800,800,0,0.0,0,2026-09-07T00:00:00Z,2026-09-13T23:59:59.999Z,1,0,-3,BR090826,Full Flex,184,tileGrid,Size_1_x_1,,0,,1,br,Shoes_PacketCrescentMauve,adidas adizero Aruku 'Red',shoe,uncommon,,adidas Shoes,6,1,2025-02-07T14:13:11Z
2026-09-08,v2:/1d822e80043d90346b85ba5926628feebf24c4c9b304ba202f08967098bcebd7,[VIRTUAL]1 x PWR Slicers for 1200 MtxCurrency,1200,1200,0,0.0,0,2026-09-08T00:00:00Z,2026-09-10T23:59:59.999Z,1,0,-4,Icons1-6,Lachlan,177,tileGrid,Size_1_x_1,,0,,1,br,Pickaxe_ID_479_LunchBox1H,PWR Slicers,pickaxe,icon,Icon Series,PWR,2,4,2020-11-13T00:00:00Z
2026-09-08,v2:/79ca06682198bd9040fe2389dd46703fbb97c7e1662e25a28608adf4ce6a4a2a,[VIRTUAL]1 x Closer for 500 MtxCurrency,500,500,0,0.0,0,2026-09-01T00:00:00Z,2026-09-17T23:59:59.999Z,1,0,-91,JT090826,Jam Tracks,179,expandableList,Size_1_x_1,,0,,1,track,sid_placeholder_62,Closer,,,,,,,2024-02-29T00:02:26Z
2026-09-08,v2:/8c5bbdb5d310f94c9853b5f34481351b490b32978d5327419bd652059920bb4f,[VIRTUAL]1 x TBD (SID_Placeholder_482) for 500 MtxCurrency,500,500,0,0.0,0,2026-09-01T00:00:00Z,2026-09-17T23:59:59.999Z,1,0,-101,JT090826,Jam Tracks,179,expandableList,Size_1_x_1,,0,,1,track,sid_placeholder_482,Daisy 2.0,,,,,,,2025-01-14T09:00:00Z
2026-09-08,v2:/aa686206930ca8472ed3e99475e9c0703eaa71cc8c09fa0ac2c91c952967be7c,[VIRTUAL]1 x Sword of Kusanagi for 800 MtxCurrency,800,800,0,0.0,0,2026-09-07T00:00:00Z,2026-09-10T23:59:59.999Z,1,0,-2,Naruto,Naruto,194,tileGrid,Size_1_x_1,,0,,1,br,Pickaxe_ID_822_EnsembleSnakeMale,Sword of Kusanagi,pickaxe,rare,,Naruto,3,3,2022-06-21T08:49:54Z
2026-09-08,v2:/ba03e9207197558e10f03db070bb79e2fc5230402008526a2002b291422b2a6c,[VIRTUAL]1 x Chaos Director for 1200 MtxCurrency,1200,1200,0,0.0,0,2026-09-05T00:00:00Z,2026-09-11T23:59:59.999Z,1,0,-2,Unvaulted,Unvaulted,190,tileGrid,Size_1_x_1,,0,,1,br,Character_MissusMind_Suit,Chaos Director,outfit,epic,,Bleakest Bedlam,2,Remix,2024-11-02T17:09:31Z
2026-09-08,v2:/09fcc331c9e5ea91fb79e4c77aebb8c55db9f6f633eabf26463666d48c7642b6,[VIRTUAL]1 x MONTERO (Call Me By Your Name) for 500 MtxCurrency,500,500,0,0.0,0,2026-09-01T00:00:00Z,2026-09-17T23:59:59.999Z,1,0,-74,JT090826,Jam Tracks,179,expandableList,Size_1_x_1,,0,,1,track,sid_placeholder_286,MONTERO (Call Me By Your Name),,,,,,,2024-10-24T14:53:04Z
2026-09-08,v2:/9fef96839073be3d2abf4e74f8c76bdaf9044cac55561c1cfd1cd1653adcdb0d,[VIRTUAL]1 x Deathstroke Destroyer for 800 MtxCurrency,800,800,0,0.0,0,2026-09-04T00:00:00Z,2026-09-08T23:59:59.999Z,1,0,-4,DeathstrokemanLaugh,DC,181,tileGrid,Size_1_x_1,,0,,1,br,Glider_ID_292_GrimMale,Deathstroke Destroyer,glider,dc,DC SERIES,Batman: Zero Point,2,6,2021-05-25T08:48:30Z
2026-09-08,v2:/13e966baabf09db4afc6f7bb49c409e0d92c2a0e61a648057e2bb537177b5ec8,[VIRTUAL]1 x Sweet Child O' Mine for 500 MtxCurrency,500,500,0,0.0,0,2026-09-01T00:00:00Z,2026-09-17T23:59:59.999Z,1,0,-53,JT090826,Jam Tracks,179,expandableList,Size_1_x_1,,0,,1,track,sid_placeholder_271,Sweet Child O' Mine,,,,,,,2024-08-09T00:00:00Z
2026-09-08,v2:/52d45ec4eb8b47e16b8cc8c729d7a7e96a19a32354d8d3e5a2a7ce5f014530b6,"[VIRTUAL]1 x Meowdas, 1 x Feline Dagger, 1 x The Gilded Filet, 1 x Skelleshark, 1 x Purr-demonium, 1 x Golden Nemesis, 1 x Golden Nemesis, 1 x Golden Nemesis, 1 x Golden Grin, 1 x SHADOW Meowdas, 1 x Meowdas for -1 MtxCurrency",5600,2400,3200,0.5714,1,2026-09-05T00:00:00Z,2026-09-11T23:59:59.999Z,1,0,-1,Unvaulted,Unvaulted,190,tileGrid,Size_1_x_1,,1,Meowdas Bundle,11,br,Character_GoldCat_Claw,Meowdas,outfit,epic,,Swole 'n Gold,2,Remix,2024-11-02T17:09:31Z
2026-09-08,v2:/52d45ec4eb8b47e16b8cc8c729d7a7e96a19a32354d8d3e5a2a7ce5f014530b6,"[VIRTUAL]1 x Meowdas, 1 x Feline Dagger, 1 x The Gilded Filet, 1 x Skelleshark, 1 x Purr-demonium, 1 x Golden Nemesis, 1 x Golden Nemesis, 1 x Golden Nemesis, 1 x Golden Grin, 1 x SHADOW Meowdas, 1 x Meowdas for -1 MtxCurrency",5600,2400,3200,0.5714,1,2026-09-05T00:00:00Z,2026-09-11T23:59:59.999Z,1,0,-1,Unvaulted,Unvaulted,190,tileGrid,Size_1_x_1,,1,Meowdas Bundle,11,br,Backpack_GoldCat,Feline Dagger,backpack,rare,,Swole 'n Gold,2,Remix,2024-11-02T17:09:31Z
2026-09-08,v2:/52d45ec4eb8b47e16b8cc8c729d7a7e96a19a32354d8d3e5a2a7ce5f014530b6,"[VIRTUAL]1 x Meowdas, 1 x Feline Dagger, 1 x The Gilded Filet, 1 x Skelleshark, 1 x Purr-demonium, 1 x Golden Nemesis, 1 x Golden Nemesis, 1 x Golden Nemesis, 1 x Golden Grin, 1 x SHADOW Meowdas, 1 x Meowdas for -1 MtxCurrency",5600,2400,3200,0.5714,1,2026-09-05T00:00:00Z,2026-09-11T23:59:59.999Z,1,0,-1,Unvaulted,Unvaulted,190,tileGrid,Size_1_x_1,,1,Meowdas Bundle,11,br,Pickaxe_GoldCat,The Gilded Filet,pickaxe,rare,,Swole 'n Gold,2,Remix,2024-11-02T17:09:31Z
2026-09-08,v2:/52d45ec4eb8b47e16b8cc8c729d7a7e96a19a32354d8d3e5a2a7ce5f014530b6,"[VIRTUAL]1 x Meowdas, 1 x Feline Dagger, 1 x The Gilded Filet, 1 x Skelleshark, 1 x Purr-demonium, 1 x Golden Nemesis, 1 x Golden Nemesis, 1 x Golden Nemesis, 1 x Golden Grin, 1 x SHADOW Meowdas, 1 x Meowdas for -1 MtxCurrency",5600,2400,3200,0.5714,1,2026-09-05T00:00:00Z,2026-09-11T23:59:59.999Z,1,0,-1,Unvaulted,Unvaulted,190,tileGrid,Size_1_x_1,,1,Meowdas Bundle,11,br,Glider_GoldCat,Skelleshark,glider,epic,,Swole 'n Gold,2,Remix,2024-11-02T17:09:31Z
2026-09-08,v2:/52d45ec4eb8b47e16b8cc8c729d7a7e96a19a32354d8d3e5a2a7ce5f014530b6,"[VIRTUAL]1 x Meowdas, 1 x Feline Dagger, 1 x The Gilded Filet, 1 x Skelleshark, 1 x Purr-demonium, 1 x Golden Nemesis, 1 x Golden Nemesis, 1 x Golden Nemesis, 1 x Golden Grin, 1 x SHADOW Meowdas, 1 x Meowdas for -1 MtxCurrency",5600,2400,3200,0.5714,1,2026-09-05T00:00:00Z,2026-09-11T23:59:59.999Z,1,0,-1,Unvaulted,Unvaulted,190,tileGrid,Size_1_x_1,,1,Meowdas Bundle,11,br,EID_GoldCat,Purr-demonium,emote,uncommon,,Swole 'n Gold,2,Remix,2024-11-02T17:09:31Z
2026-09-08,v2:/52d45ec4eb8b47e16b8cc8c729d7a7e96a19a32354d8d3e5a2a7ce5f014530b6,"[VIRTUAL]1 x Meowdas, 1 x Feline Dagger, 1 x The Gilded Filet, 1 x Skelleshark, 1 x Purr-demonium, 1 x Golden Nemesis, 1 x Golden Nemesis, 1 x Golden Nemesis, 1 x Golden Grin, 1 x SHADOW Meowdas, 1 x Meowdas for -1 MtxCurrency",5600,2400,3200,0.5714,1,2026-09-05T00:00:00Z,2026-09-11T23:59:59.999Z,1,0,-1,Unvaulted,Unvaulted,190,tileGrid,Size_1_x_1,,1,Meowdas Bundle,11,br,Backpack_GoldCat_Bass,Golden Nemesis,backpack,rare,,Swole 'n Gold,,,2025-05-22T01:55:14Z
2026-09-08,v2:/52d45ec4eb8b47e16b8cc8c729d7a7e96a19a32354d8d3e5a2a7ce5f014530b6,"[VIRTUAL]1 x Meowdas, 1 x Feline Dagger, 1 x The Gilded Filet, 1 x Skelleshark, 1 x Purr-demonium, 1 x Golden Nemesis, 1 x Golden Nemesis, 1 x Golden Nemesis, 1 x Golden Grin, 1 x SHADOW Meowdas, 1 x Meowdas for -1 MtxCurrency",5600,2400,3200,0.5714,1,2026-09-05T00:00:00Z,2026-09-11T23:59:59.999Z,1,0,-1,Unvaulted,Unvaulted,190,tileGrid,Size_1_x_1,,1,Meowdas Bundle,11,br,Pickaxe_GoldCat_Bass,Golden Nemesis,pickaxe,rare,,Swole 'n Gold,,,2025-05-22T01:55:14Z
2026-09-08,v2:/52d45ec4eb8b47e16b8cc8c729d7a7e96a19a32354d8d3e5a2a7ce5f014530b6,"[VIRTUAL]1 x Meowdas, 1 x Feline Dagger, 1 x The Gilded Filet, 1 x Skelleshark, 1 x Purr-demonium, 1 x Golden Nemesis, 1 x Golden Nemesis, 1 x Golden Nemesis, 1 x Golden Grin, 1 x SHADOW Meowdas, 1 x Meowdas for -1 MtxCurrency",5600,2400,3200,0.5714,1,2026-09-05T00:00:00Z,2026-09-11T23:59:59.999Z,1,0,-1,Unvaulted,Unvaulted,190,tileGrid,Size_1_x_1,,1,Meowdas Bundle,11,br,Wrap_GoldCat,Golden Grin,wrap,rare,,Swole 'n Gold,2,Remix,2024-11-02T17:09:31Z
2026-09-08,v2:/52d45ec4eb8b47e16b8cc8c729d7a7e96a19a32354d8d3e5a2a7ce5f014530b6,"[VIRTUAL]1 x Meowdas, 1 x Feline Dagger, 1 x The Gilded Filet, 1 x Skelleshark, 1 x Purr-demonium, 1 x Golden Nemesis, 1 x Golden Nemesis, 1 x Golden Nemesis, 1 x Golden Grin, 1 x SHADOW Meowdas, 1 x Meowdas for -1 MtxCurrency",5600,2400,3200,0.5714,1,2026-09-05T00:00:00Z,2026-09-11T23:59:59.999Z,1,0,-1,Unvaulted,Unvaulted,190,tileGrid,Size_1_x_1,,1,Meowdas Bundle,11,br,LoadingScreen_GoldCat_ClawTux,SHADOW Meowdas,loadingscreen,uncommon,,Swole 'n Gold,2,Remix,2024-11-02T17:09:31Z
2026-09-08,v2:/52d45ec4eb8b47e16b8cc8c729d7a7e96a19a32354d8d3e5a2a7ce5f014530b6,"[VIRTUAL]1 x Meowdas, 1 x Feline Dagger, 1 x The Gilded Filet, 1 x Skelleshark, 1 x Purr-demonium, 1 x Golden Nemesis, 1 x Golden Nemesis, 1 x Golden Nemesis, 1 x Golden Grin, 1 x SHADOW Meowdas, 1 x Meowdas for -1 MtxCurrency",5600,2400,3200,0.5714,1,2026-09-05T00:00:00Z,2026-09-11T23:59:59.999Z,1,0,-1,Unvaulted,Unvaulted,190,tileGrid,Size_1_x_1,,1,Meowdas Bundle,11,br,LoadingScreen_GoldCat_Claw,Meowdas,loadingscreen,uncommon,,Swole 'n Gold,2,Remix,2024-11-02T17:09:31Z
2026-09-08,v2:/52d45ec4eb8b47e16b8cc8c729d7a7e96a19a32354d8d3e5a2a7ce5f014530b6,"[VIRTUAL]1 x Meowdas, 1 x Feline Dagger, 1 x The Gilded Filet, 1 x Skelleshark, 1 x Purr-demonium, 1 x Golden Nemesis, 1 x Golden Nemesis, 1 x Golden Nemesis, 1 x Golden Grin, 1 x SHADOW Meowdas, 1 x Meowdas for -1 MtxCurrency",5600,2400,3200,0.5714,1,2026-09-05T00:00:00Z,2026-09-11T23:59:59.999Z,1,0,-1,Unvaulted,Unvaulted,190,tileGrid,Size_1_x_1,,1,Meowdas Bundle,11,instrument,Sparks_Bass_GoldCat,Golden Nemesis,bass,common,,,,,2024-11-02T17:08:05Z
2026-09-08,v2:/1fdd02013f64a9d3ccb23f08729e242b1623a45c18aa1e061b3bc2650df13782,[VIRTUAL]1 x Shuttle Stompers for 800 MtxCurrency,800,800,0,0.0,0,2026-09-07T00:00:00Z,2026-09-13T23:59:59.999Z,1,0,-3,BR090826,Full Flex,184,tileGrid,Size_1_x_1,Includes reactivity when sprinting or jumping!,0,,1,br,Shoes_JetPropel,Shuttle Stompers,shoe,uncommon,,,6,5,2025-09-20T00:06:09Z
2026-09-08,v2:/a84e3d94b3a8f57163fa4b10ddd407e1ff6ffef8642b4d470cbf032c68f462cc,"[VIRTUAL]1 x Guffy 6-String, 1 x Guffy 6-String, 1 x Guffy 6-String for 800 MtxCurrency",800,800,0,0.0,0,2026-09-05T00:00:00Z,2026-09-11T23:59:59.999Z,1,0,-4,Unvaulted,Unvaulted,190,tileGrid,Size_2_x_1,,0,,3,br,Backpack_DenimEquip_Guitar,Guffy 6-String,backpack,rare,,Mighty Questie,2,Remix,2025-05-22T01:55:14Z
2026-09-08,v2:/a84e3d94b3a8f57163fa4b10ddd407e1ff6ffef8642b4d470cbf032c68f462cc,"[VIRTUAL]1 x Guffy 6-String, 1 x Guffy 6-String, 1 x Guffy 6-String for 800 MtxCurrency",800,800,0,0.0,0,2026-09-05T00:00:00Z,2026-09-11T23:59:59.999Z,1,0,-4,Unvaulted,Unvaulted,190,tileGrid,Size_2_x_1,,0,,3,br,Pickaxe_DenimEquip_Guitar,Guffy 6-String,pickaxe,rare,,Mighty Questie,2,Remix,2025-05-22T01:55:14Z
2026-09-08,v2:/a84e3d94b3a8f57163fa4b10ddd407e1ff6ffef8642b4d470cbf032c68f462cc,"[VIRTUAL]1 x Guffy 6-String, 1 x Guffy 6-String, 1 x Guffy 6-String for 800 MtxCurrency",800,800,0,0.0,0,2026-09-05T00:00:00Z,2026-09-11T23:59:59.999Z,1,0,-4,Unvaulted,Unvaulted,190,tileGrid,Size_2_x_1,,0,,3,instrument,Sparks_Guitar_DenimEquip,Guffy 6-String,guitar,common,,,,,2024-11-02T17:08:05Z
2026-09-08,v2:/996c3f8efaf385c1fb11109618d330a58bc5cec3ee570b68326aaaf02b0c4918,[VIRTUAL]1 x Survival Specialist for 1200 MtxCurrency,1200,1200,0,0.0,0,2026-09-06T00:00:00Z,2026-09-12T23:59:59.999Z,1,0,-2,FND090826,Spotlight Drops,191,tileGrid,Size_1_x_1,,0,,1,br,CID_027_Athena_Commando_F,Survival Specialist,outfit,rare,,,1,1,2019-11-20T12:48:05Z
2026-09-08,v2:/f2c78711e460dab194f661c183310a8cb322c8cf16009f681a214411fa8670ca,[VIRTUAL]1 x Pakkun for 400 MtxCurrency,400,400,0,0.0,0,2026-09-07T00:00:00Z,2026-09-10T23:59:59.999Z,1,0,-1,,,,,Size_2_x_1,,0,,1,br,BID_903_HeadbandKMale,Pakkun,backpack,epic,,Naruto,2,8,2021-11-16T09:00:00Z
2026-09-08,v2:/c4e99319997cd29701e1f45acbe3dc8c71bcd612b67a91f7d7d2f2a5f286dde1,[VIRTUAL]1 x Jubi Slide for 500 MtxCurrency,500,500,0,0.0,0,2026-09-06T00:00:00Z,2026-09-09T23:59:59.999Z,1,0,-2,VV090826,Pop Off,197,tileGrid,Size_1_x_1,,0,,1,br,EID_Goodbye_Upbeat,Jubi Slide,emote,icon,Icon Series,,5,1,2024-02-27T00:00:00Z
2026-09-08,v2:/59f7a89bd2d724001d243fe81bb68f41a01862d89bef683e116e86af3a61015b,[VIRTUAL]1 x Purr-demonium for 500 MtxCurrency,500,500,0,0.0,0,2026-09-05T00:00:00Z,2026-09-11T23:59:59.999Z,1,0,-2,Unvaulted,Unvaulted,190,tileGrid,Size_1_x_1,,0,,1,br,EID_GoldCat,Purr-demonium,emote,uncommon,,Swole 'n Gold,2,Remix,2024-11-02T17:09:31Z
2026-09-08,v2:/c6466d79991b525762fd98119741e63f644d1ce2df6730ef2712e800b8ad1501,"[VIRTUAL]1 x Mechagodzilla, 1 x Proton Exo-Boosters for -1 MtxCurrency",1800,1800,0,0.0,0,2026-09-05T00:00:00Z,2026-09-09T23:59:59.999Z,1,0,-1,GodzillaxKong,Mechagodzilla & Kong,185,tileGrid,Size_1_x_1,,0,,2,br,Character_ButterPlate,Mechagodzilla,outfit,epic,,Monarch's Titans,6,1,2025-01-15T14:05:32Z
2026-09-08,v2:/c6466d79991b525762fd98119741e63f644d1ce2df6730ef2712e800b8ad1501,"[VIRTUAL]1 x Mechagodzilla, 1 x Proton Exo-Boosters for -1 MtxCurrency",1800,1800,0,0.0,0,2026-09-05T00:00:00Z,2026-09-09T23:59:59.999Z,1,0,-1,GodzillaxKong,Mechagodzilla & Kong,185,tileGrid,Size_1_x_1,,0,,2,br,Backpack_ButterPlate,Proton Exo-Boosters,backpack,rare,,Monarch's Titans,6,1,2025-01-15T14:05:32Z
2026-09-08,v2:/3475ff20f6f031054d18e3af9ea4d83253d0a4b6d1a2ceff50b1534401c7b893,[VIRTUAL]1 x TBD (SID_Placeholder_793) for 500 MtxCurrency,500,500,0,0.0,0,2026-09-04T00:00:00Z,2026-09-10T23:59:59.999Z,1,0,-5,JT090826,Jam Tracks,179,tileGrid,Size_1_x_1,,0,,1,track,sid_placeholder_793,Century,,,,,,,2026-05-14T19:25:28Z
2026-09-08,v2:/27ea69c706ca769441f798c3191f1a7beccef96ff328f56e683c9b97bfe50632,[VIRTUAL]1 x Armed And Dangerous for 500 MtxCurrency,500,500,0,0.0,0,2026-09-01T00:00:00Z,2026-09-17T23:59:59.999Z,1,0,-36,JT090826,Jam Tracks,179,expandableList,Size_1_x_1,,0,,1,track,sid_placeholder_428,Armed And Dangerous,,,,,,,2024-11-21T14:39:11Z
2026-09-08,v2:/8ef9f186d270437db4777431c64d941dc3f2ee437f2441e594c6e79b3718cf4e,[VIRTUAL]1 x The Break Shot for 300 MtxCurrency,300,300,0,0.0,0,2026-09-05T00:00:00Z,2026-09-11T23:59:59.999Z,1,0,-3,Unvaulted,Unvaulted,190,tileGrid,Size_1_x_1,,0,,1,br,EID_StageCue,The Break Shot,emote,uncommon,,In the Pocket,2,Remix,2024-11-02T17:09:31Z
2026-09-08,v2:/3c1359df9326db0d00f3f8751a79584f75cc02690d83f665a51f5a7faf540c10,[VIRTUAL]1 x Boy's A Liar Pt. 2 for 500 MtxCurrency,500,500,0,0.0,0,2026-09-01T00:00:00Z,2026-09-17T23:59:59.999Z,1,0,-28,JT090826,Jam Tracks,179,expandableList,Size_1_x_1,,0,,1,track,sid_placeholder_169,Boy's A Liar Pt. 2,,,,,,,2024-04-09T15:02:47Z
2026-09-08,v2:/cdb674e164578a0eaaa1bd4f1f21b45697d03400f9eb58a96a0813b5485e045b,[VIRTUAL]1 x Gilded Splinter for 800 MtxCurrency,800,800,0,0.0,0,2026-09-06T00:00:00Z,2026-09-12T23:59:59.999Z,1,0,-2,FND090826,Spotlight Drops,191,tileGrid,Size_2_x_1,,0,,1,br,Pickaxe_GlintRush,Gilded Splinter,pickaxe,rare,,Fractal Heroes,7,4,2026-09-03T15:24:18Z
2026-09-08,v2:/b6947abd3c7363fd2e76bbcb445798559780abf19eab68a2824d1cdafbe0e1ec,[VIRTUAL]1 x Cybernetic Scream for 500 MtxCurrency,500,500,0,0.0,0,2026-09-05T00:00:00Z,2026-09-09T23:59:59.999Z,1,0,-4,GodzillaxKong,Mechagodzilla & Kong,185,tileGrid,Size_1_x_1,,0,,1,br,Wrap_ButterPlate,Cybernetic Scream,wrap,uncommon,,Monarch's Titans,6,1,2025-01-15T14:05:32Z
2026-09-08,v2:/2a23fde490ddb165dd772a2bd081ba58731b8232293fb69cce51732375f9b6c3,"[VIRTUAL]1 x Eternal Wanderer, 1 x Stellar Scanner for -1 MtxCurrency",1200,1200,0,0.0,0,2026-09-07T00:00:00Z,2026-09-10T23:59:59.999Z,1,0,-4,BR090826,Full Flex,184,tileGrid,Size_1_x_1,,0,,2,br,CID_A_419_Athena_Commando_F_EternalVanguard,Eternal Wanderer,outfit,rare,,Space Explorers,3,2,2022-05-17T08:48:22Z
2026-09-08,v2:/2a23fde490ddb165dd772a2bd081ba58731b8232293fb69cce51732375f9b6c3,"[VIRTUAL]1 x Eternal Wanderer, 1 x Stellar Scanner for -1 MtxCurrency",1200,1200,0,0.0,0,2026-09-07T00:00:00Z,2026-09-10T23:59:59.999Z,1,0,-4,BR090826,Full Flex,184,tileGrid,Size_1_x_1,,0,,2,br,BID_A_013_EternalVanguardFemale,Stellar Scanner,backpack,rare,,Space Explorers,3,2,2022-05-17T08:48:22Z
2026-09-08,v2:/753ca1af650fd362a5756ddc9d97b965c2a5aa40ac060cae1d218121d9a186e8,[VIRTUAL]1 x TBD (SID_Placeholder_706) for 500 MtxCurrency,500,500,0,0.0,0,2026-09-01T00:00:00Z,2026-09-17T23:59:59.999Z,1,0,-21,JT090826,Jam Tracks,179,expandableList,Size_1_x_1,,0,,1,track,sid_placeholder_706,EVIL J0RDAN,,,,,,,2025-12-11T17:20:09Z
2026-09-08,v2:/a31b2a961b96a453fe9737d5b0d6003ebc66f5a21f36a44c17117b8fb0884af6,[VIRTUAL]1 x Minato's Kunai for 500 MtxCurrency,500,500,0,0.0,0,2026-09-07T00:00:00Z,2026-09-10T23:59:59.999Z,1,0,-1,Naruto,Naruto,194,tileGrid,Size_1_x_1,,0,,1,br,Pickaxe_ID_821_EnsembleFemale,Minato's Kunai,pickaxe,uncommon,,Naruto,3,3,2022-06-21T08:49:54Z
2026-09-08,v2:/7050373845aba74496ab9c53373e7e233875bb9d704934a7a7639589cd7052a8,[VIRTUAL]1 x Baller Faller for 500 MtxCurrency,500,500,0,0.0,0,2026-09-05T00:00:00Z,2026-09-11T23:59:59.999Z,1,0,-4,Unvaulted,Unvaulted,190,tileGrid,Size_1_x_1,,0,,1,br,Contrail_StageCue,Baller Faller,contrail,uncommon,,In the Pocket,2,Remix,2024-11-02T17:09:31Z
2026-09-08,v2:/fc62e45559eca39b11d486abfdaee0989c5fabfbce41e74aaced7b0ce899b8de,[VIRTUAL]1 x Better Now for 500 MtxCurrency,500,500,0,0.0,0,2026-09-01T00:00:00Z,2026-09-17T23:59:59.999Z,1,0,-64,JT090826,Jam Tracks,179,expandableList,Size_1_x_1,,0,,1,track,sid_placeholder_203,Better Now,,,,,,,2024-06-06T13:32:50Z
2026-09-08,v2:/ed23d07650f5ce5f7b7dcf704dbc2548afa91efeedaf92c1f446b2b56a36defe,[VIRTUAL]1 x Heavy Hooks for 800 MtxCurrency,800,800,0,0.0,0,2026-09-04T00:00:00Z,2026-09-10T23:59:59.999Z,1,0,-4,FND090826,Spotlight Drops,191,tileGrid,Size_1_x_1,,0,,1,br,Pickaxe_ID_286_FishermanFemale1H,Heavy Hooks,pickaxe,rare,,Open Water,2,1,2019-11-20T12:48:04Z
2026-09-08,v2:/8d56bf453b573b15361a623990d112f869d8729e5b92aa84cf89c13ddd220ff9,[VIRTUAL]1 x Clothier's Spellkit for 300 MtxCurrency,300,300,0,0.0,0,2026-09-08T00:00:00Z,2026-09-14T23:59:59.999Z,1,0,-4,,,,,Size_1_x_1,,0,,1,br,Backpack_DyedDuelist,Clothier's Spellkit,backpack,epic,,Savvy Sorceress,4,4,2023-09-26T14:25:42Z
2026-09-08,v2:/e2367bc066057f13bb598f8dad3323088685060cff26db3c083a518712d2083b,[VIRTUAL]1 x SexyBack for 500 MtxCurrency,500,500,0,0.0,0,2026-09-01T00:00:00Z,2026-09-17T23:59:59.999Z,1,0,-40,JT090826,Jam Tracks,179,expandableList,Size_1_x_1,,0,,1,track,sid_placeholder_342,SexyBack,,,,,,,2024-09-27T00:00:00Z
2026-09-08,v2:/f97f5473fac52b5902ddeb90af7b8e4fdd000776a5f3e2466095204871728ca9,[VIRTUAL]1 x Nut Hutch for 400 MtxCurrency,400,400,0,0.0,0,2026-09-06T00:00:00Z,2026-09-12T23:59:59.999Z,1,0,-3,,,,,Size_1_x_1,,0,,1,br,Backpack_SirWolf,Nut Hutch,backpack,rare,,Wendell & Walnut,4,2,2023-04-11T10:06:45Z
2026-09-08,v2:/2a1dfe808d4b02ec29f83b3ae92fd1cf7bcb20ae6d78161d67481741395cf892,"[VIRTUAL]1 x Gaara, 1 x Sand Gourd, 1 x Gaara's Sand Cloud, 1 x Hinata Hyuga, 1 x Hinata's Backpack, 1 x Shinobi Lineup for -1 MtxCurrency",3300,2400,900,0.2727,1,2026-09-07T00:00:00Z,2026-09-10T23:59:59.999Z,1,0,-1,Naruto,Naruto,194,tileGrid,Size_1_x_1,,1,GAARA & HINATA BUNDLE,6,br,CID_A_434_Athena_Commando_M_EnsembleMaroon,Gaara,outfit,epic,,Naruto,3,3,2022-06-21T08:49:54Z
2026-09-08,v2:/2a1dfe808d4b02ec29f83b3ae92fd1cf7bcb20ae6d78161d67481741395cf892,"[VIRTUAL]1 x Gaara, 1 x Sand Gourd, 1 x Gaara's Sand Cloud, 1 x Hinata Hyuga, 1 x Hinata's Backpack, 1 x Shinobi Lineup for -1 MtxCurrency",3300,2400,900,0.2727,1,2026-09-07T00:00:00Z,2026-09-10T23:59:59.999Z,1,0,-1,Naruto,Naruto,194,tileGrid,Size_1_x_1,,1,GAARA & HINATA BUNDLE,6,br,BID_A_032_EnsembleMaroonMale,Sand Gourd,backpack,epic,,Naruto,3,3,2022-06-21T08:49:54Z
2026-09-08,v2:/2a1dfe808d4b02ec29f83b3ae92fd1cf7bcb20ae6d78161d67481741395cf892,"[VIRTUAL]1 x Gaara, 1 x Sand Gourd, 1 x Gaara's Sand Cloud, 1 x Hinata Hyuga, 1 x Hinata's Backpack, 1 x Shinobi Lineup for -1 MtxCurrency",3300,2400,900,0.2727,1,2026-09-07T00:00:00Z,2026-09-10T23:59:59.999Z,1,0,-1,Naruto,Naruto,194,tileGrid,Size_1_x_1,,1,GAARA & HINATA BUNDLE,6,br,Glider_ID_377_EnsembleMaroonMale,Gaara's Sand Cloud,glider,epic,,Naruto,3,3,2022-06-21T08:49:54Z
2026-09-08,v2:/2a1dfe808d4b02ec29f83b3ae92fd1cf7bcb20ae6d78161d67481741395cf892,"[VIRTUAL]1 x Gaara, 1 x Sand Gourd, 1 x Gaara's Sand Cloud, 1 x Hinata Hyuga, 1 x Hinata's Backpack, 1 x Shinobi Lineup for -1 MtxCurrency",3300,2400,900,0.2727,1,2026-09-07T00:00:00Z,2026-09-10T23:59:59.999Z,1,0,-1,Naruto,Naruto,194,tileGrid,Size_1_x_1,,1,GAARA & HINATA BUNDLE,6,br,CID_A_435_Athena_Commando_F_Ensemble,Hinata Hyuga,outfit,epic,,Naruto,3,3,2022-06-21T08:49:54Z
2026-09-08,v2:/2a1dfe808d4b02ec29f83b3ae92fd1cf7bcb20ae6d78161d67481741395cf892,"[VIRTUAL]1 x Gaara, 1 x Sand Gourd, 1 x Gaara's Sand Cloud, 1 x Hinata Hyuga, 1 x Hinata's Backpack, 1 x Shinobi Lineup for -1 MtxCurrency",3300,2400,900,0.2727,1,2026-09-07T00:00:00Z,2026-09-10T23:59:59.999Z,1,0,-1,Naruto,Naruto,194,tileGrid,Size_1_x_1,,1,GAARA & HINATA BUNDLE,6,br,BID_A_031_EnsembleFemale,Hinata's Backpack,backpack,epic,,Naruto,3,3,2022-06-21T08:49:54Z
2026-09-08,v2:/2a1dfe808d4b02ec29f83b3ae92fd1cf7bcb20ae6d78161d67481741395cf892,"[VIRTUAL]1 x Gaara, 1 x Sand Gourd, 1 x Gaara's Sand Cloud, 1 x Hinata Hyuga, 1 x Hinata's Backpack, 1 x Shinobi Lineup for -1 MtxCurrency",3300,2400,900,0.2727,1,2026-09-07T00:00:00Z,2026-09-10T23:59:59.999Z,1,0,-1,Naruto,Naruto,194,tileGrid,Size_1_x_1,,1,GAARA & HINATA BUNDLE,6,br,LSID_457_Ensemble_Characters,Shinobi Lineup,loadingscreen,uncommon,,Naruto,3,3,2022-06-21T08:49:54Z
2026-09-08,v2:/d933c6ce405ea3494953a61cff278f682fae4e580f31f466cfce4c7cff798088,"[VIRTUAL]1 x Rasenshuriken, 1 x Minato's Kunai, 1 x Sword of Kusanagi for -1 MtxCurrency",1700,1300,400,0.2353,1,2026-09-07T00:00:00Z,2026-09-10T23:59:59.999Z,1,0,-3,Naruto,Naruto,194,tileGrid,Size_1_x_1,,1,NINDO GEAR BUNDLE,3,br,EID_Spiral,Rasenshuriken,emote,rare,,Naruto,3,3,2022-06-21T08:49:54Z
2026-09-08,v2:/d933c6ce405ea3494953a61cff278f682fae4e580f31f466cfce4c7cff798088,"[VIRTUAL]1 x Rasenshuriken, 1 x Minato's Kunai, 1 x Sword of Kusanagi for -1 MtxCurrency",1700,1300,400,0.2353,1,2026-09-07T00:00:00Z,2026-09-10T23:59:59.999Z,1,0,-3,Naruto,Naruto,194,tileGrid,Size_1_x_1,,1,NINDO GEAR BUNDLE,3,br,Pickaxe_ID_821_EnsembleFemale,Minato's Kunai,pickaxe,uncommon,,Naruto,3,3,2022-06-21T08:49:54Z
2026-09-08,v2:/d933c6ce405ea3494953a61cff278f682fae4e580f31f466cfce4c7cff798088,"[VIRTUAL]1 x Rasenshuriken, 1 x Minato's Kunai, 1 x Sword of Kusanagi for -1 MtxCurrency",1700,1300,400,0.2353,1,2026-09-07T00:00:00Z,2026-09-10T23:59:59.999Z,1,0,-3,Naruto,Naruto,194,tileGrid,Size_1_x_1,,1,NINDO GEAR BUNDLE,3,br,Pickaxe_ID_822_EnsembleSnakeMale,Sword of Kusanagi,pickaxe,rare,,Naruto,3,3,2022-06-21T08:49:54Z
2026-09-08,v2:/fdde6705fef85c8c58012e8c4c6c7a5e5c60d4775ab115a920bdca5b65a9c1f0,[VIRTUAL]1 x SC Heart Purse for 400 MtxCurrency,400,400,0,0.0,0,2026-09-08T00:00:00Z,2026-09-12T23:59:59.999Z,1,0,-3,SabrinaCarpenterSweet,Sabrina Carpenter,195,tileGrid,Size_1_x_1,,0,,1,br,Backpack_DimeBlanketGrace,SC Heart Purse,backpack,icon,Icon Series,Sabrina Carpenter,6,2,2025-04-08T08:00:00Z
2026-09-08,v2:/2d74ab7bb6eddbb4ca67b5c506cb59d9d2175903d49a2706230c4bfedb5a0a48,[VIRTUAL]1 x TBD (SID_Placeholder_537) for 500 MtxCurrency,500,500,0,0.0,0,2026-09-01T00:00:00Z,2026-09-17T23:59:59.999Z,1,0,-4,SabrinaCarpenterSweet,Sabrina Carpenter,195,tileGrid,Size_1_x_1,,0,,1,track,sid_placeholder_537,Please Please Please,,,,,,,2025-04-08T08:00:00Z
2026-09-08,v2:/fbb16f923aa1befd3e1e4ee9c0115a40731fa3f4bc4e4556534c42f268115f7d,"[VIRTUAL]1 x Itachi Uchiha, 1 x Black Ops Mask for -1 MtxCurrency",1500,1500,0,0.0,0,2026-09-07T00:00:00Z,2026-09-10T23:59:59.999Z,1,0,-3,Naruto,Naruto,194,tileGrid,Size_1_x_1,,0,,2,br,CID_A_432_Athena_Commando_M_Ensemble,Itachi Uchiha,outfit,epic,,Naruto,3,3,2022-06-21T08:49:54Z
2026-09-08,v2:/fbb16f923aa1befd3e1e4ee9c0115a40731fa3f4bc4e4556534c42f268115f7d,"[VIRTUAL]1 x Itachi Uchiha, 1 x Black Ops Mask for -1 MtxCurrency",1500,1500,0,0.0,0,2026-09-07T00:00:00Z,2026-09-10T23:59:59.999Z,1,0,-3,Naruto,Naruto,194,tileGrid,Size_1_x_1,,0,,2,br,BID_A_030_EnsembleMaskMale,Black Ops Mask,backpack,epic,,Naruto,3,3,2022-06-21T08:49:54Z
2026-09-08,v2:/cf44eb6c4ed422bf7f1a6c04a668e5727b2af77f360eae07af51c6d98308adfe,[VIRTUAL]1 x Paradise City for 500 MtxCurrency,500,500,0,0.0,0,2026-09-01T00:00:00Z,2026-09-17T23:59:59.999Z,1,0,-98,JT090826,Jam Tracks,179,expandableList,Size_1_x_1,,0,,1,track,sid_placeholder_270,Paradise City,,,,,,,2024-08-09T00:00:00Z
2026-09-08,v2:/d42f9ce90ef7e06f1c3f9f469faf49fd129d7b4e80b3955628b52d002009c12b,"[VIRTUAL]1 x Champion Sparkplug, 1 x Winner's Emblem, 1 x Scarlet Champion, 1 x FNCS Elite, 1 x Bouncin' Back for -1 MtxCurrency",2300,1600,700,0.3043,1,2026-09-07T00:00:00Z,2026-09-09T23:59:59.999Z,1,0,-1,FNCS4,FNCS,183,tileGrid,Size_3_x_1,,1,FNCS C5S3 Bundle,5,br,Character_GarbageFNCS,Champion Sparkplug,outfit,epic,,FNCS,5,3,2024-06-22T08:21:26Z
2026-09-08,v2:/d42f9ce90ef7e06f1c3f9f469faf49fd129d7b4e80b3955628b52d002009c12b,"[VIRTUAL]1 x Champion Sparkplug, 1 x Winner's Emblem, 1 x Scarlet Champion, 1 x FNCS Elite, 1 x Bouncin' Back for -1 MtxCurrency",2300,1600,700,0.3043,1,2026-09-07T00:00:00Z,2026-09-09T23:59:59.999Z,1,0,-1,FNCS4,FNCS,183,tileGrid,Size_3_x_1,,1,FNCS C5S3 Bundle,5,br,Backpack_FNCS_S30,Winner's Emblem,backpack,rare,,FNCS,5,3,2024-06-22T08:21:26Z
2026-09-08,v2:/d42f9ce90ef7e06f1c3f9f469faf49fd129d7b4e80b3955628b52d002009c12b,"[VIRTUAL]1 x Champion Sparkplug, 1 x Winner's Emblem, 1 x Scarlet Champion, 1 x FNCS Elite, 1 x Bouncin' Back for -1 MtxCurrency",2300,1600,700,0.3043,1,2026-09-07T00:00:00Z,2026-09-09T23:59:59.999Z,1,0,-1,FNCS4,FNCS,183,tileGrid,Size_3_x_1,,1,FNCS C5S3 Bundle,5,br,Pickaxe_Angel_FNCS,Scarlet Champion,pickaxe,rare,,FNCS,5,3,2024-06-22T08:21:26Z
2026-09-08,v2:/d42f9ce90ef7e06f1c3f9f469faf49fd129d7b4e80b3955628b52d002009c12b,"[VIRTUAL]1 x Champion Sparkplug, 1 x Winner's Emblem, 1 x Scarlet Champion, 1 x FNCS Elite, 1 x Bouncin' Back for -1 MtxCurrency",2300,1600,700,0.3043,1,2026-09-07T00:00:00Z,2026-09-09T23:59:59.999Z,1,0,-1,FNCS4,FNCS,183,tileGrid,Size_3_x_1,,1,FNCS C5S3 Bundle,5,br,Wrap_Comp30,FNCS Elite,wrap,uncommon,,FNCS,5,3,2024-06-22T08:21:26Z
2026-09-08,v2:/d42f9ce90ef7e06f1c3f9f469faf49fd129d7b4e80b3955628b52d002009c12b,"[VIRTUAL]1 x Champion Sparkplug, 1 x Winner's Emblem, 1 x Scarlet Champion, 1 x FNCS Elite, 1 x Bouncin' Back for -1 MtxCurrency",2300,1600,700,0.3043,1,2026-09-07T00:00:00Z,2026-09-09T23:59:59.999Z,1,0,-1,FNCS4,FNCS,183,tileGrid,Size_3_x_1,,1,FNCS C5S3 Bundle,5,track,sid_placeholder_264,Bouncin' Back,,,,,,,2024-07-18T00:00:00Z
2026-09-08,v2:/bbe54ff5dc82afb2a5d962c7c7e91b51142580bd754613b8c5d26ddfc497f2c0,[VIRTUAL]1 x Bad Kit for 1200 MtxCurrency,1200,1200,0,0.0,0,2026-09-06T00:00:00Z,2026-09-12T23:59:59.999Z,1,0,-4,FND090826,Spotlight Drops,191,tileGrid,Size_1_x_1,,0,,1,br,Character_BadCat,Bad Kit,outfit,epic,,Mad Mecha,6,2,2025-04-08T08:41:18Z
2026-09-08,v2:/6410d0af2e1082aa9e894fcab55b8286285aa1402d388edb2994b4333e7d2084,[VIRTUAL]1 x Tour-Ready Sabrina Carpenter for 1500 MtxCurrency,1500,1500,0,0.0,0,2026-09-08T00:00:00Z,2026-09-12T23:59:59.999Z,1,0,-2,SabrinaCarpenterSweet,Sabrina Carpenter,195,tileGrid,Size_1_x_1,,0,,1,br,Character_DimeBlanketGrace,Tour-Ready Sabrina Carpenter,outfit,icon,Icon Series,Sabrina Carpenter,6,2,2025-04-08T08:00:00Z
2026-09-08,v2:/10aa2062a6928220e50521784ffa2d65449d31331782d93f8fadbd4118a44c22,[VIRTUAL]1 x Excalibur for 1500 MtxCurrency,1500,1500,0,0.0,0,2026-09-05T00:00:00Z,2026-09-08T23:59:59.999Z,1,0,-2,SuperWarArk,Gaming Legends,182,tileGrid,Size_1_x_1,,0,,1,br,Character_ToffeeMood,Excalibur,outfit,gaminglegends,Gaming Legends Series,Warframe,7,3,2026-07-12T00:00:00Z
2026-09-08,v2:/7485e8be997638bef44ec35b013950eeac19949052ecb73dfb9094ecd185b024,[VIRTUAL]1 x My Songs Know What You Did In The Dark (Light Em Up) for 500 MtxCurrency,500,500,0,0.0,0,2026-09-01T00:00:00Z,2026-09-17T23:59:59.999Z,1,0,-58,JT090826,Jam Tracks,179,expandableList,Size_1_x_1,,0,,1,track,sid_placeholder_90,My Songs Know What You Did In The Dark (Light Em Up),,,,,,,2024-01-05T21:55:08Z
2026-09-08,v2:/b440a2e9d5dee23063b836c0f4b0a4324ee2c31a14c592f2c0c5448dba01479e,[VIRTUAL]1 x Faceted Gold for 500 MtxCurrency,500,500,0,0.0,0,2026-09-06T00:00:00Z,2026-09-12T23:59:59.999Z,1,0,-3,FND090826,Spotlight Drops,191,tileGrid,Size_1_x_1,,0,,1,br,Wrap_GlintRush,Faceted Gold,wrap,rare,,Fractal Heroes,7,4,2026-09-03T15:24:18Z
2026-09-08,v2:/afb5691ad324a2cdd81ea7e3df904c52c23b97939bb53fd377762923673ac93c,[VIRTUAL]1 x TBD (SID_Placeholder_488) for 500 MtxCurrency,500,500,0,0.0,0,2026-09-01T00:00:00Z,2026-09-17T23:59:59.999Z,1,0,-30,JT090826,Jam Tracks,179,expandableList,Size_1_x_1,,0,,1,track,sid_placeholder_488,No Scrubs,,,,,,,2025-01-23T15:05:07Z
2026-09-08,v2:/ef3a5125e0f04abb64ebd6d675da5dd1d490b051611951e44e3de86196385ea7,[VIRTUAL]1 x TBD (SID_Placeholder_743) for 500 MtxCurrency,500,500,0,0.0,0,2026-09-04T00:00:00Z,2026-09-10T23:59:59.999Z,1,0,-3,JT090826,Jam Tracks,179,tileGrid,Size_1_x_1,,0,,1,track,sid_placeholder_743,BAILE INoLVIDABLE,,,,,,,2026-02-04T16:58:53Z
2026-09-08,v2:/dcf99340f902f451f8fc0e32826d21865287b0fe0d4518e36fc59fda0d540beb,[VIRTUAL]1 x Company Standard for 500 MtxCurrency,500,500,0,0.0,0,2026-09-08T00:00:00Z,2026-09-11T23:59:59.999Z,1,0,-2,DRG,Deep Rock Galactic,193,tileGrid,Size_1_x_1,,0,,1,br,Pickaxe_CampusSire,Company Standard,pickaxe,gaminglegends,Gaming Legends Series,Deep Rock Galactic,6,5,2025-08-30T00:00:00Z
2026-09-08,v2:/999df03871bc5ad50385e4c40178938ce1badedad9867db5774da6a7f7059b03,[VIRTUAL]1 x TBD (SID_Placeholder_835) for 500 MtxCurrency,500,500,0,0.0,0,2026-09-04T00:00:00Z,2026-09-10T23:59:59.999Z,1,0,-2,JT090826,Jam Tracks,179,tileGrid,Size_1_x_1,,0,,1,track,sid_placeholder_835,"I miss you, I'm sorry",,,,,,,2026-06-16T14:08:22Z
2026-09-08,v2:/392fb81306b9db5f21de10d5090bba94e9e3389a351fc4c04db645765a49c2c7,[VIRTUAL]1 x TBD (SID_Placeholder_878) for 500 MtxCurrency,500,500,0,0.0,0,2026-09-04T00:00:00Z,2026-09-10T23:59:59.999Z,1,0,-1,JT090826,Jam Tracks,179,tileGrid,Size_1_x_1,,0,,1,track,sid_placeholder_878,Can You Feel My Heart,,,,,,,2026-09-01T19:03:58Z
2026-09-08,v2:/80fd170fde0e9ffb0d3001b42a437699ec78d514f25f59f0d2c44e44fddaa2ca,"[VIRTUAL]1 x Kitana's Steel Fans, 1 x Kitana's Fan-Bearer for 800 MtxCurrency",800,800,0,0.0,0,2026-09-06T00:00:00Z,2026-09-12T23:59:59.999Z,1,0,-1,MortalKombat1,Mortal Kombat,192,tileGrid,Size_1_x_1,,0,,2,br,Pickaxe_GarlicWhisk,Kitana's Steel Fans,pickaxe,gaminglegends,Gaming Legends Series,Klassic Kombat,6,2,2025-03-27T15:08:18Z
2026-09-08,v2:/80fd170fde0e9ffb0d3001b42a437699ec78d514f25f59f0d2c44e44fddaa2ca,"[VIRTUAL]1 x Kitana's Steel Fans, 1 x Kitana's Fan-Bearer for 800 MtxCurrency",800,800,0,0.0,0,2026-09-06T00:00:00Z,2026-09-12T23:59:59.999Z,1,0,-1,MortalKombat1,Mortal Kombat,192,tileGrid,Size_1_x_1,,0,,2,br,Backpack_GarlicWhisk,Kitana's Fan-Bearer,backpack,gaminglegends,Gaming Legends Series,Klassic Kombat,6,2,2025-03-27T15:08:18Z
2026-09-08,v2:/d20e66133636beccb2a18054d8fa9a6be33f87d8f4ac1b65cd6ead782faf9825,[VIRTUAL]1 x TBD (SID_Placeholder_650) for 500 MtxCurrency,500,500,0,0.0,0,2026-09-01T00:00:00Z,2026-09-17T23:59:59.999Z,1,0,-69,JT090826,Jam Tracks,179,expandableList,Size_1_x_1,,0,,1,track,sid_placeholder_650,Rocket Man,,,,,,,2025-10-09T08:44:55Z
2026-09-08,v2:/53c6bcf22a70d6c383bdcdcde2e44e7f6646429c4f264e0511e8b9bb3563616b,"[VIRTUAL]1 x The Stylist, 1 x Pixellator for -1 MtxCurrency",1500,1500,0,0.0,0,2026-09-08T00:00:00Z,2026-09-13T23:59:59.999Z,1,0,-2,BR090826,Full Flex,184,tileGrid,Size_1_x_1,Show off any of your wraps! Pick a color for your hair and clothing accents. Includes Pixellator Wrap!,1,The Stylist,2,br,CID_A_149_Athena_Commando_F_Pliant_C,The Stylist,outfit,epic,,Show Your Style,2,7,2021-07-20T07:27:39Z
2026-09-08,v2:/53c6bcf22a70d6c383bdcdcde2e44e7f6646429c4f264e0511e8b9bb3563616b,"[VIRTUAL]1 x The Stylist, 1 x Pixellator for -1 MtxCurrency",1500,1500,0,0.0,0,2026-09-08T00:00:00Z,2026-09-13T23:59:59.999Z,1,0,-2,BR090826,Full Flex,184,tileGrid,Size_1_x_1,Show off any of your wraps! Pick a color for your hair and clothing accents. Includes Pixellator Wrap!,1,The Stylist,2,br,Wrap_379_Pliant,Pixellator,wrap,rare,,Show Your Style,2,7,2021-07-20T07:27:39Z
2026-09-08,v2:/10ef55791283bc51671a485db9ec70e7f814ea91ec9dada678bd94c0eb53a64f,[VIRTUAL]1 x TBD (SID_Placeholder_805) for 500 MtxCurrency,500,500,0,0.0,0,2026-09-04T00:00:00Z,2026-09-10T23:59:59.999Z,1,0,-3,JT090826,Jam Tracks,179,tileGrid,Size_1_x_1,,0,,1,track,sid_placeholder_805,Dracula,,,,,,,2026-06-04T14:31:15Z
2026-09-08,v2:/98e874a3d3a67b554d8fd5f4d7e6a96d265d59b1625d1e621ca0a796a4a20a8b,"[VIRTUAL]1 x Fractal Brite Bomber, 1 x Armored Brite Bag, 1 x Fractal Llamacorn, 1 x Multi-Angle, 1 x Platformer Pace, 1 x Sprite Squishems for -1 MtxCurrency",3500,2000,1500,0.4286,1,2026-09-04T00:00:00Z,2026-09-10T23:59:59.999Z,1,0,-1,FND090826,Spotlight Drops,191,tileGrid,Size_1_x_1,,1,Fractal Brite Bomber's Bundle,6,br,Character_DyeBlast,Fractal Brite Bomber,outfit,epic,,Fractal Heroes,7,4,2026-09-03T15:24:18Z
2026-09-08,v2:/98e874a3d3a67b554d8fd5f4d7e6a96d265d59b1625d1e621ca0a796a4a20a8b,"[VIRTUAL]1 x Fractal Brite Bomber, 1 x Armored Brite Bag, 1 x Fractal Llamacorn, 1 x Multi-Angle, 1 x Platformer Pace, 1 x Sprite Squishems for -1 MtxCurrency",3500,2000,1500,0.4286,1,2026-09-04T00:00:00Z,2026-09-10T23:59:59.999Z,1,0,-1,FND090826,Spotlight Drops,191,tileGrid,Size_1_x_1,,1,Fractal Brite Bomber's Bundle,6,br,Backpack_DyeBlast,Armored Brite Bag,backpack,rare,,Fractal Heroes,7,4,2026-09-03T15:24:18Z
2026-09-08,v2:/98e874a3d3a67b554d8fd5f4d7e6a96d265d59b1625d1e621ca0a796a4a20a8b,"[VIRTUAL]1 x Fractal Brite Bomber, 1 x Armored Brite Bag, 1 x Fractal Llamacorn, 1 x Multi-Angle, 1 x Platformer Pace, 1 x Sprite Squishems for -1 MtxCurrency",3500,2000,1500,0.4286,1,2026-09-04T00:00:00Z,2026-09-10T23:59:59.999Z,1,0,-1,FND090826,Spotlight Drops,191,tileGrid,Size_1_x_1,,1,Fractal Brite Bomber's Bundle,6,br,Pickaxe_DyeBlast,Fractal Llamacorn,pickaxe,rare,,Fractal Heroes,7,4,2026-09-03T15:24:18Z
2026-09-08,v2:/98e874a3d3a67b554d8fd5f4d7e6a96d265d59b1625d1e621ca0a796a4a20a8b,"[VIRTUAL]1 x Fractal Brite Bomber, 1 x Armored Brite Bag, 1 x Fractal Llamacorn, 1 x Multi-Angle, 1 x Platformer Pace, 1 x Sprite Squishems for -1 MtxCurrency",3500,2000,1500,0.4286,1,2026-09-04T00:00:00Z,2026-09-10T23:59:59.999Z,1,0,-1,FND090826,Spotlight Drops,191,tileGrid,Size_1_x_1,,1,Fractal Brite Bomber's Bundle,6,br,Wrap_DyeBlast,Multi-Angle,wrap,rare,,Fractal Heroes,7,4,2026-09-03T15:24:18Z
2026-09-08,v2:/98e874a3d3a67b554d8fd5f4d7e6a96d265d59b1625d1e621ca0a796a4a20a8b,"[VIRTUAL]1 x Fractal Brite Bomber, 1 x Armored Brite Bag, 1 x Fractal Llamacorn, 1 x Multi-Angle, 1 x Platformer Pace, 1 x Sprite Squishems for -1 MtxCurrency",3500,2000,1500,0.4286,1,2026-09-04T00:00:00Z,2026-09-10T23:59:59.999Z,1,0,-1,FND090826,Spotlight Drops,191,tileGrid,Size_1_x_1,,1,Fractal Brite Bomber's Bundle,6,br,EID_FrameDash,Platformer Pace,emote,uncommon,,,7,4,2026-09-03T15:24:18Z
2026-09-08,v2:/98e874a3d3a67b554d8fd5f4d7e6a96d265d59b1625d1e621ca0a796a4a20a8b,"[VIRTUAL]1 x Fractal Brite Bomber, 1 x Armored Brite Bag, 1 x Fractal Llamacorn, 1 x Multi-Angle, 1 x Platformer Pace, 1 x Sprite Squishems for -1 MtxCurrency",3500,2000,1500,0.4286,1,2026-09-04T00:00:00Z,2026-09-10T23:59:59.999Z,1,0,-1,FND090826,Spotlight Drops,191,tileGrid,Size_1_x_1,,1,Fractal Brite Bomber's Bundle,6,br,Shoes_PlushPlane,Sprite Steppers,shoe,uncommon,,,7,4,2026-09-04T00:00:00Z
2026-09-08,v2:/c642d60bf52e8a6de40dc77312dc72de50cfe7384d78e0f6701afca54a53291d,[VIRTUAL]1 x Nightmare for 500 MtxCurrency,500,500,0,0.0,0,2026-09-01T00:00:00Z,2026-09-17T23:59:59.999Z,1,0,-56,JT090826,Jam Tracks,179,expandableList,Size_1_x_1,,0,,1,track,sid_placeholder_301,Nightmare,,,,,,,2024-10-17T13:33:26Z
2026-09-08,v2:/d7933e58231ee0a65de948d88a66e155bc609b6a0c0b31f9e6057c505716b8b3,[VIRTUAL]1 x TBD (SID_Placeholder_779) for 500 MtxCurrency,500,500,0,0.0,0,2026-09-01T00:00:00Z,2026-09-17T23:59:59.999Z,1,0,-52,JT090826,Jam Tracks,179,expandableList,Size_1_x_1,,0,,1,track,sid_placeholder_779,back to friends,,,,,,,2026-04-16T08:01:05Z
2026-09-08,v2:/676b3efc9b667674ecf39eae8c810f936db2557eeb96b0df5473edb6f57a2a8e,"[VIRTUAL]1 x The Incredibile, 1 x Modern Super Suit, 1 x Frozone, 1 x Incrediwheel for -1 MtxCurrency",1800,1800,0,0.0,0,2026-09-04T00:00:00Z,2026-09-10T23:59:59.999Z,1,0,-1,IncredibleCar,The Incredibles,174,tileGrid,Size_3_x_1,Decals in this bundle are restricted to The Incredibile car body.,1,The Incredibile,4,car,CarBody_Hero,The Incredibile,body,epic,,,,,2024-09-28T00:02:33Z
2026-09-08,v2:/676b3efc9b667674ecf39eae8c810f936db2557eeb96b0df5473edb6f57a2a8e,"[VIRTUAL]1 x The Incredibile, 1 x Modern Super Suit, 1 x Frozone, 1 x Incrediwheel for -1 MtxCurrency",1800,1800,0,0.0,0,2026-09-04T00:00:00Z,2026-09-10T23:59:59.999Z,1,0,-1,IncredibleCar,The Incredibles,174,tileGrid,Size_3_x_1,Decals in this bundle are restricted to The Incredibile car body.,1,The Incredibile,4,car,CarSkin_Hero01,Modern Super Suit,skin,uncommon,,,,,2024-09-28T00:02:33Z
2026-09-08,v2:/676b3efc9b667674ecf39eae8c810f936db2557eeb96b0df5473edb6f57a2a8e,"[VIRTUAL]1 x The Incredibile, 1 x Modern Super Suit, 1 x Frozone, 1 x Incrediwheel for -1 MtxCurrency",1800,1800,0,0.0,0,2026-09-04T00:00:00Z,2026-09-10T23:59:59.999Z,1,0,-1,IncredibleCar,The Incredibles,174,tileGrid,Size_3_x_1,Decals in this bundle are restricted to The Incredibile car body.,1,The Incredibile,4,car,CarSkin_Hero03,Frozone,skin,uncommon,,,,,2024-09-28T00:02:33Z
2026-09-08,v2:/676b3efc9b667674ecf39eae8c810f936db2557eeb96b0df5473edb6f57a2a8e,"[VIRTUAL]1 x The Incredibile, 1 x Modern Super Suit, 1 x Frozone, 1 x Incrediwheel for -1 MtxCurrency",1800,1800,0,0.0,0,2026-09-04T00:00:00Z,2026-09-10T23:59:59.999Z,1,0,-1,IncredibleCar,The Incredibles,174,tileGrid,Size_3_x_1,Decals in this bundle are restricted to The Incredibile car body.,1,The Incredibile,4,car,Wheel_161Hero,Incrediwheel,wheel,uncommon,,,,,2024-09-25T23:11:28Z
2026-09-08,v2:/bd6a75dd6da7376d86cba66fe5a43c957a3a58436da91e6ec35e44a8f4a67feb,[VIRTUAL]1 x Sky Ray for 1200 MtxCurrency,1200,1200,0,0.0,0,2026-09-06T00:00:00Z,2026-09-11T23:59:59.999Z,1,0,-2,Bewitching,Bewitching's Locker,176,tileGrid,Size_1_x_1,,0,,1,br,Glider_ID_229_Angler,Sky Ray,glider,epic,,Sea Glow,2,3,2020-08-05T08:09:19Z
2026-09-08,v2:/fc59b67714cd9a1fc4a48c82f08d6118b84b203256707551d6cb5aee95be0dc3,[VIRTUAL]1 x Sand Gourd for 300 MtxCurrency,300,300,0,0.0,0,2026-09-07T00:00:00Z,2026-09-10T23:59:59.999Z,1,0,-1,,,,,Size_1_x_1,,0,,1,br,BID_A_032_EnsembleMaroonMale,Sand Gourd,backpack,epic,,Naruto,3,3,2022-06-21T08:49:54Z
2026-09-08,v2:/4a469f84028567c6c682010d5110b87840bd4b4ca14003772220d533836f5d6d,[VIRTUAL]1 x Hidden Leaf Cloak for 400 MtxCurrency,400,400,0,0.0,0,2026-09-07T00:00:00Z,2026-09-10T23:59:59.999Z,1,0,-1,,,,,Size_2_x_1,,0,,1,br,BID_905_HeadbandSFemale,Hidden Leaf Cloak,backpack,epic,,Naruto,2,8,2021-11-16T09:00:00Z
2026-09-08,v2:/c2eec06ee67d68805492bd349e2f8d3d17a9871ee52f4325c8fc0d72a62f4811,[VIRTUAL]1 x Sexy And I Know It for 500 MtxCurrency,500,500,0,0.0,0,2026-09-01T00:00:00Z,2026-09-17T23:59:59.999Z,1,0,-97,JT090826,Jam Tracks,179,expandableList,Size_1_x_1,,0,,1,track,sid_placeholder_260,Sexy And I Know It,,,,,,,2024-07-03T14:17:57Z
2026-09-08,v2:/9138fb5d0d407953736a5f18692bef4a9cada84b8ff5539840a00216a7c29903,[VIRTUAL]1 x B.E.A.S.T. Glove for 400 MtxCurrency,400,400,0,0.0,0,2026-09-05T00:00:00Z,2026-09-09T23:59:59.999Z,1,0,-1,GodzillaxKong,Mechagodzilla & Kong,185,tileGrid,Size_1_x_1,"B.E.A.S.T. Glove Emote utilizes different sounds when equipped with Mechagodzilla or Godzilla (sold separately). To preview the sounds, equip those Outfits and return to this page.",0,,1,br,EID_AvocadoSeal,B.E.A.S.T. Glove,emote,uncommon,,Monarch's Titans,6,1,2025-01-15T14:05:32Z
2026-09-08,v2:/515391125b33363964cde0183f581f24f5147622b5e038c2157423a2e03e129b,[VIRTUAL]1 x The Unforgiven for 500 MtxCurrency,500,500,0,0.0,0,2026-09-01T00:00:00Z,2026-09-17T23:59:59.999Z,1,0,-85,JT090826,Jam Tracks,179,expandableList,Size_1_x_1,,0,,1,track,sid_placeholder_228,The Unforgiven,,,,,,,2024-06-13T08:00:00Z
2026-09-08,v2:/bc04a152b39b7e24b7b2c4da3981103b3387aef14e1163bdccc00de112429a64,[VIRTUAL]1 x Death Metal Scythe for 800 MtxCurrency,800,800,0,0.0,0,2026-09-04T00:00:00Z,2026-09-08T23:59:59.999Z,1,0,-4,DeathstrokemanLaugh,DC,181,tileGrid,Size_1_x_1,,0,,1,br,Pickaxe_ID_687_GiggleMale_YCQ4S,Death Metal Scythe,pickaxe,dc,DC SERIES,Dark Multiverse,2,8,2021-10-22T16:37:22Z
2026-09-08,v2:/1c85a87ac9c4cbb4490aa7851f500cdca90fbf5949689a50e43ae0b5a9c8d821,"[VIRTUAL]1 x Hinata Hyuga, 1 x Hinata's Backpack for -1 MtxCurrency",1500,1500,0,0.0,0,2026-09-07T00:00:00Z,2026-09-10T23:59:59.999Z,1,0,-2,Naruto,Naruto,194,tileGrid,Size_1_x_1,,0,,2,br,CID_A_435_Athena_Commando_F_Ensemble,Hinata Hyuga,outfit,epic,,Naruto,3,3,2022-06-21T08:49:54Z
2026-09-08,v2:/1c85a87ac9c4cbb4490aa7851f500cdca90fbf5949689a50e43ae0b5a9c8d821,"[VIRTUAL]1 x Hinata Hyuga, 1 x Hinata's Backpack for -1 MtxCurrency",1500,1500,0,0.0,0,2026-09-07T00:00:00Z,2026-09-10T23:59:59.999Z,1,0,-2,Naruto,Naruto,194,tileGrid,Size_1_x_1,,0,,2,br,BID_A_031_EnsembleFemale,Hinata's Backpack,backpack,epic,,Naruto,3,3,2022-06-21T08:49:54Z
2026-09-08,v2:/316dccdd87e021c829ca793dca954f56aa5e645e46b90cb99c32160c025fdc19,"[VIRTUAL]1 x Honeydancer, 1 x Floral Flutters for -1 MtxCurrency",1200,1200,0,0.0,0,2026-09-08T00:00:00Z,2026-09-08T23:59:59.999Z,1,0,-3,BR090826,Full Flex,184,tileGrid,Size_1_x_1,,0,,2,br,Character_Ballerina_Honey,Honeydancer,outfit,epic,,Fae Ballet,5,2,2024-05-04T00:00:00Z
2026-09-08,v2:/316dccdd87e021c829ca793dca954f56aa5e645e46b90cb99c32160c025fdc19,"[VIRTUAL]1 x Honeydancer, 1 x Floral Flutters for -1 MtxCurrency",1200,1200,0,0.0,0,2026-09-08T00:00:00Z,2026-09-08T23:59:59.999Z,1,0,-3,BR090826,Full Flex,184,tileGrid,Size_1_x_1,,0,,2,br,Backpack_Ballerina_Honey,Floral Flutters,backpack,rare,,Fae Ballet,5,2,2024-05-04T00:00:00Z
2026-09-08,v2:/0f3fd02b2583d18d37c0d702c3abf9ddd251b9663b30eb4c559538a138fa72d4,[VIRTUAL]1 x Demon Wind Shuriken for 300 MtxCurrency,300,300,0,0.0,0,2026-09-07T00:00:00Z,2026-09-10T23:59:59.999Z,1,0,-1,,,,,Size_2_x_1,,0,,1,br,BID_904_HeadbandSMale,Demon Wind Shuriken,backpack,epic,,Naruto,2,8,2021-11-16T09:00:00Z
2026-09-08,v2:/15e1a227411695535f8ffa388799bdb9922b288f9aaee3308d0ad0c534f233b7,[VIRTUAL]1 x Par Patroller for 800 MtxCurrency,800,800,0,0.0,0,2026-09-08T00:00:00Z,2026-09-14T23:59:59.999Z,1,0,-2,NS090826,No Sweat,187,tileGrid,Size_1_x_1,,0,,1,br,CID_801_Athena_Commando_F_GolfSummer,Par Patroller,outfit,uncommon,,Rough Raiders,2,3,2020-06-30T06:09:08Z
2026-09-08,v2:/0ca5f13f308f4abbf390778298fa33b7a6015f6fd7244d7cbde08a75bb7fe09c,[VIRTUAL]1 x Sprite Squishems for 600 MtxCurrency,600,600,0,0.0,0,2026-09-04T00:00:00Z,2026-09-10T23:59:59.999Z,1,0,-4,FND090826,Spotlight Drops,191,tileGrid,Size_1_x_1,,0,,1,br,Shoes_PlushPlane,Sprite Steppers,shoe,uncommon,,,7,4,2026-09-04T00:00:00Z
2026-09-08,v2:/afd51965ce8acdc27620df95870a9c2c7fd19d2802dd4dca4d3c4c2d2d2ec5f3,"[VIRTUAL]1 x Itachi Uchiha, 1 x Black Ops Mask, 1 x Orochimaru, 1 x Islandbound Ninja for -1 MtxCurrency",3100,2200,900,0.2903,1,2026-09-07T00:00:00Z,2026-09-10T23:59:59.999Z,1,0,-1,Naruto,Naruto,194,tileGrid,Size_2_x_1,Bundle includes loading screen! <highlight>OROCHIMARU</> can use the built-in <highlight>STRIKING SHADOW SNAKES</> Emote with his default style!,1,ITACHI & OROCHIMARU BUNDLE,4,br,CID_A_432_Athena_Commando_M_Ensemble,Itachi Uchiha,outfit,epic,,Naruto,3,3,2022-06-21T08:49:54Z
2026-09-08,v2:/afd51965ce8acdc27620df95870a9c2c7fd19d2802dd4dca4d3c4c2d2d2ec5f3,"[VIRTUAL]1 x Itachi Uchiha, 1 x Black Ops Mask, 1 x Orochimaru, 1 x Islandbound Ninja for -1 MtxCurrency",3100,2200,900,0.2903,1,2026-09-07T00:00:00Z,2026-09-10T23:59:59.999Z,1,0,-1,Naruto,Naruto,194,tileGrid,Size_2_x_1,Bundle includes loading screen! <highlight>OROCHIMARU</> can use the built-in <highlight>STRIKING SHADOW SNAKES</> Emote with his default style!,1,ITACHI & OROCHIMARU BUNDLE,4,br,BID_A_030_EnsembleMaskMale,Black Ops Mask,backpack,epic,,Naruto,3,3,2022-06-21T08:49:54Z
2026-09-08,v2:/afd51965ce8acdc27620df95870a9c2c7fd19d2802dd4dca4d3c4c2d2d2ec5f3,"[VIRTUAL]1 x Itachi Uchiha, 1 x Black Ops Mask, 1 x Orochimaru, 1 x Islandbound Ninja for -1 MtxCurrency",3100,2200,900,0.2903,1,2026-09-07T00:00:00Z,2026-09-10T23:59:59.999Z,1,0,-1,Naruto,Naruto,194,tileGrid,Size_2_x_1,Bundle includes loading screen! <highlight>OROCHIMARU</> can use the built-in <highlight>STRIKING SHADOW SNAKES</> Emote with his default style!,1,ITACHI & OROCHIMARU BUNDLE,4,br,CID_A_433_Athena_Commando_M_EnsembleSnake,Orochimaru,outfit,epic,,Naruto,3,3,2022-06-21T08:49:54Z
2026-09-08,v2:/afd51965ce8acdc27620df95870a9c2c7fd19d2802dd4dca4d3c4c2d2d2ec5f3,"[VIRTUAL]1 x Itachi Uchiha, 1 x Black Ops Mask, 1 x Orochimaru, 1 x Islandbound Ninja for -1 MtxCurrency",3100,2200,900,0.2903,1,2026-09-07T00:00:00Z,2026-09-10T23:59:59.999Z,1,0,-1,Naruto,Naruto,194,tileGrid,Size_2_x_1,Bundle includes loading screen! <highlight>OROCHIMARU</> can use the built-in <highlight>STRIKING SHADOW SNAKES</> Emote with his default style!,1,ITACHI & OROCHIMARU BUNDLE,4,br,LSID_456_Ensemble_BusGroup,Islandbound Ninja,loadingscreen,uncommon,,Naruto,3,3,2022-06-21T08:49:54Z
2026-09-08,v2:/74781d2ad6a2c9ef093435fde860eacda88bf8b1c2fce1351649a69cbf35bb00,[VIRTUAL]1 x DÁKITI for 500 MtxCurrency,500,500,0,0.0,0,2026-09-01T00:00:00Z,2026-09-17T23:59:59.999Z,1,0,-68,JT090826,Jam Tracks,179,expandableList,Size_1_x_1,,0,,1,track,sid_placeholder_140,DÁKITI,,,,,,,2024-06-28T00:00:00Z
2026-09-08,v2:/43b0ad656a0d0961f866488389d54fc72610abe669d280d949c2593f7f0375ef,[VIRTUAL]1 x Crash's Wumpa Mace for 800 MtxCurrency,800,800,0,0.0,0,2026-08-29T00:00:00Z,2026-09-11T23:59:59.999Z,1,0,-2,CrashSpyro1,Crash Bandicoot & Spyro the Dragon,186,tileGrid,Size_1_x_1,,0,,1,br,Pickaxe_SpruceBark,Crash's Wumpa Mace,pickaxe,gaminglegends,Gaming Legends Series,Crash Bandicoot,7,4,2026-08-27T13:00:15Z
2026-09-08,v2:/32f0b6260451179f97fa50875cb4df31f95bb1a188a02323b0dab5ffba2258d4,[VIRTUAL]1 x TBD (SID_Placeholder_528) for 500 MtxCurrency,500,500,0,0.0,0,2026-09-01T00:00:00Z,2026-09-17T23:59:59.999Z,1,0,-24,JT090826,Jam Tracks,179,expandableList,Size_1_x_1,,0,,1,track,sid_placeholder_528,I Want It That Way,,,,,,,2025-03-06T14:32:03Z
2026-09-08,v2:/9431fa76160b83ab61af06f4e810e082dcfa5015d8118af62b1beaa96a0d30a3,[VIRTUAL]1 x Hidan's Scythe for 800 MtxCurrency,800,800,0,0.0,0,2026-09-07T00:00:00Z,2026-09-10T23:59:59.999Z,1,0,-4,Naruto,Naruto,194,tileGrid,Size_1_x_1,,0,,1,br,Pickaxe_ID_706_HeadbandStandAloneMale,Hidan's Scythe,pickaxe,rare,,Naruto,2,8,2021-11-16T09:00:00Z
2026-09-08,v2:/02665089a2d825d56573a2523a9d13e001d758ee4a8009ac347e145becc1c9d6,[VIRTUAL]1 x Scarlet Commander for 800 MtxCurrency,800,800,0,0.0,0,2026-09-08T00:00:00Z,2026-09-14T23:59:59.999Z,1,0,-3,NS090826,No Sweat,187,tileGrid,Size_1_x_1,,0,,1,br,CID_734_Athena_Commando_F_BannerRed,Scarlet Commander,outfit,uncommon,,Nightfire,2,2,2020-03-17T11:00:47Z
2026-09-08,v2:/0e0f13c645df2487289aac3152ce197978bcfecaec50facc7a2be43b89de39c5,"[VIRTUAL]1 x Fishstick, 1 x Saltwater Satchel for -1 MtxCurrency",1200,1200,0,0.0,0,2026-09-08T00:00:00Z,2026-09-14T23:59:59.999Z,1,0,-1,NS090826,No Sweat,187,tileGrid,Size_1_x_1,,0,,2,br,CID_315_Athena_Commando_M_TeriyakiFish,Fishstick,outfit,rare,,Fish Food,1,7,2019-11-20T12:50:09Z
2026-09-08,v2:/0e0f13c645df2487289aac3152ce197978bcfecaec50facc7a2be43b89de39c5,"[VIRTUAL]1 x Fishstick, 1 x Saltwater Satchel for -1 MtxCurrency",1200,1200,0,0.0,0,2026-09-08T00:00:00Z,2026-09-14T23:59:59.999Z,1,0,-1,NS090826,No Sweat,187,tileGrid,Size_1_x_1,,0,,2,br,BID_193_TeriyakiFishMale,Saltwater Satchel,backpack,rare,,Fish Food,1,7,2019-11-20T12:50:36Z
2026-09-08,v2:/2cd9b628c6d33f9875641334cd97787610f8774d71cd5c10a02a57aa2317761c,"[VIRTUAL]1 x Fractal Midas, 1 x Fractured SHADOW Pack, 1 x Gilded Splinter, 1 x Continue? Coin, 1 x Faceted Gold for -1 MtxCurrency",3100,2000,1100,0.3548,1,2026-09-06T00:00:00Z,2026-09-12T23:59:59.999Z,1,0,-1,FND090826,Spotlight Drops,191,tileGrid,Size_2_x_1,,1,Fractal Midas' Bundle,5,br,Character_GlintRush,Fractal Midas,outfit,epic,,Fractal Heroes,7,4,2026-09-03T15:24:18Z
2026-09-08,v2:/2cd9b628c6d33f9875641334cd97787610f8774d71cd5c10a02a57aa2317761c,"[VIRTUAL]1 x Fractal Midas, 1 x Fractured SHADOW Pack, 1 x Gilded Splinter, 1 x Continue? Coin, 1 x Faceted Gold for -1 MtxCurrency",3100,2000,1100,0.3548,1,2026-09-06T00:00:00Z,2026-09-12T23:59:59.999Z,1,0,-1,FND090826,Spotlight Drops,191,tileGrid,Size_2_x_1,,1,Fractal Midas' Bundle,5,br,Backpack_GlintRush,Fractured SHADOW Pack,backpack,rare,,Fractal Heroes,7,4,2026-09-03T15:24:18Z
2026-09-08,v2:/2cd9b628c6d33f9875641334cd97787610f8774d71cd5c10a02a57aa2317761c,"[VIRTUAL]1 x Fractal Midas, 1 x Fractured SHADOW Pack, 1 x Gilded Splinter, 1 x Continue? Coin, 1 x Faceted Gold for -1 MtxCurrency",3100,2000,1100,0.3548,1,2026-09-06T00:00:00Z,2026-09-12T23:59:59.999Z,1,0,-1,FND090826,Spotlight Drops,191,tileGrid,Size_2_x_1,,1,Fractal Midas' Bundle,5,br,Pickaxe_GlintRush,Gilded Splinter,pickaxe,rare,,Fractal Heroes,7,4,2026-09-03T15:24:18Z
2026-09-08,v2:/2cd9b628c6d33f9875641334cd97787610f8774d71cd5c10a02a57aa2317761c,"[VIRTUAL]1 x Fractal Midas, 1 x Fractured SHADOW Pack, 1 x Gilded Splinter, 1 x Continue? Coin, 1 x Faceted Gold for -1 MtxCurrency",3100,2000,1100,0.3548,1,2026-09-06T00:00:00Z,2026-09-12T23:59:59.999Z,1,0,-1,FND090826,Spotlight Drops,191,tileGrid,Size_2_x_1,,1,Fractal Midas' Bundle,5,br,EID_GlintRush,Continue? Coin,emote,uncommon,,Fractal Heroes,7,4,2026-09-03T15:24:18Z
2026-09-08,v2:/2cd9b628c6d33f9875641334cd97787610f8774d71cd5c10a02a57aa2317761c,"[VIRTUAL]1 x Fractal Midas, 1 x Fractured SHADOW Pack, 1 x Gilded Splinter, 1 x Continue? Coin, 1 x Faceted Gold for -1 MtxCurrency",3100,2000,1100,0.3548,1,2026-09-06T00:00:00Z,2026-09-12T23:59:59.999Z,1,0,-1,FND090826,Spotlight Drops,191,tileGrid,Size_2_x_1,,1,Fractal Midas' Bundle,5,br,Wrap_GlintRush,Faceted Gold,wrap,rare,,Fractal Heroes,7,4,2026-09-03T15:24:18Z
2026-09-08,v2:/d0d8fe4b67f9254c960f421b000041225cd5b2aa4cc4e47ed454fa0708d42df2,[VIRTUAL]1 x Industry Baby for 500 MtxCurrency,500,500,0,0.0,0,2026-09-01T00:00:00Z,2026-09-17T23:59:59.999Z,1,0,-25,JT090826,Jam Tracks,179,expandableList,Size_1_x_1,,0,,1,track,sid_placeholder_09,Industry Baby,,,,,,,2024-11-07T17:50:41Z
2026-09-08,v2:/0794124438ec3c4059d95cdfe1365d20d6df9e7c6f4da1dc4d06c792de1d4a39,[VIRTUAL]1 x Snake Sword for 300 MtxCurrency,300,300,0,0.0,0,2026-09-07T00:00:00Z,2026-09-10T23:59:59.999Z,1,0,-1,,,,,Size_2_x_1,,0,,1,br,Pickaxe_ID_705_HeadbandSMale1H,Snake Sword,pickaxe,epic,,Naruto,2,8,2021-11-16T09:00:00Z
2026-09-08,v2:/186f47aae8ca01517cfb30f2341ddb50905c599d27709d785c232e4556800bf3,"[VIRTUAL]1 x Scorpion's Flaming Skull, 1 x Scorpion's Twin Katana for 800 MtxCurrency",800,800,0,0.0,0,2026-09-06T00:00:00Z,2026-09-12T23:59:59.999Z,1,0,-1,MortalKombat1,Mortal Kombat,192,tileGrid,Size_1_x_1,,0,,2,br,Backpack_SoapPocket,Scorpion's Flaming Skull,backpack,gaminglegends,Gaming Legends Series,Klassic Kombat,6,2,2025-03-27T15:08:18Z
2026-09-08,v2:/186f47aae8ca01517cfb30f2341ddb50905c599d27709d785c232e4556800bf3,"[VIRTUAL]1 x Scorpion's Flaming Skull, 1 x Scorpion's Twin Katana for 800 MtxCurrency",800,800,0,0.0,0,2026-09-06T00:00:00Z,2026-09-12T23:59:59.999Z,1,0,-1,MortalKombat1,Mortal Kombat,192,tileGrid,Size_1_x_1,,0,,2,br,Pickaxe_SoapPocket,Scorpion's Twin Katana,pickaxe,gaminglegends,Gaming Legends Series,Klassic Kombat,6,2,2025-03-27T15:08:18Z
2026-09-08,v2:/f42fd16a0f9d70f1309a6f19bebb17099f8c2a8df35c975cc063aa16735553ff,[VIRTUAL]1 x Crash's Victory for 500 MtxCurrency,500,500,0,0.0,0,2026-08-29T00:00:00Z,2026-09-11T23:59:59.999Z,1,0,-1,CrashSpyro1,Crash Bandicoot & Spyro the Dragon,186,tileGrid,Size_1_x_1,,0,,1,br,EID_SpruceBark,Crash's Victory,emote,gaminglegends,Gaming Legends Series,Crash Bandicoot,7,4,2026-08-26T23:33:06Z
2026-09-08,v2:/1ed2b0ac25ee8c0a3cebb2349ccbc3d3ac3e9c8fddf3f320a196e1b7bb2849fb,[VIRTUAL]1 x Kiss Me More for 500 MtxCurrency,500,500,0,0.0,0,2026-09-01T00:00:00Z,2026-09-17T23:59:59.999Z,1,0,-48,JT090826,Jam Tracks,179,expandableList,Size_1_x_1,,0,,1,track,sid_placeholder_168,Kiss Me More,,,,,,,2024-05-07T14:47:23Z
2026-09-08,v2:/8a3fd13a3ccabe0effd4a7ac2d254122bc7c2e2cdf7cff31a1686d6d19e00ff2,[VIRTUAL]1 x Air Jordan 13 Retro 'Flint' for 1000 MtxCurrency,1000,1000,0,0.0,0,2026-09-04T00:00:00Z,2026-09-10T23:59:59.999Z,1,0,-1,FND090826,Spotlight Drops,191,tileGrid,Size_1_x_1,,0,,1,br,Shoes_TugBlooperCurt,Air Jordan 13 Retro 'Flint',shoe,uncommon,,Jordan Shoes,7,4,2026-09-04T00:00:00Z
2026-09-08,v2:/55f19782231b671275b84e9113e6b56ea3bcefaf7ad05677cf233cfd033368f7,[VIRTUAL]1 x Armored Brite Bag for 400 MtxCurrency,400,400,0,0.0,0,2026-09-04T00:00:00Z,2026-09-10T23:59:59.999Z,1,0,-3,FND090826,Spotlight Drops,191,tileGrid,Size_1_x_1,,0,,1,br,Backpack_DyeBlast,Armored Brite Bag,backpack,rare,,Fractal Heroes,7,4,2026-09-03T15:24:18Z
2026-09-08,v2:/3353591c7b1f153dda74dbec1df3557e560d577b01fd3dcd829ef1f10146ff52,"[VIRTUAL]1 x The Scout, 1 x DRG Backpack, 1 x Miner's Shanty, 1 x Rock and Stone, 1 x Company Standard, 1 x Scout's Favorite for -1 MtxCurrency",3200,1800,1400,0.4375,1,2026-09-08T00:00:00Z,2026-09-11T23:59:59.999Z,1,0,-1,DRG,Deep Rock Galactic,193,tileGrid,Size_2_x_1,,1,Deep Rock Galactic Bundle,6,br,Character_CampusSire,The Scout,outfit,gaminglegends,Gaming Legends Series,Deep Rock Galactic,6,5,2025-08-30T00:00:00Z
2026-09-08,v2:/3353591c7b1f153dda74dbec1df3557e560d577b01fd3dcd829ef1f10146ff52,"[VIRTUAL]1 x The Scout, 1 x DRG Backpack, 1 x Miner's Shanty, 1 x Rock and Stone, 1 x Company Standard, 1 x Scout's Favorite for -1 MtxCurrency",3200,1800,1400,0.4375,1,2026-09-08T00:00:00Z,2026-09-11T23:59:59.999Z,1,0,-1,DRG,Deep Rock Galactic,193,tileGrid,Size_2_x_1,,1,Deep Rock Galactic Bundle,6,br,Backpack_CampusSire,DRG Backpack,backpack,gaminglegends,Gaming Legends Series,Deep Rock Galactic,6,5,2025-08-30T00:00:00Z
2026-09-08,v2:/3353591c7b1f153dda74dbec1df3557e560d577b01fd3dcd829ef1f10146ff52,"[VIRTUAL]1 x The Scout, 1 x DRG Backpack, 1 x Miner's Shanty, 1 x Rock and Stone, 1 x Company Standard, 1 x Scout's Favorite for -1 MtxCurrency",3200,1800,1400,0.4375,1,2026-09-08T00:00:00Z,2026-09-11T23:59:59.999Z,1,0,-1,DRG,Deep Rock Galactic,193,tileGrid,Size_2_x_1,,1,Deep Rock Galactic Bundle,6,br,EID_CampusSire,Miner's Shanty,emote,gaminglegends,Gaming Legends Series,Deep Rock Galactic,6,5,2025-08-30T00:00:00Z
2026-09-08,v2:/3353591c7b1f153dda74dbec1df3557e560d577b01fd3dcd829ef1f10146ff52,"[VIRTUAL]1 x The Scout, 1 x DRG Backpack, 1 x Miner's Shanty, 1 x Rock and Stone, 1 x Company Standard, 1 x Scout's Favorite for -1 MtxCurrency",3200,1800,1400,0.4375,1,2026-09-08T00:00:00Z,2026-09-11T23:59:59.999Z,1,0,-1,DRG,Deep Rock Galactic,193,tileGrid,Size_2_x_1,,1,Deep Rock Galactic Bundle,6,br,EID_CampusSire_Gem,Rock and Stone,emote,gaminglegends,Gaming Legends Series,Deep Rock Galactic,6,5,2025-08-30T00:00:00Z
2026-09-08,v2:/3353591c7b1f153dda74dbec1df3557e560d577b01fd3dcd829ef1f10146ff52,"[VIRTUAL]1 x The Scout, 1 x DRG Backpack, 1 x Miner's Shanty, 1 x Rock and Stone, 1 x Company Standard, 1 x Scout's Favorite for -1 MtxCurrency",3200,1800,1400,0.4375,1,2026-09-08T00:00:00Z,2026-09-11T23:59:59.999Z,1,0,-1,DRG,Deep Rock Galactic,193,tileGrid,Size_2_x_1,,1,Deep Rock Galactic Bundle,6,br,Pickaxe_CampusSire,Company Standard,pickaxe,gaminglegends,Gaming Legends Series,Deep Rock Galactic,6,5,2025-08-30T00:00:00Z
2026-09-08,v2:/3353591c7b1f153dda74dbec1df3557e560d577b01fd3dcd829ef1f10146ff52,"[VIRTUAL]1 x The Scout, 1 x DRG Backpack, 1 x Miner's Shanty, 1 x Rock and Stone, 1 x Company Standard, 1 x Scout's Favorite for -1 MtxCurrency",3200,1800,1400,0.4375,1,2026-09-08T00:00:00Z,2026-09-11T23:59:59.999Z,1,0,-1,DRG,Deep Rock Galactic,193,tileGrid,Size_2_x_1,,1,Deep Rock Galactic Bundle,6,br,Wrap_CampusSire,Scout's Favorite,wrap,rare,,Deep Rock Galactic,6,5,2025-08-30T00:00:00Z
2026-09-08,v2:/62f9e2bf5e9eeb75ba3c59a04f6ebfee013df0343b1b512df24b4e38aacf65ca,"[VIRTUAL]1 x Loserfruit, 1 x Buddy Bag for -1 MtxCurrency",1500,1500,0,0.0,0,2026-09-08T00:00:00Z,2026-09-10T23:59:59.999Z,1,0,-2,Loserfruit,Loserfruit,178,tileGrid,Size_1_x_1,,0,,2,br,CID_764_Athena_Commando_F_Loofah,Loserfruit,outfit,icon,Icon Series,Loserfruit,2,3,2020-06-21T09:01:14Z
2026-09-08,v2:/62f9e2bf5e9eeb75ba3c59a04f6ebfee013df0343b1b512df24b4e38aacf65ca,"[VIRTUAL]1 x Loserfruit, 1 x Buddy Bag for -1 MtxCurrency",1500,1500,0,0.0,0,2026-09-08T00:00:00Z,2026-09-10T23:59:59.999Z,1,0,-2,Loserfruit,Loserfruit,178,tileGrid,Size_1_x_1,,0,,2,br,BID_527_Loofah,Buddy Bag,backpack,icon,Icon Series,Loserfruit,2,3,2020-06-21T09:01:14Z
2026-09-08,v2:/90a7643c15f47f1af71f4a921fc32772a7e71da854beefeb05cffa0ebaf69d30,"[VIRTUAL]1 x Golden Nemesis, 1 x Golden Nemesis, 1 x Golden Nemesis for 800 MtxCurrency",800,800,0,0.0,0,2026-09-05T00:00:00Z,2026-09-11T23:59:59.999Z,1,0,-4,Unvaulted,Unvaulted,190,tileGrid,Size_1_x_1,,0,,3,br,Backpack_GoldCat_Bass,Golden Nemesis,backpack,rare,,Swole 'n Gold,,,2025-05-22T01:55:14Z
2026-09-08,v2:/90a7643c15f47f1af71f4a921fc32772a7e71da854beefeb05cffa0ebaf69d30,"[VIRTUAL]1 x Golden Nemesis, 1 x Golden Nemesis, 1 x Golden Nemesis for 800 MtxCurrency",800,800,0,0.0,0,2026-09-05T00:00:00Z,2026-09-11T23:59:59.999Z,1,0,-4,Unvaulted,Unvaulted,190,tileGrid,Size_1_x_1,,0,,3,br,Pickaxe_GoldCat_Bass,Golden Nemesis,pickaxe,rare,,Swole 'n Gold,,,2025-05-22T01:55:14Z
2026-09-08,v2:/90a7643c15f47f1af71f4a921fc32772a7e71da854beefeb05cffa0ebaf69d30,"[VIRTUAL]1 x Golden Nemesis, 1 x Golden Nemesis, 1 x Golden Nemesis for 800 MtxCurrency",800,800,0,0.0,0,2026-09-05T00:00:00Z,2026-09-11T23:59:59.999Z,1,0,-4,Unvaulted,Unvaulted,190,tileGrid,Size_1_x_1,,0,,3,instrument,Sparks_Bass_GoldCat,Golden Nemesis,bass,common,,,,,2024-11-02T17:08:05Z
2026-09-08,v2:/9dc350a583001d0bd3e772ce6b4d50e0b04334749ba3dd3a3da819254a419b31,[VIRTUAL]1 x Raiden's Amulet for 400 MtxCurrency,400,400,0,0.0,0,2026-09-06T00:00:00Z,2026-09-12T23:59:59.999Z,1,0,-2,MortalKombat1,Mortal Kombat,192,tileGrid,Size_1_x_1,Reacts to eliminations!,0,,1,br,Backpack_TotalFlock,Raiden's Amulet,backpack,gaminglegends,Gaming Legends Series,Klassic Kombat,6,2,2025-03-27T15:08:18Z
2026-09-08,v2:/b388e092cb980f67efa983d7962786b8ec4c707356d98304a3f2277984ed8bc1,[VIRTUAL]1 x The Scout for 1200 MtxCurrency,1200,1200,0,0.0,0,2026-09-08T00:00:00Z,2026-09-11T23:59:59.999Z,1,0,-2,DRG,Deep Rock Galactic,193,tileGrid,Size_1_x_1,,0,,1,br,Character_CampusSire,The Scout,outfit,gaminglegends,Gaming Legends Series,Deep Rock Galactic,6,5,2025-08-30T00:00:00Z
2026-09-08,v2:/197dab3ccd39197c97841b7a265370ade5a578246e648cfa41699d81a82f040e,[VIRTUAL]1 x Buddy Bag for 300 MtxCurrency,300,300,0,0.0,0,2026-09-08T00:00:00Z,2026-09-10T23:59:59.999Z,1,0,-1,,,,,Size_1_x_1,,0,,1,br,BID_527_Loofah,Buddy Bag,backpack,icon,Icon Series,Loserfruit,2,3,2020-06-21T09:01:14Z
2026-09-08,v2:/bae9c837250d401408b738e991e05cc7938bc8feca24b1de40e33c727ce4e956,[VIRTUAL]1 x CHIHIRO for 500 MtxCurrency,500,500,0,0.0,0,2026-09-01T00:00:00Z,2026-09-17T23:59:59.999Z,1,0,-55,JT090826,Jam Tracks,179,expandableList,Size_1_x_1,,0,,1,track,sid_placeholder_218,CHIHIRO,,,,,,,2024-05-17T18:21:48Z
2026-09-08,v2:/b8161b8c31e32cbcd86c7d833f7fb8bd37d18a874e066102976f27b76b15d275,[VIRTUAL]1 x TBD (SID_Placeholder_811) for 500 MtxCurrency,500,500,0,0.0,0,2026-09-04T00:00:00Z,2026-09-10T23:59:59.999Z,1,0,-4,JT090826,Jam Tracks,179,tileGrid,Size_1_x_1,,0,,1,track,sid_placeholder_811,DAISIES,,,,,,,2026-06-09T14:22:51Z
2026-09-08,v2:/f5ee1e5daa038163914fcce5032b49593657820bd59007c3e7fc4f24f49a2244,[VIRTUAL]1 x Aku Aku for 600 MtxCurrency,600,600,0,0.0,0,2026-08-29T00:00:00Z,2026-09-11T23:59:59.999Z,1,0,-3,CrashSpyro1,Crash Bandicoot & Spyro the Dragon,186,tileGrid,Size_1_x_1,"Backbling reacts to gliding, damage, eliminations, opening chests, and more!",0,,1,br,Backpack_SpruceBark,Aku Aku,backpack,gaminglegends,Gaming Legends Series,Crash Bandicoot,7,4,2026-08-27T13:00:15Z
2026-09-08,v2:/9b6e9ce50daab929fe7c46d94ee18f071427ec422781bdd4a66902cbab5a3df0,[VIRTUAL]1 x Feline Dagger for 300 MtxCurrency,300,300,0,0.0,0,2026-09-05T00:00:00Z,2026-09-11T23:59:59.999Z,1,0,-4,Unvaulted,Unvaulted,190,tileGrid,Size_1_x_1,,0,,1,br,Backpack_GoldCat,Feline Dagger,backpack,rare,,Swole 'n Gold,2,Remix,2024-11-02T17:09:31Z
2026-09-08,v2:/7afc25aeca1890616a0b16ae9cc10c68cb4ba35c1d1ddd2b7bafd5ca84e3d549,[VIRTUAL]1 x Fractal Cat for 1200 MtxCurrency,1200,1200,0,0.0,0,2026-09-04T00:00:00Z,2026-09-12T23:59:59.999Z,1,0,-5,FND090826,Spotlight Drops,191,tileGrid,Size_1_x_1,This Sidekick includes quests that unlock new items upon completion!,0,,1,br,Companion_FacetWhisk,Fractal Cat,sidekick,uncommon,,,7,4,2026-09-03T15:24:18Z
2026-09-08,v2:/fa79d4995ad8b815129b30f3214640e0f0cbf9af66e748907415b882ad628c77,[VIRTUAL]1 x Hammy for 1200 MtxCurrency,1200,1200,0,0.0,0,2026-09-06T00:00:00Z,2026-09-12T23:59:59.999Z,1,0,-1,FND090826,Spotlight Drops,191,tileGrid,Size_1_x_1,This Sidekick includes quests that unlock new items upon completion!,0,,1,br,Companion_PouchGnaw,Hammy,sidekick,uncommon,,,7,4,2026-09-03T15:24:18Z
2026-09-08,v2:/c84cccea9ccebdcee680302f168d86f812ab09ba6aa5a6eda2c919480d66655f,[VIRTUAL]1 x Doodle-Doo for 1200 MtxCurrency,1200,1200,0,0.0,0,2026-09-08T00:00:00Z,2026-09-13T23:59:59.999Z,1,0,-3,BR090826,Full Flex,184,tileGrid,Size_1_x_1,This Sidekick includes quests that unlock new items upon completion!,0,,1,br,Companion_EggBawk,Doodle-Doo,sidekick,uncommon,,Coop Co-Op,7,1,2025-12-11T16:07:07Z
